timestamp,xhci8,xhci1,xhci2,xhci0,xhci9,xhci5,xhci4,xhci3,xhci7,xhci6,max,min,avg
0,0.0618,0.0618,0.0618,0.0618,0.0618,0.0618,0.0618,0.0618,0.0618,0.0618,0.0618,0.0618,0.0618
4,0.0618,0.1291,0.1291,0.1291,0.0618,0.1291,0.1291,0.1291,0.0618,0.1291,0.1291,0.0618,0.1089
5,0.1291,0.2668,0.295,0.2722,0.1291,0.2939,0.269,0.2701,0.1291,0.2928,0.295,0.1291,0.2347
6,0.2581,0.2972,0.295,0.2961,0.2863,0.295,0.2755,0.2928,0.2614,0.2961,0.2972,0.2581,0.2854
7,0.269,0.2972,0.2972,0.2961,0.295,0.2961,0.2755,0.295,0.269,0.2993,0.2993,0.269,0.2889
8,0.2961,0.2972,0.2972,0.2961,0.2972,0.2972,0.2961,0.2961,0.2755,0.2993,0.2993,0.2755,0.2948
9,0.2972,0.2972,0.2972,0.2972,0.2972,0.2972,0.2972,0.2961,0.2755,0.2993,0.2993,0.2755,0.2951
10,0.2972,0.2972,0.2972,0.2972,0.2972,0.2972,0.2972,0.2961,0.2972,0.2993,0.2993,0.2961,0.2973
11,0.2972,0.2972,0.2972,0.2972,0.2972,0.2972,0.2972,0.2972,0.2972,0.2993,0.2993,0.2972,0.2974
12,0.2972,0.2972,0.2972,0.2972,0.2972,0.2972,0.2972,0.2972,0.2972,0.2993,0.2993,0.2972,0.2974
13,0.2972,0.2972,0.2972,0.2972,0.2972,0.2972,0.2972,0.2972,0.2972,0.2993,0.2993,0.2972,0.2974
14,0.2972,0.2972,0.2972,0.2972,0.2972,0.2972,0.2972,0.2972,0.2972,0.2993,0.2993,0.2972,0.2974
15,0.2972,0.2972,0.2972,0.2972,0.2972,0.2972,0.2972,0.2972,0.2972,0.2993,0.2993,0.2972,0.2974
16,0.2972,0.2972,0.2972,0.2972,0.2972,0.2972,0.2972,0.2972,0.2972,0.2993,0.2993,0.2972,0.2974
17,0.2972,0.2972,0.2972,0.2972,0.2972,0.2972,0.2972,0.2972,0.2972,0.2993,0.2993,0.2972,0.2974
18,0.2972,0.2972,0.2972,0.2972,0.2972,0.2972,0.2972,0.2972,0.2972,0.2993,0.2993,0.2972,0.2974
19,0.2972,0.2972,0.2972,0.2972,0.2972,0.2972,0.2972,0.2972,0.2972,0.3004,0.3004,0.2972,0.2975
20,0.2972,0.2972,0.2972,0.2972,0.2972,0.2972,0.2972,0.2972,0.2972,0.3004,0.3004,0.2972,0.2975
21,0.2972,0.2972,0.2972,0.2972,0.2972,0.2972,0.2972,0.2972,0.2972,0.3004,0.3004,0.2972,0.2975
22,0.2972,0.2972,0.2972,0.2972,0.2972,0.2972,0.2972,0.2972,0.2972,0.3004,0.3004,0.2972,0.2975
23,0.2972,0.2972,0.2972,0.2972,0.2972,0.2972,0.2972,0.2972,0.2972,0.3004,0.3004,0.2972,0.2975
24,0.2972,0.2972,0.2972,0.2972,0.2972,0.2972,0.2972,0.2972,0.2972,0.3004,0.3004,0.2972,0.2975
25,0.2972,0.2972,0.2972,0.2972,0.2972,0.2972,0.2972,0.2972,0.2972,0.3004,0.3004,0.2972,0.2975
26,0.2972,0.2972,0.2972,0.2972,0.2972,0.2972,0.2972,0.2972,0.2972,0.3004,0.3004,0.2972,0.2975
27,0.2972,0.2972,0.2972,0.2972,0.2972,0.2972,0.2972,0.2972,0.2972,0.3004,0.3004,0.2972,0.2975
28,0.2972,0.2972,0.2972,0.2972,0.2972,0.2972,0.2972,0.2972,0.2972,0.3004,0.3004,0.2972,0.2975
29,0.2972,0.2972,0.2972,0.2972,0.2972,0.2972,0.2972,0.2972,0.2972,0.3004,0.3004,0.2972,0.2975
30,0.2972,0.2972,0.2972,0.2972,0.2972,0.2972,0.2972,0.2972,0.2972,0.3004,0.3004,0.2972,0.2975
31,0.2972,0.2972,0.2972,0.2972,0.2972,0.2972,0.2972,0.2972,0.2972,0.3004,0.3004,0.2972,0.2975
32,0.2972,0.2972,0.2972,0.2972,0.2972,0.2972,0.2972,0.2972,0.2972,0.3004,0.3004,0.2972,0.2975
33,0.2972,0.2972,0.2972,0.2972,0.2972,0.2972,0.2972,0.2972,0.2972,0.3004,0.3004,0.2972,0.2975
34,0.2972,0.2972,0.2972,0.2972,0.2972,0.2972,0.2972,0.2972,0.2972,0.3004,0.3004,0.2972,0.2975
35,0.2972,0.2972,0.2972,0.2972,0.2972,0.2972,0.2972,0.2972,0.2972,0.3004,0.3004,0.2972,0.2975
36,0.2972,0.2972,0.2972,0.2972,0.2972,0.2972,0.2972,0.2972,0.2972,0.3004,0.3004,0.2972,0.2975
37,0.2972,0.2972,0.2972,0.2972,0.2972,0.2972,0.2972,0.2972,0.2972,0.3004,0.3004,0.2972,0.2975
38,0.2972,0.2972,0.2972,0.2972,0.2972,0.2972,0.2972,0.2972,0.2972,0.3004,0.3004,0.2972,0.2975
39,0.2972,0.2972,0.2972,0.2972,0.2972,0.2972,0.2972,0.2972,0.2972,0.3004,0.3004,0.2972,0.2975
40,0.2972,0.2972,0.2972,0.2972,0.2972,0.2972,0.2972,0.2972,0.2972,0.3004,0.3004,0.2972,0.2975
41,0.2972,0.2972,0.2972,0.2972,0.2972,0.2972,0.2972,0.2972,0.2972,0.3004,0.3004,0.2972,0.2975
42,0.2972,0.2972,0.2972,0.2972,0.2972,0.2972,0.2972,0.2972,0.2972,0.3004,0.3004,0.2972,0.2975
43,0.2972,0.2972,0.2972,0.2972,0.2972,0.2972,0.2972,0.2972,0.2972,0.3004,0.3004,0.2972,0.2975
44,0.2972,0.2972,0.2972,0.2972,0.2972,0.2972,0.2972,0.2972,0.2972,0.3004,0.3004,0.2972,0.2975
45,0.2972,0.2972,0.2972,0.2972,0.2972,0.2972,0.2972,0.2972,0.2972,0.3004,0.3004,0.2972,0.2975
46,0.2972,0.2972,0.2972,0.2972,0.2972,0.2972,0.2972,0.2972,0.2972,0.3004,0.3004,0.2972,0.2975
47,0.2972,0.2972,0.2972,0.2972,0.2972,0.2972,0.2972,0.2972,0.2972,0.3004,0.3004,0.2972,0.2975
48,0.2972,0.2972,0.2972,0.2972,0.2972,0.2972,0.2972,0.2972,0.2972,0.3004,0.3004,0.2972,0.2975
49,0.2972,0.2972,0.2972,0.2972,0.2972,0.2972,0.2972,0.2972,0.2972,0.3004,0.3004,0.2972,0.2975
50,0.2972,0.2972,0.2972,0.2972,0.2972,0.2972,0.2972,0.2972,0.2972,0.3004,0.3004,0.2972,0.2975
51,0.2972,0.2972,0.2972,0.2972,0.2972,0.2972,0.2972,0.2972,0.2972,0.3004,0.3004,0.2972,0.2975
52,0.2972,0.2972,0.2972,0.2972,0.2972,0.2972,0.2972,0.2972,0.2972,0.3004,0.3004,0.2972,0.2975
53,0.2972,0.2972,0.2972,0.2972,0.2972,0.2972,0.2972,0.2972,0.2972,0.3004,0.3004,0.2972,0.2975
54,0.2972,0.2972,0.2972,0.2972,0.2972,0.2972,0.2972,0.2972,0.2972,0.3004,0.3004,0.2972,0.2975
55,0.2972,0.2972,0.2972,0.2972,0.2972,0.2972,0.2972,0.2972,0.2972,0.3004,0.3004,0.2972,0.2975
56,0.2972,0.2972,0.2972,0.2972,0.2972,0.2972,0.2972,0.2972,0.2972,0.3004,0.3004,0.2972,0.2975
57,0.2972,0.2972,0.2972,0.2972,0.2972,0.2972,0.2972,0.2972,0.2972,0.3004,0.3004,0.2972,0.2975
58,0.2972,0.2972,0.2972,0.2972,0.2972,0.2972,0.2972,0.2972,0.2972,0.3004,0.3004,0.2972,0.2975
59,0.2972,0.2972,0.2972,0.2972,0.2972,0.2972,0.2972,0.2972,0.2972,0.3004,0.3004,0.2972,0.2975
60,0.2972,0.2972,0.2972,0.2972,0.2972,0.2972,0.2972,0.2972,0.2972,0.3004,0.3004,0.2972,0.2975
61,0.2972,0.2972,0.2972,0.2972,0.2972,0.2972,0.2972,0.2972,0.2972,0.3004,0.3004,0.2972,0.2975
62,0.2972,0.2972,0.2972,0.2972,0.2972,0.2972,0.2972,0.2972,0.2972,0.3004,0.3004,0.2972,0.2975
63,0.2972,0.2972,0.2972,0.2972,0.2972,0.2972,0.2972,0.2972,0.2972,0.3004,0.3004,0.2972,0.2975
64,0.2972,0.2972,0.2972,0.2972,0.2972,0.2972,0.2972,0.2972,0.2972,0.3004,0.3004,0.2972,0.2975
65,0.2972,0.2972,0.2972,0.2972,0.2972,0.2972,0.2972,0.2972,0.2972,0.3004,0.3004,0.2972,0.2975
66,0.2972,0.2972,0.2972,0.2972,0.2972,0.2972,0.2972,0.2972,0.2972,0.3004,0.3004,0.2972,0.2975
67,0.2972,0.2972,0.2972,0.2972,0.2972,0.2972,0.2972,0.2972,0.2972,0.3004,0.3004,0.2972,0.2975
68,0.2972,0.2972,0.2972,0.2972,0.2972,0.2972,0.2972,0.2972,0.2972,0.3004,0.3004,0.2972,0.2975
69,0.2972,0.2972,0.2972,0.2972,0.2972,0.2972,0.2972,0.2972,0.2972,0.3004,0.3004,0.2972,0.2975
70,0.2972,0.2972,0.2972,0.2972,0.2972,0.2972,0.2972,0.2972,0.2972,0.3004,0.3004,0.2972,0.2975
71,0.2972,0.2972,0.2972,0.2972,0.2972,0.2972,0.2972,0.2972,0.2972,0.3004,0.3004,0.2972,0.2975
72,0.2972,0.2972,0.2972,0.2972,0.2972,0.2972,0.2972,0.2972,0.2972,0.3004,0.3004,0.2972,0.2975
73,0.2972,0.2972,0.2972,0.2972,0.2972,0.2972,0.2972,0.2972,0.2972,0.3004,0.3004,0.2972,0.2975
74,0.2972,0.2972,0.2972,0.2972,0.2972,0.2972,0.2972,0.2972,0.2972,0.3004,0.3004,0.2972,0.2975
75,0.2972,0.2972,0.2972,0.2972,0.2972,0.2972,0.2972,0.2972,0.2972,0.3004,0.3004,0.2972,0.2975
76,0.2972,0.2972,0.2972,0.2972,0.2972,0.2972,0.2972,0.2972,0.2972,0.3004,0.3004,0.2972,0.2975
77,0.2972,0.2972,0.2972,0.2972,0.2972,0.2972,0.2972,0.2972,0.2972,0.3004,0.3004,0.2972,0.2975
78,0.2972,0.2972,0.2972,0.2972,0.2972,0.2972,0.2972,0.2972,0.2972,0.3004,0.3004,0.2972,0.2975
79,0.2972,0.2972,0.2972,0.2972,0.2972,0.2972,0.2972,0.2972,0.2972,0.3004,0.3004,0.2972,0.2975
80,0.2972,0.2972,0.2972,0.2972,0.2972,0.2972,0.2972,0.2972,0.2972,0.3004,0.3004,0.2972,0.2975
81,0.2972,0.2972,0.2972,0.2972,0.2972,0.2972,0.2972,0.2972,0.2972,0.3004,0.3004,0.2972,0.2975
82,0.2972,0.2972,0.2972,0.2972,0.2972,0.2972,0.2972,0.2972,0.2972,0.3004,0.3004,0.2972,0.2975
83,0.2972,0.2972,0.2972,0.2972,0.2972,0.2972,0.2972,0.2972,0.2972,0.3004,0.3004,0.2972,0.2975
84,0.2972,0.2972,0.2972,0.2972,0.2972,0.2972,0.2972,0.2972,0.2972,0.3004,0.3004,0.2972,0.2975
85,0.2972,0.2972,0.2972,0.2972,0.2972,0.2972,0.2972,0.2972,0.2972,0.3004,0.3004,0.2972,0.2975
86,0.2972,0.2972,0.2972,0.2972,0.2972,0.2972,0.2972,0.2972,0.2972,0.3004,0.3004,0.2972,0.2975
87,0.2972,0.2972,0.2972,0.2972,0.2972,0.2972,0.2972,0.2972,0.2972,0.3004,0.3004,0.2972,0.2975
88,0.2972,0.2972,0.2972,0.2972,0.2972,0.2972,0.2972,0.2972,0.2972,0.3004,0.3004,0.2972,0.2975
89,0.2972,0.2972,0.2972,0.2972,0.2972,0.2972,0.2972,0.2972,0.2972,0.3004,0.3004,0.2972,0.2975
90,0.2972,0.2972,0.2972,0.2972,0.2972,0.2972,0.2972,0.2972,0.2972,0.3004,0.3004,0.2972,0.2975
91,0.2972,0.2972,0.2972,0.2972,0.2972,0.2972,0.2972,0.2972,0.2972,0.3004,0.3004,0.2972,0.2975
92,0.2972,0.2972,0.2972,0.2972,0.2972,0.2972,0.2972,0.2972,0.2972,0.3004,0.3004,0.2972,0.2975
93,0.2972,0.2972,0.2972,0.2972,0.2972,0.2972,0.2972,0.2972,0.2972,0.3004,0.3004,0.2972,0.2975
94,0.2972,0.2972,0.2972,0.2972,0.2972,0.2972,0.2972,0.2972,0.2972,0.3004,0.3004,0.2972,0.2975
95,0.2972,0.2972,0.2972,0.2972,0.2972,0.2972,0.2972,0.2972,0.2972,0.3004,0.3004,0.2972,0.2975
96,0.2972,0.2972,0.2972,0.2972,0.2972,0.2972,0.2972,0.2972,0.2972,0.3004,0.3004,0.2972,0.2975
97,0.2972,0.2972,0.2972,0.2972,0.2972,0.2972,0.2972,0.2972,0.2972,0.3004,0.3004,0.2972,0.2975
98,0.2972,0.2972,0.2972,0.2972,0.2972,0.2972,0.2972,0.2972,0.2972,0.3004,0.3004,0.2972,0.2975
99,0.2972,0.2972,0.2972,0.2972,0.2972,0.2972,0.2972,0.2972,0.2972,0.3004,0.3004,0.2972,0.2975
100,0.2972,0.2972,0.2972,0.2972,0.2972,0.2972,0.2972,0.2972,0.2972,0.3004,0.3004,0.2972,0.2975
101,0.2972,0.2972,0.2972,0.2972,0.2972,0.2972,0.2972,0.2972,0.2972,0.3004,0.3004,0.2972,0.2975
102,0.2972,0.2972,0.2972,0.2972,0.2972,0.2972,0.2972,0.2972,0.2972,0.3004,0.3004,0.2972,0.2975
103,0.2972,0.2972,0.2972,0.2972,0.2972,0.2972,0.2972,0.2972,0.2972,0.3004,0.3004,0.2972,0.2975
104,0.2972,0.2972,0.2972,0.2972,0.2972,0.2972,0.2972,0.2972,0.2972,0.3004,0.3004,0.2972,0.2975
105,0.2972,0.2972,0.2972,0.2972,0.2972,0.2972,0.2972,0.2972,0.2972,0.3004,0.3004,0.2972,0.2975
106,0.2972,0.2972,0.2972,0.2972,0.2972,0.2972,0.2972,0.2972,0.2972,0.3004,0.3004,0.2972,0.2975
107,0.2972,0.2972,0.2972,0.2972,0.2972,0.2972,0.2972,0.2972,0.2972,0.3004,0.3004,0.2972,0.2975
108,0.2972,0.2972,0.2972,0.2972,0.2972,0.2972,0.2972,0.2972,0.2972,0.3004,0.3004,0.2972,0.2975
109,0.2972,0.2972,0.2972,0.2972,0.2972,0.2972,0.2972,0.2972,0.2972,0.3004,0.3004,0.2972,0.2975
110,0.2972,0.2972,0.2972,0.2972,0.2972,0.2972,0.2972,0.2972,0.2972,0.3004,0.3004,0.2972,0.2975
111,0.2972,0.2972,0.2972,0.2972,0.2972,0.2972,0.2972,0.2972,0.2972,0.3004,0.3004,0.2972,0.2975
112,0.2972,0.2972,0.2972,0.2972,0.2972,0.2972,0.2972,0.2972,0.2972,0.3004,0.3004,0.2972,0.2975
113,0.2972,0.2972,0.2972,0.2972,0.2972,0.2972,0.2972,0.2972,0.2972,0.3004,0.3004,0.2972,0.2975
114,0.2972,0.2972,0.2972,0.2972,0.2972,0.2972,0.2972,0.2972,0.2972,0.3004,0.3004,0.2972,0.2975
115,0.2972,0.2972,0.2972,0.2972,0.2972,0.2972,0.2972,0.2972,0.2972,0.3004,0.3004,0.2972,0.2975
116,0.2972,0.2972,0.2972,0.2972,0.2972,0.2972,0.2972,0.2972,0.2972,0.3004,0.3004,0.2972,0.2975
117,0.2972,0.2972,0.2972,0.2972,0.2972,0.2972,0.2972,0.2972,0.2972,0.3004,0.3004,0.2972,0.2975
118,0.2972,0.2972,0.2972,0.2972,0.2972,0.2972,0.2972,0.2972,0.2972,0.3004,0.3004,0.2972,0.2975
119,0.2972,0.2972,0.2972,0.2972,0.2972,0.2972,0.2972,0.2972,0.2972,0.3004,0.3004,0.2972,0.2975
120,0.2972,0.2972,0.2972,0.2972,0.2972,0.2972,0.2972,0.2972,0.2972,0.3004,0.3004,0.2972,0.2975
121,0.2972,0.2972,0.2972,0.2972,0.2972,0.2972,0.2972,0.2972,0.2972,0.3004,0.3004,0.2972,0.2975
122,0.2972,0.2972,0.2972,0.2972,0.2972,0.2972,0.2972,0.2972,0.2972,0.3004,0.3004,0.2972,0.2975
123,0.2972,0.2972,0.2972,0.2972,0.2972,0.2972,0.2972,0.2972,0.2972,0.3004,0.3004,0.2972,0.2975
124,0.2972,0.2972,0.2972,0.2972,0.2972,0.2972,0.2972,0.2972,0.2972,0.3004,0.3004,0.2972,0.2975
125,0.2972,0.2972,0.2972,0.2972,0.2972,0.2972,0.2972,0.2972,0.2972,0.3004,0.3004,0.2972,0.2975
126,0.2972,0.2972,0.2972,0.2972,0.2972,0.2972,0.2972,0.2972,0.2972,0.3004,0.3004,0.2972,0.2975
127,0.2972,0.2972,0.2972,0.2972,0.2972,0.2972,0.2972,0.2972,0.2972,0.3004,0.3004,0.2972,0.2975
128,0.2972,0.2972,0.2972,0.2972,0.2972,0.2972,0.2972,0.2972,0.2972,0.3004,0.3004,0.2972,0.2975
129,0.2972,0.2972,0.2972,0.2972,0.2972,0.2972,0.2972,0.2972,0.2972,0.3004,0.3004,0.2972,0.2975
130,0.2972,0.2972,0.2972,0.2972,0.2972,0.2972,0.2972,0.2972,0.2972,0.3004,0.3004,0.2972,0.2975
131,0.2972,0.2972,0.2972,0.2972,0.2972,0.2972,0.2972,0.2972,0.2972,0.3004,0.3004,0.2972,0.2975
132,0.2972,0.2972,0.2972,0.2972,0.2972,0.2972,0.2972,0.2972,0.2972,0.3004,0.3004,0.2972,0.2975
133,0.2972,0.2972,0.2972,0.2972,0.2972,0.2972,0.2972,0.2972,0.2972,0.3004,0.3004,0.2972,0.2975
134,0.2972,0.2972,0.2972,0.2972,0.2972,0.2972,0.2972,0.2972,0.2972,0.3004,0.3004,0.2972,0.2975
135,0.2972,0.2972,0.2972,0.2972,0.2972,0.2972,0.2972,0.2972,0.2972,0.3004,0.3004,0.2972,0.2975
136,0.2972,0.2972,0.2972,0.2972,0.2972,0.2972,0.2972,0.2972,0.2972,0.3004,0.3004,0.2972,0.2975
137,0.2972,0.2972,0.2972,0.2972,0.2972,0.2972,0.2972,0.2972,0.2972,0.3004,0.3004,0.2972,0.2975
138,0.2972,0.2972,0.2972,0.2972,0.2972,0.2972,0.2972,0.2972,0.2972,0.3004,0.3004,0.2972,0.2975
139,0.2972,0.2972,0.2972,0.2972,0.2972,0.2972,0.2972,0.2972,0.2972,0.3004,0.3004,0.2972,0.2975
140,0.2972,0.2972,0.2972,0.2972,0.2972,0.2972,0.2972,0.2972,0.2972,0.3004,0.3004,0.2972,0.2975
141,0.2972,0.2972,0.2972,0.2972,0.2972,0.2972,0.2972,0.2972,0.2972,0.3004,0.3004,0.2972,0.2975
142,0.2972,0.2972,0.2972,0.2972,0.2972,0.2972,0.2972,0.2972,0.2972,0.3004,0.3004,0.2972,0.2975
143,0.2972,0.2972,0.2972,0.2972,0.2972,0.2972,0.2972,0.2972,0.2972,0.3004,0.3004,0.2972,0.2975
144,0.2972,0.2972,0.2972,0.2972,0.2972,0.2972,0.2972,0.2972,0.2972,0.3004,0.3004,0.2972,0.2975
145,0.2972,0.2972,0.2972,0.2972,0.2972,0.2972,0.2972,0.2972,0.2972,0.3004,0.3004,0.2972,0.2975
146,0.2972,0.2972,0.2972,0.2972,0.2972,0.2972,0.2972,0.2972,0.2972,0.3004,0.3004,0.2972,0.2975
147,0.2972,0.2972,0.2972,0.2972,0.2972,0.2972,0.2972,0.2972,0.2972,0.3004,0.3004,0.2972,0.2975
148,0.2972,0.2972,0.2972,0.2972,0.2972,0.2972,0.2972,0.2972,0.2972,0.3004,0.3004,0.2972,0.2975
149,0.2972,0.2972,0.2972,0.2972,0.2972,0.2972,0.2972,0.2972,0.2972,0.3004,0.3004,0.2972,0.2975
150,0.2972,0.2972,0.2972,0.2972,0.2972,0.2972,0.2972,0.2972,0.2972,0.3004,0.3004,0.2972,0.2975
151,0.2972,0.2972,0.2972,0.2972,0.2972,0.2972,0.2972,0.2972,0.2972,0.3004,0.3004,0.2972,0.2975
152,0.2972,0.2972,0.2972,0.2972,0.2972,0.2972,0.2972,0.2972,0.2972,0.3004,0.3004,0.2972,0.2975
153,0.2972,0.2972,0.2972,0.2972,0.2972,0.2972,0.2972,0.2972,0.2972,0.3004,0.3004,0.2972,0.2975
154,0.2972,0.2972,0.2972,0.2972,0.2972,0.2972,0.2972,0.2972,0.2972,0.3004,0.3004,0.2972,0.2975
155,0.2972,0.2972,0.2972,0.2972,0.2972,0.2972,0.2972,0.2972,0.2972,0.3004,0.3004,0.2972,0.2975
156,0.2972,0.2972,0.2972,0.2972,0.2972,0.2972,0.2972,0.2972,0.2972,0.3004,0.3004,0.2972,0.2975
157,0.2972,0.2972,0.2972,0.2972,0.2972,0.2972,0.2972,0.2972,0.2972,0.3004,0.3004,0.2972,0.2975
158,0.2972,0.2972,0.2972,0.2972,0.2972,0.2972,0.2972,0.2972,0.2972,0.3004,0.3004,0.2972,0.2975
159,0.2972,0.2972,0.2972,0.2972,0.2972,0.2972,0.2972,0.2972,0.2972,0.3004,0.3004,0.2972,0.2975
160,0.2972,0.2972,0.2972,0.2972,0.2972,0.2972,0.2972,0.2972,0.2972,0.3004,0.3004,0.2972,0.2975
161,0.2972,0.2972,0.2972,0.2972,0.2972,0.2972,0.2972,0.2972,0.2972,0.3004,0.3004,0.2972,0.2975
162,0.2972,0.2972,0.2972,0.2972,0.2972,0.2972,0.2972,0.2972,0.2972,0.3004,0.3004,0.2972,0.2975
163,0.2972,0.2972,0.2972,0.2972,0.2972,0.2972,0.2972,0.2972,0.2972,0.3004,0.3004,0.2972,0.2975
164,0.2972,0.2972,0.2972,0.2972,0.2972,0.2972,0.2972,0.2972,0.2972,0.3004,0.3004,0.2972,0.2975
165,0.2972,0.2972,0.2972,0.2972,0.2972,0.2972,0.2972,0.2972,0.2972,0.3004,0.3004,0.2972,0.2975
166,0.2972,0.2972,0.2972,0.2972,0.2972,0.2972,0.2972,0.2972,0.2972,0.3004,0.3004,0.2972,0.2975
167,0.2972,0.2972,0.2972,0.2972,0.2972,0.2972,0.2972,0.2972,0.2972,0.3004,0.3004,0.2972,0.2975
168,0.2972,0.2972,0.2972,0.2972,0.2972,0.2972,0.2972,0.2972,0.2972,0.3004,0.3004,0.2972,0.2975
169,0.2972,0.2972,0.2972,0.2972,0.2972,0.2972,0.2972,0.2972,0.2972,0.3004,0.3004,0.2972,0.2975
170,0.2972,0.2972,0.2972,0.2972,0.2972,0.2972,0.2972,0.2972,0.2972,0.3004,0.3004,0.2972,0.2975
171,0.2972,0.2972,0.2972,0.2972,0.2972,0.2972,0.2972,0.2972,0.2972,0.3004,0.3004,0.2972,0.2975
172,0.2972,0.2972,0.2972,0.2972,0.2972,0.2972,0.2972,0.2972,0.2972,0.3004,0.3004,0.2972,0.2975
173,0.2972,0.2972,0.2972,0.2972,0.2972,0.2972,0.2972,0.2972,0.2972,0.3004,0.3004,0.2972,0.2975
174,0.2972,0.2972,0.2972,0.2972,0.2972,0.2972,0.2972,0.2972,0.2972,0.3004,0.3004,0.2972,0.2975
175,0.2972,0.2972,0.2972,0.2972,0.2972,0.2972,0.2972,0.2972,0.2972,0.3004,0.3004,0.2972,0.2975
176,0.2972,0.2972,0.2972,0.2972,0.2972,0.2972,0.2972,0.2972,0.2972,0.3004,0.3004,0.2972,0.2975
177,0.2972,0.2972,0.2972,0.2972,0.2972,0.2972,0.2972,0.2972,0.2972,0.3004,0.3004,0.2972,0.2975
178,0.2972,0.2972,0.2972,0.2972,0.2972,0.2972,0.2972,0.2972,0.2972,0.3004,0.3004,0.2972,0.2975
179,0.2972,0.2972,0.2972,0.2972,0.2972,0.2972,0.2972,0.2972,0.2972,0.3004,0.3004,0.2972,0.2975
180,0.2972,0.2972,0.2972,0.2972,0.2972,0.2972,0.2972,0.2972,0.2972,0.3004,0.3004,0.2972,0.2975
181,0.2972,0.2972,0.2972,0.2972,0.2972,0.2972,0.2972,0.2972,0.2972,0.3004,0.3004,0.2972,0.2975
182,0.2972,0.2972,0.2972,0.2972,0.2972,0.2972,0.2972,0.2972,0.2972,0.3004,0.3004,0.2972,0.2975
183,0.2972,0.2972,0.2972,0.2972,0.2972,0.2972,0.2972,0.2972,0.2972,0.3004,0.3004,0.2972,0.2975
184,0.2972,0.2972,0.2972,0.2972,0.2972,0.2972,0.2972,0.2972,0.2972,0.3004,0.3004,0.2972,0.2975
185,0.2972,0.2972,0.2972,0.2972,0.2972,0.2972,0.2972,0.2972,0.2972,0.3004,0.3004,0.2972,0.2975
186,0.2972,0.2972,0.2972,0.2972,0.2972,0.2972,0.2972,0.2972,0.2972,0.3004,0.3004,0.2972,0.2975
187,0.2972,0.2972,0.2972,0.2972,0.2972,0.2972,0.2972,0.2972,0.2972,0.3004,0.3004,0.2972,0.2975
188,0.2972,0.2972,0.2972,0.2972,0.2972,0.2972,0.2972,0.2972,0.2972,0.3004,0.3004,0.2972,0.2975
189,0.2972,0.2972,0.2972,0.2972,0.2972,0.2972,0.2972,0.2972,0.2972,0.3004,0.3004,0.2972,0.2975
190,0.2972,0.2972,0.2972,0.2972,0.2972,0.2972,0.2972,0.2972,0.2972,0.3004,0.3004,0.2972,0.2975
191,0.2972,0.2972,0.2972,0.2972,0.2972,0.2972,0.2972,0.2972,0.2972,0.3004,0.3004,0.2972,0.2975
192,0.2972,0.2972,0.2972,0.2972,0.2972,0.2972,0.2972,0.2972,0.2972,0.3004,0.3004,0.2972,0.2975
193,0.2972,0.2972,0.2972,0.2972,0.2972,0.2972,0.2972,0.2972,0.2972,0.3004,0.3004,0.2972,0.2975
194,0.2972,0.2972,0.2972,0.2972,0.2972,0.2972,0.2972,0.2972,0.2972,0.3004,0.3004,0.2972,0.2975
195,0.2972,0.2972,0.2972,0.2972,0.2972,0.2972,0.2972,0.2972,0.2972,0.3004,0.3004,0.2972,0.2975
196,0.2972,0.2972,0.2972,0.2972,0.2972,0.2972,0.2972,0.2972,0.2972,0.3004,0.3004,0.2972,0.2975
197,0.2972,0.2972,0.2972,0.2972,0.2972,0.2972,0.2972,0.2972,0.2972,0.3004,0.3004,0.2972,0.2975
198,0.2972,0.2972,0.2972,0.2972,0.2972,0.2972,0.2972,0.2972,0.2972,0.3004,0.3004,0.2972,0.2975
199,0.2972,0.2972,0.2972,0.2972,0.2972,0.2972,0.2972,0.2972,0.2972,0.3004,0.3004,0.2972,0.2975
200,0.2972,0.2972,0.2972,0.2972,0.2972,0.2972,0.2972,0.2972,0.2972,0.3004,0.3004,0.2972,0.2975
201,0.2972,0.2972,0.2972,0.2972,0.2972,0.2972,0.2972,0.2972,0.2972,0.3004,0.3004,0.2972,0.2975
202,0.2972,0.2972,0.2972,0.2972,0.2972,0.2972,0.2972,0.2972,0.2972,0.3004,0.3004,0.2972,0.2975
203,0.2972,0.2972,0.2972,0.2972,0.2972,0.2972,0.2972,0.2972,0.2972,0.3004,0.3004,0.2972,0.2975
204,0.2972,0.2972,0.2972,0.2972,0.2972,0.2972,0.2972,0.2972,0.2972,0.3004,0.3004,0.2972,0.2975
205,0.2972,0.2972,0.2972,0.2972,0.2972,0.2972,0.2972,0.2972,0.2972,0.3004,0.3004,0.2972,0.2975
206,0.2972,0.2972,0.2972,0.2972,0.2972,0.2972,0.2972,0.2972,0.2972,0.3004,0.3004,0.2972,0.2975
207,0.2972,0.2972,0.2972,0.2972,0.2972,0.2972,0.2972,0.2972,0.2972,0.3004,0.3004,0.2972,0.2975
208,0.2972,0.2972,0.2972,0.2972,0.2972,0.2972,0.2972,0.2972,0.2972,0.3004,0.3004,0.2972,0.2975
209,0.2972,0.2972,0.2972,0.2972,0.2972,0.2972,0.2972,0.2972,0.2972,0.3004,0.3004,0.2972,0.2975
210,0.2972,0.2972,0.2972,0.2972,0.2972,0.2972,0.2972,0.2972,0.2972,0.3004,0.3004,0.2972,0.2975
211,0.2972,0.2972,0.2972,0.2972,0.2972,0.2972,0.2972,0.2972,0.2972,0.3004,0.3004,0.2972,0.2975
212,0.2972,0.2972,0.2972,0.2972,0.2972,0.2972,0.2972,0.2972,0.2972,0.3004,0.3004,0.2972,0.2975
213,0.2972,0.2972,0.2972,0.2972,0.2972,0.2972,0.2972,0.2972,0.2972,0.3004,0.3004,0.2972,0.2975
214,0.2972,0.2972,0.2972,0.2972,0.2972,0.2972,0.2972,0.2972,0.2972,0.3004,0.3004,0.2972,0.2975
215,0.2972,0.2972,0.2972,0.2972,0.2972,0.2972,0.2972,0.2972,0.2972,0.3004,0.3004,0.2972,0.2975
216,0.2972,0.2972,0.2972,0.2972,0.2972,0.2972,0.2972,0.2972,0.2972,0.3004,0.3004,0.2972,0.2975
217,0.2972,0.2972,0.2972,0.2972,0.2972,0.2972,0.2972,0.2972,0.2972,0.3004,0.3004,0.2972,0.2975
218,0.2972,0.2972,0.2972,0.2972,0.2972,0.2972,0.2972,0.2972,0.2972,0.3004,0.3004,0.2972,0.2975
219,0.2972,0.2972,0.2972,0.2972,0.2972,0.2972,0.2972,0.2972,0.2972,0.3004,0.3004,0.2972,0.2975
220,0.2972,0.2972,0.2972,0.2972,0.2972,0.2972,0.2972,0.2972,0.2972,0.3004,0.3004,0.2972,0.2975
221,0.2972,0.2972,0.2972,0.2972,0.2972,0.2972,0.2972,0.2972,0.2972,0.3004,0.3004,0.2972,0.2975
222,0.2972,0.2972,0.2972,0.2972,0.2972,0.2972,0.2972,0.2972,0.2972,0.3004,0.3004,0.2972,0.2975
223,0.2972,0.2972,0.2972,0.2972,0.2972,0.2972,0.2972,0.2972,0.2972,0.3004,0.3004,0.2972,0.2975
224,0.2972,0.2972,0.2972,0.2972,0.2972,0.2972,0.2972,0.2972,0.2972,0.3004,0.3004,0.2972,0.2975
225,0.2972,0.2972,0.2972,0.2972,0.2972,0.2972,0.2972,0.2972,0.2972,0.3004,0.3004,0.2972,0.2975
226,0.2972,0.2972,0.2972,0.2972,0.2972,0.2972,0.2972,0.2972,0.2972,0.3004,0.3004,0.2972,0.2975
227,0.2972,0.2972,0.2972,0.2972,0.2972,0.2972,0.2972,0.2972,0.2972,0.3004,0.3004,0.2972,0.2975
228,0.2972,0.2972,0.2972,0.2972,0.2972,0.2972,0.2972,0.2972,0.2972,0.3004,0.3004,0.2972,0.2975
229,0.2972,0.2972,0.2972,0.2972,0.2972,0.2972,0.2972,0.2972,0.2972,0.3004,0.3004,0.2972,0.2975
230,0.2972,0.2972,0.2972,0.2972,0.2972,0.2972,0.2972,0.2972,0.2972,0.3004,0.3004,0.2972,0.2975
231,0.2972,0.2972,0.2972,0.2972,0.2972,0.2972,0.2972,0.2972,0.2972,0.3004,0.3004,0.2972,0.2975
232,0.2972,0.2972,0.2972,0.2972,0.2972,0.2972,0.2972,0.2972,0.2972,0.3004,0.3004,0.2972,0.2975
233,0.2972,0.2972,0.2972,0.2972,0.2972,0.2972,0.2972,0.2972,0.2972,0.3004,0.3004,0.2972,0.2975
234,0.2972,0.2972,0.2972,0.2972,0.2972,0.2972,0.2972,0.2972,0.2972,0.3004,0.3004,0.2972,0.2975
235,0.2972,0.2972,0.2972,0.2972,0.2972,0.2972,0.2972,0.2972,0.2972,0.3004,0.3004,0.2972,0.2975
236,0.2972,0.2972,0.2972,0.2972,0.2972,0.2972,0.2972,0.2972,0.2972,0.3004,0.3004,0.2972,0.2975
237,0.2972,0.2972,0.2972,0.2972,0.2972,0.2972,0.2972,0.2972,0.2972,0.3004,0.3004,0.2972,0.2975
238,0.2972,0.2972,0.2972,0.2972,0.2972,0.2972,0.2972,0.2972,0.2972,0.3004,0.3004,0.2972,0.2975
239,0.2972,0.2972,0.2972,0.2972,0.2972,0.2972,0.2972,0.2972,0.2972,0.3004,0.3004,0.2972,0.2975
240,0.2972,0.2972,0.2972,0.2972,0.2972,0.2972,0.2972,0.2972,0.2972,0.3004,0.3004,0.2972,0.2975
241,0.2972,0.2972,0.2972,0.2972,0.2972,0.2972,0.2972,0.2972,0.2972,0.3004,0.3004,0.2972,0.2975
242,0.2972,0.2972,0.2972,0.2972,0.2972,0.2972,0.2972,0.2972,0.2972,0.3004,0.3004,0.2972,0.2975
243,0.2972,0.2972,0.2972,0.2972,0.2972,0.2972,0.2972,0.2972,0.2972,0.3004,0.3004,0.2972,0.2975
244,0.2972,0.2972,0.2972,0.2972,0.2972,0.2972,0.2972,0.2972,0.2972,0.3004,0.3004,0.2972,0.2975
245,0.2972,0.2972,0.2972,0.2972,0.2972,0.2972,0.2972,0.2972,0.2972,0.3004,0.3004,0.2972,0.2975
246,0.2972,0.2972,0.2972,0.2972,0.2972,0.2972,0.2972,0.2972,0.2972,0.3004,0.3004,0.2972,0.2975
247,0.2972,0.2972,0.2972,0.2972,0.2972,0.2972,0.2972,0.2972,0.2972,0.3004,0.3004,0.2972,0.2975
248,0.2972,0.2972,0.2972,0.2972,0.2972,0.2972,0.2972,0.2972,0.2972,0.3004,0.3004,0.2972,0.2975
249,0.2972,0.2972,0.2972,0.2972,0.2972,0.2972,0.2972,0.2972,0.2972,0.3004,0.3004,0.2972,0.2975
250,0.2972,0.2972,0.2972,0.2972,0.2972,0.2972,0.2972,0.2972,0.2972,0.3004,0.3004,0.2972,0.2975
251,0.2972,0.2972,0.2972,0.2972,0.2972,0.2972,0.2972,0.2972,0.2972,0.3004,0.3004,0.2972,0.2975
252,0.2972,0.2972,0.2972,0.2972,0.2972,0.2972,0.2972,0.2972,0.2972,0.3004,0.3004,0.2972,0.2975
253,0.2972,0.2972,0.2972,0.2972,0.2972,0.2972,0.2972,0.2972,0.2972,0.3004,0.3004,0.2972,0.2975
254,0.2972,0.2972,0.2972,0.2972,0.2972,0.2972,0.2972,0.2972,0.2972,0.3004,0.3004,0.2972,0.2975
255,0.2972,0.2972,0.2972,0.2972,0.2972,0.2972,0.2972,0.2972,0.2972,0.3004,0.3004,0.2972,0.2975
256,0.2972,0.2972,0.2972,0.2972,0.2972,0.2972,0.2972,0.2972,0.2972,0.3004,0.3004,0.2972,0.2975
257,0.2972,0.2972,0.2972,0.2972,0.2972,0.2972,0.2972,0.2972,0.2972,0.3004,0.3004,0.2972,0.2975
258,0.2972,0.2972,0.2972,0.2972,0.2972,0.2972,0.2972,0.2972,0.2972,0.3004,0.3004,0.2972,0.2975
259,0.2972,0.2972,0.2972,0.2972,0.2972,0.2972,0.2972,0.2972,0.2972,0.3004,0.3004,0.2972,0.2975
260,0.2972,0.2972,0.2972,0.2972,0.2972,0.2972,0.2972,0.2972,0.2972,0.3004,0.3004,0.2972,0.2975
261,0.2972,0.2972,0.2972,0.2972,0.2972,0.2972,0.2972,0.2972,0.2972,0.3004,0.3004,0.2972,0.2975
262,0.2972,0.2972,0.2972,0.2972,0.2972,0.2972,0.2972,0.2972,0.2972,0.3004,0.3004,0.2972,0.2975
263,0.2972,0.2972,0.2972,0.2972,0.2972,0.2972,0.2972,0.2972,0.2972,0.3004,0.3004,0.2972,0.2975
264,0.2972,0.2972,0.2972,0.2972,0.2972,0.2972,0.2972,0.2972,0.2972,0.3004,0.3004,0.2972,0.2975
265,0.2972,0.2972,0.2972,0.2972,0.2972,0.2972,0.2972,0.2972,0.2972,0.3004,0.3004,0.2972,0.2975
266,0.2972,0.2972,0.2972,0.2972,0.2972,0.2972,0.2972,0.2972,0.2972,0.3004,0.3004,0.2972,0.2975
267,0.2972,0.2972,0.2972,0.2972,0.2972,0.2972,0.2972,0.2972,0.2972,0.3004,0.3004,0.2972,0.2975
268,0.2972,0.2972,0.2972,0.2972,0.2972,0.2972,0.2972,0.2972,0.2972,0.3004,0.3004,0.2972,0.2975
269,0.2972,0.2972,0.2972,0.2972,0.2972,0.2972,0.2972,0.2972,0.2972,0.3004,0.3004,0.2972,0.2975
270,0.2972,0.2972,0.2972,0.2972,0.2972,0.2972,0.2972,0.2972,0.2972,0.3004,0.3004,0.2972,0.2975
271,0.2972,0.2972,0.2972,0.2972,0.2972,0.2972,0.2972,0.2972,0.2972,0.3004,0.3004,0.2972,0.2975
272,0.2972,0.2972,0.2972,0.2972,0.2972,0.2972,0.2972,0.2972,0.2972,0.3004,0.3004,0.2972,0.2975
273,0.2972,0.2972,0.2972,0.2972,0.2972,0.2972,0.2972,0.2972,0.2972,0.3004,0.3004,0.2972,0.2975
274,0.2972,0.2972,0.2972,0.2972,0.2972,0.2972,0.2972,0.2972,0.2972,0.3004,0.3004,0.2972,0.2975
275,0.2972,0.2972,0.2972,0.2972,0.2972,0.2972,0.2972,0.2972,0.2972,0.3004,0.3004,0.2972,0.2975
276,0.2972,0.2972,0.2972,0.2972,0.2972,0.2972,0.2972,0.2972,0.2972,0.3004,0.3004,0.2972,0.2975
277,0.2972,0.2972,0.2972,0.2972,0.2972,0.2972,0.2972,0.2972,0.2972,0.3004,0.3004,0.2972,0.2975
278,0.2972,0.2972,0.2972,0.2972,0.2972,0.2972,0.2972,0.2972,0.2972,0.3004,0.3004,0.2972,0.2975
279,0.2972,0.2972,0.2972,0.2972,0.2972,0.2972,0.2972,0.2972,0.2972,0.3004,0.3004,0.2972,0.2975
280,0.2972,0.2972,0.2972,0.2972,0.2972,0.2972,0.2972,0.2972,0.2972,0.3004,0.3004,0.2972,0.2975
281,0.2972,0.2972,0.2972,0.2972,0.2972,0.2972,0.2972,0.2972,0.2972,0.3004,0.3004,0.2972,0.2975
282,0.2972,0.2972,0.2972,0.2972,0.2972,0.2972,0.2972,0.2972,0.2972,0.3004,0.3004,0.2972,0.2975
283,0.2972,0.2972,0.2972,0.2972,0.2972,0.2972,0.2972,0.2972,0.2972,0.3004,0.3004,0.2972,0.2975
284,0.2972,0.2972,0.2972,0.2972,0.2972,0.2972,0.2972,0.2972,0.2972,0.3004,0.3004,0.2972,0.2975
285,0.2972,0.2972,0.2972,0.2972,0.2972,0.2972,0.2972,0.2972,0.2972,0.3004,0.3004,0.2972,0.2975
286,0.2972,0.2972,0.2972,0.2972,0.2972,0.2972,0.2972,0.2972,0.2972,0.3004,0.3004,0.2972,0.2975
287,0.2972,0.2972,0.2972,0.2972,0.2972,0.2972,0.2972,0.2972,0.2972,0.3004,0.3004,0.2972,0.2975
288,0.2972,0.2972,0.2972,0.2972,0.2972,0.2972,0.2972,0.2972,0.2972,0.3004,0.3004,0.2972,0.2975
289,0.2972,0.2972,0.2972,0.2972,0.2972,0.2972,0.2972,0.2972,0.2972,0.3004,0.3004,0.2972,0.2975
290,0.2972,0.2972,0.2972,0.2972,0.2972,0.2972,0.2972,0.2972,0.2972,0.3004,0.3004,0.2972,0.2975
291,0.2972,0.2972,0.2972,0.2972,0.2972,0.2972,0.2972,0.2972,0.2972,0.3004,0.3004,0.2972,0.2975
292,0.2972,0.2972,0.2972,0.2972,0.2972,0.2972,0.2972,0.2972,0.2972,0.3004,0.3004,0.2972,0.2975
293,0.2972,0.2972,0.2972,0.2972,0.2972,0.2972,0.2972,0.2972,0.2972,0.3004,0.3004,0.2972,0.2975
294,0.2972,0.2972,0.2972,0.2972,0.2972,0.2972,0.2972,0.2972,0.2972,0.3004,0.3004,0.2972,0.2975
295,0.2972,0.2972,0.2972,0.2972,0.2972,0.2972,0.2972,0.2972,0.2972,0.3004,0.3004,0.2972,0.2975
296,0.2972,0.2972,0.2972,0.2972,0.2972,0.2972,0.2972,0.2972,0.2972,0.3004,0.3004,0.2972,0.2975
297,0.2972,0.2972,0.2972,0.2972,0.2972,0.2972,0.2972,0.2972,0.2972,0.3004,0.3004,0.2972,0.2975
298,0.2972,0.2972,0.2972,0.2972,0.2972,0.2972,0.2972,0.2972,0.2972,0.3004,0.3004,0.2972,0.2975
299,0.2972,0.2972,0.2972,0.2972,0.2972,0.2972,0.2972,0.2972,0.2972,0.3004,0.3004,0.2972,0.2975
300,0.2972,0.2972,0.2972,0.2972,0.2972,0.2972,0.2972,0.2972,0.2972,0.3004,0.3004,0.2972,0.2975
301,0.2972,0.2972,0.2972,0.2972,0.2972,0.2972,0.2972,0.2972,0.2972,0.3004,0.3004,0.2972,0.2975
302,0.2972,0.2972,0.2972,0.2972,0.2972,0.2972,0.2972,0.2972,0.2972,0.3004,0.3004,0.2972,0.2975
303,0.2972,0.2972,0.2972,0.2972,0.2972,0.2972,0.2972,0.2972,0.2972,0.3004,0.3004,0.2972,0.2975
304,0.2972,0.2972,0.2972,0.2972,0.2972,0.2972,0.2972,0.2972,0.2972,0.3004,0.3004,0.2972,0.2975
305,0.2972,0.2972,0.2972,0.2972,0.2972,0.2972,0.2972,0.2972,0.2972,0.3004,0.3004,0.2972,0.2975
306,0.2972,0.2972,0.2972,0.2972,0.2972,0.2972,0.2972,0.2972,0.2972,0.3004,0.3004,0.2972,0.2975
307,0.2972,0.2972,0.2972,0.2972,0.2972,0.2972,0.2972,0.2972,0.2972,0.3004,0.3004,0.2972,0.2975
308,0.2972,0.2972,0.2972,0.2972,0.2972,0.2972,0.2972,0.2972,0.2972,0.3004,0.3004,0.2972,0.2975
309,0.2972,0.2972,0.2972,0.2972,0.2972,0.2972,0.2972,0.2972,0.2972,0.3004,0.3004,0.2972,0.2975
310,0.2972,0.2972,0.2972,0.2972,0.2972,0.2972,0.2972,0.2972,0.2972,0.3004,0.3004,0.2972,0.2975
311,0.2972,0.2972,0.2972,0.2972,0.2972,0.2972,0.2972,0.2972,0.2972,0.3004,0.3004,0.2972,0.2975
312,0.2972,0.2972,0.2972,0.2972,0.2972,0.2972,0.2972,0.2972,0.2972,0.3004,0.3004,0.2972,0.2975
313,0.2972,0.2972,0.2972,0.2972,0.2972,0.2972,0.2972,0.2972,0.2972,0.3004,0.3004,0.2972,0.2975
314,0.2972,0.2972,0.2972,0.2972,0.2972,0.2972,0.2972,0.2972,0.2972,0.3004,0.3004,0.2972,0.2975
315,0.2972,0.2972,0.2972,0.2972,0.2972,0.2972,0.2972,0.2972,0.2972,0.3004,0.3004,0.2972,0.2975
316,0.2972,0.2972,0.2972,0.2972,0.2972,0.2972,0.2972,0.2972,0.2972,0.3004,0.3004,0.2972,0.2975
317,0.2972,0.2972,0.2972,0.2972,0.2972,0.2972,0.2972,0.2972,0.2972,0.3004,0.3004,0.2972,0.2975
318,0.2972,0.2972,0.2972,0.2972,0.2972,0.2972,0.2972,0.2972,0.2972,0.3004,0.3004,0.2972,0.2975
319,0.2972,0.2972,0.2972,0.2972,0.2972,0.2972,0.2972,0.2972,0.2972,0.3004,0.3004,0.2972,0.2975
320,0.2972,0.2972,0.2972,0.2972,0.2972,0.2972,0.2972,0.2972,0.2972,0.3004,0.3004,0.2972,0.2975
321,0.2972,0.2972,0.2972,0.2972,0.2972,0.2972,0.2972,0.2972,0.2972,0.3004,0.3004,0.2972,0.2975
322,0.2972,0.2972,0.2972,0.2972,0.2972,0.2972,0.2972,0.2972,0.2972,0.3004,0.3004,0.2972,0.2975
323,0.2972,0.2972,0.2972,0.2972,0.2972,0.2972,0.2972,0.2972,0.2972,0.3004,0.3004,0.2972,0.2975
324,0.2972,0.2972,0.2972,0.2972,0.2972,0.2972,0.2972,0.2972,0.2972,0.3004,0.3004,0.2972,0.2975
325,0.2972,0.2972,0.2972,0.2972,0.2972,0.2972,0.2972,0.2972,0.2972,0.3004,0.3004,0.2972,0.2975
326,0.2972,0.2972,0.2972,0.2972,0.2972,0.2972,0.2972,0.2972,0.2972,0.3004,0.3004,0.2972,0.2975
327,0.2972,0.2972,0.2972,0.2972,0.2972,0.2972,0.2972,0.2972,0.2972,0.3004,0.3004,0.2972,0.2975
328,0.2972,0.2972,0.2972,0.2972,0.2972,0.2972,0.2972,0.2972,0.2972,0.3004,0.3004,0.2972,0.2975
329,0.2972,0.2972,0.2972,0.2972,0.2972,0.2972,0.2972,0.2972,0.2972,0.3004,0.3004,0.2972,0.2975
330,0.2972,0.2972,0.2972,0.2972,0.2972,0.2972,0.2972,0.2972,0.2972,0.3004,0.3004,0.2972,0.2975
331,0.2972,0.2972,0.2972,0.2972,0.2972,0.2972,0.2972,0.2972,0.2972,0.3004,0.3004,0.2972,0.2975
332,0.2972,0.2972,0.2972,0.2972,0.2972,0.2972,0.2972,0.2972,0.2972,0.3004,0.3004,0.2972,0.2975
333,0.2972,0.2972,0.2972,0.2972,0.2972,0.2972,0.2972,0.2972,0.2972,0.3004,0.3004,0.2972,0.2975
334,0.2972,0.2972,0.2972,0.2972,0.2972,0.2972,0.2972,0.2972,0.2972,0.3004,0.3004,0.2972,0.2975
335,0.2972,0.2972,0.2972,0.2972,0.2972,0.2972,0.2972,0.2972,0.2972,0.3004,0.3004,0.2972,0.2975
336,0.2972,0.2972,0.2972,0.2972,0.2972,0.2972,0.2972,0.2972,0.2972,0.3004,0.3004,0.2972,0.2975
337,0.2972,0.2972,0.2972,0.2972,0.2972,0.2972,0.2972,0.2972,0.2972,0.3004,0.3004,0.2972,0.2975
338,0.2972,0.2972,0.2972,0.2972,0.2972,0.2972,0.2972,0.2972,0.2972,0.3004,0.3004,0.2972,0.2975
339,0.2972,0.2972,0.2972,0.2972,0.2972,0.2972,0.2972,0.2972,0.2972,0.3004,0.3004,0.2972,0.2975
340,0.2972,0.2972,0.2972,0.2972,0.2972,0.2972,0.2972,0.2972,0.2972,0.3004,0.3004,0.2972,0.2975
341,0.2972,0.2972,0.2972,0.2972,0.2972,0.2972,0.2972,0.2972,0.2972,0.3004,0.3004,0.2972,0.2975
342,0.2972,0.2972,0.2972,0.2972,0.2972,0.2972,0.2972,0.2972,0.2972,0.3004,0.3004,0.2972,0.2975
343,0.2972,0.2972,0.2972,0.2972,0.2972,0.2972,0.2972,0.2972,0.2972,0.3004,0.3004,0.2972,0.2975
344,0.2972,0.2972,0.2972,0.2972,0.2972,0.2972,0.2972,0.2972,0.2972,0.3004,0.3004,0.2972,0.2975
345,0.2972,0.2972,0.2972,0.2972,0.2972,0.2972,0.2972,0.2972,0.2972,0.3004,0.3004,0.2972,0.2975
346,0.2972,0.2972,0.2972,0.2972,0.2972,0.2972,0.2972,0.2972,0.2972,0.3004,0.3004,0.2972,0.2975
347,0.2972,0.2972,0.2972,0.2972,0.2972,0.2972,0.2972,0.2972,0.2972,0.3004,0.3004,0.2972,0.2975
348,0.2972,0.2972,0.2972,0.2972,0.2972,0.2972,0.2972,0.2972,0.2972,0.3004,0.3004,0.2972,0.2975
349,0.2972,0.2972,0.2972,0.2972,0.2972,0.2972,0.2972,0.2972,0.2972,0.3004,0.3004,0.2972,0.2975
350,0.2972,0.2972,0.2972,0.2972,0.2972,0.2972,0.2972,0.2972,0.2972,0.3004,0.3004,0.2972,0.2975
351,0.2972,0.2972,0.2972,0.2972,0.2972,0.2972,0.2972,0.2972,0.2972,0.3004,0.3004,0.2972,0.2975
352,0.2972,0.2972,0.2972,0.2972,0.2972,0.2972,0.2972,0.2972,0.2972,0.3004,0.3004,0.2972,0.2975
353,0.2972,0.2972,0.2972,0.2972,0.2972,0.2972,0.2972,0.2972,0.2972,0.3004,0.3004,0.2972,0.2975
354,0.2972,0.2972,0.2972,0.2972,0.2972,0.2972,0.2972,0.2972,0.2972,0.3004,0.3004,0.2972,0.2975
355,0.2972,0.2972,0.2972,0.2972,0.2972,0.2972,0.2972,0.2972,0.2972,0.3004,0.3004,0.2972,0.2975
356,0.2972,0.2972,0.2972,0.2972,0.2972,0.2972,0.2972,0.2972,0.2972,0.3004,0.3004,0.2972,0.2975
357,0.2972,0.2972,0.2972,0.2972,0.2972,0.2972,0.2972,0.2972,0.2972,0.3004,0.3004,0.2972,0.2975
358,0.2972,0.2972,0.2972,0.2972,0.2972,0.2972,0.2972,0.2972,0.2972,0.3004,0.3004,0.2972,0.2975
359,0.2972,0.2972,0.2972,0.2972,0.2972,0.2972,0.2972,0.2972,0.2972,0.3004,0.3004,0.2972,0.2975
360,0.2972,0.2972,0.2972,0.2972,0.2972,0.2972,0.2972,0.2972,0.2972,0.3004,0.3004,0.2972,0.2975
361,0.2972,0.2972,0.2972,0.2972,0.2972,0.2972,0.2972,0.2972,0.2972,0.3004,0.3004,0.2972,0.2975
362,0.2972,0.2972,0.2972,0.2972,0.2972,0.2972,0.2972,0.2972,0.2972,0.3004,0.3004,0.2972,0.2975
363,0.2972,0.2972,0.2972,0.2972,0.2972,0.2972,0.2972,0.2972,0.2972,0.3004,0.3004,0.2972,0.2975
364,0.2972,0.2972,0.2972,0.2972,0.2972,0.2972,0.2972,0.2972,0.2972,0.3004,0.3004,0.2972,0.2975
365,0.2972,0.2972,0.2972,0.2972,0.2972,0.2972,0.2972,0.2972,0.2972,0.3004,0.3004,0.2972,0.2975
366,0.2972,0.2972,0.2972,0.2972,0.2972,0.2972,0.2972,0.2972,0.2972,0.3004,0.3004,0.2972,0.2975
367,0.2972,0.2972,0.2972,0.2972,0.2972,0.2972,0.2972,0.2972,0.2972,0.3004,0.3004,0.2972,0.2975
368,0.2972,0.2972,0.2972,0.2972,0.2972,0.2972,0.2972,0.2972,0.2972,0.3004,0.3004,0.2972,0.2975
369,0.2972,0.2972,0.2972,0.2972,0.2972,0.2972,0.2972,0.2972,0.2972,0.3004,0.3004,0.2972,0.2975
370,0.2972,0.2972,0.2972,0.2972,0.2972,0.2972,0.2972,0.2972,0.2972,0.3004,0.3004,0.2972,0.2975
371,0.2972,0.2972,0.2972,0.2972,0.2972,0.2972,0.2972,0.2972,0.2972,0.3004,0.3004,0.2972,0.2975
372,0.2972,0.2972,0.2972,0.2972,0.2972,0.2972,0.2972,0.2972,0.2972,0.3004,0.3004,0.2972,0.2975
373,0.2972,0.2972,0.2972,0.2972,0.2972,0.2972,0.2972,0.2972,0.2972,0.3004,0.3004,0.2972,0.2975
374,0.2972,0.2972,0.2972,0.2972,0.2972,0.2972,0.2972,0.2972,0.2972,0.3004,0.3004,0.2972,0.2975
375,0.2972,0.2972,0.2972,0.2972,0.2972,0.2972,0.2972,0.2972,0.2972,0.3004,0.3004,0.2972,0.2975
376,0.2972,0.2972,0.2972,0.2972,0.2972,0.2972,0.2972,0.2972,0.2972,0.3004,0.3004,0.2972,0.2975
377,0.2972,0.2972,0.2972,0.2972,0.2972,0.2972,0.2972,0.2972,0.2972,0.3004,0.3004,0.2972,0.2975
378,0.2972,0.2972,0.2972,0.2972,0.2972,0.2972,0.2972,0.2972,0.2972,0.3004,0.3004,0.2972,0.2975
379,0.2972,0.2972,0.2972,0.2972,0.2972,0.2972,0.2972,0.2972,0.2972,0.3004,0.3004,0.2972,0.2975
380,0.2972,0.2972,0.2972,0.2972,0.2972,0.2972,0.2972,0.2972,0.2972,0.3004,0.3004,0.2972,0.2975
381,0.2972,0.2972,0.2972,0.2972,0.2972,0.2972,0.2972,0.2972,0.2972,0.3004,0.3004,0.2972,0.2975
382,0.2972,0.2972,0.2972,0.2972,0.2972,0.2972,0.2972,0.2972,0.2972,0.3004,0.3004,0.2972,0.2975
383,0.2972,0.2972,0.2972,0.2972,0.2972,0.2972,0.2972,0.2972,0.2972,0.3004,0.3004,0.2972,0.2975
384,0.2972,0.2972,0.2972,0.2972,0.2972,0.2972,0.2972,0.2972,0.2972,0.3004,0.3004,0.2972,0.2975
385,0.2972,0.2972,0.2972,0.2972,0.2972,0.2972,0.2972,0.2972,0.2972,0.3004,0.3004,0.2972,0.2975
386,0.2972,0.2972,0.2972,0.2972,0.2972,0.2972,0.2972,0.2972,0.2972,0.3004,0.3004,0.2972,0.2975
387,0.2972,0.2972,0.2972,0.2972,0.2972,0.2972,0.2972,0.2972,0.2972,0.3004,0.3004,0.2972,0.2975
388,0.2972,0.2972,0.2972,0.2972,0.2972,0.2972,0.2972,0.2972,0.2972,0.3004,0.3004,0.2972,0.2975
389,0.2972,0.2972,0.2972,0.2972,0.2972,0.2972,0.2972,0.2972,0.2972,0.3004,0.3004,0.2972,0.2975
390,0.2972,0.2972,0.2972,0.2972,0.2972,0.2972,0.2972,0.2972,0.2972,0.3004,0.3004,0.2972,0.2975
391,0.2972,0.2972,0.2972,0.2972,0.2972,0.2972,0.2972,0.2972,0.2972,0.3004,0.3004,0.2972,0.2975
392,0.2972,0.2972,0.2972,0.2972,0.2972,0.2972,0.2972,0.2972,0.2972,0.3004,0.3004,0.2972,0.2975
393,0.2972,0.2972,0.2972,0.2972,0.2972,0.2972,0.2972,0.2972,0.2972,0.3004,0.3004,0.2972,0.2975
394,0.2972,0.2972,0.2972,0.2972,0.2972,0.2972,0.2972,0.2972,0.2972,0.3004,0.3004,0.2972,0.2975
395,0.2972,0.2972,0.2972,0.2972,0.2972,0.2972,0.2972,0.2972,0.2972,0.3004,0.3004,0.2972,0.2975
396,0.2972,0.2972,0.2972,0.2972,0.2972,0.2972,0.2972,0.2972,0.2972,0.3004,0.3004,0.2972,0.2975
397,0.2972,0.2972,0.2972,0.2972,0.2972,0.2972,0.2972,0.2972,0.2972,0.3004,0.3004,0.2972,0.2975
398,0.2972,0.2972,0.2972,0.2972,0.2972,0.2972,0.2972,0.2972,0.2972,0.3004,0.3004,0.2972,0.2975
399,0.2972,0.2972,0.2972,0.2972,0.2972,0.2972,0.2972,0.2972,0.2972,0.3004,0.3004,0.2972,0.2975
400,0.2972,0.2972,0.2972,0.2972,0.2972,0.2972,0.2972,0.2972,0.2972,0.3004,0.3004,0.2972,0.2975
401,0.2972,0.2972,0.2972,0.2972,0.2972,0.2972,0.2972,0.2972,0.2972,0.3004,0.3004,0.2972,0.2975
402,0.2972,0.2972,0.2972,0.2972,0.2972,0.2972,0.2972,0.2972,0.2972,0.3004,0.3004,0.2972,0.2975
403,0.2972,0.2972,0.2972,0.2972,0.2972,0.2972,0.2972,0.2972,0.2972,0.3004,0.3004,0.2972,0.2975
404,0.2972,0.2972,0.2972,0.2972,0.2972,0.2972,0.2972,0.2972,0.2972,0.3004,0.3004,0.2972,0.2975
405,0.2972,0.2972,0.2972,0.2972,0.2972,0.2972,0.2972,0.2972,0.2972,0.3004,0.3004,0.2972,0.2975
406,0.2972,0.2972,0.2972,0.2972,0.2972,0.2972,0.2972,0.2972,0.2972,0.3004,0.3004,0.2972,0.2975
407,0.2972,0.2972,0.2972,0.2972,0.2972,0.2972,0.2972,0.2972,0.2972,0.3004,0.3004,0.2972,0.2975
408,0.2972,0.2972,0.2972,0.2972,0.2972,0.2972,0.2972,0.2972,0.2972,0.3004,0.3004,0.2972,0.2975
409,0.2972,0.2972,0.2972,0.2972,0.2972,0.2972,0.2972,0.2972,0.2972,0.3004,0.3004,0.2972,0.2975
410,0.2972,0.2972,0.2972,0.2972,0.2972,0.2972,0.2972,0.2972,0.2972,0.3004,0.3004,0.2972,0.2975
411,0.2972,0.2972,0.2972,0.2972,0.2972,0.2972,0.2972,0.2972,0.2972,0.3004,0.3004,0.2972,0.2975
412,0.2972,0.2972,0.2972,0.2972,0.2972,0.2972,0.2972,0.2972,0.2972,0.3004,0.3004,0.2972,0.2975
413,0.2972,0.2972,0.2972,0.2972,0.2972,0.2972,0.2972,0.2972,0.2972,0.3004,0.3004,0.2972,0.2975
414,0.2972,0.2972,0.2972,0.2972,0.2972,0.2972,0.2972,0.2972,0.2972,0.3004,0.3004,0.2972,0.2975
415,0.2972,0.2972,0.2972,0.2972,0.2972,0.2972,0.2972,0.2972,0.2972,0.3004,0.3004,0.2972,0.2975
416,0.2972,0.2972,0.2972,0.2972,0.2972,0.2972,0.2972,0.2972,0.2972,0.3004,0.3004,0.2972,0.2975
417,0.2972,0.2972,0.2972,0.2972,0.2972,0.2972,0.2972,0.2972,0.2972,0.3004,0.3004,0.2972,0.2975
418,0.2972,0.2972,0.2972,0.2972,0.2972,0.2972,0.2972,0.2972,0.2972,0.3004,0.3004,0.2972,0.2975
419,0.2972,0.2972,0.2972,0.2972,0.2972,0.2972,0.2972,0.2972,0.2972,0.3004,0.3004,0.2972,0.2975
420,0.2972,0.2972,0.2972,0.2972,0.2972,0.2972,0.2972,0.2972,0.2972,0.3004,0.3004,0.2972,0.2975
421,0.2972,0.2972,0.2972,0.2972,0.2972,0.2972,0.2972,0.2972,0.2972,0.3004,0.3004,0.2972,0.2975
422,0.2972,0.2972,0.2972,0.2972,0.2972,0.2972,0.2972,0.2972,0.2972,0.3004,0.3004,0.2972,0.2975
423,0.2972,0.2972,0.2972,0.2972,0.2972,0.2972,0.2972,0.2972,0.2972,0.3004,0.3004,0.2972,0.2975
424,0.2972,0.2972,0.2972,0.2972,0.2972,0.2972,0.2972,0.2972,0.2972,0.3004,0.3004,0.2972,0.2975
425,0.2972,0.2972,0.2972,0.2972,0.2972,0.2972,0.2972,0.2972,0.2972,0.3004,0.3004,0.2972,0.2975
426,0.2972,0.2972,0.2972,0.2972,0.2972,0.2972,0.2972,0.2972,0.2972,0.3004,0.3004,0.2972,0.2975
427,0.2972,0.2972,0.2972,0.2972,0.2972,0.2972,0.2972,0.2972,0.2972,0.3004,0.3004,0.2972,0.2975
428,0.2972,0.2972,0.2972,0.2972,0.2972,0.2972,0.2972,0.2972,0.2972,0.3004,0.3004,0.2972,0.2975
429,0.2972,0.2972,0.2972,0.2972,0.2972,0.2972,0.2972,0.2972,0.2972,0.3004,0.3004,0.2972,0.2975
430,0.2972,0.2972,0.2972,0.2972,0.2972,0.2972,0.2972,0.2972,0.2972,0.3004,0.3004,0.2972,0.2975
431,0.2972,0.2972,0.2972,0.2972,0.2972,0.2972,0.2972,0.2972,0.2972,0.3004,0.3004,0.2972,0.2975
432,0.2972,0.2972,0.2972,0.2972,0.2972,0.2972,0.2972,0.2972,0.2972,0.3004,0.3004,0.2972,0.2975
433,0.2972,0.2972,0.2972,0.2972,0.2972,0.2972,0.2972,0.2972,0.2972,0.3004,0.3004,0.2972,0.2975
434,0.2972,0.2972,0.2972,0.2972,0.2972,0.2972,0.2972,0.2972,0.2972,0.3004,0.3004,0.2972,0.2975
435,0.2972,0.2972,0.2972,0.2972,0.2972,0.2972,0.2972,0.2972,0.2972,0.3004,0.3004,0.2972,0.2975
436,0.2972,0.2972,0.2972,0.2972,0.2972,0.2972,0.2972,0.2972,0.2972,0.3004,0.3004,0.2972,0.2975
437,0.2972,0.2972,0.2972,0.2972,0.2972,0.2972,0.2972,0.2972,0.2972,0.3004,0.3004,0.2972,0.2975
438,0.2972,0.2972,0.2972,0.2972,0.2972,0.2972,0.2972,0.2972,0.2972,0.3004,0.3004,0.2972,0.2975
439,0.2972,0.2972,0.2972,0.2972,0.2972,0.2972,0.2972,0.2972,0.2972,0.3004,0.3004,0.2972,0.2975
440,0.2972,0.2972,0.2972,0.2972,0.2972,0.2972,0.2972,0.2972,0.2972,0.3004,0.3004,0.2972,0.2975
441,0.2972,0.2972,0.2972,0.2972,0.2972,0.2972,0.2972,0.2972,0.2972,0.3004,0.3004,0.2972,0.2975
442,0.2972,0.2972,0.2972,0.2972,0.2972,0.2972,0.2972,0.2972,0.2972,0.3004,0.3004,0.2972,0.2975
443,0.2972,0.2972,0.2972,0.2972,0.2972,0.2972,0.2972,0.2972,0.2972,0.3004,0.3004,0.2972,0.2975
444,0.2972,0.2972,0.2972,0.2972,0.2972,0.2972,0.2972,0.2972,0.2972,0.3004,0.3004,0.2972,0.2975
445,0.2972,0.2972,0.2972,0.2972,0.2972,0.2972,0.2972,0.2972,0.2972,0.3004,0.3004,0.2972,0.2975
446,0.2972,0.2972,0.2972,0.2972,0.2972,0.2972,0.2972,0.2972,0.2972,0.3004,0.3004,0.2972,0.2975
447,0.2972,0.2972,0.2972,0.2972,0.2972,0.2972,0.2972,0.2972,0.2972,0.3004,0.3004,0.2972,0.2975
448,0.2972,0.2972,0.2972,0.2972,0.2972,0.2972,0.2972,0.2972,0.2972,0.3004,0.3004,0.2972,0.2975
449,0.2972,0.2972,0.2972,0.2972,0.2972,0.2972,0.2972,0.2972,0.2972,0.3004,0.3004,0.2972,0.2975
450,0.2972,0.2972,0.2972,0.2972,0.2972,0.2972,0.2972,0.2972,0.2972,0.3004,0.3004,0.2972,0.2975
451,0.2972,0.2972,0.2972,0.2972,0.2972,0.2972,0.2972,0.2972,0.2972,0.3004,0.3004,0.2972,0.2975
452,0.2972,0.2972,0.2972,0.2972,0.2972,0.2972,0.2972,0.2972,0.2972,0.3004,0.3004,0.2972,0.2975
453,0.2972,0.2972,0.2972,0.2972,0.2972,0.2972,0.2972,0.2972,0.2972,0.3004,0.3004,0.2972,0.2975
454,0.2972,0.2972,0.2972,0.2972,0.2972,0.2972,0.2972,0.2972,0.2972,0.3004,0.3004,0.2972,0.2975
455,0.2972,0.2972,0.2972,0.2972,0.2972,0.2972,0.2972,0.2972,0.2972,0.3004,0.3004,0.2972,0.2975
456,0.2972,0.2972,0.2972,0.2972,0.2972,0.2972,0.2972,0.2972,0.2972,0.3004,0.3004,0.2972,0.2975
457,0.2972,0.2972,0.2972,0.2972,0.2972,0.2972,0.2972,0.2972,0.2972,0.3004,0.3004,0.2972,0.2975
458,0.2972,0.2972,0.2972,0.2972,0.2972,0.2972,0.2972,0.2972,0.2972,0.3004,0.3004,0.2972,0.2975
459,0.2972,0.2972,0.2972,0.2972,0.2972,0.2972,0.2972,0.2972,0.2972,0.3004,0.3004,0.2972,0.2975
460,0.2972,0.2972,0.2972,0.2972,0.2972,0.2972,0.2972,0.2972,0.2972,0.3004,0.3004,0.2972,0.2975
461,0.2972,0.2972,0.2972,0.2972,0.2972,0.2972,0.2972,0.2972,0.2972,0.3004,0.3004,0.2972,0.2975
462,0.2972,0.2972,0.2972,0.2972,0.2972,0.2972,0.2972,0.2972,0.2972,0.3004,0.3004,0.2972,0.2975
463,0.2972,0.2972,0.2972,0.2972,0.2972,0.2972,0.2972,0.2972,0.2972,0.3004,0.3004,0.2972,0.2975
464,0.2972,0.2972,0.2972,0.2972,0.2972,0.2972,0.2972,0.2972,0.2972,0.3004,0.3004,0.2972,0.2975
465,0.2972,0.2972,0.2972,0.2972,0.2972,0.2972,0.2972,0.2972,0.2972,0.3004,0.3004,0.2972,0.2975
466,0.2972,0.2972,0.2972,0.2972,0.2972,0.2972,0.2972,0.2972,0.2972,0.3004,0.3004,0.2972,0.2975
467,0.2972,0.2972,0.2972,0.2972,0.2972,0.2972,0.2972,0.2972,0.2972,0.3004,0.3004,0.2972,0.2975
468,0.2972,0.2972,0.2972,0.2972,0.2972,0.2972,0.2972,0.2972,0.2972,0.3004,0.3004,0.2972,0.2975
469,0.2972,0.2972,0.2972,0.2972,0.2972,0.2972,0.2972,0.2972,0.2972,0.3004,0.3004,0.2972,0.2975
470,0.2972,0.2972,0.2972,0.2972,0.2972,0.2972,0.2972,0.2972,0.2972,0.3004,0.3004,0.2972,0.2975
471,0.2972,0.2972,0.2972,0.2972,0.2972,0.2972,0.2972,0.2972,0.2972,0.3004,0.3004,0.2972,0.2975
472,0.2972,0.2972,0.2972,0.2972,0.2972,0.2972,0.2972,0.2972,0.2972,0.3004,0.3004,0.2972,0.2975
473,0.2972,0.2972,0.2972,0.2972,0.2972,0.2972,0.2972,0.2972,0.2972,0.3004,0.3004,0.2972,0.2975
474,0.2972,0.2972,0.2972,0.2972,0.2972,0.2972,0.2972,0.2972,0.2972,0.3004,0.3004,0.2972,0.2975
475,0.2972,0.2972,0.2972,0.2972,0.2972,0.2972,0.2972,0.2972,0.2972,0.3004,0.3004,0.2972,0.2975
476,0.2972,0.2972,0.2972,0.2972,0.2972,0.2972,0.2972,0.2972,0.2972,0.3004,0.3004,0.2972,0.2975
477,0.2972,0.2972,0.2972,0.2972,0.2972,0.2972,0.2972,0.2972,0.2972,0.3004,0.3004,0.2972,0.2975
478,0.2972,0.2972,0.2972,0.2972,0.2972,0.2972,0.2972,0.2972,0.2972,0.3004,0.3004,0.2972,0.2975
479,0.2972,0.2972,0.2972,0.2972,0.2972,0.2972,0.2972,0.2972,0.2972,0.3004,0.3004,0.2972,0.2975
480,0.2972,0.2972,0.2972,0.2972,0.2972,0.2972,0.2972,0.2972,0.2972,0.3004,0.3004,0.2972,0.2975
481,0.2972,0.2972,0.2972,0.2972,0.2972,0.2972,0.2972,0.2972,0.2972,0.3004,0.3004,0.2972,0.2975
482,0.2972,0.2972,0.2972,0.2972,0.2972,0.2972,0.2972,0.2972,0.2972,0.3004,0.3004,0.2972,0.2975
483,0.2972,0.2972,0.2972,0.2972,0.2972,0.2972,0.2972,0.2972,0.2972,0.3004,0.3004,0.2972,0.2975
484,0.2972,0.2972,0.2972,0.2972,0.2972,0.2972,0.2972,0.2972,0.2972,0.3004,0.3004,0.2972,0.2975
485,0.2972,0.2972,0.2972,0.2972,0.2972,0.2972,0.2972,0.2972,0.2972,0.3004,0.3004,0.2972,0.2975
486,0.2972,0.2972,0.2972,0.2972,0.2972,0.2972,0.2972,0.2972,0.2972,0.3004,0.3004,0.2972,0.2975
487,0.2972,0.2972,0.2972,0.2972,0.2972,0.2972,0.2972,0.2972,0.2972,0.3004,0.3004,0.2972,0.2975
488,0.2972,0.2972,0.2972,0.2972,0.2972,0.2972,0.2972,0.2972,0.2972,0.3004,0.3004,0.2972,0.2975
489,0.2972,0.2972,0.2972,0.2972,0.2972,0.2972,0.2972,0.2972,0.2972,0.3004,0.3004,0.2972,0.2975
490,0.2972,0.2972,0.2972,0.2972,0.2972,0.2972,0.2972,0.2972,0.2972,0.3004,0.3004,0.2972,0.2975
491,0.2972,0.2972,0.2972,0.2972,0.2972,0.2972,0.2972,0.2972,0.2972,0.3004,0.3004,0.2972,0.2975
492,0.2972,0.2972,0.2972,0.2972,0.2972,0.2972,0.2972,0.2972,0.2972,0.3004,0.3004,0.2972,0.2975
493,0.2972,0.2972,0.2972,0.2972,0.2972,0.2972,0.2972,0.2972,0.2972,0.3004,0.3004,0.2972,0.2975
494,0.2972,0.2972,0.2972,0.2972,0.2972,0.2972,0.2972,0.2972,0.2972,0.3004,0.3004,0.2972,0.2975
495,0.2972,0.2972,0.2972,0.2972,0.2972,0.2972,0.2972,0.2972,0.2972,0.3004,0.3004,0.2972,0.2975
496,0.2972,0.2972,0.2972,0.2972,0.2972,0.2972,0.2972,0.2972,0.2972,0.3004,0.3004,0.2972,0.2975
497,0.2972,0.2972,0.2972,0.2972,0.2972,0.2972,0.2972,0.2972,0.2972,0.3004,0.3004,0.2972,0.2975
498,0.2972,0.2972,0.2972,0.2972,0.2972,0.2972,0.2972,0.2972,0.2972,0.3004,0.3004,0.2972,0.2975
499,0.2972,0.2972,0.2972,0.2972,0.2972,0.2972,0.2972,0.2972,0.2972,0.3004,0.3004,0.2972,0.2975
500,0.2972,0.2972,0.2972,0.2972,0.2972,0.2972,0.2972,0.2972,0.2972,0.3004,0.3004,0.2972,0.2975
501,0.2972,0.2972,0.2972,0.2972,0.2972,0.2972,0.2972,0.2972,0.2972,0.3004,0.3004,0.2972,0.2975
502,0.2972,0.2972,0.2972,0.2972,0.2972,0.2972,0.2972,0.2972,0.2972,0.3004,0.3004,0.2972,0.2975
503,0.2972,0.2972,0.2972,0.2972,0.2972,0.2972,0.2972,0.2972,0.2972,0.3004,0.3004,0.2972,0.2975
504,0.2972,0.2972,0.2972,0.2972,0.2972,0.2972,0.2972,0.2972,0.2972,0.3004,0.3004,0.2972,0.2975
505,0.2972,0.2972,0.2972,0.2972,0.2972,0.2972,0.2972,0.2972,0.2972,0.3004,0.3004,0.2972,0.2975
506,0.2972,0.2972,0.2972,0.2972,0.2972,0.2972,0.2972,0.2972,0.2972,0.3004,0.3004,0.2972,0.2975
507,0.2972,0.2972,0.2972,0.2972,0.2972,0.2972,0.2972,0.2972,0.2972,0.3004,0.3004,0.2972,0.2975
508,0.2972,0.2972,0.2972,0.2972,0.2972,0.2972,0.2972,0.2972,0.2972,0.3004,0.3004,0.2972,0.2975
509,0.2972,0.2972,0.2972,0.2972,0.2972,0.2972,0.2972,0.2972,0.2972,0.3004,0.3004,0.2972,0.2975
510,0.2972,0.2972,0.2972,0.2972,0.2972,0.2972,0.2972,0.2972,0.2972,0.3004,0.3004,0.2972,0.2975
511,0.2972,0.2972,0.2972,0.2972,0.2972,0.2972,0.2972,0.2972,0.2972,0.3004,0.3004,0.2972,0.2975
512,0.2972,0.2972,0.2972,0.2972,0.2972,0.2972,0.2972,0.2972,0.2972,0.3004,0.3004,0.2972,0.2975
513,0.2972,0.2972,0.2972,0.2972,0.2972,0.2972,0.2972,0.2972,0.2972,0.3004,0.3004,0.2972,0.2975
514,0.2972,0.2972,0.2972,0.2972,0.2972,0.2972,0.2972,0.2972,0.2972,0.3004,0.3004,0.2972,0.2975
515,0.2972,0.2972,0.2972,0.2972,0.2972,0.2972,0.2972,0.2972,0.2972,0.3004,0.3004,0.2972,0.2975
516,0.2972,0.2972,0.2972,0.2972,0.2972,0.2972,0.2972,0.2972,0.2972,0.3004,0.3004,0.2972,0.2975
517,0.2972,0.2972,0.2972,0.2972,0.2972,0.2972,0.2972,0.2972,0.2972,0.3004,0.3004,0.2972,0.2975
518,0.2972,0.2972,0.2972,0.2972,0.2972,0.2972,0.2972,0.2972,0.2972,0.3004,0.3004,0.2972,0.2975
519,0.2972,0.2972,0.2972,0.2972,0.2972,0.2972,0.2972,0.2972,0.2972,0.3004,0.3004,0.2972,0.2975
520,0.2972,0.2972,0.2972,0.2972,0.2972,0.2972,0.2972,0.2972,0.2972,0.3004,0.3004,0.2972,0.2975
521,0.2972,0.2972,0.2972,0.2972,0.2972,0.2972,0.2972,0.2972,0.2972,0.3004,0.3004,0.2972,0.2975
522,0.2972,0.2972,0.2972,0.2972,0.2972,0.2972,0.2972,0.2972,0.2972,0.3004,0.3004,0.2972,0.2975
523,0.2972,0.2972,0.2972,0.2972,0.2972,0.2972,0.2972,0.2972,0.2972,0.3004,0.3004,0.2972,0.2975
524,0.2972,0.2972,0.2972,0.2972,0.2972,0.2972,0.2972,0.2972,0.2972,0.3004,0.3004,0.2972,0.2975
525,0.2972,0.2972,0.2972,0.2972,0.2972,0.2972,0.2972,0.2972,0.2972,0.3004,0.3004,0.2972,0.2975
526,0.2972,0.2972,0.2972,0.2972,0.2972,0.2972,0.2972,0.2972,0.2972,0.3004,0.3004,0.2972,0.2975
527,0.2972,0.2972,0.2972,0.2972,0.2972,0.2972,0.2972,0.2972,0.2972,0.3004,0.3004,0.2972,0.2975
528,0.2972,0.2972,0.2972,0.2972,0.2972,0.2972,0.2972,0.2972,0.2972,0.3004,0.3004,0.2972,0.2975
529,0.2972,0.2972,0.2972,0.2972,0.2972,0.2972,0.2972,0.2972,0.2972,0.3004,0.3004,0.2972,0.2975
530,0.2972,0.2972,0.2972,0.2972,0.2972,0.2972,0.2972,0.2972,0.2972,0.3004,0.3004,0.2972,0.2975
531,0.2972,0.2972,0.2972,0.2972,0.2972,0.2972,0.2972,0.2972,0.2972,0.3004,0.3004,0.2972,0.2975
532,0.2972,0.2972,0.2972,0.2972,0.2972,0.2972,0.2972,0.2972,0.2972,0.3004,0.3004,0.2972,0.2975
533,0.2972,0.2972,0.2972,0.2972,0.2972,0.2972,0.2972,0.2972,0.2972,0.3004,0.3004,0.2972,0.2975
534,0.2972,0.2972,0.2972,0.2972,0.2972,0.2972,0.2972,0.2972,0.2972,0.3004,0.3004,0.2972,0.2975
535,0.2972,0.2972,0.2972,0.2972,0.2972,0.2972,0.2972,0.2972,0.2972,0.3004,0.3004,0.2972,0.2975
536,0.2972,0.2972,0.2972,0.2972,0.2972,0.2972,0.2972,0.2972,0.2972,0.3004,0.3004,0.2972,0.2975
537,0.2972,0.2972,0.2972,0.2972,0.2972,0.2972,0.2972,0.2972,0.2972,0.3004,0.3004,0.2972,0.2975
538,0.2972,0.2972,0.2972,0.2972,0.2972,0.2972,0.2972,0.2972,0.2972,0.3004,0.3004,0.2972,0.2975
539,0.2972,0.2972,0.2972,0.2972,0.2972,0.2972,0.2972,0.2972,0.2972,0.3004,0.3004,0.2972,0.2975
540,0.2972,0.2972,0.2972,0.2972,0.2972,0.2972,0.2972,0.2972,0.2972,0.3004,0.3004,0.2972,0.2975
541,0.2972,0.2972,0.2972,0.2972,0.2972,0.2972,0.2972,0.2972,0.2972,0.3004,0.3004,0.2972,0.2975
542,0.2972,0.2972,0.2972,0.2972,0.2972,0.2972,0.2972,0.2972,0.2972,0.3004,0.3004,0.2972,0.2975
543,0.2972,0.2972,0.2972,0.2972,0.2972,0.2972,0.2972,0.2972,0.2972,0.3004,0.3004,0.2972,0.2975
544,0.2972,0.2972,0.2972,0.2972,0.2972,0.2972,0.2972,0.2972,0.2972,0.3004,0.3004,0.2972,0.2975
545,0.2972,0.2972,0.2972,0.2972,0.2972,0.2972,0.2972,0.2972,0.2972,0.3004,0.3004,0.2972,0.2975
546,0.2972,0.2972,0.2972,0.2972,0.2972,0.2972,0.2972,0.2972,0.2972,0.3004,0.3004,0.2972,0.2975
547,0.2972,0.2972,0.2972,0.2972,0.2972,0.2972,0.2972,0.2972,0.2972,0.3004,0.3004,0.2972,0.2975
548,0.2972,0.2972,0.2972,0.2972,0.2972,0.2972,0.2972,0.2972,0.2972,0.3004,0.3004,0.2972,0.2975
549,0.2972,0.2972,0.2972,0.2972,0.2972,0.2972,0.2972,0.2972,0.2972,0.3004,0.3004,0.2972,0.2975
550,0.2972,0.2972,0.2972,0.2972,0.2972,0.2972,0.2972,0.2972,0.2972,0.3004,0.3004,0.2972,0.2975
551,0.2972,0.2972,0.2972,0.2972,0.2972,0.2972,0.2972,0.2972,0.2972,0.3004,0.3004,0.2972,0.2975
552,0.2972,0.2972,0.2972,0.2972,0.2972,0.2972,0.2972,0.2972,0.2972,0.3004,0.3004,0.2972,0.2975
553,0.2972,0.2972,0.2972,0.2972,0.2972,0.2972,0.2972,0.2972,0.2972,0.3004,0.3004,0.2972,0.2975
554,0.2972,0.2972,0.2972,0.2972,0.2972,0.2972,0.2972,0.2972,0.2972,0.3004,0.3004,0.2972,0.2975
555,0.2972,0.2972,0.2972,0.2972,0.2972,0.2972,0.2972,0.2972,0.2972,0.3004,0.3004,0.2972,0.2975
556,0.2972,0.2972,0.2972,0.2972,0.2972,0.2972,0.2972,0.2972,0.2972,0.3004,0.3004,0.2972,0.2975
557,0.2972,0.2972,0.2972,0.2972,0.2972,0.2972,0.2972,0.2972,0.2972,0.3004,0.3004,0.2972,0.2975
558,0.2972,0.2972,0.2972,0.2972,0.2972,0.2972,0.2972,0.2972,0.2972,0.3004,0.3004,0.2972,0.2975
559,0.2972,0.2972,0.2972,0.2972,0.2972,0.2972,0.2972,0.2972,0.2972,0.3004,0.3004,0.2972,0.2975
560,0.2972,0.2972,0.2972,0.2972,0.2972,0.2972,0.2972,0.2972,0.2972,0.3004,0.3004,0.2972,0.2975
561,0.2972,0.2972,0.2972,0.2972,0.2972,0.2972,0.2972,0.2972,0.2972,0.3004,0.3004,0.2972,0.2975
562,0.2972,0.2972,0.2972,0.2972,0.2972,0.2972,0.2972,0.2972,0.2972,0.3004,0.3004,0.2972,0.2975
563,0.2972,0.2972,0.2972,0.2972,0.2972,0.2972,0.2972,0.2972,0.2972,0.3004,0.3004,0.2972,0.2975
564,0.2972,0.2972,0.2972,0.2972,0.2972,0.2972,0.2972,0.2972,0.2972,0.3004,0.3004,0.2972,0.2975
565,0.2972,0.2972,0.2972,0.2972,0.2972,0.2972,0.2972,0.2972,0.2972,0.3004,0.3004,0.2972,0.2975
566,0.2972,0.2972,0.2972,0.2972,0.2972,0.2972,0.2972,0.2972,0.2972,0.3004,0.3004,0.2972,0.2975
567,0.2972,0.2972,0.2972,0.2972,0.2972,0.2972,0.2972,0.2972,0.2972,0.3004,0.3004,0.2972,0.2975
568,0.2972,0.2972,0.2972,0.2972,0.2972,0.2972,0.2972,0.2972,0.2972,0.3004,0.3004,0.2972,0.2975
569,0.2972,0.2972,0.2972,0.2972,0.2972,0.2972,0.2972,0.2972,0.2972,0.3004,0.3004,0.2972,0.2975
570,0.2972,0.2972,0.2972,0.2972,0.2972,0.2972,0.2972,0.2972,0.2972,0.3004,0.3004,0.2972,0.2975
571,0.2972,0.2972,0.2972,0.2972,0.2972,0.2972,0.2972,0.2972,0.2972,0.3004,0.3004,0.2972,0.2975
572,0.2972,0.2972,0.2972,0.2972,0.2972,0.2972,0.2972,0.2972,0.2972,0.3004,0.3004,0.2972,0.2975
573,0.2972,0.2972,0.2972,0.2972,0.2972,0.2972,0.2972,0.2972,0.2972,0.3004,0.3004,0.2972,0.2975
574,0.2972,0.2972,0.2972,0.2972,0.2972,0.2972,0.2972,0.2972,0.2972,0.3004,0.3004,0.2972,0.2975
575,0.2972,0.2972,0.2972,0.2972,0.2972,0.2972,0.2972,0.2972,0.2972,0.3004,0.3004,0.2972,0.2975
576,0.2972,0.2972,0.2972,0.2972,0.2972,0.2972,0.2972,0.2972,0.2972,0.3004,0.3004,0.2972,0.2975
577,0.2972,0.2972,0.2972,0.2972,0.2972,0.2972,0.2972,0.2972,0.2972,0.3004,0.3004,0.2972,0.2975
578,0.2972,0.2972,0.2972,0.2972,0.2972,0.2972,0.2972,0.2972,0.2972,0.3004,0.3004,0.2972,0.2975
579,0.2972,0.2972,0.2972,0.2972,0.2972,0.2972,0.2972,0.2972,0.2972,0.3004,0.3004,0.2972,0.2975
580,0.2972,0.2972,0.2972,0.2972,0.2972,0.2972,0.2972,0.2972,0.2972,0.3004,0.3004,0.2972,0.2975
581,0.2972,0.2972,0.2972,0.2972,0.2972,0.2972,0.2972,0.2972,0.2972,0.3004,0.3004,0.2972,0.2975
582,0.2972,0.2972,0.2972,0.2972,0.2972,0.2972,0.2972,0.2972,0.2972,0.3004,0.3004,0.2972,0.2975
583,0.2972,0.2972,0.2972,0.2972,0.2972,0.2972,0.2972,0.2972,0.2972,0.3004,0.3004,0.2972,0.2975
584,0.2972,0.2972,0.2972,0.2972,0.2972,0.2972,0.2972,0.2972,0.2972,0.3004,0.3004,0.2972,0.2975
585,0.2972,0.2972,0.2972,0.2972,0.2972,0.2972,0.2972,0.2972,0.2972,0.3004,0.3004,0.2972,0.2975
586,0.2972,0.2972,0.2972,0.2972,0.2972,0.2972,0.2972,0.2972,0.2972,0.3004,0.3004,0.2972,0.2975
587,0.2972,0.2972,0.2972,0.2972,0.2972,0.2972,0.2972,0.2972,0.2972,0.3004,0.3004,0.2972,0.2975
588,0.2972,0.2972,0.2972,0.2972,0.2972,0.2972,0.2972,0.2972,0.2972,0.3004,0.3004,0.2972,0.2975
589,0.2972,0.2972,0.2972,0.2972,0.2972,0.2972,0.2972,0.2972,0.2972,0.3004,0.3004,0.2972,0.2975
590,0.2972,0.2972,0.2972,0.2972,0.2972,0.2972,0.2972,0.2972,0.2972,0.3004,0.3004,0.2972,0.2975
591,0.2972,0.2972,0.2972,0.2972,0.2972,0.2972,0.2972,0.2972,0.2972,0.3004,0.3004,0.2972,0.2975
592,0.2972,0.2972,0.2972,0.2972,0.2972,0.2972,0.2972,0.2972,0.2972,0.3004,0.3004,0.2972,0.2975
593,0.2972,0.2972,0.2972,0.2972,0.2972,0.2972,0.2972,0.2972,0.2972,0.3004,0.3004,0.2972,0.2975
594,0.2972,0.2972,0.2972,0.2972,0.2972,0.2972,0.2972,0.2972,0.2972,0.3004,0.3004,0.2972,0.2975
595,0.2972,0.2972,0.2972,0.2972,0.2972,0.2972,0.2972,0.2972,0.2972,0.3004,0.3004,0.2972,0.2975
596,0.2972,0.2972,0.2972,0.2972,0.2972,0.2972,0.2972,0.2972,0.2972,0.3004,0.3004,0.2972,0.2975
597,0.2972,0.2972,0.2972,0.2972,0.2972,0.2972,0.2972,0.2972,0.2972,0.3004,0.3004,0.2972,0.2975
598,0.2972,0.2972,0.2972,0.2972,0.2972,0.2972,0.2972,0.2972,0.2972,0.3004,0.3004,0.2972,0.2975
599,0.2972,0.2972,0.2972,0.2972,0.2972,0.2972,0.2972,0.2972,0.2972,0.3004,0.3004,0.2972,0.2975
600,0.2972,0.2972,0.2972,0.2972,0.2972,0.2972,0.2972,0.2972,0.2972,0.3004,0.3004,0.2972,0.2975
601,0.2972,0.2972,0.2972,0.2972,0.2972,0.2972,0.2972,0.2972,0.2972,0.3004,0.3004,0.2972,0.2975
602,0.2972,0.2972,0.2972,0.2972,0.2972,0.2972,0.2972,0.2972,0.2972,0.3004,0.3004,0.2972,0.2975
603,0.2972,0.2972,0.2972,0.2972,0.2972,0.2972,0.2972,0.2972,0.2972,0.3004,0.3004,0.2972,0.2975
604,0.2972,0.2972,0.2972,0.2972,0.2972,0.2972,0.2972,0.2972,0.2972,0.3004,0.3004,0.2972,0.2975
605,0.2972,0.2972,0.2972,0.2972,0.2972,0.2972,0.2972,0.2972,0.2972,0.3004,0.3004,0.2972,0.2975
606,0.2972,0.2972,0.2972,0.2972,0.2972,0.2972,0.2972,0.2972,0.2972,0.3004,0.3004,0.2972,0.2975
607,0.2972,0.2972,0.2972,0.2972,0.2972,0.2972,0.2972,0.2972,0.2972,0.3004,0.3004,0.2972,0.2975
608,0.2972,0.2972,0.2972,0.2972,0.2972,0.2972,0.2972,0.2972,0.2972,0.3004,0.3004,0.2972,0.2975
609,0.2972,0.2972,0.2972,0.2972,0.2972,0.2972,0.2972,0.2972,0.2972,0.3004,0.3004,0.2972,0.2975
1208,0.2972,0.2972,0.2972,0.2972,0.2972,0.2972,0.2972,0.2972,0.2972,0.3004,0.3004,0.2972,0.2975
1209,0.2972,0.2972,0.2972,0.2972,0.2972,0.2972,0.2972,0.2972,0.2972,0.3004,0.3004,0.2972,0.2975
1808,0.2972,0.2972,0.2972,0.2972,0.2972,0.2972,0.2972,0.2972,0.2972,0.3004,0.3004,0.2972,0.2975
1809,0.2972,0.2972,0.2972,0.2972,0.2972,0.2972,0.2972,0.2972,0.2972,0.3004,0.3004,0.2972,0.2975
2408,0.2972,0.2972,0.2972,0.2972,0.2972,0.2972,0.2972,0.2972,0.2972,0.3004,0.3004,0.2972,0.2975
2409,0.2972,0.2972,0.2972,0.2972,0.2972,0.2972,0.2972,0.2972,0.2972,0.3004,0.3004,0.2972,0.2975
3008,0.2972,0.2972,0.2972,0.2972,0.2972,0.2972,0.2972,0.2972,0.2972,0.3004,0.3004,0.2972,0.2975
3009,0.2972,0.2972,0.2972,0.2972,0.2972,0.2972,0.2972,0.2972,0.2972,0.3004,0.3004,0.2972,0.2975
3608,0.2972,0.2972,0.2972,0.2972,0.2972,0.2972,0.2972,0.2972,0.2972,0.3004,0.3004,0.2972,0.2975
3609,0.2972,0.2972,0.2972,0.2972,0.2972,0.2972,0.2972,0.2972,0.2972,0.3004,0.3004,0.2972,0.2975
4208,0.2972,0.2972,0.2972,0.2972,0.2972,0.2972,0.2972,0.2972,0.2972,0.3004,0.3004,0.2972,0.2975
4209,0.2972,0.2972,0.2972,0.2972,0.2972,0.2972,0.2972,0.2972,0.2972,0.3004,0.3004,0.2972,0.2975
4808,0.2972,0.2972,0.2972,0.2972,0.2972,0.2972,0.2972,0.2972,0.2972,0.3004,0.3004,0.2972,0.2975
4809,0.2972,0.2972,0.2972,0.2972,0.2972,0.2972,0.2972,0.2972,0.2972,0.3004,0.3004,0.2972,0.2975
5408,0.2972,0.2972,0.2972,0.2972,0.2972,0.2972,0.2972,0.2972,0.2972,0.3004,0.3004,0.2972,0.2975
5409,0.2972,0.2972,0.2972,0.2972,0.2972,0.2972,0.2972,0.2972,0.2972,0.3004,0.3004,0.2972,0.2975
6008,0.2972,0.2972,0.2972,0.2972,0.2972,0.2972,0.2972,0.2972,0.2972,0.3004,0.3004,0.2972,0.2975
6009,0.2972,0.2972,0.2972,0.2972,0.2972,0.2972,0.2972,0.2972,0.2972,0.3004,0.3004,0.2972,0.2975
6608,0.2972,0.2972,0.2972,0.2972,0.2972,0.2972,0.2972,0.2972,0.2972,0.3004,0.3004,0.2972,0.2975
6609,0.2972,0.2972,0.2972,0.2972,0.2972,0.2972,0.2972,0.2972,0.2972,0.3004,0.3004,0.2972,0.2975
7208,0.2972,0.2972,0.2972,0.2972,0.2972,0.2972,0.2972,0.2972,0.2972,0.3004,0.3004,0.2972,0.2975
7209,0.2972,0.2972,0.2972,0.2972,0.2972,0.2972,0.2972,0.2972,0.2972,0.3004,0.3004,0.2972,0.2975
7808,0.2972,0.2972,0.2972,0.2972,0.2972,0.2972,0.2972,0.2972,0.2972,0.3004,0.3004,0.2972,0.2975
7809,0.2972,0.2972,0.2972,0.2972,0.2972,0.2972,0.2972,0.2972,0.2972,0.3004,0.3004,0.2972,0.2975
8408,0.2972,0.2972,0.2972,0.2972,0.2972,0.2972,0.2972,0.2972,0.2972,0.3004,0.3004,0.2972,0.2975
8409,0.2972,0.2972,0.2972,0.2972,0.2972,0.2972,0.2972,0.2972,0.2972,0.3004,0.3004,0.2972,0.2975
9008,0.2972,0.2972,0.2972,0.2972,0.2972,0.2972,0.2972,0.2972,0.2972,0.3004,0.3004,0.2972,0.2975
9009,0.2972,0.2972,0.2972,0.2972,0.2972,0.2972,0.2972,0.2972,0.2972,0.3004,0.3004,0.2972,0.2975
9608,0.2972,0.2972,0.2972,0.2972,0.2972,0.2972,0.2972,0.2972,0.2972,0.3004,0.3004,0.2972,0.2975
9609,0.2972,0.2972,0.2972,0.2972,0.2972,0.2972,0.2972,0.2972,0.2972,0.3004,0.3004,0.2972,0.2975
10208,0.2972,0.2972,0.2972,0.2972,0.2972,0.2972,0.2972,0.2972,0.2972,0.3004,0.3004,0.2972,0.2975
10209,0.2972,0.2972,0.2972,0.2972,0.2972,0.2972,0.2972,0.2972,0.2972,0.3004,0.3004,0.2972,0.2975
10808,0.2972,0.2972,0.2972,0.2972,0.2972,0.2972,0.2972,0.2972,0.2972,0.3004,0.3004,0.2972,0.2975
10809,0.2972,0.2972,0.2972,0.2972,0.2972,0.2972,0.2972,0.2972,0.2972,0.3004,0.3004,0.2972,0.2975
11408,0.2972,0.2972,0.2972,0.2972,0.2972,0.2972,0.2972,0.2972,0.2972,0.3004,0.3004,0.2972,0.2975
11409,0.2972,0.2972,0.2972,0.2972,0.2972,0.2972,0.2972,0.2972,0.2972,0.3004,0.3004,0.2972,0.2975
12008,0.2972,0.2972,0.2972,0.2972,0.2972,0.2972,0.2972,0.2972,0.2972,0.3004,0.3004,0.2972,0.2975
12009,0.2972,0.2972,0.2972,0.2972,0.2972,0.2972,0.2972,0.2972,0.2972,0.3004,0.3004,0.2972,0.2975
12608,0.2972,0.2972,0.2972,0.2972,0.2972,0.2972,0.2972,0.2972,0.2972,0.3004,0.3004,0.2972,0.2975
12609,0.2972,0.2972,0.2972,0.2972,0.2972,0.2972,0.2972,0.2972,0.2972,0.3004,0.3004,0.2972,0.2975
13208,0.2972,0.2972,0.2972,0.2972,0.2972,0.2972,0.2972,0.2972,0.2972,0.3004,0.3004,0.2972,0.2975
13209,0.2972,0.2972,0.2972,0.2972,0.2972,0.2972,0.2972,0.2972,0.2972,0.3004,0.3004,0.2972,0.2975
13808,0.2972,0.2972,0.2972,0.2972,0.2972,0.2972,0.2972,0.2972,0.2972,0.3004,0.3004,0.2972,0.2975
13809,0.2972,0.2972,0.2972,0.2972,0.2972,0.2972,0.2972,0.2972,0.2972,0.3004,0.3004,0.2972,0.2975
14408,0.2972,0.2972,0.2972,0.2972,0.2972,0.2972,0.2972,0.2972,0.2972,0.3004,0.3004,0.2972,0.2975
14409,0.2972,0.2972,0.2972,0.2972,0.2972,0.2972,0.2972,0.2972,0.2972,0.3004,0.3004,0.2972,0.2975
15008,0.2972,0.2972,0.2972,0.2972,0.2972,0.2972,0.2972,0.2972,0.2972,0.3004,0.3004,0.2972,0.2975
15009,0.2972,0.2972,0.2972,0.2972,0.2972,0.2972,0.2972,0.2972,0.2972,0.3004,0.3004,0.2972,0.2975
15608,0.2972,0.2972,0.2972,0.2972,0.2972,0.2972,0.2972,0.2972,0.2972,0.3004,0.3004,0.2972,0.2975
15609,0.2972,0.2972,0.2972,0.2972,0.2972,0.2972,0.2972,0.2972,0.2972,0.3004,0.3004,0.2972,0.2975
16208,0.2972,0.2972,0.2972,0.2972,0.2972,0.2972,0.2972,0.2972,0.2972,0.3004,0.3004,0.2972,0.2975
16209,0.2972,0.2972,0.2972,0.2972,0.2972,0.2972,0.2972,0.2972,0.2972,0.3004,0.3004,0.2972,0.2975
16808,0.2972,0.2972,0.2972,0.2972,0.2972,0.2972,0.2972,0.2972,0.2972,0.3004,0.3004,0.2972,0.2975
16809,0.2972,0.2972,0.2972,0.2972,0.2972,0.2972,0.2972,0.2972,0.2972,0.3004,0.3004,0.2972,0.2975
17408,0.2972,0.2972,0.2972,0.2972,0.2972,0.2972,0.2972,0.2972,0.2972,0.3004,0.3004,0.2972,0.2975
17409,0.2972,0.2972,0.2972,0.2972,0.2972,0.2972,0.2972,0.2972,0.2972,0.3004,0.3004,0.2972,0.2975
18008,0.2972,0.2972,0.2972,0.2972,0.2972,0.2972,0.2972,0.2972,0.2972,0.3004,0.3004,0.2972,0.2975
18009,0.2972,0.2972,0.2972,0.2972,0.2972,0.2972,0.2972,0.2972,0.2972,0.3004,0.3004,0.2972,0.2975
18608,0.2972,0.2972,0.2972,0.2972,0.2972,0.2972,0.2972,0.2972,0.2972,0.3004,0.3004,0.2972,0.2975
18609,0.2972,0.2972,0.2972,0.2972,0.2972,0.2972,0.2972,0.2972,0.2972,0.3004,0.3004,0.2972,0.2975
19208,0.2972,0.2972,0.2972,0.2972,0.2972,0.2972,0.2972,0.2972,0.2972,0.3004,0.3004,0.2972,0.2975
19209,0.2972,0.2972,0.2972,0.2972,0.2972,0.2972,0.2972,0.2972,0.2972,0.3004,0.3004,0.2972,0.2975
19808,0.2972,0.2972,0.2972,0.2972,0.2972,0.2972,0.2972,0.2972,0.2972,0.3004,0.3004,0.2972,0.2975
19809,0.2972,0.2972,0.2972,0.2972,0.2972,0.2972,0.2972,0.2972,0.2972,0.3004,0.3004,0.2972,0.2975
20408,0.2972,0.2972,0.2972,0.2972,0.2972,0.2972,0.2972,0.2972,0.2972,0.3004,0.3004,0.2972,0.2975
20409,0.2972,0.2972,0.2972,0.2972,0.2972,0.2972,0.2972,0.2972,0.2972,0.3004,0.3004,0.2972,0.2975
21008,0.2972,0.2972,0.2972,0.2972,0.2972,0.2972,0.2972,0.2972,0.2972,0.3004,0.3004,0.2972,0.2975
21009,0.2972,0.2972,0.2972,0.2972,0.2972,0.2972,0.2972,0.2972,0.2972,0.3004,0.3004,0.2972,0.2975
21608,0.2972,0.2972,0.2972,0.2972,0.2972,0.2972,0.2972,0.2972,0.2972,0.3004,0.3004,0.2972,0.2975
21609,0.2972,0.2972,0.2972,0.2972,0.2972,0.2972,0.2972,0.2972,0.2972,0.3004,0.3004,0.2972,0.2975
22208,0.2972,0.2972,0.2972,0.2972,0.2972,0.2972,0.2972,0.2972,0.2972,0.3004,0.3004,0.2972,0.2975
22209,0.2972,0.2972,0.2972,0.2972,0.2972,0.2972,0.2972,0.2972,0.2972,0.3004,0.3004,0.2972,0.2975
22808,0.2972,0.2972,0.2972,0.2972,0.2972,0.2972,0.2972,0.2972,0.2972,0.3004,0.3004,0.2972,0.2975
22809,0.2972,0.2972,0.2972,0.2972,0.2972,0.2972,0.2972,0.2972,0.2972,0.3004,0.3004,0.2972,0.2975
23408,0.2972,0.2972,0.2972,0.2972,0.2972,0.2972,0.2972,0.2972,0.2972,0.3004,0.3004,0.2972,0.2975
23409,0.2972,0.2972,0.2972,0.2972,0.2972,0.2972,0.2972,0.2972,0.2972,0.3004,0.3004,0.2972,0.2975
24008,0.2972,0.2972,0.2972,0.2972,0.2972,0.2972,0.2972,0.2972,0.2972,0.3004,0.3004,0.2972,0.2975
24009,0.2972,0.2972,0.2972,0.2972,0.2972,0.2972,0.2972,0.2972,0.2972,0.3004,0.3004,0.2972,0.2975
24608,0.2972,0.2972,0.2972,0.2972,0.2972,0.2972,0.2972,0.2972,0.2972,0.3004,0.3004,0.2972,0.2975
24609,0.2972,0.2972,0.2972,0.2972,0.2972,0.2972,0.2972,0.2972,0.2972,0.3004,0.3004,0.2972,0.2975
25208,0.2972,0.2972,0.2972,0.2972,0.2972,0.2972,0.2972,0.2972,0.2972,0.3004,0.3004,0.2972,0.2975
25209,0.2972,0.2972,0.2972,0.2972,0.2972,0.2972,0.2972,0.2972,0.2972,0.3004,0.3004,0.2972,0.2975
25808,0.2972,0.2972,0.2972,0.2972,0.2972,0.2972,0.2972,0.2972,0.2972,0.3004,0.3004,0.2972,0.2975
25809,0.2972,0.2972,0.2972,0.2972,0.2972,0.2972,0.2972,0.2972,0.2972,0.3004,0.3004,0.2972,0.2975
26408,0.2972,0.2972,0.2972,0.2972,0.2972,0.2972,0.2972,0.2972,0.2972,0.3004,0.3004,0.2972,0.2975
26409,0.2972,0.2972,0.2972,0.2972,0.2972,0.2972,0.2972,0.2972,0.2972,0.3004,0.3004,0.2972,0.2975
27008,0.2972,0.2972,0.2972,0.2972,0.2972,0.2972,0.2972,0.2972,0.2972,0.3004,0.3004,0.2972,0.2975
27009,0.2972,0.2972,0.2972,0.2972,0.2972,0.2972,0.2972,0.2972,0.2972,0.3004,0.3004,0.2972,0.2975
27608,0.2972,0.2972,0.2972,0.2972,0.2972,0.2972,0.2972,0.2972,0.2972,0.3004,0.3004,0.2972,0.2975
27609,0.2972,0.2972,0.2972,0.2972,0.2972,0.2972,0.2972,0.2972,0.2972,0.3004,0.3004,0.2972,0.2975
28208,0.2972,0.2972,0.2972,0.2972,0.2972,0.2972,0.2972,0.2972,0.2972,0.3004,0.3004,0.2972,0.2975
28209,0.2972,0.2972,0.2972,0.2972,0.2972,0.2972,0.2972,0.2972,0.2972,0.3004,0.3004,0.2972,0.2975
28808,0.2972,0.2972,0.2972,0.2972,0.2972,0.2972,0.2972,0.2972,0.2972,0.3004,0.3004,0.2972,0.2975
28809,0.2972,0.2972,0.2972,0.2972,0.2972,0.2972,0.2972,0.2972,0.2972,0.3004,0.3004,0.2972,0.2975
29408,0.2972,0.2972,0.2972,0.2972,0.2972,0.2972,0.2972,0.2972,0.2972,0.3004,0.3004,0.2972,0.2975
29409,0.2972,0.2972,0.2972,0.2972,0.2972,0.2972,0.2972,0.2972,0.2972,0.3004,0.3004,0.2972,0.2975
30008,0.2972,0.2972,0.2972,0.2972,0.2972,0.2972,0.2972,0.2972,0.2972,0.3004,0.3004,0.2972,0.2975
30009,0.2972,0.2972,0.2972,0.2972,0.2972,0.2972,0.2972,0.2972,0.2972,0.3004,0.3004,0.2972,0.2975
30608,0.2972,0.2972,0.2972,0.2972,0.2972,0.2972,0.2972,0.2972,0.2972,0.3004,0.3004,0.2972,0.2975
30609,0.2972,0.2972,0.2972,0.2972,0.2972,0.2972,0.2972,0.2972,0.2972,0.3004,0.3004,0.2972,0.2975
31208,0.2972,0.2972,0.2972,0.2972,0.2972,0.2972,0.2972,0.2972,0.2972,0.3004,0.3004,0.2972,0.2975
31209,0.2972,0.2972,0.2972,0.2972,0.2972,0.2972,0.2972,0.2972,0.2972,0.3004,0.3004,0.2972,0.2975
31808,0.2972,0.2972,0.2972,0.2972,0.2972,0.2972,0.2972,0.2972,0.2972,0.3004,0.3004,0.2972,0.2975
31809,0.2972,0.2972,0.2972,0.2972,0.2972,0.2972,0.2972,0.2972,0.2972,0.3004,0.3004,0.2972,0.2975
32408,0.2972,0.2972,0.2972,0.2972,0.2972,0.2972,0.2972,0.2972,0.2972,0.3004,0.3004,0.2972,0.2975
32409,0.2972,0.2972,0.2972,0.2972,0.2972,0.2972,0.2972,0.2972,0.2972,0.3004,0.3004,0.2972,0.2975
33008,0.2972,0.2972,0.2972,0.2972,0.2972,0.2972,0.2972,0.2972,0.2972,0.3004,0.3004,0.2972,0.2975
33009,0.2972,0.2972,0.2972,0.2972,0.2972,0.2972,0.2972,0.2972,0.2972,0.3004,0.3004,0.2972,0.2975
33608,0.2972,0.2972,0.2972,0.2972,0.2972,0.2972,0.2972,0.2972,0.2972,0.3004,0.3004,0.2972,0.2975
33609,0.2972,0.2972,0.2972,0.2972,0.2972,0.2972,0.2972,0.2972,0.2972,0.3004,0.3004,0.2972,0.2975
34208,0.2972,0.2972,0.2972,0.2972,0.2972,0.2972,0.2972,0.2972,0.2972,0.3004,0.3004,0.2972,0.2975
34209,0.2972,0.2972,0.2972,0.2972,0.2972,0.2972,0.2972,0.2972,0.2972,0.3004,0.3004,0.2972,0.2975
34808,0.2972,0.2972,0.2972,0.2972,0.2972,0.2972,0.2972,0.2972,0.2972,0.3004,0.3004,0.2972,0.2975
34809,0.2972,0.2972,0.2972,0.2972,0.2972,0.2972,0.2972,0.2972,0.2972,0.3004,0.3004,0.2972,0.2975
35408,0.2972,0.2972,0.2972,0.2972,0.2972,0.2972,0.2972,0.2972,0.2972,0.3004,0.3004,0.2972,0.2975
35409,0.2972,0.2972,0.2972,0.2972,0.2972,0.2972,0.2972,0.2972,0.2972,0.3004,0.3004,0.2972,0.2975
36008,0.2972,0.2972,0.2972,0.2972,0.2972,0.2972,0.2972,0.2972,0.2972,0.3004,0.3004,0.2972,0.2975
36009,0.2972,0.2972,0.2972,0.2972,0.2972,0.2972,0.2972,0.2972,0.2972,0.3004,0.3004,0.2972,0.2975
36608,0.2972,0.2972,0.2972,0.2972,0.2972,0.2972,0.2972,0.2972,0.2972,0.3004,0.3004,0.2972,0.2975
36609,0.2972,0.2972,0.2972,0.2972,0.2972,0.2972,0.2972,0.2972,0.2972,0.3004,0.3004,0.2972,0.2975
37208,0.2972,0.2972,0.2972,0.2972,0.2972,0.2972,0.2972,0.2972,0.2972,0.3004,0.3004,0.2972,0.2975
37209,0.2972,0.2972,0.2972,0.2972,0.2972,0.2972,0.2972,0.2972,0.2972,0.3004,0.3004,0.2972,0.2975
37808,0.2972,0.2972,0.2972,0.2972,0.2972,0.2972,0.2972,0.2972,0.2972,0.3004,0.3004,0.2972,0.2975
37809,0.2972,0.2972,0.2972,0.2972,0.2972,0.2972,0.2972,0.2972,0.2972,0.3004,0.3004,0.2972,0.2975
38408,0.2972,0.2972,0.2972,0.2972,0.2972,0.2972,0.2972,0.2972,0.2972,0.3004,0.3004,0.2972,0.2975
38409,0.2972,0.2972,0.2972,0.2972,0.2972,0.2972,0.2972,0.2972,0.2972,0.3004,0.3004,0.2972,0.2975
39008,0.2972,0.2972,0.2972,0.2972,0.2972,0.2972,0.2972,0.2972,0.2972,0.3004,0.3004,0.2972,0.2975
39009,0.2972,0.2972,0.2972,0.2972,0.2972,0.2972,0.2972,0.2972,0.2972,0.3004,0.3004,0.2972,0.2975
39608,0.2972,0.2972,0.2972,0.2972,0.2972,0.2972,0.2972,0.2972,0.2972,0.3004,0.3004,0.2972,0.2975
39609,0.2972,0.2972,0.2972,0.2972,0.2972,0.2972,0.2972,0.2972,0.2972,0.3004,0.3004,0.2972,0.2975
40208,0.2972,0.2972,0.2972,0.2972,0.2972,0.2972,0.2972,0.2972,0.2972,0.3004,0.3004,0.2972,0.2975
40209,0.2972,0.2972,0.2972,0.2972,0.2972,0.2972,0.2972,0.2972,0.2972,0.3004,0.3004,0.2972,0.2975
40808,0.2972,0.2972,0.2972,0.2972,0.2972,0.2972,0.2972,0.2972,0.2972,0.3004,0.3004,0.2972,0.2975
40809,0.2972,0.2972,0.2972,0.2972,0.2972,0.2972,0.2972,0.2972,0.2972,0.3004,0.3004,0.2972,0.2975
41408,0.2972,0.2972,0.2972,0.2972,0.2972,0.2972,0.2972,0.2972,0.2972,0.3004,0.3004,0.2972,0.2975
41409,0.2972,0.2972,0.2972,0.2972,0.2972,0.2972,0.2972,0.2972,0.2972,0.3004,0.3004,0.2972,0.2975
42008,0.2972,0.2972,0.2972,0.2972,0.2972,0.2972,0.2972,0.2972,0.2972,0.3004,0.3004,0.2972,0.2975
42009,0.2972,0.2972,0.2972,0.2972,0.2972,0.2972,0.2972,0.2972,0.2972,0.3004,0.3004,0.2972,0.2975
42608,0.2972,0.2972,0.2972,0.2972,0.2972,0.2972,0.2972,0.2972,0.2972,0.3004,0.3004,0.2972,0.2975
42609,0.2972,0.2972,0.2972,0.2972,0.2972,0.2972,0.2972,0.2972,0.2972,0.3004,0.3004,0.2972,0.2975
43208,0.2972,0.2972,0.2972,0.2972,0.2972,0.2972,0.2972,0.2972,0.2972,0.3004,0.3004,0.2972,0.2975
43209,0.2972,0.2972,0.2972,0.2972,0.2972,0.2972,0.2972,0.2972,0.2972,0.3004,0.3004,0.2972,0.2975
43808,0.2972,0.2972,0.2972,0.2972,0.2972,0.2972,0.2972,0.2972,0.2972,0.3004,0.3004,0.2972,0.2975
43809,0.2972,0.2972,0.2972,0.2972,0.2972,0.2972,0.2972,0.2972,0.2972,0.3004,0.3004,0.2972,0.2975
44408,0.2972,0.2972,0.2972,0.2972,0.2972,0.2972,0.2972,0.2972,0.2972,0.3004,0.3004,0.2972,0.2975
44409,0.2972,0.2972,0.2972,0.2972,0.2972,0.2972,0.2972,0.2972,0.2972,0.3004,0.3004,0.2972,0.2975
45008,0.2972,0.2972,0.2972,0.2972,0.2972,0.2972,0.2972,0.2972,0.2972,0.3004,0.3004,0.2972,0.2975
45009,0.2972,0.2972,0.2972,0.2972,0.2972,0.2972,0.2972,0.2972,0.2972,0.3004,0.3004,0.2972,0.2975
45608,0.2972,0.2972,0.2972,0.2972,0.2972,0.2972,0.2972,0.2972,0.2972,0.3004,0.3004,0.2972,0.2975
45609,0.2972,0.2972,0.2972,0.2972,0.2972,0.2972,0.2972,0.2972,0.2972,0.3004,0.3004,0.2972,0.2975
46208,0.2972,0.2972,0.2972,0.2972,0.2972,0.2972,0.2972,0.2972,0.2972,0.3004,0.3004,0.2972,0.2975
46209,0.2972,0.2972,0.2972,0.2972,0.2972,0.2972,0.2972,0.2972,0.2972,0.3004,0.3004,0.2972,0.2975
46808,0.2972,0.2972,0.2972,0.2972,0.2972,0.2972,0.2972,0.2972,0.2972,0.3004,0.3004,0.2972,0.2975
46809,0.2972,0.2972,0.2972,0.2972,0.2972,0.2972,0.2972,0.2972,0.2972,0.3004,0.3004,0.2972,0.2975
47408,0.2972,0.2972,0.2972,0.2972,0.2972,0.2972,0.2972,0.2972,0.2972,0.3004,0.3004,0.2972,0.2975
47409,0.2972,0.2972,0.2972,0.2972,0.2972,0.2972,0.2972,0.2972,0.2972,0.3004,0.3004,0.2972,0.2975
48008,0.2972,0.2972,0.2972,0.2972,0.2972,0.2972,0.2972,0.2972,0.2972,0.3004,0.3004,0.2972,0.2975
48009,0.2972,0.2972,0.2972,0.2972,0.2972,0.2972,0.2972,0.2972,0.2972,0.3004,0.3004,0.2972,0.2975
48608,0.2972,0.2972,0.2972,0.2972,0.2972,0.2972,0.2972,0.2972,0.2972,0.3004,0.3004,0.2972,0.2975
48609,0.2972,0.2972,0.2972,0.2972,0.2972,0.2972,0.2972,0.2972,0.2972,0.3004,0.3004,0.2972,0.2975
49208,0.2972,0.2972,0.2972,0.2972,0.2972,0.2972,0.2972,0.2972,0.2972,0.3004,0.3004,0.2972,0.2975
49209,0.2972,0.2972,0.2972,0.2972,0.2972,0.2972,0.2972,0.2972,0.2972,0.3004,0.3004,0.2972,0.2975
49808,0.2972,0.2972,0.2972,0.2972,0.2972,0.2972,0.2972,0.2972,0.2972,0.3004,0.3004,0.2972,0.2975
49809,0.2972,0.2972,0.2972,0.2972,0.2972,0.2972,0.2972,0.2972,0.2972,0.3004,0.3004,0.2972,0.2975
50408,0.2972,0.2972,0.2972,0.2972,0.2972,0.2972,0.2972,0.2972,0.2972,0.3004,0.3004,0.2972,0.2975
50409,0.2972,0.2972,0.2972,0.2972,0.2972,0.2972,0.2972,0.2972,0.2972,0.3004,0.3004,0.2972,0.2975
51008,0.2972,0.2972,0.2972,0.2972,0.2972,0.2972,0.2972,0.2972,0.2972,0.3004,0.3004,0.2972,0.2975
51009,0.2972,0.2972,0.2972,0.2972,0.2972,0.2972,0.2972,0.2972,0.2972,0.3004,0.3004,0.2972,0.2975
51608,0.2972,0.2972,0.2972,0.2972,0.2972,0.2972,0.2972,0.2972,0.2972,0.3004,0.3004,0.2972,0.2975
51609,0.2972,0.2972,0.2972,0.2972,0.2972,0.2972,0.2972,0.2972,0.2972,0.3004,0.3004,0.2972,0.2975
52208,0.2972,0.2972,0.2972,0.2972,0.2972,0.2972,0.2972,0.2972,0.2972,0.3004,0.3004,0.2972,0.2975
52209,0.2972,0.2972,0.2972,0.2972,0.2972,0.2972,0.2972,0.2972,0.2972,0.3004,0.3004,0.2972,0.2975
52808,0.2972,0.2972,0.2972,0.2972,0.2972,0.2972,0.2972,0.2972,0.2972,0.3004,0.3004,0.2972,0.2975
52809,0.2972,0.2972,0.2972,0.2972,0.2972,0.2972,0.2972,0.2972,0.2972,0.3004,0.3004,0.2972,0.2975
53408,0.2972,0.2972,0.2972,0.2972,0.2972,0.2972,0.2972,0.2972,0.2972,0.3004,0.3004,0.2972,0.2975
53409,0.2972,0.2972,0.2972,0.2972,0.2972,0.2972,0.2972,0.2972,0.2972,0.3004,0.3004,0.2972,0.2975
54008,0.2972,0.2972,0.2972,0.2972,0.2972,0.2972,0.2972,0.2972,0.2972,0.3004,0.3004,0.2972,0.2975
54009,0.2972,0.2972,0.2972,0.2972,0.2972,0.2972,0.2972,0.2972,0.2972,0.3004,0.3004,0.2972,0.2975
54608,0.2972,0.2972,0.2972,0.2972,0.2972,0.2972,0.2972,0.2972,0.2972,0.3004,0.3004,0.2972,0.2975
54609,0.2972,0.2972,0.2972,0.2972,0.2972,0.2972,0.2972,0.2972,0.2972,0.3004,0.3004,0.2972,0.2975
55208,0.2972,0.2972,0.2972,0.2972,0.2972,0.2972,0.2972,0.2972,0.2972,0.3004,0.3004,0.2972,0.2975
55209,0.2972,0.2972,0.2972,0.2972,0.2972,0.2972,0.2972,0.2972,0.2972,0.3004,0.3004,0.2972,0.2975
55808,0.2972,0.2972,0.2972,0.2972,0.2972,0.2972,0.2972,0.2972,0.2972,0.3004,0.3004,0.2972,0.2975
55809,0.2972,0.2972,0.2972,0.2972,0.2972,0.2972,0.2972,0.2972,0.2972,0.3004,0.3004,0.2972,0.2975
56408,0.2972,0.2972,0.2972,0.2972,0.2972,0.2972,0.2972,0.2972,0.2972,0.3004,0.3004,0.2972,0.2975
56409,0.2972,0.2972,0.2972,0.2972,0.2972,0.2972,0.2972,0.2972,0.2972,0.3004,0.3004,0.2972,0.2975
57008,0.2972,0.2972,0.2972,0.2972,0.2972,0.2972,0.2972,0.2972,0.2972,0.3004,0.3004,0.2972,0.2975
57009,0.2972,0.2972,0.2972,0.2972,0.2972,0.2972,0.2972,0.2972,0.2972,0.3004,0.3004,0.2972,0.2975
57608,0.2972,0.2972,0.2972,0.2972,0.2972,0.2972,0.2972,0.2972,0.2972,0.3004,0.3004,0.2972,0.2975
57609,0.2972,0.2972,0.2972,0.2972,0.2972,0.2972,0.2972,0.2972,0.2972,0.3004,0.3004,0.2972,0.2975
58208,0.2972,0.2972,0.2972,0.2972,0.2972,0.2972,0.2972,0.2972,0.2972,0.3004,0.3004,0.2972,0.2975
58209,0.2972,0.2972,0.2972,0.2972,0.2972,0.2972,0.2972,0.2972,0.2972,0.3004,0.3004,0.2972,0.2975
58808,0.2972,0.2972,0.2972,0.2972,0.2972,0.2972,0.2972,0.2972,0.2972,0.3004,0.3004,0.2972,0.2975
58809,0.2972,0.2972,0.2972,0.2972,0.2972,0.2972,0.2972,0.2972,0.2972,0.3004,0.3004,0.2972,0.2975
59408,0.2972,0.2972,0.2972,0.2972,0.2972,0.2972,0.2972,0.2972,0.2972,0.3004,0.3004,0.2972,0.2975
59409,0.2972,0.2972,0.2972,0.2972,0.2972,0.2972,0.2972,0.2972,0.2972,0.3004,0.3004,0.2972,0.2975
60008,0.2972,0.2972,0.2972,0.2972,0.2972,0.2972,0.2972,0.2972,0.2972,0.3004,0.3004,0.2972,0.2975
60009,0.2972,0.2972,0.2972,0.2972,0.2972,0.2972,0.2972,0.2972,0.2972,0.3004,0.3004,0.2972,0.2975
60608,0.2972,0.2972,0.2972,0.2972,0.2972,0.2972,0.2972,0.2972,0.2972,0.3004,0.3004,0.2972,0.2975
60609,0.2972,0.2972,0.2972,0.2972,0.2972,0.2972,0.2972,0.2972,0.2972,0.3004,0.3004,0.2972,0.2975
61208,0.2972,0.2972,0.2972,0.2972,0.2972,0.2972,0.2972,0.2972,0.2972,0.3004,0.3004,0.2972,0.2975
61209,0.2972,0.2972,0.2972,0.2972,0.2972,0.2972,0.2972,0.2972,0.2972,0.3004,0.3004,0.2972,0.2975
61808,0.2972,0.2972,0.2972,0.2972,0.2972,0.2972,0.2972,0.2972,0.2972,0.3004,0.3004,0.2972,0.2975
61809,0.2972,0.2972,0.2972,0.2972,0.2972,0.2972,0.2972,0.2972,0.2972,0.3004,0.3004,0.2972,0.2975
62408,0.2972,0.2972,0.2972,0.2972,0.2972,0.2972,0.2972,0.2972,0.2972,0.3004,0.3004,0.2972,0.2975
62409,0.2972,0.2972,0.2972,0.2972,0.2972,0.2972,0.2972,0.2972,0.2972,0.3004,0.3004,0.2972,0.2975
63008,0.2972,0.2972,0.2972,0.2972,0.2972,0.2972,0.2972,0.2972,0.2972,0.3004,0.3004,0.2972,0.2975
63009,0.2972,0.2972,0.2972,0.2972,0.2972,0.2972,0.2972,0.2972,0.2972,0.3004,0.3004,0.2972,0.2975
63608,0.2972,0.2972,0.2972,0.2972,0.2972,0.2972,0.2972,0.2972,0.2972,0.3004,0.3004,0.2972,0.2975
63609,0.2972,0.2972,0.2972,0.2972,0.2972,0.2972,0.2972,0.2972,0.2972,0.3004,0.3004,0.2972,0.2975
63610,0.2972,0.2972,0.2972,0.2972,0.2972,0.2972,0.2972,0.2972,0.2972,0.3004,0.3004,0.2972,0.2975
64208,0.2972,0.2972,0.2972,0.2972,0.2972,0.2972,0.2972,0.2972,0.2972,0.3004,0.3004,0.2972,0.2975
64209,0.2972,0.2972,0.2972,0.2972,0.2972,0.2972,0.2972,0.2972,0.2972,0.3004,0.3004,0.2972,0.2975
64210,0.2972,0.2972,0.2972,0.2972,0.2972,0.2972,0.2972,0.2972,0.2972,0.3004,0.3004,0.2972,0.2975
64808,0.2972,0.2972,0.2972,0.2972,0.2972,0.2972,0.2972,0.2972,0.2972,0.3004,0.3004,0.2972,0.2975
64809,0.2972,0.2972,0.2972,0.2972,0.2972,0.2972,0.2972,0.2972,0.2972,0.3004,0.3004,0.2972,0.2975
64810,0.2972,0.2972,0.2972,0.2972,0.2972,0.2972,0.2972,0.2972,0.2972,0.3004,0.3004,0.2972,0.2975
65408,0.2972,0.2972,0.2972,0.2972,0.2972,0.2972,0.2972,0.2972,0.2972,0.3004,0.3004,0.2972,0.2975
65409,0.2972,0.2972,0.2972,0.2972,0.2972,0.2972,0.2972,0.2972,0.2972,0.3004,0.3004,0.2972,0.2975
65410,0.2972,0.2972,0.2972,0.2972,0.2972,0.2972,0.2972,0.2972,0.2972,0.3004,0.3004,0.2972,0.2975
66008,0.2972,0.2972,0.2972,0.2972,0.2972,0.2972,0.2972,0.2972,0.2972,0.3004,0.3004,0.2972,0.2975
66009,0.2972,0.2972,0.2972,0.2972,0.2972,0.2972,0.2972,0.2972,0.2972,0.3004,0.3004,0.2972,0.2975
66010,0.2972,0.2972,0.2972,0.2972,0.2972,0.2972,0.2972,0.2972,0.2972,0.3004,0.3004,0.2972,0.2975
66608,0.2972,0.2972,0.2972,0.2972,0.2972,0.2972,0.2972,0.2972,0.2972,0.3004,0.3004,0.2972,0.2975
66609,0.2972,0.2972,0.2972,0.2972,0.2972,0.2972,0.2972,0.2972,0.2972,0.3004,0.3004,0.2972,0.2975
66610,0.2972,0.2972,0.2972,0.2972,0.2972,0.2972,0.2972,0.2972,0.2972,0.3004,0.3004,0.2972,0.2975
67208,0.2972,0.2972,0.2972,0.2972,0.2972,0.2972,0.2972,0.2972,0.2972,0.3004,0.3004,0.2972,0.2975
67209,0.2972,0.2972,0.2972,0.2972,0.2972,0.2972,0.2972,0.2972,0.2972,0.3004,0.3004,0.2972,0.2975
67210,0.2972,0.2972,0.2972,0.2972,0.2972,0.2972,0.2972,0.2972,0.2972,0.3004,0.3004,0.2972,0.2975
67808,0.2972,0.2972,0.2972,0.2972,0.2972,0.2972,0.2972,0.2972,0.2972,0.3004,0.3004,0.2972,0.2975
67809,0.2972,0.2972,0.2972,0.2972,0.2972,0.2972,0.2972,0.2972,0.2972,0.3004,0.3004,0.2972,0.2975
67810,0.2972,0.2972,0.2972,0.2972,0.2972,0.2972,0.2972,0.2972,0.2972,0.3004,0.3004,0.2972,0.2975
68408,0.2972,0.2972,0.2972,0.2972,0.2972,0.2972,0.2972,0.2972,0.2972,0.3004,0.3004,0.2972,0.2975
68409,0.2972,0.2972,0.2972,0.2972,0.2972,0.2972,0.2972,0.2972,0.2972,0.3004,0.3004,0.2972,0.2975
68410,0.2972,0.2972,0.2972,0.2972,0.2972,0.2972,0.2972,0.2972,0.2972,0.3004,0.3004,0.2972,0.2975
69008,0.2972,0.2972,0.2972,0.2972,0.2972,0.2972,0.2972,0.2972,0.2972,0.3004,0.3004,0.2972,0.2975
69009,0.2972,0.2972,0.2972,0.2972,0.2972,0.2972,0.2972,0.2972,0.2972,0.3004,0.3004,0.2972,0.2975
69010,0.2972,0.2972,0.2972,0.2972,0.2972,0.2972,0.2972,0.2972,0.2972,0.3004,0.3004,0.2972,0.2975
69608,0.2972,0.2972,0.2972,0.2972,0.2972,0.2972,0.2972,0.2972,0.2972,0.3004,0.3004,0.2972,0.2975
69609,0.2972,0.2972,0.2972,0.2972,0.2972,0.2972,0.2972,0.2972,0.2972,0.3004,0.3004,0.2972,0.2975
69610,0.2972,0.2972,0.2972,0.2972,0.2972,0.2972,0.2972,0.2972,0.2972,0.3004,0.3004,0.2972,0.2975
70208,0.2972,0.2972,0.2972,0.2972,0.2972,0.2972,0.2972,0.2972,0.2972,0.3004,0.3004,0.2972,0.2975
70209,0.2972,0.2972,0.2972,0.2972,0.2972,0.2972,0.2972,0.2972,0.2972,0.3004,0.3004,0.2972,0.2975
70210,0.2972,0.2972,0.2972,0.2972,0.2972,0.2972,0.2972,0.2972,0.2972,0.3004,0.3004,0.2972,0.2975
70808,0.2972,0.2972,0.2972,0.2972,0.2972,0.2972,0.2972,0.2972,0.2972,0.3004,0.3004,0.2972,0.2975
70809,0.2972,0.2972,0.2972,0.2972,0.2972,0.2972,0.2972,0.2972,0.2972,0.3004,0.3004,0.2972,0.2975
70810,0.2972,0.2972,0.2972,0.2972,0.2972,0.2972,0.2972,0.2972,0.2972,0.3004,0.3004,0.2972,0.2975
71408,0.2972,0.2972,0.2972,0.2972,0.2972,0.2972,0.2972,0.2972,0.2972,0.3004,0.3004,0.2972,0.2975
71409,0.2972,0.2972,0.2972,0.2972,0.2972,0.2972,0.2972,0.2972,0.2972,0.3004,0.3004,0.2972,0.2975
71410,0.2972,0.2972,0.2972,0.2972,0.2972,0.2972,0.2972,0.2972,0.2972,0.3004,0.3004,0.2972,0.2975
72008,0.2972,0.2972,0.2972,0.2972,0.2972,0.2972,0.2972,0.2972,0.2972,0.3004,0.3004,0.2972,0.2975
72009,0.2972,0.2972,0.2972,0.2972,0.2972,0.2972,0.2972,0.2972,0.2972,0.3004,0.3004,0.2972,0.2975
72010,0.2972,0.2972,0.2972,0.2972,0.2972,0.2972,0.2972,0.2972,0.2972,0.3004,0.3004,0.2972,0.2975
72608,0.2972,0.2972,0.2972,0.2972,0.2972,0.2972,0.2972,0.2972,0.2972,0.3004,0.3004,0.2972,0.2975
72609,0.2972,0.2972,0.2972,0.2972,0.2972,0.2972,0.2972,0.2972,0.2972,0.3004,0.3004,0.2972,0.2975
72610,0.2972,0.2972,0.2972,0.2972,0.2972,0.2972,0.2972,0.2972,0.2972,0.3004,0.3004,0.2972,0.2975
73208,0.2972,0.2972,0.2972,0.2972,0.2972,0.2972,0.2972,0.2972,0.2972,0.3004,0.3004,0.2972,0.2975
73209,0.2972,0.2972,0.2972,0.2972,0.2972,0.2972,0.2972,0.2972,0.2972,0.3004,0.3004,0.2972,0.2975
73210,0.2972,0.2972,0.2972,0.2972,0.2972,0.2972,0.2972,0.2972,0.2972,0.3004,0.3004,0.2972,0.2975
73808,0.2972,0.2972,0.2972,0.2972,0.2972,0.2972,0.2972,0.2972,0.2972,0.3004,0.3004,0.2972,0.2975
73809,0.2972,0.2972,0.2972,0.2972,0.2972,0.2972,0.2972,0.2972,0.2972,0.3004,0.3004,0.2972,0.2975
73810,0.2972,0.2972,0.2972,0.2972,0.2972,0.2972,0.2972,0.2972,0.2972,0.3004,0.3004,0.2972,0.2975
74408,0.2972,0.2972,0.2972,0.2972,0.2972,0.2972,0.2972,0.2972,0.2972,0.3004,0.3004,0.2972,0.2975
74409,0.2972,0.2972,0.2972,0.2972,0.2972,0.2972,0.2972,0.2972,0.2972,0.3004,0.3004,0.2972,0.2975
74410,0.2972,0.2972,0.2972,0.2972,0.2972,0.2972,0.2972,0.2972,0.2972,0.3004,0.3004,0.2972,0.2975
75008,0.2972,0.2972,0.2972,0.2972,0.2972,0.2972,0.2972,0.2972,0.2972,0.3004,0.3004,0.2972,0.2975
75009,0.2972,0.2972,0.2972,0.2972,0.2972,0.2972,0.2972,0.2972,0.2972,0.3004,0.3004,0.2972,0.2975
75010,0.2972,0.2972,0.2972,0.2972,0.2972,0.2972,0.2972,0.2972,0.2972,0.3004,0.3004,0.2972,0.2975
75608,0.2972,0.2972,0.2972,0.2972,0.2972,0.2972,0.2972,0.2972,0.2972,0.3004,0.3004,0.2972,0.2975
75609,0.2972,0.2972,0.2972,0.2972,0.2972,0.2972,0.2972,0.2972,0.2972,0.3004,0.3004,0.2972,0.2975
75610,0.2972,0.2972,0.2972,0.2972,0.2972,0.2972,0.2972,0.2972,0.2972,0.3004,0.3004,0.2972,0.2975
76208,0.2972,0.2972,0.2972,0.2972,0.2972,0.2972,0.2972,0.2972,0.2972,0.3004,0.3004,0.2972,0.2975
76209,0.2972,0.2972,0.2972,0.2972,0.2972,0.2972,0.2972,0.2972,0.2972,0.3004,0.3004,0.2972,0.2975
76210,0.2972,0.2972,0.2972,0.2972,0.2972,0.2972,0.2972,0.2972,0.2972,0.3004,0.3004,0.2972,0.2975
76808,0.2972,0.2972,0.2972,0.2972,0.2972,0.2972,0.2972,0.2972,0.2972,0.3004,0.3004,0.2972,0.2975
76809,0.2972,0.2972,0.2972,0.2972,0.2972,0.2972,0.2972,0.2972,0.2972,0.3004,0.3004,0.2972,0.2975
76810,0.2972,0.2972,0.2972,0.2972,0.2972,0.2972,0.2972,0.2972,0.2972,0.3004,0.3004,0.2972,0.2975
77408,0.2972,0.2972,0.2972,0.2972,0.2972,0.2972,0.2972,0.2972,0.2972,0.3004,0.3004,0.2972,0.2975
77409,0.2972,0.2972,0.2972,0.2972,0.2972,0.2972,0.2972,0.2972,0.2972,0.3004,0.3004,0.2972,0.2975
77410,0.2972,0.2972,0.2972,0.2972,0.2972,0.2972,0.2972,0.2972,0.2972,0.3004,0.3004,0.2972,0.2975
78008,0.2972,0.2972,0.2972,0.2972,0.2972,0.2972,0.2972,0.2972,0.2972,0.3004,0.3004,0.2972,0.2975
78009,0.2972,0.2972,0.2972,0.2972,0.2972,0.2972,0.2972,0.2972,0.2972,0.3004,0.3004,0.2972,0.2975
78010,0.2972,0.2972,0.2972,0.2972,0.2972,0.2972,0.2972,0.2972,0.2972,0.3004,0.3004,0.2972,0.2975
78608,0.2972,0.2972,0.2972,0.2972,0.2972,0.2972,0.2972,0.2972,0.2972,0.3004,0.3004,0.2972,0.2975
78609,0.2972,0.2972,0.2972,0.2972,0.2972,0.2972,0.2972,0.2972,0.2972,0.3004,0.3004,0.2972,0.2975
78610,0.2972,0.2972,0.2972,0.2972,0.2972,0.2972,0.2972,0.2972,0.2972,0.3004,0.3004,0.2972,0.2975
79208,0.2972,0.2972,0.2972,0.2972,0.2972,0.2972,0.2972,0.2972,0.2972,0.3004,0.3004,0.2972,0.2975
79209,0.2972,0.2972,0.2972,0.2972,0.2972,0.2972,0.2972,0.2972,0.2972,0.3004,0.3004,0.2972,0.2975
79210,0.2972,0.2972,0.2972,0.2972,0.2972,0.2972,0.2972,0.2972,0.2972,0.3004,0.3004,0.2972,0.2975
79808,0.2972,0.2972,0.2972,0.2972,0.2972,0.2972,0.2972,0.2972,0.2972,0.3004,0.3004,0.2972,0.2975
79809,0.2972,0.2972,0.2972,0.2972,0.2972,0.2972,0.2972,0.2972,0.2972,0.3004,0.3004,0.2972,0.2975
79810,0.2972,0.2972,0.2972,0.2972,0.2972,0.2972,0.2972,0.2972,0.2972,0.3004,0.3004,0.2972,0.2975
80408,0.2972,0.2972,0.2972,0.2972,0.2972,0.2972,0.2972,0.2972,0.2972,0.3004,0.3004,0.2972,0.2975
80409,0.2972,0.2972,0.2972,0.2972,0.2972,0.2972,0.2972,0.2972,0.2972,0.3004,0.3004,0.2972,0.2975
80410,0.2972,0.2972,0.2972,0.2972,0.2972,0.2972,0.2972,0.2972,0.2972,0.3004,0.3004,0.2972,0.2975
81008,0.2972,0.2972,0.2972,0.2972,0.2972,0.2972,0.2972,0.2972,0.2972,0.3004,0.3004,0.2972,0.2975
81009,0.2972,0.2972,0.2972,0.2972,0.2972,0.2972,0.2972,0.2972,0.2972,0.3004,0.3004,0.2972,0.2975
81010,0.2972,0.2972,0.2972,0.2972,0.2972,0.2972,0.2972,0.2972,0.2972,0.3004,0.3004,0.2972,0.2975
81608,0.2972,0.2972,0.2972,0.2972,0.2972,0.2972,0.2972,0.2972,0.2972,0.3004,0.3004,0.2972,0.2975
81609,0.2972,0.2972,0.2972,0.2972,0.2972,0.2972,0.2972,0.2972,0.2972,0.3004,0.3004,0.2972,0.2975
81610,0.2972,0.2972,0.2972,0.2972,0.2972,0.2972,0.2972,0.2972,0.2972,0.3004,0.3004,0.2972,0.2975
82208,0.2972,0.2972,0.2972,0.2972,0.2972,0.2972,0.2972,0.2972,0.2972,0.3004,0.3004,0.2972,0.2975
82209,0.2972,0.2972,0.2972,0.2972,0.2972,0.2972,0.2972,0.2972,0.2972,0.3004,0.3004,0.2972,0.2975
82210,0.2972,0.2972,0.2972,0.2972,0.2972,0.2972,0.2972,0.2972,0.2972,0.3004,0.3004,0.2972,0.2975
82808,0.2972,0.2972,0.2972,0.2972,0.2972,0.2972,0.2972,0.2972,0.2972,0.3004,0.3004,0.2972,0.2975
82809,0.2972,0.2972,0.2972,0.2972,0.2972,0.2972,0.2972,0.2972,0.2972,0.3004,0.3004,0.2972,0.2975
82810,0.2972,0.2972,0.2972,0.2972,0.2972,0.2972,0.2972,0.2972,0.2972,0.3004,0.3004,0.2972,0.2975
83408,0.2972,0.2972,0.2972,0.2972,0.2972,0.2972,0.2972,0.2972,0.2972,0.3004,0.3004,0.2972,0.2975
83409,0.2972,0.2972,0.2972,0.2972,0.2972,0.2972,0.2972,0.2972,0.2972,0.3004,0.3004,0.2972,0.2975
83410,0.2972,0.2972,0.2972,0.2972,0.2972,0.2972,0.2972,0.2972,0.2972,0.3004,0.3004,0.2972,0.2975
84008,0.2972,0.2972,0.2972,0.2972,0.2972,0.2972,0.2972,0.2972,0.2972,0.3004,0.3004,0.2972,0.2975
84009,0.2972,0.2972,0.2972,0.2972,0.2972,0.2972,0.2972,0.2972,0.2972,0.3004,0.3004,0.2972,0.2975
84010,0.2972,0.2972,0.2972,0.2972,0.2972,0.2972,0.2972,0.2972,0.2972,0.3004,0.3004,0.2972,0.2975
84608,0.2972,0.2972,0.2972,0.2972,0.2972,0.2972,0.2972,0.2972,0.2972,0.3004,0.3004,0.2972,0.2975
84609,0.2972,0.2972,0.2972,0.2972,0.2972,0.2972,0.2972,0.2972,0.2972,0.3004,0.3004,0.2972,0.2975
84610,0.2972,0.2972,0.2972,0.2972,0.2972,0.2972,0.2972,0.2972,0.2972,0.3004,0.3004,0.2972,0.2975
85208,0.2972,0.2972,0.2972,0.2972,0.2972,0.2972,0.2972,0.2972,0.2972,0.3004,0.3004,0.2972,0.2975
85209,0.2972,0.2972,0.2972,0.2972,0.2972,0.2972,0.2972,0.2972,0.2972,0.3004,0.3004,0.2972,0.2975
85210,0.2972,0.2972,0.2972,0.2972,0.2972,0.2972,0.2972,0.2972,0.2972,0.3004,0.3004,0.2972,0.2975
85808,0.2972,0.2972,0.2972,0.2972,0.2972,0.2972,0.2972,0.2972,0.2972,0.3004,0.3004,0.2972,0.2975
85809,0.2972,0.2972,0.2972,0.2972,0.2972,0.2972,0.2972,0.2972,0.2972,0.3004,0.3004,0.2972,0.2975
85810,0.2972,0.2972,0.2972,0.2972,0.2972,0.2972,0.2972,0.2972,0.2972,0.3004,0.3004,0.2972,0.2975
