timestamp,ehci3,ehci2,ehci7,ehci9,ehci0,ehci1,ehci4,ehci8,ehci5,ehci6,max,min,avg
0,0.0574,0.0574,0.0574,0.0574,0.0574,0.0574,0.0574,0.0574,0.0574,0.0574,0.0574,0.0574,0.0574
4,0.0756,0.0742,0.0574,0.0574,0.063,0.084,0.0574,0.0574,0.0574,0.0574,0.084,0.0574,0.0641
5,0.4076,0.2899,0.0574,0.0574,0.4048,0.4048,0.3936,0.063,0.4062,0.3585,0.4076,0.0574,0.2843
6,0.409,0.4006,0.3473,0.3137,0.4062,0.4048,0.4048,0.3768,0.4076,0.3964,0.409,0.3137,0.3867
7,0.409,0.4006,0.3571,0.3964,0.4076,0.4062,0.409,0.388,0.4076,0.409,0.409,0.3571,0.399
8,0.409,0.4048,0.3908,0.3978,0.409,0.4062,0.409,0.4048,0.4076,0.409,0.409,0.3908,0.4048
9,0.409,0.4104,0.4076,0.4062,0.409,0.4062,0.4132,0.4062,0.409,0.409,0.4132,0.4062,0.4086
10,0.409,0.4104,0.409,0.4062,0.409,0.4104,0.4132,0.4062,0.409,0.409,0.4132,0.4062,0.4091
11,0.409,0.4104,0.409,0.4062,0.409,0.4104,0.4132,0.4076,0.4104,0.4104,0.4132,0.4062,0.4096
12,0.409,0.4104,0.4104,0.4062,0.409,0.4104,0.4132,0.409,0.4146,0.4104,0.4146,0.4062,0.4103
13,0.409,0.4104,0.4104,0.4076,0.4104,0.4104,0.416,0.409,0.4146,0.4104,0.416,0.4076,0.4108
14,0.4132,0.4104,0.4104,0.4076,0.4104,0.4104,0.416,0.409,0.4146,0.4104,0.416,0.4076,0.4112
15,0.4146,0.4104,0.4104,0.409,0.4104,0.4118,0.416,0.409,0.4146,0.4104,0.416,0.409,0.4117
16,0.4146,0.4104,0.4132,0.409,0.4132,0.4118,0.416,0.409,0.4146,0.4104,0.416,0.409,0.4122
17,0.4146,0.4104,0.4132,0.409,0.4132,0.4118,0.416,0.409,0.4146,0.4132,0.416,0.409,0.4125
18,0.4146,0.4104,0.4132,0.4104,0.4132,0.4118,0.416,0.409,0.4146,0.4132,0.416,0.409,0.4126
19,0.4146,0.4104,0.4132,0.4118,0.4132,0.4118,0.416,0.409,0.4146,0.4132,0.416,0.409,0.4128
20,0.4146,0.4104,0.4132,0.4118,0.4132,0.4118,0.416,0.4132,0.4146,0.4132,0.416,0.4104,0.4132
21,0.4146,0.4104,0.4132,0.4118,0.4132,0.4118,0.416,0.4132,0.4146,0.4132,0.416,0.4104,0.4132
22,0.4146,0.4104,0.4132,0.4118,0.4132,0.4118,0.416,0.4132,0.4146,0.4132,0.416,0.4104,0.4132
23,0.4146,0.4104,0.4132,0.4132,0.416,0.4118,0.416,0.4132,0.4146,0.4146,0.416,0.4104,0.4138
24,0.4146,0.4104,0.4132,0.4132,0.416,0.4118,0.416,0.4132,0.4146,0.4146,0.416,0.4104,0.4138
25,0.4146,0.4104,0.4132,0.4132,0.416,0.4118,0.416,0.4132,0.4146,0.4146,0.416,0.4104,0.4138
26,0.4146,0.4104,0.4132,0.4132,0.416,0.4118,0.416,0.4132,0.4146,0.4146,0.416,0.4104,0.4138
27,0.4174,0.4132,0.4132,0.4132,0.416,0.4118,0.416,0.4132,0.4146,0.4146,0.4174,0.4118,0.4143
28,0.4174,0.4132,0.4132,0.416,0.416,0.4118,0.416,0.4132,0.4146,0.4146,0.4174,0.4118,0.4146
29,0.4174,0.4132,0.4132,0.416,0.416,0.4132,0.416,0.4132,0.4146,0.4146,0.4174,0.4132,0.4147
30,0.4174,0.4132,0.4132,0.416,0.416,0.4132,0.416,0.4132,0.4146,0.4146,0.4174,0.4132,0.4147
31,0.4174,0.4132,0.4132,0.416,0.416,0.4132,0.416,0.4132,0.4146,0.4146,0.4174,0.4132,0.4147
32,0.4174,0.4132,0.4132,0.416,0.416,0.4132,0.416,0.4132,0.4146,0.4146,0.4174,0.4132,0.4147
33,0.4174,0.4132,0.4132,0.416,0.416,0.4132,0.416,0.4132,0.4146,0.4146,0.4174,0.4132,0.4147
34,0.4174,0.4132,0.4146,0.416,0.416,0.4132,0.416,0.4132,0.4146,0.4146,0.4174,0.4132,0.4149
35,0.4174,0.4132,0.4146,0.416,0.416,0.4132,0.416,0.4132,0.4146,0.4146,0.4174,0.4132,0.4149
36,0.4174,0.4132,0.4146,0.416,0.416,0.4132,0.416,0.4132,0.4146,0.4146,0.4174,0.4132,0.4149
37,0.4174,0.4132,0.4146,0.416,0.416,0.4146,0.416,0.4132,0.4146,0.4146,0.4174,0.4132,0.415
38,0.4174,0.4132,0.4146,0.416,0.416,0.4146,0.416,0.4132,0.4146,0.4146,0.4174,0.4132,0.415
39,0.4174,0.4132,0.4146,0.416,0.416,0.4146,0.416,0.4132,0.4146,0.4146,0.4174,0.4132,0.415
40,0.4174,0.4132,0.4146,0.416,0.416,0.4146,0.416,0.4132,0.4146,0.4146,0.4174,0.4132,0.415
41,0.4174,0.4132,0.4146,0.416,0.416,0.4146,0.416,0.4132,0.4146,0.4146,0.4174,0.4132,0.415
42,0.4174,0.4132,0.4146,0.416,0.416,0.4146,0.416,0.4132,0.4146,0.4146,0.4174,0.4132,0.415
43,0.4174,0.4132,0.4146,0.416,0.416,0.4146,0.416,0.4132,0.4146,0.4146,0.4174,0.4132,0.415
44,0.4174,0.4132,0.4174,0.416,0.416,0.4146,0.416,0.4132,0.4146,0.4146,0.4174,0.4132,0.4153
45,0.4174,0.4132,0.4174,0.416,0.416,0.4146,0.416,0.4132,0.4146,0.4146,0.4174,0.4132,0.4153
46,0.4174,0.4132,0.4174,0.416,0.416,0.4146,0.416,0.4132,0.4146,0.4146,0.4174,0.4132,0.4153
47,0.4174,0.4132,0.4174,0.416,0.416,0.4146,0.416,0.4132,0.4146,0.4146,0.4174,0.4132,0.4153
48,0.4174,0.4132,0.4174,0.416,0.416,0.4146,0.416,0.4132,0.4146,0.4146,0.4174,0.4132,0.4153
49,0.4174,0.4132,0.4174,0.416,0.416,0.4146,0.416,0.4132,0.4146,0.4146,0.4174,0.4132,0.4153
50,0.4174,0.4132,0.4174,0.416,0.416,0.4146,0.416,0.4132,0.4146,0.4146,0.4174,0.4132,0.4153
51,0.4174,0.4132,0.4174,0.416,0.416,0.4146,0.416,0.4132,0.4146,0.4146,0.4174,0.4132,0.4153
52,0.4174,0.4132,0.4174,0.416,0.416,0.4146,0.416,0.4132,0.4146,0.4146,0.4174,0.4132,0.4153
53,0.4174,0.4132,0.4174,0.416,0.416,0.4146,0.416,0.4132,0.4146,0.4146,0.4174,0.4132,0.4153
54,0.4174,0.4132,0.4174,0.4174,0.416,0.4146,0.416,0.4132,0.4146,0.4146,0.4174,0.4132,0.4154
55,0.4174,0.4132,0.4174,0.4174,0.416,0.4146,0.416,0.4132,0.4146,0.4146,0.4174,0.4132,0.4154
56,0.4174,0.4132,0.4174,0.4174,0.416,0.4146,0.416,0.4132,0.4146,0.4146,0.4174,0.4132,0.4154
57,0.4174,0.4132,0.4174,0.4174,0.416,0.4146,0.416,0.4132,0.4146,0.4146,0.4174,0.4132,0.4154
58,0.4174,0.4132,0.4174,0.4174,0.416,0.4146,0.416,0.4132,0.4146,0.4146,0.4174,0.4132,0.4154
59,0.4174,0.4132,0.4174,0.4174,0.416,0.4146,0.416,0.4132,0.4146,0.4146,0.4174,0.4132,0.4154
60,0.4174,0.4132,0.4174,0.4174,0.416,0.4146,0.416,0.4132,0.4146,0.4146,0.4174,0.4132,0.4154
61,0.4174,0.4132,0.4174,0.4174,0.416,0.4146,0.416,0.4132,0.4146,0.4146,0.4174,0.4132,0.4154
62,0.4174,0.4132,0.4174,0.4174,0.416,0.4146,0.416,0.4132,0.4146,0.4146,0.4174,0.4132,0.4154
63,0.4174,0.4132,0.4174,0.4174,0.416,0.4146,0.416,0.4132,0.4146,0.4146,0.4174,0.4132,0.4154
64,0.4174,0.4132,0.4174,0.4174,0.416,0.4146,0.416,0.4132,0.4146,0.4146,0.4174,0.4132,0.4154
65,0.4174,0.4132,0.4174,0.4174,0.416,0.4146,0.416,0.416,0.4146,0.4146,0.4174,0.4132,0.4157
66,0.4174,0.4132,0.4174,0.4174,0.416,0.4146,0.416,0.416,0.4146,0.4146,0.4174,0.4132,0.4157
67,0.4174,0.4132,0.4174,0.4174,0.4174,0.4146,0.416,0.416,0.4146,0.4146,0.4174,0.4132,0.4159
68,0.4174,0.4132,0.4174,0.4174,0.4174,0.4146,0.416,0.416,0.4146,0.4146,0.4174,0.4132,0.4159
69,0.4174,0.4132,0.4174,0.4174,0.4174,0.4146,0.416,0.416,0.4146,0.4146,0.4174,0.4132,0.4159
70,0.4174,0.4132,0.4174,0.4174,0.4174,0.4146,0.416,0.416,0.4146,0.4146,0.4174,0.4132,0.4159
71,0.4174,0.4132,0.4174,0.4174,0.4174,0.4146,0.416,0.416,0.4146,0.4146,0.4174,0.4132,0.4159
72,0.4174,0.4132,0.4174,0.4174,0.4174,0.4146,0.416,0.416,0.4146,0.4146,0.4174,0.4132,0.4159
73,0.4174,0.4132,0.4174,0.4174,0.4174,0.4146,0.416,0.416,0.4146,0.4146,0.4174,0.4132,0.4159
74,0.4174,0.4132,0.4174,0.4174,0.4174,0.4146,0.416,0.416,0.4146,0.4146,0.4174,0.4132,0.4159
75,0.4174,0.4132,0.4174,0.4174,0.4174,0.4146,0.416,0.416,0.4146,0.4146,0.4174,0.4132,0.4159
76,0.4174,0.4132,0.4174,0.4174,0.4174,0.4146,0.416,0.416,0.4146,0.4146,0.4174,0.4132,0.4159
77,0.4174,0.4132,0.4174,0.4174,0.4174,0.4146,0.416,0.416,0.4146,0.4146,0.4174,0.4132,0.4159
78,0.4174,0.4132,0.4174,0.4174,0.4174,0.4146,0.416,0.416,0.4146,0.4146,0.4174,0.4132,0.4159
79,0.4174,0.4132,0.4174,0.4174,0.4174,0.4146,0.416,0.416,0.4146,0.4146,0.4174,0.4132,0.4159
80,0.4174,0.4132,0.4174,0.4174,0.4174,0.4146,0.416,0.416,0.4146,0.4146,0.4174,0.4132,0.4159
81,0.4174,0.416,0.4174,0.4174,0.4174,0.4146,0.416,0.416,0.4146,0.4146,0.4174,0.4146,0.4161
82,0.4174,0.416,0.4174,0.4174,0.4174,0.4146,0.416,0.416,0.4146,0.4146,0.4174,0.4146,0.4161
83,0.4174,0.416,0.4174,0.4174,0.4174,0.4146,0.416,0.416,0.4146,0.4146,0.4174,0.4146,0.4161
84,0.4174,0.416,0.4174,0.4174,0.4174,0.4146,0.416,0.416,0.4146,0.4146,0.4174,0.4146,0.4161
85,0.4174,0.416,0.4174,0.4174,0.4174,0.4146,0.416,0.4174,0.4146,0.4146,0.4174,0.4146,0.4163
86,0.4174,0.416,0.4174,0.4174,0.4174,0.4146,0.416,0.4174,0.4146,0.4146,0.4174,0.4146,0.4163
87,0.4174,0.416,0.4174,0.4174,0.4174,0.4146,0.416,0.4174,0.4146,0.4146,0.4174,0.4146,0.4163
88,0.4174,0.416,0.4174,0.4188,0.4174,0.4146,0.416,0.4174,0.4146,0.4146,0.4188,0.4146,0.4164
89,0.4174,0.416,0.4174,0.4188,0.4174,0.4146,0.416,0.4174,0.4146,0.4146,0.4188,0.4146,0.4164
90,0.4174,0.416,0.4174,0.4188,0.4174,0.4146,0.416,0.4174,0.4146,0.4146,0.4188,0.4146,0.4164
91,0.4174,0.416,0.4174,0.4188,0.4174,0.4146,0.416,0.4174,0.4146,0.4146,0.4188,0.4146,0.4164
92,0.4174,0.416,0.4174,0.4188,0.4174,0.4146,0.4174,0.4174,0.4146,0.4146,0.4188,0.4146,0.4166
93,0.4174,0.416,0.4174,0.4188,0.4174,0.4146,0.4174,0.4174,0.4146,0.4146,0.4188,0.4146,0.4166
94,0.4174,0.416,0.4174,0.4188,0.4174,0.4146,0.4174,0.4174,0.4146,0.4146,0.4188,0.4146,0.4166
95,0.4174,0.416,0.4174,0.4188,0.4174,0.4146,0.4174,0.4174,0.4146,0.4146,0.4188,0.4146,0.4166
96,0.4174,0.416,0.4174,0.4188,0.4174,0.4146,0.4174,0.4174,0.4146,0.4146,0.4188,0.4146,0.4166
97,0.4174,0.416,0.4174,0.4188,0.4174,0.4146,0.4174,0.4174,0.4146,0.4146,0.4188,0.4146,0.4166
98,0.4174,0.416,0.4174,0.4188,0.4174,0.4146,0.4174,0.4174,0.4146,0.4146,0.4188,0.4146,0.4166
99,0.4174,0.416,0.4174,0.4188,0.4174,0.4146,0.4174,0.4174,0.4146,0.4146,0.4188,0.4146,0.4166
100,0.4174,0.416,0.4174,0.4188,0.4174,0.4146,0.4174,0.4174,0.4146,0.4146,0.4188,0.4146,0.4166
101,0.4174,0.416,0.4174,0.4188,0.4174,0.4146,0.4174,0.4174,0.4146,0.4146,0.4188,0.4146,0.4166
102,0.4174,0.4174,0.4174,0.4188,0.4174,0.4146,0.4174,0.4174,0.4146,0.4146,0.4188,0.4146,0.4167
103,0.4174,0.4174,0.4174,0.4188,0.4174,0.4146,0.4174,0.4174,0.4146,0.4146,0.4188,0.4146,0.4167
104,0.4174,0.4174,0.4174,0.4188,0.4174,0.4146,0.4174,0.4174,0.4146,0.4146,0.4188,0.4146,0.4167
105,0.4174,0.4174,0.4174,0.4188,0.4174,0.4146,0.4174,0.4174,0.4146,0.4146,0.4188,0.4146,0.4167
106,0.4174,0.4174,0.4174,0.4188,0.4174,0.4146,0.4174,0.4174,0.4146,0.4146,0.4188,0.4146,0.4167
107,0.4188,0.4174,0.4174,0.4188,0.4174,0.4146,0.4174,0.4174,0.4146,0.4146,0.4188,0.4146,0.4168
108,0.4188,0.4174,0.4174,0.4188,0.4174,0.4146,0.4174,0.4174,0.4146,0.4146,0.4188,0.4146,0.4168
109,0.4188,0.4174,0.4174,0.4188,0.4174,0.4146,0.4174,0.4174,0.4146,0.4146,0.4188,0.4146,0.4168
110,0.4188,0.4174,0.4174,0.4188,0.4174,0.4146,0.4174,0.4174,0.4146,0.4146,0.4188,0.4146,0.4168
111,0.4188,0.4174,0.4174,0.4188,0.4174,0.4146,0.4174,0.4174,0.4146,0.4146,0.4188,0.4146,0.4168
112,0.4188,0.4174,0.4174,0.4188,0.4174,0.4146,0.4174,0.4174,0.4146,0.4146,0.4188,0.4146,0.4168
113,0.4188,0.4174,0.4174,0.4188,0.4174,0.4146,0.4174,0.4174,0.4146,0.4146,0.4188,0.4146,0.4168
114,0.4188,0.4174,0.4174,0.4188,0.4174,0.4146,0.4174,0.4174,0.4146,0.4146,0.4188,0.4146,0.4168
115,0.4188,0.4174,0.4174,0.4188,0.4174,0.4146,0.4174,0.4174,0.4146,0.4146,0.4188,0.4146,0.4168
116,0.4188,0.4174,0.4174,0.4188,0.4174,0.4146,0.4174,0.4174,0.4146,0.4146,0.4188,0.4146,0.4168
117,0.4188,0.4174,0.4174,0.4188,0.4174,0.4146,0.4174,0.4174,0.4146,0.4146,0.4188,0.4146,0.4168
118,0.4188,0.4174,0.4174,0.4188,0.4174,0.4146,0.4174,0.4174,0.4146,0.4146,0.4188,0.4146,0.4168
119,0.4188,0.4174,0.4174,0.4188,0.4174,0.4146,0.4174,0.4174,0.4146,0.4146,0.4188,0.4146,0.4168
120,0.4188,0.4174,0.4174,0.4188,0.4174,0.4146,0.4174,0.4174,0.4146,0.4146,0.4188,0.4146,0.4168
121,0.4188,0.4174,0.4174,0.4188,0.4174,0.4146,0.4174,0.4174,0.4146,0.4146,0.4188,0.4146,0.4168
122,0.4188,0.4174,0.4174,0.4188,0.4174,0.4146,0.4174,0.4174,0.4146,0.4146,0.4188,0.4146,0.4168
123,0.4188,0.4174,0.4174,0.4188,0.4174,0.4146,0.4174,0.4174,0.4146,0.4146,0.4188,0.4146,0.4168
124,0.4188,0.4174,0.4174,0.4188,0.4174,0.4146,0.4174,0.4174,0.4146,0.4146,0.4188,0.4146,0.4168
125,0.4188,0.4174,0.4174,0.4188,0.4174,0.4146,0.4174,0.4174,0.4146,0.4146,0.4188,0.4146,0.4168
126,0.4188,0.4174,0.4174,0.4188,0.4174,0.4146,0.4174,0.4174,0.4146,0.4146,0.4188,0.4146,0.4168
127,0.4188,0.4174,0.4174,0.4188,0.4174,0.4146,0.4174,0.4174,0.4146,0.4146,0.4188,0.4146,0.4168
128,0.4188,0.4174,0.4174,0.4188,0.4174,0.4146,0.4174,0.4174,0.4146,0.4146,0.4188,0.4146,0.4168
129,0.4188,0.4174,0.4174,0.4188,0.4174,0.4146,0.4174,0.4174,0.4146,0.4146,0.4188,0.4146,0.4168
130,0.4188,0.4174,0.4174,0.4188,0.4174,0.4146,0.4174,0.4174,0.4146,0.4146,0.4188,0.4146,0.4168
131,0.4188,0.4174,0.4174,0.4188,0.4174,0.4146,0.4174,0.4174,0.4146,0.4146,0.4188,0.4146,0.4168
132,0.4188,0.4174,0.4174,0.4188,0.4174,0.4146,0.4174,0.4174,0.4146,0.4146,0.4188,0.4146,0.4168
133,0.4188,0.4174,0.4174,0.4188,0.4174,0.4146,0.4174,0.4174,0.4146,0.4146,0.4188,0.4146,0.4168
134,0.4188,0.4174,0.4174,0.4188,0.4174,0.4146,0.4174,0.4174,0.4174,0.4146,0.4188,0.4146,0.4171
135,0.4188,0.4174,0.4174,0.4188,0.4174,0.4146,0.4174,0.4174,0.4174,0.4146,0.4188,0.4146,0.4171
136,0.4188,0.4174,0.4174,0.4188,0.4174,0.4146,0.4174,0.4174,0.4174,0.4146,0.4188,0.4146,0.4171
137,0.4188,0.4174,0.4174,0.4188,0.4174,0.4146,0.4174,0.4174,0.4174,0.4146,0.4188,0.4146,0.4171
138,0.4188,0.4174,0.4174,0.4188,0.4174,0.4146,0.4174,0.4174,0.4174,0.4146,0.4188,0.4146,0.4171
139,0.4188,0.4174,0.4174,0.4188,0.4174,0.4146,0.4174,0.4174,0.4174,0.4146,0.4188,0.4146,0.4171
140,0.4188,0.4174,0.4174,0.4188,0.4174,0.4146,0.4174,0.4174,0.4174,0.4146,0.4188,0.4146,0.4171
141,0.4188,0.4174,0.4174,0.4188,0.4174,0.4146,0.4174,0.4174,0.4174,0.4146,0.4188,0.4146,0.4171
142,0.4188,0.4174,0.4174,0.4188,0.4174,0.4146,0.4174,0.4174,0.4174,0.4146,0.4188,0.4146,0.4171
143,0.4188,0.4174,0.4174,0.4188,0.4174,0.4146,0.4174,0.4174,0.4174,0.4146,0.4188,0.4146,0.4171
144,0.4188,0.4174,0.4174,0.4188,0.4174,0.4146,0.4174,0.4174,0.4174,0.4146,0.4188,0.4146,0.4171
145,0.4188,0.4174,0.4174,0.4188,0.4174,0.4146,0.4174,0.4174,0.4174,0.4146,0.4188,0.4146,0.4171
146,0.4188,0.4174,0.4174,0.4188,0.4174,0.4146,0.4174,0.4174,0.4174,0.4146,0.4188,0.4146,0.4171
147,0.4188,0.4174,0.4174,0.4188,0.4174,0.4146,0.4174,0.4174,0.4174,0.4146,0.4188,0.4146,0.4171
148,0.4188,0.4174,0.4174,0.4188,0.4174,0.4146,0.4174,0.4174,0.4174,0.4146,0.4188,0.4146,0.4171
149,0.4188,0.4174,0.4174,0.4188,0.4174,0.4146,0.4174,0.4174,0.4174,0.4146,0.4188,0.4146,0.4171
150,0.4188,0.4174,0.4174,0.4188,0.4174,0.4146,0.4174,0.4174,0.4174,0.4146,0.4188,0.4146,0.4171
151,0.4188,0.4174,0.4174,0.4188,0.4174,0.4146,0.4174,0.4174,0.4174,0.4146,0.4188,0.4146,0.4171
152,0.4188,0.4174,0.4174,0.4188,0.4174,0.4146,0.4174,0.4174,0.4174,0.4146,0.4188,0.4146,0.4171
153,0.4188,0.4174,0.4174,0.4188,0.4174,0.4146,0.4174,0.4174,0.4174,0.4146,0.4188,0.4146,0.4171
154,0.4188,0.4174,0.4174,0.4188,0.4174,0.4146,0.4174,0.4174,0.4174,0.4146,0.4188,0.4146,0.4171
155,0.4188,0.4174,0.4174,0.4188,0.4174,0.4146,0.4174,0.4174,0.4174,0.4146,0.4188,0.4146,0.4171
156,0.4188,0.4174,0.4174,0.4188,0.4174,0.4146,0.4174,0.4174,0.4174,0.4146,0.4188,0.4146,0.4171
157,0.4188,0.4174,0.4174,0.4188,0.4174,0.4146,0.4174,0.4174,0.4174,0.4146,0.4188,0.4146,0.4171
158,0.4188,0.4174,0.4174,0.4188,0.4174,0.4146,0.4174,0.4174,0.4174,0.4146,0.4188,0.4146,0.4171
159,0.4188,0.4174,0.4174,0.4188,0.4174,0.4146,0.4174,0.4174,0.4174,0.4146,0.4188,0.4146,0.4171
160,0.4188,0.4174,0.4174,0.4188,0.4174,0.4146,0.4174,0.4174,0.4174,0.4146,0.4188,0.4146,0.4171
161,0.4188,0.4174,0.4174,0.4188,0.4174,0.4146,0.4188,0.4174,0.4174,0.4146,0.4188,0.4146,0.4173
162,0.4188,0.4188,0.4174,0.4188,0.4174,0.4146,0.4188,0.4174,0.4174,0.4146,0.4188,0.4146,0.4174
163,0.4188,0.4188,0.4174,0.4188,0.4174,0.4146,0.4188,0.4174,0.4174,0.4146,0.4188,0.4146,0.4174
164,0.4188,0.4188,0.4174,0.4188,0.4174,0.4146,0.4188,0.4174,0.4174,0.4146,0.4188,0.4146,0.4174
165,0.4188,0.4188,0.4174,0.4188,0.4174,0.4146,0.4188,0.4174,0.4174,0.4146,0.4188,0.4146,0.4174
166,0.4188,0.4188,0.4174,0.4188,0.4174,0.4146,0.4188,0.4174,0.4174,0.4146,0.4188,0.4146,0.4174
167,0.4188,0.4188,0.4174,0.4188,0.4174,0.4146,0.4188,0.4174,0.4174,0.4146,0.4188,0.4146,0.4174
168,0.4188,0.4188,0.4174,0.4188,0.4174,0.4146,0.4188,0.4174,0.4174,0.4146,0.4188,0.4146,0.4174
169,0.4188,0.4188,0.4174,0.4188,0.4174,0.4146,0.4188,0.4174,0.4174,0.4146,0.4188,0.4146,0.4174
170,0.4188,0.4188,0.4174,0.4188,0.4174,0.4146,0.4188,0.4174,0.4174,0.4146,0.4188,0.4146,0.4174
171,0.4188,0.4188,0.4174,0.4188,0.4174,0.4146,0.4188,0.4174,0.4174,0.4146,0.4188,0.4146,0.4174
172,0.4188,0.4188,0.4174,0.4188,0.4174,0.4146,0.4188,0.4174,0.4174,0.4146,0.4188,0.4146,0.4174
173,0.4188,0.4188,0.4174,0.4188,0.4174,0.4146,0.4188,0.4174,0.4174,0.4146,0.4188,0.4146,0.4174
174,0.4188,0.4188,0.4174,0.4188,0.4174,0.4146,0.4188,0.4174,0.4174,0.4146,0.4188,0.4146,0.4174
175,0.4188,0.4188,0.4174,0.4188,0.4174,0.4146,0.4188,0.4174,0.4174,0.4146,0.4188,0.4146,0.4174
176,0.4188,0.4188,0.4174,0.4188,0.4174,0.4146,0.4188,0.4188,0.4174,0.4146,0.4188,0.4146,0.4175
177,0.4188,0.4188,0.4174,0.4188,0.4174,0.4146,0.4188,0.4188,0.4174,0.4146,0.4188,0.4146,0.4175
178,0.4188,0.4188,0.4174,0.4188,0.4174,0.4146,0.4188,0.4188,0.4174,0.4146,0.4188,0.4146,0.4175
179,0.4188,0.4188,0.4174,0.4188,0.4174,0.4146,0.4188,0.4188,0.4174,0.4146,0.4188,0.4146,0.4175
180,0.4188,0.4188,0.4174,0.4188,0.4174,0.4146,0.4188,0.4188,0.4174,0.4146,0.4188,0.4146,0.4175
181,0.4188,0.4188,0.4174,0.4188,0.4174,0.4146,0.4188,0.4188,0.4174,0.4146,0.4188,0.4146,0.4175
182,0.4188,0.4188,0.4174,0.4188,0.4174,0.4146,0.4188,0.4188,0.4174,0.4146,0.4188,0.4146,0.4175
183,0.4188,0.4188,0.4174,0.4188,0.4174,0.416,0.4188,0.4188,0.4174,0.4146,0.4188,0.4146,0.4177
184,0.4188,0.4188,0.4174,0.4188,0.4174,0.416,0.4188,0.4188,0.4174,0.4146,0.4188,0.4146,0.4177
185,0.4188,0.4188,0.4174,0.4188,0.4174,0.416,0.4188,0.4188,0.4174,0.4146,0.4188,0.4146,0.4177
186,0.4188,0.4188,0.4174,0.4188,0.4174,0.416,0.4188,0.4188,0.4174,0.4146,0.4188,0.4146,0.4177
187,0.4188,0.4188,0.4174,0.4188,0.4174,0.416,0.4188,0.4188,0.4174,0.4146,0.4188,0.4146,0.4177
188,0.4188,0.4188,0.4174,0.4188,0.4174,0.416,0.4188,0.4188,0.4174,0.4146,0.4188,0.4146,0.4177
189,0.4188,0.4188,0.4174,0.4188,0.4174,0.416,0.4188,0.4188,0.4174,0.4146,0.4188,0.4146,0.4177
190,0.4188,0.4188,0.4174,0.4188,0.4174,0.416,0.4188,0.4188,0.4174,0.4146,0.4188,0.4146,0.4177
191,0.4188,0.4188,0.4174,0.4188,0.4174,0.416,0.4188,0.4188,0.4174,0.4146,0.4188,0.4146,0.4177
192,0.4188,0.4188,0.4174,0.4188,0.4174,0.416,0.4188,0.4188,0.4174,0.4146,0.4188,0.4146,0.4177
193,0.4188,0.4188,0.4174,0.4188,0.4174,0.416,0.4188,0.4188,0.4174,0.4146,0.4188,0.4146,0.4177
194,0.4188,0.4188,0.4174,0.4188,0.4174,0.416,0.4188,0.4188,0.4174,0.4146,0.4188,0.4146,0.4177
195,0.4188,0.4188,0.4174,0.4188,0.4174,0.416,0.4188,0.4188,0.4174,0.4146,0.4188,0.4146,0.4177
196,0.4188,0.4188,0.4174,0.4188,0.4174,0.416,0.4188,0.4188,0.4174,0.4146,0.4188,0.4146,0.4177
197,0.4188,0.4188,0.4174,0.4188,0.4174,0.416,0.4188,0.4188,0.4174,0.4146,0.4188,0.4146,0.4177
198,0.4188,0.4188,0.4174,0.4188,0.4174,0.416,0.4188,0.4188,0.4174,0.4146,0.4188,0.4146,0.4177
199,0.4188,0.4188,0.4174,0.4188,0.4174,0.416,0.4188,0.4188,0.4174,0.4146,0.4188,0.4146,0.4177
200,0.4188,0.4188,0.4174,0.4188,0.4174,0.4188,0.4188,0.4188,0.4174,0.4146,0.4188,0.4146,0.418
201,0.4188,0.4188,0.4174,0.4188,0.4174,0.4188,0.4188,0.4188,0.4174,0.4146,0.4188,0.4146,0.418
202,0.4188,0.4188,0.4174,0.4188,0.4174,0.4188,0.4188,0.4188,0.4174,0.4146,0.4188,0.4146,0.418
203,0.4188,0.4188,0.4174,0.4188,0.4174,0.4188,0.4188,0.4188,0.4174,0.4146,0.4188,0.4146,0.418
204,0.4188,0.4188,0.4174,0.4188,0.4174,0.4188,0.4188,0.4188,0.4174,0.4146,0.4188,0.4146,0.418
205,0.4188,0.4188,0.4174,0.4188,0.4174,0.4188,0.4188,0.4188,0.4174,0.4146,0.4188,0.4146,0.418
206,0.4188,0.4188,0.4174,0.4188,0.4174,0.4188,0.4188,0.4188,0.4174,0.4146,0.4188,0.4146,0.418
207,0.4188,0.4188,0.4174,0.4188,0.4174,0.4188,0.4188,0.4188,0.4174,0.4146,0.4188,0.4146,0.418
208,0.4188,0.4188,0.4174,0.4188,0.4174,0.4188,0.4188,0.4188,0.4174,0.4146,0.4188,0.4146,0.418
209,0.4188,0.4188,0.4174,0.4188,0.4174,0.4188,0.4188,0.4188,0.4174,0.4146,0.4188,0.4146,0.418
210,0.4188,0.4188,0.4174,0.4188,0.4174,0.4188,0.4188,0.4188,0.4174,0.4146,0.4188,0.4146,0.418
211,0.4188,0.4188,0.4174,0.4188,0.4174,0.4188,0.4188,0.4188,0.4174,0.4146,0.4188,0.4146,0.418
212,0.4188,0.4188,0.4174,0.4188,0.4174,0.4188,0.4188,0.4188,0.4174,0.4146,0.4188,0.4146,0.418
213,0.4188,0.4188,0.4174,0.4188,0.4174,0.4188,0.4188,0.4188,0.4174,0.4146,0.4188,0.4146,0.418
214,0.4188,0.4188,0.4174,0.4188,0.4174,0.4188,0.4188,0.4188,0.4174,0.4146,0.4188,0.4146,0.418
215,0.4188,0.4188,0.4174,0.4188,0.4174,0.4188,0.4188,0.4188,0.4174,0.4146,0.4188,0.4146,0.418
216,0.4188,0.4188,0.4174,0.4188,0.4174,0.4188,0.4188,0.4188,0.4174,0.4146,0.4188,0.4146,0.418
217,0.4188,0.4188,0.4174,0.4188,0.4174,0.4188,0.4188,0.4188,0.4174,0.4146,0.4188,0.4146,0.418
218,0.4188,0.4188,0.4174,0.4188,0.4174,0.4188,0.4188,0.4188,0.4174,0.4146,0.4188,0.4146,0.418
219,0.4188,0.4188,0.4174,0.4188,0.4174,0.4188,0.4188,0.4188,0.4174,0.4146,0.4188,0.4146,0.418
220,0.4188,0.4188,0.4174,0.4188,0.4174,0.4188,0.4188,0.4188,0.4174,0.4146,0.4188,0.4146,0.418
221,0.4188,0.4188,0.4174,0.4188,0.4174,0.4188,0.4188,0.4188,0.4174,0.4146,0.4188,0.4146,0.418
222,0.4188,0.4188,0.4174,0.4188,0.4174,0.4188,0.4188,0.4188,0.4174,0.4146,0.4188,0.4146,0.418
223,0.4188,0.4188,0.4174,0.4188,0.4174,0.4188,0.4188,0.4188,0.4174,0.4146,0.4188,0.4146,0.418
224,0.4188,0.4188,0.4174,0.4188,0.4174,0.4188,0.4188,0.4188,0.4174,0.4146,0.4188,0.4146,0.418
225,0.4188,0.4188,0.4174,0.4188,0.4174,0.4188,0.4188,0.4188,0.4174,0.4146,0.4188,0.4146,0.418
226,0.4188,0.4188,0.4174,0.4188,0.4174,0.4188,0.4188,0.4188,0.4174,0.4146,0.4188,0.4146,0.418
227,0.4188,0.4188,0.4174,0.4188,0.4174,0.4188,0.4188,0.4188,0.4174,0.4146,0.4188,0.4146,0.418
228,0.4188,0.4188,0.4174,0.4188,0.4174,0.4188,0.4188,0.4188,0.4174,0.4146,0.4188,0.4146,0.418
229,0.4188,0.4188,0.4174,0.4188,0.4174,0.4188,0.4188,0.4188,0.4174,0.4146,0.4188,0.4146,0.418
230,0.4188,0.4188,0.4174,0.4188,0.4174,0.4188,0.4188,0.4188,0.4174,0.4146,0.4188,0.4146,0.418
231,0.4188,0.4188,0.4174,0.4188,0.4174,0.4188,0.4188,0.4188,0.4174,0.4146,0.4188,0.4146,0.418
232,0.4188,0.4188,0.4174,0.4188,0.4174,0.4188,0.4188,0.4188,0.4174,0.4146,0.4188,0.4146,0.418
233,0.4188,0.4188,0.4174,0.4188,0.4174,0.4188,0.4188,0.4188,0.4174,0.4146,0.4188,0.4146,0.418
234,0.4188,0.4188,0.4174,0.4188,0.4174,0.4188,0.4188,0.4188,0.4174,0.4146,0.4188,0.4146,0.418
235,0.4188,0.4188,0.4174,0.4188,0.4174,0.4188,0.4188,0.4188,0.4174,0.4146,0.4188,0.4146,0.418
236,0.4188,0.4188,0.4174,0.4188,0.4174,0.4188,0.4188,0.4188,0.4174,0.4146,0.4188,0.4146,0.418
237,0.4188,0.4188,0.4174,0.4188,0.4174,0.4188,0.4188,0.4188,0.4174,0.4146,0.4188,0.4146,0.418
238,0.4188,0.4188,0.4174,0.4188,0.4174,0.4188,0.4188,0.4188,0.4174,0.4146,0.4188,0.4146,0.418
239,0.4188,0.4188,0.4174,0.4188,0.4174,0.4188,0.4188,0.4188,0.4174,0.4146,0.4188,0.4146,0.418
240,0.4188,0.4188,0.4174,0.4188,0.4174,0.4188,0.4188,0.4188,0.4174,0.4146,0.4188,0.4146,0.418
241,0.4188,0.4188,0.4174,0.4188,0.4174,0.4188,0.4188,0.4188,0.4174,0.4146,0.4188,0.4146,0.418
242,0.4188,0.4188,0.4174,0.4188,0.4174,0.4188,0.4188,0.4188,0.4174,0.4146,0.4188,0.4146,0.418
243,0.4188,0.4188,0.4174,0.4188,0.4174,0.4188,0.4188,0.4188,0.4174,0.4146,0.4188,0.4146,0.418
244,0.4188,0.4188,0.4174,0.4188,0.4174,0.4188,0.4188,0.4188,0.4174,0.4146,0.4188,0.4146,0.418
245,0.4188,0.4188,0.4174,0.4188,0.4174,0.4188,0.4188,0.4188,0.4174,0.4146,0.4188,0.4146,0.418
246,0.4188,0.4188,0.4174,0.4188,0.4174,0.4188,0.4188,0.4188,0.4174,0.4146,0.4188,0.4146,0.418
247,0.4188,0.4188,0.4174,0.4188,0.4174,0.4188,0.4188,0.4188,0.4174,0.4146,0.4188,0.4146,0.418
248,0.4188,0.4188,0.4174,0.4188,0.4174,0.4188,0.4188,0.4188,0.4174,0.4146,0.4188,0.4146,0.418
249,0.4188,0.4188,0.4174,0.4188,0.4174,0.4188,0.4188,0.4188,0.4174,0.4146,0.4188,0.4146,0.418
250,0.4188,0.4188,0.4174,0.4188,0.4174,0.4188,0.4188,0.4188,0.4174,0.4146,0.4188,0.4146,0.418
251,0.4188,0.4188,0.4174,0.4188,0.4174,0.4188,0.4188,0.4188,0.4174,0.4146,0.4188,0.4146,0.418
252,0.4188,0.4188,0.4174,0.4188,0.4174,0.4188,0.4188,0.4188,0.4174,0.4146,0.4188,0.4146,0.418
253,0.4188,0.4188,0.4174,0.4188,0.4174,0.4188,0.4188,0.4188,0.4174,0.4146,0.4188,0.4146,0.418
254,0.4188,0.4188,0.4174,0.4188,0.4174,0.4188,0.4188,0.4188,0.4174,0.4146,0.4188,0.4146,0.418
255,0.4188,0.4188,0.4174,0.4188,0.4174,0.4188,0.4188,0.4188,0.4174,0.4146,0.4188,0.4146,0.418
256,0.4188,0.4188,0.4174,0.4188,0.4174,0.4188,0.4188,0.4188,0.4174,0.4146,0.4188,0.4146,0.418
257,0.4188,0.4188,0.4174,0.4188,0.4174,0.4188,0.4188,0.4188,0.4174,0.4146,0.4188,0.4146,0.418
258,0.4188,0.4188,0.4174,0.4188,0.4174,0.4188,0.4188,0.4188,0.4174,0.4146,0.4188,0.4146,0.418
259,0.4188,0.4188,0.4174,0.4188,0.4174,0.4188,0.4188,0.4188,0.4174,0.4146,0.4188,0.4146,0.418
260,0.4188,0.4188,0.4174,0.4188,0.4174,0.4188,0.4188,0.4188,0.4174,0.4146,0.4188,0.4146,0.418
261,0.4188,0.4188,0.4174,0.4188,0.4174,0.4188,0.4188,0.4188,0.4174,0.4146,0.4188,0.4146,0.418
262,0.4188,0.4188,0.4174,0.4188,0.4174,0.4188,0.4188,0.4188,0.4174,0.4146,0.4188,0.4146,0.418
263,0.4188,0.4188,0.4174,0.4188,0.4174,0.4188,0.4188,0.4188,0.4174,0.4146,0.4188,0.4146,0.418
264,0.4188,0.4188,0.4174,0.4188,0.4174,0.4188,0.4188,0.4188,0.4174,0.4146,0.4188,0.4146,0.418
265,0.4188,0.4188,0.4174,0.4188,0.4174,0.4188,0.4188,0.4188,0.4174,0.4146,0.4188,0.4146,0.418
266,0.4188,0.4188,0.4174,0.4188,0.4174,0.4188,0.4188,0.4188,0.4174,0.4146,0.4188,0.4146,0.418
267,0.4188,0.4188,0.4174,0.4188,0.4174,0.4188,0.4188,0.4188,0.4174,0.4146,0.4188,0.4146,0.418
268,0.4188,0.4188,0.4174,0.4188,0.4174,0.4188,0.4188,0.4188,0.4174,0.4146,0.4188,0.4146,0.418
269,0.4188,0.4188,0.4174,0.4188,0.4174,0.4188,0.4188,0.4188,0.4174,0.4146,0.4188,0.4146,0.418
270,0.4188,0.4188,0.4174,0.4188,0.4174,0.4188,0.4188,0.4188,0.4174,0.4146,0.4188,0.4146,0.418
271,0.4188,0.4188,0.4174,0.4188,0.4174,0.4188,0.4188,0.4188,0.4174,0.4146,0.4188,0.4146,0.418
272,0.4188,0.4188,0.4174,0.4188,0.4174,0.4188,0.4188,0.4188,0.4174,0.4146,0.4188,0.4146,0.418
273,0.4188,0.4188,0.4174,0.4188,0.4174,0.4188,0.4188,0.4188,0.4174,0.4146,0.4188,0.4146,0.418
274,0.4188,0.4188,0.4174,0.4188,0.4174,0.4188,0.4188,0.4188,0.4174,0.4146,0.4188,0.4146,0.418
275,0.4188,0.4188,0.4174,0.4188,0.4174,0.4188,0.4188,0.4188,0.4174,0.4146,0.4188,0.4146,0.418
276,0.4188,0.4188,0.4174,0.4188,0.4174,0.4188,0.4188,0.4188,0.4174,0.4146,0.4188,0.4146,0.418
277,0.4188,0.4188,0.4174,0.4188,0.4174,0.4188,0.4188,0.4188,0.4174,0.4146,0.4188,0.4146,0.418
278,0.4188,0.4188,0.4174,0.4188,0.4174,0.4188,0.4188,0.4188,0.4174,0.4146,0.4188,0.4146,0.418
279,0.4188,0.4188,0.4174,0.4188,0.4174,0.4188,0.4188,0.4188,0.4174,0.4146,0.4188,0.4146,0.418
280,0.4188,0.4188,0.4174,0.4188,0.4174,0.4188,0.4188,0.4188,0.4174,0.4146,0.4188,0.4146,0.418
281,0.4188,0.4188,0.4174,0.4188,0.4174,0.4188,0.4188,0.4188,0.4174,0.4146,0.4188,0.4146,0.418
282,0.4188,0.4188,0.4174,0.4188,0.4174,0.4188,0.4188,0.4188,0.4174,0.4146,0.4188,0.4146,0.418
283,0.4188,0.4188,0.4174,0.4188,0.4174,0.4188,0.4188,0.4188,0.4174,0.4146,0.4188,0.4146,0.418
284,0.4188,0.4188,0.4174,0.4188,0.4174,0.4188,0.4188,0.4188,0.4174,0.4146,0.4188,0.4146,0.418
285,0.4188,0.4188,0.4174,0.4188,0.4174,0.4188,0.4188,0.4188,0.4174,0.4146,0.4188,0.4146,0.418
286,0.4188,0.4188,0.4174,0.4188,0.4174,0.4188,0.4188,0.4188,0.4174,0.4146,0.4188,0.4146,0.418
287,0.4188,0.4188,0.4174,0.4188,0.4174,0.4188,0.4188,0.4188,0.4174,0.4146,0.4188,0.4146,0.418
288,0.4188,0.4188,0.4174,0.4188,0.4174,0.4188,0.4188,0.4188,0.4174,0.4146,0.4188,0.4146,0.418
289,0.4188,0.4188,0.4174,0.4188,0.4174,0.4188,0.4188,0.4188,0.4174,0.4146,0.4188,0.4146,0.418
290,0.4188,0.4188,0.4174,0.4188,0.4174,0.4188,0.4188,0.4188,0.4174,0.4146,0.4188,0.4146,0.418
291,0.4188,0.4188,0.4174,0.4188,0.4174,0.4188,0.4188,0.4188,0.4174,0.4146,0.4188,0.4146,0.418
292,0.4188,0.4188,0.4174,0.4188,0.4174,0.4188,0.4188,0.4188,0.4174,0.4146,0.4188,0.4146,0.418
293,0.4188,0.4188,0.4174,0.4188,0.4174,0.4188,0.4188,0.4188,0.4174,0.4146,0.4188,0.4146,0.418
294,0.4188,0.4188,0.4174,0.4188,0.4174,0.4188,0.4188,0.4188,0.4174,0.4146,0.4188,0.4146,0.418
295,0.4188,0.4188,0.4174,0.4188,0.4174,0.4188,0.4188,0.4188,0.4174,0.4146,0.4188,0.4146,0.418
296,0.4188,0.4188,0.4174,0.4188,0.4174,0.4188,0.4188,0.4188,0.4174,0.4146,0.4188,0.4146,0.418
297,0.4188,0.4188,0.4174,0.4188,0.4174,0.4188,0.4188,0.4188,0.4174,0.4146,0.4188,0.4146,0.418
298,0.4188,0.4188,0.4174,0.4188,0.4174,0.4188,0.4188,0.4188,0.4174,0.4146,0.4188,0.4146,0.418
299,0.4188,0.4188,0.4174,0.4188,0.4174,0.4188,0.4188,0.4188,0.4174,0.4146,0.4188,0.4146,0.418
300,0.4188,0.4188,0.4174,0.4188,0.4174,0.4188,0.4188,0.4188,0.4174,0.4146,0.4188,0.4146,0.418
301,0.4188,0.4188,0.4174,0.4188,0.4174,0.4188,0.4188,0.4188,0.4174,0.4146,0.4188,0.4146,0.418
302,0.4188,0.4188,0.4174,0.4188,0.4174,0.4188,0.4188,0.4188,0.4174,0.4146,0.4188,0.4146,0.418
303,0.4188,0.4188,0.4174,0.4188,0.4174,0.4188,0.4188,0.4188,0.4174,0.4146,0.4188,0.4146,0.418
304,0.4188,0.4188,0.4174,0.4188,0.4174,0.4188,0.4188,0.4188,0.4174,0.4146,0.4188,0.4146,0.418
305,0.4188,0.4188,0.4174,0.4188,0.4174,0.4188,0.4188,0.4188,0.4174,0.4146,0.4188,0.4146,0.418
306,0.4188,0.4188,0.4174,0.4188,0.4174,0.4188,0.4188,0.4188,0.4174,0.4146,0.4188,0.4146,0.418
307,0.4188,0.4188,0.4174,0.4188,0.4174,0.4188,0.4188,0.4188,0.4174,0.4146,0.4188,0.4146,0.418
308,0.4188,0.4188,0.4174,0.4188,0.4174,0.4188,0.4188,0.4188,0.4174,0.4146,0.4188,0.4146,0.418
309,0.4188,0.4188,0.4174,0.4188,0.4174,0.4188,0.4188,0.4188,0.4174,0.4146,0.4188,0.4146,0.418
310,0.4188,0.4188,0.4174,0.4188,0.4174,0.4188,0.4188,0.4188,0.4174,0.4146,0.4188,0.4146,0.418
311,0.4188,0.4188,0.4174,0.4188,0.4174,0.4188,0.4188,0.4188,0.4174,0.4146,0.4188,0.4146,0.418
312,0.4188,0.4188,0.4174,0.4188,0.4174,0.4188,0.4188,0.4188,0.4174,0.4146,0.4188,0.4146,0.418
313,0.4188,0.4188,0.4174,0.4188,0.4174,0.4188,0.4188,0.4188,0.4174,0.4146,0.4188,0.4146,0.418
314,0.4188,0.4188,0.4174,0.4188,0.4174,0.4188,0.4188,0.4188,0.4174,0.4146,0.4188,0.4146,0.418
315,0.4188,0.4188,0.4174,0.4188,0.4174,0.4188,0.4188,0.4188,0.4174,0.4146,0.4188,0.4146,0.418
316,0.4188,0.4188,0.4174,0.4188,0.4174,0.4188,0.4188,0.4188,0.4174,0.4146,0.4188,0.4146,0.418
317,0.4188,0.4188,0.4174,0.4188,0.4174,0.4188,0.4188,0.4188,0.4174,0.4146,0.4188,0.4146,0.418
318,0.4188,0.4188,0.4174,0.4188,0.4174,0.4188,0.4188,0.4188,0.4174,0.4146,0.4188,0.4146,0.418
319,0.4188,0.4188,0.4174,0.4188,0.4174,0.4188,0.4188,0.4188,0.4174,0.4146,0.4188,0.4146,0.418
320,0.4188,0.4188,0.4174,0.4188,0.4174,0.4188,0.4188,0.4188,0.4174,0.4146,0.4188,0.4146,0.418
321,0.4188,0.4188,0.4174,0.4188,0.4174,0.4188,0.4188,0.4188,0.4174,0.4146,0.4188,0.4146,0.418
322,0.4188,0.4188,0.4174,0.4188,0.4174,0.4188,0.4188,0.4188,0.4174,0.4146,0.4188,0.4146,0.418
323,0.4188,0.4188,0.4174,0.4188,0.4174,0.4188,0.4188,0.4188,0.4174,0.4146,0.4188,0.4146,0.418
324,0.4188,0.4188,0.4174,0.4188,0.4174,0.4188,0.4188,0.4188,0.4174,0.4146,0.4188,0.4146,0.418
325,0.4188,0.4188,0.4174,0.4188,0.4174,0.4188,0.4188,0.4188,0.4174,0.4146,0.4188,0.4146,0.418
326,0.4188,0.4188,0.4174,0.4188,0.4174,0.4188,0.4188,0.4188,0.4174,0.4146,0.4188,0.4146,0.418
327,0.4188,0.4188,0.4174,0.4188,0.4174,0.4188,0.4188,0.4188,0.4174,0.4146,0.4188,0.4146,0.418
328,0.4188,0.4188,0.4174,0.4188,0.4174,0.4188,0.4188,0.4188,0.4174,0.4146,0.4188,0.4146,0.418
329,0.4188,0.4188,0.4174,0.4188,0.4174,0.4188,0.4188,0.4188,0.4174,0.4146,0.4188,0.4146,0.418
330,0.4188,0.4188,0.4174,0.4188,0.4174,0.4188,0.4188,0.4188,0.4174,0.4146,0.4188,0.4146,0.418
331,0.4188,0.4188,0.4174,0.4188,0.4174,0.4188,0.4188,0.4188,0.4174,0.4146,0.4188,0.4146,0.418
332,0.4188,0.4188,0.4174,0.4188,0.4174,0.4188,0.4188,0.4188,0.4174,0.4146,0.4188,0.4146,0.418
333,0.4188,0.4188,0.4174,0.4188,0.4174,0.4188,0.4188,0.4188,0.4174,0.4174,0.4188,0.4174,0.4182
334,0.4188,0.4188,0.4174,0.4188,0.4174,0.4188,0.4188,0.4188,0.4174,0.4174,0.4188,0.4174,0.4182
335,0.4188,0.4188,0.4174,0.4188,0.4174,0.4188,0.4188,0.4188,0.4174,0.4174,0.4188,0.4174,0.4182
336,0.4188,0.4188,0.4174,0.4188,0.4174,0.4188,0.4188,0.4188,0.4174,0.4174,0.4188,0.4174,0.4182
337,0.4188,0.4188,0.4174,0.4188,0.4174,0.4188,0.4188,0.4188,0.4174,0.4174,0.4188,0.4174,0.4182
338,0.4188,0.4188,0.4174,0.4188,0.4174,0.4188,0.4188,0.4188,0.4174,0.4174,0.4188,0.4174,0.4182
339,0.4188,0.4188,0.4174,0.4188,0.4174,0.4188,0.4188,0.4188,0.4174,0.4174,0.4188,0.4174,0.4182
340,0.4188,0.4188,0.4174,0.4188,0.4174,0.4188,0.4188,0.4188,0.4174,0.4174,0.4188,0.4174,0.4182
341,0.4188,0.4188,0.4174,0.4188,0.4174,0.4188,0.4188,0.4188,0.4174,0.4174,0.4188,0.4174,0.4182
342,0.4188,0.4188,0.4174,0.4188,0.4174,0.4188,0.4188,0.4188,0.4174,0.4174,0.4188,0.4174,0.4182
343,0.4188,0.4188,0.4174,0.4188,0.4174,0.4188,0.4188,0.4188,0.4174,0.4174,0.4188,0.4174,0.4182
344,0.4188,0.4188,0.4174,0.4188,0.4174,0.4188,0.4188,0.4188,0.4174,0.4174,0.4188,0.4174,0.4182
345,0.4188,0.4188,0.4174,0.4188,0.4174,0.4188,0.4188,0.4188,0.4174,0.4174,0.4188,0.4174,0.4182
346,0.4188,0.4188,0.4174,0.4188,0.4174,0.4188,0.4188,0.4188,0.4174,0.4174,0.4188,0.4174,0.4182
347,0.4188,0.4188,0.4174,0.4188,0.4174,0.4188,0.4188,0.4188,0.4174,0.4174,0.4188,0.4174,0.4182
348,0.4188,0.4188,0.4174,0.4188,0.4174,0.4188,0.4188,0.4188,0.4174,0.4174,0.4188,0.4174,0.4182
349,0.4188,0.4188,0.4174,0.4188,0.4174,0.4188,0.4188,0.4188,0.4174,0.4174,0.4188,0.4174,0.4182
350,0.4188,0.4188,0.4174,0.4188,0.4174,0.4188,0.4188,0.4188,0.4174,0.4174,0.4188,0.4174,0.4182
351,0.4188,0.4188,0.4174,0.4188,0.4174,0.4188,0.4188,0.4188,0.4174,0.4174,0.4188,0.4174,0.4182
352,0.4188,0.4188,0.4174,0.4188,0.4174,0.4188,0.4188,0.4188,0.4174,0.4174,0.4188,0.4174,0.4182
353,0.4188,0.4188,0.4174,0.4188,0.4174,0.4188,0.4188,0.4188,0.4174,0.4174,0.4188,0.4174,0.4182
354,0.4188,0.4188,0.4174,0.4188,0.4174,0.4188,0.4188,0.4188,0.4174,0.4174,0.4188,0.4174,0.4182
355,0.4188,0.4188,0.4174,0.4188,0.4174,0.4188,0.4188,0.4188,0.4174,0.4174,0.4188,0.4174,0.4182
356,0.4188,0.4188,0.4174,0.4188,0.4174,0.4188,0.4188,0.4188,0.4174,0.4174,0.4188,0.4174,0.4182
357,0.4188,0.4188,0.4174,0.4188,0.4174,0.4188,0.4188,0.4188,0.4174,0.4174,0.4188,0.4174,0.4182
358,0.4188,0.4188,0.4174,0.4188,0.4174,0.4188,0.4188,0.4188,0.4174,0.4174,0.4188,0.4174,0.4182
359,0.4188,0.4188,0.4174,0.4188,0.4174,0.4188,0.4188,0.4188,0.4174,0.4174,0.4188,0.4174,0.4182
360,0.4188,0.4188,0.4174,0.4188,0.4174,0.4188,0.4188,0.4188,0.4174,0.4174,0.4188,0.4174,0.4182
361,0.4188,0.4188,0.4174,0.4188,0.4174,0.4188,0.4188,0.4188,0.4174,0.4174,0.4188,0.4174,0.4182
362,0.4188,0.4188,0.4174,0.4188,0.4174,0.4188,0.4188,0.4188,0.4174,0.4174,0.4188,0.4174,0.4182
363,0.4188,0.4188,0.4174,0.4188,0.4174,0.4188,0.4188,0.4188,0.4174,0.4174,0.4188,0.4174,0.4182
364,0.4188,0.4188,0.4174,0.4188,0.4174,0.4188,0.4188,0.4188,0.4174,0.4174,0.4188,0.4174,0.4182
365,0.4188,0.4188,0.4174,0.4188,0.4174,0.4188,0.4188,0.4188,0.4174,0.4174,0.4188,0.4174,0.4182
366,0.4188,0.4188,0.4174,0.4188,0.4174,0.4188,0.4188,0.4188,0.4174,0.4174,0.4188,0.4174,0.4182
367,0.4188,0.4188,0.4174,0.4188,0.4174,0.4188,0.4188,0.4188,0.4174,0.4174,0.4188,0.4174,0.4182
368,0.4188,0.4188,0.4174,0.4188,0.4174,0.4188,0.4188,0.4188,0.4174,0.4174,0.4188,0.4174,0.4182
369,0.4188,0.4188,0.4174,0.4188,0.4174,0.4188,0.4188,0.4188,0.4174,0.4188,0.4188,0.4174,0.4184
370,0.4188,0.4188,0.4174,0.4188,0.4174,0.4188,0.4188,0.4188,0.4174,0.4188,0.4188,0.4174,0.4184
371,0.4188,0.4188,0.4174,0.4188,0.4174,0.4188,0.4188,0.4188,0.4174,0.4188,0.4188,0.4174,0.4184
372,0.4188,0.4188,0.4174,0.4188,0.4174,0.4188,0.4188,0.4188,0.4174,0.4188,0.4188,0.4174,0.4184
373,0.4188,0.4188,0.4174,0.4188,0.4174,0.4188,0.4188,0.4188,0.4174,0.4188,0.4188,0.4174,0.4184
374,0.4188,0.4188,0.4174,0.4188,0.4174,0.4188,0.4188,0.4188,0.4174,0.4188,0.4188,0.4174,0.4184
375,0.4188,0.4188,0.4174,0.4188,0.4174,0.4188,0.4188,0.4188,0.4174,0.4188,0.4188,0.4174,0.4184
376,0.4188,0.4188,0.4174,0.4188,0.4174,0.4188,0.4188,0.4188,0.4174,0.4188,0.4188,0.4174,0.4184
377,0.4188,0.4188,0.4174,0.4188,0.4174,0.4188,0.4188,0.4188,0.4174,0.4188,0.4188,0.4174,0.4184
378,0.4188,0.4188,0.4174,0.4188,0.4174,0.4188,0.4188,0.4188,0.4174,0.4188,0.4188,0.4174,0.4184
379,0.4188,0.4188,0.4174,0.4188,0.4174,0.4188,0.4188,0.4188,0.4174,0.4188,0.4188,0.4174,0.4184
380,0.4188,0.4188,0.4174,0.4188,0.4174,0.4188,0.4188,0.4188,0.4174,0.4188,0.4188,0.4174,0.4184
381,0.4188,0.4188,0.4174,0.4188,0.4174,0.4188,0.4188,0.4188,0.4174,0.4188,0.4188,0.4174,0.4184
382,0.4188,0.4188,0.4174,0.4188,0.4174,0.4188,0.4188,0.4188,0.4174,0.4188,0.4188,0.4174,0.4184
383,0.4188,0.4188,0.4174,0.4188,0.4174,0.4188,0.4188,0.4188,0.4174,0.4188,0.4188,0.4174,0.4184
384,0.4188,0.4188,0.4174,0.4188,0.4174,0.4188,0.4188,0.4188,0.4174,0.4188,0.4188,0.4174,0.4184
385,0.4188,0.4188,0.4174,0.4188,0.4174,0.4188,0.4188,0.4188,0.4174,0.4188,0.4188,0.4174,0.4184
386,0.4188,0.4188,0.4174,0.4188,0.4174,0.4188,0.4188,0.4188,0.4174,0.4188,0.4188,0.4174,0.4184
387,0.4188,0.4188,0.4174,0.4188,0.4174,0.4188,0.4188,0.4188,0.4174,0.4188,0.4188,0.4174,0.4184
388,0.4188,0.4188,0.4174,0.4188,0.4174,0.4188,0.4188,0.4188,0.4174,0.4188,0.4188,0.4174,0.4184
389,0.4188,0.4188,0.4174,0.4188,0.4174,0.4188,0.4188,0.4188,0.4174,0.4188,0.4188,0.4174,0.4184
390,0.4188,0.4188,0.4174,0.4188,0.4174,0.4188,0.4188,0.4188,0.4174,0.4188,0.4188,0.4174,0.4184
391,0.4188,0.4188,0.4174,0.4188,0.4174,0.4188,0.4188,0.4188,0.4174,0.4188,0.4188,0.4174,0.4184
392,0.4188,0.4188,0.4174,0.4188,0.4174,0.4188,0.4188,0.4188,0.4174,0.4188,0.4188,0.4174,0.4184
393,0.4188,0.4188,0.4174,0.4188,0.4174,0.4188,0.4188,0.4188,0.4174,0.4188,0.4188,0.4174,0.4184
394,0.4188,0.4188,0.4174,0.4188,0.4174,0.4188,0.4188,0.4188,0.4174,0.4188,0.4188,0.4174,0.4184
395,0.4188,0.4188,0.4174,0.4188,0.4174,0.4188,0.4188,0.4188,0.4174,0.4188,0.4188,0.4174,0.4184
396,0.4188,0.4188,0.4174,0.4188,0.4174,0.4188,0.4188,0.4188,0.4174,0.4188,0.4188,0.4174,0.4184
397,0.4188,0.4188,0.4174,0.4188,0.4174,0.4188,0.4188,0.4188,0.4174,0.4188,0.4188,0.4174,0.4184
398,0.4188,0.4188,0.4174,0.4188,0.4174,0.4188,0.4188,0.4188,0.4174,0.4188,0.4188,0.4174,0.4184
399,0.4188,0.4188,0.4174,0.4188,0.4174,0.4188,0.4188,0.4188,0.4174,0.4188,0.4188,0.4174,0.4184
400,0.4188,0.4188,0.4174,0.4188,0.4174,0.4188,0.4188,0.4188,0.4174,0.4188,0.4188,0.4174,0.4184
401,0.4188,0.4188,0.4174,0.4188,0.4174,0.4188,0.4188,0.4188,0.4174,0.4188,0.4188,0.4174,0.4184
402,0.4188,0.4188,0.4174,0.4188,0.4174,0.4188,0.4188,0.4188,0.4174,0.4188,0.4188,0.4174,0.4184
403,0.4188,0.4188,0.4174,0.4188,0.4174,0.4188,0.4188,0.4188,0.4174,0.4188,0.4188,0.4174,0.4184
404,0.4188,0.4188,0.4174,0.4188,0.4174,0.4188,0.4188,0.4188,0.4174,0.4188,0.4188,0.4174,0.4184
405,0.4188,0.4188,0.4174,0.4188,0.4174,0.4188,0.4188,0.4188,0.4174,0.4188,0.4188,0.4174,0.4184
406,0.4188,0.4188,0.4174,0.4188,0.4174,0.4188,0.4188,0.4188,0.4174,0.4188,0.4188,0.4174,0.4184
407,0.4188,0.4188,0.4174,0.4188,0.4174,0.4188,0.4188,0.4188,0.4174,0.4188,0.4188,0.4174,0.4184
408,0.4188,0.4188,0.4174,0.4188,0.4174,0.4188,0.4188,0.4188,0.4174,0.4188,0.4188,0.4174,0.4184
409,0.4188,0.4188,0.4174,0.4188,0.4174,0.4188,0.4188,0.4188,0.4174,0.4188,0.4188,0.4174,0.4184
410,0.4188,0.4188,0.4174,0.4188,0.4174,0.4188,0.4188,0.4188,0.4174,0.4188,0.4188,0.4174,0.4184
411,0.4188,0.4188,0.4174,0.4188,0.4174,0.4188,0.4188,0.4188,0.4174,0.4188,0.4188,0.4174,0.4184
412,0.4188,0.4188,0.4174,0.4188,0.4174,0.4188,0.4188,0.4188,0.4174,0.4188,0.4188,0.4174,0.4184
413,0.4188,0.4188,0.4174,0.4188,0.4174,0.4188,0.4188,0.4188,0.4174,0.4188,0.4188,0.4174,0.4184
414,0.4188,0.4188,0.4174,0.4188,0.4174,0.4188,0.4188,0.4188,0.4174,0.4188,0.4188,0.4174,0.4184
415,0.4188,0.4188,0.4174,0.4188,0.4174,0.4188,0.4188,0.4188,0.4174,0.4188,0.4188,0.4174,0.4184
416,0.4188,0.4188,0.4174,0.4188,0.4174,0.4188,0.4188,0.4188,0.4174,0.4188,0.4188,0.4174,0.4184
417,0.4188,0.4188,0.4174,0.4188,0.4174,0.4188,0.4188,0.4188,0.4174,0.4188,0.4188,0.4174,0.4184
418,0.4188,0.4188,0.4174,0.4188,0.4174,0.4188,0.4188,0.4188,0.4174,0.4188,0.4188,0.4174,0.4184
419,0.4188,0.4188,0.4174,0.4188,0.4174,0.4188,0.4188,0.4188,0.4174,0.4188,0.4188,0.4174,0.4184
420,0.4188,0.4188,0.4174,0.4188,0.4174,0.4188,0.4188,0.4188,0.4174,0.4188,0.4188,0.4174,0.4184
421,0.4188,0.4188,0.4174,0.4188,0.4174,0.4188,0.4188,0.4188,0.4174,0.4188,0.4188,0.4174,0.4184
422,0.4188,0.4188,0.4174,0.4188,0.4174,0.4188,0.4188,0.4188,0.4174,0.4188,0.4188,0.4174,0.4184
423,0.4188,0.4188,0.4174,0.4188,0.4174,0.4188,0.4188,0.4188,0.4174,0.4188,0.4188,0.4174,0.4184
424,0.4188,0.4188,0.4174,0.4188,0.4174,0.4188,0.4188,0.4188,0.4174,0.4188,0.4188,0.4174,0.4184
425,0.4188,0.4188,0.4174,0.4188,0.4174,0.4188,0.4188,0.4188,0.4174,0.4188,0.4188,0.4174,0.4184
426,0.4188,0.4188,0.4174,0.4188,0.4174,0.4188,0.4188,0.4188,0.4174,0.4188,0.4188,0.4174,0.4184
427,0.4188,0.4188,0.4174,0.4188,0.4174,0.4188,0.4188,0.4188,0.4174,0.4188,0.4188,0.4174,0.4184
428,0.4188,0.4188,0.4174,0.4188,0.4174,0.4188,0.4188,0.4188,0.4174,0.4188,0.4188,0.4174,0.4184
429,0.4188,0.4188,0.4174,0.4188,0.4174,0.4188,0.4188,0.4188,0.4174,0.4188,0.4188,0.4174,0.4184
430,0.4188,0.4188,0.4174,0.4188,0.4174,0.4188,0.4188,0.4188,0.4174,0.4188,0.4188,0.4174,0.4184
431,0.4188,0.4188,0.4174,0.4188,0.4174,0.4188,0.4188,0.4188,0.4174,0.4188,0.4188,0.4174,0.4184
432,0.4188,0.4188,0.4174,0.4188,0.4174,0.4188,0.4188,0.4188,0.4174,0.4188,0.4188,0.4174,0.4184
433,0.4188,0.4188,0.4174,0.4188,0.4174,0.4188,0.4188,0.4188,0.4174,0.4188,0.4188,0.4174,0.4184
434,0.4188,0.4188,0.4174,0.4188,0.4174,0.4188,0.4188,0.4188,0.4174,0.4188,0.4188,0.4174,0.4184
435,0.4188,0.4188,0.4174,0.4188,0.4174,0.4188,0.4188,0.4188,0.4174,0.4188,0.4188,0.4174,0.4184
436,0.4188,0.4188,0.4174,0.4188,0.4174,0.4188,0.4188,0.4188,0.4174,0.4188,0.4188,0.4174,0.4184
437,0.4188,0.4188,0.4174,0.4188,0.4174,0.4188,0.4188,0.4188,0.4174,0.4188,0.4188,0.4174,0.4184
438,0.4188,0.4188,0.4174,0.4188,0.4174,0.4188,0.4188,0.4188,0.4174,0.4188,0.4188,0.4174,0.4184
439,0.4188,0.4188,0.4174,0.4188,0.4174,0.4188,0.4188,0.4188,0.4174,0.4188,0.4188,0.4174,0.4184
440,0.4188,0.4188,0.4174,0.4188,0.4174,0.4188,0.4188,0.4188,0.4174,0.4188,0.4188,0.4174,0.4184
441,0.4188,0.4188,0.4174,0.4188,0.4174,0.4188,0.4188,0.4188,0.4174,0.4188,0.4188,0.4174,0.4184
442,0.4188,0.4188,0.4174,0.4188,0.4174,0.4188,0.4188,0.4188,0.4174,0.4188,0.4188,0.4174,0.4184
443,0.4188,0.4188,0.4174,0.4188,0.4174,0.4188,0.4188,0.4188,0.4174,0.4188,0.4188,0.4174,0.4184
444,0.4188,0.4188,0.4174,0.4188,0.4174,0.4188,0.4188,0.4188,0.4174,0.4188,0.4188,0.4174,0.4184
445,0.4188,0.4188,0.4174,0.4188,0.4174,0.4188,0.4188,0.4188,0.4174,0.4188,0.4188,0.4174,0.4184
446,0.4188,0.4188,0.4174,0.4188,0.4174,0.4188,0.4188,0.4188,0.4174,0.4188,0.4188,0.4174,0.4184
447,0.4188,0.4188,0.4174,0.4188,0.4174,0.4188,0.4188,0.4188,0.4174,0.4188,0.4188,0.4174,0.4184
448,0.4188,0.4188,0.4174,0.4188,0.4174,0.4188,0.4188,0.4188,0.4174,0.4188,0.4188,0.4174,0.4184
449,0.4188,0.4188,0.4174,0.4188,0.4174,0.4188,0.4188,0.4188,0.4174,0.4188,0.4188,0.4174,0.4184
450,0.4188,0.4188,0.4174,0.4188,0.4174,0.4188,0.4188,0.4188,0.4174,0.4188,0.4188,0.4174,0.4184
451,0.4188,0.4188,0.4174,0.4188,0.4174,0.4188,0.4188,0.4188,0.4174,0.4188,0.4188,0.4174,0.4184
452,0.4188,0.4188,0.4174,0.4188,0.4174,0.4188,0.4188,0.4188,0.4174,0.4188,0.4188,0.4174,0.4184
453,0.4188,0.4188,0.4174,0.4188,0.4174,0.4188,0.4188,0.4188,0.4174,0.4188,0.4188,0.4174,0.4184
454,0.4188,0.4188,0.4174,0.4188,0.4174,0.4188,0.4188,0.4188,0.4174,0.4188,0.4188,0.4174,0.4184
455,0.4188,0.4188,0.4174,0.4188,0.4174,0.4188,0.4188,0.4188,0.4174,0.4188,0.4188,0.4174,0.4184
456,0.4188,0.4188,0.4174,0.4188,0.4174,0.4188,0.4188,0.4188,0.4174,0.4188,0.4188,0.4174,0.4184
457,0.4188,0.4188,0.4174,0.4188,0.4174,0.4188,0.4188,0.4188,0.4174,0.4188,0.4188,0.4174,0.4184
458,0.4188,0.4188,0.4174,0.4188,0.4174,0.4188,0.4188,0.4188,0.4174,0.4188,0.4188,0.4174,0.4184
459,0.4188,0.4188,0.4174,0.4188,0.4174,0.4188,0.4188,0.4188,0.4174,0.4188,0.4188,0.4174,0.4184
460,0.4188,0.4188,0.4174,0.4188,0.4174,0.4188,0.4188,0.4188,0.4174,0.4188,0.4188,0.4174,0.4184
461,0.4188,0.4188,0.4174,0.4188,0.4174,0.4188,0.4188,0.4188,0.4174,0.4188,0.4188,0.4174,0.4184
462,0.4188,0.4188,0.4174,0.4188,0.4174,0.4188,0.4188,0.4188,0.4174,0.4188,0.4188,0.4174,0.4184
463,0.4188,0.4188,0.4174,0.4188,0.4174,0.4188,0.4188,0.4188,0.4174,0.4188,0.4188,0.4174,0.4184
464,0.4188,0.4188,0.4174,0.4188,0.4174,0.4188,0.4188,0.4188,0.4174,0.4188,0.4188,0.4174,0.4184
465,0.4188,0.4188,0.4174,0.4188,0.4174,0.4188,0.4188,0.4188,0.4174,0.4188,0.4188,0.4174,0.4184
466,0.4188,0.4188,0.4174,0.4188,0.4174,0.4188,0.4188,0.4188,0.4174,0.4188,0.4188,0.4174,0.4184
467,0.4188,0.4188,0.4174,0.4188,0.4174,0.4188,0.4188,0.4188,0.4174,0.4188,0.4188,0.4174,0.4184
468,0.4188,0.4188,0.4174,0.4188,0.4174,0.4188,0.4188,0.4188,0.4174,0.4188,0.4188,0.4174,0.4184
469,0.4188,0.4188,0.4174,0.4188,0.4174,0.4188,0.4188,0.4188,0.4174,0.4188,0.4188,0.4174,0.4184
470,0.4188,0.4188,0.4174,0.4188,0.4174,0.4188,0.4188,0.4188,0.4174,0.4188,0.4188,0.4174,0.4184
471,0.4188,0.4188,0.4174,0.4188,0.4174,0.4188,0.4188,0.4188,0.4174,0.4188,0.4188,0.4174,0.4184
472,0.4188,0.4188,0.4174,0.4188,0.4174,0.4188,0.4188,0.4188,0.4174,0.4188,0.4188,0.4174,0.4184
473,0.4188,0.4188,0.4174,0.4188,0.4174,0.4188,0.4188,0.4188,0.4174,0.4188,0.4188,0.4174,0.4184
474,0.4188,0.4188,0.4174,0.4188,0.4174,0.4188,0.4188,0.4188,0.4174,0.4188,0.4188,0.4174,0.4184
475,0.4188,0.4188,0.4174,0.4188,0.4174,0.4188,0.4188,0.4188,0.4174,0.4188,0.4188,0.4174,0.4184
476,0.4188,0.4188,0.4174,0.4188,0.4174,0.4188,0.4188,0.4188,0.4174,0.4188,0.4188,0.4174,0.4184
477,0.4188,0.4188,0.4174,0.4188,0.4174,0.4188,0.4188,0.4188,0.4174,0.4188,0.4188,0.4174,0.4184
478,0.4188,0.4188,0.4174,0.4188,0.4174,0.4188,0.4188,0.4188,0.4174,0.4188,0.4188,0.4174,0.4184
479,0.4188,0.4188,0.4174,0.4188,0.4174,0.4188,0.4188,0.4188,0.4174,0.4188,0.4188,0.4174,0.4184
480,0.4188,0.4188,0.4174,0.4188,0.4174,0.4188,0.4188,0.4188,0.4174,0.4188,0.4188,0.4174,0.4184
481,0.4188,0.4188,0.4174,0.4188,0.4174,0.4188,0.4188,0.4188,0.4174,0.4188,0.4188,0.4174,0.4184
482,0.4188,0.4188,0.4174,0.4188,0.4174,0.4188,0.4188,0.4188,0.4174,0.4188,0.4188,0.4174,0.4184
483,0.4188,0.4188,0.4174,0.4188,0.4174,0.4188,0.4188,0.4188,0.4174,0.4188,0.4188,0.4174,0.4184
484,0.4188,0.4188,0.4174,0.4188,0.4174,0.4188,0.4188,0.4188,0.4174,0.4188,0.4188,0.4174,0.4184
485,0.4188,0.4188,0.4174,0.4188,0.4174,0.4188,0.4188,0.4188,0.4174,0.4188,0.4188,0.4174,0.4184
486,0.4188,0.4188,0.4174,0.4188,0.4174,0.4188,0.4188,0.4188,0.4174,0.4188,0.4188,0.4174,0.4184
487,0.4188,0.4188,0.4174,0.4188,0.4174,0.4188,0.4188,0.4188,0.4174,0.4188,0.4188,0.4174,0.4184
488,0.4188,0.4188,0.4174,0.4188,0.4174,0.4188,0.4188,0.4188,0.4174,0.4188,0.4188,0.4174,0.4184
489,0.4188,0.4188,0.4174,0.4188,0.4174,0.4188,0.4188,0.4188,0.4174,0.4188,0.4188,0.4174,0.4184
490,0.4188,0.4188,0.4174,0.4188,0.4174,0.4188,0.4188,0.4188,0.4174,0.4188,0.4188,0.4174,0.4184
491,0.4188,0.4188,0.4174,0.4188,0.4174,0.4188,0.4188,0.4188,0.4174,0.4188,0.4188,0.4174,0.4184
492,0.4188,0.4188,0.4174,0.4188,0.4174,0.4188,0.4188,0.4188,0.4174,0.4188,0.4188,0.4174,0.4184
493,0.4188,0.4188,0.4174,0.4188,0.4174,0.4188,0.4188,0.4188,0.4174,0.4188,0.4188,0.4174,0.4184
494,0.4188,0.4188,0.4174,0.4188,0.4174,0.4188,0.4188,0.4188,0.4174,0.4188,0.4188,0.4174,0.4184
495,0.4188,0.4188,0.4174,0.4188,0.4174,0.4188,0.4188,0.4188,0.4174,0.4188,0.4188,0.4174,0.4184
496,0.4188,0.4188,0.4174,0.4188,0.4174,0.4188,0.4188,0.4188,0.4174,0.4188,0.4188,0.4174,0.4184
497,0.4188,0.4188,0.4174,0.4188,0.4174,0.4188,0.4188,0.4188,0.4174,0.4188,0.4188,0.4174,0.4184
498,0.4188,0.4188,0.4174,0.4188,0.4174,0.4188,0.4188,0.4188,0.4174,0.4188,0.4188,0.4174,0.4184
499,0.4188,0.4188,0.4174,0.4188,0.4174,0.4188,0.4188,0.4188,0.4174,0.4188,0.4188,0.4174,0.4184
500,0.4188,0.4188,0.4174,0.4188,0.4174,0.4188,0.4188,0.4188,0.4174,0.4188,0.4188,0.4174,0.4184
501,0.4188,0.4188,0.4174,0.4188,0.4174,0.4188,0.4188,0.4188,0.4174,0.4188,0.4188,0.4174,0.4184
502,0.4188,0.4188,0.4174,0.4188,0.4174,0.4188,0.4188,0.4188,0.4174,0.4188,0.4188,0.4174,0.4184
503,0.4188,0.4188,0.4174,0.4188,0.4174,0.4188,0.4188,0.4188,0.4174,0.4188,0.4188,0.4174,0.4184
504,0.4188,0.4188,0.4174,0.4188,0.4174,0.4188,0.4188,0.4188,0.4174,0.4188,0.4188,0.4174,0.4184
505,0.4188,0.4188,0.4174,0.4188,0.4174,0.4188,0.4188,0.4188,0.4174,0.4188,0.4188,0.4174,0.4184
506,0.4188,0.4188,0.4174,0.4188,0.4174,0.4188,0.4188,0.4188,0.4174,0.4188,0.4188,0.4174,0.4184
507,0.4188,0.4188,0.4174,0.4188,0.4174,0.4188,0.4188,0.4188,0.4174,0.4188,0.4188,0.4174,0.4184
508,0.4188,0.4188,0.4174,0.4188,0.4174,0.4188,0.4188,0.4188,0.4174,0.4188,0.4188,0.4174,0.4184
509,0.4188,0.4188,0.4174,0.4188,0.4174,0.4188,0.4188,0.4188,0.4174,0.4188,0.4188,0.4174,0.4184
510,0.4188,0.4188,0.4174,0.4188,0.4174,0.4188,0.4188,0.4188,0.4174,0.4188,0.4188,0.4174,0.4184
511,0.4188,0.4188,0.4174,0.4188,0.4174,0.4188,0.4188,0.4188,0.4174,0.4188,0.4188,0.4174,0.4184
512,0.4188,0.4188,0.4174,0.4188,0.4174,0.4188,0.4188,0.4188,0.4174,0.4188,0.4188,0.4174,0.4184
513,0.4188,0.4188,0.4174,0.4188,0.4174,0.4188,0.4188,0.4188,0.4174,0.4188,0.4188,0.4174,0.4184
514,0.4188,0.4188,0.4174,0.4188,0.4174,0.4188,0.4188,0.4188,0.4174,0.4188,0.4188,0.4174,0.4184
515,0.4188,0.4188,0.4174,0.4188,0.4174,0.4188,0.4188,0.4188,0.4174,0.4188,0.4188,0.4174,0.4184
516,0.4188,0.4188,0.4174,0.4188,0.4174,0.4188,0.4188,0.4188,0.4174,0.4188,0.4188,0.4174,0.4184
517,0.4188,0.4188,0.4174,0.4188,0.4174,0.4188,0.4188,0.4188,0.4174,0.4188,0.4188,0.4174,0.4184
518,0.4188,0.4188,0.4174,0.4188,0.4174,0.4188,0.4188,0.4188,0.4174,0.4188,0.4188,0.4174,0.4184
519,0.4188,0.4188,0.4174,0.4188,0.4174,0.4188,0.4188,0.4188,0.4174,0.4188,0.4188,0.4174,0.4184
520,0.4188,0.4188,0.4174,0.4188,0.4174,0.4188,0.4188,0.4188,0.4174,0.4188,0.4188,0.4174,0.4184
521,0.4188,0.4188,0.4174,0.4188,0.4174,0.4188,0.4188,0.4188,0.4174,0.4188,0.4188,0.4174,0.4184
522,0.4188,0.4188,0.4174,0.4188,0.4174,0.4188,0.4188,0.4188,0.4174,0.4188,0.4188,0.4174,0.4184
523,0.4188,0.4188,0.4174,0.4188,0.4188,0.4188,0.4188,0.4188,0.4174,0.4188,0.4188,0.4174,0.4185
524,0.4188,0.4188,0.4174,0.4188,0.4188,0.4188,0.4188,0.4188,0.4174,0.4188,0.4188,0.4174,0.4185
525,0.4188,0.4188,0.4174,0.4188,0.4188,0.4188,0.4188,0.4188,0.4174,0.4188,0.4188,0.4174,0.4185
526,0.4188,0.4188,0.4174,0.4188,0.4188,0.4188,0.4188,0.4188,0.4174,0.4188,0.4188,0.4174,0.4185
527,0.4188,0.4188,0.4174,0.4188,0.4188,0.4188,0.4188,0.4188,0.4174,0.4188,0.4188,0.4174,0.4185
528,0.4188,0.4188,0.4174,0.4188,0.4188,0.4188,0.4188,0.4188,0.4174,0.4188,0.4188,0.4174,0.4185
529,0.4188,0.4188,0.4174,0.4188,0.4188,0.4188,0.4188,0.4188,0.4174,0.4188,0.4188,0.4174,0.4185
530,0.4188,0.4188,0.4174,0.4188,0.4188,0.4188,0.4188,0.4188,0.4174,0.4188,0.4188,0.4174,0.4185
531,0.4188,0.4188,0.4174,0.4188,0.4188,0.4188,0.4188,0.4188,0.4174,0.4188,0.4188,0.4174,0.4185
532,0.4188,0.4188,0.4174,0.4188,0.4188,0.4188,0.4188,0.4188,0.4174,0.4188,0.4188,0.4174,0.4185
533,0.4188,0.4188,0.4174,0.4188,0.4188,0.4188,0.4188,0.4188,0.4174,0.4188,0.4188,0.4174,0.4185
534,0.4188,0.4188,0.4174,0.4188,0.4188,0.4188,0.4188,0.4188,0.4174,0.4188,0.4188,0.4174,0.4185
535,0.4188,0.4188,0.4174,0.4188,0.4188,0.4188,0.4188,0.4188,0.4174,0.4188,0.4188,0.4174,0.4185
536,0.4188,0.4188,0.4174,0.4188,0.4188,0.4188,0.4188,0.4188,0.4174,0.4188,0.4188,0.4174,0.4185
537,0.4188,0.4188,0.4174,0.4188,0.4188,0.4188,0.4188,0.4188,0.4174,0.4188,0.4188,0.4174,0.4185
538,0.4188,0.4188,0.4174,0.4188,0.4188,0.4188,0.4188,0.4188,0.4174,0.4188,0.4188,0.4174,0.4185
539,0.4188,0.4188,0.4174,0.4188,0.4188,0.4188,0.4188,0.4188,0.4174,0.4188,0.4188,0.4174,0.4185
540,0.4188,0.4188,0.4174,0.4188,0.4188,0.4188,0.4188,0.4188,0.4174,0.4188,0.4188,0.4174,0.4185
541,0.4188,0.4188,0.4188,0.4188,0.4188,0.4188,0.4188,0.4188,0.4174,0.4188,0.4188,0.4174,0.4187
542,0.4188,0.4188,0.4188,0.4188,0.4188,0.4188,0.4188,0.4188,0.4174,0.4188,0.4188,0.4174,0.4187
543,0.4188,0.4188,0.4188,0.4188,0.4188,0.4188,0.4188,0.4188,0.4174,0.4188,0.4188,0.4174,0.4187
544,0.4188,0.4188,0.4188,0.4188,0.4188,0.4188,0.4188,0.4188,0.4174,0.4188,0.4188,0.4174,0.4187
545,0.4188,0.4188,0.4188,0.4188,0.4188,0.4188,0.4188,0.4188,0.4174,0.4188,0.4188,0.4174,0.4187
546,0.4188,0.4188,0.4188,0.4188,0.4188,0.4188,0.4188,0.4188,0.4174,0.4188,0.4188,0.4174,0.4187
547,0.4188,0.4188,0.4188,0.4188,0.4188,0.4188,0.4188,0.4188,0.4174,0.4188,0.4188,0.4174,0.4187
548,0.4188,0.4188,0.4188,0.4188,0.4188,0.4188,0.4188,0.4188,0.4174,0.4188,0.4188,0.4174,0.4187
549,0.4188,0.4188,0.4188,0.4188,0.4188,0.4188,0.4188,0.4188,0.4174,0.4188,0.4188,0.4174,0.4187
550,0.4188,0.4188,0.4188,0.4188,0.4188,0.4188,0.4188,0.4188,0.4174,0.4188,0.4188,0.4174,0.4187
551,0.4188,0.4188,0.4188,0.4188,0.4188,0.4188,0.4188,0.4188,0.4174,0.4188,0.4188,0.4174,0.4187
552,0.4188,0.4188,0.4188,0.4188,0.4188,0.4188,0.4188,0.4188,0.4174,0.4188,0.4188,0.4174,0.4187
553,0.4188,0.4188,0.4188,0.4188,0.4188,0.4188,0.4188,0.4188,0.4174,0.4188,0.4188,0.4174,0.4187
554,0.4188,0.4188,0.4188,0.4188,0.4188,0.4188,0.4188,0.4188,0.4174,0.4188,0.4188,0.4174,0.4187
555,0.4188,0.4188,0.4188,0.4188,0.4188,0.4188,0.4188,0.4188,0.4174,0.4188,0.4188,0.4174,0.4187
556,0.4188,0.4188,0.4188,0.4188,0.4188,0.4188,0.4188,0.4188,0.4174,0.4188,0.4188,0.4174,0.4187
557,0.4188,0.4188,0.4188,0.4188,0.4188,0.4188,0.4188,0.4188,0.4174,0.4188,0.4188,0.4174,0.4187
558,0.4188,0.4188,0.4188,0.4188,0.4188,0.4188,0.4188,0.4188,0.4174,0.4188,0.4188,0.4174,0.4187
559,0.4188,0.4188,0.4188,0.4188,0.4188,0.4188,0.4188,0.4188,0.4174,0.4188,0.4188,0.4174,0.4187
560,0.4188,0.4188,0.4188,0.4188,0.4188,0.4188,0.4188,0.4188,0.4174,0.4188,0.4188,0.4174,0.4187
561,0.4188,0.4188,0.4188,0.4188,0.4188,0.4188,0.4188,0.4188,0.4174,0.4188,0.4188,0.4174,0.4187
562,0.4188,0.4188,0.4188,0.4188,0.4188,0.4188,0.4188,0.4188,0.4174,0.4188,0.4188,0.4174,0.4187
563,0.4188,0.4188,0.4188,0.4188,0.4188,0.4188,0.4188,0.4188,0.4174,0.4188,0.4188,0.4174,0.4187
564,0.4188,0.4188,0.4188,0.4188,0.4188,0.4188,0.4188,0.4188,0.4174,0.4188,0.4188,0.4174,0.4187
565,0.4188,0.4188,0.4188,0.4188,0.4188,0.4188,0.4188,0.4188,0.4174,0.4188,0.4188,0.4174,0.4187
566,0.4188,0.4188,0.4188,0.4188,0.4188,0.4188,0.4188,0.4188,0.4174,0.4188,0.4188,0.4174,0.4187
567,0.4188,0.4188,0.4188,0.4188,0.4188,0.4188,0.4188,0.4188,0.4174,0.4188,0.4188,0.4174,0.4187
568,0.4188,0.4188,0.4188,0.4188,0.4188,0.4188,0.4188,0.4188,0.4174,0.4188,0.4188,0.4174,0.4187
569,0.4188,0.4188,0.4188,0.4188,0.4188,0.4188,0.4188,0.4188,0.4174,0.4188,0.4188,0.4174,0.4187
570,0.4188,0.4188,0.4188,0.4188,0.4188,0.4188,0.4188,0.4188,0.4174,0.4188,0.4188,0.4174,0.4187
571,0.4188,0.4188,0.4188,0.4188,0.4188,0.4188,0.4188,0.4188,0.4174,0.4188,0.4188,0.4174,0.4187
572,0.4188,0.4188,0.4188,0.4188,0.4188,0.4188,0.4188,0.4188,0.4174,0.4188,0.4188,0.4174,0.4187
573,0.4188,0.4188,0.4188,0.4188,0.4188,0.4188,0.4188,0.4188,0.4174,0.4188,0.4188,0.4174,0.4187
574,0.4188,0.4188,0.4188,0.4188,0.4188,0.4188,0.4188,0.4188,0.4174,0.4188,0.4188,0.4174,0.4187
575,0.4188,0.4188,0.4188,0.4188,0.4188,0.4188,0.4188,0.4188,0.4174,0.4188,0.4188,0.4174,0.4187
576,0.4188,0.4188,0.4188,0.4188,0.4188,0.4188,0.4188,0.4188,0.4174,0.4188,0.4188,0.4174,0.4187
577,0.4188,0.4188,0.4188,0.4188,0.4188,0.4188,0.4188,0.4188,0.4174,0.4188,0.4188,0.4174,0.4187
578,0.4188,0.4188,0.4188,0.4188,0.4188,0.4188,0.4188,0.4188,0.4174,0.4188,0.4188,0.4174,0.4187
579,0.4188,0.4188,0.4188,0.4188,0.4188,0.4188,0.4188,0.4188,0.4174,0.4188,0.4188,0.4174,0.4187
580,0.4188,0.4188,0.4188,0.4188,0.4188,0.4188,0.4188,0.4188,0.4174,0.4188,0.4188,0.4174,0.4187
581,0.4188,0.4188,0.4188,0.4188,0.4188,0.4188,0.4188,0.4188,0.4174,0.4188,0.4188,0.4174,0.4187
582,0.4188,0.4188,0.4188,0.4188,0.4188,0.4188,0.4188,0.4188,0.4174,0.4188,0.4188,0.4174,0.4187
583,0.4188,0.4188,0.4188,0.4188,0.4188,0.4188,0.4188,0.4188,0.4174,0.4188,0.4188,0.4174,0.4187
584,0.4188,0.4188,0.4188,0.4188,0.4188,0.4188,0.4188,0.4188,0.4174,0.4188,0.4188,0.4174,0.4187
585,0.4188,0.4188,0.4188,0.4188,0.4188,0.4188,0.4188,0.4188,0.4174,0.4188,0.4188,0.4174,0.4187
586,0.4188,0.4188,0.4188,0.4188,0.4188,0.4188,0.4188,0.4188,0.4174,0.4188,0.4188,0.4174,0.4187
587,0.4188,0.4188,0.4188,0.4188,0.4188,0.4188,0.4188,0.4188,0.4174,0.4188,0.4188,0.4174,0.4187
588,0.4188,0.4188,0.4188,0.4188,0.4188,0.4188,0.4188,0.4188,0.4174,0.4188,0.4188,0.4174,0.4187
589,0.4188,0.4188,0.4188,0.4188,0.4188,0.4188,0.4188,0.4188,0.4174,0.4188,0.4188,0.4174,0.4187
590,0.4188,0.4188,0.4188,0.4188,0.4188,0.4188,0.4188,0.4188,0.4174,0.4188,0.4188,0.4174,0.4187
591,0.4188,0.4188,0.4188,0.4188,0.4188,0.4188,0.4188,0.4188,0.4174,0.4188,0.4188,0.4174,0.4187
592,0.4188,0.4188,0.4188,0.4188,0.4188,0.4188,0.4188,0.4188,0.4174,0.4188,0.4188,0.4174,0.4187
593,0.4188,0.4188,0.4188,0.4188,0.4188,0.4188,0.4188,0.4188,0.4174,0.4188,0.4188,0.4174,0.4187
594,0.4188,0.4188,0.4188,0.4188,0.4188,0.4188,0.4188,0.4188,0.4174,0.4188,0.4188,0.4174,0.4187
595,0.4188,0.4188,0.4188,0.4188,0.4188,0.4188,0.4188,0.4188,0.4174,0.4188,0.4188,0.4174,0.4187
596,0.4188,0.4188,0.4188,0.4188,0.4188,0.4188,0.4188,0.4188,0.4174,0.4188,0.4188,0.4174,0.4187
597,0.4188,0.4188,0.4188,0.4188,0.4188,0.4188,0.4188,0.4188,0.4174,0.4188,0.4188,0.4174,0.4187
598,0.4188,0.4188,0.4188,0.4188,0.4188,0.4188,0.4188,0.4188,0.4174,0.4188,0.4188,0.4174,0.4187
599,0.4188,0.4188,0.4188,0.4188,0.4188,0.4188,0.4188,0.4188,0.4174,0.4188,0.4188,0.4174,0.4187
600,0.4188,0.4188,0.4188,0.4188,0.4188,0.4188,0.4188,0.4188,0.4174,0.4188,0.4188,0.4174,0.4187
601,0.4188,0.4188,0.4188,0.4188,0.4188,0.4188,0.4188,0.4188,0.4174,0.4188,0.4188,0.4174,0.4187
602,0.4188,0.4188,0.4188,0.4188,0.4188,0.4188,0.4188,0.4188,0.4174,0.4188,0.4188,0.4174,0.4187
603,0.4188,0.4188,0.4188,0.4188,0.4188,0.4188,0.4188,0.4188,0.4174,0.4188,0.4188,0.4174,0.4187
604,0.4188,0.4188,0.4188,0.4188,0.4188,0.4188,0.4188,0.4188,0.4174,0.4188,0.4188,0.4174,0.4187
605,0.4188,0.4188,0.4188,0.4188,0.4188,0.4188,0.4188,0.4188,0.4174,0.4188,0.4188,0.4174,0.4187
606,0.4188,0.4188,0.4188,0.4188,0.4188,0.4188,0.4188,0.4188,0.4174,0.4188,0.4188,0.4174,0.4187
607,0.4188,0.4188,0.4188,0.4188,0.4188,0.4188,0.4188,0.4188,0.4174,0.4188,0.4188,0.4174,0.4187
608,0.4188,0.4188,0.4188,0.4188,0.4188,0.4188,0.4188,0.4188,0.4174,0.4188,0.4188,0.4174,0.4187
609,0.4188,0.4188,0.4188,0.4188,0.4188,0.4188,0.4188,0.4188,0.4174,0.4188,0.4188,0.4174,0.4187
1207,0.4188,0.4188,0.4188,0.4188,0.4188,0.4188,0.4188,0.4188,0.4188,0.4188,0.4188,0.4188,0.4188
1208,0.4188,0.4188,0.4188,0.4188,0.4188,0.4188,0.4188,0.4188,0.4188,0.4188,0.4188,0.4188,0.4188
1209,0.4188,0.4188,0.4188,0.4188,0.4188,0.4188,0.4188,0.4188,0.4188,0.4188,0.4188,0.4188,0.4188
1807,0.4188,0.4188,0.4188,0.4188,0.4188,0.4188,0.4188,0.4188,0.4188,0.4188,0.4188,0.4188,0.4188
1808,0.4188,0.4188,0.4188,0.4188,0.4188,0.4188,0.4188,0.4188,0.4188,0.4188,0.4188,0.4188,0.4188
1809,0.4188,0.4188,0.4188,0.4188,0.4188,0.4188,0.4188,0.4188,0.4188,0.4188,0.4188,0.4188,0.4188
2407,0.4188,0.4188,0.4188,0.4188,0.4188,0.4188,0.4188,0.4188,0.4188,0.4188,0.4188,0.4188,0.4188
2408,0.4188,0.4188,0.4188,0.4188,0.4188,0.4188,0.4188,0.4188,0.4188,0.4188,0.4188,0.4188,0.4188
2409,0.4188,0.4188,0.4188,0.4188,0.4188,0.4188,0.4188,0.4188,0.4188,0.4188,0.4188,0.4188,0.4188
3007,0.4188,0.4188,0.4188,0.4188,0.4188,0.4188,0.4188,0.4188,0.4188,0.4188,0.4188,0.4188,0.4188
3008,0.4188,0.4188,0.4188,0.4188,0.4188,0.4188,0.4188,0.4188,0.4188,0.4188,0.4188,0.4188,0.4188
3009,0.4188,0.4188,0.4188,0.4188,0.4188,0.4188,0.4188,0.4188,0.4188,0.4188,0.4188,0.4188,0.4188
3607,0.4188,0.4188,0.4188,0.4188,0.4188,0.4188,0.4188,0.4188,0.4188,0.4188,0.4188,0.4188,0.4188
3608,0.4188,0.4188,0.4188,0.4188,0.4188,0.4188,0.4188,0.4188,0.4188,0.4188,0.4188,0.4188,0.4188
3609,0.4188,0.4188,0.4188,0.4188,0.4188,0.4188,0.4188,0.4188,0.4188,0.4188,0.4188,0.4188,0.4188
4207,0.4188,0.4188,0.4188,0.4188,0.4188,0.4188,0.4188,0.4188,0.4188,0.4188,0.4188,0.4188,0.4188
4208,0.4188,0.4188,0.4188,0.4188,0.4188,0.4188,0.4188,0.4188,0.4188,0.4188,0.4188,0.4188,0.4188
4209,0.4188,0.4188,0.4188,0.4188,0.4188,0.4188,0.4188,0.4188,0.4188,0.4188,0.4188,0.4188,0.4188
4807,0.4188,0.4188,0.4188,0.4188,0.4188,0.4188,0.4188,0.4188,0.4188,0.4188,0.4188,0.4188,0.4188
4808,0.4188,0.4188,0.4188,0.4188,0.4188,0.4188,0.4188,0.4188,0.4188,0.4188,0.4188,0.4188,0.4188
4809,0.4188,0.4188,0.4188,0.4188,0.4188,0.4188,0.4188,0.4188,0.4188,0.4188,0.4188,0.4188,0.4188
5407,0.4188,0.4188,0.4188,0.4188,0.4188,0.4188,0.4188,0.4188,0.4188,0.4188,0.4188,0.4188,0.4188
5408,0.4188,0.4188,0.4188,0.4188,0.4188,0.4188,0.4188,0.4188,0.4188,0.4188,0.4188,0.4188,0.4188
5409,0.4188,0.4188,0.4188,0.4188,0.4188,0.4188,0.4188,0.4188,0.4188,0.4188,0.4188,0.4188,0.4188
6007,0.4188,0.4188,0.4188,0.4188,0.4188,0.4188,0.4188,0.4188,0.4188,0.4188,0.4188,0.4188,0.4188
6008,0.4188,0.4188,0.4188,0.4188,0.4188,0.4188,0.4188,0.4188,0.4188,0.4188,0.4188,0.4188,0.4188
6009,0.4188,0.4188,0.4188,0.4188,0.4188,0.4188,0.4188,0.4188,0.4188,0.4188,0.4188,0.4188,0.4188
6607,0.4188,0.4188,0.4188,0.4188,0.4188,0.4188,0.4188,0.4188,0.4188,0.4188,0.4188,0.4188,0.4188
6608,0.4188,0.4188,0.4188,0.4188,0.4188,0.4188,0.4188,0.4188,0.4188,0.4188,0.4188,0.4188,0.4188
6609,0.4188,0.4188,0.4188,0.4188,0.4188,0.4188,0.4188,0.4188,0.4188,0.4188,0.4188,0.4188,0.4188
7207,0.4188,0.4188,0.4188,0.4188,0.4188,0.4188,0.4188,0.4188,0.4188,0.4188,0.4188,0.4188,0.4188
7208,0.4188,0.4188,0.4188,0.4188,0.4188,0.4188,0.4188,0.4188,0.4188,0.4188,0.4188,0.4188,0.4188
7209,0.4188,0.4188,0.4188,0.4188,0.4188,0.4188,0.4188,0.4188,0.4188,0.4188,0.4188,0.4188,0.4188
7807,0.4188,0.4188,0.4188,0.4188,0.4188,0.4188,0.4188,0.4188,0.4188,0.4188,0.4188,0.4188,0.4188
7808,0.4188,0.4188,0.4188,0.4188,0.4188,0.4188,0.4188,0.4188,0.4188,0.4188,0.4188,0.4188,0.4188
7809,0.4188,0.4188,0.4188,0.4188,0.4188,0.4188,0.4188,0.4188,0.4188,0.4188,0.4188,0.4188,0.4188
8407,0.4188,0.4188,0.4188,0.4188,0.4188,0.4188,0.4188,0.4188,0.4188,0.4188,0.4188,0.4188,0.4188
8408,0.4188,0.4188,0.4188,0.4188,0.4188,0.4188,0.4188,0.4188,0.4188,0.4188,0.4188,0.4188,0.4188
8409,0.4188,0.4188,0.4188,0.4188,0.4188,0.4188,0.4188,0.4188,0.4188,0.4188,0.4188,0.4188,0.4188
9007,0.4188,0.4188,0.4188,0.4188,0.4188,0.4188,0.4188,0.4188,0.4188,0.4188,0.4188,0.4188,0.4188
9008,0.4188,0.4188,0.4188,0.4188,0.4188,0.4188,0.4188,0.4188,0.4188,0.4188,0.4188,0.4188,0.4188
9009,0.4188,0.4188,0.4188,0.4188,0.4188,0.4188,0.4188,0.4188,0.4188,0.4188,0.4188,0.4188,0.4188
9607,0.4188,0.4188,0.4188,0.4188,0.4188,0.4188,0.4188,0.4188,0.4188,0.4188,0.4188,0.4188,0.4188
9608,0.4188,0.4188,0.4188,0.4188,0.4188,0.4188,0.4188,0.4188,0.4188,0.4188,0.4188,0.4188,0.4188
9609,0.4188,0.4188,0.4188,0.4188,0.4188,0.4188,0.4188,0.4188,0.4188,0.4188,0.4188,0.4188,0.4188
10207,0.4188,0.4188,0.4188,0.4188,0.4188,0.4188,0.4188,0.4188,0.4188,0.4188,0.4188,0.4188,0.4188
10208,0.4188,0.4188,0.4188,0.4188,0.4188,0.4188,0.4188,0.4188,0.4188,0.4188,0.4188,0.4188,0.4188
10209,0.4188,0.4188,0.4188,0.4188,0.4188,0.4188,0.4188,0.4188,0.4188,0.4188,0.4188,0.4188,0.4188
10807,0.4188,0.4188,0.4188,0.4188,0.4188,0.4188,0.4188,0.4188,0.4188,0.4188,0.4188,0.4188,0.4188
10808,0.4188,0.4188,0.4188,0.4188,0.4188,0.4188,0.4188,0.4188,0.4188,0.4188,0.4188,0.4188,0.4188
10809,0.4188,0.4188,0.4188,0.4188,0.4188,0.4188,0.4188,0.4188,0.4188,0.4188,0.4188,0.4188,0.4188
11407,0.4188,0.4188,0.4188,0.4188,0.4188,0.4188,0.4188,0.4188,0.4188,0.4188,0.4188,0.4188,0.4188
11408,0.4188,0.4188,0.4188,0.4188,0.4188,0.4188,0.4188,0.4188,0.4188,0.4188,0.4188,0.4188,0.4188
11409,0.4188,0.4188,0.4188,0.4188,0.4188,0.4188,0.4188,0.4188,0.4188,0.4188,0.4188,0.4188,0.4188
12007,0.4188,0.4188,0.4188,0.4188,0.4188,0.4188,0.4188,0.4188,0.4188,0.4188,0.4188,0.4188,0.4188
12008,0.4188,0.4188,0.4188,0.4188,0.4188,0.4188,0.4188,0.4188,0.4188,0.4188,0.4188,0.4188,0.4188
12009,0.4188,0.4188,0.4188,0.4188,0.4188,0.4188,0.4188,0.4188,0.4188,0.4188,0.4188,0.4188,0.4188
12607,0.4188,0.4188,0.4188,0.4188,0.4188,0.4188,0.4188,0.4188,0.4188,0.4188,0.4188,0.4188,0.4188
12608,0.4188,0.4188,0.4188,0.4188,0.4188,0.4188,0.4188,0.4188,0.4188,0.4188,0.4188,0.4188,0.4188
12609,0.4188,0.4188,0.4188,0.4188,0.4188,0.4188,0.4188,0.4188,0.4188,0.4188,0.4188,0.4188,0.4188
13207,0.4188,0.4188,0.4188,0.4188,0.4188,0.4188,0.4188,0.4188,0.4188,0.4188,0.4188,0.4188,0.4188
13208,0.4188,0.4188,0.4188,0.4188,0.4188,0.4188,0.4188,0.4188,0.4188,0.4188,0.4188,0.4188,0.4188
13209,0.4188,0.4188,0.4188,0.4188,0.4188,0.4188,0.4188,0.4188,0.4188,0.4188,0.4188,0.4188,0.4188
13807,0.4188,0.4188,0.4188,0.4188,0.4188,0.4188,0.4188,0.4188,0.4188,0.4188,0.4188,0.4188,0.4188
13808,0.4188,0.4188,0.4188,0.4188,0.4188,0.4188,0.4188,0.4188,0.4188,0.4188,0.4188,0.4188,0.4188
13809,0.4188,0.4188,0.4188,0.4188,0.4188,0.4188,0.4188,0.4188,0.4188,0.4188,0.4188,0.4188,0.4188
14407,0.4188,0.4188,0.4188,0.4188,0.4188,0.4188,0.4188,0.4188,0.4188,0.4188,0.4188,0.4188,0.4188
14408,0.4188,0.4188,0.4188,0.4188,0.4188,0.4188,0.4188,0.4188,0.4188,0.4188,0.4188,0.4188,0.4188
14409,0.4188,0.4188,0.4188,0.4188,0.4188,0.4188,0.4188,0.4188,0.4188,0.4188,0.4188,0.4188,0.4188
15007,0.4188,0.4188,0.4188,0.4188,0.4188,0.4188,0.4188,0.4188,0.4188,0.4188,0.4188,0.4188,0.4188
15008,0.4188,0.4188,0.4188,0.4188,0.4188,0.4188,0.4188,0.4188,0.4188,0.4188,0.4188,0.4188,0.4188
15009,0.4188,0.4188,0.4188,0.4188,0.4188,0.4188,0.4188,0.4188,0.4188,0.4188,0.4188,0.4188,0.4188
15607,0.4188,0.4188,0.4188,0.4188,0.4188,0.4188,0.4188,0.4188,0.4188,0.4188,0.4188,0.4188,0.4188
15608,0.4188,0.4188,0.4188,0.4188,0.4188,0.4188,0.4188,0.4188,0.4188,0.4188,0.4188,0.4188,0.4188
15609,0.4188,0.4188,0.4188,0.4188,0.4188,0.4188,0.4188,0.4188,0.4188,0.4188,0.4188,0.4188,0.4188
16207,0.4188,0.4188,0.4188,0.4188,0.4188,0.4188,0.4188,0.4188,0.4188,0.4188,0.4188,0.4188,0.4188
16208,0.4188,0.4188,0.4188,0.4188,0.4188,0.4188,0.4188,0.4188,0.4188,0.4188,0.4188,0.4188,0.4188
16209,0.4188,0.4188,0.4188,0.4188,0.4188,0.4188,0.4188,0.4188,0.4188,0.4188,0.4188,0.4188,0.4188
16807,0.4188,0.4188,0.4188,0.4188,0.4188,0.4188,0.4188,0.4188,0.4188,0.4188,0.4188,0.4188,0.4188
16808,0.4188,0.4188,0.4188,0.4188,0.4188,0.4188,0.4188,0.4188,0.4188,0.4188,0.4188,0.4188,0.4188
16809,0.4188,0.4188,0.4188,0.4188,0.4188,0.4188,0.4188,0.4188,0.4188,0.4188,0.4188,0.4188,0.4188
17407,0.4188,0.4188,0.4188,0.4188,0.4188,0.4188,0.4188,0.4188,0.4188,0.4188,0.4188,0.4188,0.4188
17408,0.4188,0.4188,0.4188,0.4188,0.4188,0.4188,0.4188,0.4188,0.4188,0.4188,0.4188,0.4188,0.4188
17409,0.4188,0.4188,0.4188,0.4188,0.4188,0.4188,0.4188,0.4188,0.4188,0.4188,0.4188,0.4188,0.4188
18007,0.4188,0.4188,0.4188,0.4188,0.4188,0.4188,0.4188,0.4188,0.4188,0.4188,0.4188,0.4188,0.4188
18008,0.4188,0.4188,0.4188,0.4188,0.4188,0.4188,0.4188,0.4188,0.4188,0.4188,0.4188,0.4188,0.4188
18009,0.4188,0.4188,0.4188,0.4188,0.4188,0.4188,0.4188,0.4188,0.4188,0.4188,0.4188,0.4188,0.4188
18607,0.4188,0.4188,0.4188,0.4188,0.4188,0.4188,0.4188,0.4188,0.4188,0.4188,0.4188,0.4188,0.4188
18608,0.4188,0.4188,0.4188,0.4188,0.4188,0.4188,0.4188,0.4188,0.4188,0.4188,0.4188,0.4188,0.4188
18609,0.4188,0.4188,0.4188,0.4188,0.4188,0.4188,0.4188,0.4188,0.4188,0.4188,0.4188,0.4188,0.4188
19207,0.4188,0.4188,0.4188,0.4188,0.4188,0.4188,0.4188,0.4188,0.4188,0.4188,0.4188,0.4188,0.4188
19208,0.4188,0.4188,0.4188,0.4188,0.4188,0.4188,0.4188,0.4188,0.4188,0.4188,0.4188,0.4188,0.4188
19209,0.4188,0.4188,0.4188,0.4188,0.4188,0.4188,0.4188,0.4188,0.4188,0.4188,0.4188,0.4188,0.4188
19807,0.4188,0.4188,0.4188,0.4188,0.4188,0.4188,0.4188,0.4188,0.4188,0.4188,0.4188,0.4188,0.4188
19808,0.4188,0.4188,0.4188,0.4188,0.4188,0.4188,0.4188,0.4188,0.4188,0.4188,0.4188,0.4188,0.4188
19809,0.4188,0.4188,0.4188,0.4188,0.4188,0.4188,0.4188,0.4188,0.4188,0.4188,0.4188,0.4188,0.4188
20407,0.4188,0.4188,0.4188,0.4188,0.4188,0.4188,0.4188,0.4188,0.4188,0.4188,0.4188,0.4188,0.4188
20408,0.4188,0.4188,0.4188,0.4188,0.4188,0.4188,0.4188,0.4188,0.4188,0.4188,0.4188,0.4188,0.4188
20409,0.4188,0.4188,0.4188,0.4188,0.4188,0.4188,0.4188,0.4188,0.4188,0.4188,0.4188,0.4188,0.4188
21007,0.4188,0.4188,0.4188,0.4188,0.4188,0.4188,0.4188,0.4188,0.4188,0.4188,0.4188,0.4188,0.4188
21008,0.4188,0.4188,0.4188,0.4188,0.4188,0.4188,0.4188,0.4188,0.4188,0.4188,0.4188,0.4188,0.4188
21009,0.4188,0.4188,0.4188,0.4188,0.4188,0.4188,0.4188,0.4188,0.4188,0.4188,0.4188,0.4188,0.4188
21607,0.4188,0.4188,0.4188,0.4188,0.4188,0.4188,0.4188,0.4188,0.4188,0.4188,0.4188,0.4188,0.4188
21608,0.4188,0.4188,0.4188,0.4188,0.4188,0.4188,0.4188,0.4188,0.4188,0.4188,0.4188,0.4188,0.4188
21609,0.4188,0.4188,0.4188,0.4188,0.4188,0.4188,0.4188,0.4188,0.4188,0.4188,0.4188,0.4188,0.4188
22207,0.4188,0.4188,0.4188,0.4188,0.4188,0.4188,0.4188,0.4188,0.4188,0.4188,0.4188,0.4188,0.4188
22208,0.4188,0.4188,0.4188,0.4188,0.4188,0.4188,0.4188,0.4188,0.4188,0.4188,0.4188,0.4188,0.4188
22209,0.4188,0.4188,0.4188,0.4188,0.4188,0.4188,0.4188,0.4188,0.4188,0.4188,0.4188,0.4188,0.4188
22807,0.4188,0.4188,0.4188,0.4188,0.4188,0.4188,0.4188,0.4188,0.4188,0.4188,0.4188,0.4188,0.4188
22808,0.4188,0.4188,0.4188,0.4188,0.4188,0.4188,0.4188,0.4188,0.4188,0.4188,0.4188,0.4188,0.4188
22809,0.4188,0.4188,0.4188,0.4188,0.4188,0.4188,0.4188,0.4188,0.4188,0.4188,0.4188,0.4188,0.4188
23407,0.4188,0.4188,0.4188,0.4188,0.4188,0.4188,0.4188,0.4188,0.4188,0.4188,0.4188,0.4188,0.4188
23408,0.4188,0.4188,0.4188,0.4188,0.4188,0.4188,0.4188,0.4188,0.4188,0.4188,0.4188,0.4188,0.4188
23409,0.4188,0.4188,0.4188,0.4188,0.4188,0.4188,0.4188,0.4188,0.4188,0.4188,0.4188,0.4188,0.4188
24007,0.4188,0.4188,0.4188,0.4188,0.4188,0.4188,0.4188,0.4188,0.4188,0.4188,0.4188,0.4188,0.4188
24008,0.4188,0.4188,0.4188,0.4188,0.4188,0.4188,0.4188,0.4188,0.4188,0.4188,0.4188,0.4188,0.4188
24009,0.4188,0.4188,0.4188,0.4188,0.4188,0.4188,0.4188,0.4188,0.4188,0.4188,0.4188,0.4188,0.4188
24607,0.4188,0.4188,0.4188,0.4188,0.4188,0.4188,0.4188,0.4188,0.4188,0.4188,0.4188,0.4188,0.4188
24608,0.4188,0.4188,0.4188,0.4188,0.4188,0.4188,0.4188,0.4188,0.4188,0.4188,0.4188,0.4188,0.4188
24609,0.4188,0.4188,0.4188,0.4188,0.4188,0.4188,0.4188,0.4188,0.4188,0.4188,0.4188,0.4188,0.4188
25207,0.4188,0.4188,0.4188,0.4188,0.4188,0.4188,0.4188,0.4188,0.4188,0.4188,0.4188,0.4188,0.4188
25208,0.4188,0.4188,0.4188,0.4188,0.4188,0.4188,0.4188,0.4188,0.4188,0.4188,0.4188,0.4188,0.4188
25209,0.4188,0.4188,0.4188,0.4188,0.4188,0.4188,0.4188,0.4188,0.4188,0.4188,0.4188,0.4188,0.4188
25807,0.4188,0.4188,0.4188,0.4188,0.4188,0.4188,0.4188,0.4188,0.4188,0.4188,0.4188,0.4188,0.4188
25808,0.4188,0.4188,0.4188,0.4188,0.4188,0.4188,0.4188,0.4188,0.4188,0.4188,0.4188,0.4188,0.4188
25809,0.4188,0.4188,0.4188,0.4188,0.4188,0.4188,0.4188,0.4188,0.4188,0.4188,0.4188,0.4188,0.4188
26407,0.4188,0.4188,0.4188,0.4188,0.4188,0.4188,0.4188,0.4188,0.4188,0.4188,0.4188,0.4188,0.4188
26408,0.4188,0.4188,0.4188,0.4188,0.4188,0.4188,0.4188,0.4188,0.4188,0.4188,0.4188,0.4188,0.4188
26409,0.4188,0.4188,0.4188,0.4188,0.4188,0.4188,0.4188,0.4188,0.4188,0.4188,0.4188,0.4188,0.4188
27007,0.4188,0.4188,0.4188,0.4188,0.4188,0.4188,0.4188,0.4188,0.4188,0.4188,0.4188,0.4188,0.4188
27008,0.4188,0.4188,0.4188,0.4188,0.4188,0.4188,0.4188,0.4188,0.4188,0.4188,0.4188,0.4188,0.4188
27009,0.4188,0.4188,0.4188,0.4188,0.4188,0.4188,0.4188,0.4188,0.4188,0.4188,0.4188,0.4188,0.4188
27607,0.4188,0.4188,0.4188,0.4188,0.4188,0.4188,0.4188,0.4188,0.4188,0.4188,0.4188,0.4188,0.4188
27608,0.4188,0.4188,0.4188,0.4188,0.4188,0.4188,0.4188,0.4188,0.4188,0.4188,0.4188,0.4188,0.4188
27609,0.4188,0.4188,0.4188,0.4188,0.4188,0.4188,0.4188,0.4188,0.4188,0.4188,0.4188,0.4188,0.4188
28207,0.4188,0.4188,0.4188,0.4188,0.4188,0.4188,0.4188,0.4188,0.4188,0.4188,0.4188,0.4188,0.4188
28208,0.4188,0.4188,0.4188,0.4188,0.4188,0.4188,0.4188,0.4188,0.4188,0.4188,0.4188,0.4188,0.4188
28209,0.4188,0.4188,0.4188,0.4188,0.4188,0.4188,0.4188,0.4188,0.4188,0.4188,0.4188,0.4188,0.4188
28807,0.4188,0.4188,0.4188,0.4188,0.4188,0.4188,0.4188,0.4188,0.4188,0.4188,0.4188,0.4188,0.4188
28808,0.4188,0.4188,0.4188,0.4188,0.4188,0.4188,0.4188,0.4188,0.4188,0.4188,0.4188,0.4188,0.4188
28809,0.4188,0.4188,0.4188,0.4188,0.4188,0.4188,0.4188,0.4188,0.4188,0.4188,0.4188,0.4188,0.4188
29407,0.4188,0.4188,0.4188,0.4188,0.4188,0.4188,0.4188,0.4188,0.4188,0.4188,0.4188,0.4188,0.4188
29408,0.4188,0.4188,0.4188,0.4188,0.4188,0.4188,0.4188,0.4188,0.4188,0.4188,0.4188,0.4188,0.4188
29409,0.4188,0.4188,0.4188,0.4188,0.4188,0.4188,0.4188,0.4188,0.4188,0.4188,0.4188,0.4188,0.4188
30007,0.4188,0.4188,0.4188,0.4188,0.4188,0.4188,0.4188,0.4188,0.4188,0.4188,0.4188,0.4188,0.4188
30008,0.4188,0.4188,0.4188,0.4188,0.4188,0.4188,0.4188,0.4188,0.4188,0.4188,0.4188,0.4188,0.4188
30009,0.4188,0.4188,0.4188,0.4188,0.4188,0.4188,0.4188,0.4188,0.4188,0.4188,0.4188,0.4188,0.4188
30607,0.4188,0.4188,0.4188,0.4188,0.4188,0.4188,0.4188,0.4188,0.4188,0.4188,0.4188,0.4188,0.4188
30608,0.4188,0.4188,0.4188,0.4188,0.4188,0.4188,0.4188,0.4188,0.4188,0.4188,0.4188,0.4188,0.4188
30609,0.4188,0.4188,0.4188,0.4188,0.4188,0.4188,0.4188,0.4188,0.4188,0.4188,0.4188,0.4188,0.4188
31207,0.4188,0.4188,0.4188,0.4188,0.4188,0.4188,0.4188,0.4188,0.4188,0.4188,0.4188,0.4188,0.4188
31208,0.4188,0.4188,0.4188,0.4188,0.4188,0.4188,0.4188,0.4188,0.4188,0.4188,0.4188,0.4188,0.4188
31209,0.4188,0.4188,0.4188,0.4188,0.4188,0.4188,0.4188,0.4188,0.4188,0.4188,0.4188,0.4188,0.4188
31807,0.4188,0.4188,0.4188,0.4188,0.4188,0.4188,0.4188,0.4188,0.4188,0.4188,0.4188,0.4188,0.4188
31808,0.4188,0.4188,0.4188,0.4188,0.4188,0.4188,0.4188,0.4188,0.4188,0.4188,0.4188,0.4188,0.4188
31809,0.4188,0.4188,0.4188,0.4188,0.4188,0.4188,0.4188,0.4188,0.4188,0.4188,0.4188,0.4188,0.4188
32407,0.4188,0.4188,0.4188,0.4188,0.4188,0.4188,0.4188,0.4188,0.4188,0.4188,0.4188,0.4188,0.4188
32408,0.4188,0.4188,0.4188,0.4188,0.4188,0.4188,0.4188,0.4188,0.4188,0.4188,0.4188,0.4188,0.4188
32409,0.4188,0.4188,0.4188,0.4188,0.4188,0.4188,0.4188,0.4188,0.4188,0.4188,0.4188,0.4188,0.4188
33007,0.4188,0.4188,0.4188,0.4188,0.4188,0.4188,0.4188,0.4188,0.4188,0.4188,0.4188,0.4188,0.4188
33008,0.4188,0.4188,0.4188,0.4188,0.4188,0.4188,0.4188,0.4188,0.4188,0.4188,0.4188,0.4188,0.4188
33009,0.4188,0.4188,0.4188,0.4188,0.4188,0.4188,0.4188,0.4188,0.4188,0.4188,0.4188,0.4188,0.4188
33607,0.4188,0.4188,0.4188,0.4188,0.4188,0.4188,0.4188,0.4188,0.4188,0.4188,0.4188,0.4188,0.4188
33608,0.4188,0.4188,0.4188,0.4188,0.4188,0.4188,0.4188,0.4188,0.4188,0.4188,0.4188,0.4188,0.4188
33609,0.4188,0.4188,0.4188,0.4188,0.4188,0.4188,0.4188,0.4188,0.4188,0.4188,0.4188,0.4188,0.4188
34207,0.4188,0.4188,0.4188,0.4188,0.4188,0.4188,0.4188,0.4188,0.4188,0.4188,0.4188,0.4188,0.4188
34208,0.4188,0.4188,0.4188,0.4188,0.4188,0.4188,0.4188,0.4188,0.4188,0.4188,0.4188,0.4188,0.4188
34209,0.4188,0.4188,0.4188,0.4188,0.4188,0.4188,0.4188,0.4188,0.4188,0.4188,0.4188,0.4188,0.4188
34807,0.4188,0.4188,0.4188,0.4188,0.4188,0.4188,0.4188,0.4188,0.4188,0.4188,0.4188,0.4188,0.4188
34808,0.4188,0.4188,0.4188,0.4188,0.4188,0.4188,0.4188,0.4188,0.4188,0.4188,0.4188,0.4188,0.4188
34809,0.4188,0.4188,0.4188,0.4188,0.4188,0.4188,0.4188,0.4188,0.4188,0.4188,0.4188,0.4188,0.4188
35407,0.4188,0.4188,0.4188,0.4188,0.4188,0.4188,0.4188,0.4188,0.4188,0.4188,0.4188,0.4188,0.4188
35408,0.4188,0.4188,0.4188,0.4188,0.4188,0.4188,0.4188,0.4188,0.4188,0.4188,0.4188,0.4188,0.4188
35409,0.4188,0.4188,0.4188,0.4188,0.4188,0.4188,0.4188,0.4188,0.4188,0.4188,0.4188,0.4188,0.4188
36007,0.4188,0.4188,0.4188,0.4188,0.4188,0.4188,0.4188,0.4188,0.4188,0.4188,0.4188,0.4188,0.4188
36008,0.4188,0.4188,0.4188,0.4188,0.4188,0.4188,0.4188,0.4188,0.4188,0.4188,0.4188,0.4188,0.4188
36009,0.4188,0.4188,0.4188,0.4188,0.4188,0.4188,0.4188,0.4188,0.4188,0.4188,0.4188,0.4188,0.4188
36607,0.4188,0.4188,0.4188,0.4188,0.4188,0.4188,0.4188,0.4188,0.4188,0.4188,0.4188,0.4188,0.4188
36608,0.4188,0.4188,0.4188,0.4188,0.4188,0.4188,0.4188,0.4188,0.4188,0.4188,0.4188,0.4188,0.4188
36609,0.4188,0.4188,0.4188,0.4188,0.4188,0.4188,0.4188,0.4188,0.4188,0.4188,0.4188,0.4188,0.4188
37207,0.4188,0.4188,0.4188,0.4188,0.4188,0.4188,0.4188,0.4188,0.4188,0.4188,0.4188,0.4188,0.4188
37208,0.4188,0.4188,0.4188,0.4188,0.4188,0.4188,0.4188,0.4188,0.4188,0.4188,0.4188,0.4188,0.4188
37209,0.4188,0.4188,0.4188,0.4188,0.4188,0.4188,0.4188,0.4188,0.4188,0.4188,0.4188,0.4188,0.4188
37808,0.4188,0.4188,0.4188,0.4188,0.4188,0.4188,0.4188,0.4188,0.4188,0.4188,0.4188,0.4188,0.4188
37809,0.4188,0.4188,0.4188,0.4188,0.4188,0.4188,0.4188,0.4188,0.4188,0.4188,0.4188,0.4188,0.4188
38408,0.4188,0.4188,0.4188,0.4188,0.4188,0.4188,0.4188,0.4188,0.4188,0.4188,0.4188,0.4188,0.4188
38409,0.4188,0.4188,0.4188,0.4188,0.4188,0.4188,0.4188,0.4188,0.4188,0.4188,0.4188,0.4188,0.4188
39008,0.4188,0.4188,0.4188,0.4188,0.4188,0.4188,0.4188,0.4188,0.4188,0.4188,0.4188,0.4188,0.4188
39009,0.4188,0.4188,0.4188,0.4188,0.4188,0.4188,0.4188,0.4188,0.4188,0.4188,0.4188,0.4188,0.4188
39608,0.4188,0.4188,0.4188,0.4188,0.4188,0.4188,0.4188,0.4188,0.4188,0.4188,0.4188,0.4188,0.4188
39609,0.4188,0.4188,0.4188,0.4188,0.4188,0.4188,0.4188,0.4188,0.4188,0.4188,0.4188,0.4188,0.4188
40208,0.4188,0.4188,0.4188,0.4188,0.4188,0.4188,0.4188,0.4188,0.4188,0.4188,0.4188,0.4188,0.4188
40209,0.4188,0.4188,0.4188,0.4188,0.4188,0.4188,0.4188,0.4188,0.4188,0.4188,0.4188,0.4188,0.4188
40808,0.4188,0.4188,0.4188,0.4188,0.4188,0.4188,0.4188,0.4188,0.4188,0.4188,0.4188,0.4188,0.4188
40809,0.4188,0.4188,0.4188,0.4188,0.4188,0.4188,0.4188,0.4188,0.4188,0.4188,0.4188,0.4188,0.4188
41408,0.4188,0.4188,0.4188,0.4188,0.4188,0.4188,0.4188,0.4188,0.4188,0.4188,0.4188,0.4188,0.4188
41409,0.4188,0.4188,0.4188,0.4188,0.4188,0.4188,0.4188,0.4188,0.4188,0.4188,0.4188,0.4188,0.4188
42008,0.4188,0.4188,0.4188,0.4188,0.4188,0.4188,0.4188,0.4188,0.4188,0.4188,0.4188,0.4188,0.4188
42009,0.4188,0.4188,0.4188,0.4188,0.4188,0.4188,0.4188,0.4188,0.4188,0.4188,0.4188,0.4188,0.4188
42608,0.4188,0.4188,0.4188,0.4188,0.4188,0.4188,0.4188,0.4188,0.4188,0.4188,0.4188,0.4188,0.4188
42609,0.4188,0.4188,0.4188,0.4188,0.4188,0.4188,0.4188,0.4188,0.4188,0.4188,0.4188,0.4188,0.4188
43208,0.4188,0.4188,0.4188,0.4188,0.4188,0.4188,0.4188,0.4188,0.4188,0.4188,0.4188,0.4188,0.4188
43209,0.4188,0.4188,0.4188,0.4188,0.4188,0.4188,0.4188,0.4188,0.4188,0.4188,0.4188,0.4188,0.4188
43808,0.4188,0.4188,0.4188,0.4188,0.4188,0.4188,0.4188,0.4188,0.4188,0.4188,0.4188,0.4188,0.4188
43809,0.4188,0.4188,0.4188,0.4188,0.4188,0.4188,0.4188,0.4188,0.4188,0.4188,0.4188,0.4188,0.4188
44408,0.4188,0.4188,0.4188,0.4188,0.4188,0.4188,0.4188,0.4188,0.4188,0.4188,0.4188,0.4188,0.4188
44409,0.4188,0.4188,0.4188,0.4188,0.4188,0.4188,0.4188,0.4188,0.4188,0.4188,0.4188,0.4188,0.4188
45008,0.4188,0.4188,0.4188,0.4188,0.4188,0.4188,0.4188,0.4188,0.4188,0.4188,0.4188,0.4188,0.4188
45009,0.4188,0.4188,0.4188,0.4188,0.4188,0.4188,0.4188,0.4188,0.4188,0.4188,0.4188,0.4188,0.4188
45608,0.4188,0.4188,0.4188,0.4188,0.4188,0.4188,0.4188,0.4188,0.4188,0.4188,0.4188,0.4188,0.4188
45609,0.4188,0.4188,0.4188,0.4188,0.4188,0.4188,0.4188,0.4188,0.4188,0.4188,0.4188,0.4188,0.4188
46208,0.4188,0.4188,0.4188,0.4188,0.4188,0.4188,0.4188,0.4188,0.4188,0.4188,0.4188,0.4188,0.4188
46209,0.4188,0.4188,0.4188,0.4188,0.4188,0.4188,0.4188,0.4188,0.4188,0.4188,0.4188,0.4188,0.4188
46808,0.4188,0.4188,0.4188,0.4188,0.4188,0.4188,0.4188,0.4188,0.4188,0.4188,0.4188,0.4188,0.4188
46809,0.4188,0.4188,0.4188,0.4188,0.4188,0.4188,0.4188,0.4188,0.4188,0.4188,0.4188,0.4188,0.4188
47408,0.4188,0.4188,0.4188,0.4188,0.4188,0.4188,0.4188,0.4188,0.4188,0.4188,0.4188,0.4188,0.4188
47409,0.4188,0.4188,0.4188,0.4188,0.4188,0.4188,0.4188,0.4188,0.4188,0.4188,0.4188,0.4188,0.4188
48008,0.4188,0.4188,0.4188,0.4188,0.4188,0.4188,0.4188,0.4188,0.4188,0.4188,0.4188,0.4188,0.4188
48009,0.4188,0.4188,0.4188,0.4188,0.4188,0.4188,0.4188,0.4188,0.4188,0.4188,0.4188,0.4188,0.4188
48608,0.4188,0.4188,0.4188,0.4188,0.4188,0.4188,0.4188,0.4188,0.4188,0.4188,0.4188,0.4188,0.4188
48609,0.4188,0.4188,0.4188,0.4188,0.4188,0.4188,0.4188,0.4188,0.4188,0.4188,0.4188,0.4188,0.4188
49208,0.4188,0.4188,0.4188,0.4188,0.4188,0.4188,0.4188,0.4188,0.4188,0.4188,0.4188,0.4188,0.4188
49209,0.4188,0.4188,0.4188,0.4188,0.4188,0.4188,0.4188,0.4188,0.4188,0.4188,0.4188,0.4188,0.4188
49808,0.4188,0.4188,0.4188,0.4188,0.4188,0.4188,0.4188,0.4188,0.4188,0.4188,0.4188,0.4188,0.4188
49809,0.4188,0.4188,0.4188,0.4188,0.4188,0.4188,0.4188,0.4188,0.4188,0.4188,0.4188,0.4188,0.4188
50408,0.4188,0.4188,0.4188,0.4188,0.4188,0.4188,0.4188,0.4188,0.4188,0.4188,0.4188,0.4188,0.4188
50409,0.4188,0.4188,0.4188,0.4188,0.4188,0.4188,0.4188,0.4188,0.4188,0.4188,0.4188,0.4188,0.4188
51008,0.4188,0.4188,0.4188,0.4188,0.4188,0.4188,0.4188,0.4188,0.4188,0.4188,0.4188,0.4188,0.4188
51009,0.4188,0.4188,0.4188,0.4188,0.4188,0.4188,0.4188,0.4188,0.4188,0.4188,0.4188,0.4188,0.4188
51608,0.4188,0.4188,0.4188,0.4188,0.4188,0.4188,0.4188,0.4188,0.4188,0.4188,0.4188,0.4188,0.4188
51609,0.4188,0.4188,0.4188,0.4188,0.4188,0.4188,0.4188,0.4188,0.4188,0.4188,0.4188,0.4188,0.4188
52208,0.4188,0.4188,0.4188,0.4188,0.4188,0.4188,0.4188,0.4188,0.4188,0.4188,0.4188,0.4188,0.4188
52209,0.4188,0.4188,0.4188,0.4188,0.4188,0.4188,0.4188,0.4188,0.4188,0.4188,0.4188,0.4188,0.4188
52808,0.4188,0.4188,0.4188,0.4188,0.4188,0.4188,0.4188,0.4188,0.4188,0.4188,0.4188,0.4188,0.4188
52809,0.4188,0.4188,0.4188,0.4188,0.4188,0.4188,0.4188,0.4188,0.4188,0.4188,0.4188,0.4188,0.4188
53408,0.4188,0.4188,0.4188,0.4188,0.4188,0.4188,0.4188,0.4188,0.4188,0.4188,0.4188,0.4188,0.4188
53409,0.4188,0.4188,0.4188,0.4188,0.4188,0.4188,0.4188,0.4188,0.4188,0.4188,0.4188,0.4188,0.4188
54008,0.4188,0.4188,0.4188,0.4188,0.4188,0.4188,0.4188,0.4188,0.4188,0.4188,0.4188,0.4188,0.4188
54009,0.4188,0.4188,0.4188,0.4188,0.4188,0.4188,0.4188,0.4188,0.4188,0.4188,0.4188,0.4188,0.4188
54608,0.4188,0.4188,0.4188,0.4188,0.4188,0.4188,0.4188,0.4188,0.4188,0.4188,0.4188,0.4188,0.4188
54609,0.4188,0.4188,0.4188,0.4188,0.4188,0.4188,0.4188,0.4188,0.4188,0.4188,0.4188,0.4188,0.4188
55208,0.4188,0.4188,0.4188,0.4188,0.4188,0.4188,0.4188,0.4188,0.4188,0.4188,0.4188,0.4188,0.4188
55209,0.4188,0.4188,0.4188,0.4188,0.4188,0.4188,0.4188,0.4188,0.4188,0.4188,0.4188,0.4188,0.4188
55808,0.4188,0.4188,0.4188,0.4188,0.4188,0.4188,0.4188,0.4188,0.4188,0.4188,0.4188,0.4188,0.4188
55809,0.4188,0.4188,0.4188,0.4188,0.4188,0.4188,0.4188,0.4188,0.4188,0.4188,0.4188,0.4188,0.4188
56408,0.4188,0.4188,0.4188,0.4188,0.4188,0.4188,0.4188,0.4188,0.4188,0.4188,0.4188,0.4188,0.4188
56409,0.4188,0.4188,0.4188,0.4188,0.4188,0.4188,0.4188,0.4188,0.4188,0.4188,0.4188,0.4188,0.4188
57008,0.4188,0.4188,0.4188,0.4188,0.4188,0.4188,0.4188,0.4188,0.4188,0.4188,0.4188,0.4188,0.4188
57009,0.4188,0.4188,0.4188,0.4188,0.4188,0.4188,0.4188,0.4188,0.4188,0.4188,0.4188,0.4188,0.4188
57608,0.4188,0.4188,0.4188,0.4188,0.4188,0.4188,0.4188,0.4188,0.4188,0.4188,0.4188,0.4188,0.4188
57609,0.4188,0.4188,0.4188,0.4188,0.4188,0.4188,0.4188,0.4188,0.4188,0.4188,0.4188,0.4188,0.4188
58208,0.4188,0.4188,0.4188,0.4188,0.4188,0.4188,0.4188,0.4188,0.4188,0.4188,0.4188,0.4188,0.4188
58209,0.4188,0.4188,0.4188,0.4188,0.4188,0.4188,0.4188,0.4188,0.4188,0.4188,0.4188,0.4188,0.4188
58808,0.4188,0.4188,0.4188,0.4188,0.4188,0.4188,0.4188,0.4188,0.4188,0.4188,0.4188,0.4188,0.4188
58809,0.4188,0.4188,0.4188,0.4188,0.4188,0.4188,0.4188,0.4188,0.4188,0.4188,0.4188,0.4188,0.4188
59408,0.4188,0.4188,0.4188,0.4188,0.4188,0.4188,0.4188,0.4188,0.4188,0.4188,0.4188,0.4188,0.4188
59409,0.4188,0.4188,0.4188,0.4188,0.4188,0.4188,0.4188,0.4188,0.4188,0.4188,0.4188,0.4188,0.4188
60008,0.4188,0.4188,0.4188,0.4188,0.4188,0.4188,0.4188,0.4188,0.4188,0.4188,0.4188,0.4188,0.4188
60009,0.4188,0.4188,0.4188,0.4188,0.4188,0.4188,0.4188,0.4188,0.4188,0.4188,0.4188,0.4188,0.4188
60608,0.4188,0.4188,0.4188,0.4188,0.4188,0.4188,0.4188,0.4188,0.4188,0.4188,0.4188,0.4188,0.4188
60609,0.4188,0.4188,0.4188,0.4188,0.4188,0.4188,0.4188,0.4188,0.4188,0.4188,0.4188,0.4188,0.4188
61208,0.4188,0.4188,0.4188,0.4188,0.4188,0.4188,0.4188,0.4188,0.4188,0.4188,0.4188,0.4188,0.4188
61209,0.4188,0.4188,0.4188,0.4188,0.4188,0.4188,0.4188,0.4188,0.4188,0.4188,0.4188,0.4188,0.4188
61808,0.4188,0.4188,0.4188,0.4188,0.4188,0.4188,0.4188,0.4188,0.4188,0.4188,0.4188,0.4188,0.4188
61809,0.4188,0.4188,0.4188,0.4188,0.4188,0.4188,0.4188,0.4188,0.4188,0.4188,0.4188,0.4188,0.4188
62408,0.4188,0.4188,0.4188,0.4188,0.4188,0.4188,0.4188,0.4188,0.4188,0.4188,0.4188,0.4188,0.4188
62409,0.4188,0.4188,0.4188,0.4188,0.4188,0.4188,0.4188,0.4188,0.4188,0.4188,0.4188,0.4188,0.4188
63008,0.4188,0.4188,0.4188,0.4188,0.4188,0.4188,0.4188,0.4188,0.4188,0.4188,0.4188,0.4188,0.4188
63009,0.4188,0.4188,0.4188,0.4188,0.4188,0.4188,0.4188,0.4188,0.4188,0.4188,0.4188,0.4188,0.4188
63608,0.4188,0.4188,0.4188,0.4188,0.4188,0.4188,0.4188,0.4188,0.4188,0.4188,0.4188,0.4188,0.4188
63609,0.4188,0.4188,0.4188,0.4188,0.4188,0.4188,0.4188,0.4188,0.4188,0.4188,0.4188,0.4188,0.4188
64208,0.4188,0.4188,0.4188,0.4188,0.4188,0.4188,0.4188,0.4188,0.4188,0.4188,0.4188,0.4188,0.4188
64209,0.4188,0.4188,0.4188,0.4188,0.4188,0.4188,0.4188,0.4188,0.4188,0.4188,0.4188,0.4188,0.4188
64808,0.4188,0.4188,0.4188,0.4188,0.4188,0.4188,0.4188,0.4188,0.4188,0.4188,0.4188,0.4188,0.4188
64809,0.4188,0.4188,0.4188,0.4188,0.4188,0.4188,0.4188,0.4188,0.4188,0.4188,0.4188,0.4188,0.4188
65408,0.4188,0.4188,0.4188,0.4188,0.4188,0.4188,0.4188,0.4188,0.4188,0.4188,0.4188,0.4188,0.4188
65409,0.4188,0.4188,0.4188,0.4188,0.4188,0.4188,0.4188,0.4188,0.4188,0.4188,0.4188,0.4188,0.4188
66008,0.4188,0.4188,0.4188,0.4188,0.4188,0.4188,0.4188,0.4188,0.4188,0.4188,0.4188,0.4188,0.4188
66009,0.4188,0.4188,0.4188,0.4188,0.4188,0.4188,0.4188,0.4188,0.4188,0.4188,0.4188,0.4188,0.4188
66608,0.4188,0.4188,0.4188,0.4188,0.4188,0.4188,0.4188,0.4188,0.4188,0.4188,0.4188,0.4188,0.4188
66609,0.4188,0.4188,0.4188,0.4188,0.4188,0.4188,0.4188,0.4188,0.4188,0.4188,0.4188,0.4188,0.4188
67208,0.4188,0.4188,0.4188,0.4188,0.4188,0.4188,0.4188,0.4188,0.4188,0.4188,0.4188,0.4188,0.4188
67209,0.4188,0.4188,0.4188,0.4188,0.4188,0.4188,0.4188,0.4188,0.4188,0.4188,0.4188,0.4188,0.4188
67808,0.4188,0.4188,0.4188,0.4188,0.4188,0.4188,0.4188,0.4188,0.4188,0.4188,0.4188,0.4188,0.4188
67809,0.4188,0.4188,0.4188,0.4188,0.4188,0.4188,0.4188,0.4188,0.4188,0.4188,0.4188,0.4188,0.4188
68408,0.4188,0.4188,0.4188,0.4188,0.4188,0.4188,0.4188,0.4188,0.4188,0.4188,0.4188,0.4188,0.4188
68409,0.4188,0.4188,0.4188,0.4188,0.4188,0.4188,0.4188,0.4188,0.4188,0.4188,0.4188,0.4188,0.4188
69008,0.4188,0.4188,0.4188,0.4188,0.4188,0.4188,0.4188,0.4188,0.4188,0.4188,0.4188,0.4188,0.4188
69009,0.4188,0.4188,0.4188,0.4188,0.4188,0.4188,0.4188,0.4188,0.4188,0.4188,0.4188,0.4188,0.4188
69608,0.4188,0.4188,0.4188,0.4188,0.4188,0.4188,0.4188,0.4188,0.4188,0.4188,0.4188,0.4188,0.4188
69609,0.4188,0.4188,0.4188,0.4188,0.4188,0.4188,0.4188,0.4188,0.4188,0.4188,0.4188,0.4188,0.4188
70208,0.4188,0.4188,0.4188,0.4188,0.4188,0.4188,0.4188,0.4188,0.4188,0.4188,0.4188,0.4188,0.4188
70209,0.4188,0.4188,0.4188,0.4188,0.4188,0.4188,0.4188,0.4188,0.4188,0.4188,0.4188,0.4188,0.4188
70808,0.4188,0.4188,0.4188,0.4188,0.4188,0.4188,0.4188,0.4188,0.4188,0.4188,0.4188,0.4188,0.4188
70809,0.4188,0.4188,0.4188,0.4188,0.4188,0.4188,0.4188,0.4188,0.4188,0.4188,0.4188,0.4188,0.4188
71408,0.4188,0.4188,0.4188,0.4188,0.4188,0.4188,0.4188,0.4188,0.4188,0.4188,0.4188,0.4188,0.4188
71409,0.4188,0.4188,0.4188,0.4188,0.4188,0.4188,0.4188,0.4188,0.4188,0.4188,0.4188,0.4188,0.4188
72008,0.4188,0.4188,0.4188,0.4188,0.4188,0.4188,0.4188,0.4188,0.4188,0.4188,0.4188,0.4188,0.4188
72009,0.4188,0.4188,0.4188,0.4188,0.4188,0.4188,0.4188,0.4188,0.4188,0.4188,0.4188,0.4188,0.4188
72608,0.4188,0.4188,0.4188,0.4188,0.4188,0.4188,0.4188,0.4188,0.4188,0.4188,0.4188,0.4188,0.4188
72609,0.4188,0.4188,0.4188,0.4188,0.4188,0.4188,0.4188,0.4188,0.4188,0.4188,0.4188,0.4188,0.4188
73208,0.4188,0.4188,0.4188,0.4188,0.4188,0.4188,0.4188,0.4188,0.4188,0.4188,0.4188,0.4188,0.4188
73209,0.4188,0.4188,0.4188,0.4188,0.4188,0.4188,0.4188,0.4188,0.4188,0.4188,0.4188,0.4188,0.4188
73808,0.4188,0.4188,0.4188,0.4188,0.4188,0.4188,0.4188,0.4188,0.4188,0.4188,0.4188,0.4188,0.4188
73809,0.4188,0.4188,0.4188,0.4188,0.4188,0.4188,0.4188,0.4188,0.4188,0.4188,0.4188,0.4188,0.4188
74408,0.4188,0.4188,0.4188,0.4188,0.4188,0.4188,0.4188,0.4188,0.4188,0.4188,0.4188,0.4188,0.4188
74409,0.4188,0.4188,0.4188,0.4188,0.4188,0.4188,0.4188,0.4188,0.4188,0.4188,0.4188,0.4188,0.4188
75008,0.4188,0.4188,0.4188,0.4188,0.4188,0.4188,0.4188,0.4188,0.4188,0.4188,0.4188,0.4188,0.4188
75009,0.4188,0.4188,0.4188,0.4188,0.4188,0.4188,0.4188,0.4188,0.4188,0.4188,0.4188,0.4188,0.4188
75608,0.4188,0.4188,0.4188,0.4188,0.4188,0.4188,0.4188,0.4188,0.4188,0.4188,0.4188,0.4188,0.4188
75609,0.4188,0.4188,0.4188,0.4188,0.4188,0.4188,0.4188,0.4188,0.4188,0.4188,0.4188,0.4188,0.4188
76208,0.4188,0.4188,0.4188,0.4188,0.4188,0.4188,0.4188,0.4188,0.4188,0.4188,0.4188,0.4188,0.4188
76209,0.4188,0.4188,0.4188,0.4188,0.4188,0.4188,0.4188,0.4188,0.4188,0.4188,0.4188,0.4188,0.4188
76808,0.4188,0.4188,0.4188,0.4188,0.4188,0.4188,0.4188,0.4188,0.4188,0.4188,0.4188,0.4188,0.4188
76809,0.4188,0.4188,0.4188,0.4188,0.4188,0.4188,0.4188,0.4188,0.4188,0.4188,0.4188,0.4188,0.4188
77408,0.4188,0.4188,0.4188,0.4188,0.4188,0.4188,0.4188,0.4188,0.4188,0.4188,0.4188,0.4188,0.4188
77409,0.4188,0.4188,0.4188,0.4188,0.4188,0.4188,0.4188,0.4188,0.4188,0.4188,0.4188,0.4188,0.4188
78008,0.4188,0.4188,0.4188,0.4188,0.4188,0.4188,0.4188,0.4188,0.4188,0.4188,0.4188,0.4188,0.4188
78009,0.4188,0.4188,0.4188,0.4188,0.4188,0.4188,0.4188,0.4188,0.4188,0.4188,0.4188,0.4188,0.4188
78608,0.4188,0.4188,0.4188,0.4188,0.4188,0.4188,0.4188,0.4188,0.4188,0.4188,0.4188,0.4188,0.4188
78609,0.4188,0.4188,0.4188,0.4188,0.4188,0.4188,0.4188,0.4188,0.4188,0.4188,0.4188,0.4188,0.4188
79208,0.4188,0.4188,0.4188,0.4188,0.4188,0.4188,0.4188,0.4188,0.4188,0.4188,0.4188,0.4188,0.4188
79209,0.4188,0.4188,0.4188,0.4188,0.4188,0.4188,0.4188,0.4188,0.4188,0.4188,0.4188,0.4188,0.4188
79808,0.4188,0.4188,0.4188,0.4188,0.4188,0.4188,0.4188,0.4188,0.4188,0.4188,0.4188,0.4188,0.4188
79809,0.4188,0.4188,0.4188,0.4188,0.4188,0.4188,0.4188,0.4188,0.4188,0.4188,0.4188,0.4188,0.4188
80408,0.4188,0.4188,0.4188,0.4188,0.4188,0.4188,0.4188,0.4188,0.4188,0.4188,0.4188,0.4188,0.4188
80409,0.4188,0.4188,0.4188,0.4188,0.4188,0.4188,0.4188,0.4188,0.4188,0.4188,0.4188,0.4188,0.4188
81008,0.4188,0.4188,0.4188,0.4188,0.4188,0.4188,0.4188,0.4188,0.4188,0.4188,0.4188,0.4188,0.4188
81009,0.4188,0.4188,0.4188,0.4188,0.4188,0.4188,0.4188,0.4188,0.4188,0.4188,0.4188,0.4188,0.4188
81608,0.4188,0.4188,0.4188,0.4188,0.4188,0.4188,0.4188,0.4188,0.4188,0.4188,0.4188,0.4188,0.4188
81609,0.4188,0.4188,0.4188,0.4188,0.4188,0.4188,0.4188,0.4188,0.4188,0.4188,0.4188,0.4188,0.4188
82208,0.4188,0.4188,0.4188,0.4188,0.4188,0.4188,0.4188,0.4188,0.4188,0.4188,0.4188,0.4188,0.4188
82209,0.4188,0.4188,0.4188,0.4188,0.4188,0.4188,0.4188,0.4188,0.4188,0.4188,0.4188,0.4188,0.4188
82808,0.4188,0.4188,0.4188,0.4188,0.4188,0.4188,0.4188,0.4188,0.4188,0.4188,0.4188,0.4188,0.4188
82809,0.4188,0.4188,0.4188,0.4188,0.4188,0.4188,0.4188,0.4188,0.4188,0.4188,0.4188,0.4188,0.4188
83408,0.4188,0.4188,0.4188,0.4188,0.4188,0.4188,0.4188,0.4188,0.4188,0.4188,0.4188,0.4188,0.4188
83409,0.4188,0.4188,0.4188,0.4188,0.4188,0.4188,0.4188,0.4188,0.4188,0.4188,0.4188,0.4188,0.4188
84008,0.4188,0.4188,0.4188,0.4188,0.4188,0.4188,0.4188,0.4188,0.4188,0.4188,0.4188,0.4188,0.4188
84009,0.4188,0.4188,0.4188,0.4188,0.4188,0.4188,0.4188,0.4188,0.4188,0.4188,0.4188,0.4188,0.4188
84608,0.4188,0.4188,0.4188,0.4188,0.4188,0.4188,0.4188,0.4188,0.4188,0.4188,0.4188,0.4188,0.4188
84609,0.4188,0.4188,0.4188,0.4188,0.4188,0.4188,0.4188,0.4188,0.4188,0.4188,0.4188,0.4188,0.4188
85208,0.4188,0.4188,0.4188,0.4188,0.4188,0.4188,0.4188,0.4188,0.4188,0.4188,0.4188,0.4188,0.4188
85209,0.4188,0.4188,0.4188,0.4188,0.4188,0.4188,0.4188,0.4188,0.4188,0.4188,0.4188,0.4188,0.4188
85808,0.4188,0.4188,0.4188,0.4188,0.4188,0.4188,0.4188,0.4188,0.4188,0.4188,0.4188,0.4188,0.4188
85809,0.4188,0.4188,0.4188,0.4188,0.4188,0.4188,0.4188,0.4188,0.4188,0.4188,0.4188,0.4188,0.4188
