timestamp,rtl81390,rtl81394,rtl81392,rtl81397,rtl81398,rtl81391,rtl81399,rtl81395,rtl81396,rtl81393,max,min,avg
0,0.0145,0.0145,0.0145,0.0145,0.0145,0.0145,0.0145,0.0145,0.0145,0.0145,0.0145,0.0145,0.0145
4,0.1345,0.1345,0.1345,0.1345,0.1345,0.1345,0.1345,0.1345,0.1345,0.1345,0.1345,0.1345,0.1345
5,0.4818,0.5436,0.4418,0.5091,0.5473,0.4945,0.4945,0.48,0.5145,0.5145,0.5473,0.4418,0.5022
6,0.6218,0.5891,0.5218,0.5527,0.56,0.5982,0.5709,0.5436,0.5836,0.5473,0.6218,0.5218,0.5689
7,0.6855,0.6564,0.5873,0.6055,0.5891,0.7255,0.6018,0.5818,0.5927,0.6036,0.7255,0.5818,0.6229
8,0.7073,0.6745,0.6018,0.6345,0.6582,0.7473,0.6345,0.6,0.6036,0.6509,0.7473,0.6,0.6513
9,0.7091,0.6891,0.6182,0.6364,0.6836,0.7527,0.6655,0.6091,0.6055,0.6655,0.7527,0.6055,0.6635
10,0.72,0.7273,0.62,0.64,0.6909,0.7527,0.6836,0.6382,0.6109,0.6927,0.7527,0.6109,0.6776
11,0.7345,0.7273,0.6345,0.6818,0.7073,0.7655,0.6891,0.6745,0.6145,0.6964,0.7655,0.6145,0.6925
12,0.7345,0.7273,0.6782,0.6818,0.7164,0.7655,0.6891,0.6745,0.6145,0.7036,0.7655,0.6145,0.6985
13,0.7382,0.74,0.6782,0.6927,0.7236,0.7691,0.6891,0.68,0.6145,0.7127,0.7691,0.6145,0.7038
14,0.7382,0.7418,0.68,0.7018,0.7491,0.7709,0.7309,0.68,0.6273,0.7127,0.7709,0.6273,0.7133
15,0.7382,0.7473,0.6855,0.7018,0.7527,0.7709,0.7309,0.6818,0.6473,0.7182,0.7709,0.6473,0.7175
16,0.7382,0.7564,0.7273,0.7036,0.7564,0.7709,0.7491,0.6836,0.6836,0.7182,0.7709,0.6836,0.7287
17,0.7382,0.7564,0.7273,0.7109,0.7582,0.7709,0.7491,0.6836,0.6891,0.7236,0.7709,0.6836,0.7307
18,0.74,0.7564,0.7291,0.7109,0.7582,0.7745,0.7527,0.6836,0.6927,0.7236,0.7745,0.6836,0.7322
19,0.7582,0.7564,0.7291,0.7545,0.7582,0.7745,0.7564,0.6855,0.6982,0.7236,0.7745,0.6855,0.7395
20,0.7655,0.7564,0.7291,0.7545,0.7582,0.7745,0.7582,0.6855,0.6982,0.7236,0.7745,0.6855,0.7404
21,0.7655,0.7582,0.7291,0.7545,0.7655,0.7745,0.7582,0.6855,0.6982,0.7545,0.7745,0.6855,0.7444
22,0.7655,0.76,0.7291,0.7618,0.7673,0.7764,0.7691,0.7091,0.6982,0.7545,0.7764,0.6982,0.7491
23,0.7655,0.7709,0.7345,0.7636,0.7709,0.7764,0.7691,0.7091,0.6982,0.7691,0.7764,0.6982,0.7527
24,0.7655,0.7709,0.7364,0.7636,0.7673,0.7782,0.7691,0.7255,0.7309,0.7691,0.7782,0.7255,0.7577
25,0.7655,0.7709,0.7436,0.7636,0.7673,0.7782,0.7691,0.7309,0.7309,0.7691,0.7782,0.7309,0.7589
26,0.7691,0.7745,0.7473,0.7636,0.7673,0.7782,0.7691,0.7309,0.7309,0.7691,0.7782,0.7309,0.76
27,0.7691,0.7745,0.7582,0.7655,0.7691,0.7782,0.7691,0.74,0.7309,0.7709,0.7782,0.7309,0.7625
28,0.7745,0.7745,0.76,0.7673,0.7727,0.7782,0.7709,0.74,0.7309,0.7709,0.7782,0.7309,0.764
29,0.7745,0.7782,0.76,0.7673,0.7727,0.7782,0.7745,0.7436,0.7327,0.7709,0.7782,0.7327,0.7653
30,0.7745,0.7782,0.76,0.7764,0.7727,0.7782,0.7745,0.7436,0.7345,0.7727,0.7782,0.7345,0.7665
31,0.7745,0.7782,0.7655,0.7764,0.7727,0.7782,0.7818,0.7455,0.74,0.7727,0.7818,0.74,0.7686
32,0.7745,0.78,0.7673,0.78,0.7764,0.7782,0.7818,0.7455,0.7473,0.7727,0.7818,0.7455,0.7704
33,0.7745,0.78,0.7673,0.7836,0.7764,0.7782,0.7818,0.7473,0.7473,0.7727,0.7836,0.7473,0.7709
34,0.7764,0.78,0.7673,0.7836,0.7782,0.7782,0.7818,0.7491,0.7636,0.7727,0.7836,0.7491,0.7731
35,0.7764,0.7818,0.7673,0.7836,0.7782,0.7782,0.7818,0.7491,0.7636,0.7727,0.7836,0.7491,0.7733
36,0.7764,0.7855,0.7673,0.7836,0.7782,0.7782,0.7818,0.7491,0.7636,0.7745,0.7855,0.7491,0.7738
37,0.7782,0.7855,0.7673,0.7836,0.7782,0.7782,0.7818,0.7509,0.7636,0.7764,0.7855,0.7509,0.7744
38,0.7782,0.7855,0.7709,0.7836,0.7782,0.78,0.7818,0.7527,0.7636,0.7764,0.7855,0.7527,0.7751
39,0.7782,0.7873,0.7727,0.7873,0.78,0.78,0.7818,0.7527,0.7636,0.7764,0.7873,0.7527,0.776
40,0.7782,0.7873,0.7727,0.7873,0.78,0.7818,0.7818,0.7527,0.7655,0.7764,0.7873,0.7527,0.7764
41,0.7782,0.7873,0.7727,0.7873,0.78,0.7836,0.7818,0.7655,0.7655,0.7764,0.7873,0.7655,0.7778
42,0.7782,0.7873,0.7727,0.7873,0.78,0.7836,0.7818,0.7655,0.7655,0.7782,0.7873,0.7655,0.778
43,0.7782,0.7873,0.7782,0.7891,0.78,0.7836,0.7836,0.7673,0.7655,0.7782,0.7891,0.7655,0.7791
44,0.7782,0.7873,0.7782,0.7891,0.7818,0.7836,0.7836,0.7673,0.7655,0.7782,0.7891,0.7655,0.7793
45,0.7855,0.7891,0.78,0.7891,0.78,0.7855,0.7836,0.7673,0.7673,0.7782,0.7891,0.7673,0.7806
46,0.7855,0.7891,0.7836,0.7891,0.78,0.7855,0.7836,0.7673,0.7673,0.7782,0.7891,0.7673,0.7809
47,0.7855,0.7891,0.7836,0.7891,0.78,0.7855,0.7836,0.7673,0.7673,0.7782,0.7891,0.7673,0.7809
48,0.7855,0.7891,0.7836,0.7891,0.78,0.7855,0.7836,0.7673,0.7673,0.7782,0.7891,0.7673,0.7809
49,0.7855,0.7891,0.7836,0.7891,0.78,0.7855,0.7836,0.7673,0.7673,0.7782,0.7891,0.7673,0.7809
50,0.7855,0.7891,0.7836,0.7891,0.78,0.7855,0.7836,0.7673,0.7673,0.7782,0.7891,0.7673,0.7809
51,0.7945,0.7891,0.7836,0.7891,0.78,0.7855,0.7836,0.7673,0.7673,0.7782,0.7945,0.7673,0.7818
52,0.7945,0.7891,0.7836,0.7891,0.78,0.7855,0.7836,0.7673,0.7673,0.7782,0.7945,0.7673,0.7818
53,0.7945,0.7891,0.7836,0.7891,0.78,0.7855,0.7836,0.7673,0.7673,0.7782,0.7945,0.7673,0.7818
54,0.7945,0.7891,0.7836,0.7891,0.78,0.7855,0.7891,0.7673,0.7673,0.7782,0.7945,0.7673,0.7824
55,0.7945,0.7891,0.7836,0.7891,0.78,0.7855,0.7891,0.7673,0.7673,0.7782,0.7945,0.7673,0.7824
56,0.7945,0.7891,0.7836,0.7891,0.78,0.7855,0.7909,0.7691,0.7673,0.7782,0.7945,0.7673,0.7827
57,0.7945,0.7891,0.7836,0.7891,0.78,0.7855,0.7909,0.7691,0.7673,0.7782,0.7945,0.7673,0.7827
58,0.7945,0.7891,0.7836,0.7891,0.78,0.7855,0.7909,0.7745,0.7673,0.7782,0.7945,0.7673,0.7833
59,0.7945,0.7891,0.7836,0.7891,0.78,0.7873,0.7909,0.7818,0.7673,0.7782,0.7945,0.7673,0.7842
60,0.7945,0.7891,0.7836,0.7891,0.78,0.7873,0.7909,0.7818,0.7673,0.7782,0.7945,0.7673,0.7842
61,0.7945,0.7891,0.7836,0.7891,0.78,0.7873,0.7927,0.7818,0.7673,0.7782,0.7945,0.7673,0.7844
62,0.7964,0.7891,0.7836,0.7891,0.7855,0.7873,0.7927,0.7818,0.7673,0.7782,0.7964,0.7673,0.7851
63,0.7964,0.7891,0.7836,0.7891,0.7855,0.7873,0.7927,0.7818,0.7673,0.7782,0.7964,0.7673,0.7851
64,0.7964,0.7891,0.7836,0.7891,0.7855,0.7873,0.7927,0.7818,0.7673,0.7782,0.7964,0.7673,0.7851
65,0.7964,0.7891,0.7836,0.7891,0.7855,0.7873,0.7927,0.7818,0.7691,0.7782,0.7964,0.7691,0.7853
66,0.7964,0.7891,0.7836,0.7891,0.7855,0.7873,0.7927,0.7818,0.7691,0.7782,0.7964,0.7691,0.7853
67,0.7964,0.7891,0.7836,0.7891,0.7855,0.7873,0.7927,0.7818,0.7691,0.7782,0.7964,0.7691,0.7853
68,0.7964,0.7891,0.7836,0.7891,0.7855,0.7873,0.7927,0.7818,0.7691,0.7782,0.7964,0.7691,0.7853
69,0.7982,0.7891,0.7836,0.7891,0.7855,0.7873,0.7927,0.7818,0.7691,0.7782,0.7982,0.7691,0.7855
70,0.8018,0.7891,0.7836,0.7891,0.7855,0.7873,0.7927,0.7818,0.7691,0.7782,0.8018,0.7691,0.7858
71,0.8036,0.7891,0.7836,0.7891,0.7855,0.7873,0.7927,0.7836,0.7691,0.78,0.8036,0.7691,0.7864
72,0.8036,0.7891,0.7836,0.7891,0.7855,0.7873,0.7927,0.7836,0.7691,0.78,0.8036,0.7691,0.7864
73,0.8036,0.7891,0.7855,0.7891,0.7855,0.7873,0.7927,0.7836,0.7691,0.78,0.8036,0.7691,0.7865
74,0.8036,0.7891,0.7855,0.7891,0.7855,0.7873,0.7927,0.7836,0.7691,0.78,0.8036,0.7691,0.7865
75,0.8036,0.7891,0.7855,0.7891,0.7855,0.7873,0.7927,0.7836,0.7709,0.78,0.8036,0.7709,0.7867
76,0.8036,0.7891,0.7855,0.7891,0.7855,0.7873,0.7927,0.7836,0.7709,0.7818,0.8036,0.7709,0.7869
77,0.8036,0.7891,0.7855,0.7891,0.7855,0.7873,0.7927,0.7836,0.7709,0.7818,0.8036,0.7709,0.7869
78,0.8036,0.7891,0.7855,0.7891,0.7891,0.7873,0.7927,0.7836,0.7709,0.7818,0.8036,0.7709,0.7873
79,0.8036,0.7891,0.7891,0.7891,0.7891,0.7873,0.7927,0.7836,0.7709,0.7818,0.8036,0.7709,0.7876
80,0.8073,0.7891,0.7891,0.7891,0.7891,0.7873,0.7927,0.7836,0.7709,0.7818,0.8073,0.7709,0.788
81,0.8036,0.7891,0.7891,0.7891,0.7891,0.7873,0.7927,0.7836,0.7727,0.7818,0.8036,0.7727,0.7878
82,0.8055,0.7891,0.7891,0.7891,0.7891,0.7873,0.7927,0.7836,0.7764,0.7818,0.8055,0.7764,0.7884
83,0.8055,0.7891,0.7891,0.7891,0.7891,0.7873,0.7927,0.7836,0.7764,0.7818,0.8055,0.7764,0.7884
84,0.8055,0.7891,0.7891,0.7891,0.7891,0.7873,0.7927,0.7836,0.7764,0.7836,0.8055,0.7764,0.7885
85,0.8055,0.7891,0.7891,0.7891,0.7891,0.7873,0.7927,0.7873,0.7764,0.7836,0.8055,0.7764,0.7889
86,0.8055,0.7891,0.7891,0.7891,0.7891,0.7873,0.7927,0.7873,0.7764,0.7836,0.8055,0.7764,0.7889
87,0.8055,0.7891,0.7891,0.7891,0.7891,0.7873,0.7927,0.7873,0.7764,0.7836,0.8055,0.7764,0.7889
88,0.8055,0.7891,0.7891,0.7891,0.7891,0.7873,0.7927,0.7873,0.7764,0.7836,0.8055,0.7764,0.7889
89,0.8055,0.7891,0.7891,0.7891,0.7891,0.7873,0.7927,0.7873,0.7782,0.7836,0.8055,0.7782,0.7891
90,0.8055,0.7891,0.7891,0.7891,0.7891,0.7873,0.7927,0.7873,0.7782,0.7836,0.8055,0.7782,0.7891
91,0.8055,0.7891,0.7891,0.7891,0.7891,0.7873,0.7927,0.7873,0.7782,0.7836,0.8055,0.7782,0.7891
92,0.8055,0.7891,0.7891,0.7891,0.7891,0.7873,0.7927,0.7873,0.7782,0.7855,0.8055,0.7782,0.7893
93,0.8055,0.7891,0.7891,0.7891,0.7891,0.7873,0.7927,0.7873,0.7782,0.7855,0.8055,0.7782,0.7893
94,0.8055,0.7891,0.7891,0.7891,0.7891,0.7873,0.7927,0.7873,0.7782,0.7855,0.8055,0.7782,0.7893
95,0.8055,0.7891,0.7891,0.7891,0.7891,0.7873,0.7927,0.7873,0.7782,0.7855,0.8055,0.7782,0.7893
96,0.8055,0.7891,0.7891,0.7891,0.7891,0.7873,0.7927,0.7873,0.7782,0.7855,0.8055,0.7782,0.7893
97,0.8055,0.7891,0.7891,0.7891,0.7891,0.7873,0.7927,0.7873,0.7782,0.7855,0.8055,0.7782,0.7893
98,0.8055,0.7891,0.7891,0.7891,0.7891,0.7873,0.7927,0.7873,0.7782,0.7855,0.8055,0.7782,0.7893
99,0.8055,0.7891,0.7891,0.7891,0.7891,0.7873,0.7927,0.7873,0.7782,0.7855,0.8055,0.7782,0.7893
100,0.8055,0.7891,0.7982,0.7891,0.7891,0.7873,0.7927,0.7873,0.7782,0.7855,0.8055,0.7782,0.7902
101,0.8073,0.7891,0.7982,0.7891,0.7891,0.7873,0.7927,0.7873,0.7818,0.7855,0.8073,0.7818,0.7907
102,0.8073,0.7891,0.7982,0.7891,0.7891,0.7873,0.7927,0.7873,0.7818,0.7855,0.8073,0.7818,0.7907
103,0.8073,0.7891,0.7982,0.7945,0.7891,0.7873,0.7927,0.7873,0.7818,0.7855,0.8073,0.7818,0.7913
104,0.8073,0.7891,0.7982,0.7945,0.7891,0.7873,0.7927,0.7873,0.7818,0.7855,0.8073,0.7818,0.7913
105,0.8073,0.7891,0.7982,0.7945,0.7891,0.7873,0.7927,0.7873,0.7818,0.7855,0.8073,0.7818,0.7913
106,0.8073,0.7891,0.7982,0.7945,0.7891,0.7873,0.7927,0.7891,0.7818,0.7855,0.8073,0.7818,0.7915
107,0.8073,0.7891,0.7982,0.7945,0.7891,0.7873,0.7927,0.7891,0.7818,0.7855,0.8073,0.7818,0.7915
108,0.8073,0.7891,0.7982,0.7945,0.7891,0.7909,0.7927,0.7891,0.7818,0.7855,0.8073,0.7818,0.7918
109,0.8073,0.7891,0.7982,0.7945,0.7891,0.7927,0.7927,0.7891,0.7818,0.7855,0.8073,0.7818,0.792
110,0.8073,0.7891,0.7982,0.7945,0.7891,0.7927,0.7927,0.7891,0.7818,0.7855,0.8073,0.7818,0.792
111,0.8073,0.7891,0.8,0.7945,0.7891,0.7927,0.7927,0.7891,0.7818,0.7855,0.8073,0.7818,0.7922
112,0.8073,0.7891,0.7982,0.7945,0.7891,0.7927,0.7927,0.7891,0.7818,0.7855,0.8073,0.7818,0.792
113,0.8073,0.7891,0.7982,0.7945,0.7891,0.7927,0.7927,0.7891,0.7818,0.7855,0.8073,0.7818,0.792
114,0.8073,0.7891,0.7982,0.7945,0.7891,0.7927,0.7927,0.7891,0.7818,0.7855,0.8073,0.7818,0.792
115,0.8073,0.7927,0.7982,0.7945,0.7891,0.7927,0.7927,0.7891,0.7818,0.7855,0.8073,0.7818,0.7924
116,0.8073,0.7927,0.7982,0.7945,0.7891,0.7927,0.7927,0.7891,0.7818,0.7855,0.8073,0.7818,0.7924
117,0.8073,0.7964,0.7982,0.7945,0.7891,0.7927,0.7927,0.7891,0.7818,0.7855,0.8073,0.7818,0.7927
118,0.8073,0.7964,0.7982,0.7945,0.7891,0.7927,0.7927,0.7891,0.7818,0.7855,0.8073,0.7818,0.7927
119,0.8073,0.7964,0.7982,0.7945,0.7891,0.7927,0.7927,0.7891,0.7818,0.7855,0.8073,0.7818,0.7927
120,0.8073,0.7964,0.7982,0.7945,0.7891,0.7927,0.7927,0.7891,0.7818,0.7855,0.8073,0.7818,0.7927
121,0.8073,0.7964,0.7982,0.7945,0.7891,0.7927,0.7927,0.7891,0.7818,0.7855,0.8073,0.7818,0.7927
122,0.8073,0.7964,0.7982,0.7945,0.7891,0.7927,0.7927,0.7891,0.7818,0.7855,0.8073,0.7818,0.7927
123,0.8073,0.7964,0.7982,0.7945,0.7891,0.7927,0.7927,0.7891,0.7818,0.7855,0.8073,0.7818,0.7927
124,0.8073,0.7964,0.7982,0.7945,0.7891,0.7927,0.7927,0.7891,0.7818,0.7855,0.8073,0.7818,0.7927
125,0.8073,0.7964,0.7982,0.7945,0.7891,0.7927,0.7927,0.7891,0.7818,0.7855,0.8073,0.7818,0.7927
126,0.8073,0.7964,0.7982,0.7945,0.7891,0.7927,0.7927,0.7891,0.7818,0.7855,0.8073,0.7818,0.7927
127,0.8073,0.7964,0.7982,0.7945,0.7891,0.7927,0.7927,0.7891,0.7818,0.7855,0.8073,0.7818,0.7927
128,0.8073,0.7964,0.7982,0.7945,0.7891,0.7927,0.7927,0.7891,0.7818,0.7855,0.8073,0.7818,0.7927
129,0.8073,0.7964,0.7982,0.7945,0.7909,0.7927,0.7927,0.7891,0.7818,0.7855,0.8073,0.7818,0.7929
130,0.8073,0.7964,0.7982,0.7945,0.7891,0.7927,0.7927,0.7891,0.7855,0.7855,0.8073,0.7855,0.7931
131,0.8073,0.7964,0.7982,0.7945,0.7891,0.7927,0.7927,0.7891,0.7855,0.7855,0.8073,0.7855,0.7931
132,0.8073,0.7964,0.7982,0.7945,0.7891,0.7927,0.7927,0.7891,0.7855,0.7855,0.8073,0.7855,0.7931
133,0.8073,0.7964,0.7982,0.7945,0.7891,0.7927,0.7927,0.7891,0.7855,0.7855,0.8073,0.7855,0.7931
134,0.8073,0.7964,0.7982,0.7945,0.7891,0.7927,0.7927,0.7891,0.7855,0.7855,0.8073,0.7855,0.7931
135,0.8073,0.7964,0.7982,0.7945,0.7891,0.7927,0.7927,0.7891,0.7855,0.7855,0.8073,0.7855,0.7931
136,0.8073,0.7964,0.7982,0.7945,0.7891,0.7927,0.7982,0.7891,0.7873,0.7855,0.8073,0.7855,0.7938
137,0.8073,0.7964,0.7982,0.7945,0.8036,0.7927,0.7982,0.7964,0.7873,0.7855,0.8073,0.7855,0.796
138,0.8073,0.7964,0.7982,0.7945,0.8055,0.7927,0.7982,0.8018,0.7873,0.7855,0.8073,0.7855,0.7967
139,0.8073,0.7964,0.7982,0.7945,0.8055,0.7927,0.7982,0.8018,0.7873,0.7855,0.8073,0.7855,0.7967
140,0.8073,0.7964,0.7982,0.7945,0.8055,0.7927,0.7982,0.8018,0.7873,0.7855,0.8073,0.7855,0.7967
141,0.8073,0.7964,0.7982,0.7945,0.8055,0.7927,0.7982,0.8018,0.7873,0.7855,0.8073,0.7855,0.7967
142,0.8073,0.7964,0.7982,0.7945,0.8055,0.7927,0.7982,0.8018,0.7873,0.7855,0.8073,0.7855,0.7967
143,0.8073,0.8036,0.7982,0.7945,0.8055,0.8,0.7982,0.8018,0.7873,0.7855,0.8073,0.7855,0.7982
144,0.8073,0.8036,0.7982,0.7945,0.8055,0.8,0.7982,0.8145,0.7873,0.7855,0.8145,0.7855,0.7995
145,0.8073,0.8036,0.7982,0.7945,0.8055,0.8,0.7982,0.8145,0.7873,0.7855,0.8145,0.7855,0.7995
146,0.8073,0.8036,0.7982,0.7945,0.8055,0.8018,0.7982,0.8145,0.7873,0.7855,0.8145,0.7855,0.7996
147,0.8073,0.8036,0.7982,0.7945,0.8055,0.8018,0.7982,0.8145,0.7873,0.7855,0.8145,0.7855,0.7996
148,0.8073,0.8036,0.7982,0.7945,0.8055,0.8018,0.7982,0.8145,0.7873,0.7855,0.8145,0.7855,0.7996
149,0.8073,0.8036,0.7982,0.7945,0.8055,0.8018,0.7982,0.8145,0.7873,0.7855,0.8145,0.7855,0.7996
150,0.8073,0.8036,0.7982,0.7945,0.8055,0.8018,0.7982,0.8145,0.7873,0.7855,0.8145,0.7855,0.7996
151,0.8073,0.8036,0.8,0.7945,0.8055,0.8018,0.8,0.8145,0.7873,0.7855,0.8145,0.7855,0.8
152,0.8073,0.8036,0.7982,0.7945,0.8055,0.8018,0.8,0.8145,0.7873,0.7855,0.8145,0.7855,0.7998
153,0.8073,0.8036,0.7982,0.7945,0.8055,0.8018,0.8,0.8145,0.7873,0.7855,0.8145,0.7855,0.7998
154,0.8073,0.8036,0.7982,0.7945,0.8073,0.8018,0.8,0.8145,0.7873,0.7855,0.8145,0.7855,0.8
155,0.8073,0.8036,0.7982,0.7945,0.8073,0.8018,0.8,0.8145,0.7873,0.7891,0.8145,0.7873,0.8004
156,0.8073,0.8036,0.7982,0.7945,0.8073,0.8018,0.8,0.8145,0.7873,0.7891,0.8145,0.7873,0.8004
157,0.8073,0.8036,0.7982,0.7945,0.8073,0.8018,0.8,0.8145,0.7873,0.7891,0.8145,0.7873,0.8004
158,0.8073,0.8036,0.7982,0.7945,0.8073,0.8018,0.8,0.8164,0.7873,0.7891,0.8164,0.7873,0.8005
159,0.8073,0.8036,0.7982,0.7945,0.8073,0.8018,0.8,0.8164,0.7873,0.7891,0.8164,0.7873,0.8005
160,0.8073,0.8036,0.7982,0.7945,0.8073,0.8018,0.8,0.8164,0.7873,0.7891,0.8164,0.7873,0.8005
161,0.8073,0.8036,0.7982,0.7964,0.8073,0.8018,0.8,0.8164,0.7873,0.7891,0.8164,0.7873,0.8007
162,0.8073,0.8036,0.7982,0.7964,0.8073,0.8018,0.8,0.8164,0.7873,0.7891,0.8164,0.7873,0.8007
163,0.8073,0.8036,0.7982,0.7964,0.8073,0.8018,0.8,0.8164,0.7873,0.7891,0.8164,0.7873,0.8007
164,0.8073,0.8036,0.7982,0.7964,0.8109,0.8018,0.8,0.8164,0.7873,0.7891,0.8164,0.7873,0.8011
165,0.8073,0.8036,0.7982,0.7964,0.8109,0.8018,0.8,0.8164,0.7873,0.7891,0.8164,0.7873,0.8011
166,0.8073,0.8036,0.7982,0.7964,0.8109,0.8018,0.8,0.8164,0.7873,0.7891,0.8164,0.7873,0.8011
167,0.8073,0.8036,0.7982,0.7964,0.8109,0.8018,0.8,0.8164,0.7873,0.7891,0.8164,0.7873,0.8011
168,0.8073,0.8036,0.7982,0.7964,0.8109,0.8018,0.8,0.8164,0.7873,0.7891,0.8164,0.7873,0.8011
169,0.8073,0.8036,0.7982,0.7964,0.8109,0.8018,0.8,0.8164,0.7873,0.7891,0.8164,0.7873,0.8011
170,0.8073,0.8036,0.7982,0.7964,0.8109,0.8018,0.8,0.8164,0.7873,0.7891,0.8164,0.7873,0.8011
171,0.8073,0.8036,0.8,0.7964,0.8109,0.8018,0.8,0.8164,0.7873,0.7891,0.8164,0.7873,0.8013
172,0.8073,0.8036,0.8,0.7964,0.8109,0.8018,0.8,0.8164,0.7873,0.7891,0.8164,0.7873,0.8013
173,0.8073,0.8036,0.8,0.7964,0.8109,0.8018,0.8,0.8164,0.7873,0.7891,0.8164,0.7873,0.8013
174,0.8073,0.8036,0.8,0.7964,0.8109,0.8018,0.8,0.8164,0.7873,0.7891,0.8164,0.7873,0.8013
175,0.8073,0.8036,0.8,0.7964,0.8109,0.8018,0.8,0.8164,0.7873,0.7891,0.8164,0.7873,0.8013
176,0.8073,0.8036,0.8,0.7964,0.8109,0.8018,0.8,0.8164,0.7873,0.7891,0.8164,0.7873,0.8013
177,0.8073,0.8036,0.8,0.7964,0.8109,0.8018,0.8,0.8164,0.7873,0.7891,0.8164,0.7873,0.8013
178,0.8073,0.8036,0.8,0.7964,0.8109,0.8018,0.8,0.8164,0.7873,0.7891,0.8164,0.7873,0.8013
179,0.8073,0.8036,0.8,0.7964,0.8109,0.8018,0.8,0.8164,0.7873,0.7891,0.8164,0.7873,0.8013
180,0.8073,0.8036,0.8,0.7964,0.8109,0.8018,0.8,0.8164,0.7873,0.7891,0.8164,0.7873,0.8013
181,0.8073,0.8036,0.8,0.7964,0.8109,0.8018,0.8,0.8182,0.7873,0.7891,0.8182,0.7873,0.8015
182,0.8073,0.8036,0.8,0.7964,0.8109,0.8018,0.8,0.8182,0.7873,0.7891,0.8182,0.7873,0.8015
183,0.8073,0.8036,0.8,0.7964,0.8109,0.8018,0.8,0.8182,0.7891,0.7891,0.8182,0.7891,0.8016
184,0.8073,0.8036,0.8,0.7964,0.8127,0.8018,0.8,0.8182,0.7891,0.7891,0.8182,0.7891,0.8018
185,0.8073,0.8036,0.8,0.7964,0.8109,0.8018,0.8,0.8182,0.7891,0.7891,0.8182,0.7891,0.8016
186,0.8073,0.8036,0.8,0.7964,0.8109,0.8018,0.8,0.8182,0.7891,0.7891,0.8182,0.7891,0.8016
187,0.8073,0.8036,0.8,0.7964,0.8109,0.8018,0.8,0.8182,0.7891,0.7891,0.8182,0.7891,0.8016
188,0.8073,0.8036,0.8,0.7964,0.8109,0.8018,0.8,0.8182,0.7891,0.7964,0.8182,0.7891,0.8024
189,0.8073,0.8036,0.8,0.7964,0.8109,0.8018,0.8,0.8182,0.7891,0.7964,0.8182,0.7891,0.8024
190,0.8073,0.8036,0.8,0.7964,0.8109,0.8018,0.8,0.8182,0.7891,0.7964,0.8182,0.7891,0.8024
191,0.8073,0.8036,0.8,0.7964,0.8109,0.8018,0.8,0.8218,0.7891,0.7964,0.8218,0.7891,0.8027
192,0.8073,0.8036,0.8,0.7964,0.8109,0.8018,0.8,0.8218,0.7891,0.7982,0.8218,0.7891,0.8029
193,0.8073,0.8036,0.8,0.7964,0.8109,0.8018,0.8,0.8218,0.7891,0.7982,0.8218,0.7891,0.8029
194,0.8073,0.8036,0.8,0.7964,0.8109,0.8018,0.8,0.8218,0.7891,0.7982,0.8218,0.7891,0.8029
195,0.8073,0.8036,0.8,0.7964,0.8109,0.8018,0.8,0.8218,0.7891,0.7982,0.8218,0.7891,0.8029
196,0.8073,0.8036,0.8,0.7964,0.8109,0.8018,0.8,0.8218,0.7891,0.7982,0.8218,0.7891,0.8029
197,0.8073,0.8036,0.8,0.7964,0.8109,0.8018,0.8,0.8218,0.7891,0.7982,0.8218,0.7891,0.8029
198,0.8073,0.8036,0.8,0.7964,0.8109,0.8018,0.8,0.8218,0.7891,0.7982,0.8218,0.7891,0.8029
199,0.8073,0.8036,0.8,0.7964,0.8109,0.8018,0.8,0.8218,0.7891,0.7982,0.8218,0.7891,0.8029
200,0.8073,0.8036,0.8,0.7964,0.8109,0.8018,0.8036,0.8218,0.7891,0.7982,0.8218,0.7891,0.8033
201,0.8073,0.8036,0.8,0.7964,0.8109,0.8018,0.8036,0.8218,0.7891,0.7982,0.8218,0.7891,0.8033
202,0.8073,0.8036,0.8,0.7964,0.8109,0.8018,0.8036,0.8218,0.7891,0.7982,0.8218,0.7891,0.8033
203,0.8073,0.8036,0.8,0.7964,0.8109,0.8018,0.8036,0.8218,0.7891,0.7982,0.8218,0.7891,0.8033
204,0.8073,0.8036,0.8,0.7964,0.8109,0.8018,0.8036,0.8218,0.7891,0.7982,0.8218,0.7891,0.8033
205,0.8073,0.8036,0.8,0.7964,0.8109,0.8018,0.8036,0.8218,0.7891,0.7982,0.8218,0.7891,0.8033
206,0.8073,0.8036,0.8,0.7964,0.8109,0.8018,0.8036,0.8218,0.7909,0.7982,0.8218,0.7909,0.8034
207,0.8073,0.8036,0.8,0.7964,0.8127,0.8018,0.8036,0.8218,0.7909,0.7982,0.8218,0.7909,0.8036
208,0.8073,0.8036,0.8,0.7964,0.8109,0.8018,0.8036,0.8218,0.7909,0.7982,0.8218,0.7909,0.8034
209,0.8073,0.8036,0.8,0.7964,0.8109,0.8018,0.8036,0.8218,0.7909,0.7982,0.8218,0.7909,0.8034
210,0.8073,0.8036,0.8,0.7964,0.8109,0.8018,0.8036,0.8218,0.7909,0.7982,0.8218,0.7909,0.8034
211,0.8073,0.8036,0.8,0.7964,0.8109,0.8018,0.8036,0.8218,0.7909,0.7982,0.8218,0.7909,0.8034
212,0.8073,0.8036,0.8,0.7964,0.8109,0.8018,0.8036,0.8218,0.7945,0.7982,0.8218,0.7945,0.8038
213,0.8073,0.8036,0.8,0.7964,0.8109,0.8018,0.8036,0.8218,0.7945,0.7982,0.8218,0.7945,0.8038
214,0.8073,0.8036,0.8,0.7964,0.8109,0.8018,0.8036,0.8218,0.7945,0.7982,0.8218,0.7945,0.8038
215,0.8073,0.8036,0.8,0.7964,0.8109,0.8018,0.8036,0.8218,0.7945,0.7982,0.8218,0.7945,0.8038
216,0.8073,0.8036,0.8,0.7964,0.8109,0.8018,0.8036,0.8218,0.7945,0.7982,0.8218,0.7945,0.8038
217,0.8073,0.8036,0.8,0.7964,0.8109,0.8018,0.8036,0.8218,0.7945,0.7982,0.8218,0.7945,0.8038
218,0.8073,0.8036,0.8,0.7964,0.8109,0.8018,0.8036,0.8218,0.7945,0.7982,0.8218,0.7945,0.8038
219,0.8073,0.8036,0.8,0.7982,0.8109,0.8018,0.8036,0.8218,0.7945,0.7982,0.8218,0.7945,0.804
220,0.8073,0.8036,0.8,0.7982,0.8109,0.8018,0.8036,0.8218,0.7945,0.7982,0.8218,0.7945,0.804
221,0.8073,0.8036,0.8,0.7982,0.8109,0.8018,0.8036,0.8218,0.7945,0.7982,0.8218,0.7945,0.804
222,0.8073,0.8036,0.8,0.7982,0.8109,0.8018,0.8036,0.8218,0.7945,0.7982,0.8218,0.7945,0.804
223,0.8073,0.8036,0.8,0.7982,0.8109,0.8018,0.8036,0.8218,0.7945,0.7982,0.8218,0.7945,0.804
224,0.8073,0.8036,0.8,0.7982,0.8109,0.8018,0.8036,0.8218,0.7945,0.7982,0.8218,0.7945,0.804
225,0.8073,0.8036,0.8,0.7982,0.8109,0.8018,0.8036,0.8218,0.7945,0.7982,0.8218,0.7945,0.804
226,0.8073,0.8036,0.8,0.7982,0.8109,0.8018,0.8036,0.8218,0.7945,0.7982,0.8218,0.7945,0.804
227,0.8073,0.8036,0.8,0.7982,0.8109,0.8018,0.8036,0.8218,0.7945,0.7982,0.8218,0.7945,0.804
228,0.8073,0.8036,0.8,0.7982,0.8109,0.8018,0.8036,0.8218,0.7945,0.7982,0.8218,0.7945,0.804
229,0.8073,0.8036,0.8,0.7982,0.8109,0.8018,0.8036,0.8218,0.7945,0.7982,0.8218,0.7945,0.804
230,0.8073,0.8036,0.8,0.7982,0.8109,0.8018,0.8036,0.8218,0.7945,0.7982,0.8218,0.7945,0.804
231,0.8073,0.8036,0.8,0.7982,0.8109,0.8018,0.8036,0.8218,0.7945,0.7982,0.8218,0.7945,0.804
232,0.8073,0.8036,0.8,0.7982,0.8127,0.8018,0.8036,0.8218,0.7945,0.7982,0.8218,0.7945,0.8042
233,0.8073,0.8036,0.8,0.7982,0.8109,0.8018,0.8036,0.8218,0.7945,0.7982,0.8218,0.7945,0.804
234,0.8073,0.8036,0.8,0.7982,0.8109,0.8018,0.8036,0.8218,0.7945,0.7982,0.8218,0.7945,0.804
235,0.8073,0.8036,0.8,0.7982,0.8109,0.8018,0.8036,0.8218,0.7945,0.7982,0.8218,0.7945,0.804
236,0.8073,0.8036,0.8,0.7982,0.8109,0.8018,0.8036,0.8218,0.7945,0.7982,0.8218,0.7945,0.804
237,0.8073,0.8036,0.8,0.7982,0.8109,0.8018,0.8036,0.8218,0.7945,0.7982,0.8218,0.7945,0.804
238,0.8073,0.8036,0.8,0.7982,0.8109,0.8018,0.8036,0.8218,0.7945,0.7982,0.8218,0.7945,0.804
239,0.8073,0.8036,0.8,0.7982,0.8109,0.8018,0.8036,0.8218,0.7945,0.7982,0.8218,0.7945,0.804
240,0.8073,0.8036,0.8,0.7982,0.8109,0.8018,0.8036,0.8218,0.7945,0.7982,0.8218,0.7945,0.804
241,0.8073,0.8036,0.8,0.7982,0.8109,0.8018,0.8036,0.8218,0.7945,0.7982,0.8218,0.7945,0.804
242,0.8073,0.8036,0.8,0.7982,0.8109,0.8018,0.8036,0.8218,0.7945,0.7982,0.8218,0.7945,0.804
243,0.8073,0.8036,0.8,0.7982,0.8109,0.8018,0.8036,0.8218,0.7945,0.7982,0.8218,0.7945,0.804
244,0.8073,0.8036,0.8,0.7982,0.8109,0.8018,0.8036,0.8218,0.7945,0.7982,0.8218,0.7945,0.804
245,0.8073,0.8036,0.8,0.7982,0.8109,0.8018,0.8036,0.8218,0.7945,0.7982,0.8218,0.7945,0.804
246,0.8073,0.8036,0.8,0.7982,0.8109,0.8018,0.8036,0.8218,0.7945,0.7982,0.8218,0.7945,0.804
247,0.8073,0.8036,0.8,0.7982,0.8109,0.8018,0.8036,0.8218,0.7945,0.7982,0.8218,0.7945,0.804
248,0.8073,0.8036,0.8,0.7982,0.8109,0.8018,0.8036,0.8218,0.7945,0.7982,0.8218,0.7945,0.804
249,0.8073,0.8036,0.8,0.7982,0.8109,0.8018,0.8036,0.8218,0.7945,0.7982,0.8218,0.7945,0.804
250,0.8073,0.8036,0.8,0.7982,0.8109,0.8018,0.8036,0.8218,0.7945,0.7982,0.8218,0.7945,0.804
251,0.8073,0.8036,0.8,0.7982,0.8109,0.8018,0.8036,0.8218,0.7945,0.7982,0.8218,0.7945,0.804
252,0.8073,0.8036,0.8,0.7982,0.8109,0.8018,0.8036,0.8218,0.7945,0.7982,0.8218,0.7945,0.804
253,0.8236,0.8036,0.8,0.7982,0.8109,0.8018,0.8036,0.8218,0.7945,0.7982,0.8236,0.7945,0.8056
254,0.8236,0.8036,0.8,0.7982,0.8109,0.8018,0.8036,0.8218,0.7945,0.7982,0.8236,0.7945,0.8056
255,0.8236,0.8036,0.8,0.7982,0.8109,0.8018,0.8036,0.8218,0.7945,0.7982,0.8236,0.7945,0.8056
256,0.8236,0.8036,0.8,0.7982,0.8109,0.8018,0.8036,0.8218,0.7945,0.7982,0.8236,0.7945,0.8056
257,0.8236,0.8036,0.8,0.7982,0.8109,0.8018,0.8036,0.8218,0.7945,0.7982,0.8236,0.7945,0.8056
258,0.8236,0.8036,0.8,0.7982,0.8109,0.8018,0.8036,0.8218,0.7945,0.7982,0.8236,0.7945,0.8056
259,0.8236,0.8036,0.8,0.7982,0.8109,0.8018,0.8036,0.8218,0.7945,0.7982,0.8236,0.7945,0.8056
260,0.8236,0.8036,0.8,0.7982,0.8109,0.8018,0.8036,0.8218,0.7945,0.7982,0.8236,0.7945,0.8056
261,0.8236,0.8036,0.8,0.7982,0.8109,0.8018,0.8036,0.8218,0.7945,0.7982,0.8236,0.7945,0.8056
262,0.8236,0.8036,0.8,0.7982,0.8109,0.8018,0.8036,0.8218,0.7945,0.7982,0.8236,0.7945,0.8056
263,0.8236,0.8036,0.8,0.7982,0.8109,0.8018,0.8036,0.8218,0.7945,0.7982,0.8236,0.7945,0.8056
264,0.8236,0.8036,0.8,0.7982,0.8109,0.8018,0.8036,0.8218,0.7945,0.7982,0.8236,0.7945,0.8056
265,0.8236,0.8036,0.8,0.7982,0.8109,0.8018,0.8036,0.8218,0.7945,0.7982,0.8236,0.7945,0.8056
266,0.8236,0.8036,0.8,0.7982,0.8109,0.8018,0.8036,0.8218,0.7945,0.7982,0.8236,0.7945,0.8056
267,0.8236,0.8036,0.8,0.7982,0.8109,0.8018,0.8036,0.8218,0.7945,0.7982,0.8236,0.7945,0.8056
268,0.8236,0.8036,0.8,0.7982,0.8109,0.8018,0.8036,0.8218,0.7945,0.7982,0.8236,0.7945,0.8056
269,0.8236,0.8036,0.8,0.7982,0.8109,0.8018,0.8036,0.8218,0.7945,0.7982,0.8236,0.7945,0.8056
270,0.8236,0.8036,0.8,0.7982,0.8109,0.8018,0.8036,0.8218,0.7945,0.7982,0.8236,0.7945,0.8056
271,0.8236,0.8036,0.8,0.7982,0.8109,0.8018,0.8036,0.8218,0.7945,0.7982,0.8236,0.7945,0.8056
272,0.8236,0.8036,0.8,0.7982,0.8109,0.8018,0.8036,0.8218,0.7945,0.7982,0.8236,0.7945,0.8056
273,0.8236,0.8036,0.8,0.7982,0.8109,0.8018,0.8036,0.8218,0.7945,0.7982,0.8236,0.7945,0.8056
274,0.8236,0.8036,0.8,0.7982,0.8109,0.8018,0.8036,0.8218,0.7945,0.7982,0.8236,0.7945,0.8056
275,0.8236,0.8036,0.8,0.7982,0.8109,0.8018,0.8036,0.8218,0.7945,0.7982,0.8236,0.7945,0.8056
276,0.8236,0.8036,0.8,0.7982,0.8109,0.8018,0.8036,0.8218,0.7945,0.7982,0.8236,0.7945,0.8056
277,0.8236,0.8036,0.8,0.7982,0.8109,0.8018,0.8036,0.8218,0.7945,0.7982,0.8236,0.7945,0.8056
278,0.8236,0.8036,0.8,0.7982,0.8109,0.8018,0.8036,0.8218,0.7945,0.7982,0.8236,0.7945,0.8056
279,0.8236,0.8036,0.8,0.7982,0.8109,0.8018,0.8036,0.8218,0.7945,0.7982,0.8236,0.7945,0.8056
280,0.8236,0.8036,0.8,0.7982,0.8109,0.8018,0.8036,0.8218,0.7945,0.7982,0.8236,0.7945,0.8056
281,0.8236,0.8036,0.8,0.7982,0.8109,0.8018,0.8036,0.8218,0.7945,0.7982,0.8236,0.7945,0.8056
282,0.8236,0.8036,0.8,0.7982,0.8109,0.8018,0.8036,0.8218,0.7945,0.7982,0.8236,0.7945,0.8056
283,0.8236,0.8036,0.8,0.7982,0.8109,0.8018,0.8036,0.8218,0.7945,0.7982,0.8236,0.7945,0.8056
284,0.8236,0.8036,0.8,0.7982,0.8109,0.8018,0.8036,0.8218,0.7945,0.7982,0.8236,0.7945,0.8056
285,0.8236,0.8036,0.8,0.7982,0.8109,0.8018,0.8036,0.8218,0.7945,0.7982,0.8236,0.7945,0.8056
286,0.8236,0.8036,0.8,0.8018,0.8109,0.8018,0.8036,0.8218,0.7945,0.7982,0.8236,0.7945,0.806
287,0.8236,0.8036,0.8,0.8018,0.8109,0.8018,0.8036,0.8218,0.7945,0.7982,0.8236,0.7945,0.806
288,0.8236,0.8036,0.8,0.8018,0.8109,0.8018,0.8036,0.8218,0.7945,0.7982,0.8236,0.7945,0.806
289,0.8236,0.8036,0.8,0.8018,0.8109,0.8018,0.8036,0.8218,0.7945,0.7982,0.8236,0.7945,0.806
290,0.8236,0.8036,0.8,0.8018,0.8109,0.8018,0.8036,0.8218,0.7945,0.7982,0.8236,0.7945,0.806
291,0.8236,0.8036,0.8,0.8018,0.8109,0.8018,0.8036,0.8218,0.7945,0.7982,0.8236,0.7945,0.806
292,0.8236,0.8036,0.8,0.8018,0.8109,0.8018,0.8036,0.8218,0.7945,0.7982,0.8236,0.7945,0.806
293,0.8236,0.8036,0.8,0.8018,0.8109,0.8018,0.8036,0.8218,0.7945,0.7982,0.8236,0.7945,0.806
294,0.8236,0.8036,0.8,0.8018,0.8109,0.8018,0.8036,0.8218,0.7945,0.7982,0.8236,0.7945,0.806
295,0.8236,0.8036,0.8,0.8018,0.8109,0.8018,0.8036,0.8218,0.7945,0.7982,0.8236,0.7945,0.806
296,0.8236,0.8036,0.8,0.8018,0.8109,0.8018,0.8036,0.8218,0.7945,0.7982,0.8236,0.7945,0.806
297,0.8236,0.8036,0.8,0.8018,0.8109,0.8018,0.8036,0.8218,0.7945,0.7982,0.8236,0.7945,0.806
298,0.8236,0.8036,0.8,0.8018,0.8109,0.8018,0.8036,0.8218,0.7945,0.7982,0.8236,0.7945,0.806
299,0.8236,0.8036,0.8,0.8018,0.8109,0.8018,0.8036,0.8218,0.7945,0.7982,0.8236,0.7945,0.806
300,0.8236,0.8036,0.8018,0.8018,0.8109,0.8018,0.8036,0.8218,0.7945,0.7982,0.8236,0.7945,0.8062
301,0.8236,0.8036,0.8,0.8018,0.8109,0.8018,0.8036,0.8218,0.7945,0.8,0.8236,0.7945,0.8062
302,0.8236,0.8036,0.8,0.8018,0.8109,0.8018,0.8036,0.8218,0.7945,0.7982,0.8236,0.7945,0.806
303,0.8236,0.8036,0.8,0.8018,0.8109,0.8018,0.8036,0.8218,0.7945,0.7982,0.8236,0.7945,0.806
304,0.8236,0.8036,0.8,0.8018,0.8109,0.8018,0.8036,0.8218,0.7945,0.7982,0.8236,0.7945,0.806
305,0.8236,0.8036,0.8,0.8018,0.8109,0.8018,0.8036,0.8218,0.7945,0.7982,0.8236,0.7945,0.806
306,0.8236,0.8036,0.8,0.8018,0.8109,0.8018,0.8036,0.8218,0.7945,0.7982,0.8236,0.7945,0.806
307,0.8236,0.8036,0.8,0.8018,0.8145,0.8018,0.8036,0.8218,0.7945,0.7982,0.8236,0.7945,0.8063
308,0.8236,0.8036,0.8,0.8018,0.8145,0.8018,0.8036,0.8218,0.7945,0.7982,0.8236,0.7945,0.8063
309,0.8236,0.8036,0.8,0.8018,0.8145,0.8018,0.8036,0.8218,0.7945,0.7982,0.8236,0.7945,0.8063
310,0.8236,0.8036,0.8,0.8018,0.8145,0.8018,0.8036,0.8218,0.7945,0.7982,0.8236,0.7945,0.8063
311,0.8236,0.8036,0.8,0.8018,0.8145,0.8018,0.8036,0.8218,0.7945,0.7982,0.8236,0.7945,0.8063
312,0.8236,0.8036,0.8,0.8018,0.8145,0.8018,0.8036,0.8218,0.7945,0.7982,0.8236,0.7945,0.8063
313,0.8236,0.8036,0.8,0.8018,0.8145,0.8018,0.8036,0.8218,0.7945,0.7982,0.8236,0.7945,0.8063
314,0.8236,0.8036,0.8,0.8018,0.8145,0.8018,0.8036,0.8218,0.7945,0.7982,0.8236,0.7945,0.8063
315,0.8236,0.8036,0.8,0.8018,0.8145,0.8018,0.8036,0.8218,0.7945,0.7982,0.8236,0.7945,0.8063
316,0.8236,0.8036,0.8,0.8018,0.8145,0.8018,0.8036,0.8218,0.7945,0.7982,0.8236,0.7945,0.8063
317,0.8236,0.8036,0.8,0.8018,0.8145,0.8018,0.8036,0.8218,0.7945,0.7982,0.8236,0.7945,0.8063
318,0.8236,0.8036,0.8,0.8018,0.8145,0.8018,0.8036,0.8218,0.7945,0.7982,0.8236,0.7945,0.8063
319,0.8236,0.8036,0.8,0.8018,0.8145,0.8018,0.8036,0.8218,0.7945,0.7982,0.8236,0.7945,0.8063
320,0.8236,0.8036,0.8,0.8018,0.8145,0.8018,0.8036,0.8218,0.7945,0.7982,0.8236,0.7945,0.8063
321,0.8236,0.8036,0.8,0.8018,0.8145,0.8018,0.8036,0.8218,0.7945,0.7982,0.8236,0.7945,0.8063
322,0.8236,0.8036,0.8,0.8018,0.8145,0.8018,0.8036,0.8218,0.7945,0.7982,0.8236,0.7945,0.8063
323,0.8236,0.8036,0.8,0.8018,0.8145,0.8018,0.8036,0.8218,0.7945,0.7982,0.8236,0.7945,0.8063
324,0.8236,0.8036,0.8,0.8018,0.8145,0.8018,0.8036,0.8218,0.7945,0.7982,0.8236,0.7945,0.8063
325,0.8236,0.8036,0.8,0.8018,0.8145,0.8018,0.8036,0.8218,0.7945,0.7982,0.8236,0.7945,0.8063
326,0.8236,0.8036,0.8,0.8018,0.8145,0.8018,0.8036,0.8218,0.7945,0.7982,0.8236,0.7945,0.8063
327,0.8236,0.8036,0.8,0.8018,0.8145,0.8018,0.8036,0.8218,0.7945,0.7982,0.8236,0.7945,0.8063
328,0.8236,0.8036,0.8,0.8018,0.8145,0.8018,0.8036,0.8218,0.7945,0.7982,0.8236,0.7945,0.8063
329,0.8236,0.8036,0.8,0.8018,0.8145,0.8018,0.8036,0.8218,0.7945,0.7982,0.8236,0.7945,0.8063
330,0.8236,0.8036,0.8,0.8018,0.8145,0.8018,0.8036,0.8218,0.7945,0.7982,0.8236,0.7945,0.8063
331,0.8236,0.8036,0.8,0.8018,0.8145,0.8018,0.8036,0.8218,0.7945,0.7982,0.8236,0.7945,0.8063
332,0.8236,0.8036,0.8,0.8018,0.8145,0.8018,0.8036,0.8218,0.7945,0.7982,0.8236,0.7945,0.8063
333,0.8236,0.8036,0.8,0.8018,0.8145,0.8018,0.8036,0.8218,0.7945,0.8,0.8236,0.7945,0.8065
334,0.8236,0.8036,0.8,0.8018,0.8145,0.8018,0.8036,0.8218,0.7945,0.8,0.8236,0.7945,0.8065
335,0.8236,0.8036,0.8,0.8018,0.8145,0.8018,0.8036,0.8218,0.7945,0.8,0.8236,0.7945,0.8065
336,0.8236,0.8036,0.8,0.8018,0.8145,0.8018,0.8036,0.8218,0.7945,0.8,0.8236,0.7945,0.8065
337,0.8236,0.8036,0.8,0.8018,0.8145,0.8018,0.8036,0.8218,0.7945,0.8,0.8236,0.7945,0.8065
338,0.8236,0.8036,0.8,0.8018,0.8145,0.8018,0.8036,0.8218,0.7945,0.8,0.8236,0.7945,0.8065
339,0.8236,0.8036,0.8,0.8018,0.8145,0.8018,0.8036,0.8218,0.7945,0.8,0.8236,0.7945,0.8065
340,0.8236,0.8036,0.8,0.8018,0.8145,0.8018,0.8036,0.8218,0.7945,0.8,0.8236,0.7945,0.8065
341,0.8236,0.8036,0.8,0.8018,0.8145,0.8018,0.8036,0.8218,0.7945,0.8,0.8236,0.7945,0.8065
342,0.8236,0.8036,0.8,0.8018,0.8145,0.8018,0.8036,0.8218,0.7945,0.8,0.8236,0.7945,0.8065
343,0.8236,0.8036,0.8,0.8018,0.8145,0.8018,0.8036,0.8218,0.7945,0.8,0.8236,0.7945,0.8065
344,0.8236,0.8036,0.8,0.8018,0.8145,0.8018,0.8036,0.8218,0.7945,0.8,0.8236,0.7945,0.8065
345,0.8236,0.8036,0.8,0.8018,0.8145,0.8018,0.8036,0.8218,0.7945,0.8,0.8236,0.7945,0.8065
346,0.8236,0.8036,0.8,0.8018,0.8145,0.8018,0.8036,0.8218,0.7945,0.8,0.8236,0.7945,0.8065
347,0.8236,0.8036,0.8,0.8018,0.8145,0.8018,0.8036,0.8218,0.7945,0.8,0.8236,0.7945,0.8065
348,0.8236,0.8036,0.8,0.8018,0.8145,0.8018,0.8036,0.8218,0.7945,0.8,0.8236,0.7945,0.8065
349,0.8236,0.8036,0.8,0.8018,0.8145,0.8018,0.8036,0.8218,0.7945,0.8,0.8236,0.7945,0.8065
350,0.8236,0.8036,0.8,0.8018,0.8145,0.8018,0.8036,0.8218,0.7945,0.8,0.8236,0.7945,0.8065
351,0.8236,0.8036,0.8,0.8018,0.8145,0.8018,0.8036,0.8218,0.7945,0.8,0.8236,0.7945,0.8065
352,0.8236,0.8036,0.8,0.8018,0.8145,0.8018,0.8036,0.8218,0.7945,0.8,0.8236,0.7945,0.8065
353,0.8236,0.8036,0.8,0.8018,0.8145,0.8018,0.8036,0.8291,0.7945,0.8,0.8291,0.7945,0.8073
354,0.8236,0.8036,0.8,0.8018,0.8145,0.8018,0.8036,0.8291,0.7945,0.8,0.8291,0.7945,0.8073
355,0.8236,0.8036,0.8,0.8018,0.8145,0.8018,0.8036,0.8291,0.7945,0.8,0.8291,0.7945,0.8073
356,0.8236,0.8036,0.8,0.8018,0.8145,0.8018,0.8036,0.8291,0.7945,0.8,0.8291,0.7945,0.8073
357,0.8236,0.8036,0.8,0.8018,0.8145,0.8018,0.8036,0.8291,0.7964,0.8,0.8291,0.7964,0.8074
358,0.8236,0.8036,0.8,0.8018,0.8145,0.8018,0.8036,0.8291,0.7964,0.8,0.8291,0.7964,0.8074
359,0.8236,0.8036,0.8,0.8018,0.8145,0.8018,0.8036,0.8291,0.7964,0.8,0.8291,0.7964,0.8074
360,0.8236,0.8036,0.8,0.8018,0.8145,0.8018,0.8036,0.8291,0.7964,0.8,0.8291,0.7964,0.8074
361,0.8236,0.8036,0.8,0.8018,0.8145,0.8018,0.8036,0.8291,0.7964,0.8,0.8291,0.7964,0.8074
362,0.8236,0.8036,0.8,0.8018,0.8145,0.8018,0.8036,0.8291,0.7964,0.8,0.8291,0.7964,0.8074
363,0.8236,0.8036,0.8,0.8018,0.8145,0.8018,0.8036,0.8291,0.7964,0.8,0.8291,0.7964,0.8074
364,0.8236,0.8036,0.8,0.8018,0.8145,0.8018,0.8036,0.8291,0.7964,0.8,0.8291,0.7964,0.8074
365,0.8236,0.8036,0.8,0.8018,0.8145,0.8018,0.8036,0.8291,0.7964,0.8,0.8291,0.7964,0.8074
366,0.8236,0.8036,0.8,0.8018,0.8145,0.8018,0.8036,0.8291,0.7964,0.8,0.8291,0.7964,0.8074
367,0.8236,0.8036,0.8,0.8018,0.8145,0.8018,0.8036,0.8291,0.7982,0.8,0.8291,0.7982,0.8076
368,0.8236,0.8036,0.8,0.8018,0.8145,0.8018,0.8036,0.8291,0.7982,0.8,0.8291,0.7982,0.8076
369,0.8236,0.8036,0.8,0.8018,0.8145,0.8018,0.8036,0.8291,0.7982,0.8,0.8291,0.7982,0.8076
370,0.8327,0.8036,0.8,0.8018,0.8145,0.8018,0.8036,0.8309,0.7982,0.8,0.8327,0.7982,0.8087
371,0.8327,0.8036,0.8,0.8018,0.8145,0.8018,0.8036,0.8309,0.7982,0.8,0.8327,0.7982,0.8087
372,0.8327,0.8036,0.8,0.8018,0.8145,0.8018,0.8036,0.8309,0.7982,0.8,0.8327,0.7982,0.8087
373,0.8327,0.8036,0.8,0.8018,0.8145,0.8018,0.8036,0.8309,0.7982,0.8,0.8327,0.7982,0.8087
374,0.8327,0.8036,0.8,0.8018,0.8145,0.8018,0.8036,0.8309,0.7982,0.8,0.8327,0.7982,0.8087
375,0.8327,0.8036,0.8,0.8018,0.8145,0.8018,0.8036,0.8309,0.7982,0.8,0.8327,0.7982,0.8087
376,0.8327,0.8036,0.8,0.8018,0.8145,0.8018,0.8036,0.8309,0.7982,0.8,0.8327,0.7982,0.8087
377,0.8327,0.8036,0.8,0.8018,0.8145,0.8018,0.8036,0.8345,0.7982,0.8,0.8345,0.7982,0.8091
378,0.8327,0.8036,0.8,0.8018,0.8145,0.8018,0.8036,0.8345,0.7982,0.8,0.8345,0.7982,0.8091
379,0.8327,0.8036,0.8,0.8018,0.8145,0.8018,0.8036,0.8345,0.7982,0.8,0.8345,0.7982,0.8091
380,0.8327,0.8036,0.8,0.8018,0.8145,0.8018,0.8036,0.8345,0.7982,0.8,0.8345,0.7982,0.8091
381,0.8327,0.8036,0.8,0.8018,0.8145,0.8018,0.8036,0.8345,0.7982,0.8,0.8345,0.7982,0.8091
382,0.8327,0.8036,0.8,0.8018,0.8145,0.8018,0.8036,0.8345,0.7982,0.8,0.8345,0.7982,0.8091
383,0.8327,0.8036,0.8,0.8018,0.8145,0.8018,0.8036,0.8345,0.7982,0.8,0.8345,0.7982,0.8091
384,0.8327,0.8036,0.8,0.8018,0.8145,0.8018,0.8036,0.8345,0.7982,0.8,0.8345,0.7982,0.8091
385,0.8327,0.8055,0.8,0.8018,0.8145,0.8018,0.8036,0.8345,0.7982,0.8,0.8345,0.7982,0.8093
386,0.8327,0.8055,0.8,0.8018,0.8145,0.8018,0.8036,0.8345,0.7982,0.8,0.8345,0.7982,0.8093
387,0.8327,0.8055,0.8,0.8018,0.8145,0.8018,0.8036,0.8345,0.7982,0.8,0.8345,0.7982,0.8093
388,0.8327,0.8055,0.8,0.8018,0.8145,0.8018,0.8036,0.8345,0.7982,0.8,0.8345,0.7982,0.8093
389,0.8327,0.8055,0.8,0.8018,0.8145,0.8018,0.8036,0.8345,0.7982,0.8,0.8345,0.7982,0.8093
390,0.8327,0.8055,0.8,0.8018,0.8145,0.8018,0.8036,0.8345,0.7982,0.8,0.8345,0.7982,0.8093
391,0.8327,0.8055,0.8,0.8018,0.8145,0.8018,0.8036,0.8345,0.7982,0.8,0.8345,0.7982,0.8093
392,0.8327,0.8055,0.8,0.8018,0.8145,0.8018,0.8036,0.8345,0.7982,0.8,0.8345,0.7982,0.8093
393,0.8327,0.8055,0.8,0.8018,0.8145,0.8018,0.8036,0.8345,0.7982,0.8,0.8345,0.7982,0.8093
394,0.8327,0.8055,0.8,0.8018,0.8145,0.8018,0.8036,0.8345,0.7982,0.8,0.8345,0.7982,0.8093
395,0.8327,0.8055,0.8,0.8018,0.8145,0.8018,0.8036,0.8345,0.7982,0.8,0.8345,0.7982,0.8093
396,0.8327,0.8055,0.8,0.8018,0.8145,0.8018,0.8036,0.8345,0.7982,0.8,0.8345,0.7982,0.8093
397,0.8327,0.8055,0.8,0.8018,0.8145,0.8018,0.8036,0.8345,0.7982,0.8,0.8345,0.7982,0.8093
398,0.8327,0.8055,0.8,0.8018,0.8145,0.8018,0.8036,0.8345,0.7982,0.8,0.8345,0.7982,0.8093
399,0.8327,0.8055,0.8,0.8018,0.8145,0.8018,0.8036,0.8345,0.7982,0.8,0.8345,0.7982,0.8093
400,0.8327,0.8073,0.8,0.8018,0.8145,0.8018,0.8036,0.8345,0.7982,0.8,0.8345,0.7982,0.8094
401,0.8327,0.8073,0.8,0.8018,0.8145,0.8018,0.8036,0.8345,0.7982,0.8,0.8345,0.7982,0.8094
402,0.8327,0.8073,0.8,0.8018,0.8145,0.8018,0.8036,0.8345,0.7982,0.8,0.8345,0.7982,0.8094
403,0.8327,0.8073,0.8,0.8018,0.8145,0.8018,0.8036,0.8345,0.7982,0.8,0.8345,0.7982,0.8094
404,0.8327,0.8073,0.8,0.8018,0.8145,0.8018,0.8036,0.8345,0.7982,0.8,0.8345,0.7982,0.8094
405,0.8327,0.8073,0.8,0.8018,0.8145,0.8018,0.8036,0.8345,0.7982,0.8,0.8345,0.7982,0.8094
406,0.8327,0.8073,0.8,0.8018,0.8145,0.8018,0.8036,0.8345,0.7982,0.8,0.8345,0.7982,0.8094
407,0.8327,0.8073,0.8,0.8018,0.8145,0.8018,0.8036,0.8345,0.7982,0.8,0.8345,0.7982,0.8094
408,0.8327,0.8073,0.8,0.8018,0.8145,0.8018,0.8036,0.8345,0.7982,0.8,0.8345,0.7982,0.8094
409,0.8327,0.8073,0.8,0.8018,0.8145,0.8018,0.8036,0.8345,0.7982,0.8,0.8345,0.7982,0.8094
410,0.8327,0.8073,0.8,0.8018,0.8145,0.8018,0.8036,0.8345,0.7982,0.8,0.8345,0.7982,0.8094
411,0.8327,0.8073,0.8,0.8018,0.8145,0.8018,0.8036,0.8345,0.7982,0.8,0.8345,0.7982,0.8094
412,0.8327,0.8073,0.8,0.8018,0.8145,0.8018,0.8036,0.8345,0.7982,0.8,0.8345,0.7982,0.8094
413,0.8327,0.8073,0.8,0.8018,0.8145,0.8018,0.8036,0.8345,0.7982,0.8,0.8345,0.7982,0.8094
414,0.8327,0.8073,0.8,0.8018,0.8145,0.8018,0.8036,0.8345,0.7982,0.8,0.8345,0.7982,0.8094
415,0.8327,0.8073,0.8,0.8018,0.8145,0.8018,0.8036,0.8345,0.7982,0.8,0.8345,0.7982,0.8094
416,0.8327,0.8073,0.8,0.8018,0.8145,0.8018,0.8036,0.8345,0.7982,0.8,0.8345,0.7982,0.8094
417,0.8327,0.8073,0.8,0.8018,0.8145,0.8018,0.8036,0.8345,0.7982,0.8,0.8345,0.7982,0.8094
418,0.8327,0.8073,0.8,0.8018,0.8145,0.8018,0.8036,0.8345,0.7982,0.8,0.8345,0.7982,0.8094
419,0.8327,0.8073,0.8,0.8018,0.8145,0.8018,0.8036,0.8345,0.7982,0.8,0.8345,0.7982,0.8094
420,0.8327,0.8073,0.8,0.8018,0.8145,0.8018,0.8036,0.8345,0.7982,0.8,0.8345,0.7982,0.8094
421,0.8327,0.8073,0.8,0.8018,0.8145,0.8018,0.8036,0.8345,0.7982,0.8,0.8345,0.7982,0.8094
422,0.8327,0.8073,0.8,0.8018,0.8145,0.8018,0.8036,0.8345,0.7982,0.8,0.8345,0.7982,0.8094
423,0.8327,0.8073,0.8,0.8018,0.8145,0.8018,0.8036,0.8345,0.7982,0.8,0.8345,0.7982,0.8094
424,0.8327,0.8073,0.8,0.8018,0.8145,0.8018,0.8036,0.8345,0.7982,0.8,0.8345,0.7982,0.8094
425,0.8327,0.8073,0.82,0.8018,0.8145,0.8018,0.8036,0.8345,0.7982,0.8,0.8345,0.7982,0.8114
426,0.8327,0.8073,0.82,0.8018,0.8145,0.8018,0.8036,0.8345,0.7982,0.8,0.8345,0.7982,0.8114
427,0.8327,0.8073,0.8218,0.8018,0.8145,0.8018,0.8036,0.8345,0.7982,0.8,0.8345,0.7982,0.8116
428,0.8327,0.8073,0.8218,0.8018,0.8145,0.8018,0.8036,0.8345,0.7982,0.8,0.8345,0.7982,0.8116
429,0.8327,0.8073,0.8218,0.8018,0.8145,0.8018,0.8036,0.8345,0.7982,0.8,0.8345,0.7982,0.8116
430,0.8327,0.8073,0.8218,0.8018,0.8145,0.8018,0.8036,0.8345,0.7982,0.8,0.8345,0.7982,0.8116
431,0.8327,0.8073,0.8327,0.8018,0.8145,0.8018,0.8036,0.8345,0.7982,0.8,0.8345,0.7982,0.8127
432,0.8327,0.8073,0.8345,0.8018,0.8145,0.8018,0.8036,0.8364,0.7982,0.8,0.8364,0.7982,0.8131
433,0.8327,0.8073,0.8345,0.8018,0.8145,0.8018,0.8036,0.8364,0.7982,0.8,0.8364,0.7982,0.8131
434,0.8327,0.8073,0.8345,0.8018,0.8145,0.8018,0.8036,0.8364,0.7982,0.8,0.8364,0.7982,0.8131
435,0.8327,0.8073,0.8345,0.8018,0.8145,0.8018,0.8036,0.8364,0.7982,0.8,0.8364,0.7982,0.8131
436,0.8327,0.8073,0.8345,0.8018,0.8145,0.8018,0.8036,0.8364,0.7982,0.8,0.8364,0.7982,0.8131
437,0.8327,0.8073,0.8345,0.8018,0.8145,0.8018,0.8036,0.8364,0.7982,0.8,0.8364,0.7982,0.8131
438,0.8327,0.8073,0.8345,0.8018,0.8145,0.8018,0.8036,0.8364,0.7982,0.8,0.8364,0.7982,0.8131
439,0.8327,0.8073,0.8345,0.8018,0.8145,0.8018,0.8036,0.8364,0.7982,0.8,0.8364,0.7982,0.8131
440,0.8327,0.8073,0.8345,0.8018,0.8145,0.8018,0.8036,0.8364,0.7982,0.8,0.8364,0.7982,0.8131
441,0.8327,0.8073,0.8345,0.8018,0.8145,0.8018,0.8036,0.8364,0.7982,0.8,0.8364,0.7982,0.8131
442,0.8327,0.8073,0.8364,0.8018,0.8145,0.8018,0.8036,0.8364,0.7982,0.8,0.8364,0.7982,0.8133
443,0.8327,0.8091,0.8364,0.8018,0.8145,0.8018,0.8036,0.8364,0.7982,0.8,0.8364,0.7982,0.8135
444,0.8327,0.8091,0.8364,0.8018,0.8145,0.8018,0.8036,0.8364,0.7982,0.8,0.8364,0.7982,0.8135
445,0.8327,0.8091,0.8364,0.8018,0.8145,0.8018,0.8036,0.8364,0.7982,0.8,0.8364,0.7982,0.8135
446,0.8327,0.8091,0.8382,0.8018,0.8145,0.8018,0.8036,0.8364,0.7982,0.8,0.8382,0.7982,0.8136
447,0.8327,0.8091,0.8382,0.8018,0.8145,0.8018,0.8036,0.8364,0.7982,0.8,0.8382,0.7982,0.8136
448,0.8327,0.8091,0.8382,0.8018,0.8145,0.8018,0.8036,0.8364,0.7982,0.8,0.8382,0.7982,0.8136
449,0.8327,0.8091,0.8382,0.8018,0.8145,0.8018,0.8036,0.8364,0.7982,0.8,0.8382,0.7982,0.8136
450,0.8327,0.8091,0.8382,0.8018,0.8145,0.8018,0.8036,0.8364,0.7982,0.8,0.8382,0.7982,0.8136
451,0.8327,0.8091,0.8382,0.8018,0.8145,0.8018,0.8036,0.8364,0.7982,0.8,0.8382,0.7982,0.8136
452,0.8327,0.8091,0.8382,0.8018,0.8145,0.8018,0.8036,0.8364,0.7982,0.8,0.8382,0.7982,0.8136
453,0.8327,0.8091,0.8382,0.8018,0.8145,0.8018,0.8036,0.8364,0.7982,0.8,0.8382,0.7982,0.8136
454,0.8327,0.8091,0.8382,0.8018,0.8145,0.8018,0.8036,0.8364,0.7982,0.8,0.8382,0.7982,0.8136
455,0.8327,0.8091,0.8382,0.8018,0.8145,0.8018,0.8036,0.8364,0.7982,0.8,0.8382,0.7982,0.8136
456,0.8327,0.8091,0.8382,0.8018,0.8145,0.8018,0.8036,0.8364,0.7982,0.8,0.8382,0.7982,0.8136
457,0.8327,0.8091,0.8382,0.8018,0.8145,0.8018,0.8036,0.8364,0.7982,0.8,0.8382,0.7982,0.8136
458,0.8327,0.8091,0.8382,0.8018,0.8145,0.8018,0.8036,0.8364,0.7982,0.8,0.8382,0.7982,0.8136
459,0.8327,0.8091,0.8382,0.8018,0.8145,0.8018,0.8036,0.8364,0.7982,0.8036,0.8382,0.7982,0.814
460,0.8327,0.8091,0.8382,0.8018,0.8145,0.8018,0.8036,0.8364,0.7982,0.8036,0.8382,0.7982,0.814
461,0.8327,0.8091,0.8382,0.8018,0.8145,0.8018,0.8036,0.8364,0.7982,0.8036,0.8382,0.7982,0.814
462,0.8327,0.8091,0.8382,0.8018,0.8145,0.8018,0.8036,0.8364,0.7982,0.8036,0.8382,0.7982,0.814
463,0.8327,0.8091,0.8382,0.8018,0.8145,0.8018,0.8036,0.8364,0.7982,0.8036,0.8382,0.7982,0.814
464,0.8327,0.8091,0.8382,0.8018,0.8145,0.8018,0.8036,0.8364,0.7982,0.8036,0.8382,0.7982,0.814
465,0.8327,0.8091,0.8382,0.8018,0.8145,0.8018,0.8036,0.8364,0.7982,0.8036,0.8382,0.7982,0.814
466,0.8327,0.8091,0.8382,0.8018,0.8145,0.8018,0.8036,0.8364,0.7982,0.8036,0.8382,0.7982,0.814
467,0.8327,0.8091,0.8382,0.8018,0.8145,0.8018,0.8036,0.8364,0.7982,0.8036,0.8382,0.7982,0.814
468,0.8345,0.8091,0.8382,0.8018,0.8145,0.8018,0.8036,0.8364,0.7982,0.8036,0.8382,0.7982,0.8142
469,0.8345,0.8091,0.8382,0.8018,0.8145,0.8018,0.8036,0.8364,0.7982,0.8036,0.8382,0.7982,0.8142
470,0.8345,0.8091,0.8382,0.8018,0.8145,0.8018,0.8036,0.8364,0.7982,0.8036,0.8382,0.7982,0.8142
471,0.8345,0.8091,0.8382,0.8018,0.8145,0.8018,0.8036,0.8364,0.7982,0.8036,0.8382,0.7982,0.8142
472,0.8345,0.8091,0.8382,0.8018,0.8145,0.8018,0.8036,0.8364,0.7982,0.8036,0.8382,0.7982,0.8142
473,0.8345,0.8091,0.8382,0.8018,0.8145,0.8018,0.8036,0.8364,0.7982,0.8036,0.8382,0.7982,0.8142
474,0.8345,0.8091,0.8382,0.8018,0.8145,0.8018,0.8036,0.8364,0.7982,0.8036,0.8382,0.7982,0.8142
475,0.8345,0.8091,0.8382,0.8018,0.8145,0.8018,0.8036,0.8364,0.7982,0.8036,0.8382,0.7982,0.8142
476,0.8345,0.8091,0.8382,0.8018,0.8145,0.8018,0.8036,0.8364,0.7982,0.8036,0.8382,0.7982,0.8142
477,0.8345,0.8091,0.8382,0.8018,0.8145,0.8018,0.8036,0.8364,0.7982,0.8036,0.8382,0.7982,0.8142
478,0.8345,0.8091,0.8382,0.8018,0.8145,0.8018,0.8036,0.8364,0.7982,0.8036,0.8382,0.7982,0.8142
479,0.8345,0.8091,0.8382,0.8018,0.8145,0.8018,0.8036,0.8364,0.7982,0.8036,0.8382,0.7982,0.8142
480,0.8345,0.8091,0.8382,0.8018,0.8145,0.8018,0.8036,0.8364,0.7982,0.8036,0.8382,0.7982,0.8142
481,0.8345,0.8091,0.8382,0.8018,0.8145,0.8018,0.8036,0.8364,0.7982,0.8036,0.8382,0.7982,0.8142
482,0.8345,0.8091,0.8382,0.8018,0.8145,0.8018,0.8036,0.8364,0.7982,0.8036,0.8382,0.7982,0.8142
483,0.8345,0.8091,0.8382,0.8018,0.8145,0.8018,0.8036,0.8364,0.7982,0.8036,0.8382,0.7982,0.8142
484,0.8345,0.8091,0.8382,0.8018,0.8145,0.8018,0.8036,0.8364,0.7982,0.8036,0.8382,0.7982,0.8142
485,0.8345,0.8091,0.8382,0.8018,0.8145,0.8018,0.8036,0.8364,0.7982,0.8036,0.8382,0.7982,0.8142
486,0.8345,0.8091,0.8382,0.8018,0.8145,0.8018,0.8036,0.8364,0.7982,0.8036,0.8382,0.7982,0.8142
487,0.8345,0.8091,0.8382,0.8018,0.8145,0.8018,0.8036,0.8364,0.7982,0.8036,0.8382,0.7982,0.8142
488,0.8345,0.8091,0.8382,0.8018,0.8145,0.8018,0.8036,0.8364,0.7982,0.8036,0.8382,0.7982,0.8142
489,0.8345,0.8091,0.8382,0.8018,0.8145,0.8018,0.8036,0.8364,0.7982,0.8036,0.8382,0.7982,0.8142
490,0.8345,0.8091,0.8382,0.8018,0.8145,0.8018,0.8036,0.8364,0.7982,0.8036,0.8382,0.7982,0.8142
491,0.8345,0.8091,0.84,0.8018,0.8145,0.8018,0.8036,0.8364,0.7982,0.8036,0.84,0.7982,0.8143
492,0.8345,0.8091,0.84,0.8018,0.8145,0.8018,0.8036,0.8364,0.7982,0.8036,0.84,0.7982,0.8143
493,0.8345,0.8091,0.84,0.8018,0.8145,0.8018,0.8036,0.8364,0.7982,0.8036,0.84,0.7982,0.8143
494,0.8345,0.8091,0.84,0.8018,0.8145,0.8018,0.8036,0.8364,0.7982,0.8036,0.84,0.7982,0.8143
495,0.8345,0.8091,0.84,0.8018,0.8145,0.8018,0.8036,0.8364,0.7982,0.8036,0.84,0.7982,0.8143
496,0.8345,0.8091,0.84,0.8018,0.8145,0.8018,0.8036,0.8364,0.7982,0.8036,0.84,0.7982,0.8143
497,0.8345,0.8091,0.84,0.8018,0.8145,0.8018,0.8036,0.8364,0.7982,0.8036,0.84,0.7982,0.8143
498,0.8345,0.8091,0.84,0.8018,0.8145,0.8018,0.8036,0.8364,0.7982,0.8036,0.84,0.7982,0.8143
499,0.8345,0.8091,0.84,0.8018,0.8145,0.8018,0.8036,0.8364,0.7982,0.8036,0.84,0.7982,0.8143
500,0.8345,0.8091,0.84,0.8018,0.8145,0.8018,0.8036,0.8364,0.7982,0.8036,0.84,0.7982,0.8143
501,0.8345,0.8091,0.84,0.8018,0.8145,0.8018,0.8036,0.8364,0.7982,0.8036,0.84,0.7982,0.8143
502,0.8345,0.8091,0.84,0.8018,0.8145,0.8018,0.8182,0.8364,0.7982,0.8036,0.84,0.7982,0.8158
503,0.8345,0.8091,0.84,0.8018,0.8145,0.8018,0.8182,0.8364,0.7982,0.8036,0.84,0.7982,0.8158
504,0.8345,0.8091,0.84,0.8018,0.8145,0.8018,0.82,0.8364,0.7982,0.8036,0.84,0.7982,0.816
505,0.8345,0.8091,0.84,0.8018,0.8145,0.8018,0.82,0.8364,0.7982,0.8036,0.84,0.7982,0.816
506,0.8345,0.8091,0.84,0.8018,0.8145,0.8018,0.82,0.8364,0.7982,0.8036,0.84,0.7982,0.816
507,0.8345,0.8091,0.84,0.8018,0.8145,0.8018,0.82,0.8364,0.7982,0.8036,0.84,0.7982,0.816
508,0.8345,0.8091,0.84,0.8018,0.8145,0.8018,0.82,0.8364,0.7982,0.8036,0.84,0.7982,0.816
509,0.8345,0.8091,0.84,0.8018,0.82,0.8018,0.82,0.8364,0.8,0.8036,0.84,0.8,0.8167
510,0.8345,0.8091,0.84,0.8018,0.82,0.8018,0.82,0.8364,0.8,0.8036,0.84,0.8,0.8167
511,0.8345,0.8091,0.84,0.8018,0.82,0.8018,0.82,0.8364,0.8,0.8036,0.84,0.8,0.8167
512,0.8345,0.8091,0.84,0.8018,0.82,0.8018,0.82,0.8364,0.8,0.8036,0.84,0.8,0.8167
513,0.8345,0.8091,0.84,0.8018,0.82,0.8018,0.8291,0.8364,0.8,0.8036,0.84,0.8,0.8176
514,0.8345,0.8091,0.84,0.8018,0.82,0.8018,0.8291,0.8364,0.8,0.8036,0.84,0.8,0.8176
515,0.8345,0.8091,0.84,0.8018,0.82,0.8018,0.8291,0.8364,0.8,0.8091,0.84,0.8,0.8182
516,0.8345,0.8091,0.84,0.8018,0.82,0.8018,0.8291,0.8364,0.8,0.8091,0.84,0.8,0.8182
517,0.8345,0.8091,0.84,0.8018,0.82,0.8018,0.8291,0.8364,0.8,0.8091,0.84,0.8,0.8182
518,0.8345,0.8091,0.84,0.8018,0.82,0.8018,0.8291,0.8364,0.8,0.8091,0.84,0.8,0.8182
519,0.8345,0.8091,0.84,0.8018,0.82,0.8018,0.8291,0.8364,0.8,0.8091,0.84,0.8,0.8182
520,0.8345,0.8091,0.84,0.8018,0.82,0.8018,0.8291,0.8364,0.8,0.8091,0.84,0.8,0.8182
521,0.8345,0.8091,0.84,0.8018,0.82,0.8018,0.8291,0.8364,0.8,0.8091,0.84,0.8,0.8182
522,0.8345,0.8091,0.84,0.8018,0.8218,0.8018,0.8291,0.8364,0.8,0.8091,0.84,0.8,0.8184
523,0.8345,0.8091,0.84,0.8018,0.8218,0.8018,0.8291,0.8364,0.8,0.8091,0.84,0.8,0.8184
524,0.8345,0.8091,0.84,0.8018,0.8218,0.8018,0.8291,0.8364,0.8,0.8091,0.84,0.8,0.8184
525,0.8345,0.8091,0.84,0.8018,0.8218,0.8018,0.8291,0.8364,0.8,0.8091,0.84,0.8,0.8184
526,0.8345,0.8091,0.84,0.8018,0.8218,0.8018,0.8291,0.8364,0.8,0.8091,0.84,0.8,0.8184
527,0.8345,0.8091,0.84,0.8018,0.8218,0.8018,0.8291,0.8364,0.8,0.8091,0.84,0.8,0.8184
528,0.8345,0.8091,0.84,0.8018,0.8218,0.8018,0.8291,0.8364,0.8,0.8091,0.84,0.8,0.8184
529,0.8345,0.8091,0.84,0.8018,0.8218,0.8018,0.8309,0.8364,0.8,0.8091,0.84,0.8,0.8185
530,0.8345,0.8091,0.84,0.8018,0.8218,0.8018,0.8309,0.8364,0.8,0.8091,0.84,0.8,0.8185
531,0.8345,0.8091,0.84,0.8018,0.8218,0.8018,0.8309,0.8364,0.8,0.8091,0.84,0.8,0.8185
532,0.8345,0.8091,0.84,0.8018,0.8218,0.8018,0.8309,0.8364,0.8,0.8091,0.84,0.8,0.8185
533,0.8345,0.8091,0.84,0.8018,0.8218,0.8018,0.8309,0.8364,0.8,0.8091,0.84,0.8,0.8185
534,0.8345,0.8091,0.84,0.8018,0.8218,0.8018,0.8309,0.8364,0.8,0.8091,0.84,0.8,0.8185
535,0.8345,0.8091,0.84,0.8018,0.8218,0.8018,0.8309,0.8364,0.8,0.8091,0.84,0.8,0.8185
536,0.8345,0.8091,0.84,0.8018,0.8218,0.8018,0.8309,0.8364,0.8,0.8091,0.84,0.8,0.8185
537,0.8345,0.8091,0.84,0.8018,0.8218,0.8018,0.8309,0.8364,0.8,0.8091,0.84,0.8,0.8185
538,0.8345,0.8091,0.84,0.8018,0.8218,0.8018,0.8309,0.8364,0.8,0.8091,0.84,0.8,0.8185
539,0.8345,0.8091,0.84,0.8018,0.8218,0.8018,0.8309,0.8364,0.8,0.8091,0.84,0.8,0.8185
540,0.8345,0.8091,0.84,0.8018,0.8218,0.8018,0.8309,0.8364,0.8,0.8091,0.84,0.8,0.8185
541,0.8345,0.8091,0.84,0.8018,0.8218,0.8018,0.8309,0.8364,0.8,0.8091,0.84,0.8,0.8185
542,0.8345,0.8091,0.84,0.8018,0.8236,0.8018,0.8309,0.8364,0.8018,0.8091,0.84,0.8018,0.8189
543,0.8345,0.8091,0.84,0.8018,0.8218,0.8018,0.8309,0.8364,0.8018,0.8091,0.84,0.8018,0.8187
544,0.8345,0.8091,0.84,0.8018,0.8218,0.8018,0.8309,0.8364,0.8018,0.8091,0.84,0.8018,0.8187
545,0.8345,0.8091,0.84,0.8018,0.8218,0.8018,0.8309,0.8364,0.8018,0.8091,0.84,0.8018,0.8187
546,0.8345,0.8091,0.84,0.8018,0.8218,0.8018,0.8309,0.8364,0.8018,0.8091,0.84,0.8018,0.8187
547,0.8345,0.8091,0.84,0.8018,0.8218,0.8018,0.8309,0.8364,0.8018,0.8091,0.84,0.8018,0.8187
548,0.8345,0.8091,0.84,0.8018,0.8218,0.8018,0.8309,0.8364,0.8018,0.8091,0.84,0.8018,0.8187
549,0.8345,0.8091,0.84,0.8018,0.8218,0.8018,0.8309,0.8364,0.8018,0.8091,0.84,0.8018,0.8187
550,0.8345,0.8091,0.84,0.8018,0.8218,0.8018,0.8309,0.8364,0.8018,0.8091,0.84,0.8018,0.8187
551,0.8345,0.8091,0.84,0.8018,0.8218,0.8018,0.8309,0.8364,0.8018,0.8091,0.84,0.8018,0.8187
552,0.8345,0.8091,0.84,0.8018,0.8218,0.8018,0.8309,0.8364,0.8018,0.8091,0.84,0.8018,0.8187
553,0.8345,0.8091,0.84,0.8018,0.8218,0.8018,0.8309,0.8364,0.8018,0.8091,0.84,0.8018,0.8187
554,0.8345,0.8091,0.84,0.8018,0.8218,0.8018,0.8309,0.8364,0.8018,0.8091,0.84,0.8018,0.8187
555,0.8345,0.8091,0.84,0.8018,0.8218,0.8018,0.8309,0.8364,0.8018,0.8091,0.84,0.8018,0.8187
556,0.8345,0.8091,0.84,0.8018,0.8218,0.8018,0.8309,0.8364,0.8018,0.8091,0.84,0.8018,0.8187
557,0.8345,0.8091,0.84,0.8018,0.8218,0.8018,0.8309,0.8364,0.8018,0.8091,0.84,0.8018,0.8187
558,0.8345,0.8091,0.84,0.8018,0.8218,0.8018,0.8309,0.8364,0.8018,0.8091,0.84,0.8018,0.8187
559,0.8345,0.8091,0.84,0.8018,0.8218,0.8018,0.8309,0.8364,0.8018,0.8091,0.84,0.8018,0.8187
560,0.8345,0.8091,0.84,0.8018,0.8218,0.8018,0.8309,0.8364,0.8018,0.8091,0.84,0.8018,0.8187
561,0.8345,0.8091,0.84,0.8018,0.8218,0.8018,0.8309,0.8364,0.8018,0.8091,0.84,0.8018,0.8187
562,0.8345,0.8091,0.84,0.8018,0.8218,0.8018,0.8309,0.8364,0.8018,0.8091,0.84,0.8018,0.8187
563,0.8345,0.8091,0.84,0.8018,0.8218,0.8018,0.8309,0.8364,0.8018,0.8091,0.84,0.8018,0.8187
564,0.8345,0.8091,0.84,0.8018,0.8218,0.8018,0.8309,0.8364,0.8018,0.8091,0.84,0.8018,0.8187
565,0.8345,0.8091,0.84,0.8018,0.8236,0.8018,0.8309,0.8364,0.8018,0.8091,0.84,0.8018,0.8189
566,0.8345,0.8091,0.84,0.8018,0.8236,0.8018,0.8309,0.8364,0.8018,0.8091,0.84,0.8018,0.8189
567,0.8345,0.8091,0.84,0.8018,0.8236,0.8018,0.8309,0.8364,0.8018,0.8091,0.84,0.8018,0.8189
568,0.8345,0.8091,0.84,0.8018,0.8236,0.8018,0.8309,0.8364,0.8018,0.8091,0.84,0.8018,0.8189
569,0.8345,0.8091,0.84,0.8018,0.8236,0.8018,0.8309,0.8364,0.8018,0.8091,0.84,0.8018,0.8189
570,0.8345,0.8091,0.84,0.8018,0.8236,0.8018,0.8309,0.8364,0.8018,0.8091,0.84,0.8018,0.8189
571,0.8345,0.8091,0.84,0.8018,0.8236,0.8018,0.8309,0.8364,0.8018,0.8091,0.84,0.8018,0.8189
572,0.8345,0.8091,0.84,0.8018,0.8236,0.8018,0.8309,0.8364,0.8018,0.8091,0.84,0.8018,0.8189
573,0.8345,0.8091,0.84,0.8018,0.8236,0.8018,0.8309,0.8364,0.8018,0.8091,0.84,0.8018,0.8189
574,0.8345,0.8091,0.84,0.8018,0.8236,0.8018,0.8309,0.8364,0.8018,0.8091,0.84,0.8018,0.8189
575,0.8345,0.8091,0.84,0.8018,0.8236,0.8018,0.8309,0.8364,0.8018,0.8091,0.84,0.8018,0.8189
576,0.8345,0.8091,0.84,0.8018,0.8236,0.8018,0.8309,0.8364,0.8018,0.8091,0.84,0.8018,0.8189
577,0.8345,0.8091,0.84,0.8018,0.8236,0.8018,0.8309,0.8364,0.8018,0.8091,0.84,0.8018,0.8189
578,0.8345,0.8091,0.84,0.8018,0.8236,0.8018,0.8309,0.8364,0.8018,0.8091,0.84,0.8018,0.8189
579,0.8345,0.8091,0.84,0.8018,0.8236,0.8018,0.8309,0.8364,0.8018,0.8091,0.84,0.8018,0.8189
580,0.8345,0.8091,0.84,0.8018,0.8236,0.8018,0.8309,0.8364,0.8018,0.8091,0.84,0.8018,0.8189
581,0.8345,0.8091,0.84,0.8018,0.8236,0.8018,0.8309,0.8364,0.8018,0.8091,0.84,0.8018,0.8189
582,0.8345,0.8091,0.84,0.8018,0.8236,0.8018,0.8309,0.8364,0.8018,0.8091,0.84,0.8018,0.8189
583,0.8345,0.8091,0.84,0.8018,0.8236,0.8018,0.8309,0.8364,0.8018,0.8091,0.84,0.8018,0.8189
584,0.8345,0.8091,0.84,0.8018,0.8236,0.8018,0.8309,0.8364,0.8018,0.8091,0.84,0.8018,0.8189
585,0.8345,0.8091,0.84,0.8018,0.8236,0.8018,0.8309,0.8364,0.8018,0.8091,0.84,0.8018,0.8189
586,0.8345,0.8091,0.84,0.8018,0.8236,0.8018,0.8309,0.8364,0.8018,0.8091,0.84,0.8018,0.8189
587,0.8345,0.8091,0.84,0.8018,0.8236,0.8018,0.8309,0.8364,0.8018,0.8091,0.84,0.8018,0.8189
588,0.8345,0.8091,0.84,0.8018,0.8236,0.8018,0.8309,0.8364,0.8018,0.8091,0.84,0.8018,0.8189
589,0.8345,0.8091,0.84,0.8018,0.8236,0.8018,0.8309,0.8364,0.8018,0.8091,0.84,0.8018,0.8189
590,0.8345,0.8091,0.84,0.8018,0.8236,0.8018,0.8309,0.8364,0.8018,0.8091,0.84,0.8018,0.8189
591,0.8345,0.8091,0.84,0.8018,0.8236,0.8018,0.8309,0.8364,0.8018,0.8091,0.84,0.8018,0.8189
592,0.8345,0.8091,0.84,0.8018,0.8236,0.8018,0.8309,0.8364,0.8018,0.8091,0.84,0.8018,0.8189
593,0.8345,0.8091,0.84,0.8018,0.8236,0.8018,0.8309,0.8364,0.8018,0.8091,0.84,0.8018,0.8189
594,0.8345,0.8091,0.84,0.8018,0.8236,0.8018,0.8309,0.8364,0.8018,0.8091,0.84,0.8018,0.8189
595,0.8345,0.8091,0.84,0.8018,0.8236,0.8018,0.8309,0.8364,0.8018,0.8091,0.84,0.8018,0.8189
596,0.8345,0.8091,0.84,0.8018,0.8236,0.8018,0.8309,0.8364,0.8018,0.8091,0.84,0.8018,0.8189
597,0.8345,0.8091,0.8418,0.8018,0.8236,0.8018,0.8309,0.8364,0.8018,0.8091,0.8418,0.8018,0.8191
598,0.8345,0.8091,0.8418,0.8018,0.8236,0.8018,0.8309,0.8364,0.8018,0.8091,0.8418,0.8018,0.8191
599,0.8345,0.8091,0.8418,0.8018,0.8236,0.8018,0.8309,0.8364,0.8018,0.8091,0.8418,0.8018,0.8191
600,0.8345,0.8091,0.8418,0.8018,0.8236,0.8018,0.8309,0.8364,0.8018,0.8091,0.8418,0.8018,0.8191
601,0.8345,0.8091,0.8418,0.8018,0.8236,0.8018,0.8309,0.8364,0.8018,0.8091,0.8418,0.8018,0.8191
602,0.8345,0.8091,0.8418,0.8018,0.8236,0.8018,0.8309,0.8364,0.8018,0.8091,0.8418,0.8018,0.8191
603,0.8345,0.8091,0.8418,0.8018,0.8236,0.8018,0.8309,0.8364,0.8018,0.8091,0.8418,0.8018,0.8191
604,0.8345,0.8091,0.8418,0.8018,0.8236,0.8018,0.8309,0.8364,0.8018,0.8091,0.8418,0.8018,0.8191
605,0.8345,0.8091,0.8418,0.8018,0.8236,0.8018,0.8309,0.8364,0.8018,0.8091,0.8418,0.8018,0.8191
606,0.8345,0.8091,0.8418,0.8018,0.8236,0.8018,0.8309,0.8364,0.8018,0.8091,0.8418,0.8018,0.8191
607,0.8345,0.8091,0.8418,0.8018,0.8236,0.8018,0.8309,0.8364,0.8018,0.8091,0.8418,0.8018,0.8191
608,0.8345,0.8091,0.8418,0.8018,0.8236,0.8018,0.8309,0.8364,0.8018,0.8091,0.8418,0.8018,0.8191
609,0.8345,0.8091,0.8418,0.8018,0.8236,0.8018,0.8309,0.8364,0.8018,0.8091,0.8418,0.8018,0.8191
610,0.8345,0.8091,0.8418,0.8018,0.8236,0.8018,0.8309,0.8364,0.8018,0.8091,0.8418,0.8018,0.8191
1207,0.8382,0.8109,0.8418,0.8073,0.8309,0.84,0.8382,0.8364,0.8018,0.8364,0.8418,0.8018,0.8282
1210,0.8382,0.8109,0.8436,0.8073,0.8309,0.84,0.8382,0.8364,0.8018,0.8364,0.8436,0.8018,0.8284
1807,0.8382,0.8273,0.8436,0.8091,0.8327,0.8418,0.8382,0.8418,0.8036,0.8418,0.8436,0.8036,0.8318
1810,0.8382,0.8273,0.8436,0.8091,0.8327,0.8418,0.8382,0.8418,0.8036,0.8418,0.8436,0.8036,0.8318
2407,0.8382,0.8309,0.8436,0.8436,0.8364,0.8455,0.8418,0.86,0.8491,0.8491,0.86,0.8309,0.8438
2410,0.8382,0.8309,0.8436,0.8436,0.8364,0.8455,0.8418,0.86,0.8491,0.8491,0.86,0.8309,0.8438
3007,0.8436,0.8309,0.8436,0.8455,0.8364,0.8455,0.8418,0.86,0.8491,0.8491,0.86,0.8309,0.8446
3010,0.8436,0.8309,0.8436,0.8455,0.8364,0.8455,0.8418,0.86,0.8491,0.8491,0.86,0.8309,0.8446
3607,0.8436,0.8309,0.8436,0.8455,0.8382,0.8455,0.8418,0.86,0.8509,0.8491,0.86,0.8309,0.8449
3610,0.8436,0.8309,0.8436,0.8455,0.8382,0.8455,0.8418,0.86,0.8509,0.8491,0.86,0.8309,0.8449
4207,0.8436,0.8309,0.8436,0.8855,0.8473,0.8455,0.8418,0.86,0.8509,0.8491,0.8855,0.8309,0.8498
4210,0.8436,0.8309,0.8436,0.8855,0.8473,0.8455,0.8418,0.86,0.8509,0.8491,0.8855,0.8309,0.8498
4807,0.8436,0.8309,0.8436,0.8873,0.8473,0.8491,0.8418,0.8618,0.8509,0.8491,0.8873,0.8309,0.8505
4810,0.8436,0.8309,0.8436,0.8873,0.8473,0.8491,0.8418,0.8618,0.8509,0.8491,0.8873,0.8309,0.8505
5407,0.8436,0.8309,0.8436,0.8873,0.8473,0.8491,0.8418,0.8618,0.8509,0.8491,0.8873,0.8309,0.8505
5410,0.8436,0.8309,0.8473,0.8873,0.8473,0.8491,0.8418,0.8618,0.8509,0.8491,0.8873,0.8309,0.8509
6007,0.8455,0.8309,0.8473,0.8873,0.8473,0.8491,0.8418,0.8618,0.8509,0.8491,0.8873,0.8309,0.8511
6010,0.8455,0.8309,0.8473,0.8873,0.8473,0.8491,0.8418,0.8618,0.8509,0.8491,0.8873,0.8309,0.8511
6607,0.8455,0.8309,0.8473,0.8873,0.8473,0.8509,0.8418,0.8618,0.8509,0.8491,0.8873,0.8309,0.8513
6610,0.8455,0.8309,0.8473,0.8873,0.8473,0.8509,0.8418,0.8618,0.8509,0.8491,0.8873,0.8309,0.8513
7207,0.8455,0.8309,0.8473,0.8891,0.8473,0.8509,0.8418,0.8636,0.8509,0.8491,0.8891,0.8309,0.8516
7210,0.8455,0.8309,0.8527,0.8891,0.8473,0.8509,0.8418,0.8636,0.8509,0.8491,0.8891,0.8309,0.8522
7807,0.8455,0.8309,0.8527,0.8945,0.8473,0.8509,0.8418,0.8636,0.8509,0.8491,0.8945,0.8309,0.8527
7810,0.8455,0.8309,0.8545,0.8945,0.8473,0.8509,0.8418,0.8636,0.8509,0.8491,0.8945,0.8309,0.8529
8407,0.8455,0.8309,0.8545,0.8945,0.8473,0.8545,0.8418,0.8636,0.8509,0.8491,0.8945,0.8309,0.8533
8410,0.8455,0.8309,0.8545,0.8945,0.8473,0.8545,0.8418,0.8636,0.8509,0.8491,0.8945,0.8309,0.8533
9007,0.8473,0.8309,0.8545,0.8945,0.8509,0.8545,0.8418,0.8636,0.8509,0.8491,0.8945,0.8309,0.8538
9010,0.8473,0.8309,0.8545,0.8945,0.8509,0.8545,0.8418,0.8636,0.8509,0.8491,0.8945,0.8309,0.8538
9607,0.8527,0.8309,0.8545,0.8945,0.8509,0.8545,0.8418,0.8636,0.8509,0.8491,0.8945,0.8309,0.8543
9610,0.8527,0.8309,0.8545,0.8945,0.8509,0.8545,0.8418,0.8636,0.8509,0.8491,0.8945,0.8309,0.8543
10207,0.8527,0.8309,0.8545,0.8945,0.8509,0.8545,0.8418,0.8727,0.8509,0.8491,0.8945,0.8309,0.8553
10208,0.8527,0.8309,0.8545,0.8945,0.8509,0.88,0.8418,0.8727,0.8509,0.8491,0.8945,0.8309,0.8578
10210,0.8527,0.8309,0.8545,0.8945,0.8509,0.88,0.8418,0.8727,0.8509,0.8491,0.8945,0.8309,0.8578
10807,0.8527,0.8309,0.8545,0.8945,0.8509,0.88,0.8418,0.8745,0.8527,0.8491,0.8945,0.8309,0.8582
10808,0.8527,0.8309,0.8545,0.8945,0.8509,0.88,0.8418,0.8745,0.8527,0.8491,0.8945,0.8309,0.8582
10810,0.8527,0.8309,0.8855,0.8945,0.8509,0.88,0.8418,0.8745,0.8527,0.8491,0.8945,0.8309,0.8613
11407,0.8527,0.8309,0.8855,0.8945,0.8509,0.88,0.8418,0.8891,0.8527,0.8491,0.8945,0.8309,0.8627
11408,0.8527,0.8309,0.8855,0.8945,0.8509,0.88,0.8418,0.8891,0.8527,0.8491,0.8945,0.8309,0.8627
11410,0.8527,0.8309,0.8855,0.8945,0.8509,0.88,0.8418,0.8891,0.8527,0.8491,0.8945,0.8309,0.8627
12007,0.8527,0.8309,0.8855,0.8945,0.8509,0.88,0.8455,0.8891,0.8527,0.8491,0.8945,0.8309,0.8631
12008,0.8527,0.8309,0.8855,0.8945,0.8509,0.88,0.8455,0.8891,0.8527,0.8491,0.8945,0.8309,0.8631
12010,0.8527,0.8309,0.8855,0.8945,0.8509,0.88,0.8455,0.8891,0.8527,0.8491,0.8945,0.8309,0.8631
12607,0.8527,0.8309,0.8855,0.8945,0.8509,0.88,0.8455,0.8891,0.8527,0.8491,0.8945,0.8309,0.8631
12608,0.8527,0.8309,0.8855,0.8945,0.8509,0.88,0.8455,0.8891,0.8527,0.8491,0.8945,0.8309,0.8631
12610,0.8527,0.8309,0.8855,0.8945,0.8509,0.88,0.8455,0.8891,0.8527,0.8491,0.8945,0.8309,0.8631
13207,0.8527,0.8309,0.8855,0.8945,0.8509,0.88,0.8455,0.8891,0.8527,0.8491,0.8945,0.8309,0.8631
13208,0.8545,0.8309,0.8855,0.8945,0.8509,0.88,0.8455,0.8891,0.8527,0.8491,0.8945,0.8309,0.8633
13210,0.8545,0.8309,0.8855,0.8945,0.8509,0.88,0.8455,0.8891,0.8527,0.8491,0.8945,0.8309,0.8633
13807,0.8545,0.8309,0.8855,0.8945,0.8509,0.88,0.8455,0.8891,0.8527,0.8491,0.8945,0.8309,0.8633
13808,0.8545,0.8309,0.8855,0.8945,0.8509,0.88,0.8455,0.8891,0.8527,0.8491,0.8945,0.8309,0.8633
13810,0.8545,0.8309,0.8855,0.8945,0.8509,0.88,0.8455,0.8891,0.8527,0.8491,0.8945,0.8309,0.8633
14407,0.8545,0.8309,0.8855,0.8945,0.8509,0.88,0.8455,0.8891,0.8527,0.8491,0.8945,0.8309,0.8633
14408,0.8545,0.8309,0.8855,0.8945,0.8509,0.88,0.8455,0.8891,0.8527,0.8491,0.8945,0.8309,0.8633
14410,0.8545,0.8309,0.8855,0.8945,0.8509,0.88,0.8455,0.8891,0.8527,0.8491,0.8945,0.8309,0.8633
15007,0.8545,0.8309,0.8855,0.8945,0.88,0.88,0.8455,0.8891,0.8527,0.8491,0.8945,0.8309,0.8662
15008,0.8545,0.8309,0.8855,0.8945,0.88,0.88,0.8455,0.8891,0.8527,0.8491,0.8945,0.8309,0.8662
15010,0.8545,0.8309,0.8855,0.8945,0.88,0.88,0.8455,0.8891,0.8527,0.8491,0.8945,0.8309,0.8662
15607,0.8545,0.8309,0.8855,0.8945,0.88,0.88,0.8455,0.8891,0.8527,0.8491,0.8945,0.8309,0.8662
15608,0.8545,0.8309,0.8855,0.8945,0.88,0.88,0.8455,0.8891,0.8527,0.8491,0.8945,0.8309,0.8662
15610,0.8545,0.8309,0.8855,0.8945,0.88,0.88,0.8455,0.8891,0.8527,0.8491,0.8945,0.8309,0.8662
16207,0.8545,0.8309,0.8855,0.8945,0.88,0.88,0.8455,0.8909,0.8527,0.8491,0.8945,0.8309,0.8664
16208,0.8545,0.8309,0.8855,0.8945,0.88,0.88,0.8455,0.8909,0.8527,0.8491,0.8945,0.8309,0.8664
16210,0.8545,0.8309,0.8855,0.8945,0.88,0.88,0.8455,0.8909,0.8527,0.8491,0.8945,0.8309,0.8664
16807,0.8545,0.8309,0.8855,0.8945,0.88,0.88,0.8473,0.8927,0.8527,0.8491,0.8945,0.8309,0.8667
16808,0.8545,0.8309,0.8855,0.8945,0.88,0.88,0.8473,0.8927,0.8527,0.8491,0.8945,0.8309,0.8667
16810,0.8545,0.8309,0.8855,0.8945,0.88,0.88,0.8473,0.8927,0.8527,0.8491,0.8945,0.8309,0.8667
17407,0.8545,0.8309,0.8855,0.8945,0.88,0.88,0.8473,0.8927,0.8527,0.8491,0.8945,0.8309,0.8667
17408,0.8545,0.8309,0.8855,0.8945,0.88,0.88,0.8473,0.8927,0.8527,0.8491,0.8945,0.8309,0.8667
17410,0.8545,0.8309,0.8855,0.8945,0.88,0.88,0.8473,0.8927,0.8527,0.8491,0.8945,0.8309,0.8667
18007,0.8545,0.8309,0.8855,0.8945,0.88,0.88,0.8473,0.8927,0.8527,0.8491,0.8945,0.8309,0.8667
18008,0.8545,0.8309,0.8855,0.8945,0.88,0.8909,0.8473,0.8927,0.8527,0.8491,0.8945,0.8309,0.8678
18010,0.8545,0.8309,0.8855,0.8945,0.88,0.8909,0.8473,0.8927,0.8527,0.8491,0.8945,0.8309,0.8678
18607,0.8545,0.8309,0.8855,0.8945,0.88,0.8909,0.8473,0.8927,0.8527,0.8491,0.8945,0.8309,0.8678
18608,0.8582,0.8309,0.8855,0.8945,0.88,0.8909,0.8473,0.8927,0.8527,0.8491,0.8945,0.8309,0.8682
18610,0.8582,0.8309,0.8855,0.8945,0.88,0.8909,0.8473,0.8927,0.8527,0.8491,0.8945,0.8309,0.8682
19207,0.8582,0.8309,0.8855,0.8945,0.88,0.8909,0.8473,0.8927,0.8527,0.8491,0.8945,0.8309,0.8682
19208,0.8582,0.8309,0.8855,0.8945,0.88,0.8909,0.8473,0.8927,0.8527,0.8491,0.8945,0.8309,0.8682
19210,0.8582,0.8309,0.8855,0.8945,0.88,0.8909,0.8473,0.8927,0.8527,0.8491,0.8945,0.8309,0.8682
19807,0.8582,0.8309,0.8855,0.8945,0.88,0.8909,0.8473,0.8927,0.8527,0.8491,0.8945,0.8309,0.8682
19808,0.8582,0.8309,0.8855,0.8945,0.88,0.8909,0.8473,0.8927,0.8527,0.8491,0.8945,0.8309,0.8682
19810,0.8582,0.8309,0.8855,0.8945,0.88,0.8909,0.8473,0.8927,0.8527,0.8491,0.8945,0.8309,0.8682
20407,0.8582,0.8309,0.8855,0.8945,0.8836,0.8909,0.8473,0.8927,0.8527,0.8491,0.8945,0.8309,0.8685
20408,0.8582,0.8309,0.8855,0.8945,0.8836,0.8909,0.8473,0.8927,0.8527,0.8491,0.8945,0.8309,0.8685
20410,0.8582,0.8309,0.8855,0.8945,0.8836,0.8909,0.8473,0.8927,0.8527,0.8491,0.8945,0.8309,0.8685
21007,0.8582,0.8309,0.8855,0.8945,0.8836,0.8909,0.8473,0.8927,0.8527,0.8491,0.8945,0.8309,0.8685
21008,0.8582,0.8309,0.8855,0.8945,0.8836,0.8909,0.8473,0.8927,0.8527,0.8491,0.8945,0.8309,0.8685
21010,0.8582,0.8309,0.8855,0.8945,0.8836,0.8909,0.8473,0.8927,0.8527,0.8491,0.8945,0.8309,0.8685
21607,0.8582,0.8309,0.8855,0.8945,0.8836,0.8909,0.8473,0.8927,0.8527,0.8491,0.8945,0.8309,0.8685
21608,0.8582,0.8309,0.8855,0.8945,0.8836,0.8909,0.8473,0.8927,0.8527,0.8491,0.8945,0.8309,0.8685
21610,0.8582,0.8309,0.8873,0.8945,0.8836,0.8909,0.8473,0.8927,0.8527,0.8491,0.8945,0.8309,0.8687
22207,0.8582,0.8309,0.8873,0.8945,0.8855,0.8909,0.8473,0.8927,0.8527,0.8491,0.8945,0.8309,0.8689
22208,0.8582,0.8309,0.8873,0.8945,0.8855,0.8909,0.8473,0.8927,0.8527,0.8491,0.8945,0.8309,0.8689
22210,0.8582,0.8309,0.8909,0.8945,0.8855,0.8909,0.8473,0.8927,0.8527,0.8491,0.8945,0.8309,0.8693
22807,0.8582,0.8309,0.8909,0.8945,0.8855,0.8909,0.8473,0.8927,0.8527,0.8491,0.8945,0.8309,0.8693
22808,0.8582,0.8309,0.8909,0.8945,0.8855,0.8909,0.8473,0.8927,0.8527,0.8491,0.8945,0.8309,0.8693
22810,0.8582,0.8309,0.8909,0.8945,0.8855,0.8909,0.8473,0.8927,0.8527,0.8491,0.8945,0.8309,0.8693
23407,0.8582,0.8309,0.8909,0.8945,0.8855,0.8909,0.8473,0.8927,0.8527,0.8491,0.8945,0.8309,0.8693
23408,0.8582,0.8309,0.8909,0.8945,0.8855,0.8909,0.8473,0.8927,0.8527,0.8491,0.8945,0.8309,0.8693
23410,0.8582,0.8309,0.8927,0.8945,0.8855,0.8909,0.8473,0.8927,0.8527,0.8491,0.8945,0.8309,0.8694
24007,0.8582,0.8309,0.8927,0.8945,0.8855,0.8909,0.8473,0.8927,0.8527,0.8491,0.8945,0.8309,0.8694
24008,0.8582,0.8309,0.8927,0.8945,0.8855,0.8909,0.8473,0.8927,0.8527,0.8491,0.8945,0.8309,0.8694
24010,0.8582,0.8309,0.8927,0.8945,0.8855,0.8909,0.8473,0.8927,0.8527,0.8491,0.8945,0.8309,0.8694
24607,0.8582,0.8309,0.8927,0.8945,0.8855,0.8909,0.8473,0.8927,0.8545,0.8491,0.8945,0.8309,0.8696
24608,0.8582,0.8309,0.8927,0.8945,0.8855,0.8909,0.8473,0.8927,0.8545,0.8491,0.8945,0.8309,0.8696
24610,0.8582,0.8309,0.8927,0.8945,0.8855,0.8909,0.8473,0.8927,0.8545,0.8491,0.8945,0.8309,0.8696
25207,0.8582,0.8309,0.8927,0.8945,0.8855,0.8909,0.8473,0.8945,0.8545,0.8491,0.8945,0.8309,0.8698
25208,0.8582,0.8309,0.8927,0.8945,0.8855,0.8909,0.8473,0.8945,0.8545,0.8491,0.8945,0.8309,0.8698
25210,0.8582,0.8309,0.8927,0.8945,0.8855,0.8909,0.8473,0.8945,0.8545,0.8491,0.8945,0.8309,0.8698
25807,0.8582,0.8309,0.8927,0.8945,0.8855,0.8909,0.8473,0.8945,0.8545,0.8491,0.8945,0.8309,0.8698
25808,0.8582,0.8309,0.8927,0.8945,0.8855,0.8909,0.8473,0.8945,0.8545,0.8491,0.8945,0.8309,0.8698
26407,0.8582,0.8309,0.8927,0.8945,0.8855,0.8909,0.8473,0.8945,0.8545,0.8491,0.8945,0.8309,0.8698
27007,0.8582,0.8309,0.8927,0.8945,0.8855,0.8909,0.8473,0.8945,0.8545,0.8491,0.8945,0.8309,0.8698
27607,0.8582,0.8309,0.8927,0.8945,0.8855,0.8909,0.8473,0.8945,0.8545,0.8491,0.8945,0.8309,0.8698
28207,0.8582,0.8309,0.8927,0.8945,0.8855,0.8909,0.8473,0.8945,0.8545,0.8491,0.8945,0.8309,0.8698
28807,0.8582,0.8309,0.8927,0.8945,0.8855,0.8909,0.8473,0.8945,0.8545,0.8491,0.8945,0.8309,0.8698
29407,0.8582,0.8309,0.8927,0.8945,0.8855,0.8909,0.8473,0.8945,0.8545,0.8491,0.8945,0.8309,0.8698
29408,0.8582,0.8309,0.8927,0.8945,0.8855,0.8909,0.8473,0.8945,0.8545,0.8491,0.8945,0.8309,0.8698
30007,0.8582,0.8309,0.8927,0.8945,0.8855,0.8909,0.8473,0.8945,0.8545,0.8491,0.8945,0.8309,0.8698
30008,0.8582,0.8309,0.8927,0.8945,0.8873,0.8909,0.8473,0.8945,0.8545,0.8491,0.8945,0.8309,0.87
30607,0.8582,0.8309,0.8927,0.8945,0.8873,0.8909,0.8473,0.8945,0.8545,0.8491,0.8945,0.8309,0.87
30608,0.8582,0.8309,0.8927,0.8945,0.8873,0.8909,0.8473,0.8945,0.8545,0.8491,0.8945,0.8309,0.87
31207,0.8582,0.8309,0.8927,0.8945,0.8873,0.8909,0.8473,0.8945,0.8545,0.8491,0.8945,0.8309,0.87
31208,0.8582,0.8309,0.8927,0.8945,0.8873,0.8909,0.8473,0.8945,0.8545,0.8491,0.8945,0.8309,0.87
31807,0.8582,0.8309,0.8927,0.8945,0.8873,0.8909,0.8473,0.8945,0.8545,0.8491,0.8945,0.8309,0.87
31808,0.8582,0.8309,0.8927,0.8945,0.8873,0.8909,0.8473,0.8945,0.8545,0.8491,0.8945,0.8309,0.87
32407,0.8582,0.8309,0.8927,0.8945,0.8873,0.8909,0.8473,0.8945,0.8545,0.8491,0.8945,0.8309,0.87
32408,0.8582,0.8309,0.8927,0.8945,0.8873,0.8909,0.8473,0.8945,0.8582,0.8491,0.8945,0.8309,0.8704
33007,0.8582,0.8309,0.8927,0.8945,0.8873,0.8909,0.8473,0.8945,0.8582,0.8491,0.8945,0.8309,0.8704
33008,0.8582,0.8309,0.8927,0.8945,0.8891,0.8909,0.8473,0.8945,0.8582,0.8491,0.8945,0.8309,0.8705
33607,0.8582,0.8309,0.8927,0.8945,0.8891,0.8909,0.8473,0.8945,0.8582,0.8491,0.8945,0.8309,0.8705
33608,0.8582,0.8309,0.8927,0.8945,0.8891,0.8909,0.8473,0.8945,0.8582,0.8491,0.8945,0.8309,0.8705
34207,0.8582,0.8309,0.8927,0.8945,0.8891,0.8909,0.8473,0.8945,0.8582,0.8491,0.8945,0.8309,0.8705
34208,0.8582,0.8309,0.8927,0.8945,0.8891,0.8909,0.8473,0.8945,0.8582,0.8491,0.8945,0.8309,0.8705
34807,0.8582,0.8309,0.8927,0.8945,0.8891,0.8909,0.8473,0.8945,0.8582,0.8491,0.8945,0.8309,0.8705
34808,0.8582,0.8309,0.8927,0.8945,0.8891,0.8909,0.8473,0.8945,0.8582,0.8491,0.8945,0.8309,0.8705
35407,0.8582,0.8309,0.8927,0.8945,0.8891,0.8909,0.8473,0.8945,0.8582,0.8491,0.8945,0.8309,0.8705
35408,0.8582,0.8309,0.8927,0.8945,0.8891,0.8909,0.8473,0.8945,0.8582,0.8491,0.8945,0.8309,0.8705
36007,0.8582,0.8309,0.8927,0.8945,0.8891,0.8909,0.8473,0.8945,0.8582,0.8491,0.8945,0.8309,0.8705
36008,0.8582,0.8309,0.8927,0.8945,0.8891,0.8909,0.8473,0.8945,0.8582,0.8491,0.8945,0.8309,0.8705
36607,0.8582,0.8309,0.8927,0.8945,0.8891,0.8909,0.8473,0.8945,0.8582,0.8491,0.8945,0.8309,0.8705
36608,0.8582,0.8309,0.8927,0.8945,0.8891,0.8909,0.8473,0.8945,0.8582,0.8491,0.8945,0.8309,0.8705
37207,0.8582,0.8309,0.8927,0.8945,0.8891,0.8909,0.8473,0.8945,0.8582,0.8491,0.8945,0.8309,0.8705
37208,0.8582,0.8309,0.8927,0.8945,0.8891,0.8909,0.8473,0.8945,0.8582,0.8491,0.8945,0.8309,0.8705
37807,0.8582,0.8309,0.8927,0.8945,0.8891,0.8909,0.8473,0.8945,0.8582,0.8491,0.8945,0.8309,0.8705
37808,0.8582,0.8309,0.8927,0.8945,0.8891,0.8909,0.8473,0.8945,0.8582,0.8491,0.8945,0.8309,0.8705
38407,0.8582,0.8309,0.8927,0.8945,0.8891,0.8909,0.8473,0.8945,0.8582,0.8491,0.8945,0.8309,0.8705
38408,0.8582,0.8309,0.8927,0.8945,0.8891,0.8909,0.8473,0.8945,0.8582,0.8491,0.8945,0.8309,0.8705
39007,0.8582,0.8309,0.8927,0.8945,0.8891,0.8909,0.8473,0.8945,0.8582,0.8491,0.8945,0.8309,0.8705
39008,0.8582,0.8309,0.8927,0.8945,0.8891,0.8909,0.8473,0.8945,0.8582,0.8491,0.8945,0.8309,0.8705
39607,0.8582,0.8309,0.8927,0.8945,0.8891,0.8909,0.8473,0.8945,0.8582,0.8491,0.8945,0.8309,0.8705
39608,0.8582,0.8309,0.8927,0.8945,0.8891,0.8909,0.8473,0.8945,0.8582,0.8491,0.8945,0.8309,0.8705
40207,0.8582,0.8309,0.8927,0.8945,0.8891,0.8909,0.8473,0.8945,0.8582,0.8491,0.8945,0.8309,0.8705
40208,0.8582,0.8309,0.8927,0.8945,0.8891,0.8909,0.8473,0.8945,0.8582,0.8491,0.8945,0.8309,0.8705
40807,0.8582,0.8309,0.8927,0.8945,0.8891,0.8909,0.8473,0.8945,0.8582,0.8491,0.8945,0.8309,0.8705
40808,0.8582,0.8309,0.8927,0.8945,0.8891,0.8909,0.8473,0.8945,0.8582,0.8491,0.8945,0.8309,0.8705
41407,0.8582,0.8309,0.8927,0.8945,0.8891,0.8909,0.8473,0.8945,0.8582,0.8491,0.8945,0.8309,0.8705
41408,0.8582,0.8309,0.8927,0.8945,0.8891,0.8909,0.8473,0.8945,0.8582,0.8491,0.8945,0.8309,0.8705
42007,0.8582,0.8309,0.8927,0.8945,0.8891,0.8909,0.8473,0.8945,0.8582,0.8491,0.8945,0.8309,0.8705
42008,0.8582,0.8309,0.8927,0.8945,0.8891,0.8909,0.8473,0.8945,0.8582,0.8491,0.8945,0.8309,0.8705
42607,0.8582,0.8309,0.8927,0.8945,0.8891,0.8909,0.8473,0.8945,0.8582,0.8491,0.8945,0.8309,0.8705
42608,0.8582,0.8309,0.8927,0.8945,0.8891,0.8909,0.8473,0.8945,0.8582,0.8491,0.8945,0.8309,0.8705
43207,0.8582,0.8309,0.8927,0.8945,0.8891,0.8909,0.8473,0.8945,0.8582,0.8491,0.8945,0.8309,0.8705
43208,0.8582,0.8309,0.8927,0.8945,0.8891,0.8909,0.8473,0.8945,0.8582,0.8491,0.8945,0.8309,0.8705
43807,0.8582,0.8309,0.8927,0.8945,0.8891,0.8909,0.8473,0.8945,0.8582,0.8491,0.8945,0.8309,0.8705
43808,0.8582,0.8309,0.8927,0.8945,0.8891,0.8909,0.8473,0.8945,0.8582,0.8491,0.8945,0.8309,0.8705
44407,0.8582,0.8309,0.8927,0.8945,0.8891,0.8909,0.8473,0.8945,0.8582,0.8491,0.8945,0.8309,0.8705
44408,0.8582,0.8309,0.8927,0.8945,0.8891,0.8909,0.8473,0.8945,0.8582,0.8491,0.8945,0.8309,0.8705
45007,0.8582,0.8309,0.8927,0.8945,0.8891,0.8909,0.8473,0.8945,0.8582,0.8491,0.8945,0.8309,0.8705
45008,0.8582,0.8309,0.8927,0.8945,0.8891,0.8909,0.8473,0.8945,0.8582,0.8491,0.8945,0.8309,0.8705
45607,0.8582,0.8309,0.8927,0.8945,0.8891,0.8909,0.8473,0.8945,0.8582,0.8491,0.8945,0.8309,0.8705
45608,0.8582,0.8309,0.8927,0.8945,0.8891,0.8909,0.8473,0.8945,0.8582,0.8491,0.8945,0.8309,0.8705
46207,0.8582,0.8309,0.8927,0.8945,0.8891,0.8909,0.8473,0.8945,0.8582,0.8491,0.8945,0.8309,0.8705
46208,0.8582,0.8309,0.8927,0.8945,0.8891,0.8909,0.8473,0.8945,0.8582,0.8491,0.8945,0.8309,0.8705
46807,0.8582,0.8309,0.8927,0.8945,0.8891,0.8909,0.8473,0.8945,0.8582,0.8491,0.8945,0.8309,0.8705
46808,0.8582,0.8309,0.8927,0.8945,0.8891,0.8909,0.8473,0.8945,0.8873,0.8491,0.8945,0.8309,0.8734
47407,0.8582,0.8309,0.8927,0.8945,0.8891,0.8909,0.8473,0.8945,0.8873,0.8491,0.8945,0.8309,0.8734
47408,0.8582,0.8309,0.8927,0.8945,0.8891,0.8909,0.8473,0.8945,0.8873,0.8491,0.8945,0.8309,0.8734
48007,0.8582,0.8309,0.8927,0.8945,0.8891,0.8909,0.8473,0.8945,0.8873,0.8491,0.8945,0.8309,0.8734
48008,0.8582,0.8309,0.8927,0.8945,0.8891,0.8909,0.8473,0.8945,0.8964,0.8491,0.8964,0.8309,0.8744
48607,0.8582,0.8309,0.8927,0.8945,0.8891,0.8909,0.8473,0.8945,0.8964,0.8491,0.8964,0.8309,0.8744
48608,0.8582,0.8309,0.8927,0.8945,0.8891,0.8909,0.8473,0.8945,0.8964,0.8491,0.8964,0.8309,0.8744
