timestamp,uhci9,uhci2,uhci4,uhci1,uhci0,uhci5,uhci3,uhci8,uhci7,uhci6,max,min,avg
0,0.0838,0.0838,0.0838,0.0838,0.0838,0.0838,0.0838,0.0838,0.0838,0.0838,0.0838,0.0838,0.0838
4,0.1647,0.1647,0.1647,0.1647,0.1647,0.1647,0.1647,0.1647,0.1647,0.1647,0.1647,0.1647,0.1647
5,0.4422,0.5058,0.4509,0.4509,0.4509,0.448,0.5029,0.4451,0.4133,0.5029,0.5058,0.4133,0.4613
6,0.5116,0.5116,0.5058,0.5116,0.5116,0.4509,0.5029,0.5145,0.4509,0.5116,0.5145,0.4509,0.4983
7,0.5202,0.5145,0.5087,0.5173,0.5145,0.5058,0.5087,0.5173,0.5058,0.5116,0.5202,0.5058,0.5124
8,0.5202,0.5145,0.5087,0.5173,0.5145,0.5145,0.5116,0.5173,0.5087,0.5145,0.5202,0.5087,0.5142
9,0.5202,0.5145,0.5087,0.5202,0.5173,0.5145,0.5173,0.6012,0.5087,0.5173,0.6012,0.5087,0.524
10,0.5202,0.5145,0.5145,0.6012,0.5202,0.5173,0.5173,0.6012,0.5116,0.5173,0.6012,0.5116,0.5335
11,0.5202,0.5202,0.5173,0.6012,0.5173,0.5173,0.5173,0.604,0.5173,0.5173,0.604,0.5173,0.5349
12,0.5231,0.5202,0.5173,0.6012,0.5173,0.5173,0.5231,0.604,0.5173,0.5173,0.604,0.5173,0.5358
13,0.5231,0.5231,0.5173,0.6012,0.5173,0.5173,0.5231,0.604,0.5231,0.5173,0.604,0.5173,0.5367
14,0.5231,0.5231,0.5173,0.6012,0.5173,0.5173,0.5231,0.604,0.5231,0.5173,0.604,0.5173,0.5367
15,0.604,0.5231,0.5173,0.6012,0.5173,0.5173,0.5231,0.604,0.5231,0.5173,0.604,0.5173,0.5448
16,0.6012,0.5231,0.6272,0.6387,0.5173,0.5231,0.5231,0.604,0.5231,0.5173,0.6387,0.5173,0.5598
17,0.6012,0.5231,0.6561,0.6416,0.6272,0.5231,0.5231,0.604,0.5231,0.5173,0.6561,0.5173,0.574
18,0.6012,0.5231,0.6561,0.6387,0.6272,0.5231,0.6387,0.604,0.5231,0.5173,0.6561,0.5173,0.5853
19,0.6012,0.5231,0.6561,0.6387,0.6272,0.5231,0.6387,0.6214,0.5231,0.5202,0.6561,0.5202,0.5873
20,0.6012,0.6272,0.659,0.6387,0.6272,0.5231,0.6445,0.6185,0.5231,0.5173,0.659,0.5173,0.598
21,0.6561,0.6243,0.6647,0.6416,0.6272,0.5231,0.6445,0.6214,0.526,0.5173,0.6647,0.5173,0.6046
22,0.6561,0.6243,0.6647,0.6618,0.6272,0.6329,0.6445,0.6185,0.526,0.5173,0.6647,0.5173,0.6173
23,0.6561,0.6243,0.6647,0.6676,0.6272,0.6329,0.6474,0.6214,0.5231,0.5173,0.6676,0.5173,0.6182
24,0.6561,0.6272,0.6647,0.6705,0.6387,0.6329,0.6445,0.6185,0.6012,0.5173,0.6705,0.5173,0.6272
25,0.659,0.6243,0.6647,0.6676,0.6387,0.6329,0.6618,0.6214,0.6012,0.5173,0.6676,0.5173,0.6289
26,0.6561,0.6243,0.6647,0.6676,0.6387,0.6329,0.6618,0.6214,0.6012,0.6272,0.6676,0.6012,0.6396
27,0.6561,0.6243,0.6647,0.6705,0.6445,0.6329,0.6618,0.6185,0.6098,0.6272,0.6705,0.6098,0.641
28,0.6561,0.6272,0.6647,0.6734,0.6474,0.6329,0.6647,0.6243,0.6098,0.6272,0.6734,0.6098,0.6428
29,0.6561,0.6503,0.6647,0.6705,0.6474,0.6329,0.6618,0.6214,0.6098,0.6301,0.6705,0.6098,0.6445
30,0.6561,0.6503,0.6647,0.6705,0.6503,0.6329,0.6618,0.6214,0.6214,0.6301,0.6705,0.6214,0.6459
31,0.6561,0.6503,0.6647,0.6734,0.6474,0.6329,0.6618,0.6214,0.6214,0.6445,0.6734,0.6214,0.6474
32,0.6561,0.6532,0.6647,0.6705,0.6474,0.6329,0.6618,0.6214,0.6214,0.6445,0.6705,0.6214,0.6474
33,0.6561,0.6503,0.6647,0.6734,0.6474,0.6358,0.6618,0.6214,0.6214,0.6445,0.6734,0.6214,0.6477
34,0.6561,0.6503,0.6647,0.6705,0.6474,0.6358,0.6618,0.6243,0.6214,0.6474,0.6705,0.6214,0.648
35,0.6561,0.6503,0.6647,0.6705,0.6474,0.6329,0.6618,0.6474,0.6243,0.6474,0.6705,0.6243,0.6503
36,0.6561,0.6503,0.6647,0.6705,0.6474,0.6329,0.6647,0.6474,0.6243,0.6445,0.6705,0.6243,0.6503
37,0.6561,0.6503,0.6647,0.6705,0.6474,0.6329,0.6618,0.659,0.659,0.6445,0.6705,0.6329,0.6546
38,0.6561,0.6503,0.6676,0.6734,0.6503,0.6329,0.6647,0.659,0.659,0.6445,0.6734,0.6329,0.6558
39,0.6561,0.6503,0.6647,0.6705,0.6503,0.6329,0.6705,0.659,0.659,0.6445,0.6705,0.6329,0.6558
40,0.6561,0.6503,0.6647,0.6705,0.6503,0.6329,0.6705,0.659,0.659,0.6445,0.6705,0.6329,0.6558
41,0.6561,0.6503,0.6647,0.6705,0.6503,0.6561,0.6705,0.659,0.6618,0.6474,0.6705,0.6474,0.6587
42,0.6561,0.6503,0.6647,0.6705,0.6503,0.6561,0.6705,0.659,0.659,0.6445,0.6705,0.6445,0.6581
43,0.6618,0.659,0.6676,0.6705,0.6503,0.6561,0.6705,0.659,0.659,0.6474,0.6705,0.6474,0.6601
44,0.6618,0.6618,0.6647,0.6734,0.6532,0.6561,0.6705,0.6618,0.659,0.6474,0.6734,0.6474,0.661
45,0.6618,0.6618,0.6647,0.6734,0.6503,0.6561,0.6705,0.6618,0.6618,0.6474,0.6734,0.6474,0.661
46,0.6647,0.6618,0.6647,0.6734,0.6503,0.659,0.6705,0.659,0.6618,0.6474,0.6734,0.6474,0.6613
47,0.6618,0.6618,0.6647,0.6734,0.6503,0.6561,0.6705,0.659,0.659,0.6503,0.6734,0.6503,0.6607
48,0.6618,0.6705,0.6647,0.6734,0.6503,0.6561,0.6705,0.659,0.659,0.6503,0.6734,0.6503,0.6616
49,0.6618,0.6676,0.6647,0.6734,0.6532,0.6561,0.6705,0.659,0.659,0.6474,0.6734,0.6474,0.6613
50,0.6618,0.6705,0.6676,0.6734,0.6503,0.6561,0.6734,0.659,0.659,0.6676,0.6734,0.6503,0.6639
51,0.6618,0.6676,0.6647,0.6734,0.6503,0.6561,0.6705,0.659,0.659,0.6676,0.6734,0.6503,0.663
52,0.6618,0.6676,0.6676,0.6734,0.6503,0.6561,0.6705,0.6618,0.659,0.6676,0.6734,0.6503,0.6636
53,0.6618,0.6676,0.6647,0.6734,0.6503,0.6561,0.6705,0.659,0.659,0.6676,0.6734,0.6503,0.663
54,0.6618,0.6705,0.6647,0.6734,0.6503,0.6561,0.6734,0.659,0.659,0.6676,0.6734,0.6503,0.6636
55,0.6618,0.6676,0.6705,0.6734,0.6503,0.6561,0.6705,0.659,0.659,0.6676,0.6734,0.6503,0.6636
56,0.6618,0.6676,0.6676,0.6734,0.6503,0.6561,0.6705,0.659,0.659,0.6676,0.6734,0.6503,0.6633
57,0.6618,0.6676,0.6676,0.6734,0.6503,0.6561,0.6734,0.659,0.659,0.6676,0.6734,0.6503,0.6636
58,0.6618,0.6676,0.6676,0.6763,0.6503,0.659,0.6705,0.6618,0.659,0.6676,0.6763,0.6503,0.6642
59,0.6618,0.6676,0.6676,0.6734,0.6503,0.6561,0.6705,0.659,0.659,0.6676,0.6734,0.6503,0.6633
60,0.6618,0.6676,0.6676,0.6734,0.6503,0.6561,0.6705,0.659,0.659,0.6705,0.6734,0.6503,0.6636
61,0.6618,0.6676,0.6676,0.6734,0.6503,0.6561,0.6734,0.6647,0.659,0.6705,0.6734,0.6503,0.6644
62,0.6618,0.6676,0.6705,0.6734,0.6503,0.6561,0.6705,0.6647,0.659,0.6705,0.6734,0.6503,0.6644
63,0.6618,0.6676,0.6676,0.6734,0.6503,0.6561,0.6705,0.6647,0.659,0.6705,0.6734,0.6503,0.6641
64,0.6618,0.6676,0.6676,0.6763,0.6618,0.6561,0.6705,0.6647,0.659,0.6705,0.6763,0.6561,0.6656
65,0.6618,0.6676,0.6676,0.6734,0.6618,0.6561,0.6705,0.6676,0.659,0.6705,0.6734,0.6561,0.6656
66,0.6618,0.6676,0.6676,0.6734,0.6676,0.6561,0.6705,0.6676,0.659,0.6705,0.6734,0.6561,0.6662
67,0.6618,0.6676,0.6676,0.6763,0.6676,0.6561,0.6705,0.6647,0.659,0.6734,0.6763,0.6561,0.6665
68,0.6618,0.6676,0.6676,0.6734,0.6676,0.6561,0.6705,0.6647,0.659,0.6705,0.6734,0.6561,0.6659
69,0.6618,0.6705,0.6676,0.6734,0.6676,0.659,0.6705,0.6647,0.659,0.6734,0.6734,0.659,0.6667
70,0.6618,0.6676,0.6676,0.6734,0.6676,0.6561,0.6705,0.6647,0.659,0.6705,0.6734,0.6561,0.6659
71,0.6618,0.6676,0.6676,0.6734,0.6705,0.6561,0.6705,0.6676,0.6618,0.6705,0.6734,0.6561,0.6667
72,0.6618,0.6676,0.6705,0.6763,0.6676,0.6561,0.6734,0.6647,0.659,0.6705,0.6763,0.6561,0.6667
73,0.6618,0.6676,0.6676,0.6734,0.6676,0.6561,0.6705,0.6647,0.659,0.6705,0.6734,0.6561,0.6659
74,0.6618,0.6676,0.6676,0.6734,0.6676,0.6561,0.6705,0.6676,0.6618,0.6705,0.6734,0.6561,0.6664
75,0.6618,0.6705,0.6676,0.6734,0.6676,0.6561,0.6705,0.6647,0.659,0.6705,0.6734,0.6561,0.6662
76,0.6618,0.6705,0.6676,0.6734,0.6676,0.6561,0.6705,0.6647,0.659,0.6734,0.6734,0.6561,0.6665
77,0.6618,0.6705,0.6734,0.6734,0.6676,0.6561,0.6705,0.6647,0.659,0.6705,0.6734,0.6561,0.6667
78,0.6618,0.6705,0.6734,0.6734,0.6676,0.6561,0.6705,0.6676,0.6618,0.6705,0.6734,0.6561,0.6673
79,0.6618,0.6705,0.6734,0.6734,0.6676,0.659,0.6705,0.6647,0.659,0.6705,0.6734,0.659,0.667
80,0.6618,0.6705,0.6763,0.6734,0.6705,0.6561,0.6705,0.6647,0.659,0.6705,0.6763,0.6561,0.6673
81,0.6618,0.6705,0.6763,0.6734,0.6676,0.6561,0.6734,0.6647,0.659,0.6705,0.6763,0.6561,0.6673
82,0.6647,0.6734,0.6792,0.6734,0.6676,0.6561,0.6705,0.6647,0.659,0.6705,0.6792,0.6561,0.6679
83,0.6618,0.6705,0.6763,0.6734,0.6676,0.659,0.6734,0.6647,0.659,0.6705,0.6763,0.659,0.6676
84,0.6618,0.6705,0.6763,0.6734,0.6676,0.6618,0.6705,0.6647,0.659,0.6705,0.6763,0.659,0.6676
85,0.6618,0.6705,0.6763,0.6734,0.6676,0.659,0.6705,0.6676,0.659,0.6705,0.6763,0.659,0.6676
86,0.6618,0.6705,0.6792,0.6734,0.6676,0.659,0.6705,0.6647,0.6618,0.6705,0.6792,0.659,0.6679
87,0.6618,0.6705,0.6763,0.6734,0.6676,0.659,0.6705,0.6647,0.6647,0.6705,0.6763,0.659,0.6679
88,0.6618,0.6705,0.6763,0.6763,0.6676,0.659,0.6705,0.6647,0.6647,0.6705,0.6763,0.659,0.6682
89,0.6618,0.6705,0.6763,0.6734,0.6676,0.659,0.6705,0.6647,0.6647,0.6734,0.6763,0.659,0.6682
90,0.6618,0.6705,0.6763,0.6734,0.6705,0.659,0.6705,0.6647,0.6618,0.6705,0.6763,0.659,0.6679
91,0.6618,0.6734,0.6763,0.6734,0.6676,0.6618,0.6705,0.6647,0.6618,0.6705,0.6763,0.6618,0.6682
92,0.6618,0.6705,0.6763,0.6734,0.6676,0.659,0.6705,0.6647,0.6618,0.6705,0.6763,0.659,0.6676
93,0.6618,0.6705,0.6763,0.6734,0.6676,0.659,0.6734,0.6647,0.6618,0.6705,0.6763,0.659,0.6679
94,0.6618,0.6705,0.6763,0.6763,0.6676,0.659,0.6705,0.6647,0.6618,0.6705,0.6763,0.659,0.6679
95,0.6618,0.6705,0.6763,0.6734,0.6676,0.659,0.6705,0.6647,0.6618,0.6705,0.6763,0.659,0.6676
96,0.6647,0.6705,0.6763,0.6734,0.6676,0.6676,0.6734,0.6647,0.6618,0.6705,0.6763,0.6618,0.6691
97,0.6676,0.6705,0.6763,0.6734,0.6676,0.6676,0.6705,0.6647,0.6618,0.6705,0.6763,0.6618,0.669
98,0.6647,0.6705,0.6763,0.6734,0.6676,0.6676,0.6705,0.6647,0.6618,0.6705,0.6763,0.6618,0.6688
99,0.6647,0.6705,0.6792,0.6734,0.6705,0.6676,0.6705,0.6647,0.6647,0.6705,0.6792,0.6647,0.6696
100,0.6647,0.6705,0.6763,0.6734,0.6676,0.6705,0.6705,0.6647,0.6618,0.6734,0.6763,0.6618,0.6693
101,0.6647,0.6705,0.6763,0.6734,0.6676,0.6676,0.6705,0.6647,0.6618,0.6705,0.6763,0.6618,0.6688
102,0.6647,0.6705,0.6763,0.6763,0.6676,0.6676,0.6705,0.6647,0.6618,0.6705,0.6763,0.6618,0.669
103,0.6647,0.6705,0.6763,0.6734,0.6676,0.6676,0.6705,0.6647,0.6618,0.6705,0.6763,0.6618,0.6688
104,0.6647,0.6705,0.6763,0.6734,0.6676,0.6705,0.6705,0.6647,0.6618,0.6705,0.6763,0.6618,0.669
105,0.6647,0.6705,0.6763,0.6734,0.6676,0.6676,0.6705,0.6647,0.6618,0.6705,0.6763,0.6618,0.6688
106,0.6647,0.6705,0.6792,0.6734,0.6676,0.6676,0.6705,0.6647,0.6618,0.6705,0.6792,0.6618,0.6691
107,0.6647,0.6705,0.6763,0.6734,0.6676,0.6705,0.6705,0.6647,0.6618,0.6734,0.6763,0.6618,0.6693
108,0.6647,0.6705,0.6763,0.6734,0.6676,0.6705,0.6705,0.6647,0.6618,0.6734,0.6763,0.6618,0.6693
109,0.6647,0.6705,0.6763,0.6734,0.6676,0.6676,0.6705,0.6647,0.6618,0.6705,0.6763,0.6618,0.6688
110,0.6647,0.6705,0.6763,0.6734,0.6676,0.6676,0.6705,0.6647,0.6618,0.6705,0.6763,0.6618,0.6688
111,0.6647,0.6734,0.6763,0.6763,0.6676,0.6676,0.6705,0.6676,0.6618,0.6705,0.6763,0.6618,0.6696
112,0.6647,0.6705,0.6763,0.6734,0.6676,0.6676,0.6734,0.6647,0.6618,0.6705,0.6763,0.6618,0.6691
113,0.6647,0.6734,0.6792,0.6734,0.6676,0.6676,0.6705,0.6647,0.6618,0.6705,0.6792,0.6618,0.6693
114,0.6647,0.6734,0.6763,0.6734,0.6676,0.6676,0.6705,0.6676,0.6647,0.6734,0.6763,0.6647,0.6699
115,0.6647,0.6705,0.6763,0.6734,0.6676,0.6676,0.6705,0.6647,0.6618,0.6705,0.6763,0.6618,0.6688
116,0.6647,0.6705,0.6792,0.6763,0.6676,0.6676,0.6705,0.6647,0.6618,0.6705,0.6792,0.6618,0.6693
117,0.6647,0.6705,0.6792,0.6734,0.6676,0.6676,0.6734,0.6676,0.6618,0.6705,0.6792,0.6618,0.6696
118,0.6647,0.6705,0.6763,0.6734,0.6705,0.6676,0.6734,0.6676,0.6647,0.6705,0.6763,0.6647,0.6699
119,0.6647,0.6705,0.6763,0.6734,0.6705,0.6676,0.6705,0.6647,0.6618,0.6705,0.6763,0.6618,0.669
120,0.6647,0.6705,0.6763,0.6792,0.6676,0.6705,0.6705,0.6647,0.6705,0.6705,0.6792,0.6647,0.6705
121,0.6705,0.6705,0.6763,0.6792,0.6676,0.6676,0.6705,0.6676,0.6705,0.6705,0.6792,0.6676,0.6711
122,0.6705,0.6705,0.6763,0.6792,0.6676,0.6676,0.6705,0.6647,0.6705,0.6705,0.6792,0.6647,0.6708
123,0.6705,0.6734,0.6763,0.6792,0.6676,0.6676,0.6705,0.6647,0.6734,0.6705,0.6792,0.6647,0.6714
124,0.6705,0.6705,0.6763,0.6792,0.6676,0.6676,0.6734,0.6647,0.6705,0.6705,0.6792,0.6647,0.6711
125,0.6705,0.6705,0.6763,0.6821,0.6676,0.6676,0.6705,0.6647,0.6705,0.6734,0.6821,0.6647,0.6714
126,0.6734,0.6705,0.6792,0.6792,0.6676,0.6705,0.6705,0.6647,0.6734,0.6734,0.6792,0.6647,0.6722
127,0.6705,0.6705,0.6763,0.6792,0.6705,0.6676,0.6705,0.6647,0.6734,0.6705,0.6792,0.6647,0.6714
128,0.6734,0.6705,0.6792,0.6792,0.6676,0.6676,0.6705,0.6647,0.6705,0.6705,0.6792,0.6647,0.6714
129,0.6705,0.6705,0.6821,0.6821,0.6676,0.6676,0.6705,0.6676,0.6705,0.6705,0.6821,0.6676,0.6719
130,0.6734,0.6705,0.6821,0.6821,0.6705,0.6676,0.6705,0.6647,0.6734,0.6705,0.6821,0.6647,0.6725
131,0.6734,0.6705,0.6821,0.685,0.6734,0.6676,0.6705,0.6647,0.6705,0.6705,0.685,0.6647,0.6728
132,0.6705,0.6705,0.685,0.6821,0.6705,0.6676,0.6705,0.6647,0.6705,0.6705,0.685,0.6647,0.6722
133,0.6705,0.6705,0.6821,0.6821,0.6705,0.6676,0.6705,0.6647,0.6705,0.6705,0.6821,0.6647,0.6719
134,0.6705,0.6705,0.6821,0.6821,0.6705,0.6676,0.6705,0.6647,0.6705,0.6705,0.6821,0.6647,0.6719
135,0.6705,0.6705,0.685,0.6821,0.6705,0.6705,0.6705,0.6647,0.6705,0.6734,0.685,0.6647,0.6728
136,0.6705,0.6705,0.6821,0.6821,0.6705,0.6676,0.6705,0.6647,0.6705,0.6705,0.6821,0.6647,0.6719
137,0.6705,0.6705,0.6821,0.6821,0.6705,0.6676,0.6705,0.6647,0.6734,0.6705,0.6821,0.6647,0.6722
138,0.6705,0.6705,0.6821,0.6821,0.6705,0.6676,0.6705,0.6676,0.6705,0.6705,0.6821,0.6676,0.6722
139,0.6705,0.6705,0.6821,0.6821,0.6705,0.6676,0.6734,0.6647,0.6734,0.6705,0.6821,0.6647,0.6725
140,0.6705,0.6705,0.6821,0.6821,0.6705,0.6676,0.6734,0.6647,0.6705,0.6734,0.6821,0.6647,0.6725
141,0.6705,0.6705,0.6821,0.6821,0.6705,0.6676,0.6734,0.6647,0.6705,0.6705,0.6821,0.6647,0.6722
142,0.6705,0.6705,0.685,0.6821,0.6705,0.6676,0.6734,0.6647,0.6705,0.6705,0.685,0.6647,0.6725
143,0.6705,0.6705,0.6821,0.6821,0.6705,0.6676,0.6734,0.6647,0.6705,0.6705,0.6821,0.6647,0.6722
144,0.6705,0.6705,0.6821,0.6821,0.6705,0.6676,0.6763,0.6676,0.6705,0.6705,0.6821,0.6676,0.6728
145,0.6705,0.6705,0.6821,0.6821,0.6705,0.6676,0.6734,0.6647,0.6734,0.6705,0.6821,0.6647,0.6725
146,0.6705,0.6734,0.6821,0.685,0.6705,0.6676,0.6734,0.6647,0.6705,0.6705,0.685,0.6647,0.6728
147,0.6705,0.6705,0.6821,0.6821,0.6705,0.6676,0.6763,0.6647,0.6734,0.6734,0.6821,0.6647,0.6731
148,0.6705,0.6705,0.6821,0.685,0.6705,0.6676,0.6734,0.6647,0.6705,0.6705,0.685,0.6647,0.6725
149,0.6705,0.6705,0.6821,0.6821,0.6705,0.6676,0.6763,0.6647,0.6705,0.6705,0.6821,0.6647,0.6725
150,0.6705,0.6705,0.6821,0.685,0.6705,0.6676,0.6763,0.6647,0.6705,0.6705,0.685,0.6647,0.6728
151,0.6705,0.6705,0.6821,0.6821,0.6705,0.6676,0.6734,0.6647,0.6705,0.6705,0.6821,0.6647,0.6722
152,0.6705,0.6734,0.6821,0.685,0.6705,0.6676,0.6734,0.6647,0.6705,0.6705,0.685,0.6647,0.6728
153,0.6705,0.6705,0.6821,0.6821,0.6705,0.6676,0.6734,0.6647,0.6705,0.6705,0.6821,0.6647,0.6722
154,0.6734,0.6705,0.6821,0.6821,0.6705,0.6676,0.6734,0.6647,0.6705,0.6734,0.6821,0.6647,0.6728
155,0.6705,0.6705,0.685,0.6821,0.6705,0.6705,0.6734,0.6676,0.6705,0.6705,0.685,0.6676,0.6731
156,0.6705,0.6705,0.6821,0.6821,0.6705,0.6676,0.6763,0.6647,0.6734,0.6705,0.6821,0.6647,0.6728
157,0.6705,0.6705,0.6821,0.6821,0.6705,0.6676,0.6734,0.6647,0.6705,0.6705,0.6821,0.6647,0.6722
158,0.6705,0.6705,0.685,0.6821,0.6705,0.6676,0.6734,0.6676,0.6705,0.6705,0.685,0.6676,0.6728
159,0.6705,0.6705,0.6821,0.6821,0.6734,0.6676,0.6734,0.6647,0.6705,0.6705,0.6821,0.6647,0.6725
160,0.6705,0.6705,0.6821,0.6821,0.6734,0.6676,0.6734,0.6647,0.6705,0.6705,0.6821,0.6647,0.6725
161,0.6705,0.6705,0.6821,0.685,0.6705,0.6676,0.6763,0.6647,0.6734,0.6705,0.685,0.6647,0.6731
162,0.6705,0.6705,0.6821,0.6821,0.6705,0.6705,0.6734,0.6647,0.6734,0.6734,0.6821,0.6647,0.6731
163,0.6705,0.6705,0.6821,0.685,0.6705,0.6676,0.6734,0.6647,0.6705,0.6705,0.685,0.6647,0.6725
164,0.6705,0.6734,0.6821,0.6821,0.6705,0.6676,0.6734,0.6647,0.6705,0.6705,0.6821,0.6647,0.6725
165,0.6705,0.6705,0.6821,0.6821,0.6734,0.6705,0.6763,0.6647,0.6734,0.6705,0.6821,0.6647,0.6734
166,0.6705,0.6705,0.6821,0.6821,0.6705,0.6676,0.6734,0.6647,0.6705,0.6705,0.6821,0.6647,0.6722
167,0.6705,0.6705,0.6821,0.6821,0.6705,0.6676,0.6792,0.6647,0.6705,0.6734,0.6821,0.6647,0.6731
168,0.6705,0.6705,0.6821,0.6821,0.6705,0.6676,0.6792,0.6647,0.6705,0.6705,0.6821,0.6647,0.6728
169,0.6705,0.6705,0.6821,0.6821,0.6705,0.6676,0.6821,0.6647,0.6705,0.6705,0.6821,0.6647,0.6731
170,0.6705,0.6705,0.6821,0.6821,0.6705,0.6676,0.6792,0.6647,0.6705,0.6734,0.6821,0.6647,0.6731
171,0.6705,0.6705,0.6821,0.6821,0.6734,0.6676,0.6821,0.6647,0.6705,0.6734,0.6821,0.6647,0.6737
172,0.6734,0.6705,0.6821,0.6821,0.6705,0.6676,0.6792,0.6647,0.6705,0.6705,0.6821,0.6647,0.6731
173,0.6705,0.6734,0.6821,0.6821,0.6705,0.6705,0.6792,0.6676,0.6705,0.6734,0.6821,0.6676,0.674
174,0.6705,0.6705,0.6821,0.685,0.6705,0.6676,0.6792,0.6647,0.6705,0.6705,0.685,0.6647,0.6731
175,0.6705,0.6705,0.6821,0.6821,0.6705,0.6676,0.6792,0.6647,0.6734,0.6705,0.6821,0.6647,0.6731
176,0.6734,0.6705,0.685,0.6821,0.6705,0.6676,0.6792,0.6647,0.6705,0.6705,0.685,0.6647,0.6734
177,0.6763,0.6734,0.6821,0.685,0.6734,0.6676,0.6792,0.6647,0.6705,0.6705,0.685,0.6647,0.6743
178,0.6763,0.6705,0.685,0.685,0.6734,0.6676,0.6792,0.6647,0.6705,0.6705,0.685,0.6647,0.6743
179,0.6763,0.6705,0.685,0.685,0.6705,0.6676,0.6821,0.6647,0.6705,0.6705,0.685,0.6647,0.6743
180,0.6763,0.6705,0.6821,0.6821,0.6705,0.6676,0.6792,0.6676,0.6705,0.6705,0.6821,0.6676,0.6737
181,0.6763,0.6705,0.6821,0.6821,0.6705,0.6676,0.6792,0.6676,0.6705,0.6705,0.6821,0.6676,0.6737
182,0.6763,0.6705,0.6821,0.6821,0.6705,0.6676,0.6792,0.6676,0.6705,0.6705,0.6821,0.6676,0.6737
183,0.6763,0.6705,0.6821,0.6821,0.6705,0.6676,0.6792,0.6676,0.6705,0.6705,0.6821,0.6676,0.6737
184,0.6763,0.6705,0.6821,0.6821,0.6705,0.6676,0.6792,0.6705,0.6705,0.6705,0.6821,0.6676,0.674
185,0.6792,0.6705,0.6821,0.6821,0.6705,0.6676,0.6792,0.6705,0.6734,0.6705,0.6821,0.6676,0.6746
186,0.6763,0.6705,0.6821,0.6821,0.6705,0.6676,0.6792,0.6676,0.6705,0.6705,0.6821,0.6676,0.6737
187,0.6763,0.6705,0.6821,0.6821,0.6705,0.6676,0.6792,0.6676,0.6705,0.6705,0.6821,0.6676,0.6737
188,0.6763,0.6705,0.6821,0.6821,0.6705,0.6705,0.6821,0.6734,0.6705,0.6705,0.6821,0.6705,0.6748
189,0.6763,0.6705,0.6821,0.6821,0.6705,0.6676,0.6792,0.6734,0.6705,0.6705,0.6821,0.6676,0.6743
190,0.6763,0.6705,0.6821,0.6821,0.6705,0.6676,0.6821,0.6763,0.6705,0.6705,0.6821,0.6676,0.6748
191,0.6763,0.6705,0.6821,0.6821,0.6705,0.6676,0.6792,0.6734,0.6705,0.6705,0.6821,0.6676,0.6743
192,0.6763,0.6705,0.6821,0.6821,0.6705,0.6705,0.6792,0.6734,0.6734,0.6705,0.6821,0.6705,0.6748
193,0.6763,0.6705,0.6821,0.6821,0.6705,0.6676,0.6792,0.6734,0.6705,0.6705,0.6821,0.6676,0.6743
194,0.6763,0.6705,0.6821,0.6821,0.6705,0.6676,0.6792,0.6734,0.6705,0.6705,0.6821,0.6676,0.6743
195,0.6763,0.6705,0.6821,0.6821,0.6705,0.6705,0.6821,0.6734,0.6705,0.6705,0.6821,0.6705,0.6748
196,0.6792,0.6734,0.685,0.6821,0.6734,0.6705,0.6792,0.6763,0.6705,0.6705,0.685,0.6705,0.676
197,0.6763,0.6705,0.6821,0.6821,0.6705,0.6676,0.6792,0.6734,0.6705,0.6705,0.6821,0.6676,0.6743
198,0.6763,0.6705,0.6821,0.6821,0.6705,0.6676,0.6792,0.6734,0.6734,0.6705,0.6821,0.6676,0.6746
199,0.6763,0.6705,0.6821,0.6821,0.6705,0.6676,0.6792,0.6734,0.6705,0.6705,0.6821,0.6676,0.6743
200,0.6763,0.6705,0.685,0.6821,0.6734,0.6676,0.6792,0.6734,0.6734,0.6705,0.685,0.6676,0.6751
201,0.6763,0.6705,0.6821,0.685,0.6705,0.6676,0.6821,0.6734,0.6705,0.6705,0.685,0.6676,0.6748
202,0.6763,0.6705,0.685,0.6821,0.6705,0.6705,0.6792,0.6734,0.6705,0.6705,0.685,0.6705,0.6748
203,0.6763,0.6705,0.6821,0.6821,0.6705,0.6676,0.6792,0.6763,0.6705,0.6705,0.6821,0.6676,0.6746
204,0.6763,0.6705,0.6821,0.6821,0.6705,0.6676,0.6792,0.6734,0.6734,0.6705,0.6821,0.6676,0.6746
205,0.6763,0.6705,0.685,0.685,0.6705,0.6676,0.6792,0.6734,0.6705,0.6705,0.685,0.6676,0.6748
206,0.6763,0.6705,0.685,0.6821,0.6705,0.6676,0.6792,0.6734,0.6705,0.6705,0.685,0.6676,0.6746
207,0.6763,0.6734,0.6821,0.6821,0.6705,0.6705,0.6821,0.6734,0.6705,0.6705,0.6821,0.6705,0.6751
208,0.6763,0.6705,0.6821,0.6821,0.6705,0.6676,0.6792,0.6734,0.6705,0.6705,0.6821,0.6676,0.6743
209,0.6763,0.6705,0.6821,0.6821,0.6705,0.6676,0.6821,0.6734,0.6705,0.6705,0.6821,0.6676,0.6746
210,0.6763,0.6705,0.6821,0.685,0.6705,0.6676,0.6792,0.6763,0.6705,0.6705,0.685,0.6676,0.6748
211,0.6763,0.6705,0.6821,0.6821,0.6705,0.6676,0.6821,0.6734,0.6705,0.6705,0.6821,0.6676,0.6746
212,0.6763,0.6705,0.6821,0.6821,0.6705,0.6705,0.6792,0.6734,0.6705,0.6705,0.6821,0.6705,0.6746
213,0.6763,0.6705,0.6821,0.6821,0.6705,0.6676,0.6792,0.6734,0.6734,0.6734,0.6821,0.6676,0.6748
214,0.6763,0.6705,0.6821,0.6821,0.6705,0.6676,0.6792,0.6734,0.6705,0.6705,0.6821,0.6676,0.6743
215,0.6763,0.6705,0.6821,0.6821,0.6705,0.6676,0.6792,0.6734,0.6705,0.6705,0.6821,0.6676,0.6743
216,0.6792,0.6705,0.6821,0.6821,0.6705,0.6705,0.6792,0.6734,0.6705,0.6705,0.6821,0.6705,0.6748
217,0.6792,0.6705,0.6821,0.6821,0.6705,0.6676,0.6792,0.6734,0.6705,0.6705,0.6821,0.6676,0.6746
218,0.6792,0.6705,0.6821,0.6821,0.6705,0.6676,0.6792,0.6734,0.6705,0.6734,0.6821,0.6676,0.6748
219,0.6792,0.6705,0.6821,0.6821,0.6705,0.6676,0.6792,0.6734,0.6705,0.6705,0.6821,0.6676,0.6746
220,0.6792,0.6734,0.6821,0.6821,0.6705,0.6676,0.6792,0.6734,0.6734,0.6705,0.6821,0.6676,0.6751
221,0.6792,0.6705,0.6821,0.6821,0.6705,0.6676,0.6821,0.6734,0.6705,0.6734,0.6821,0.6676,0.6751
222,0.6792,0.6705,0.685,0.6821,0.6705,0.6676,0.6792,0.6734,0.6705,0.6705,0.685,0.6676,0.6748
223,0.6792,0.6705,0.6821,0.685,0.6705,0.6676,0.6821,0.6734,0.6705,0.6705,0.685,0.6676,0.6751
224,0.6792,0.6705,0.6821,0.6821,0.6734,0.6676,0.6821,0.6734,0.6705,0.6705,0.6821,0.6676,0.6751
225,0.6792,0.6705,0.6821,0.6821,0.6705,0.6676,0.6792,0.6734,0.6705,0.6705,0.6821,0.6676,0.6746
226,0.6792,0.6734,0.6821,0.6821,0.6705,0.6676,0.6821,0.6734,0.6705,0.6705,0.6821,0.6676,0.6751
227,0.6792,0.6734,0.6821,0.685,0.6705,0.6676,0.6792,0.6734,0.6705,0.6705,0.685,0.6676,0.6751
228,0.6821,0.6734,0.6821,0.6821,0.6705,0.6705,0.6792,0.6763,0.6705,0.6705,0.6821,0.6705,0.6757
229,0.6792,0.6705,0.685,0.685,0.6705,0.6705,0.6792,0.6734,0.6705,0.6705,0.685,0.6705,0.6754
230,0.6792,0.6705,0.6821,0.6821,0.6705,0.6676,0.6792,0.6763,0.6705,0.6705,0.6821,0.6676,0.6748
231,0.6821,0.6705,0.6821,0.6821,0.6705,0.6676,0.6821,0.6763,0.6705,0.6705,0.6821,0.6676,0.6754
232,0.6792,0.6734,0.685,0.6821,0.6705,0.6676,0.6792,0.6734,0.6705,0.6705,0.685,0.6676,0.6751
233,0.6792,0.6705,0.6821,0.6821,0.6734,0.6676,0.6821,0.6734,0.6705,0.6705,0.6821,0.6676,0.6751
234,0.6821,0.6705,0.6821,0.6821,0.6734,0.6676,0.6792,0.6734,0.6705,0.6705,0.6821,0.6676,0.6751
235,0.6821,0.6705,0.6821,0.6821,0.6705,0.6705,0.6792,0.6734,0.6734,0.6734,0.6821,0.6705,0.6757
236,0.6792,0.6705,0.6821,0.6821,0.6705,0.6705,0.6792,0.6734,0.6705,0.6705,0.6821,0.6705,0.6748
237,0.6792,0.6705,0.6821,0.6821,0.6705,0.6676,0.6792,0.6734,0.6734,0.6705,0.6821,0.6676,0.6748
238,0.6792,0.6705,0.685,0.6821,0.6705,0.6705,0.6792,0.6734,0.6705,0.6705,0.685,0.6705,0.6751
239,0.6792,0.6705,0.6821,0.6821,0.6705,0.6676,0.6792,0.6734,0.6705,0.6705,0.6821,0.6676,0.6746
240,0.6792,0.6705,0.6821,0.685,0.6705,0.6676,0.6792,0.6734,0.6763,0.6705,0.685,0.6676,0.6754
241,0.6792,0.6705,0.6821,0.6821,0.6734,0.6705,0.6792,0.6734,0.6763,0.6705,0.6821,0.6705,0.6757
242,0.6792,0.6705,0.6821,0.6821,0.6705,0.6705,0.6792,0.6734,0.6792,0.6705,0.6821,0.6705,0.6757
243,0.6792,0.6705,0.6821,0.6821,0.6734,0.6676,0.6821,0.6734,0.6763,0.6705,0.6821,0.6676,0.6757
244,0.6792,0.6705,0.6821,0.6821,0.6705,0.6676,0.6792,0.6734,0.6792,0.6705,0.6821,0.6676,0.6754
245,0.6792,0.6705,0.685,0.6821,0.6734,0.6676,0.6792,0.6734,0.6763,0.6705,0.685,0.6676,0.6757
246,0.6792,0.6705,0.6821,0.6821,0.6705,0.6676,0.6792,0.6734,0.6763,0.6705,0.6821,0.6676,0.6751
247,0.6792,0.6705,0.6821,0.685,0.6705,0.6676,0.6821,0.6734,0.6763,0.6705,0.685,0.6676,0.6757
248,0.6792,0.6705,0.6821,0.6821,0.6705,0.6676,0.6792,0.6734,0.6763,0.6734,0.6821,0.6676,0.6754
249,0.6792,0.6705,0.685,0.6821,0.6705,0.6705,0.6821,0.6763,0.6763,0.6705,0.685,0.6705,0.6763
250,0.6792,0.6705,0.6821,0.6821,0.6705,0.6676,0.6821,0.6734,0.6792,0.6734,0.6821,0.6676,0.676
251,0.6792,0.6705,0.6821,0.6821,0.6705,0.6705,0.6792,0.6734,0.6763,0.6705,0.6821,0.6705,0.6754
252,0.6792,0.6734,0.6821,0.6821,0.6705,0.6676,0.6792,0.6734,0.6763,0.6705,0.6821,0.6676,0.6754
253,0.6792,0.6705,0.6821,0.6821,0.6705,0.6676,0.6792,0.6734,0.6792,0.6734,0.6821,0.6676,0.6757
254,0.6792,0.6705,0.6821,0.6821,0.6705,0.6676,0.6821,0.6734,0.6763,0.6734,0.6821,0.6676,0.6757
255,0.6792,0.6705,0.6821,0.6821,0.6705,0.6676,0.6792,0.6734,0.6763,0.6734,0.6821,0.6676,0.6754
256,0.6792,0.6705,0.6821,0.6821,0.6705,0.6676,0.6792,0.6734,0.6763,0.6734,0.6821,0.6676,0.6754
257,0.6792,0.6705,0.6821,0.685,0.6705,0.6705,0.6792,0.6734,0.6763,0.6734,0.685,0.6705,0.676
258,0.6792,0.6705,0.6821,0.6821,0.6705,0.6734,0.6821,0.6734,0.6763,0.6763,0.6821,0.6705,0.6766
259,0.6792,0.6705,0.685,0.6821,0.6705,0.6705,0.6792,0.6734,0.6763,0.6734,0.685,0.6705,0.676
260,0.6792,0.6705,0.6821,0.6821,0.6705,0.6705,0.6792,0.6734,0.6763,0.6734,0.6821,0.6705,0.6757
261,0.6821,0.6734,0.6821,0.6821,0.6705,0.6705,0.6792,0.6734,0.6763,0.6734,0.6821,0.6705,0.6763
262,0.6792,0.6705,0.6821,0.6821,0.6705,0.6705,0.6821,0.6734,0.6763,0.6763,0.6821,0.6705,0.6763
263,0.6792,0.6734,0.685,0.685,0.6705,0.6734,0.6792,0.6734,0.6763,0.6734,0.685,0.6705,0.6769
264,0.6792,0.6705,0.6821,0.6821,0.6705,0.6705,0.6792,0.6734,0.6763,0.6734,0.6821,0.6705,0.6757
265,0.6792,0.6705,0.6821,0.6821,0.6705,0.6734,0.6792,0.6734,0.6763,0.6734,0.6821,0.6705,0.676
266,0.6792,0.6705,0.6821,0.6821,0.6705,0.6705,0.6792,0.6734,0.6763,0.6734,0.6821,0.6705,0.6757
267,0.6792,0.6705,0.6821,0.6821,0.6705,0.6734,0.6821,0.6734,0.6763,0.6734,0.6821,0.6705,0.6763
268,0.6821,0.6705,0.6821,0.6821,0.6705,0.6705,0.6821,0.6734,0.6763,0.6734,0.6821,0.6705,0.6763
269,0.6792,0.6705,0.6821,0.685,0.6705,0.6705,0.6821,0.6734,0.6763,0.6734,0.685,0.6705,0.6763
270,0.6821,0.6734,0.685,0.685,0.6705,0.6705,0.6821,0.6734,0.6763,0.6734,0.685,0.6705,0.6772
271,0.6792,0.6705,0.6821,0.685,0.6705,0.6734,0.6821,0.6734,0.6792,0.6763,0.685,0.6705,0.6772
272,0.6792,0.6734,0.6821,0.6821,0.6705,0.6734,0.6821,0.6763,0.6763,0.6734,0.6821,0.6705,0.6769
273,0.6792,0.6705,0.6821,0.6821,0.6705,0.6734,0.6821,0.6734,0.6763,0.6734,0.6821,0.6705,0.6763
274,0.6792,0.6705,0.6821,0.6821,0.6705,0.6734,0.6821,0.6734,0.6792,0.6734,0.6821,0.6705,0.6766
275,0.6792,0.6705,0.6821,0.6821,0.6705,0.6734,0.6821,0.6734,0.6763,0.6734,0.6821,0.6705,0.6763
276,0.6792,0.6705,0.6821,0.685,0.6705,0.6763,0.6821,0.6734,0.6763,0.6734,0.685,0.6705,0.6769
277,0.6792,0.6705,0.6821,0.6821,0.6705,0.6734,0.6821,0.6734,0.6763,0.6763,0.6821,0.6705,0.6766
278,0.6792,0.6705,0.6821,0.6821,0.6705,0.6734,0.6821,0.6734,0.6763,0.6763,0.6821,0.6705,0.6766
279,0.6792,0.6705,0.6821,0.6821,0.6705,0.6734,0.6821,0.6734,0.6763,0.6734,0.6821,0.6705,0.6763
280,0.6821,0.6705,0.6821,0.6821,0.6705,0.6734,0.6821,0.6734,0.6792,0.6734,0.6821,0.6705,0.6769
281,0.6792,0.6705,0.6821,0.6821,0.6705,0.6734,0.685,0.6734,0.6792,0.6734,0.685,0.6705,0.6769
282,0.6792,0.6705,0.6821,0.6821,0.6705,0.6734,0.6821,0.6734,0.6792,0.6734,0.6821,0.6705,0.6766
283,0.6792,0.6705,0.6821,0.6821,0.6705,0.6734,0.685,0.6763,0.6792,0.6734,0.685,0.6705,0.6772
284,0.6792,0.6705,0.6821,0.6821,0.6705,0.6763,0.6821,0.6734,0.6792,0.6734,0.6821,0.6705,0.6769
285,0.6792,0.6705,0.6821,0.685,0.6705,0.6734,0.6821,0.6734,0.6821,0.6734,0.685,0.6705,0.6772
286,0.6821,0.6705,0.6821,0.685,0.6705,0.6734,0.6821,0.6734,0.6792,0.6734,0.685,0.6705,0.6772
287,0.6792,0.6705,0.6821,0.685,0.6705,0.6763,0.6821,0.6734,0.6792,0.6763,0.685,0.6705,0.6775
288,0.6821,0.6705,0.685,0.6821,0.6705,0.6734,0.6821,0.6734,0.6792,0.6734,0.685,0.6705,0.6772
289,0.6792,0.6705,0.6821,0.685,0.6705,0.6734,0.6821,0.6734,0.6792,0.6734,0.685,0.6705,0.6769
290,0.6821,0.6705,0.6821,0.6821,0.6705,0.6734,0.685,0.6734,0.6792,0.6734,0.685,0.6705,0.6772
291,0.6792,0.6705,0.6821,0.6821,0.6705,0.6734,0.6821,0.6763,0.6792,0.6734,0.6821,0.6705,0.6769
292,0.6792,0.6705,0.6821,0.6821,0.6705,0.6734,0.6821,0.6734,0.6792,0.6734,0.6821,0.6705,0.6766
293,0.6792,0.6705,0.685,0.6821,0.6705,0.6763,0.6821,0.6734,0.6792,0.6734,0.685,0.6705,0.6772
294,0.6792,0.6705,0.6821,0.6821,0.6705,0.6734,0.6821,0.6734,0.6792,0.6734,0.6821,0.6705,0.6766
295,0.6792,0.6705,0.6821,0.6821,0.6734,0.6734,0.6821,0.6734,0.6792,0.6734,0.6821,0.6705,0.6769
296,0.6792,0.6705,0.6821,0.6821,0.6705,0.6734,0.6821,0.6734,0.6792,0.6734,0.6821,0.6705,0.6766
297,0.6792,0.6705,0.685,0.6821,0.6734,0.6734,0.6821,0.6763,0.6792,0.6734,0.685,0.6705,0.6775
298,0.6792,0.6705,0.685,0.6821,0.6734,0.6763,0.6821,0.6763,0.6821,0.6734,0.685,0.6705,0.678
299,0.6792,0.6705,0.6821,0.6821,0.6705,0.6734,0.685,0.6734,0.6792,0.6763,0.685,0.6705,0.6772
300,0.6792,0.6705,0.6821,0.685,0.6705,0.6734,0.6821,0.6734,0.6792,0.6734,0.685,0.6705,0.6769
301,0.6792,0.6705,0.685,0.6821,0.6705,0.6734,0.6821,0.6734,0.6792,0.6734,0.685,0.6705,0.6769
302,0.6792,0.6705,0.685,0.6821,0.6705,0.6734,0.685,0.6734,0.6792,0.6734,0.685,0.6705,0.6772
303,0.6821,0.6705,0.6821,0.6821,0.6705,0.6734,0.6821,0.6734,0.6792,0.6734,0.6821,0.6705,0.6769
304,0.6792,0.6705,0.6821,0.6821,0.6705,0.6734,0.6821,0.6734,0.6792,0.6734,0.6821,0.6705,0.6766
305,0.6792,0.6705,0.6821,0.685,0.6705,0.6734,0.6821,0.6734,0.6792,0.6734,0.685,0.6705,0.6769
306,0.6821,0.6705,0.685,0.685,0.6705,0.6734,0.6821,0.6734,0.6792,0.6734,0.685,0.6705,0.6775
307,0.6821,0.6705,0.6821,0.6821,0.6705,0.6734,0.685,0.6734,0.6792,0.6734,0.685,0.6705,0.6772
308,0.6792,0.6705,0.685,0.6821,0.6705,0.6734,0.6821,0.6734,0.6792,0.6763,0.685,0.6705,0.6772
309,0.6792,0.6705,0.6821,0.6821,0.6734,0.6734,0.6821,0.6734,0.6792,0.6734,0.6821,0.6705,0.6769
310,0.6792,0.6705,0.6821,0.6821,0.6705,0.6734,0.6821,0.6734,0.6792,0.6763,0.6821,0.6705,0.6769
311,0.6792,0.6705,0.6821,0.6821,0.6734,0.6734,0.685,0.6734,0.6792,0.6734,0.685,0.6705,0.6772
312,0.6821,0.6734,0.6821,0.6821,0.6705,0.6734,0.6821,0.6734,0.6792,0.6734,0.6821,0.6705,0.6772
313,0.6792,0.6705,0.6821,0.6821,0.6705,0.6734,0.6821,0.6734,0.6792,0.6763,0.6821,0.6705,0.6769
314,0.6792,0.6705,0.6821,0.6821,0.6705,0.6734,0.6821,0.6734,0.6792,0.6734,0.6821,0.6705,0.6766
315,0.6792,0.6705,0.6821,0.685,0.6705,0.6734,0.685,0.6734,0.6792,0.6734,0.685,0.6705,0.6772
316,0.6792,0.6705,0.6821,0.6821,0.6705,0.6734,0.6821,0.6734,0.6821,0.6734,0.6821,0.6705,0.6769
317,0.6792,0.6705,0.6821,0.6821,0.6705,0.6734,0.6821,0.6734,0.6821,0.6734,0.6821,0.6705,0.6769
318,0.6792,0.6705,0.6821,0.6821,0.6705,0.6734,0.6821,0.6734,0.6792,0.6792,0.6821,0.6705,0.6772
319,0.6792,0.6705,0.6821,0.685,0.6705,0.6763,0.685,0.6734,0.6792,0.6792,0.685,0.6705,0.678
320,0.6792,0.6705,0.6821,0.685,0.6705,0.6734,0.6821,0.6734,0.6792,0.6792,0.685,0.6705,0.6775
321,0.6792,0.6734,0.6821,0.6821,0.6705,0.6734,0.6821,0.6734,0.6792,0.6821,0.6821,0.6705,0.6778
322,0.6821,0.6705,0.6821,0.6821,0.6705,0.6734,0.6821,0.6734,0.6792,0.6792,0.6821,0.6705,0.6775
323,0.6792,0.6705,0.6821,0.6821,0.6705,0.6734,0.6821,0.6734,0.6792,0.6792,0.6821,0.6705,0.6772
324,0.6792,0.6705,0.6821,0.6821,0.6734,0.6734,0.685,0.6734,0.6792,0.6792,0.685,0.6705,0.6778
325,0.6792,0.6705,0.6821,0.6821,0.6705,0.6734,0.6821,0.6734,0.6792,0.6792,0.6821,0.6705,0.6772
326,0.6792,0.6705,0.6821,0.685,0.6734,0.6734,0.6821,0.6734,0.6792,0.6792,0.685,0.6705,0.6777
327,0.6792,0.6705,0.6821,0.685,0.6705,0.6734,0.6821,0.6734,0.6792,0.6792,0.685,0.6705,0.6775
328,0.6821,0.6705,0.6821,0.6821,0.6705,0.6734,0.6821,0.6763,0.6792,0.6792,0.6821,0.6705,0.6778
329,0.6821,0.6705,0.6821,0.685,0.6705,0.6734,0.6821,0.6734,0.6792,0.6792,0.685,0.6705,0.6777
330,0.6821,0.6734,0.6821,0.685,0.6734,0.6734,0.6821,0.6734,0.6792,0.6792,0.685,0.6734,0.6783
331,0.6821,0.6705,0.6821,0.685,0.6705,0.6734,0.6821,0.6734,0.6792,0.6792,0.685,0.6705,0.6777
332,0.6821,0.6705,0.6821,0.6821,0.6705,0.6734,0.685,0.6763,0.6792,0.6792,0.685,0.6705,0.678
333,0.6821,0.6705,0.6821,0.6821,0.6705,0.6734,0.685,0.6734,0.6821,0.6792,0.685,0.6705,0.678
334,0.685,0.6705,0.685,0.6821,0.6705,0.6734,0.6821,0.6734,0.6792,0.6792,0.685,0.6705,0.678
335,0.685,0.6705,0.6821,0.6821,0.6705,0.6734,0.685,0.6734,0.6792,0.6792,0.685,0.6705,0.678
336,0.6821,0.6734,0.6821,0.6821,0.6705,0.6734,0.6821,0.6734,0.6792,0.6792,0.6821,0.6705,0.6778
337,0.6821,0.6705,0.6821,0.6821,0.6705,0.6734,0.6821,0.6734,0.6792,0.6792,0.6821,0.6705,0.6775
338,0.6821,0.6705,0.6821,0.6821,0.6705,0.6734,0.6821,0.6734,0.6821,0.6792,0.6821,0.6705,0.6778
339,0.6821,0.6705,0.6821,0.6821,0.6705,0.6734,0.6821,0.6734,0.6792,0.6792,0.6821,0.6705,0.6775
340,0.6821,0.6705,0.6821,0.6821,0.6705,0.6763,0.6821,0.6734,0.6821,0.6821,0.6821,0.6705,0.6783
341,0.6821,0.6705,0.6821,0.6821,0.6705,0.6734,0.6821,0.6734,0.6792,0.6792,0.6821,0.6705,0.6775
342,0.6821,0.6705,0.6821,0.685,0.6705,0.6734,0.6821,0.6734,0.6792,0.6792,0.685,0.6705,0.6777
343,0.6821,0.6705,0.6821,0.685,0.6705,0.6734,0.6821,0.6734,0.6792,0.6792,0.685,0.6705,0.6777
344,0.6821,0.6734,0.6821,0.685,0.6705,0.6734,0.6821,0.6734,0.6792,0.6792,0.685,0.6705,0.678
345,0.6821,0.6705,0.6821,0.6821,0.6705,0.6734,0.6821,0.6734,0.6792,0.6792,0.6821,0.6705,0.6775
346,0.6821,0.6705,0.6821,0.6821,0.6705,0.6734,0.6821,0.6763,0.6792,0.6821,0.6821,0.6705,0.678
347,0.6821,0.6705,0.6821,0.6821,0.6705,0.6734,0.6821,0.6734,0.6792,0.6792,0.6821,0.6705,0.6775
348,0.6821,0.6705,0.6821,0.6821,0.6705,0.6734,0.6821,0.6734,0.6792,0.6792,0.6821,0.6705,0.6775
349,0.6821,0.6734,0.685,0.6821,0.6705,0.6734,0.685,0.6734,0.6792,0.6792,0.685,0.6705,0.6783
350,0.6821,0.6705,0.6821,0.6821,0.6705,0.6734,0.685,0.6734,0.6792,0.6821,0.685,0.6705,0.678
351,0.6821,0.6705,0.6821,0.6821,0.6705,0.6734,0.685,0.6734,0.6792,0.6821,0.685,0.6705,0.678
352,0.6821,0.6705,0.685,0.6821,0.6705,0.6734,0.685,0.6763,0.6792,0.6792,0.685,0.6705,0.6783
353,0.6821,0.6705,0.6821,0.6821,0.6705,0.6734,0.6821,0.6734,0.6792,0.6792,0.6821,0.6705,0.6775
354,0.6821,0.6734,0.6821,0.6821,0.6705,0.6734,0.685,0.6763,0.6792,0.6792,0.685,0.6705,0.6783
355,0.6821,0.6705,0.6821,0.6821,0.6705,0.6734,0.6821,0.6734,0.6821,0.6792,0.6821,0.6705,0.6778
356,0.6821,0.6734,0.6821,0.6821,0.6705,0.6734,0.685,0.6734,0.6792,0.6792,0.685,0.6705,0.678
357,0.6821,0.6734,0.685,0.6821,0.6705,0.6734,0.6821,0.6734,0.6792,0.6792,0.685,0.6705,0.678
358,0.6821,0.6705,0.6821,0.6821,0.6705,0.6734,0.6821,0.6734,0.6792,0.6792,0.6821,0.6705,0.6775
359,0.6821,0.6705,0.6821,0.6821,0.6705,0.6734,0.6821,0.6734,0.6792,0.6792,0.6821,0.6705,0.6775
360,0.6821,0.6705,0.6821,0.6821,0.6705,0.6734,0.6821,0.6734,0.6792,0.6792,0.6821,0.6705,0.6775
361,0.6821,0.6705,0.6821,0.6821,0.6705,0.6734,0.6821,0.6734,0.6792,0.6792,0.6821,0.6705,0.6775
362,0.6821,0.6705,0.6821,0.6821,0.6705,0.6763,0.6821,0.6734,0.6821,0.6792,0.6821,0.6705,0.678
363,0.6821,0.6734,0.6821,0.685,0.6705,0.6734,0.6821,0.6734,0.6821,0.6792,0.685,0.6705,0.6783
364,0.6821,0.6705,0.6821,0.685,0.6705,0.6734,0.6821,0.6734,0.6792,0.6792,0.685,0.6705,0.6777
365,0.6821,0.6705,0.6821,0.6821,0.6705,0.6734,0.685,0.6734,0.6821,0.6792,0.685,0.6705,0.678
366,0.6821,0.6734,0.6821,0.6821,0.6734,0.6734,0.685,0.6734,0.6792,0.6792,0.685,0.6734,0.6783
367,0.685,0.6705,0.6821,0.6821,0.6734,0.6734,0.6821,0.6734,0.6792,0.6792,0.685,0.6705,0.678
368,0.6821,0.6705,0.6821,0.6821,0.6734,0.6734,0.6821,0.6734,0.6792,0.6792,0.6821,0.6705,0.6777
369,0.6821,0.6705,0.6821,0.6821,0.6734,0.6734,0.6821,0.6734,0.6792,0.6792,0.6821,0.6705,0.6777
370,0.6821,0.6705,0.6821,0.6821,0.6734,0.6734,0.6821,0.6734,0.6792,0.6792,0.6821,0.6705,0.6777
371,0.6821,0.6705,0.6821,0.6821,0.6763,0.6734,0.6821,0.6734,0.6792,0.6792,0.6821,0.6705,0.678
372,0.6821,0.6705,0.6821,0.6821,0.6734,0.6734,0.6821,0.6763,0.6792,0.6792,0.6821,0.6705,0.678
373,0.6821,0.6705,0.6821,0.685,0.6763,0.6763,0.6821,0.6734,0.6792,0.6821,0.685,0.6705,0.6789
374,0.6821,0.6705,0.685,0.6821,0.6734,0.6734,0.6821,0.6734,0.6792,0.6792,0.685,0.6705,0.678
375,0.6821,0.6705,0.6821,0.685,0.6734,0.6763,0.6821,0.6734,0.6792,0.6821,0.685,0.6705,0.6786
376,0.6821,0.6705,0.685,0.6821,0.6734,0.6734,0.6821,0.6734,0.6792,0.6792,0.685,0.6705,0.678
377,0.685,0.6705,0.6821,0.6821,0.6763,0.6734,0.685,0.6734,0.6821,0.6792,0.685,0.6705,0.6789
378,0.6821,0.6705,0.6821,0.6821,0.6734,0.6734,0.6821,0.6734,0.6821,0.6792,0.6821,0.6705,0.678
379,0.6821,0.6705,0.6821,0.6821,0.6734,0.6734,0.6821,0.6734,0.6792,0.6792,0.6821,0.6705,0.6777
380,0.6821,0.6705,0.6821,0.6821,0.6734,0.6763,0.6821,0.6763,0.6792,0.6792,0.6821,0.6705,0.6783
381,0.6821,0.6705,0.6821,0.685,0.6734,0.6734,0.6821,0.6734,0.6792,0.6792,0.685,0.6705,0.678
382,0.6821,0.6705,0.6821,0.6821,0.6734,0.6734,0.6821,0.6734,0.6792,0.6792,0.6821,0.6705,0.6777
383,0.6821,0.6734,0.6821,0.6821,0.6734,0.6734,0.6821,0.6734,0.6821,0.6821,0.6821,0.6734,0.6786
384,0.685,0.6705,0.6821,0.6821,0.6763,0.6734,0.6821,0.6734,0.6792,0.6792,0.685,0.6705,0.6783
385,0.6821,0.6705,0.6821,0.6821,0.6734,0.6734,0.6821,0.6734,0.6792,0.6792,0.6821,0.6705,0.6777
386,0.6821,0.6705,0.685,0.6821,0.6734,0.6734,0.6821,0.6734,0.6792,0.6792,0.685,0.6705,0.678
387,0.6821,0.6705,0.6821,0.685,0.6734,0.6734,0.6821,0.6734,0.6792,0.6792,0.685,0.6705,0.678
388,0.6821,0.6705,0.685,0.685,0.6734,0.6734,0.6821,0.6734,0.6792,0.6792,0.685,0.6705,0.6783
389,0.6821,0.6705,0.6821,0.685,0.6734,0.6763,0.6821,0.6734,0.6792,0.6792,0.685,0.6705,0.6783
390,0.685,0.6705,0.6821,0.6821,0.6734,0.6734,0.6821,0.6734,0.6792,0.6792,0.685,0.6705,0.678
391,0.6821,0.6705,0.6821,0.6821,0.6734,0.6734,0.6821,0.6734,0.6792,0.6792,0.6821,0.6705,0.6777
392,0.6821,0.6705,0.6821,0.6821,0.6763,0.6734,0.685,0.6734,0.6792,0.6792,0.685,0.6705,0.6783
393,0.6821,0.6705,0.6821,0.6821,0.6734,0.6734,0.6821,0.6734,0.6792,0.6792,0.6821,0.6705,0.6777
394,0.6821,0.6734,0.6821,0.6821,0.6763,0.6734,0.685,0.6734,0.6792,0.6792,0.685,0.6734,0.6786
395,0.6821,0.6705,0.6821,0.685,0.6763,0.6734,0.685,0.6734,0.6792,0.6792,0.685,0.6705,0.6786
396,0.6821,0.6705,0.6821,0.6821,0.6734,0.6734,0.6821,0.6734,0.6792,0.6821,0.6821,0.6705,0.678
397,0.685,0.6705,0.6821,0.6821,0.6734,0.6763,0.6821,0.6734,0.6792,0.6792,0.685,0.6705,0.6783
398,0.6821,0.6705,0.6821,0.6821,0.6734,0.6763,0.6821,0.6734,0.6792,0.6821,0.6821,0.6705,0.6783
399,0.6821,0.6705,0.6821,0.6821,0.6734,0.6734,0.6821,0.6763,0.6821,0.6792,0.6821,0.6705,0.6783
400,0.6821,0.6705,0.6821,0.6821,0.6734,0.6734,0.685,0.6734,0.6821,0.6792,0.685,0.6705,0.6783
401,0.6821,0.6734,0.6821,0.6821,0.6734,0.6763,0.6821,0.6734,0.6792,0.6792,0.6821,0.6734,0.6783
402,0.6821,0.6705,0.6821,0.6821,0.6734,0.6734,0.6821,0.6734,0.6792,0.6821,0.6821,0.6705,0.678
403,0.6821,0.6705,0.6821,0.6821,0.6763,0.6734,0.6821,0.6734,0.6792,0.6792,0.6821,0.6705,0.678
404,0.6821,0.6705,0.6821,0.6821,0.6763,0.6734,0.6821,0.6734,0.6792,0.6792,0.6821,0.6705,0.678
405,0.6821,0.6734,0.6821,0.6821,0.6734,0.6734,0.685,0.6734,0.6821,0.6792,0.685,0.6734,0.6786
406,0.685,0.6705,0.6821,0.6821,0.6734,0.6734,0.6821,0.6734,0.6792,0.6821,0.685,0.6705,0.6783
407,0.6821,0.6705,0.685,0.6821,0.6734,0.6734,0.6821,0.6734,0.6792,0.6821,0.685,0.6705,0.6783
408,0.6821,0.6705,0.6821,0.6821,0.6734,0.6734,0.6821,0.6734,0.6792,0.6792,0.6821,0.6705,0.6777
409,0.6821,0.6705,0.6821,0.6821,0.6734,0.6734,0.685,0.6734,0.6792,0.6792,0.685,0.6705,0.678
410,0.685,0.6705,0.685,0.6821,0.6734,0.6763,0.6821,0.6734,0.6792,0.6792,0.685,0.6705,0.6786
411,0.6821,0.6705,0.6821,0.6821,0.6734,0.6734,0.6821,0.6734,0.6792,0.6792,0.6821,0.6705,0.6777
412,0.6821,0.6705,0.6821,0.6821,0.6734,0.6734,0.6821,0.6734,0.6821,0.6792,0.6821,0.6705,0.678
413,0.6821,0.6705,0.685,0.6821,0.6734,0.6734,0.6821,0.6734,0.6792,0.6792,0.685,0.6705,0.678
414,0.6821,0.6705,0.6821,0.6821,0.6734,0.6734,0.685,0.6734,0.6792,0.6792,0.685,0.6705,0.678
415,0.6821,0.6705,0.6821,0.685,0.6734,0.6734,0.6821,0.6734,0.6792,0.6792,0.685,0.6705,0.678
416,0.685,0.6705,0.6821,0.685,0.6763,0.6734,0.6821,0.6734,0.6792,0.6792,0.685,0.6705,0.6786
417,0.6821,0.6705,0.6821,0.6821,0.6734,0.6734,0.685,0.6734,0.6792,0.6792,0.685,0.6705,0.678
418,0.6821,0.6705,0.6821,0.6821,0.6734,0.6734,0.685,0.6734,0.6792,0.6792,0.685,0.6705,0.678
419,0.685,0.6734,0.6821,0.6821,0.6734,0.6734,0.6821,0.6734,0.6792,0.6792,0.685,0.6734,0.6783
420,0.6821,0.6705,0.685,0.685,0.6734,0.6734,0.685,0.6734,0.6792,0.6792,0.685,0.6705,0.6786
421,0.6821,0.6705,0.6821,0.6821,0.6734,0.6734,0.6821,0.6763,0.6821,0.6792,0.6821,0.6705,0.6783
422,0.6821,0.6705,0.6821,0.6821,0.6763,0.6734,0.6821,0.6763,0.6792,0.6792,0.6821,0.6705,0.6783
423,0.6821,0.6705,0.6821,0.6821,0.6734,0.6734,0.685,0.6734,0.6792,0.6792,0.685,0.6705,0.678
424,0.6821,0.6705,0.6821,0.6821,0.6734,0.6734,0.6821,0.6734,0.6792,0.6792,0.6821,0.6705,0.6777
425,0.6821,0.6705,0.6821,0.685,0.6734,0.6734,0.6821,0.6734,0.6792,0.6792,0.685,0.6705,0.678
426,0.6821,0.6705,0.6821,0.6821,0.6734,0.6734,0.6821,0.6734,0.6792,0.6792,0.6821,0.6705,0.6777
427,0.6821,0.6734,0.6821,0.6821,0.6734,0.6734,0.6821,0.6792,0.6792,0.6792,0.6821,0.6734,0.6786
428,0.6821,0.6705,0.6821,0.6821,0.6734,0.6734,0.6821,0.6792,0.6792,0.6792,0.6821,0.6705,0.6783
429,0.6821,0.6705,0.6821,0.6821,0.6734,0.6734,0.6821,0.6792,0.6792,0.6821,0.6821,0.6705,0.6786
430,0.6821,0.6705,0.6821,0.6821,0.6734,0.6734,0.6821,0.6792,0.6792,0.6792,0.6821,0.6705,0.6783
431,0.6821,0.6705,0.6821,0.6821,0.6734,0.6734,0.6821,0.6792,0.6792,0.6792,0.6821,0.6705,0.6783
432,0.6821,0.6734,0.6821,0.6821,0.6734,0.6734,0.6821,0.6792,0.6792,0.6821,0.6821,0.6734,0.6789
433,0.6821,0.6705,0.6821,0.6821,0.6734,0.6734,0.6821,0.6821,0.6792,0.6792,0.6821,0.6705,0.6786
434,0.6821,0.6705,0.6821,0.6821,0.6734,0.6734,0.6821,0.6792,0.6821,0.6792,0.6821,0.6705,0.6786
435,0.6821,0.6705,0.6821,0.6821,0.6734,0.6734,0.6821,0.6792,0.6792,0.6821,0.6821,0.6705,0.6786
436,0.685,0.6705,0.6821,0.6821,0.6734,0.6734,0.685,0.6792,0.6792,0.6792,0.685,0.6705,0.6789
437,0.6821,0.6705,0.6821,0.6821,0.6734,0.6734,0.6821,0.6792,0.6792,0.6821,0.6821,0.6705,0.6786
438,0.685,0.6705,0.6821,0.6821,0.6734,0.6734,0.6821,0.6821,0.6792,0.6821,0.685,0.6705,0.6792
439,0.6821,0.6705,0.6821,0.6821,0.6734,0.6734,0.6821,0.6792,0.6821,0.6792,0.6821,0.6705,0.6786
440,0.6821,0.6705,0.6821,0.6821,0.6734,0.6734,0.6821,0.6792,0.6792,0.6792,0.6821,0.6705,0.6783
441,0.6821,0.6705,0.6821,0.6821,0.6734,0.6734,0.685,0.6792,0.6792,0.6792,0.685,0.6705,0.6786
442,0.6821,0.6705,0.6821,0.6821,0.6734,0.6763,0.685,0.6792,0.6792,0.6792,0.685,0.6705,0.6789
443,0.6821,0.6705,0.6821,0.6821,0.6763,0.6734,0.6821,0.6792,0.6792,0.6792,0.6821,0.6705,0.6786
444,0.6821,0.6734,0.6821,0.6821,0.6763,0.6734,0.6821,0.6792,0.6792,0.6792,0.6821,0.6734,0.6789
445,0.6821,0.6705,0.6821,0.6821,0.6734,0.6734,0.685,0.6792,0.6792,0.6792,0.685,0.6705,0.6786
446,0.6821,0.6705,0.6821,0.685,0.6763,0.6734,0.6821,0.6792,0.6792,0.6792,0.685,0.6705,0.6789
447,0.6821,0.6705,0.6821,0.6821,0.6734,0.6734,0.6821,0.6792,0.6792,0.6792,0.6821,0.6705,0.6783
448,0.685,0.6705,0.685,0.6821,0.6734,0.6734,0.6821,0.6821,0.6792,0.6792,0.685,0.6705,0.6792
449,0.6821,0.6705,0.6821,0.685,0.6763,0.6734,0.6821,0.6792,0.6821,0.6792,0.685,0.6705,0.6792
450,0.6821,0.6705,0.6821,0.6821,0.6734,0.6763,0.6821,0.6792,0.6792,0.6792,0.6821,0.6705,0.6786
451,0.6821,0.6705,0.6821,0.6821,0.6734,0.6734,0.6821,0.6792,0.6792,0.6792,0.6821,0.6705,0.6783
452,0.685,0.6705,0.6821,0.6821,0.6734,0.6763,0.6821,0.6792,0.6792,0.6792,0.685,0.6705,0.6789
453,0.6821,0.6705,0.6821,0.6821,0.6734,0.6734,0.6821,0.6821,0.6792,0.6792,0.6821,0.6705,0.6786
454,0.6821,0.6705,0.685,0.685,0.6734,0.6734,0.6821,0.6792,0.6792,0.6792,0.685,0.6705,0.6789
455,0.6821,0.6705,0.6821,0.6821,0.6734,0.6734,0.6821,0.6792,0.6792,0.6821,0.6821,0.6705,0.6786
456,0.6821,0.6705,0.6821,0.6821,0.6763,0.6734,0.6821,0.6821,0.6792,0.6792,0.6821,0.6705,0.6789
457,0.6821,0.6705,0.6821,0.6821,0.6734,0.6734,0.6821,0.6792,0.6792,0.6792,0.6821,0.6705,0.6783
458,0.6821,0.6734,0.6821,0.6821,0.6734,0.6734,0.6821,0.6792,0.6792,0.6792,0.6821,0.6734,0.6786
459,0.6821,0.6705,0.6821,0.685,0.6734,0.6734,0.6821,0.6792,0.6792,0.6792,0.685,0.6705,0.6786
460,0.6821,0.6705,0.6821,0.685,0.6734,0.6734,0.685,0.6821,0.6792,0.6792,0.685,0.6705,0.6792
461,0.6821,0.6705,0.685,0.6821,0.6763,0.6763,0.685,0.6792,0.6821,0.6792,0.685,0.6705,0.6798
462,0.6821,0.6705,0.6821,0.6821,0.6734,0.6734,0.6821,0.6792,0.6792,0.6792,0.6821,0.6705,0.6783
463,0.6821,0.6705,0.6821,0.6821,0.6734,0.6734,0.6821,0.6792,0.6792,0.6821,0.6821,0.6705,0.6786
464,0.685,0.6705,0.6821,0.685,0.6734,0.6734,0.685,0.6792,0.6792,0.6792,0.685,0.6705,0.6792
465,0.6821,0.6705,0.6821,0.6821,0.6734,0.6734,0.6821,0.6792,0.6792,0.6792,0.6821,0.6705,0.6783
466,0.6821,0.6705,0.6821,0.685,0.6734,0.6734,0.6821,0.6792,0.6792,0.6792,0.685,0.6705,0.6786
467,0.685,0.6705,0.6821,0.6821,0.6734,0.6734,0.6821,0.6792,0.6792,0.6792,0.685,0.6705,0.6786
468,0.6821,0.6705,0.6821,0.6821,0.6763,0.6763,0.6821,0.6792,0.6792,0.6792,0.6821,0.6705,0.6789
469,0.6821,0.6734,0.6821,0.6821,0.6734,0.6734,0.685,0.6792,0.6792,0.6792,0.685,0.6734,0.6789
470,0.685,0.6705,0.6821,0.6821,0.6734,0.6734,0.6821,0.6821,0.6821,0.6792,0.685,0.6705,0.6792
471,0.6821,0.6705,0.6821,0.6821,0.6734,0.6734,0.6821,0.6792,0.6792,0.6821,0.6821,0.6705,0.6786
472,0.6821,0.6705,0.685,0.6821,0.6734,0.6734,0.6821,0.6792,0.6821,0.6792,0.685,0.6705,0.6789
473,0.6821,0.6705,0.685,0.6821,0.6734,0.6734,0.6821,0.6821,0.6792,0.6792,0.685,0.6705,0.6789
474,0.685,0.6705,0.6821,0.6821,0.6734,0.6734,0.6821,0.6792,0.6792,0.6792,0.685,0.6705,0.6786
475,0.6821,0.6734,0.6821,0.6821,0.6734,0.6763,0.6821,0.6792,0.6792,0.6792,0.6821,0.6734,0.6789
476,0.6821,0.6705,0.6821,0.6821,0.6734,0.6734,0.6821,0.6792,0.6821,0.6792,0.6821,0.6705,0.6786
477,0.6821,0.6705,0.6821,0.6821,0.6734,0.6734,0.6821,0.6792,0.6792,0.6792,0.6821,0.6705,0.6783
478,0.6821,0.6734,0.685,0.685,0.6734,0.6734,0.6821,0.6792,0.6792,0.6792,0.685,0.6734,0.6792
479,0.6821,0.6705,0.6821,0.6821,0.6734,0.6734,0.6821,0.6792,0.6792,0.6792,0.6821,0.6705,0.6783
480,0.685,0.6705,0.6821,0.6821,0.6734,0.6734,0.6821,0.6792,0.6821,0.6792,0.685,0.6705,0.6789
481,0.6821,0.6705,0.6821,0.685,0.6734,0.6734,0.6821,0.6792,0.6792,0.6792,0.685,0.6705,0.6786
482,0.6821,0.6705,0.685,0.685,0.6734,0.6734,0.6821,0.6792,0.6821,0.6792,0.685,0.6705,0.6792
483,0.6821,0.6705,0.6821,0.6821,0.6734,0.6734,0.6821,0.6792,0.6821,0.6792,0.6821,0.6705,0.6786
484,0.685,0.6705,0.6821,0.6821,0.6734,0.6734,0.6821,0.6792,0.685,0.6792,0.685,0.6705,0.6792
485,0.6821,0.6705,0.6821,0.6821,0.6734,0.6734,0.6821,0.6792,0.685,0.6792,0.685,0.6705,0.6789
486,0.6821,0.6734,0.6821,0.6821,0.6734,0.6734,0.6821,0.6792,0.6821,0.6792,0.6821,0.6734,0.6789
487,0.6821,0.6734,0.6821,0.685,0.6734,0.6734,0.6821,0.6821,0.6821,0.6792,0.685,0.6734,0.6795
488,0.6821,0.6734,0.6821,0.6821,0.6734,0.6734,0.685,0.6792,0.6821,0.6792,0.685,0.6734,0.6792
489,0.6821,0.6734,0.6821,0.6821,0.6734,0.6734,0.6821,0.6792,0.6821,0.6821,0.6821,0.6734,0.6792
490,0.685,0.6734,0.6821,0.6821,0.6734,0.6734,0.685,0.6792,0.685,0.6792,0.685,0.6734,0.6798
491,0.6821,0.6734,0.685,0.6821,0.6734,0.6734,0.6821,0.6792,0.6821,0.6792,0.685,0.6734,0.6792
492,0.6821,0.6734,0.6821,0.6821,0.6734,0.6763,0.685,0.6792,0.6821,0.6821,0.685,0.6734,0.6798
493,0.6821,0.6734,0.6821,0.685,0.6734,0.6734,0.6821,0.6792,0.6821,0.6792,0.685,0.6734,0.6792
494,0.6821,0.6734,0.6821,0.6821,0.6734,0.6734,0.6821,0.6821,0.6821,0.6792,0.6821,0.6734,0.6792
495,0.6821,0.6763,0.685,0.6821,0.6734,0.6734,0.685,0.6792,0.6821,0.6792,0.685,0.6734,0.6798
496,0.6821,0.6734,0.6821,0.6821,0.6734,0.6734,0.6821,0.6792,0.6821,0.6792,0.6821,0.6734,0.6789
497,0.6821,0.6734,0.6821,0.685,0.6763,0.6734,0.6821,0.6792,0.685,0.6792,0.685,0.6734,0.6798
498,0.685,0.6734,0.685,0.6821,0.6734,0.6734,0.6821,0.6792,0.6821,0.6792,0.685,0.6734,0.6795
499,0.6821,0.6763,0.6821,0.6821,0.6734,0.6734,0.6821,0.6792,0.6821,0.6792,0.6821,0.6734,0.6792
500,0.685,0.6734,0.6821,0.6821,0.6734,0.6734,0.6821,0.6792,0.6821,0.6792,0.685,0.6734,0.6792
501,0.685,0.6734,0.6821,0.6821,0.6734,0.6734,0.6821,0.6792,0.685,0.6792,0.685,0.6734,0.6795
502,0.6821,0.6763,0.6821,0.6821,0.6734,0.6763,0.6821,0.6792,0.6821,0.6792,0.6821,0.6734,0.6795
503,0.6821,0.6734,0.6821,0.6821,0.6734,0.6763,0.6821,0.6792,0.6821,0.6821,0.6821,0.6734,0.6795
504,0.6821,0.6734,0.6821,0.685,0.6734,0.6734,0.6821,0.6792,0.6821,0.6792,0.685,0.6734,0.6792
505,0.6821,0.6734,0.6821,0.6821,0.6734,0.6734,0.6821,0.6792,0.6821,0.6792,0.6821,0.6734,0.6789
506,0.6821,0.6734,0.6821,0.6821,0.6734,0.6734,0.6821,0.6792,0.685,0.6792,0.685,0.6734,0.6792
507,0.6821,0.6734,0.6821,0.6821,0.6734,0.6734,0.685,0.6792,0.6821,0.6792,0.685,0.6734,0.6792
508,0.6821,0.6734,0.6821,0.685,0.6734,0.6734,0.685,0.6792,0.685,0.6821,0.685,0.6734,0.6801
509,0.6821,0.6734,0.6821,0.685,0.6734,0.6763,0.6821,0.6792,0.6821,0.6792,0.685,0.6734,0.6795
510,0.6821,0.6734,0.6821,0.685,0.6734,0.6763,0.6821,0.6792,0.6821,0.6792,0.685,0.6734,0.6795
511,0.6821,0.6734,0.6821,0.6821,0.6734,0.6734,0.6821,0.6792,0.6821,0.6792,0.6821,0.6734,0.6789
512,0.6821,0.6763,0.6821,0.6821,0.6734,0.6734,0.6821,0.6792,0.6821,0.6792,0.6821,0.6734,0.6792
513,0.6821,0.6734,0.6821,0.6821,0.6734,0.6734,0.6821,0.6792,0.6821,0.6821,0.6821,0.6734,0.6792
514,0.6821,0.6734,0.6821,0.6821,0.6734,0.6763,0.6821,0.6792,0.6821,0.6792,0.6821,0.6734,0.6792
515,0.6821,0.6734,0.6821,0.6821,0.6734,0.6734,0.6821,0.6792,0.6821,0.6792,0.6821,0.6734,0.6789
516,0.6821,0.6734,0.6821,0.6821,0.6734,0.6734,0.685,0.6792,0.6821,0.6792,0.685,0.6734,0.6792
517,0.6821,0.6734,0.6821,0.6821,0.6734,0.6734,0.6821,0.6792,0.6821,0.6792,0.6821,0.6734,0.6789
518,0.6821,0.6734,0.6821,0.6821,0.6734,0.6763,0.6821,0.6792,0.6821,0.6821,0.6821,0.6734,0.6795
519,0.6821,0.6734,0.685,0.6821,0.6734,0.6734,0.6821,0.6792,0.6821,0.6792,0.685,0.6734,0.6792
520,0.6821,0.6734,0.6821,0.6821,0.6734,0.6734,0.6821,0.6821,0.6821,0.6792,0.6821,0.6734,0.6792
521,0.6821,0.6734,0.685,0.6821,0.6734,0.6734,0.6821,0.6792,0.685,0.6792,0.685,0.6734,0.6795
522,0.6821,0.6734,0.6821,0.6821,0.6734,0.6734,0.6821,0.6792,0.685,0.6792,0.685,0.6734,0.6792
523,0.6821,0.6734,0.6821,0.6821,0.6734,0.6763,0.6821,0.6792,0.6821,0.6792,0.6821,0.6734,0.6792
524,0.6821,0.6734,0.6821,0.6821,0.6734,0.6734,0.6821,0.6792,0.6821,0.6792,0.6821,0.6734,0.6789
525,0.6821,0.6734,0.685,0.6821,0.6734,0.6734,0.685,0.6792,0.6821,0.6792,0.685,0.6734,0.6795
526,0.6821,0.6734,0.6821,0.685,0.6734,0.6734,0.6821,0.6792,0.6821,0.6792,0.685,0.6734,0.6792
527,0.6821,0.6734,0.6821,0.6821,0.6734,0.6734,0.6821,0.6821,0.6821,0.6792,0.6821,0.6734,0.6792
528,0.6821,0.6734,0.6821,0.6821,0.6734,0.6763,0.6821,0.6821,0.6821,0.6792,0.6821,0.6734,0.6795
529,0.6821,0.6763,0.685,0.6821,0.6734,0.6763,0.6821,0.6792,0.685,0.6792,0.685,0.6734,0.6801
530,0.6821,0.6763,0.6821,0.6821,0.6734,0.6763,0.685,0.6821,0.6821,0.6792,0.685,0.6734,0.6801
531,0.6821,0.6734,0.6821,0.6821,0.6734,0.6763,0.6821,0.6792,0.6821,0.6792,0.6821,0.6734,0.6792
532,0.6821,0.6734,0.6821,0.6821,0.6734,0.6763,0.6821,0.6821,0.6821,0.6792,0.6821,0.6734,0.6795
533,0.6821,0.6763,0.6821,0.6821,0.6734,0.6763,0.6821,0.6792,0.685,0.6792,0.685,0.6734,0.6798
534,0.6821,0.6734,0.6821,0.6821,0.6734,0.6763,0.6821,0.6792,0.6821,0.6792,0.6821,0.6734,0.6792
535,0.6821,0.6734,0.6821,0.6821,0.6763,0.6763,0.6821,0.6821,0.6821,0.6792,0.6821,0.6734,0.6798
536,0.6821,0.6734,0.6821,0.685,0.6734,0.6792,0.6821,0.6792,0.685,0.6792,0.685,0.6734,0.6801
537,0.6821,0.6734,0.6821,0.6821,0.6763,0.6763,0.6821,0.6792,0.6821,0.6792,0.6821,0.6734,0.6795
538,0.6821,0.6734,0.6821,0.6821,0.6734,0.6763,0.6821,0.6792,0.6821,0.6792,0.6821,0.6734,0.6792
539,0.6821,0.6734,0.6821,0.685,0.6734,0.6792,0.6821,0.6792,0.6821,0.6792,0.685,0.6734,0.6798
540,0.6821,0.6763,0.6821,0.685,0.6734,0.6763,0.6821,0.6792,0.6821,0.6792,0.685,0.6734,0.6798
541,0.6821,0.6734,0.6821,0.685,0.6734,0.6763,0.6821,0.6821,0.6821,0.6792,0.685,0.6734,0.6798
542,0.685,0.6734,0.6821,0.6821,0.6734,0.6763,0.6821,0.6792,0.6821,0.6792,0.685,0.6734,0.6795
543,0.6821,0.6763,0.6821,0.6821,0.6734,0.6763,0.6821,0.6792,0.6821,0.6792,0.6821,0.6734,0.6795
544,0.6821,0.6734,0.6821,0.6821,0.6734,0.6763,0.6821,0.6792,0.6821,0.6792,0.6821,0.6734,0.6792
545,0.6821,0.6734,0.6821,0.6821,0.6734,0.6763,0.685,0.6792,0.6821,0.6792,0.685,0.6734,0.6795
546,0.6821,0.6734,0.6821,0.685,0.6734,0.6763,0.685,0.6792,0.6821,0.6792,0.685,0.6734,0.6798
547,0.6821,0.6734,0.685,0.685,0.6734,0.6763,0.685,0.6792,0.6821,0.6792,0.685,0.6734,0.6801
548,0.6821,0.6734,0.6821,0.685,0.6734,0.6763,0.6821,0.6792,0.685,0.6821,0.685,0.6734,0.6801
549,0.685,0.6763,0.6821,0.6821,0.6734,0.6792,0.685,0.6792,0.6821,0.6792,0.685,0.6734,0.6804
550,0.6821,0.6734,0.6821,0.685,0.6734,0.6763,0.6821,0.6792,0.6821,0.6792,0.685,0.6734,0.6795
551,0.6821,0.6734,0.6821,0.6821,0.6734,0.6763,0.6821,0.6821,0.6821,0.6792,0.6821,0.6734,0.6795
552,0.6821,0.6734,0.6821,0.6821,0.6734,0.6763,0.685,0.6792,0.6821,0.6792,0.685,0.6734,0.6795
553,0.6821,0.6734,0.685,0.685,0.6734,0.6763,0.6821,0.6792,0.6821,0.6792,0.685,0.6734,0.6798
554,0.6821,0.6763,0.6821,0.6821,0.6734,0.6763,0.6821,0.6792,0.6821,0.6792,0.6821,0.6734,0.6795
555,0.6821,0.6734,0.6821,0.685,0.6734,0.6763,0.685,0.6792,0.685,0.6792,0.685,0.6734,0.6801
556,0.6821,0.6734,0.685,0.685,0.6734,0.6763,0.6821,0.6792,0.685,0.6792,0.685,0.6734,0.6801
557,0.6821,0.6734,0.685,0.6821,0.6734,0.6763,0.6821,0.6792,0.6821,0.6792,0.685,0.6734,0.6795
558,0.6821,0.6734,0.6821,0.6821,0.6734,0.6763,0.685,0.6792,0.6821,0.6792,0.685,0.6734,0.6795
559,0.6821,0.6734,0.6821,0.6821,0.6734,0.6763,0.6821,0.6792,0.6821,0.6792,0.6821,0.6734,0.6792
560,0.6821,0.6734,0.685,0.685,0.6763,0.6792,0.6821,0.6792,0.6821,0.6792,0.685,0.6734,0.6804
561,0.6821,0.6734,0.6821,0.6821,0.6734,0.6763,0.685,0.6792,0.685,0.6821,0.685,0.6734,0.6801
562,0.6821,0.6763,0.6821,0.685,0.6734,0.6763,0.685,0.6792,0.6821,0.6792,0.685,0.6734,0.6801
563,0.6821,0.6734,0.6821,0.6821,0.6734,0.6792,0.6821,0.6792,0.6821,0.6792,0.6821,0.6734,0.6795
564,0.685,0.6734,0.6821,0.6821,0.6734,0.6792,0.6821,0.6792,0.6821,0.6792,0.685,0.6734,0.6798
565,0.6821,0.6734,0.6821,0.6821,0.6734,0.6763,0.685,0.6792,0.6821,0.6792,0.685,0.6734,0.6795
566,0.6821,0.6734,0.6821,0.6821,0.6734,0.6763,0.685,0.6792,0.6821,0.6792,0.685,0.6734,0.6795
567,0.6821,0.6734,0.6821,0.6821,0.6734,0.6763,0.6821,0.6792,0.6821,0.6792,0.6821,0.6734,0.6792
568,0.6821,0.6734,0.6821,0.6821,0.6734,0.6763,0.685,0.6792,0.685,0.6792,0.685,0.6734,0.6798
569,0.685,0.6734,0.6821,0.685,0.6734,0.6763,0.6821,0.6792,0.6821,0.6792,0.685,0.6734,0.6798
570,0.6821,0.6734,0.6821,0.685,0.6734,0.6792,0.6821,0.6792,0.6821,0.6792,0.685,0.6734,0.6798
571,0.6821,0.6734,0.6821,0.6821,0.6734,0.6763,0.6821,0.6792,0.6821,0.6792,0.6821,0.6734,0.6792
572,0.6821,0.6734,0.6821,0.6821,0.6734,0.6763,0.6821,0.6792,0.6821,0.6821,0.6821,0.6734,0.6795
573,0.6821,0.6734,0.6821,0.6821,0.6734,0.6763,0.685,0.6792,0.6821,0.6792,0.685,0.6734,0.6795
574,0.6821,0.6734,0.685,0.6821,0.6734,0.6792,0.6821,0.6792,0.6821,0.6821,0.685,0.6734,0.6801
575,0.685,0.6734,0.6821,0.6821,0.6763,0.6792,0.6821,0.6792,0.685,0.6792,0.685,0.6734,0.6804
576,0.685,0.6763,0.6821,0.6821,0.6763,0.6763,0.6821,0.6792,0.6821,0.6792,0.685,0.6763,0.6801
577,0.685,0.6734,0.685,0.6821,0.6734,0.6792,0.6821,0.6821,0.6821,0.6792,0.685,0.6734,0.6804
578,0.6821,0.6763,0.685,0.6821,0.6734,0.6763,0.6821,0.6792,0.6821,0.6792,0.685,0.6734,0.6798
579,0.6821,0.6763,0.6821,0.6821,0.6734,0.6763,0.685,0.6792,0.6821,0.6792,0.685,0.6734,0.6798
580,0.6821,0.6734,0.685,0.6821,0.6734,0.6763,0.685,0.6792,0.6821,0.6792,0.685,0.6734,0.6798
581,0.6821,0.6734,0.6821,0.6821,0.6734,0.6763,0.6821,0.6792,0.6821,0.6821,0.6821,0.6734,0.6795
582,0.6821,0.6734,0.6821,0.6821,0.6734,0.6792,0.6821,0.6792,0.6821,0.6792,0.6821,0.6734,0.6795
583,0.6821,0.6734,0.6821,0.6821,0.6734,0.6763,0.685,0.6821,0.6821,0.6821,0.685,0.6734,0.6801
584,0.685,0.6763,0.6821,0.685,0.6734,0.6763,0.6821,0.6792,0.685,0.6821,0.685,0.6734,0.6806
585,0.6821,0.6763,0.6821,0.6821,0.6734,0.6763,0.6821,0.6792,0.6821,0.6821,0.6821,0.6734,0.6798
586,0.6821,0.6734,0.6821,0.6821,0.6734,0.6792,0.6821,0.6792,0.6821,0.6821,0.6821,0.6734,0.6798
587,0.6821,0.6734,0.685,0.685,0.6734,0.6763,0.6821,0.6792,0.6821,0.6821,0.685,0.6734,0.6801
588,0.6821,0.6734,0.6821,0.685,0.6734,0.6763,0.6821,0.6792,0.6821,0.6821,0.685,0.6734,0.6798
589,0.6821,0.6734,0.6821,0.6821,0.6734,0.6792,0.6821,0.6792,0.6821,0.6821,0.6821,0.6734,0.6798
590,0.6821,0.6734,0.6821,0.6821,0.6734,0.6763,0.685,0.6821,0.6821,0.685,0.685,0.6734,0.6804
591,0.685,0.6734,0.6821,0.6821,0.6734,0.6763,0.6821,0.6821,0.6821,0.6821,0.685,0.6734,0.6801
592,0.6821,0.685,0.6821,0.6821,0.6734,0.6763,0.685,0.6821,0.6821,0.685,0.685,0.6734,0.6815
593,0.6821,0.6821,0.685,0.6821,0.6792,0.6763,0.6821,0.685,0.6821,0.6821,0.685,0.6763,0.6818
594,0.6821,0.6821,0.6821,0.6821,0.6792,0.6792,0.6821,0.6821,0.6821,0.6821,0.6821,0.6792,0.6815
595,0.6821,0.685,0.6821,0.6821,0.6792,0.6763,0.685,0.6821,0.685,0.685,0.685,0.6763,0.6824
596,0.6821,0.6821,0.685,0.6821,0.6792,0.6763,0.6821,0.6821,0.6821,0.6821,0.685,0.6763,0.6815
597,0.6821,0.6821,0.685,0.6821,0.6792,0.6763,0.6821,0.6821,0.6821,0.6821,0.685,0.6763,0.6815
598,0.6821,0.6821,0.6821,0.6821,0.6792,0.6763,0.6821,0.6821,0.6821,0.6821,0.6821,0.6763,0.6812
599,0.6821,0.6821,0.6821,0.6821,0.6792,0.6763,0.6821,0.6821,0.6821,0.6821,0.6821,0.6763,0.6812
600,0.6821,0.6821,0.685,0.685,0.6821,0.6763,0.6821,0.6821,0.6821,0.6821,0.685,0.6763,0.6821
601,0.6821,0.6821,0.6821,0.6821,0.6792,0.6763,0.6821,0.6821,0.6821,0.6821,0.6821,0.6763,0.6812
602,0.6821,0.685,0.6821,0.6821,0.6792,0.6792,0.6821,0.6821,0.6821,0.6821,0.685,0.6792,0.6818
603,0.6821,0.6821,0.6821,0.685,0.6792,0.6763,0.6821,0.6821,0.6821,0.6821,0.685,0.6763,0.6815
604,0.6821,0.6821,0.6821,0.6821,0.6792,0.6763,0.685,0.6821,0.6821,0.6821,0.685,0.6763,0.6815
605,0.6821,0.6821,0.6821,0.6821,0.6792,0.6792,0.685,0.6821,0.6821,0.685,0.685,0.6792,0.6821
606,0.6821,0.6821,0.6821,0.6821,0.6792,0.6763,0.6821,0.6821,0.6821,0.6821,0.6821,0.6763,0.6812
607,0.6821,0.6821,0.6821,0.6821,0.6792,0.6792,0.6821,0.6821,0.6821,0.685,0.685,0.6792,0.6818
608,0.6821,0.6821,0.685,0.6821,0.6792,0.6792,0.6821,0.6821,0.6821,0.685,0.685,0.6792,0.6821
1207,0.6821,0.6821,0.685,0.6821,0.6821,0.7023,0.6821,0.6821,0.6821,0.685,0.7023,0.6821,0.6847
1208,0.6821,0.6821,0.6821,0.6821,0.6821,0.7023,0.6821,0.6821,0.6821,0.685,0.7023,0.6821,0.6844
1807,0.6821,0.6821,0.6821,0.6821,0.6821,0.7052,0.685,0.7139,0.6821,0.6821,0.7139,0.6821,0.6879
1808,0.6821,0.6821,0.6821,0.6821,0.6821,0.7052,0.685,0.7139,0.6821,0.6821,0.7139,0.6821,0.6879
2407,0.6821,0.6821,0.6821,0.6821,0.685,0.7023,0.6821,0.711,0.6821,0.6821,0.711,0.6821,0.6873
2408,0.6821,0.6821,0.6821,0.6821,0.685,0.7023,0.6821,0.711,0.6821,0.6821,0.711,0.6821,0.6873
3007,0.685,0.6821,0.6821,0.685,0.6821,0.7023,0.6821,0.711,0.6821,0.6821,0.711,0.6821,0.6876
3008,0.685,0.6821,0.6821,0.685,0.6821,0.7023,0.6821,0.711,0.6821,0.6821,0.711,0.6821,0.6876
3607,0.685,0.6821,0.6821,0.685,0.711,0.7023,0.6821,0.711,0.6821,0.685,0.711,0.6821,0.6908
3608,0.685,0.6821,0.6821,0.685,0.711,0.7023,0.6821,0.711,0.6821,0.685,0.711,0.6821,0.6908
4207,0.6821,0.685,0.6821,0.6821,0.711,0.7023,0.6821,0.711,0.6821,0.6821,0.711,0.6821,0.6902
4208,0.6821,0.685,0.6821,0.6821,0.711,0.7023,0.6821,0.711,0.6821,0.6821,0.711,0.6821,0.6902
4807,0.6821,0.6821,0.6821,0.6821,0.711,0.7023,0.6821,0.711,0.6821,0.6821,0.711,0.6821,0.6899
4808,0.6821,0.6821,0.6821,0.6821,0.711,0.7023,0.6821,0.711,0.6821,0.6821,0.711,0.6821,0.6899
5407,0.6821,0.6821,0.6821,0.6821,0.711,0.7023,0.6821,0.7139,0.6821,0.6821,0.7139,0.6821,0.6902
5408,0.6821,0.6821,0.6821,0.6821,0.711,0.7023,0.6821,0.7139,0.6821,0.6821,0.7139,0.6821,0.6902
6007,0.6821,0.6821,0.6821,0.6821,0.711,0.7052,0.6821,0.7139,0.6821,0.6821,0.7139,0.6821,0.6905
6008,0.6821,0.6821,0.6821,0.6821,0.711,0.7052,0.6821,0.7139,0.6821,0.6821,0.7139,0.6821,0.6905
6607,0.6821,0.7168,0.6821,0.6821,0.7139,0.7023,0.6821,0.7168,0.6821,0.6821,0.7168,0.6821,0.6942
6608,0.6821,0.7168,0.6821,0.6821,0.7139,0.7023,0.6821,0.7168,0.6821,0.6821,0.7168,0.6821,0.6942
7207,0.6821,0.7139,0.6821,0.6821,0.711,0.7023,0.6821,0.7139,0.6821,0.6821,0.7139,0.6821,0.6934
7208,0.6821,0.7139,0.6821,0.6821,0.711,0.7023,0.6821,0.7139,0.6821,0.6821,0.7139,0.6821,0.6934
7807,0.6821,0.7139,0.6821,0.6821,0.7139,0.7023,0.685,0.7139,0.6821,0.6821,0.7139,0.6821,0.6939
7808,0.6821,0.7139,0.6821,0.6821,0.7139,0.7023,0.685,0.7139,0.6821,0.6821,0.7139,0.6821,0.6939
8407,0.685,0.7168,0.6821,0.685,0.711,0.7023,0.6821,0.7139,0.6821,0.6821,0.7168,0.6821,0.6942
8408,0.685,0.7168,0.6821,0.685,0.711,0.7023,0.6821,0.7139,0.685,0.6821,0.7168,0.6821,0.6945
9007,0.685,0.7139,0.6821,0.685,0.7139,0.7023,0.685,0.7139,0.685,0.6821,0.7139,0.6821,0.6948
9008,0.685,0.7139,0.6821,0.685,0.7139,0.7023,0.685,0.7139,0.685,0.6821,0.7139,0.6821,0.6948
9607,0.6821,0.7168,0.6821,0.6821,0.7139,0.7052,0.6821,0.7139,0.685,0.6821,0.7168,0.6821,0.6945
9608,0.6821,0.7168,0.6821,0.6821,0.7139,0.7052,0.6821,0.7139,0.6821,0.6821,0.7168,0.6821,0.6942
10207,0.6821,0.7139,0.6821,0.6821,0.7168,0.7023,0.6821,0.7139,0.6821,0.6821,0.7168,0.6821,0.694
10208,0.6821,0.7139,0.6821,0.6821,0.7168,0.7023,0.6821,0.7139,0.685,0.6821,0.7168,0.6821,0.6942
10807,0.6821,0.7139,0.6821,0.685,0.7139,0.7052,0.6821,0.7139,0.685,0.6821,0.7139,0.6821,0.6945
10808,0.6821,0.7139,0.6821,0.685,0.7139,0.7052,0.6821,0.7139,0.6821,0.6821,0.7139,0.6821,0.6942
11407,0.6821,0.7139,0.6821,0.685,0.7139,0.7052,0.685,0.7139,0.6821,0.6821,0.7139,0.6821,0.6945
11408,0.6821,0.7139,0.685,0.685,0.7139,0.7052,0.685,0.7139,0.6821,0.6821,0.7139,0.6821,0.6948
12007,0.6821,0.7139,0.685,0.6821,0.7139,0.7139,0.6821,0.7139,0.6821,0.6821,0.7139,0.6821,0.6951
12008,0.6821,0.7139,0.685,0.6821,0.7139,0.7139,0.6821,0.7139,0.685,0.6821,0.7139,0.6821,0.6954
12607,0.6821,0.7139,0.685,0.6821,0.7139,0.7139,0.6821,0.7139,0.685,0.6821,0.7139,0.6821,0.6954
12608,0.6821,0.7139,0.711,0.6821,0.7139,0.7139,0.6821,0.7139,0.6821,0.6821,0.7139,0.6821,0.6977
13207,0.6821,0.7139,0.711,0.6821,0.7139,0.7139,0.7052,0.7139,0.6821,0.6821,0.7139,0.6821,0.7
13208,0.6821,0.7139,0.711,0.6821,0.7139,0.7139,0.7052,0.7139,0.6821,0.6821,0.7139,0.6821,0.7
13807,0.685,0.7139,0.711,0.6821,0.7139,0.7168,0.7023,0.7139,0.6821,0.685,0.7168,0.6821,0.7006
13808,0.685,0.7139,0.7139,0.6821,0.7139,0.7168,0.7023,0.7139,0.6821,0.685,0.7168,0.6821,0.7009
14407,0.6821,0.7139,0.7139,0.6821,0.7139,0.7168,0.7139,0.7168,0.6821,0.6821,0.7168,0.6821,0.7018
14408,0.6821,0.7139,0.7139,0.6821,0.7139,0.7168,0.7139,0.7168,0.6821,0.6821,0.7168,0.6821,0.7018
15007,0.685,0.7139,0.7139,0.685,0.7139,0.7139,0.7168,0.7139,0.6821,0.685,0.7168,0.6821,0.7023
15008,0.685,0.7139,0.7139,0.685,0.7139,0.7139,0.7168,0.7139,0.6821,0.685,0.7168,0.6821,0.7023
15607,0.6821,0.7139,0.7139,0.6821,0.7168,0.7139,0.7168,0.7139,0.6821,0.685,0.7168,0.6821,0.7021
15608,0.6821,0.7139,0.7139,0.6821,0.7168,0.7139,0.7168,0.7139,0.6821,0.685,0.7168,0.6821,0.7021
16207,0.6821,0.7139,0.7139,0.6821,0.7139,0.7168,0.7168,0.7139,0.6821,0.6821,0.7168,0.6821,0.7018
16208,0.6821,0.7139,0.7139,0.6821,0.7139,0.7168,0.7168,0.7139,0.6821,0.6821,0.7168,0.6821,0.7018
16807,0.6821,0.7139,0.7139,0.6821,0.7139,0.7139,0.7139,0.7139,0.6821,0.6821,0.7139,0.6821,0.7012
16808,0.6821,0.7139,0.7139,0.6821,0.7139,0.7139,0.7139,0.7139,0.6821,0.6821,0.7139,0.6821,0.7012
17407,0.6821,0.7168,0.7139,0.685,0.7139,0.7139,0.7139,0.7139,0.6821,0.6821,0.7168,0.6821,0.7018
17408,0.6821,0.7168,0.7139,0.685,0.7139,0.7139,0.7139,0.7139,0.6821,0.6821,0.7168,0.6821,0.7018
18007,0.6821,0.7168,0.7139,0.6821,0.7139,0.7139,0.7139,0.7139,0.6821,0.6821,0.7168,0.6821,0.7015
18008,0.6821,0.7139,0.7139,0.6821,0.7139,0.7139,0.7139,0.7139,0.6821,0.6821,0.7139,0.6821,0.7012
18607,0.6821,0.7139,0.7139,0.6821,0.7139,0.7139,0.7139,0.7139,0.6821,0.6821,0.7139,0.6821,0.7012
18608,0.6821,0.7139,0.7139,0.6821,0.7139,0.7139,0.7139,0.7139,0.6821,0.6821,0.7139,0.6821,0.7012
19207,0.6821,0.7139,0.7139,0.6821,0.7139,0.7139,0.7139,0.7168,0.6821,0.6821,0.7168,0.6821,0.7015
19208,0.6821,0.7139,0.7168,0.6821,0.7139,0.7139,0.7139,0.7168,0.6821,0.6821,0.7168,0.6821,0.7018
19807,0.6821,0.7139,0.7168,0.6821,0.7139,0.7139,0.7168,0.7139,0.6821,0.6821,0.7168,0.6821,0.7018
19808,0.6821,0.7139,0.7139,0.6821,0.7139,0.7139,0.7168,0.7139,0.6821,0.6821,0.7168,0.6821,0.7015
20407,0.6821,0.7139,0.7139,0.685,0.7139,0.7139,0.7139,0.7139,0.6821,0.6821,0.7139,0.6821,0.7015
20408,0.6821,0.7139,0.7139,0.685,0.7139,0.7139,0.7139,0.7139,0.6821,0.6821,0.7139,0.6821,0.7015
21007,0.6821,0.7139,0.7139,0.6821,0.7139,0.7139,0.7168,0.7139,0.6821,0.6821,0.7168,0.6821,0.7015
21008,0.6821,0.7139,0.7139,0.6821,0.7139,0.7139,0.7168,0.7139,0.6821,0.6821,0.7168,0.6821,0.7015
21607,0.6821,0.7139,0.7139,0.6821,0.7139,0.7139,0.7139,0.7139,0.6821,0.6821,0.7139,0.6821,0.7012
21608,0.6821,0.7139,0.7139,0.6821,0.7139,0.7139,0.7139,0.7139,0.685,0.6821,0.7139,0.6821,0.7015
22207,0.685,0.7139,0.7139,0.6821,0.7139,0.7168,0.7139,0.7139,0.685,0.685,0.7168,0.6821,0.7023
22208,0.685,0.7139,0.7139,0.6821,0.7139,0.7168,0.7139,0.7139,0.6821,0.685,0.7168,0.6821,0.7021
22807,0.6821,0.7139,0.7139,0.6821,0.7139,0.7139,0.7139,0.7139,0.6821,0.685,0.7139,0.6821,0.7015
22808,0.6821,0.7139,0.7139,0.6821,0.7139,0.7139,0.7139,0.7139,0.6821,0.685,0.7139,0.6821,0.7015
23407,0.6821,0.7139,0.7139,0.6821,0.7139,0.7168,0.7168,0.7139,0.6821,0.7052,0.7168,0.6821,0.7041
23408,0.6821,0.7139,0.7139,0.6821,0.7139,0.7168,0.7168,0.7139,0.685,0.7052,0.7168,0.6821,0.7044
24007,0.6821,0.7139,0.7139,0.6821,0.7139,0.7139,0.7139,0.7139,0.685,0.7081,0.7139,0.6821,0.7041
24008,0.6821,0.7139,0.7139,0.6821,0.7139,0.7139,0.7139,0.7139,0.685,0.7081,0.7139,0.6821,0.7041
24607,0.685,0.7139,0.7139,0.7139,0.7139,0.7139,0.7139,0.7139,0.685,0.7052,0.7139,0.685,0.7072
24608,0.685,0.7139,0.7139,0.7139,0.7139,0.7139,0.7139,0.7139,0.685,0.7052,0.7139,0.685,0.7072
25207,0.6821,0.7139,0.7139,0.7139,0.7139,0.7139,0.7139,0.7139,0.685,0.7052,0.7139,0.6821,0.707
25208,0.6821,0.7139,0.7139,0.7139,0.7139,0.7139,0.7139,0.7139,0.6821,0.7052,0.7139,0.6821,0.7067
25807,0.685,0.7139,0.7139,0.7139,0.7139,0.7139,0.7139,0.7168,0.6821,0.7052,0.7168,0.6821,0.7072
25808,0.685,0.7168,0.7139,0.7139,0.7139,0.7139,0.7139,0.7168,0.685,0.7052,0.7168,0.685,0.7078
26407,0.6821,0.7168,0.7139,0.7139,0.7139,0.7139,0.7139,0.7139,0.685,0.7052,0.7168,0.6821,0.7072
26408,0.6821,0.7139,0.7168,0.7139,0.7139,0.7139,0.7139,0.7139,0.6821,0.7052,0.7168,0.6821,0.707
27007,0.6821,0.7139,0.7168,0.7139,0.7139,0.7168,0.7139,0.7139,0.6821,0.7052,0.7168,0.6821,0.7072
27008,0.6821,0.7139,0.7139,0.7139,0.7139,0.7168,0.7168,0.7139,0.6821,0.7052,0.7168,0.6821,0.7072
27607,0.6821,0.7139,0.7139,0.7139,0.7139,0.7139,0.7168,0.7139,0.6821,0.7052,0.7168,0.6821,0.707
27608,0.6821,0.7139,0.7168,0.7139,0.7139,0.7139,0.7139,0.7139,0.6821,0.7052,0.7168,0.6821,0.707
28207,0.6821,0.7139,0.7168,0.7168,0.7139,0.7139,0.7139,0.7139,0.6821,0.7081,0.7168,0.6821,0.7075
28208,0.6821,0.7139,0.7139,0.7168,0.7139,0.7139,0.7139,0.7139,0.6821,0.7081,0.7168,0.6821,0.7072
28807,0.6821,0.7139,0.7139,0.7139,0.7139,0.7139,0.7139,0.7139,0.6821,0.7081,0.7139,0.6821,0.707
28808,0.6821,0.7139,0.7139,0.7139,0.7139,0.7139,0.7168,0.7139,0.6821,0.7081,0.7168,0.6821,0.7072
29407,0.6821,0.7139,0.7139,0.7139,0.7139,0.7139,0.7168,0.7139,0.6821,0.711,0.7168,0.6821,0.7075
29408,0.6821,0.7168,0.7139,0.7139,0.7139,0.7139,0.7139,0.7139,0.6821,0.711,0.7168,0.6821,0.7075
30007,0.6821,0.7168,0.7139,0.7168,0.7139,0.7139,0.7139,0.7139,0.6821,0.7081,0.7168,0.6821,0.7075
30008,0.6821,0.7139,0.7139,0.7168,0.7168,0.7139,0.7168,0.7139,0.6821,0.7081,0.7168,0.6821,0.7078
30607,0.685,0.7139,0.7139,0.7168,0.7168,0.7139,0.7168,0.7139,0.6821,0.711,0.7168,0.6821,0.7084
30608,0.685,0.7168,0.7168,0.7168,0.7139,0.7139,0.7139,0.7139,0.6821,0.711,0.7168,0.6821,0.7084
31207,0.685,0.7168,0.7168,0.7168,0.7139,0.7139,0.7139,0.7139,0.6821,0.7139,0.7168,0.6821,0.7087
31208,0.685,0.7139,0.7139,0.7168,0.7168,0.7139,0.7139,0.7139,0.6821,0.7139,0.7168,0.6821,0.7084
31807,0.6821,0.7139,0.7139,0.7139,0.7168,0.7168,0.7139,0.7168,0.6821,0.7139,0.7168,0.6821,0.7084
31808,0.6821,0.7139,0.7139,0.7139,0.7139,0.7168,0.7139,0.7168,0.6821,0.7139,0.7168,0.6821,0.7081
32407,0.685,0.7139,0.7139,0.7139,0.7139,0.7139,0.7139,0.7139,0.6821,0.7139,0.7139,0.6821,0.7078
32408,0.685,0.7139,0.7139,0.7139,0.7168,0.7139,0.7139,0.7139,0.6821,0.7139,0.7168,0.6821,0.7081
33007,0.6821,0.7139,0.7139,0.7168,0.7168,0.7139,0.7139,0.7139,0.6821,0.7168,0.7168,0.6821,0.7084
33008,0.6821,0.7139,0.7139,0.7168,0.7139,0.7139,0.7139,0.7139,0.6821,0.7168,0.7168,0.6821,0.7081
33607,0.7139,0.7139,0.7139,0.7139,0.7139,0.7139,0.7139,0.7139,0.6821,0.7139,0.7139,0.6821,0.7107
33608,0.7139,0.7139,0.7139,0.7139,0.7139,0.7139,0.7139,0.7139,0.685,0.7139,0.7139,0.685,0.711
34207,0.7139,0.7139,0.7139,0.7168,0.7139,0.7139,0.7139,0.7139,0.685,0.7139,0.7168,0.685,0.7113
34208,0.7139,0.7139,0.7139,0.7168,0.7139,0.7139,0.7168,0.7139,0.6821,0.7139,0.7168,0.6821,0.7113
34807,0.7139,0.7139,0.7139,0.7139,0.7139,0.7139,0.7168,0.7168,0.6821,0.7139,0.7168,0.6821,0.7113
34808,0.7139,0.7168,0.7139,0.7139,0.7139,0.7139,0.7168,0.7168,0.685,0.7139,0.7168,0.685,0.7119
35407,0.7139,0.7168,0.7139,0.7139,0.7139,0.7139,0.7168,0.7254,0.685,0.7139,0.7254,0.685,0.7127
35408,0.7139,0.7139,0.7168,0.7139,0.7139,0.7139,0.7139,0.7254,0.6821,0.7139,0.7254,0.6821,0.7122
36007,0.7168,0.7139,0.7168,0.7139,0.7139,0.7139,0.7139,0.7254,0.6821,0.7139,0.7254,0.6821,0.7124
36008,0.7168,0.7139,0.7139,0.7139,0.7139,0.7139,0.7139,0.7254,0.6821,0.7139,0.7254,0.6821,0.7122
36607,0.7341,0.7139,0.7139,0.7139,0.7139,0.7139,0.7139,0.7254,0.6821,0.7139,0.7341,0.6821,0.7139
36608,0.7341,0.7139,0.7139,0.7139,0.7139,0.7139,0.7139,0.7254,0.6821,0.7139,0.7341,0.6821,0.7139
37207,0.7341,0.7139,0.7139,0.7139,0.7139,0.7139,0.7139,0.7283,0.6821,0.7139,0.7341,0.6821,0.7142
37208,0.7341,0.7139,0.7139,0.7139,0.7139,0.7139,0.7139,0.7283,0.6821,0.7139,0.7341,0.6821,0.7142
37807,0.7341,0.7139,0.7139,0.7168,0.7139,0.7168,0.7139,0.7283,0.6821,0.7139,0.7341,0.6821,0.7148
37808,0.7341,0.7168,0.7139,0.7168,0.7168,0.7168,0.7139,0.7283,0.6821,0.7139,0.7341,0.6821,0.7153
38407,0.7341,0.7168,0.7139,0.7139,0.7168,0.7139,0.7139,0.7283,0.6821,0.7168,0.7341,0.6821,0.715
38408,0.7341,0.7139,0.7139,0.7139,0.7139,0.7139,0.7139,0.7283,0.6821,0.7168,0.7341,0.6821,0.7145
39007,0.7341,0.7139,0.7139,0.7168,0.7139,0.7139,0.7139,0.7283,0.6821,0.7139,0.7341,0.6821,0.7145
39008,0.7341,0.7139,0.7139,0.7168,0.7139,0.7139,0.7139,0.7283,0.6821,0.7139,0.7341,0.6821,0.7145
39607,0.737,0.7139,0.7139,0.7254,0.7139,0.7139,0.7139,0.7312,0.6821,0.7139,0.737,0.6821,0.7159
39608,0.737,0.7139,0.7139,0.7254,0.7139,0.7139,0.7139,0.7312,0.6821,0.7139,0.737,0.6821,0.7159
40207,0.7341,0.7139,0.7139,0.7254,0.7139,0.7168,0.7139,0.7283,0.6821,0.7139,0.7341,0.6821,0.7156
40208,0.7341,0.7139,0.7139,0.7254,0.7139,0.7168,0.7139,0.7283,0.6821,0.7139,0.7341,0.6821,0.7156
40807,0.7341,0.7139,0.7139,0.7254,0.7139,0.7139,0.7139,0.7283,0.6821,0.7168,0.7341,0.6821,0.7156
40808,0.7341,0.7139,0.7139,0.7254,0.7139,0.7139,0.7168,0.7283,0.6821,0.7168,0.7341,0.6821,0.7159
41407,0.7341,0.7139,0.7139,0.7283,0.7139,0.7139,0.7168,0.7283,0.6821,0.7139,0.7341,0.6821,0.7159
41408,0.7341,0.7139,0.7139,0.7283,0.7139,0.7139,0.7139,0.7283,0.7052,0.7139,0.7341,0.7052,0.7179
42007,0.7341,0.7139,0.7139,0.7254,0.7139,0.7139,0.7139,0.7283,0.7052,0.7139,0.7341,0.7052,0.7176
42008,0.7341,0.7168,0.7139,0.7254,0.7139,0.7139,0.7168,0.7283,0.7052,0.7139,0.7341,0.7052,0.7182
42607,0.7341,0.7168,0.7139,0.7254,0.7139,0.7139,0.7168,0.7312,0.7052,0.7139,0.7341,0.7052,0.7185
42608,0.7341,0.7168,0.7139,0.7254,0.7168,0.7139,0.7168,0.7312,0.7023,0.7139,0.7341,0.7023,0.7185
43207,0.7341,0.7168,0.7139,0.7254,0.7168,0.7139,0.7168,0.7312,0.7023,0.7139,0.7341,0.7023,0.7185
43208,0.7341,0.7168,0.7139,0.7254,0.7139,0.7139,0.7139,0.7312,0.7023,0.7139,0.7341,0.7023,0.7179
43807,0.7341,0.7168,0.7139,0.7254,0.7139,0.7139,0.7139,0.7283,0.7023,0.7139,0.7341,0.7023,0.7176
43808,0.7341,0.7168,0.7139,0.7254,0.7168,0.7139,0.7139,0.7283,0.7023,0.7139,0.7341,0.7023,0.7179
44407,0.7341,0.7168,0.7139,0.7254,0.7168,0.7139,0.7139,0.7283,0.7023,0.7139,0.7341,0.7023,0.7179
44408,0.7341,0.7139,0.7168,0.7254,0.7139,0.7139,0.7168,0.7283,0.7052,0.7139,0.7341,0.7052,0.7182
45007,0.737,0.7139,0.7168,0.7254,0.7139,0.7168,0.7168,0.7283,0.7052,0.7139,0.737,0.7052,0.7188
45008,0.737,0.7139,0.7168,0.7254,0.7139,0.7168,0.7139,0.7283,0.7023,0.7139,0.737,0.7023,0.7182
45607,0.7341,0.7139,0.7168,0.7254,0.7139,0.7139,0.7139,0.7283,0.7023,0.7139,0.7341,0.7023,0.7176
45608,0.7341,0.7139,0.7168,0.7254,0.7139,0.7139,0.7168,0.7283,0.7139,0.7139,0.7341,0.7139,0.7191
46207,0.7341,0.7139,0.7168,0.7254,0.7139,0.7139,0.7168,0.7283,0.7139,0.7139,0.7341,0.7139,0.7191
46208,0.7341,0.7139,0.7168,0.7254,0.7139,0.7139,0.7139,0.7283,0.7139,0.7139,0.7341,0.7139,0.7188
46807,0.7341,0.7139,0.7168,0.7254,0.7139,0.7139,0.7139,0.7283,0.7139,0.7139,0.7341,0.7139,0.7188
46808,0.7341,0.7139,0.7168,0.7254,0.7139,0.7139,0.7139,0.7283,0.7139,0.7139,0.7341,0.7139,0.7188
47407,0.7341,0.7139,0.7168,0.7254,0.7139,0.7139,0.7139,0.7283,0.7139,0.7139,0.7341,0.7139,0.7188
47408,0.7341,0.7168,0.7139,0.7254,0.7139,0.7139,0.7139,0.7283,0.7139,0.7139,0.7341,0.7139,0.7188
48007,0.7341,0.7168,0.7139,0.7254,0.7139,0.7139,0.7139,0.7312,0.7139,0.7139,0.7341,0.7139,0.7191
48008,0.7341,0.7139,0.7139,0.7254,0.7139,0.7139,0.7139,0.7312,0.7139,0.7139,0.7341,0.7139,0.7188
48607,0.7341,0.7139,0.7139,0.7254,0.7139,0.7168,0.7139,0.7312,0.7139,0.7139,0.7341,0.7139,0.7191
48608,0.7341,0.7139,0.7168,0.7254,0.7139,0.7168,0.7168,0.7312,0.7139,0.7139,0.7341,0.7139,0.7197
49207,0.7341,0.7139,0.7168,0.7254,0.7139,0.7139,0.7168,0.7312,0.7139,0.7139,0.7341,0.7139,0.7194
49208,0.7341,0.7139,0.7168,0.7283,0.7139,0.7139,0.7139,0.7312,0.7139,0.7139,0.7341,0.7139,0.7194
49807,0.7341,0.7139,0.7168,0.7283,0.7139,0.7139,0.7139,0.7283,0.7139,0.7139,0.7341,0.7139,0.7191
49808,0.7341,0.7139,0.7168,0.7254,0.7139,0.7139,0.7139,0.7283,0.7139,0.7139,0.7341,0.7139,0.7188
50407,0.7341,0.7139,0.7168,0.7254,0.7139,0.7168,0.7139,0.7312,0.7139,0.7168,0.7341,0.7139,0.7197
50408,0.7341,0.7139,0.7139,0.7254,0.7139,0.7168,0.7139,0.7312,0.7139,0.7168,0.7341,0.7139,0.7194
51007,0.7341,0.7139,0.7139,0.7254,0.7139,0.7139,0.7139,0.7283,0.7139,0.7139,0.7341,0.7139,0.7185
51008,0.7341,0.7139,0.7139,0.7283,0.7139,0.7139,0.7168,0.7283,0.7139,0.7139,0.7341,0.7139,0.7191
51607,0.7341,0.7139,0.7139,0.7283,0.7139,0.7139,0.7168,0.7283,0.7139,0.7139,0.7341,0.7139,0.7191
51608,0.7341,0.7139,0.7168,0.7254,0.7139,0.7139,0.7168,0.7283,0.7139,0.7139,0.7341,0.7139,0.7191
52207,0.7341,0.7139,0.7168,0.7254,0.7139,0.7139,0.7168,0.7283,0.7139,0.7139,0.7341,0.7139,0.7191
52208,0.7341,0.7139,0.7139,0.7283,0.7139,0.7139,0.7197,0.7283,0.7139,0.7139,0.7341,0.7139,0.7194
52807,0.7341,0.7139,0.7139,0.7283,0.7139,0.7139,0.7197,0.7283,0.7139,0.7139,0.7341,0.7139,0.7194
52808,0.7341,0.7139,0.7168,0.7254,0.7139,0.7139,0.7168,0.7283,0.7139,0.7139,0.7341,0.7139,0.7191
53407,0.7341,0.7139,0.7168,0.7254,0.7139,0.7139,0.7168,0.7283,0.7139,0.7139,0.7341,0.7139,0.7191
53408,0.7341,0.7139,0.7139,0.7254,0.7139,0.7139,0.7168,0.7283,0.7139,0.7139,0.7341,0.7139,0.7188
54007,0.7341,0.7139,0.7139,0.7254,0.7139,0.7139,0.7168,0.7283,0.7139,0.7139,0.7341,0.7139,0.7188
54008,0.7341,0.7139,0.7139,0.7254,0.7168,0.7139,0.7168,0.7283,0.7139,0.7139,0.7341,0.7139,0.7191
54607,0.7341,0.7139,0.7139,0.7254,0.7168,0.7139,0.7168,0.7283,0.7139,0.7139,0.7341,0.7139,0.7191
54608,0.7341,0.7139,0.7139,0.7254,0.7139,0.7139,0.7168,0.7283,0.7139,0.7139,0.7341,0.7139,0.7188
55207,0.7341,0.7139,0.7139,0.7254,0.7139,0.7139,0.7168,0.7312,0.7139,0.7139,0.7341,0.7139,0.7191
55208,0.7341,0.7139,0.7139,0.7254,0.7139,0.7139,0.7168,0.7312,0.7139,0.7139,0.7341,0.7139,0.7191
55807,0.7341,0.7139,0.7139,0.7254,0.7139,0.7139,0.7168,0.7312,0.7139,0.7139,0.7341,0.7139,0.7191
55808,0.7341,0.7139,0.7139,0.7254,0.7139,0.7139,0.7197,0.7312,0.7139,0.7139,0.7341,0.7139,0.7194
56407,0.7341,0.7139,0.7139,0.7254,0.7139,0.7139,0.7197,0.7283,0.7139,0.7139,0.7341,0.7139,0.7191
56408,0.7341,0.7168,0.7168,0.7254,0.7139,0.7139,0.7168,0.7283,0.7139,0.7139,0.7341,0.7139,0.7194
57007,0.7341,0.7168,0.7168,0.7254,0.7139,0.7139,0.7168,0.7283,0.7139,0.7139,0.7341,0.7139,0.7194
57008,0.737,0.7139,0.7139,0.7283,0.7168,0.7139,0.7168,0.7283,0.7168,0.7139,0.737,0.7139,0.72
57607,0.737,0.7139,0.7139,0.7283,0.7168,0.7139,0.7168,0.7283,0.7168,0.7139,0.737,0.7139,0.72
57608,0.7341,0.7139,0.7139,0.7254,0.7139,0.7139,0.7168,0.7283,0.7139,0.7139,0.7341,0.7139,0.7188
58207,0.7341,0.7139,0.7139,0.7254,0.7139,0.7168,0.7168,0.7312,0.7139,0.7139,0.7341,0.7139,0.7194
58208,0.7341,0.7139,0.7139,0.7283,0.7139,0.7168,0.7168,0.7312,0.7139,0.7139,0.7341,0.7139,0.7197
58807,0.7341,0.7139,0.7139,0.7283,0.7139,0.7139,0.7168,0.7312,0.7139,0.7139,0.7341,0.7139,0.7194
58808,0.7341,0.7139,0.7139,0.7254,0.7139,0.7139,0.7168,0.7312,0.7139,0.7139,0.7341,0.7139,0.7191
59407,0.7341,0.7139,0.7139,0.7254,0.7139,0.7139,0.7168,0.7283,0.7139,0.7139,0.7341,0.7139,0.7188
59408,0.7341,0.7139,0.7139,0.7254,0.7139,0.7139,0.7168,0.7283,0.7139,0.7168,0.7341,0.7139,0.7191
60007,0.7341,0.7139,0.7139,0.7254,0.7139,0.7139,0.7168,0.7283,0.7139,0.7168,0.7341,0.7139,0.7191
60008,0.7341,0.7139,0.7139,0.7283,0.7139,0.7139,0.7168,0.7283,0.7139,0.7139,0.7341,0.7139,0.7191
60607,0.7341,0.7139,0.7139,0.7283,0.7139,0.7168,0.7168,0.7283,0.7139,0.7139,0.7341,0.7139,0.7194
60608,0.7341,0.7168,0.7139,0.7254,0.7139,0.7168,0.7168,0.7283,0.7139,0.7139,0.7341,0.7139,0.7194
61207,0.7341,0.7168,0.7139,0.7254,0.7139,0.7139,0.7168,0.7283,0.7139,0.7139,0.7341,0.7139,0.7191
61208,0.7341,0.7139,0.7139,0.7283,0.7139,0.7139,0.7197,0.7283,0.7168,0.7139,0.7341,0.7139,0.7197
61807,0.7341,0.7139,0.7139,0.7283,0.7139,0.7139,0.7197,0.7283,0.7168,0.7139,0.7341,0.7139,0.7197
61808,0.737,0.7139,0.7139,0.7254,0.7168,0.7139,0.7168,0.7283,0.7139,0.7168,0.737,0.7139,0.7197
62407,0.737,0.7139,0.7139,0.7254,0.7168,0.7139,0.7168,0.7312,0.7139,0.7168,0.737,0.7139,0.72
62408,0.737,0.7139,0.7139,0.7254,0.7168,0.7139,0.7168,0.7312,0.7139,0.7139,0.737,0.7139,0.7197
63007,0.737,0.7139,0.7139,0.7254,0.7168,0.7139,0.7168,0.7283,0.7139,0.7139,0.737,0.7139,0.7194
63008,0.7341,0.7168,0.7168,0.7283,0.7139,0.7139,0.7168,0.7283,0.7139,0.7139,0.7341,0.7139,0.7197
63607,0.7341,0.7168,0.7168,0.7283,0.7139,0.7139,0.7168,0.7283,0.7139,0.7139,0.7341,0.7139,0.7197
63608,0.7341,0.7139,0.7139,0.7254,0.7139,0.7139,0.7168,0.7283,0.7139,0.7139,0.7341,0.7139,0.7188
64207,0.7341,0.7139,0.7139,0.7254,0.7139,0.7139,0.7168,0.7283,0.7139,0.7139,0.7341,0.7139,0.7188
64208,0.7341,0.7139,0.7139,0.7283,0.7139,0.7139,0.7168,0.7283,0.7139,0.7139,0.7341,0.7139,0.7191
64807,0.7341,0.7139,0.7139,0.7283,0.7139,0.7139,0.7168,0.7283,0.7139,0.7139,0.7341,0.7139,0.7191
64808,0.7341,0.7139,0.7168,0.7254,0.7139,0.7139,0.7197,0.7283,0.7139,0.7168,0.7341,0.7139,0.7197
65407,0.7341,0.7139,0.7168,0.7254,0.7139,0.7139,0.7197,0.7283,0.7139,0.7168,0.7341,0.7139,0.7197
65408,0.7341,0.7168,0.7139,0.7254,0.7139,0.7139,0.7168,0.7283,0.7168,0.7139,0.7341,0.7139,0.7194
66007,0.7341,0.7168,0.7139,0.7254,0.7139,0.7139,0.7168,0.7312,0.7168,0.7139,0.7341,0.7139,0.7197
66008,0.7341,0.7139,0.7139,0.7254,0.7139,0.7139,0.7168,0.7312,0.7139,0.7139,0.7341,0.7139,0.7191
66607,0.7341,0.7139,0.7139,0.7254,0.7139,0.7168,0.7168,0.7312,0.7139,0.7139,0.7341,0.7139,0.7194
66608,0.7341,0.7139,0.7139,0.7254,0.7139,0.7168,0.7168,0.7312,0.7139,0.7139,0.7341,0.7139,0.7194
67207,0.7341,0.7139,0.7139,0.7254,0.7139,0.7139,0.7168,0.7283,0.7139,0.7139,0.7341,0.7139,0.7188
67208,0.7341,0.7139,0.7168,0.7254,0.7168,0.7139,0.7168,0.7283,0.7139,0.7139,0.7341,0.7139,0.7194
67807,0.7341,0.7139,0.7168,0.7254,0.7168,0.7139,0.7168,0.7283,0.7139,0.7139,0.7341,0.7139,0.7194
67808,0.737,0.7139,0.7139,0.7254,0.7139,0.7139,0.7168,0.7283,0.7139,0.7139,0.737,0.7139,0.7191
68407,0.737,0.7139,0.7139,0.7254,0.7139,0.7139,0.7168,0.7283,0.7139,0.7139,0.737,0.7139,0.7191
68408,0.7341,0.7139,0.7139,0.7283,0.7139,0.7139,0.7168,0.7283,0.7139,0.7139,0.7341,0.7139,0.7191
69007,0.7341,0.7139,0.7139,0.7283,0.7139,0.7139,0.7168,0.7283,0.7139,0.7139,0.7341,0.7139,0.7191
69008,0.7341,0.7139,0.7139,0.7254,0.7139,0.7139,0.7168,0.7283,0.7139,0.7139,0.7341,0.7139,0.7188
69607,0.7341,0.7139,0.7139,0.7254,0.7139,0.7139,0.7168,0.7312,0.7139,0.7139,0.7341,0.7139,0.7191
69608,0.7341,0.7139,0.7139,0.7254,0.7139,0.7139,0.7168,0.7312,0.7139,0.7139,0.7341,0.7139,0.7191
70207,0.7341,0.7139,0.7139,0.7254,0.7139,0.7139,0.7168,0.7312,0.7139,0.7139,0.7341,0.7139,0.7191
70208,0.7341,0.7139,0.7168,0.7254,0.7139,0.7139,0.7197,0.7312,0.7139,0.7168,0.7341,0.7139,0.72
70807,0.7341,0.7139,0.7168,0.7254,0.7139,0.7139,0.7197,0.7312,0.7139,0.7168,0.7341,0.7139,0.72
70808,0.7341,0.7139,0.7139,0.7254,0.7139,0.7139,0.7168,0.7283,0.7139,0.7139,0.7341,0.7139,0.7188
71407,0.7341,0.7139,0.7139,0.7254,0.7139,0.7139,0.7168,0.7283,0.7139,0.7139,0.7341,0.7139,0.7188
71408,0.7341,0.7139,0.7139,0.7283,0.7139,0.7139,0.7197,0.7283,0.7139,0.7168,0.7341,0.7139,0.7197
71409,0.7341,0.7139,0.7139,0.7283,0.7139,0.7139,0.7197,0.7283,0.7139,0.7168,0.7341,0.7139,0.7197
72007,0.7341,0.7139,0.7139,0.7283,0.7139,0.7168,0.7197,0.7283,0.7139,0.7168,0.7341,0.7139,0.72
72008,0.7341,0.7139,0.7139,0.7254,0.7168,0.7168,0.7168,0.7283,0.7139,0.7139,0.7341,0.7139,0.7194
72009,0.7341,0.7139,0.7139,0.7254,0.7168,0.7168,0.7168,0.7283,0.7139,0.7139,0.7341,0.7139,0.7194
72607,0.7341,0.7139,0.7139,0.7254,0.7168,0.7139,0.7168,0.7283,0.7139,0.7139,0.7341,0.7139,0.7191
72608,0.737,0.7168,0.7139,0.7254,0.7168,0.7139,0.7197,0.7283,0.7139,0.7139,0.737,0.7139,0.72
72609,0.737,0.7168,0.7168,0.7254,0.7168,0.7139,0.7197,0.7283,0.7139,0.7139,0.737,0.7139,0.7202
73207,0.737,0.7168,0.7168,0.7254,0.7168,0.7168,0.7197,0.7283,0.7139,0.7139,0.737,0.7139,0.7205
73208,0.7341,0.7139,0.7168,0.7254,0.7168,0.7168,0.7197,0.7312,0.7139,0.7168,0.7341,0.7139,0.7205
73209,0.7341,0.7139,0.7139,0.7254,0.7168,0.7168,0.7197,0.7312,0.7139,0.7168,0.7341,0.7139,0.7202
73807,0.7341,0.7139,0.7139,0.7254,0.7168,0.7168,0.7197,0.7312,0.7139,0.7168,0.7341,0.7139,0.7202
73808,0.7341,0.7139,0.7139,0.7254,0.7168,0.7168,0.7168,0.7312,0.7139,0.7139,0.7341,0.7139,0.7197
73809,0.7341,0.7139,0.7139,0.7254,0.7168,0.7168,0.7168,0.7312,0.7139,0.7139,0.7341,0.7139,0.7197
74407,0.7341,0.7139,0.7139,0.7254,0.7168,0.7139,0.7168,0.7312,0.7139,0.7139,0.7341,0.7139,0.7194
74408,0.7341,0.7139,0.7139,0.7254,0.7168,0.7139,0.7168,0.7283,0.7139,0.7139,0.7341,0.7139,0.7191
74409,0.7341,0.7139,0.7168,0.7254,0.7168,0.7139,0.7168,0.7283,0.7139,0.7139,0.7341,0.7139,0.7194
75007,0.7341,0.7139,0.7168,0.7254,0.7168,0.7168,0.7168,0.7283,0.7139,0.7139,0.7341,0.7139,0.7197
75008,0.737,0.7139,0.7168,0.7254,0.7139,0.7168,0.7168,0.7283,0.7139,0.7139,0.737,0.7139,0.7197
75009,0.737,0.7139,0.7168,0.7254,0.7139,0.7168,0.7168,0.7283,0.7139,0.7139,0.737,0.7139,0.7197
75607,0.737,0.7139,0.7168,0.7254,0.7139,0.7139,0.7168,0.7283,0.7139,0.7139,0.737,0.7139,0.7194
75608,0.737,0.7139,0.7168,0.7254,0.7139,0.7139,0.7168,0.7283,0.7139,0.7139,0.737,0.7139,0.7194
75609,0.737,0.7139,0.7139,0.7254,0.7139,0.7139,0.7168,0.7283,0.7139,0.7139,0.737,0.7139,0.7191
76207,0.737,0.7139,0.7139,0.7254,0.7139,0.7139,0.7168,0.7283,0.7139,0.7139,0.737,0.7139,0.7191
76208,0.7341,0.7139,0.7139,0.7254,0.7139,0.7139,0.7168,0.7283,0.7168,0.7168,0.7341,0.7139,0.7194
76209,0.7341,0.7139,0.7139,0.7254,0.7139,0.7139,0.7168,0.7283,0.7168,0.7168,0.7341,0.7139,0.7194
76807,0.7341,0.7139,0.7139,0.7254,0.7139,0.7139,0.7168,0.7283,0.7168,0.7168,0.7341,0.7139,0.7194
76808,0.737,0.7139,0.7139,0.7283,0.7139,0.7139,0.7168,0.7283,0.7139,0.7139,0.737,0.7139,0.7194
76809,0.737,0.7139,0.7168,0.7283,0.7139,0.7139,0.7168,0.7283,0.7139,0.7139,0.737,0.7139,0.7197
77407,0.737,0.7139,0.7168,0.7283,0.7139,0.7168,0.7168,0.7283,0.7139,0.7139,0.737,0.7139,0.72
77408,0.737,0.7139,0.7168,0.7254,0.7139,0.7168,0.7168,0.7283,0.7139,0.7139,0.737,0.7139,0.7197
77409,0.737,0.7139,0.7139,0.7254,0.7139,0.7168,0.7168,0.7283,0.7139,0.7139,0.737,0.7139,0.7194
78007,0.737,0.7139,0.7139,0.7254,0.7139,0.7139,0.7168,0.7283,0.7139,0.7139,0.737,0.7139,0.7191
78008,0.737,0.7139,0.7139,0.7254,0.7168,0.7139,0.7197,0.7312,0.7168,0.7139,0.737,0.7139,0.7202
78009,0.737,0.7139,0.7139,0.7254,0.7168,0.7139,0.7197,0.7312,0.7168,0.7139,0.737,0.7139,0.7202
78607,0.737,0.7139,0.7139,0.7254,0.7168,0.7139,0.7197,0.7312,0.7168,0.7139,0.737,0.7139,0.7202
78608,0.737,0.7139,0.7139,0.7254,0.7139,0.7139,0.7197,0.7283,0.7139,0.7139,0.737,0.7139,0.7194
78609,0.737,0.7139,0.7168,0.7254,0.7139,0.7139,0.7197,0.7283,0.7139,0.7139,0.737,0.7139,0.7197
79207,0.737,0.7139,0.7168,0.7254,0.7139,0.7139,0.7197,0.7283,0.7139,0.7139,0.737,0.7139,0.7197
79208,0.737,0.7139,0.7168,0.7254,0.7139,0.7139,0.7168,0.7283,0.7139,0.7139,0.737,0.7139,0.7194
79209,0.737,0.7139,0.7139,0.7254,0.7139,0.7139,0.7168,0.7283,0.7139,0.7139,0.737,0.7139,0.7191
79807,0.737,0.7139,0.7139,0.7254,0.7139,0.7139,0.7168,0.7283,0.7139,0.7139,0.737,0.7139,0.7191
79808,0.737,0.7168,0.7139,0.7254,0.7139,0.7139,0.7168,0.7283,0.7139,0.7139,0.737,0.7139,0.7194
79809,0.737,0.7168,0.7139,0.7254,0.7139,0.7139,0.7168,0.7283,0.7139,0.7139,0.737,0.7139,0.7194
80407,0.737,0.7168,0.7139,0.7254,0.7139,0.7139,0.7168,0.7283,0.7139,0.7139,0.737,0.7139,0.7194
80408,0.737,0.7139,0.7139,0.7254,0.7139,0.7139,0.7168,0.7312,0.7139,0.7139,0.737,0.7139,0.7194
80409,0.737,0.7139,0.7139,0.7254,0.7139,0.7139,0.7168,0.7312,0.7139,0.7139,0.737,0.7139,0.7194
81007,0.737,0.7139,0.7139,0.7254,0.7139,0.7139,0.7168,0.7312,0.7139,0.7139,0.737,0.7139,0.7194
81008,0.737,0.7139,0.7139,0.7254,0.7139,0.7139,0.7168,0.7283,0.7168,0.7139,0.737,0.7139,0.7194
81009,0.737,0.7139,0.7139,0.7254,0.7139,0.7139,0.7168,0.7283,0.7168,0.7139,0.737,0.7139,0.7194
81607,0.737,0.7139,0.7139,0.7254,0.7139,0.7139,0.7168,0.7283,0.7168,0.7139,0.737,0.7139,0.7194
81608,0.7399,0.7139,0.7139,0.7254,0.7139,0.7139,0.7168,0.7283,0.7168,0.7139,0.7399,0.7139,0.7197
81609,0.7399,0.7139,0.7139,0.7254,0.7139,0.7139,0.7168,0.7283,0.7168,0.7139,0.7399,0.7139,0.7197
82207,0.7399,0.7139,0.7139,0.7254,0.7139,0.7139,0.7168,0.7283,0.7168,0.7139,0.7399,0.7139,0.7197
82208,0.737,0.7139,0.7139,0.7254,0.7139,0.7139,0.7197,0.7283,0.7168,0.7139,0.737,0.7139,0.7197
82209,0.737,0.7139,0.7139,0.7254,0.7139,0.7139,0.7197,0.7283,0.7168,0.7139,0.737,0.7139,0.7197
82807,0.737,0.7139,0.7139,0.7254,0.7139,0.7168,0.7197,0.7283,0.7168,0.7139,0.737,0.7139,0.72
82808,0.7399,0.7139,0.7139,0.7254,0.7139,0.7168,0.7168,0.7283,0.7139,0.7139,0.7399,0.7139,0.7197
82809,0.7399,0.7139,0.7139,0.7254,0.7139,0.7168,0.7168,0.7283,0.7139,0.7139,0.7399,0.7139,0.7197
83407,0.7399,0.7139,0.7139,0.7254,0.7139,0.7139,0.7168,0.7283,0.7139,0.7139,0.7399,0.7139,0.7194
83408,0.737,0.7168,0.7139,0.7254,0.7139,0.7139,0.7168,0.7283,0.7139,0.7139,0.737,0.7139,0.7194
83409,0.737,0.7168,0.7168,0.7254,0.7139,0.7139,0.7168,0.7283,0.7139,0.7139,0.737,0.7139,0.7197
84007,0.737,0.7168,0.7168,0.7254,0.7139,0.7168,0.7168,0.7283,0.7139,0.7139,0.737,0.7139,0.72
84008,0.737,0.7168,0.7168,0.7254,0.7139,0.7168,0.7168,0.7283,0.7139,0.7139,0.737,0.7139,0.72
84009,0.737,0.7168,0.7168,0.7254,0.7139,0.7168,0.7168,0.7283,0.7139,0.7139,0.737,0.7139,0.72
84608,0.737,0.7168,0.7168,0.7283,0.7139,0.7139,0.7168,0.7283,0.7139,0.7139,0.737,0.7139,0.72
84609,0.737,0.7168,0.7139,0.7283,0.7139,0.7139,0.7168,0.7283,0.7139,0.7139,0.737,0.7139,0.7197
85208,0.7428,0.7139,0.7139,0.7254,0.7139,0.7139,0.7197,0.7283,0.7139,0.7139,0.7428,0.7139,0.72
85209,0.7428,0.7139,0.7139,0.7254,0.7139,0.7139,0.7197,0.7283,0.7139,0.7139,0.7428,0.7139,0.72
85808,0.7428,0.7139,0.7139,0.7283,0.7139,0.7139,0.7168,0.7283,0.7139,0.7139,0.7428,0.7139,0.72
85809,0.7428,0.7139,0.7139,0.7283,0.7139,0.7139,0.7168,0.7283,0.7139,0.7139,0.7428,0.7139,0.72
