timestamp,ohci0,ohci1,ohci5,ohci4,ohci8,ohci7,ohci3,ohci2,ohci9,ohci6,max,min,avg
0,0.0487,0.0487,0.0487,0.0487,0.0487,0.0487,0.0487,0.0487,0.0487,0.0487,0.0487,0.0487,0.0487
4,0.1479,0.1479,0.1479,0.1479,0.1479,0.1479,0.1479,0.1479,0.1479,0.1479,0.1479,0.1479,0.1479
5,0.1948,0.1873,0.2116,0.1929,0.1779,0.2079,0.1835,0.191,0.1985,0.1685,0.2116,0.1685,0.1914
6,0.2434,0.2022,0.2678,0.2266,0.1929,0.2228,0.2453,0.2341,0.2434,0.1966,0.2678,0.1929,0.2275
7,0.264,0.2416,0.2828,0.2547,0.2397,0.2378,0.2715,0.2603,0.2753,0.2397,0.2828,0.2378,0.2567
8,0.2715,0.2472,0.2903,0.2584,0.2491,0.2397,0.2903,0.2678,0.2809,0.2566,0.2903,0.2397,0.2652
9,0.2903,0.2678,0.2959,0.294,0.2603,0.2472,0.2959,0.2828,0.2884,0.2921,0.2959,0.2472,0.2815
10,0.3071,0.2772,0.3034,0.3034,0.2622,0.2584,0.2978,0.2865,0.2884,0.2996,0.3071,0.2584,0.2884
11,0.3202,0.2828,0.3258,0.3071,0.2697,0.2828,0.2996,0.2921,0.3146,0.3052,0.3258,0.2697,0.3
12,0.3221,0.2828,0.3296,0.3109,0.2734,0.2865,0.3109,0.2921,0.3184,0.3071,0.3296,0.2734,0.3034
13,0.3277,0.2846,0.3352,0.3127,0.2865,0.294,0.3165,0.2959,0.3202,0.3315,0.3352,0.2846,0.3105
14,0.3315,0.2865,0.3371,0.3146,0.294,0.2959,0.3221,0.2959,0.3221,0.3352,0.3371,0.2865,0.3135
15,0.3521,0.2884,0.3408,0.3184,0.3071,0.2996,0.3221,0.2978,0.324,0.3371,0.3521,0.2884,0.3187
16,0.3521,0.3146,0.3483,0.3202,0.309,0.3071,0.3221,0.3034,0.324,0.3427,0.3521,0.3034,0.3244
17,0.3539,0.3184,0.3502,0.3464,0.309,0.309,0.324,0.3034,0.3427,0.3483,0.3539,0.3034,0.3305
18,0.3558,0.3352,0.3502,0.3483,0.3109,0.3221,0.3258,0.3052,0.3427,0.3502,0.3558,0.3052,0.3346
19,0.3558,0.3352,0.3502,0.3483,0.3109,0.3296,0.3258,0.3184,0.3427,0.3502,0.3558,0.3109,0.3367
20,0.3558,0.3352,0.3502,0.3483,0.3146,0.3296,0.3258,0.3184,0.3427,0.3502,0.3558,0.3146,0.3371
21,0.3558,0.3371,0.3502,0.3483,0.3146,0.3296,0.3258,0.3258,0.3539,0.3502,0.3558,0.3146,0.3391
22,0.3558,0.3502,0.3502,0.3483,0.3146,0.3296,0.3258,0.3258,0.3539,0.3502,0.3558,0.3146,0.3404
23,0.3558,0.3502,0.3502,0.3483,0.3165,0.3296,0.3258,0.3258,0.3558,0.3502,0.3558,0.3165,0.3408
24,0.3558,0.3521,0.3502,0.3483,0.3165,0.3296,0.3315,0.3258,0.3558,0.3502,0.3558,0.3165,0.3416
25,0.3558,0.3539,0.3502,0.3483,0.3165,0.3296,0.3315,0.3277,0.3558,0.3521,0.3558,0.3165,0.3421
26,0.3577,0.3558,0.3502,0.3502,0.3165,0.3315,0.3352,0.3446,0.3577,0.3521,0.3577,0.3165,0.3451
27,0.3577,0.3558,0.3502,0.3502,0.3165,0.3315,0.3371,0.3446,0.3577,0.3539,0.3577,0.3165,0.3455
28,0.3577,0.3558,0.3521,0.3558,0.3165,0.3315,0.3371,0.3446,0.3577,0.3539,0.3577,0.3165,0.3463
29,0.3577,0.3558,0.3521,0.3558,0.3165,0.3315,0.3371,0.3446,0.3577,0.3539,0.3577,0.3165,0.3463
30,0.3577,0.3558,0.3521,0.3558,0.3221,0.3333,0.339,0.3446,0.3577,0.3558,0.3577,0.3221,0.3474
31,0.3596,0.3558,0.3521,0.3558,0.3221,0.3333,0.339,0.3446,0.3577,0.3614,0.3614,0.3221,0.3481
32,0.3596,0.3558,0.3521,0.3558,0.3221,0.3333,0.339,0.3446,0.3577,0.3614,0.3614,0.3221,0.3481
33,0.3596,0.3558,0.3521,0.3596,0.3258,0.3333,0.339,0.3483,0.3577,0.3614,0.3614,0.3258,0.3493
34,0.3614,0.3558,0.3521,0.3596,0.3258,0.3333,0.339,0.3502,0.3577,0.3652,0.3652,0.3258,0.35
35,0.3614,0.3558,0.3577,0.3596,0.3258,0.3333,0.339,0.3502,0.3577,0.3652,0.3652,0.3258,0.3506
36,0.3614,0.3558,0.3577,0.3596,0.3258,0.3333,0.339,0.3521,0.3577,0.3652,0.3652,0.3258,0.3508
37,0.3614,0.3577,0.3577,0.3596,0.3258,0.3333,0.339,0.3539,0.3577,0.367,0.367,0.3258,0.3513
38,0.3614,0.3577,0.3633,0.3596,0.3296,0.3333,0.339,0.3539,0.3577,0.367,0.367,0.3296,0.3522
39,0.3614,0.3577,0.3633,0.3596,0.3296,0.3333,0.339,0.3539,0.3577,0.367,0.367,0.3296,0.3522
40,0.3614,0.3577,0.3633,0.3596,0.3296,0.3333,0.339,0.3539,0.3577,0.367,0.367,0.3296,0.3522
41,0.367,0.3577,0.3633,0.3596,0.3296,0.3333,0.339,0.3539,0.3577,0.367,0.367,0.3296,0.3528
42,0.367,0.3577,0.3633,0.3596,0.3296,0.3333,0.339,0.3539,0.3577,0.367,0.367,0.3296,0.3528
43,0.367,0.3577,0.3633,0.3596,0.3296,0.3333,0.339,0.3539,0.3577,0.367,0.367,0.3296,0.3528
44,0.367,0.3577,0.3633,0.3596,0.3296,0.3333,0.339,0.3539,0.3577,0.367,0.367,0.3296,0.3528
45,0.367,0.3577,0.3633,0.3596,0.3296,0.3333,0.339,0.3539,0.3577,0.367,0.367,0.3296,0.3528
46,0.367,0.3577,0.3633,0.3596,0.3371,0.3333,0.339,0.3539,0.3577,0.367,0.367,0.3333,0.3536
47,0.367,0.3577,0.367,0.3596,0.3371,0.3333,0.339,0.3539,0.3577,0.367,0.367,0.3333,0.3539
48,0.367,0.3577,0.367,0.3596,0.3371,0.3333,0.339,0.3539,0.3577,0.3689,0.3689,0.3333,0.3541
49,0.367,0.3614,0.367,0.3596,0.3371,0.3333,0.339,0.3539,0.3577,0.3689,0.3689,0.3333,0.3545
50,0.367,0.3614,0.367,0.367,0.3371,0.3333,0.339,0.3539,0.3577,0.3689,0.3689,0.3333,0.3552
51,0.367,0.3614,0.367,0.367,0.3371,0.3333,0.339,0.3539,0.3633,0.3689,0.3689,0.3333,0.3558
52,0.367,0.3614,0.367,0.367,0.3371,0.3333,0.339,0.3539,0.3633,0.3689,0.3689,0.3333,0.3558
53,0.367,0.3614,0.367,0.367,0.3371,0.3333,0.339,0.3539,0.3633,0.3689,0.3689,0.3333,0.3558
54,0.367,0.3614,0.367,0.3708,0.3371,0.3333,0.339,0.3539,0.3633,0.3689,0.3708,0.3333,0.3562
55,0.367,0.3614,0.367,0.3708,0.3371,0.3333,0.339,0.3558,0.3633,0.3689,0.3708,0.3333,0.3564
56,0.367,0.3614,0.367,0.3727,0.339,0.3333,0.339,0.3558,0.3633,0.3689,0.3727,0.3333,0.3567
57,0.367,0.3614,0.367,0.3727,0.339,0.3333,0.339,0.3558,0.3633,0.3689,0.3727,0.3333,0.3567
58,0.367,0.3614,0.3727,0.3727,0.339,0.3333,0.339,0.3558,0.3633,0.3689,0.3727,0.3333,0.3573
59,0.367,0.3614,0.3727,0.3727,0.339,0.3333,0.339,0.3558,0.3633,0.3689,0.3727,0.3333,0.3573
60,0.367,0.3614,0.3727,0.3727,0.339,0.3333,0.339,0.3558,0.3633,0.3689,0.3727,0.3333,0.3573
61,0.367,0.3614,0.3727,0.3727,0.3596,0.3333,0.339,0.3558,0.3633,0.3689,0.3727,0.3333,0.3594
62,0.367,0.3614,0.3764,0.3727,0.3614,0.3333,0.339,0.3558,0.3633,0.3689,0.3764,0.3333,0.3599
63,0.367,0.3614,0.3764,0.3727,0.3614,0.3333,0.339,0.3558,0.3633,0.3708,0.3764,0.3333,0.3601
64,0.367,0.3614,0.3764,0.3727,0.3614,0.3333,0.339,0.3596,0.3633,0.3708,0.3764,0.3333,0.3605
65,0.367,0.3614,0.3764,0.3727,0.3614,0.3333,0.3577,0.3596,0.3633,0.3708,0.3764,0.3333,0.3624
66,0.367,0.3614,0.3764,0.3727,0.3614,0.3333,0.3577,0.3596,0.3633,0.3708,0.3764,0.3333,0.3624
67,0.367,0.3614,0.3764,0.3727,0.3614,0.3558,0.3577,0.3596,0.3633,0.3708,0.3764,0.3558,0.3646
68,0.367,0.3614,0.3764,0.3727,0.3614,0.3558,0.3577,0.3596,0.3633,0.3708,0.3764,0.3558,0.3646
69,0.367,0.3614,0.3764,0.3727,0.3614,0.3558,0.3577,0.3596,0.3633,0.3708,0.3764,0.3558,0.3646
70,0.367,0.3614,0.3764,0.3727,0.3614,0.3558,0.3577,0.3596,0.3708,0.3708,0.3764,0.3558,0.3654
71,0.367,0.3614,0.3764,0.3727,0.3614,0.3558,0.3577,0.3596,0.3708,0.3708,0.3764,0.3558,0.3654
72,0.367,0.3614,0.3764,0.3727,0.3614,0.3558,0.3577,0.3596,0.3708,0.3708,0.3764,0.3558,0.3654
73,0.367,0.3614,0.3764,0.3727,0.3614,0.3558,0.3577,0.3596,0.3727,0.3708,0.3764,0.3558,0.3655
74,0.367,0.3614,0.3764,0.3727,0.3614,0.3558,0.3577,0.3596,0.3727,0.3708,0.3764,0.3558,0.3655
75,0.367,0.3614,0.3764,0.3727,0.3614,0.3633,0.3577,0.3596,0.3727,0.3708,0.3764,0.3577,0.3663
76,0.367,0.3614,0.3764,0.3727,0.3614,0.3633,0.3577,0.3596,0.3727,0.3708,0.3764,0.3577,0.3663
77,0.367,0.3633,0.3764,0.3727,0.3614,0.3633,0.3577,0.3596,0.3727,0.3708,0.3764,0.3577,0.3665
78,0.367,0.3633,0.3764,0.3727,0.3614,0.3652,0.3577,0.3596,0.3727,0.3708,0.3764,0.3577,0.3667
79,0.367,0.3633,0.3783,0.3745,0.3614,0.3652,0.3577,0.3596,0.3727,0.3708,0.3783,0.3577,0.367
80,0.3745,0.3633,0.3783,0.3745,0.3614,0.3652,0.3577,0.3596,0.3727,0.3708,0.3783,0.3577,0.3678
81,0.3745,0.3633,0.3783,0.3745,0.3614,0.3652,0.3577,0.3596,0.3727,0.3708,0.3783,0.3577,0.3678
82,0.3745,0.3633,0.3783,0.3764,0.3614,0.3652,0.3596,0.3633,0.3727,0.3764,0.3783,0.3596,0.3691
83,0.3745,0.3633,0.3783,0.3764,0.3614,0.3652,0.3596,0.3633,0.3727,0.3764,0.3783,0.3596,0.3691
84,0.3745,0.3633,0.3783,0.3764,0.3614,0.3652,0.3596,0.3633,0.3727,0.3764,0.3783,0.3596,0.3691
85,0.3745,0.3633,0.3783,0.3764,0.3614,0.3652,0.3596,0.3633,0.3745,0.3764,0.3783,0.3596,0.3693
86,0.3745,0.3633,0.3783,0.3764,0.3614,0.3652,0.3596,0.3633,0.3745,0.3764,0.3783,0.3596,0.3693
87,0.3745,0.3633,0.3783,0.3764,0.3614,0.367,0.3596,0.3652,0.3745,0.3764,0.3783,0.3596,0.3697
88,0.3745,0.3633,0.3783,0.3764,0.3614,0.367,0.3596,0.3652,0.3745,0.3764,0.3783,0.3596,0.3697
89,0.3745,0.367,0.3783,0.3764,0.3633,0.367,0.3596,0.3652,0.3745,0.3764,0.3783,0.3596,0.3702
90,0.3745,0.367,0.3783,0.3895,0.3633,0.367,0.3596,0.3652,0.3745,0.3764,0.3895,0.3596,0.3715
91,0.3745,0.367,0.3783,0.3895,0.3633,0.367,0.3596,0.3652,0.3745,0.3764,0.3895,0.3596,0.3715
92,0.3745,0.367,0.3783,0.3895,0.3633,0.367,0.3596,0.3652,0.3745,0.3764,0.3895,0.3596,0.3715
93,0.3745,0.367,0.3783,0.3895,0.3633,0.367,0.3596,0.3652,0.3745,0.3764,0.3895,0.3596,0.3715
94,0.3745,0.367,0.3783,0.3895,0.3633,0.367,0.3596,0.3652,0.3745,0.3764,0.3895,0.3596,0.3715
95,0.3745,0.367,0.3783,0.3895,0.3633,0.367,0.3596,0.3652,0.3745,0.3764,0.3895,0.3596,0.3715
96,0.3745,0.367,0.3783,0.3895,0.3633,0.367,0.3596,0.3652,0.3745,0.3764,0.3895,0.3596,0.3715
97,0.3745,0.367,0.3783,0.3895,0.3633,0.367,0.3596,0.3652,0.3745,0.3764,0.3895,0.3596,0.3715
98,0.3745,0.367,0.3783,0.3951,0.3633,0.367,0.3596,0.3652,0.3745,0.3764,0.3951,0.3596,0.3721
99,0.3745,0.367,0.3783,0.3951,0.3633,0.367,0.3633,0.3652,0.3745,0.3764,0.3951,0.3633,0.3725
100,0.3745,0.367,0.3783,0.3951,0.3633,0.367,0.3689,0.3652,0.3745,0.3764,0.3951,0.3633,0.373
101,0.3745,0.367,0.3783,0.3951,0.3633,0.367,0.3689,0.3652,0.3745,0.3764,0.3951,0.3633,0.373
102,0.3745,0.367,0.3783,0.3951,0.3633,0.367,0.3689,0.3652,0.3745,0.3764,0.3951,0.3633,0.373
103,0.3745,0.367,0.3783,0.3951,0.3633,0.367,0.3689,0.3652,0.3745,0.3764,0.3951,0.3633,0.373
104,0.3745,0.367,0.3783,0.3951,0.3633,0.367,0.3689,0.367,0.3745,0.3764,0.3951,0.3633,0.3732
105,0.3745,0.367,0.3801,0.3951,0.3633,0.367,0.3689,0.367,0.3745,0.3764,0.3951,0.3633,0.3734
106,0.3745,0.367,0.3801,0.3951,0.3633,0.367,0.3689,0.367,0.3745,0.3764,0.3951,0.3633,0.3734
107,0.3745,0.367,0.3801,0.3951,0.3633,0.367,0.3689,0.367,0.3745,0.3764,0.3951,0.3633,0.3734
108,0.3745,0.367,0.3801,0.3951,0.3633,0.367,0.3689,0.367,0.3745,0.3764,0.3951,0.3633,0.3734
109,0.3745,0.367,0.3801,0.3951,0.3633,0.367,0.3689,0.367,0.3745,0.3764,0.3951,0.3633,0.3734
110,0.3745,0.3708,0.3801,0.3951,0.3633,0.367,0.3689,0.367,0.3745,0.3764,0.3951,0.3633,0.3738
111,0.3745,0.3708,0.3801,0.3951,0.3633,0.367,0.3689,0.367,0.3745,0.3764,0.3951,0.3633,0.3738
112,0.3745,0.3708,0.3839,0.3951,0.3633,0.367,0.3689,0.367,0.3745,0.3764,0.3951,0.3633,0.3741
113,0.3745,0.3708,0.3839,0.3951,0.3652,0.367,0.3689,0.367,0.3745,0.3764,0.3951,0.3652,0.3743
114,0.3745,0.3708,0.3839,0.3951,0.3652,0.367,0.3689,0.367,0.3745,0.3764,0.3951,0.3652,0.3743
115,0.3745,0.3708,0.3895,0.3951,0.3652,0.367,0.3689,0.367,0.3745,0.3764,0.3951,0.3652,0.3749
116,0.3745,0.3708,0.3895,0.3951,0.3689,0.367,0.3689,0.367,0.3745,0.3764,0.3951,0.367,0.3753
117,0.3745,0.3708,0.3895,0.3951,0.3689,0.367,0.3689,0.367,0.3745,0.3764,0.3951,0.367,0.3753
118,0.3745,0.3708,0.3895,0.3951,0.3689,0.367,0.3689,0.367,0.3745,0.3764,0.3951,0.367,0.3753
119,0.3745,0.3708,0.3895,0.3951,0.3689,0.367,0.3689,0.367,0.3745,0.3764,0.3951,0.367,0.3753
120,0.3745,0.3708,0.3895,0.3951,0.3689,0.367,0.3689,0.367,0.3745,0.3764,0.3951,0.367,0.3753
121,0.3745,0.3708,0.3895,0.397,0.3689,0.367,0.3689,0.367,0.3745,0.3764,0.397,0.367,0.3754
122,0.3745,0.3708,0.3895,0.397,0.3689,0.367,0.3689,0.367,0.3745,0.3764,0.397,0.367,0.3754
123,0.3745,0.3708,0.3895,0.4026,0.3689,0.367,0.3689,0.367,0.3745,0.3764,0.4026,0.367,0.376
124,0.3745,0.3708,0.3895,0.4026,0.3745,0.367,0.3689,0.367,0.3745,0.3764,0.4026,0.367,0.3766
125,0.3745,0.3708,0.3895,0.4026,0.3745,0.367,0.3689,0.367,0.3745,0.3764,0.4026,0.367,0.3766
126,0.3745,0.3708,0.3895,0.4026,0.3745,0.367,0.3689,0.367,0.3745,0.3764,0.4026,0.367,0.3766
127,0.3745,0.3708,0.3895,0.4026,0.3745,0.367,0.3689,0.367,0.3745,0.3764,0.4026,0.367,0.3766
128,0.3745,0.3708,0.3895,0.4026,0.3745,0.367,0.3689,0.367,0.3745,0.3764,0.4026,0.367,0.3766
129,0.3745,0.3764,0.3895,0.4026,0.3745,0.367,0.3689,0.367,0.3745,0.3764,0.4026,0.367,0.3771
130,0.3745,0.3764,0.3895,0.4026,0.3745,0.367,0.3689,0.367,0.3764,0.3764,0.4026,0.367,0.3773
131,0.3745,0.3764,0.3895,0.4026,0.3745,0.367,0.3689,0.367,0.3764,0.3764,0.4026,0.367,0.3773
132,0.3745,0.3764,0.3895,0.4026,0.3745,0.367,0.3689,0.367,0.3764,0.3764,0.4026,0.367,0.3773
133,0.3745,0.3764,0.3895,0.4026,0.3745,0.367,0.3689,0.367,0.3764,0.3764,0.4026,0.367,0.3773
134,0.3745,0.3764,0.3895,0.4026,0.3745,0.367,0.3689,0.3708,0.3764,0.3764,0.4026,0.367,0.3777
135,0.3745,0.3764,0.3895,0.4026,0.3745,0.367,0.3689,0.3708,0.3764,0.3783,0.4026,0.367,0.3779
136,0.3745,0.3764,0.3895,0.4026,0.3745,0.367,0.3689,0.3708,0.3764,0.3783,0.4026,0.367,0.3779
137,0.3745,0.3764,0.3895,0.4026,0.3764,0.367,0.3689,0.3708,0.3764,0.3783,0.4026,0.367,0.3781
138,0.3745,0.3764,0.3895,0.4026,0.3764,0.367,0.3689,0.3708,0.3764,0.3783,0.4026,0.367,0.3781
139,0.3745,0.3764,0.3895,0.4026,0.3764,0.367,0.3689,0.3708,0.3764,0.3783,0.4026,0.367,0.3781
140,0.3764,0.3764,0.3895,0.4026,0.3764,0.367,0.3689,0.3708,0.3764,0.3783,0.4026,0.367,0.3783
141,0.3764,0.3764,0.3895,0.4026,0.3764,0.367,0.3689,0.3764,0.3764,0.3783,0.4026,0.367,0.3788
142,0.3764,0.3764,0.3895,0.4026,0.3764,0.367,0.3689,0.3764,0.3764,0.3783,0.4026,0.367,0.3788
143,0.3764,0.3764,0.3895,0.4026,0.3764,0.367,0.3689,0.3764,0.3764,0.3783,0.4026,0.367,0.3788
144,0.3764,0.3764,0.3895,0.4026,0.3764,0.367,0.3689,0.3764,0.3764,0.3783,0.4026,0.367,0.3788
145,0.3783,0.3764,0.3895,0.4026,0.3764,0.367,0.3689,0.3764,0.3764,0.3783,0.4026,0.367,0.379
146,0.3783,0.3764,0.3895,0.4026,0.3764,0.367,0.3689,0.3764,0.3764,0.3783,0.4026,0.367,0.379
147,0.3783,0.3764,0.3895,0.4026,0.3764,0.367,0.3689,0.3764,0.3764,0.3783,0.4026,0.367,0.379
148,0.3783,0.3764,0.3895,0.4026,0.3764,0.367,0.3689,0.3764,0.3764,0.3783,0.4026,0.367,0.379
149,0.3783,0.3764,0.3895,0.4026,0.3764,0.367,0.3689,0.3764,0.3764,0.3783,0.4026,0.367,0.379
150,0.3783,0.3764,0.3895,0.4026,0.3764,0.367,0.3764,0.3764,0.3764,0.3783,0.4026,0.367,0.3798
151,0.3783,0.3764,0.3895,0.4026,0.3764,0.367,0.3764,0.3764,0.3764,0.3783,0.4026,0.367,0.3798
152,0.3783,0.3764,0.3895,0.4026,0.3764,0.367,0.3764,0.3764,0.3764,0.3783,0.4026,0.367,0.3798
153,0.3783,0.3764,0.3895,0.4026,0.3764,0.367,0.3764,0.3764,0.3764,0.3783,0.4026,0.367,0.3798
154,0.3783,0.3764,0.3895,0.4026,0.3764,0.367,0.3764,0.3764,0.3764,0.3783,0.4026,0.367,0.3798
155,0.3783,0.3764,0.3895,0.4026,0.3764,0.367,0.3764,0.3764,0.3764,0.3783,0.4026,0.367,0.3798
156,0.3783,0.3764,0.3895,0.4026,0.3764,0.367,0.3764,0.3764,0.3764,0.3783,0.4026,0.367,0.3798
157,0.3783,0.3764,0.3895,0.4026,0.3764,0.367,0.3764,0.3764,0.3764,0.3783,0.4026,0.367,0.3798
158,0.3783,0.3764,0.3895,0.4026,0.3764,0.367,0.3764,0.3764,0.3764,0.3783,0.4026,0.367,0.3798
159,0.3783,0.3764,0.3895,0.4026,0.3764,0.367,0.3764,0.3764,0.3764,0.3783,0.4026,0.367,0.3798
160,0.3783,0.3764,0.3895,0.4026,0.3764,0.367,0.3764,0.3764,0.3764,0.3783,0.4026,0.367,0.3798
161,0.3783,0.3764,0.3895,0.4026,0.3764,0.367,0.3764,0.3764,0.3764,0.3783,0.4026,0.367,0.3798
162,0.3783,0.3764,0.3895,0.4026,0.3764,0.367,0.3764,0.3764,0.3764,0.3783,0.4026,0.367,0.3798
163,0.3783,0.3764,0.3895,0.4026,0.3764,0.367,0.3764,0.3764,0.3764,0.3783,0.4026,0.367,0.3798
164,0.3783,0.3764,0.3895,0.4026,0.3764,0.367,0.3764,0.3764,0.3764,0.3783,0.4026,0.367,0.3798
165,0.3783,0.3764,0.3895,0.4026,0.3764,0.367,0.3764,0.3764,0.3764,0.3783,0.4026,0.367,0.3798
166,0.3783,0.3764,0.3895,0.4026,0.3764,0.367,0.3764,0.3764,0.3764,0.3783,0.4026,0.367,0.3798
167,0.3783,0.3764,0.3895,0.4026,0.3764,0.367,0.3764,0.3764,0.3764,0.3783,0.4026,0.367,0.3798
168,0.3783,0.3764,0.3895,0.4026,0.3764,0.367,0.3764,0.3764,0.3764,0.3783,0.4026,0.367,0.3798
169,0.3783,0.3764,0.3895,0.4026,0.3764,0.367,0.3764,0.3764,0.3764,0.3783,0.4026,0.367,0.3798
170,0.3783,0.3764,0.3895,0.4026,0.3764,0.367,0.3764,0.3764,0.3764,0.3783,0.4026,0.367,0.3798
171,0.3783,0.3764,0.3895,0.4026,0.3764,0.367,0.3764,0.3764,0.3764,0.3783,0.4026,0.367,0.3798
172,0.3783,0.3764,0.3895,0.4026,0.3764,0.367,0.3764,0.3764,0.3764,0.3783,0.4026,0.367,0.3798
173,0.3783,0.3764,0.3895,0.4026,0.3764,0.367,0.3764,0.3764,0.3764,0.3783,0.4026,0.367,0.3798
174,0.3783,0.3764,0.3895,0.4026,0.3764,0.367,0.3764,0.3764,0.3764,0.3783,0.4026,0.367,0.3798
175,0.3783,0.3764,0.3895,0.4026,0.3764,0.367,0.3783,0.3764,0.3764,0.3783,0.4026,0.367,0.38
176,0.3783,0.3764,0.3895,0.4026,0.3764,0.367,0.3783,0.3764,0.3764,0.3783,0.4026,0.367,0.38
177,0.3783,0.3764,0.3895,0.4026,0.3764,0.367,0.3783,0.3764,0.3764,0.3783,0.4026,0.367,0.38
178,0.3783,0.3764,0.3895,0.4026,0.3764,0.367,0.3783,0.3764,0.3764,0.3783,0.4026,0.367,0.38
179,0.3783,0.3764,0.3895,0.4026,0.3764,0.367,0.3783,0.3764,0.3764,0.3783,0.4026,0.367,0.38
180,0.3783,0.3764,0.3895,0.4026,0.3764,0.367,0.3783,0.3764,0.3764,0.3783,0.4026,0.367,0.38
181,0.3783,0.3764,0.3895,0.4026,0.3764,0.367,0.3783,0.3764,0.3764,0.3783,0.4026,0.367,0.38
182,0.3783,0.3764,0.3895,0.4026,0.3764,0.367,0.3783,0.3783,0.3764,0.3783,0.4026,0.367,0.3801
183,0.3783,0.3764,0.3895,0.4026,0.3764,0.367,0.3783,0.3783,0.3764,0.3783,0.4026,0.367,0.3801
184,0.3783,0.3764,0.3895,0.4026,0.3764,0.367,0.3783,0.3783,0.3764,0.3783,0.4026,0.367,0.3801
185,0.3783,0.3764,0.3895,0.4026,0.3764,0.367,0.3783,0.3783,0.3764,0.3783,0.4026,0.367,0.3801
186,0.3783,0.3764,0.3895,0.4026,0.3764,0.367,0.3783,0.3783,0.3764,0.3783,0.4026,0.367,0.3801
187,0.3783,0.3764,0.3895,0.4026,0.3764,0.367,0.3783,0.3783,0.3764,0.3783,0.4026,0.367,0.3801
188,0.3783,0.3764,0.3895,0.4026,0.3764,0.367,0.3801,0.3783,0.3764,0.3783,0.4026,0.367,0.3803
189,0.3783,0.3764,0.3895,0.4026,0.3764,0.367,0.3801,0.3783,0.3764,0.3783,0.4026,0.367,0.3803
190,0.3783,0.3764,0.3895,0.4026,0.3764,0.367,0.3801,0.3783,0.3764,0.3783,0.4026,0.367,0.3803
191,0.3783,0.3764,0.3895,0.4026,0.3764,0.367,0.3801,0.3783,0.3764,0.3783,0.4026,0.367,0.3803
192,0.3783,0.3764,0.3895,0.4026,0.3764,0.367,0.3801,0.3783,0.3764,0.3783,0.4026,0.367,0.3803
193,0.3839,0.3764,0.3895,0.4026,0.3764,0.367,0.3801,0.3783,0.3764,0.3783,0.4026,0.367,0.3809
194,0.3839,0.3764,0.3895,0.4026,0.3764,0.367,0.3801,0.3783,0.3764,0.3783,0.4026,0.367,0.3809
195,0.3839,0.3764,0.3895,0.4026,0.3764,0.367,0.3801,0.3783,0.3764,0.3783,0.4026,0.367,0.3809
196,0.3839,0.3764,0.3895,0.4026,0.3764,0.3764,0.3801,0.3783,0.3764,0.3783,0.4026,0.3764,0.3818
197,0.3839,0.3764,0.3895,0.4026,0.3764,0.3764,0.3801,0.3783,0.3764,0.3783,0.4026,0.3764,0.3818
198,0.3839,0.3764,0.3895,0.4026,0.3764,0.3764,0.3801,0.3783,0.3764,0.3783,0.4026,0.3764,0.3818
199,0.3839,0.3764,0.3895,0.4026,0.3764,0.3764,0.3801,0.3783,0.3764,0.3783,0.4026,0.3764,0.3818
200,0.3839,0.3764,0.3895,0.4026,0.3764,0.3764,0.3801,0.3783,0.3764,0.3783,0.4026,0.3764,0.3818
201,0.3839,0.3764,0.3895,0.4026,0.3764,0.3764,0.3801,0.3783,0.3764,0.3783,0.4026,0.3764,0.3818
202,0.3839,0.3764,0.3895,0.4026,0.3764,0.3764,0.3801,0.3783,0.3764,0.3783,0.4026,0.3764,0.3818
203,0.3839,0.3764,0.3914,0.4026,0.3764,0.3764,0.3801,0.3783,0.3764,0.3783,0.4026,0.3764,0.382
204,0.3839,0.3764,0.3914,0.4026,0.3764,0.3764,0.3801,0.3783,0.3764,0.3783,0.4026,0.3764,0.382
205,0.3839,0.3764,0.3914,0.4026,0.3764,0.3764,0.3801,0.3783,0.3764,0.3783,0.4026,0.3764,0.382
206,0.3839,0.3764,0.3914,0.4026,0.3764,0.3764,0.3801,0.3783,0.3764,0.3783,0.4026,0.3764,0.382
207,0.3839,0.3764,0.3914,0.4026,0.3764,0.3764,0.3801,0.3783,0.3764,0.3783,0.4026,0.3764,0.382
208,0.3839,0.3764,0.3914,0.4026,0.3764,0.3764,0.3801,0.3783,0.3764,0.3783,0.4026,0.3764,0.382
209,0.3839,0.3764,0.3914,0.4026,0.3764,0.3783,0.3801,0.3783,0.3764,0.3783,0.4026,0.3764,0.3822
210,0.3839,0.3764,0.3914,0.4026,0.3764,0.3783,0.3801,0.3783,0.3764,0.3783,0.4026,0.3764,0.3822
211,0.3839,0.3764,0.3914,0.4026,0.3764,0.3783,0.3801,0.3783,0.3764,0.3783,0.4026,0.3764,0.3822
212,0.3839,0.3764,0.3914,0.4026,0.3764,0.3783,0.3801,0.3783,0.3764,0.3783,0.4026,0.3764,0.3822
213,0.3839,0.3764,0.3914,0.4026,0.3764,0.3783,0.3801,0.3783,0.3764,0.3783,0.4026,0.3764,0.3822
214,0.3839,0.3764,0.3914,0.4026,0.3764,0.3783,0.3801,0.3783,0.3764,0.3783,0.4026,0.3764,0.3822
215,0.3839,0.3764,0.3914,0.4026,0.3764,0.3783,0.3801,0.3783,0.3764,0.3783,0.4026,0.3764,0.3822
216,0.3839,0.3764,0.3914,0.4026,0.3764,0.3783,0.3801,0.3783,0.3764,0.3783,0.4026,0.3764,0.3822
217,0.3839,0.3764,0.3914,0.4026,0.3764,0.3783,0.3801,0.3783,0.3764,0.3783,0.4026,0.3764,0.3822
218,0.3839,0.3764,0.3914,0.4026,0.3764,0.3783,0.3801,0.3783,0.3764,0.3783,0.4026,0.3764,0.3822
219,0.3876,0.3764,0.3933,0.4026,0.3764,0.3783,0.3801,0.3783,0.3764,0.3783,0.4026,0.3764,0.3828
220,0.3876,0.3764,0.3933,0.4026,0.3764,0.3783,0.3801,0.3783,0.3801,0.3783,0.4026,0.3764,0.3831
221,0.3876,0.3764,0.3933,0.4026,0.3764,0.3783,0.3801,0.3783,0.3801,0.3783,0.4026,0.3764,0.3831
222,0.3876,0.3764,0.3933,0.4026,0.3764,0.3783,0.3801,0.3783,0.3801,0.3783,0.4026,0.3764,0.3831
223,0.3876,0.3764,0.3933,0.4026,0.3764,0.3801,0.3801,0.3783,0.3801,0.3783,0.4026,0.3764,0.3833
224,0.3876,0.3764,0.3933,0.4026,0.3764,0.3801,0.3801,0.3783,0.3801,0.3783,0.4026,0.3764,0.3833
225,0.3876,0.3764,0.3933,0.4026,0.3764,0.3801,0.3801,0.3801,0.3801,0.3783,0.4026,0.3764,0.3835
226,0.3876,0.3764,0.3933,0.4026,0.3764,0.3801,0.3801,0.3801,0.3801,0.3783,0.4026,0.3764,0.3835
227,0.3876,0.3764,0.3933,0.4026,0.3764,0.3801,0.3801,0.3801,0.3801,0.3783,0.4026,0.3764,0.3835
228,0.3876,0.3764,0.3933,0.4026,0.3764,0.3801,0.3801,0.3801,0.3801,0.3783,0.4026,0.3764,0.3835
229,0.3876,0.3764,0.3933,0.4026,0.3764,0.3801,0.3801,0.3801,0.3801,0.3783,0.4026,0.3764,0.3835
230,0.3876,0.3764,0.3933,0.4026,0.3764,0.3801,0.3801,0.3801,0.3801,0.3783,0.4026,0.3764,0.3835
231,0.3876,0.3764,0.3933,0.4026,0.3764,0.3801,0.3801,0.3801,0.3801,0.3783,0.4026,0.3764,0.3835
232,0.3876,0.3764,0.3933,0.4026,0.3801,0.3801,0.3801,0.3801,0.3801,0.3783,0.4026,0.3764,0.3839
233,0.3876,0.3764,0.3933,0.4026,0.3801,0.3801,0.3801,0.3801,0.3801,0.3783,0.4026,0.3764,0.3839
234,0.3876,0.3764,0.3933,0.4026,0.3801,0.3801,0.3801,0.3801,0.397,0.3783,0.4026,0.3764,0.3856
235,0.3876,0.3764,0.3933,0.4026,0.3801,0.3801,0.3801,0.3801,0.397,0.3783,0.4026,0.3764,0.3856
236,0.3876,0.3764,0.3933,0.4026,0.3801,0.3801,0.3801,0.3801,0.397,0.3783,0.4026,0.3764,0.3856
237,0.3876,0.3764,0.3933,0.4026,0.3801,0.3801,0.3801,0.3801,0.397,0.3783,0.4026,0.3764,0.3856
238,0.3876,0.3764,0.3933,0.4026,0.3801,0.3801,0.3801,0.3801,0.397,0.3783,0.4026,0.3764,0.3856
239,0.3876,0.3764,0.3933,0.4026,0.3801,0.3801,0.3801,0.3801,0.397,0.3783,0.4026,0.3764,0.3856
240,0.3876,0.3764,0.3933,0.4026,0.3801,0.3801,0.3801,0.3801,0.397,0.3783,0.4026,0.3764,0.3856
241,0.3876,0.3764,0.3933,0.4026,0.3801,0.3801,0.3801,0.3801,0.397,0.3783,0.4026,0.3764,0.3856
242,0.3876,0.3801,0.3933,0.4026,0.3801,0.3801,0.3801,0.3801,0.397,0.3783,0.4026,0.3783,0.3859
243,0.3876,0.3801,0.3933,0.4026,0.3801,0.3801,0.3801,0.3801,0.397,0.3783,0.4026,0.3783,0.3859
244,0.3876,0.3801,0.3933,0.4026,0.3801,0.3801,0.3801,0.382,0.397,0.3801,0.4026,0.3801,0.3863
245,0.3876,0.3801,0.3933,0.4026,0.3801,0.3801,0.3801,0.382,0.397,0.3801,0.4026,0.3801,0.3863
246,0.3876,0.3801,0.3933,0.4026,0.3801,0.3801,0.3801,0.382,0.397,0.3801,0.4026,0.3801,0.3863
247,0.3876,0.3801,0.3933,0.4026,0.3801,0.3801,0.3801,0.382,0.397,0.3801,0.4026,0.3801,0.3863
248,0.3876,0.3801,0.3933,0.4026,0.3801,0.3801,0.3801,0.382,0.397,0.3801,0.4026,0.3801,0.3863
249,0.3876,0.3801,0.3933,0.4026,0.3801,0.3801,0.3801,0.382,0.397,0.3801,0.4026,0.3801,0.3863
250,0.3876,0.3801,0.3933,0.4251,0.3801,0.3801,0.3801,0.382,0.397,0.3801,0.4251,0.3801,0.3886
251,0.3876,0.3801,0.3933,0.4251,0.3801,0.3801,0.3801,0.382,0.397,0.3801,0.4251,0.3801,0.3886
252,0.3876,0.3801,0.3933,0.4251,0.3801,0.3801,0.3801,0.382,0.397,0.3801,0.4251,0.3801,0.3886
253,0.3876,0.3801,0.3933,0.4251,0.3801,0.3801,0.3801,0.382,0.397,0.3801,0.4251,0.3801,0.3886
254,0.3876,0.3801,0.3933,0.4251,0.3801,0.3801,0.3801,0.3858,0.397,0.3801,0.4251,0.3801,0.3889
255,0.3876,0.3801,0.3933,0.4251,0.3801,0.3801,0.3801,0.3858,0.397,0.3801,0.4251,0.3801,0.3889
256,0.3876,0.3801,0.3933,0.4251,0.3801,0.3801,0.3801,0.3858,0.397,0.3801,0.4251,0.3801,0.3889
257,0.3876,0.3801,0.3933,0.4251,0.3801,0.3801,0.3801,0.3858,0.397,0.3801,0.4251,0.3801,0.3889
258,0.3876,0.3801,0.3933,0.4251,0.3801,0.3801,0.3801,0.3858,0.397,0.3801,0.4251,0.3801,0.3889
259,0.3876,0.3801,0.3933,0.4251,0.3801,0.3801,0.3801,0.3858,0.397,0.3801,0.4251,0.3801,0.3889
260,0.3876,0.3801,0.3933,0.4251,0.3801,0.3801,0.3801,0.3858,0.397,0.3801,0.4251,0.3801,0.3889
261,0.3876,0.3801,0.3933,0.4251,0.3801,0.3801,0.3801,0.3858,0.397,0.3801,0.4251,0.3801,0.3889
262,0.3876,0.3801,0.3933,0.4251,0.3801,0.3801,0.3801,0.3858,0.397,0.3801,0.4251,0.3801,0.3889
263,0.3876,0.3801,0.3933,0.4251,0.3801,0.3801,0.3801,0.3858,0.397,0.3801,0.4251,0.3801,0.3889
264,0.3876,0.3801,0.3933,0.4251,0.3801,0.3801,0.3801,0.3858,0.397,0.3801,0.4251,0.3801,0.3889
265,0.3876,0.3801,0.3933,0.4251,0.3801,0.3801,0.3801,0.3858,0.397,0.3801,0.4251,0.3801,0.3889
266,0.3876,0.3801,0.3933,0.4251,0.3801,0.3801,0.3801,0.3858,0.397,0.3801,0.4251,0.3801,0.3889
267,0.3876,0.3801,0.3933,0.4251,0.3801,0.3801,0.3801,0.3858,0.397,0.3801,0.4251,0.3801,0.3889
268,0.3876,0.3801,0.3933,0.4251,0.3801,0.3801,0.3801,0.3858,0.397,0.382,0.4251,0.3801,0.3891
269,0.3876,0.3801,0.3933,0.4251,0.3801,0.3801,0.3801,0.3858,0.397,0.382,0.4251,0.3801,0.3891
270,0.3876,0.3801,0.3933,0.4251,0.3801,0.3801,0.3801,0.3858,0.397,0.382,0.4251,0.3801,0.3891
271,0.3876,0.3801,0.3933,0.4251,0.3801,0.3801,0.3801,0.3858,0.397,0.382,0.4251,0.3801,0.3891
272,0.3876,0.3801,0.3933,0.4251,0.3801,0.3801,0.3801,0.3858,0.397,0.382,0.4251,0.3801,0.3891
273,0.3876,0.3801,0.3933,0.4251,0.3801,0.3801,0.3801,0.3858,0.397,0.382,0.4251,0.3801,0.3891
274,0.3876,0.3801,0.3933,0.4251,0.3801,0.3801,0.3801,0.3858,0.397,0.382,0.4251,0.3801,0.3891
275,0.3876,0.3801,0.3933,0.4251,0.3801,0.3801,0.3801,0.3895,0.397,0.382,0.4251,0.3801,0.3895
276,0.3876,0.3801,0.3933,0.4251,0.3801,0.3801,0.3801,0.3895,0.397,0.382,0.4251,0.3801,0.3895
277,0.3876,0.3801,0.3933,0.4251,0.3801,0.3801,0.3801,0.3895,0.397,0.382,0.4251,0.3801,0.3895
278,0.3876,0.3801,0.3933,0.4251,0.3801,0.3801,0.3801,0.3895,0.397,0.382,0.4251,0.3801,0.3895
279,0.3876,0.3801,0.3933,0.4251,0.3801,0.3801,0.3801,0.3895,0.397,0.382,0.4251,0.3801,0.3895
280,0.3876,0.3801,0.3933,0.4251,0.3801,0.3801,0.3801,0.3895,0.397,0.382,0.4251,0.3801,0.3895
281,0.3876,0.3801,0.3933,0.4251,0.3801,0.3801,0.3801,0.3895,0.397,0.382,0.4251,0.3801,0.3895
282,0.3876,0.3801,0.3933,0.4251,0.3801,0.3801,0.3801,0.3895,0.397,0.382,0.4251,0.3801,0.3895
283,0.3876,0.3801,0.3951,0.4251,0.3801,0.3801,0.3801,0.3895,0.397,0.382,0.4251,0.3801,0.3897
284,0.3876,0.3801,0.3951,0.4251,0.3801,0.3801,0.3801,0.3895,0.397,0.382,0.4251,0.3801,0.3897
285,0.3876,0.3801,0.3951,0.4251,0.3801,0.3801,0.3801,0.3895,0.397,0.382,0.4251,0.3801,0.3897
286,0.3876,0.3801,0.3951,0.4251,0.3801,0.3801,0.3801,0.3895,0.397,0.382,0.4251,0.3801,0.3897
287,0.3876,0.3801,0.3951,0.4251,0.3801,0.3801,0.3801,0.3895,0.397,0.382,0.4251,0.3801,0.3897
288,0.3876,0.3801,0.3951,0.4251,0.3801,0.3801,0.3801,0.3895,0.397,0.382,0.4251,0.3801,0.3897
289,0.3876,0.3801,0.3951,0.4251,0.3801,0.3801,0.3801,0.3895,0.397,0.382,0.4251,0.3801,0.3897
290,0.3876,0.3801,0.3951,0.4251,0.3801,0.3801,0.3801,0.3895,0.397,0.3858,0.4251,0.3801,0.3901
291,0.3876,0.3801,0.3951,0.4251,0.3801,0.3801,0.3801,0.3895,0.397,0.3858,0.4251,0.3801,0.3901
292,0.3876,0.3801,0.3951,0.4251,0.3801,0.3801,0.3801,0.3895,0.397,0.3858,0.4251,0.3801,0.3901
293,0.3876,0.3801,0.3951,0.4251,0.3801,0.3801,0.3801,0.3895,0.397,0.3858,0.4251,0.3801,0.3901
294,0.3876,0.3801,0.3951,0.4251,0.3801,0.3801,0.3801,0.3895,0.397,0.3858,0.4251,0.3801,0.3901
295,0.3876,0.3801,0.3951,0.4251,0.3801,0.3801,0.3801,0.3895,0.397,0.3858,0.4251,0.3801,0.3901
296,0.3876,0.3801,0.3951,0.4251,0.3801,0.3801,0.3801,0.3895,0.397,0.3858,0.4251,0.3801,0.3901
297,0.3876,0.3801,0.3951,0.4251,0.3801,0.3801,0.3801,0.3895,0.397,0.3858,0.4251,0.3801,0.3901
298,0.3876,0.3801,0.3951,0.4251,0.3801,0.3801,0.3801,0.3895,0.397,0.3858,0.4251,0.3801,0.3901
299,0.3876,0.3801,0.3951,0.4251,0.3801,0.3801,0.3801,0.3895,0.397,0.3858,0.4251,0.3801,0.3901
300,0.3876,0.382,0.3951,0.4251,0.3801,0.3801,0.3801,0.3895,0.397,0.3858,0.4251,0.3801,0.3902
301,0.3933,0.382,0.3951,0.4251,0.3801,0.3801,0.3801,0.3895,0.397,0.3858,0.4251,0.3801,0.3908
302,0.3933,0.382,0.3951,0.4251,0.3801,0.3801,0.3801,0.3895,0.397,0.3858,0.4251,0.3801,0.3908
303,0.3933,0.382,0.3951,0.4251,0.3801,0.3801,0.3801,0.3895,0.397,0.3858,0.4251,0.3801,0.3908
304,0.3933,0.382,0.3951,0.4251,0.3801,0.3801,0.3801,0.3895,0.397,0.3858,0.4251,0.3801,0.3908
305,0.3933,0.382,0.3951,0.427,0.3801,0.3801,0.3801,0.3895,0.397,0.3858,0.427,0.3801,0.391
306,0.3933,0.382,0.3951,0.427,0.3801,0.3801,0.3801,0.3895,0.397,0.3858,0.427,0.3801,0.391
307,0.3933,0.382,0.3951,0.427,0.3801,0.3801,0.3801,0.3895,0.397,0.3858,0.427,0.3801,0.391
308,0.3933,0.382,0.3951,0.427,0.3801,0.3801,0.382,0.3895,0.397,0.3858,0.427,0.3801,0.3912
309,0.3933,0.382,0.3951,0.427,0.3801,0.3801,0.382,0.3895,0.3989,0.3858,0.427,0.3801,0.3914
310,0.3933,0.382,0.3951,0.427,0.3801,0.3801,0.382,0.3895,0.3989,0.3858,0.427,0.3801,0.3914
311,0.3933,0.382,0.3951,0.427,0.3801,0.3801,0.382,0.3895,0.3989,0.3858,0.427,0.3801,0.3914
312,0.3933,0.382,0.3951,0.427,0.3801,0.3801,0.382,0.3895,0.3989,0.3858,0.427,0.3801,0.3914
313,0.3933,0.382,0.3951,0.427,0.3801,0.3801,0.382,0.3895,0.3989,0.3858,0.427,0.3801,0.3914
314,0.3933,0.382,0.3951,0.427,0.3801,0.3801,0.382,0.3895,0.3989,0.3858,0.427,0.3801,0.3914
315,0.3933,0.382,0.3951,0.427,0.3801,0.3801,0.382,0.3895,0.3989,0.3858,0.427,0.3801,0.3914
316,0.3933,0.382,0.3951,0.427,0.3801,0.3801,0.382,0.3895,0.3989,0.3858,0.427,0.3801,0.3914
317,0.3933,0.382,0.3951,0.427,0.3801,0.3801,0.382,0.3895,0.3989,0.3858,0.427,0.3801,0.3914
318,0.3933,0.382,0.3951,0.427,0.3801,0.3801,0.382,0.3895,0.3989,0.3858,0.427,0.3801,0.3914
319,0.3933,0.382,0.3951,0.427,0.3801,0.3801,0.382,0.3895,0.3989,0.3858,0.427,0.3801,0.3914
320,0.3933,0.382,0.3951,0.427,0.3801,0.3801,0.382,0.3895,0.3989,0.3858,0.427,0.3801,0.3914
321,0.3933,0.382,0.3951,0.427,0.3801,0.3801,0.382,0.3895,0.3989,0.3858,0.427,0.3801,0.3914
322,0.3933,0.382,0.3951,0.427,0.3801,0.3801,0.382,0.3895,0.3989,0.3858,0.427,0.3801,0.3914
323,0.3933,0.382,0.3951,0.427,0.3801,0.3801,0.382,0.3895,0.3989,0.3858,0.427,0.3801,0.3914
324,0.3933,0.382,0.3951,0.427,0.3801,0.3801,0.382,0.3895,0.3989,0.3858,0.427,0.3801,0.3914
325,0.3933,0.382,0.3951,0.427,0.3801,0.3801,0.382,0.3895,0.3989,0.3858,0.427,0.3801,0.3914
326,0.3933,0.382,0.3951,0.427,0.3801,0.3801,0.382,0.3895,0.3989,0.3858,0.427,0.3801,0.3914
327,0.3933,0.382,0.3951,0.427,0.3801,0.3801,0.382,0.3895,0.3989,0.3858,0.427,0.3801,0.3914
328,0.3933,0.382,0.3951,0.427,0.3801,0.3801,0.382,0.3895,0.3989,0.3858,0.427,0.3801,0.3914
329,0.3933,0.382,0.3951,0.427,0.3801,0.3801,0.382,0.3895,0.3989,0.3858,0.427,0.3801,0.3914
330,0.3933,0.382,0.3951,0.427,0.3801,0.3801,0.382,0.3895,0.3989,0.3858,0.427,0.3801,0.3914
331,0.3933,0.382,0.3951,0.427,0.3801,0.3801,0.382,0.3895,0.3989,0.3858,0.427,0.3801,0.3914
332,0.3933,0.382,0.3951,0.427,0.3895,0.3801,0.382,0.3895,0.3989,0.3858,0.427,0.3801,0.3923
333,0.3933,0.382,0.3951,0.427,0.3895,0.3801,0.382,0.3895,0.3989,0.3858,0.427,0.3801,0.3923
334,0.3933,0.382,0.3951,0.427,0.3895,0.3801,0.382,0.3895,0.3989,0.3858,0.427,0.3801,0.3923
335,0.3933,0.382,0.3951,0.427,0.3895,0.3801,0.382,0.3895,0.3989,0.3858,0.427,0.3801,0.3923
336,0.3933,0.382,0.3951,0.427,0.3895,0.3801,0.382,0.3895,0.3989,0.3858,0.427,0.3801,0.3923
337,0.3933,0.382,0.3951,0.427,0.3895,0.3801,0.382,0.3895,0.3989,0.3858,0.427,0.3801,0.3923
338,0.3933,0.382,0.3951,0.427,0.3895,0.3801,0.382,0.3895,0.3989,0.3858,0.427,0.3801,0.3923
339,0.3933,0.382,0.3951,0.427,0.3895,0.3801,0.382,0.3895,0.3989,0.3858,0.427,0.3801,0.3923
340,0.3933,0.382,0.3951,0.427,0.3895,0.3801,0.382,0.3895,0.3989,0.3858,0.427,0.3801,0.3923
341,0.3933,0.382,0.3951,0.427,0.3895,0.3801,0.382,0.3895,0.3989,0.3858,0.427,0.3801,0.3923
342,0.3933,0.382,0.3951,0.427,0.3895,0.3801,0.382,0.3895,0.3989,0.3858,0.427,0.3801,0.3923
343,0.3933,0.382,0.3951,0.427,0.3895,0.3801,0.382,0.3895,0.3989,0.3858,0.427,0.3801,0.3923
344,0.3933,0.382,0.3951,0.427,0.3895,0.3801,0.382,0.3895,0.3989,0.3858,0.427,0.3801,0.3923
345,0.3933,0.382,0.3951,0.427,0.3895,0.3801,0.382,0.3895,0.3989,0.3858,0.427,0.3801,0.3923
346,0.3933,0.382,0.3951,0.427,0.3895,0.3801,0.382,0.3895,0.3989,0.3858,0.427,0.3801,0.3923
347,0.3933,0.382,0.3951,0.427,0.3895,0.3801,0.382,0.3895,0.3989,0.3858,0.427,0.3801,0.3923
348,0.3933,0.382,0.3951,0.427,0.3895,0.3801,0.382,0.3895,0.3989,0.3858,0.427,0.3801,0.3923
349,0.3933,0.382,0.3951,0.427,0.3895,0.3801,0.382,0.3895,0.3989,0.3858,0.427,0.3801,0.3923
350,0.3933,0.382,0.3951,0.427,0.3895,0.3801,0.382,0.3895,0.3989,0.3858,0.427,0.3801,0.3923
351,0.3933,0.382,0.3951,0.427,0.3895,0.3801,0.382,0.3895,0.3989,0.3858,0.427,0.3801,0.3923
352,0.3933,0.382,0.3951,0.427,0.3895,0.3801,0.382,0.3895,0.3989,0.3858,0.427,0.3801,0.3923
353,0.3933,0.382,0.3951,0.427,0.3895,0.3801,0.382,0.3895,0.3989,0.3858,0.427,0.3801,0.3923
354,0.3933,0.382,0.3951,0.427,0.3895,0.3801,0.382,0.3895,0.3989,0.3858,0.427,0.3801,0.3923
355,0.3933,0.382,0.3951,0.427,0.3895,0.3801,0.382,0.3895,0.3989,0.3858,0.427,0.3801,0.3923
356,0.3933,0.382,0.4232,0.427,0.3895,0.3801,0.382,0.3895,0.3989,0.3858,0.427,0.3801,0.3951
357,0.3933,0.382,0.4232,0.427,0.3895,0.3801,0.382,0.3895,0.3989,0.3858,0.427,0.3801,0.3951
358,0.3933,0.382,0.4232,0.427,0.3895,0.3801,0.382,0.3895,0.3989,0.3858,0.427,0.3801,0.3951
359,0.3933,0.382,0.4232,0.427,0.3895,0.3801,0.382,0.3895,0.3989,0.3858,0.427,0.3801,0.3951
360,0.3933,0.382,0.4232,0.427,0.3895,0.3801,0.382,0.3895,0.3989,0.3858,0.427,0.3801,0.3951
361,0.3933,0.382,0.4232,0.427,0.3895,0.3801,0.382,0.3895,0.3989,0.3858,0.427,0.3801,0.3951
362,0.3933,0.382,0.4232,0.427,0.3895,0.3801,0.382,0.3895,0.3989,0.3858,0.427,0.3801,0.3951
363,0.3933,0.382,0.4232,0.427,0.3895,0.3801,0.382,0.3895,0.3989,0.3858,0.427,0.3801,0.3951
364,0.3933,0.382,0.4232,0.427,0.3895,0.3801,0.382,0.3895,0.3989,0.3858,0.427,0.3801,0.3951
365,0.3933,0.382,0.4232,0.427,0.3895,0.3801,0.382,0.3895,0.3989,0.3858,0.427,0.3801,0.3951
366,0.3933,0.382,0.4232,0.427,0.3895,0.3801,0.382,0.3895,0.3989,0.3858,0.427,0.3801,0.3951
367,0.3933,0.382,0.4232,0.427,0.3895,0.3801,0.382,0.3895,0.3989,0.3858,0.427,0.3801,0.3951
368,0.3933,0.382,0.4232,0.427,0.3895,0.3801,0.382,0.3895,0.3989,0.3858,0.427,0.3801,0.3951
369,0.3933,0.382,0.4232,0.427,0.3895,0.3801,0.382,0.3895,0.3989,0.3858,0.427,0.3801,0.3951
370,0.3933,0.382,0.4232,0.427,0.3895,0.3801,0.382,0.3895,0.4026,0.3858,0.427,0.3801,0.3955
371,0.3933,0.382,0.4232,0.427,0.3895,0.3801,0.382,0.3895,0.4026,0.3858,0.427,0.3801,0.3955
372,0.3933,0.382,0.4232,0.427,0.3895,0.3801,0.382,0.3895,0.4026,0.3858,0.427,0.3801,0.3955
373,0.3933,0.382,0.4232,0.427,0.3895,0.3801,0.382,0.3895,0.4026,0.3858,0.427,0.3801,0.3955
374,0.3933,0.382,0.4232,0.427,0.3895,0.3801,0.382,0.3895,0.4026,0.3858,0.427,0.3801,0.3955
375,0.3951,0.382,0.4232,0.427,0.4026,0.3801,0.382,0.3895,0.4026,0.3858,0.427,0.3801,0.397
376,0.3951,0.382,0.4232,0.427,0.4026,0.3801,0.382,0.3895,0.4026,0.3858,0.427,0.3801,0.397
377,0.3951,0.382,0.4232,0.427,0.4026,0.3801,0.382,0.3895,0.4026,0.3858,0.427,0.3801,0.397
378,0.3951,0.382,0.4232,0.427,0.4026,0.3801,0.382,0.3895,0.4026,0.3858,0.427,0.3801,0.397
379,0.3951,0.382,0.4232,0.427,0.4026,0.3801,0.382,0.3895,0.4026,0.3858,0.427,0.3801,0.397
380,0.3951,0.382,0.4232,0.427,0.4026,0.3801,0.382,0.3895,0.4026,0.3858,0.427,0.3801,0.397
381,0.3951,0.382,0.4232,0.427,0.4026,0.3801,0.382,0.3895,0.4026,0.3858,0.427,0.3801,0.397
382,0.3951,0.382,0.4232,0.427,0.4026,0.3801,0.382,0.3895,0.4026,0.3858,0.427,0.3801,0.397
383,0.3951,0.382,0.4232,0.427,0.4026,0.3801,0.382,0.3895,0.4026,0.3858,0.427,0.3801,0.397
384,0.3951,0.382,0.4232,0.427,0.4026,0.3801,0.382,0.3895,0.4026,0.3858,0.427,0.3801,0.397
385,0.3951,0.382,0.4232,0.4307,0.4026,0.3801,0.382,0.3895,0.4026,0.3858,0.4307,0.3801,0.3974
386,0.3951,0.382,0.4232,0.4307,0.4026,0.3801,0.382,0.3895,0.4026,0.3858,0.4307,0.3801,0.3974
387,0.3951,0.382,0.4232,0.4307,0.4026,0.3801,0.382,0.3895,0.4026,0.3858,0.4307,0.3801,0.3974
388,0.3951,0.382,0.4232,0.4307,0.4026,0.3801,0.382,0.3895,0.4026,0.3858,0.4307,0.3801,0.3974
389,0.3951,0.382,0.4232,0.4307,0.4026,0.3801,0.382,0.3895,0.4026,0.3858,0.4307,0.3801,0.3974
390,0.3951,0.382,0.4232,0.4307,0.4026,0.3801,0.382,0.3895,0.4026,0.3858,0.4307,0.3801,0.3974
391,0.3951,0.382,0.4232,0.4307,0.4026,0.3801,0.382,0.3895,0.4026,0.3858,0.4307,0.3801,0.3974
392,0.3951,0.382,0.4232,0.4307,0.4026,0.3801,0.382,0.3895,0.4026,0.3858,0.4307,0.3801,0.3974
393,0.3951,0.382,0.4232,0.4307,0.4026,0.3801,0.382,0.3895,0.4026,0.3858,0.4307,0.3801,0.3974
394,0.3951,0.382,0.4232,0.4307,0.4026,0.3801,0.382,0.3895,0.4026,0.3858,0.4307,0.3801,0.3974
395,0.3951,0.382,0.4232,0.4307,0.4026,0.3801,0.382,0.3895,0.4026,0.3858,0.4307,0.3801,0.3974
396,0.3951,0.382,0.4232,0.4307,0.4026,0.3801,0.382,0.3895,0.4026,0.3858,0.4307,0.3801,0.3974
397,0.3951,0.382,0.4232,0.4307,0.4026,0.3801,0.382,0.3895,0.4026,0.3858,0.4307,0.3801,0.3974
398,0.3951,0.382,0.4232,0.4307,0.4026,0.3801,0.382,0.3895,0.4026,0.3858,0.4307,0.3801,0.3974
399,0.3951,0.382,0.4232,0.4307,0.4026,0.3801,0.382,0.3895,0.4026,0.3895,0.4307,0.3801,0.3977
400,0.3951,0.382,0.4232,0.4307,0.4026,0.3801,0.382,0.3895,0.4026,0.3895,0.4307,0.3801,0.3977
401,0.3951,0.382,0.4232,0.4307,0.4026,0.3801,0.382,0.3895,0.4026,0.3895,0.4307,0.3801,0.3977
402,0.3951,0.382,0.4232,0.4307,0.4026,0.3801,0.382,0.3895,0.4026,0.3895,0.4307,0.3801,0.3977
403,0.3951,0.382,0.4232,0.4307,0.4026,0.3801,0.382,0.3895,0.4026,0.3895,0.4307,0.3801,0.3977
404,0.3951,0.382,0.4232,0.4307,0.4026,0.3801,0.382,0.3895,0.4026,0.3895,0.4307,0.3801,0.3977
405,0.3951,0.382,0.4232,0.4307,0.4026,0.3801,0.382,0.3895,0.4026,0.3895,0.4307,0.3801,0.3977
406,0.3951,0.382,0.4232,0.4307,0.4026,0.3801,0.382,0.3895,0.4026,0.3895,0.4307,0.3801,0.3977
407,0.3951,0.382,0.4232,0.4307,0.4026,0.3801,0.382,0.3895,0.4026,0.3895,0.4307,0.3801,0.3977
408,0.3951,0.382,0.4232,0.4307,0.4026,0.3801,0.382,0.3895,0.4026,0.3895,0.4307,0.3801,0.3977
409,0.3951,0.382,0.4232,0.4307,0.4026,0.3801,0.382,0.3895,0.4026,0.3895,0.4307,0.3801,0.3977
410,0.3951,0.382,0.4232,0.4307,0.4026,0.3801,0.382,0.3895,0.4026,0.3895,0.4307,0.3801,0.3977
411,0.3951,0.382,0.4232,0.4307,0.4026,0.3801,0.382,0.3895,0.4026,0.3895,0.4307,0.3801,0.3977
412,0.3951,0.382,0.4232,0.4307,0.4026,0.3801,0.382,0.3895,0.4026,0.3895,0.4307,0.3801,0.3977
413,0.3951,0.382,0.4232,0.4307,0.4026,0.3801,0.382,0.3895,0.4026,0.3895,0.4307,0.3801,0.3977
414,0.3951,0.382,0.4232,0.4307,0.4026,0.3801,0.382,0.3895,0.4026,0.3895,0.4307,0.3801,0.3977
415,0.3951,0.382,0.4232,0.4307,0.4026,0.3801,0.382,0.3895,0.4026,0.3895,0.4307,0.3801,0.3977
416,0.3951,0.382,0.4232,0.4307,0.4026,0.3801,0.382,0.3895,0.4026,0.3895,0.4307,0.3801,0.3977
417,0.3951,0.382,0.4232,0.4307,0.4026,0.3801,0.382,0.3895,0.4026,0.3895,0.4307,0.3801,0.3977
418,0.3951,0.382,0.4232,0.4307,0.4026,0.3801,0.382,0.3895,0.4026,0.3895,0.4307,0.3801,0.3977
419,0.3951,0.382,0.4232,0.4307,0.4026,0.3801,0.382,0.3895,0.4026,0.3895,0.4307,0.3801,0.3977
420,0.3951,0.382,0.4232,0.4307,0.4026,0.3801,0.382,0.3895,0.4026,0.3895,0.4307,0.3801,0.3977
421,0.3951,0.382,0.4232,0.4307,0.4026,0.3801,0.382,0.3895,0.4026,0.3895,0.4307,0.3801,0.3977
422,0.3951,0.382,0.4232,0.4307,0.4026,0.3801,0.382,0.3895,0.4026,0.3895,0.4307,0.3801,0.3977
423,0.3951,0.382,0.4232,0.4307,0.4026,0.3801,0.382,0.3895,0.4026,0.3895,0.4307,0.3801,0.3977
424,0.3951,0.382,0.4232,0.4307,0.4026,0.3801,0.382,0.3895,0.4026,0.3895,0.4307,0.3801,0.3977
425,0.3951,0.382,0.4232,0.4307,0.4026,0.3801,0.382,0.3895,0.4026,0.3895,0.4307,0.3801,0.3977
426,0.3951,0.382,0.4232,0.4307,0.4026,0.3801,0.382,0.3895,0.4026,0.3895,0.4307,0.3801,0.3977
427,0.3951,0.382,0.4232,0.4307,0.4026,0.3801,0.382,0.3895,0.4026,0.3895,0.4307,0.3801,0.3977
428,0.3951,0.382,0.4232,0.4307,0.4026,0.3801,0.382,0.3895,0.4026,0.3895,0.4307,0.3801,0.3977
429,0.3951,0.382,0.4232,0.4307,0.4026,0.3801,0.382,0.3895,0.4026,0.3895,0.4307,0.3801,0.3977
430,0.3951,0.382,0.4232,0.4307,0.4026,0.3801,0.382,0.3895,0.4026,0.3895,0.4307,0.3801,0.3977
431,0.3951,0.382,0.4232,0.4307,0.4026,0.3801,0.382,0.3895,0.4026,0.3895,0.4307,0.3801,0.3977
432,0.3951,0.382,0.4232,0.4307,0.4026,0.3801,0.3858,0.3895,0.4026,0.3895,0.4307,0.3801,0.3981
433,0.3951,0.382,0.4232,0.4307,0.4026,0.3801,0.3858,0.3895,0.4026,0.3895,0.4307,0.3801,0.3981
434,0.3951,0.382,0.4232,0.4307,0.4026,0.3801,0.3858,0.3895,0.4026,0.3895,0.4307,0.3801,0.3981
435,0.3951,0.382,0.4232,0.4307,0.4026,0.3801,0.3858,0.3895,0.4026,0.3895,0.4307,0.3801,0.3981
436,0.3951,0.382,0.4232,0.4307,0.4026,0.3801,0.3858,0.3895,0.4026,0.3895,0.4307,0.3801,0.3981
437,0.3951,0.382,0.4232,0.4307,0.4026,0.3801,0.3858,0.3895,0.4026,0.3895,0.4307,0.3801,0.3981
438,0.3951,0.382,0.4232,0.4307,0.4026,0.3801,0.3858,0.3895,0.4026,0.3895,0.4307,0.3801,0.3981
439,0.3951,0.382,0.4232,0.4307,0.4026,0.3801,0.3858,0.3895,0.4026,0.3895,0.4307,0.3801,0.3981
440,0.3951,0.382,0.4232,0.4307,0.4026,0.3801,0.3858,0.3895,0.4026,0.3895,0.4307,0.3801,0.3981
441,0.3951,0.382,0.4232,0.4307,0.4026,0.3801,0.3858,0.3895,0.4026,0.3895,0.4307,0.3801,0.3981
442,0.3951,0.382,0.4232,0.4307,0.4026,0.3801,0.3858,0.3895,0.4026,0.3895,0.4307,0.3801,0.3981
443,0.3951,0.382,0.4232,0.4307,0.4026,0.3801,0.3858,0.3895,0.4026,0.3895,0.4307,0.3801,0.3981
444,0.3951,0.382,0.4232,0.4307,0.4026,0.3801,0.3858,0.3895,0.4026,0.3895,0.4307,0.3801,0.3981
445,0.3951,0.382,0.4232,0.4307,0.4026,0.3801,0.3858,0.3895,0.4026,0.3895,0.4307,0.3801,0.3981
446,0.3951,0.382,0.4232,0.4307,0.4026,0.3801,0.3858,0.3895,0.4026,0.3895,0.4307,0.3801,0.3981
447,0.3951,0.382,0.4232,0.4307,0.4045,0.3801,0.3858,0.3895,0.4026,0.3895,0.4307,0.3801,0.3983
448,0.3951,0.382,0.4232,0.4307,0.4045,0.3801,0.3858,0.3895,0.4026,0.3895,0.4307,0.3801,0.3983
449,0.3951,0.382,0.4232,0.4307,0.4045,0.3801,0.3858,0.3895,0.4026,0.3895,0.4307,0.3801,0.3983
450,0.3951,0.382,0.4232,0.4307,0.4045,0.3801,0.3858,0.3895,0.4026,0.3895,0.4307,0.3801,0.3983
451,0.3951,0.382,0.4232,0.4307,0.4045,0.3801,0.3858,0.3895,0.4082,0.3895,0.4307,0.3801,0.3989
452,0.3951,0.382,0.4232,0.4307,0.4045,0.3801,0.3858,0.3895,0.4082,0.3895,0.4307,0.3801,0.3989
453,0.3951,0.382,0.4232,0.4307,0.4045,0.3801,0.3858,0.3895,0.4082,0.3895,0.4307,0.3801,0.3989
454,0.3951,0.382,0.4232,0.4307,0.4045,0.3801,0.3858,0.3895,0.4082,0.3895,0.4307,0.3801,0.3989
455,0.3951,0.382,0.4232,0.4307,0.4045,0.3839,0.3858,0.3895,0.4082,0.3895,0.4307,0.382,0.3992
456,0.3951,0.382,0.4232,0.4307,0.4045,0.3839,0.3858,0.3895,0.4082,0.3895,0.4307,0.382,0.3992
457,0.3951,0.382,0.4232,0.4307,0.4045,0.3839,0.3858,0.3895,0.4082,0.3895,0.4307,0.382,0.3992
458,0.3951,0.382,0.4232,0.4307,0.4045,0.3839,0.3858,0.3895,0.4082,0.3895,0.4307,0.382,0.3992
459,0.3951,0.382,0.4232,0.4307,0.4045,0.3839,0.3858,0.3895,0.4082,0.3895,0.4307,0.382,0.3992
460,0.3951,0.382,0.4232,0.4307,0.4045,0.3839,0.3858,0.3895,0.4082,0.3895,0.4307,0.382,0.3992
461,0.3951,0.382,0.4232,0.4307,0.4045,0.3839,0.3858,0.3895,0.4082,0.3895,0.4307,0.382,0.3992
462,0.3951,0.382,0.4232,0.4307,0.4045,0.3839,0.3858,0.3895,0.4082,0.3895,0.4307,0.382,0.3992
463,0.3951,0.382,0.4232,0.4307,0.427,0.3839,0.3858,0.3895,0.4082,0.3895,0.4307,0.382,0.4015
464,0.3951,0.382,0.4232,0.4307,0.427,0.3839,0.3858,0.3895,0.4082,0.3895,0.4307,0.382,0.4015
465,0.3951,0.382,0.4232,0.4307,0.427,0.3839,0.3858,0.3895,0.4082,0.3895,0.4307,0.382,0.4015
466,0.3951,0.382,0.4232,0.4307,0.427,0.3839,0.3858,0.3895,0.4082,0.3895,0.4307,0.382,0.4015
467,0.3951,0.382,0.4232,0.4307,0.427,0.3839,0.3858,0.3895,0.4082,0.3895,0.4307,0.382,0.4015
468,0.3951,0.382,0.4232,0.4307,0.427,0.3839,0.3858,0.3895,0.4082,0.3895,0.4307,0.382,0.4015
469,0.3951,0.382,0.4232,0.4307,0.427,0.3839,0.3858,0.3895,0.4082,0.3895,0.4307,0.382,0.4015
470,0.3951,0.382,0.4232,0.4307,0.427,0.3839,0.3858,0.3895,0.4082,0.3951,0.4307,0.382,0.4021
471,0.3951,0.382,0.4232,0.4307,0.427,0.3839,0.3858,0.3895,0.4082,0.3951,0.4307,0.382,0.4021
472,0.3951,0.382,0.4232,0.4307,0.427,0.3839,0.3858,0.3895,0.4082,0.3951,0.4307,0.382,0.4021
473,0.3951,0.382,0.4232,0.4307,0.427,0.3839,0.3858,0.3895,0.4082,0.3951,0.4307,0.382,0.4021
474,0.3951,0.382,0.4232,0.4307,0.427,0.3839,0.3858,0.3895,0.4082,0.3951,0.4307,0.382,0.4021
475,0.3951,0.382,0.4232,0.4307,0.427,0.3839,0.3858,0.3895,0.4082,0.3951,0.4307,0.382,0.4021
476,0.3951,0.382,0.4232,0.4307,0.427,0.3839,0.3858,0.3895,0.4082,0.3951,0.4307,0.382,0.4021
477,0.3951,0.382,0.4232,0.4307,0.427,0.3839,0.3858,0.3895,0.4082,0.3951,0.4307,0.382,0.4021
478,0.3951,0.382,0.4232,0.4307,0.427,0.3839,0.3858,0.3895,0.4082,0.3951,0.4307,0.382,0.4021
479,0.3951,0.382,0.4232,0.4307,0.427,0.3839,0.3858,0.3895,0.4082,0.3951,0.4307,0.382,0.4021
480,0.3951,0.382,0.4232,0.4307,0.427,0.3839,0.3858,0.3895,0.4082,0.3951,0.4307,0.382,0.4021
481,0.3951,0.382,0.4232,0.4307,0.427,0.3839,0.3858,0.3895,0.4082,0.3951,0.4307,0.382,0.4021
482,0.3951,0.382,0.4232,0.4307,0.427,0.3839,0.3858,0.3895,0.4082,0.3951,0.4307,0.382,0.4021
483,0.3951,0.382,0.4232,0.4307,0.427,0.3839,0.3858,0.3895,0.4082,0.3951,0.4307,0.382,0.4021
484,0.3951,0.382,0.4232,0.4307,0.427,0.3839,0.3858,0.3895,0.4082,0.3951,0.4307,0.382,0.4021
485,0.3951,0.382,0.4232,0.4307,0.427,0.3839,0.3858,0.3895,0.4082,0.3951,0.4307,0.382,0.4021
486,0.3951,0.382,0.4232,0.4307,0.427,0.3839,0.3858,0.3895,0.4082,0.3951,0.4307,0.382,0.4021
487,0.3951,0.382,0.4232,0.4307,0.427,0.3839,0.3858,0.3895,0.4082,0.3951,0.4307,0.382,0.4021
488,0.3951,0.382,0.4232,0.4307,0.427,0.3839,0.3858,0.3895,0.4082,0.3951,0.4307,0.382,0.4021
489,0.3951,0.382,0.4232,0.4307,0.427,0.3839,0.3858,0.3895,0.4082,0.3951,0.4307,0.382,0.4021
490,0.3951,0.382,0.4232,0.4307,0.427,0.3839,0.3858,0.3895,0.4082,0.3951,0.4307,0.382,0.4021
491,0.3951,0.382,0.4232,0.4307,0.427,0.3839,0.3858,0.3895,0.4082,0.3951,0.4307,0.382,0.4021
492,0.3951,0.382,0.4232,0.4307,0.427,0.3839,0.3858,0.3895,0.4082,0.3951,0.4307,0.382,0.4021
493,0.3951,0.382,0.4232,0.4307,0.427,0.3839,0.3858,0.3895,0.4082,0.3951,0.4307,0.382,0.4021
494,0.3951,0.382,0.4232,0.4307,0.427,0.3839,0.3858,0.3895,0.4082,0.3951,0.4307,0.382,0.4021
495,0.3951,0.382,0.4232,0.4307,0.427,0.3839,0.3858,0.3895,0.4082,0.3951,0.4307,0.382,0.4021
496,0.3951,0.382,0.4232,0.4307,0.427,0.3839,0.3858,0.3895,0.4082,0.3951,0.4307,0.382,0.4021
497,0.3951,0.382,0.4232,0.4307,0.427,0.3839,0.3858,0.3895,0.4082,0.3951,0.4307,0.382,0.4021
498,0.3951,0.382,0.4232,0.4307,0.427,0.3839,0.3858,0.3895,0.4326,0.3951,0.4326,0.382,0.4045
499,0.3951,0.382,0.4232,0.4307,0.427,0.3839,0.3858,0.3895,0.4326,0.3951,0.4326,0.382,0.4045
500,0.3951,0.382,0.4232,0.4307,0.427,0.3839,0.3858,0.3895,0.4326,0.3951,0.4326,0.382,0.4045
501,0.3951,0.382,0.4232,0.4307,0.4307,0.3839,0.3858,0.3895,0.4326,0.3951,0.4326,0.382,0.4049
502,0.3951,0.382,0.4232,0.4307,0.4307,0.3839,0.3858,0.3895,0.4326,0.3951,0.4326,0.382,0.4049
503,0.3951,0.382,0.4232,0.4307,0.4307,0.3839,0.3858,0.3895,0.4326,0.3951,0.4326,0.382,0.4049
504,0.3951,0.382,0.4232,0.4307,0.4307,0.3839,0.3858,0.3895,0.4326,0.3951,0.4326,0.382,0.4049
505,0.3951,0.382,0.4232,0.4307,0.4307,0.3839,0.3858,0.3895,0.4326,0.3951,0.4326,0.382,0.4049
506,0.3951,0.382,0.4232,0.4307,0.4307,0.3839,0.3858,0.3895,0.4326,0.3951,0.4326,0.382,0.4049
507,0.3951,0.382,0.4251,0.4307,0.4307,0.3839,0.3858,0.3895,0.4326,0.3951,0.4326,0.382,0.4051
508,0.3951,0.382,0.4251,0.4307,0.4307,0.3839,0.3858,0.3895,0.4326,0.3951,0.4326,0.382,0.4051
509,0.3951,0.382,0.4251,0.4307,0.4307,0.3839,0.3858,0.3895,0.4326,0.3951,0.4326,0.382,0.4051
510,0.3951,0.3839,0.4251,0.4307,0.4307,0.3839,0.3858,0.3895,0.4326,0.3951,0.4326,0.3839,0.4052
511,0.3951,0.3839,0.4251,0.4307,0.4307,0.3839,0.3858,0.3895,0.4326,0.3951,0.4326,0.3839,0.4052
512,0.3951,0.3839,0.4251,0.4307,0.4307,0.3839,0.3858,0.3895,0.4326,0.3951,0.4326,0.3839,0.4052
513,0.3951,0.3839,0.427,0.4307,0.4307,0.3839,0.3858,0.3895,0.4326,0.3951,0.4326,0.3839,0.4054
514,0.3951,0.3839,0.427,0.4307,0.4307,0.3839,0.3858,0.3895,0.4326,0.3951,0.4326,0.3839,0.4054
515,0.3951,0.3839,0.427,0.4307,0.4307,0.3839,0.3858,0.3895,0.4326,0.3951,0.4326,0.3839,0.4054
516,0.3951,0.3839,0.427,0.4307,0.4307,0.3839,0.3858,0.3895,0.4326,0.3951,0.4326,0.3839,0.4054
517,0.3951,0.3839,0.427,0.4307,0.4307,0.3839,0.3858,0.3895,0.4326,0.3951,0.4326,0.3839,0.4054
518,0.3951,0.3839,0.427,0.4307,0.4307,0.3839,0.3858,0.3895,0.4326,0.3951,0.4326,0.3839,0.4054
519,0.3951,0.3839,0.427,0.4307,0.4307,0.3839,0.3858,0.3895,0.4326,0.3951,0.4326,0.3839,0.4054
520,0.3951,0.3839,0.427,0.4307,0.4307,0.3839,0.3858,0.3895,0.4326,0.3951,0.4326,0.3839,0.4054
521,0.3951,0.3839,0.427,0.4307,0.4307,0.3839,0.3858,0.3895,0.4326,0.3951,0.4326,0.3839,0.4054
522,0.3951,0.3839,0.427,0.4307,0.4307,0.3839,0.3858,0.3895,0.4326,0.3951,0.4326,0.3839,0.4054
523,0.3951,0.3839,0.427,0.4307,0.4307,0.3839,0.3858,0.3895,0.4326,0.3951,0.4326,0.3839,0.4054
524,0.3951,0.3839,0.427,0.4307,0.4307,0.3839,0.3858,0.3895,0.4326,0.3951,0.4326,0.3839,0.4054
525,0.3951,0.3839,0.427,0.4307,0.4307,0.3839,0.3858,0.3895,0.4326,0.3951,0.4326,0.3839,0.4054
526,0.3951,0.3839,0.427,0.4307,0.4307,0.3839,0.3858,0.3895,0.4326,0.3951,0.4326,0.3839,0.4054
527,0.3951,0.3839,0.427,0.4307,0.4307,0.3839,0.3858,0.3895,0.4326,0.3951,0.4326,0.3839,0.4054
528,0.3951,0.3839,0.427,0.4307,0.4307,0.3839,0.3858,0.3895,0.4326,0.3951,0.4326,0.3839,0.4054
529,0.3951,0.3839,0.427,0.4307,0.4307,0.3839,0.3858,0.3895,0.4326,0.3951,0.4326,0.3839,0.4054
530,0.3951,0.3839,0.427,0.4307,0.4307,0.3839,0.3858,0.3895,0.4326,0.3951,0.4326,0.3839,0.4054
531,0.3951,0.3839,0.427,0.4307,0.4307,0.3839,0.3858,0.3895,0.4326,0.3951,0.4326,0.3839,0.4054
532,0.3951,0.3839,0.427,0.4307,0.4307,0.3839,0.3858,0.3895,0.4326,0.3951,0.4326,0.3839,0.4054
533,0.3951,0.3839,0.427,0.4307,0.4307,0.3839,0.3858,0.3895,0.4326,0.3951,0.4326,0.3839,0.4054
534,0.3951,0.3839,0.427,0.4307,0.4307,0.3839,0.3858,0.3895,0.4326,0.3951,0.4326,0.3839,0.4054
535,0.3951,0.3839,0.427,0.4307,0.4307,0.3839,0.3858,0.3895,0.4326,0.3951,0.4326,0.3839,0.4054
536,0.3951,0.3839,0.427,0.4307,0.4307,0.3839,0.3858,0.3895,0.4326,0.3951,0.4326,0.3839,0.4054
537,0.3951,0.3839,0.427,0.4307,0.4307,0.3839,0.3858,0.3895,0.4326,0.3951,0.4326,0.3839,0.4054
538,0.3951,0.3839,0.427,0.4307,0.4345,0.3839,0.3858,0.3895,0.4326,0.3951,0.4345,0.3839,0.4058
539,0.3951,0.3839,0.427,0.4307,0.4345,0.3839,0.3858,0.3895,0.4326,0.3951,0.4345,0.3839,0.4058
540,0.3951,0.3839,0.427,0.4307,0.4345,0.3839,0.3858,0.3895,0.4326,0.3951,0.4345,0.3839,0.4058
541,0.3951,0.3839,0.427,0.4307,0.4345,0.3839,0.3858,0.3895,0.4326,0.3951,0.4345,0.3839,0.4058
542,0.3951,0.3839,0.427,0.4307,0.4345,0.3839,0.3858,0.3895,0.4326,0.3951,0.4345,0.3839,0.4058
543,0.3951,0.3839,0.427,0.4307,0.4345,0.3839,0.3858,0.3895,0.4326,0.3951,0.4345,0.3839,0.4058
544,0.3951,0.3839,0.427,0.4307,0.4345,0.3895,0.3858,0.3895,0.4326,0.3951,0.4345,0.3839,0.4064
545,0.3951,0.3839,0.427,0.4307,0.4345,0.3895,0.3858,0.3895,0.4326,0.3951,0.4345,0.3839,0.4064
546,0.3951,0.3839,0.427,0.4307,0.4345,0.3895,0.3858,0.3895,0.4326,0.3951,0.4345,0.3839,0.4064
547,0.3951,0.3839,0.427,0.4307,0.4345,0.3895,0.4232,0.3895,0.4326,0.3951,0.4345,0.3839,0.4101
548,0.3951,0.3839,0.427,0.4307,0.4345,0.3895,0.4232,0.3895,0.4326,0.3951,0.4345,0.3839,0.4101
549,0.3951,0.3839,0.427,0.4307,0.4345,0.3895,0.4232,0.3895,0.4326,0.3951,0.4345,0.3839,0.4101
550,0.3951,0.3839,0.427,0.4307,0.4345,0.3895,0.4232,0.3895,0.4326,0.3951,0.4345,0.3839,0.4101
551,0.3951,0.3839,0.427,0.4307,0.4345,0.3895,0.4232,0.3895,0.4326,0.3951,0.4345,0.3839,0.4101
552,0.3951,0.3839,0.427,0.4307,0.4345,0.3895,0.4232,0.3895,0.4326,0.3951,0.4345,0.3839,0.4101
553,0.3951,0.3839,0.427,0.4307,0.4345,0.3895,0.4232,0.3895,0.4326,0.3951,0.4345,0.3839,0.4101
554,0.3951,0.3839,0.427,0.4307,0.4345,0.3895,0.4232,0.3895,0.4326,0.3951,0.4345,0.3839,0.4101
555,0.3951,0.3839,0.427,0.4307,0.4345,0.3895,0.4232,0.3895,0.4326,0.3951,0.4345,0.3839,0.4101
556,0.3951,0.3839,0.427,0.4307,0.4345,0.3895,0.4232,0.3895,0.4326,0.3951,0.4345,0.3839,0.4101
557,0.3951,0.3839,0.427,0.4307,0.4345,0.3895,0.4232,0.3895,0.4326,0.3951,0.4345,0.3839,0.4101
558,0.3951,0.3839,0.427,0.4307,0.4345,0.3895,0.4232,0.3895,0.4326,0.3951,0.4345,0.3839,0.4101
559,0.3951,0.3839,0.427,0.4307,0.4345,0.3895,0.4232,0.3895,0.4326,0.3951,0.4345,0.3839,0.4101
560,0.3951,0.3839,0.427,0.4307,0.4345,0.3895,0.4232,0.3895,0.4326,0.3951,0.4345,0.3839,0.4101
561,0.3951,0.3839,0.427,0.4307,0.4345,0.3895,0.4232,0.3895,0.4326,0.3951,0.4345,0.3839,0.4101
562,0.3951,0.3839,0.427,0.4307,0.4345,0.3895,0.4232,0.3895,0.4326,0.3951,0.4345,0.3839,0.4101
563,0.3951,0.3839,0.427,0.4307,0.4345,0.3895,0.4232,0.3895,0.4326,0.3951,0.4345,0.3839,0.4101
564,0.3951,0.3839,0.427,0.4307,0.4345,0.3895,0.4232,0.3895,0.4326,0.3951,0.4345,0.3839,0.4101
565,0.3951,0.3839,0.427,0.4307,0.4345,0.3895,0.4232,0.3895,0.4326,0.3951,0.4345,0.3839,0.4101
566,0.3951,0.3839,0.427,0.4307,0.4345,0.3895,0.4232,0.3895,0.4326,0.3951,0.4345,0.3839,0.4101
567,0.3951,0.3839,0.427,0.4307,0.4345,0.3895,0.4232,0.3895,0.4326,0.3951,0.4345,0.3839,0.4101
568,0.3951,0.3839,0.427,0.4307,0.4345,0.3895,0.4232,0.3895,0.4326,0.3951,0.4345,0.3839,0.4101
569,0.3951,0.3839,0.427,0.4307,0.4345,0.3895,0.4232,0.3895,0.4326,0.3951,0.4345,0.3839,0.4101
570,0.3951,0.3839,0.427,0.4307,0.4345,0.3895,0.4232,0.3895,0.4326,0.3951,0.4345,0.3839,0.4101
571,0.3951,0.3839,0.427,0.4307,0.4345,0.3895,0.4232,0.3895,0.4326,0.3951,0.4345,0.3839,0.4101
572,0.3951,0.3839,0.427,0.4307,0.4345,0.3895,0.4232,0.3895,0.4326,0.3951,0.4345,0.3839,0.4101
573,0.3951,0.3839,0.427,0.4307,0.4345,0.3895,0.4232,0.3895,0.4326,0.3951,0.4345,0.3839,0.4101
574,0.3951,0.3839,0.427,0.4307,0.4345,0.3895,0.4232,0.3895,0.4326,0.3951,0.4345,0.3839,0.4101
575,0.3951,0.3839,0.427,0.4307,0.4345,0.3895,0.4232,0.3895,0.4326,0.3951,0.4345,0.3839,0.4101
576,0.3951,0.3839,0.427,0.4307,0.4345,0.3895,0.4232,0.3914,0.4326,0.3951,0.4345,0.3839,0.4103
577,0.3951,0.3839,0.427,0.4307,0.4345,0.3895,0.4232,0.3914,0.4326,0.3951,0.4345,0.3839,0.4103
578,0.3951,0.3839,0.427,0.4307,0.4345,0.3895,0.4232,0.3914,0.4326,0.3951,0.4345,0.3839,0.4103
579,0.3951,0.3839,0.427,0.4307,0.4345,0.3895,0.4232,0.3914,0.4326,0.3951,0.4345,0.3839,0.4103
580,0.3951,0.3839,0.427,0.4307,0.4345,0.3895,0.4232,0.3914,0.4326,0.3951,0.4345,0.3839,0.4103
581,0.3951,0.3895,0.427,0.4307,0.4345,0.3895,0.4232,0.3914,0.4326,0.3951,0.4345,0.3895,0.4109
582,0.3951,0.4213,0.4326,0.4307,0.4345,0.3895,0.4232,0.3914,0.4326,0.3951,0.4345,0.3895,0.4146
583,0.3951,0.4213,0.4326,0.4307,0.4345,0.3895,0.4232,0.3914,0.4326,0.3951,0.4345,0.3895,0.4146
584,0.3951,0.4213,0.4326,0.4307,0.4345,0.3895,0.4232,0.3914,0.4326,0.3951,0.4345,0.3895,0.4146
585,0.3951,0.4213,0.4326,0.4307,0.4345,0.3895,0.4232,0.3914,0.4326,0.3951,0.4345,0.3895,0.4146
586,0.3951,0.4213,0.4326,0.4307,0.4345,0.3895,0.4232,0.3914,0.4326,0.3951,0.4345,0.3895,0.4146
587,0.3951,0.4213,0.4326,0.4307,0.4345,0.3895,0.4232,0.3914,0.4326,0.3951,0.4345,0.3895,0.4146
588,0.3951,0.4213,0.4326,0.4307,0.4345,0.3895,0.4232,0.3914,0.4326,0.3951,0.4345,0.3895,0.4146
589,0.3951,0.4213,0.4326,0.4307,0.4345,0.3895,0.4232,0.3914,0.4326,0.3951,0.4345,0.3895,0.4146
590,0.3951,0.4213,0.4326,0.4307,0.4345,0.3895,0.4232,0.3914,0.4326,0.3951,0.4345,0.3895,0.4146
591,0.3951,0.4213,0.4326,0.4307,0.4345,0.3895,0.4232,0.3914,0.4326,0.3951,0.4345,0.3895,0.4146
592,0.3951,0.4213,0.4326,0.4307,0.4345,0.3895,0.4232,0.3914,0.4326,0.3951,0.4345,0.3895,0.4146
593,0.3951,0.4213,0.4326,0.4307,0.4345,0.3895,0.4232,0.3914,0.4326,0.3951,0.4345,0.3895,0.4146
594,0.3951,0.4213,0.4326,0.4326,0.4345,0.3895,0.4232,0.3914,0.4326,0.3951,0.4345,0.3895,0.4148
595,0.3951,0.4213,0.4326,0.4326,0.4345,0.3895,0.4232,0.3914,0.4326,0.3951,0.4345,0.3895,0.4148
596,0.3951,0.4213,0.4326,0.4326,0.4345,0.3895,0.4232,0.3914,0.4326,0.3951,0.4345,0.3895,0.4148
597,0.3951,0.4213,0.4326,0.4326,0.4345,0.3895,0.4232,0.3914,0.4326,0.3951,0.4345,0.3895,0.4148
598,0.3951,0.4213,0.4326,0.4326,0.4345,0.3895,0.4232,0.3914,0.4326,0.3951,0.4345,0.3895,0.4148
599,0.3951,0.4213,0.4326,0.4326,0.4345,0.3895,0.4232,0.3914,0.4326,0.3951,0.4345,0.3895,0.4148
600,0.3951,0.4213,0.4326,0.4326,0.4345,0.3895,0.4232,0.3914,0.4326,0.3951,0.4345,0.3895,0.4148
601,0.3951,0.4213,0.4326,0.4326,0.4345,0.3895,0.4232,0.3914,0.4326,0.3951,0.4345,0.3895,0.4148
602,0.3951,0.4213,0.4326,0.4326,0.4345,0.3895,0.4232,0.3914,0.4326,0.3951,0.4345,0.3895,0.4148
603,0.3951,0.4213,0.4326,0.4326,0.4345,0.3895,0.4232,0.3914,0.4326,0.3951,0.4345,0.3895,0.4148
604,0.3951,0.4213,0.4326,0.4326,0.4345,0.3895,0.4232,0.3914,0.4326,0.3951,0.4345,0.3895,0.4148
605,0.3951,0.4213,0.4326,0.4326,0.4345,0.3895,0.4232,0.3914,0.4326,0.3951,0.4345,0.3895,0.4148
606,0.3951,0.4213,0.4326,0.4326,0.4345,0.3895,0.4232,0.3914,0.4326,0.3951,0.4345,0.3895,0.4148
607,0.3951,0.4213,0.4326,0.4326,0.4345,0.3895,0.4232,0.3914,0.4326,0.3951,0.4345,0.3895,0.4148
608,0.3951,0.4213,0.4326,0.4326,0.4345,0.3895,0.4232,0.3914,0.4326,0.3951,0.4345,0.3895,0.4148
609,0.3951,0.4213,0.4326,0.4326,0.4345,0.3895,0.4232,0.3914,0.4326,0.3951,0.4345,0.3895,0.4148
1209,0.3951,0.4213,0.4363,0.4326,0.4363,0.3951,0.4232,0.3933,0.4345,0.3989,0.4363,0.3933,0.4167
1809,0.3951,0.4326,0.4363,0.4326,0.4363,0.4251,0.4757,0.3933,0.4382,0.4007,0.4757,0.3933,0.4266
2409,0.4251,0.4326,0.4363,0.4757,0.4363,0.4307,0.4775,0.4026,0.4401,0.4026,0.4775,0.4026,0.4359
3009,0.4251,0.4326,0.4363,0.4757,0.4363,0.4307,0.4813,0.4026,0.4401,0.4026,0.4813,0.4026,0.4363
3609,0.427,0.4326,0.4363,0.4757,0.4363,0.4363,0.4813,0.4307,0.4401,0.4026,0.4813,0.4026,0.4399
4209,0.427,0.4326,0.4363,0.4757,0.4363,0.4401,0.4813,0.4307,0.4401,0.4026,0.4813,0.4026,0.4403
4809,0.427,0.4326,0.4363,0.4757,0.4363,0.4401,0.4813,0.4307,0.4401,0.4363,0.4813,0.427,0.4436
5409,0.427,0.4326,0.4363,0.4794,0.4363,0.4401,0.485,0.4307,0.4438,0.4363,0.485,0.427,0.4448
6009,0.427,0.4326,0.4363,0.4794,0.4363,0.4401,0.485,0.4307,0.4438,0.4363,0.485,0.427,0.4448
6609,0.427,0.4326,0.4513,0.4794,0.4401,0.4401,0.485,0.4307,0.4438,0.4363,0.485,0.427,0.4466
7209,0.427,0.4326,0.4513,0.4794,0.4401,0.4419,0.485,0.4363,0.4438,0.4363,0.485,0.427,0.4474
7809,0.427,0.4326,0.4513,0.4794,0.4401,0.5187,0.485,0.4363,0.4438,0.4363,0.5187,0.427,0.4551
8409,0.427,0.4326,0.4513,0.4794,0.4401,0.5187,0.485,0.4363,0.4438,0.4363,0.5187,0.427,0.4551
9009,0.427,0.4363,0.4551,0.4794,0.4401,0.5187,0.485,0.4363,0.4438,0.4363,0.5187,0.427,0.4558
9609,0.4326,0.4363,0.4625,0.4794,0.4401,0.5187,0.485,0.4363,0.4438,0.4363,0.5187,0.4326,0.4571
10209,0.4326,0.4363,0.4644,0.4794,0.4401,0.5187,0.5243,0.4363,0.4438,0.4363,0.5243,0.4326,0.4612
10809,0.4363,0.4363,0.4644,0.4794,0.4401,0.5187,0.5243,0.4363,0.4438,0.4363,0.5243,0.4363,0.4616
11409,0.4363,0.4363,0.4644,0.4794,0.4401,0.5187,0.5262,0.4363,0.4438,0.4363,0.5262,0.4363,0.4618
12009,0.4363,0.4363,0.4644,0.4794,0.4401,0.5187,0.5262,0.4363,0.4438,0.4363,0.5262,0.4363,0.4618
12609,0.4363,0.4363,0.4644,0.4794,0.4401,0.5187,0.53,0.4363,0.4438,0.4513,0.53,0.4363,0.4637
13209,0.4363,0.4363,0.4644,0.4794,0.4401,0.5187,0.53,0.4363,0.4438,0.4888,0.53,0.4363,0.4674
13809,0.4363,0.4363,0.4644,0.4794,0.4401,0.5262,0.5318,0.4363,0.4438,0.4888,0.5318,0.4363,0.4683
14409,0.4363,0.4363,0.4644,0.4888,0.4401,0.5262,0.5318,0.4363,0.4438,0.4981,0.5318,0.4363,0.4702
15009,0.4363,0.4363,0.4981,0.4888,0.4401,0.5262,0.5318,0.4363,0.4438,0.4981,0.5318,0.4363,0.4736
15609,0.4363,0.4363,0.4981,0.4888,0.4401,0.5599,0.5318,0.4363,0.4438,0.4981,0.5599,0.4363,0.4769
16209,0.4363,0.4363,0.4981,0.4888,0.4401,0.5599,0.5318,0.4401,0.4438,0.4981,0.5599,0.4363,0.4773
16809,0.4363,0.4363,0.4981,0.4944,0.4401,0.5599,0.5318,0.4438,0.4438,0.4981,0.5599,0.4363,0.4783
17409,0.4363,0.4363,0.4981,0.4944,0.4401,0.5599,0.5318,0.4438,0.4438,0.4981,0.5599,0.4363,0.4783
18009,0.4363,0.4363,0.4981,0.4944,0.4401,0.5599,0.5318,0.4831,0.4438,0.4981,0.5599,0.4363,0.4822
18609,0.4363,0.4363,0.4981,0.4944,0.4401,0.5599,0.5318,0.4831,0.4438,0.4981,0.5599,0.4363,0.4822
19209,0.4363,0.4363,0.4981,0.4944,0.4401,0.5599,0.5318,0.4831,0.4438,0.4981,0.5599,0.4363,0.4822
19809,0.4363,0.4363,0.4981,0.4944,0.4401,0.5599,0.5318,0.4831,0.4438,0.4981,0.5599,0.4363,0.4822
20409,0.4363,0.4363,0.4981,0.4944,0.4831,0.5599,0.5318,0.4831,0.4438,0.4981,0.5599,0.4363,0.4865
21009,0.4363,0.4363,0.4981,0.4944,0.4831,0.5599,0.5337,0.4831,0.4438,0.5618,0.5618,0.4363,0.493
21609,0.4363,0.4363,0.4981,0.4944,0.4831,0.5599,0.5337,0.4831,0.4438,0.5618,0.5618,0.4363,0.493
22209,0.4401,0.4363,0.4981,0.5,0.4831,0.5599,0.5337,0.4831,0.4438,0.5618,0.5618,0.4363,0.494
22809,0.4401,0.4363,0.4981,0.5,0.4831,0.5599,0.5337,0.4831,0.4438,0.5618,0.5618,0.4363,0.494
23409,0.4401,0.4363,0.4981,0.5,0.4831,0.5599,0.5337,0.4831,0.4438,0.5618,0.5618,0.4363,0.494
24009,0.4401,0.4363,0.4981,0.5,0.4831,0.5599,0.5337,0.485,0.4438,0.5618,0.5618,0.4363,0.4942
24609,0.4401,0.4363,0.4981,0.5,0.4831,0.5599,0.5337,0.485,0.4438,0.5749,0.5749,0.4363,0.4955
25209,0.4401,0.4363,0.4981,0.5,0.4831,0.5599,0.5337,0.4925,0.4438,0.5749,0.5749,0.4363,0.4962
25809,0.4401,0.4363,0.4981,0.5,0.4831,0.5599,0.5337,0.4925,0.4438,0.5749,0.5749,0.4363,0.4962
26409,0.4401,0.4363,0.4981,0.5,0.4831,0.5599,0.5337,0.4925,0.4438,0.5749,0.5749,0.4363,0.4962
27009,0.4401,0.4363,0.4981,0.5,0.4831,0.5599,0.5337,0.4925,0.4438,0.5749,0.5749,0.4363,0.4962
27609,0.4401,0.4363,0.4981,0.5,0.4888,0.5599,0.5337,0.4925,0.4438,0.5749,0.5749,0.4363,0.4968
28209,0.4401,0.4363,0.4981,0.5,0.4888,0.5599,0.5337,0.4925,0.4438,0.5749,0.5749,0.4363,0.4968
28809,0.4401,0.4363,0.4981,0.5,0.4888,0.5618,0.5337,0.4925,0.4438,0.5749,0.5749,0.4363,0.497
29409,0.4401,0.4363,0.4981,0.5,0.4888,0.5618,0.5337,0.4925,0.4438,0.5749,0.5749,0.4363,0.497
30009,0.4401,0.4363,0.4981,0.5,0.4888,0.5618,0.5337,0.4925,0.4438,0.5749,0.5749,0.4363,0.497
30609,0.4401,0.4363,0.4981,0.5,0.4888,0.5618,0.5337,0.4925,0.4438,0.5749,0.5749,0.4363,0.497
31209,0.4401,0.4363,0.53,0.5,0.4888,0.5618,0.5337,0.4981,0.4438,0.5749,0.5749,0.4363,0.5008
31809,0.4401,0.4363,0.53,0.5,0.4888,0.5618,0.5337,0.4981,0.4438,0.5749,0.5749,0.4363,0.5008
32409,0.4401,0.4363,0.53,0.5,0.4888,0.5618,0.5337,0.4981,0.4438,0.5749,0.5749,0.4363,0.5008
33009,0.4401,0.4363,0.53,0.5,0.4888,0.5618,0.5337,0.4981,0.4438,0.5749,0.5749,0.4363,0.5008
33609,0.4401,0.4363,0.53,0.5,0.4888,0.5618,0.5337,0.4981,0.4438,0.5749,0.5749,0.4363,0.5008
34209,0.4401,0.4363,0.53,0.5,0.5112,0.5618,0.5337,0.4981,0.4438,0.5749,0.5749,0.4363,0.503
34809,0.4401,0.4363,0.53,0.5,0.5431,0.5824,0.5337,0.4981,0.4438,0.5749,0.5824,0.4363,0.5082
35409,0.4401,0.4363,0.53,0.5,0.5431,0.5824,0.5337,0.4981,0.4438,0.5749,0.5824,0.4363,0.5082
36009,0.4401,0.4794,0.5618,0.5,0.5431,0.5918,0.5337,0.4981,0.4438,0.5749,0.5918,0.4401,0.5167
36609,0.4401,0.4794,0.5618,0.5,0.5431,0.5918,0.5337,0.4981,0.4438,0.5749,0.5918,0.4401,0.5167
37209,0.4401,0.4794,0.5712,0.5,0.5431,0.5918,0.5337,0.4981,0.4438,0.5749,0.5918,0.4401,0.5176
37809,0.4401,0.4794,0.5712,0.5,0.5431,0.5918,0.5337,0.4981,0.4438,0.5749,0.5918,0.4401,0.5176
38409,0.4401,0.4794,0.5768,0.5,0.5431,0.5918,0.5337,0.4981,0.4438,0.5749,0.5918,0.4401,0.5182
39009,0.4401,0.4794,0.5768,0.5,0.5431,0.5918,0.5337,0.4981,0.4438,0.5749,0.5918,0.4401,0.5182
39609,0.4401,0.4794,0.5768,0.5,0.5431,0.5918,0.5337,0.4981,0.4438,0.5749,0.5918,0.4401,0.5182
40209,0.4401,0.4794,0.5768,0.5,0.5431,0.5918,0.5337,0.4981,0.4438,0.5749,0.5918,0.4401,0.5182
40809,0.4401,0.4794,0.5768,0.5037,0.5431,0.5918,0.5337,0.4981,0.4438,0.5749,0.5918,0.4401,0.5185
41409,0.4401,0.4794,0.5768,0.5037,0.5431,0.5918,0.5337,0.4981,0.4438,0.5749,0.5918,0.4401,0.5185
42009,0.4401,0.4794,0.5768,0.5037,0.5431,0.5918,0.5337,0.4981,0.4438,0.5749,0.5918,0.4401,0.5185
42609,0.4401,0.4794,0.5861,0.5037,0.5431,0.5918,0.5787,0.4981,0.4438,0.5749,0.5918,0.4401,0.524
43209,0.4401,0.4794,0.5861,0.5037,0.5431,0.5918,0.5787,0.4981,0.4438,0.5749,0.5918,0.4401,0.524
43809,0.4401,0.4794,0.5861,0.5037,0.5431,0.5918,0.5787,0.4981,0.4438,0.5749,0.5918,0.4401,0.524
44409,0.4401,0.4794,0.5861,0.5037,0.5431,0.5918,0.5993,0.4981,0.4438,0.5749,0.5993,0.4401,0.526
45009,0.4401,0.4794,0.5861,0.5037,0.5431,0.5918,0.5993,0.4981,0.4438,0.5749,0.5993,0.4401,0.526
45609,0.4401,0.4794,0.5861,0.5393,0.5431,0.5918,0.5993,0.4981,0.4438,0.5749,0.5993,0.4401,0.5296
46209,0.4401,0.4794,0.5861,0.5393,0.5431,0.5918,0.5993,0.4981,0.4438,0.5749,0.5993,0.4401,0.5296
46809,0.4401,0.4794,0.5861,0.5393,0.5431,0.5918,0.5993,0.4981,0.4438,0.5749,0.5993,0.4401,0.5296
47409,0.4401,0.4794,0.5861,0.5393,0.5431,0.5918,0.5993,0.4981,0.4438,0.5749,0.5993,0.4401,0.5296
48009,0.4401,0.4794,0.5861,0.5393,0.5431,0.5918,0.5993,0.4981,0.4438,0.5749,0.5993,0.4401,0.5296
48609,0.4401,0.4794,0.5861,0.5393,0.5431,0.5918,0.5993,0.4981,0.4438,0.5749,0.5993,0.4401,0.5296
49209,0.4401,0.4794,0.5861,0.5393,0.5431,0.5918,0.5993,0.4981,0.4438,0.5749,0.5993,0.4401,0.5296
49809,0.4401,0.4794,0.5861,0.5393,0.5431,0.5918,0.5993,0.4981,0.4438,0.5749,0.5993,0.4401,0.5296
50409,0.4401,0.4794,0.5861,0.5393,0.5431,0.5918,0.603,0.4981,0.4438,0.5749,0.603,0.4401,0.53
51009,0.4401,0.4794,0.5861,0.5393,0.5431,0.5918,0.603,0.4981,0.4438,0.5749,0.603,0.4401,0.53
51609,0.4401,0.4794,0.5861,0.5393,0.5431,0.5918,0.603,0.4981,0.4438,0.5749,0.603,0.4401,0.53
52209,0.4401,0.4794,0.5861,0.5393,0.5431,0.5993,0.603,0.4981,0.4438,0.5749,0.603,0.4401,0.5307
52809,0.4438,0.4888,0.5861,0.5393,0.5431,0.5993,0.603,0.4981,0.4438,0.5861,0.603,0.4438,0.5331
53409,0.4551,0.4981,0.5861,0.5393,0.5431,0.5993,0.6086,0.4981,0.4438,0.5861,0.6086,0.4438,0.5358
54009,0.4551,0.5094,0.5861,0.5393,0.5431,0.5993,0.6086,0.4981,0.4438,0.5861,0.6086,0.4438,0.5369
54609,0.4569,0.5094,0.5861,0.5393,0.5431,0.5993,0.6086,0.4981,0.4438,0.5861,0.6086,0.4438,0.5371
55209,0.4644,0.5094,0.5861,0.5393,0.5431,0.5993,0.6086,0.4981,0.4438,0.5861,0.6086,0.4438,0.5378
55809,0.4644,0.5094,0.5861,0.5393,0.5431,0.5993,0.6086,0.4981,0.4438,0.5861,0.6086,0.4438,0.5378
56409,0.4644,0.5094,0.5861,0.5393,0.5431,0.5993,0.6086,0.4981,0.4551,0.5899,0.6086,0.4551,0.5393
57009,0.5206,0.5131,0.5861,0.5393,0.5431,0.5993,0.6086,0.4981,0.4569,0.5918,0.6086,0.4569,0.5457
57609,0.5824,0.5131,0.5861,0.5393,0.5431,0.5993,0.6086,0.4981,0.4569,0.5918,0.6086,0.4569,0.5519
58209,0.5824,0.5131,0.5861,0.5393,0.5431,0.5993,0.6086,0.4981,0.4981,0.5918,0.6086,0.4981,0.556
58809,0.5861,0.5768,0.5861,0.5393,0.5431,0.5993,0.6086,0.4981,0.5075,0.5918,0.6086,0.4981,0.5637
59409,0.5861,0.5768,0.5861,0.5393,0.5431,0.5993,0.6086,0.5094,0.5375,0.5918,0.6086,0.5094,0.5678
60009,0.5861,0.5768,0.5861,0.5393,0.5431,0.5993,0.6161,0.5449,0.5375,0.5918,0.6161,0.5375,0.5721
60609,0.588,0.5768,0.5861,0.5393,0.5431,0.5993,0.6161,0.5449,0.5375,0.5918,0.6161,0.5375,0.5723
61209,0.588,0.5861,0.5861,0.5393,0.5431,0.5993,0.6161,0.5449,0.5375,0.5918,0.6161,0.5375,0.5732
61809,0.588,0.5861,0.5861,0.5393,0.5431,0.5993,0.6161,0.5449,0.5375,0.5918,0.6161,0.5375,0.5732
62409,0.588,0.5861,0.5861,0.5393,0.5431,0.5993,0.6161,0.5449,0.5375,0.5918,0.6161,0.5375,0.5732
63009,0.588,0.5861,0.5861,0.5393,0.5431,0.5993,0.6161,0.5449,0.5375,0.5918,0.6161,0.5375,0.5732
63609,0.588,0.5861,0.5861,0.5393,0.5431,0.5993,0.6161,0.5449,0.5375,0.5918,0.6161,0.5375,0.5732
64209,0.588,0.5861,0.5861,0.5393,0.5431,0.5993,0.6161,0.5449,0.5375,0.5918,0.6161,0.5375,0.5732
64809,0.5955,0.5861,0.5861,0.5393,0.5431,0.5993,0.6161,0.5449,0.5375,0.5918,0.6161,0.5375,0.574
64810,0.5955,0.5861,0.5861,0.5412,0.5431,0.5993,0.6161,0.5449,0.5375,0.5918,0.6161,0.5375,0.5742
65409,0.5993,0.5861,0.5861,0.5412,0.5431,0.5993,0.6161,0.5449,0.5375,0.5918,0.6161,0.5375,0.5745
65410,0.5993,0.5861,0.5861,0.5412,0.5431,0.5993,0.6161,0.5449,0.5375,0.5918,0.6161,0.5375,0.5745
66009,0.5993,0.5861,0.5899,0.5412,0.5431,0.5993,0.6161,0.5449,0.5375,0.5918,0.6161,0.5375,0.5749
66010,0.5993,0.5861,0.5899,0.5412,0.5431,0.5993,0.6161,0.5449,0.5712,0.5918,0.6161,0.5412,0.5783
66609,0.5993,0.5861,0.5899,0.5412,0.5431,0.6049,0.6161,0.5449,0.5712,0.5918,0.6161,0.5412,0.5789
66610,0.5993,0.5861,0.5899,0.5412,0.5431,0.6049,0.6161,0.5449,0.5712,0.5918,0.6161,0.5412,0.5789
67209,0.5993,0.5899,0.5899,0.5412,0.5431,0.6049,0.6161,0.5449,0.5712,0.5918,0.6161,0.5412,0.5792
67210,0.5993,0.5899,0.5899,0.5412,0.5431,0.6049,0.6161,0.5449,0.5712,0.5918,0.6161,0.5412,0.5792
67809,0.5993,0.5899,0.5899,0.5412,0.5431,0.6049,0.6161,0.5449,0.5712,0.5918,0.6161,0.5412,0.5792
67810,0.5993,0.5899,0.5899,0.5412,0.5431,0.6049,0.6161,0.5449,0.5712,0.5918,0.6161,0.5412,0.5792
68409,0.5993,0.5899,0.5899,0.5412,0.5431,0.6049,0.6161,0.5449,0.5712,0.5918,0.6161,0.5412,0.5792
68410,0.5993,0.5899,0.5899,0.5412,0.5431,0.6049,0.6161,0.5449,0.5712,0.5918,0.6161,0.5412,0.5792
69009,0.5993,0.5899,0.5899,0.5412,0.5431,0.6049,0.6161,0.5449,0.5712,0.5918,0.6161,0.5412,0.5792
69010,0.5993,0.5899,0.5899,0.5412,0.5431,0.6049,0.6161,0.5449,0.5712,0.5918,0.6161,0.5412,0.5792
69609,0.5993,0.5936,0.5899,0.5412,0.5431,0.6049,0.6161,0.5449,0.5712,0.5918,0.6161,0.5412,0.5796
69610,0.5993,0.5936,0.5899,0.5412,0.5431,0.6049,0.6161,0.5449,0.5712,0.5918,0.6161,0.5412,0.5796
70209,0.5993,0.5936,0.5899,0.5412,0.5431,0.6049,0.6161,0.5449,0.5712,0.5918,0.6161,0.5412,0.5796
70210,0.5993,0.5936,0.5899,0.5412,0.5431,0.6049,0.6161,0.5449,0.5712,0.5918,0.6161,0.5412,0.5796
70809,0.5993,0.5936,0.5899,0.5412,0.5431,0.6049,0.6161,0.5449,0.5712,0.5918,0.6161,0.5412,0.5796
70810,0.5993,0.5936,0.5899,0.5412,0.5431,0.6049,0.6161,0.5449,0.5712,0.5918,0.6161,0.5412,0.5796
71409,0.5993,0.5936,0.5899,0.5412,0.5431,0.6049,0.6161,0.5449,0.5712,0.5918,0.6161,0.5412,0.5796
71410,0.5993,0.5936,0.5899,0.5412,0.5431,0.6049,0.6161,0.5449,0.5712,0.5918,0.6161,0.5412,0.5796
72009,0.5993,0.5936,0.5899,0.5412,0.5431,0.6049,0.6161,0.5449,0.5712,0.5918,0.6161,0.5412,0.5796
72010,0.6011,0.5936,0.5899,0.5412,0.5431,0.6049,0.6161,0.5449,0.5712,0.5918,0.6161,0.5412,0.5798
72609,0.6011,0.5936,0.5899,0.5412,0.5431,0.6049,0.6161,0.5449,0.5712,0.5918,0.6161,0.5412,0.5798
72610,0.6011,0.5936,0.5899,0.5412,0.5431,0.6049,0.6161,0.5449,0.5712,0.5918,0.6161,0.5412,0.5798
73209,0.6011,0.5936,0.5899,0.5412,0.5431,0.6049,0.6161,0.5449,0.5712,0.5918,0.6161,0.5412,0.5798
73210,0.6011,0.5936,0.5899,0.5412,0.5431,0.6049,0.6161,0.5449,0.5712,0.5918,0.6161,0.5412,0.5798
73809,0.6011,0.5936,0.5899,0.5412,0.5431,0.6049,0.6161,0.5449,0.5712,0.5918,0.6161,0.5412,0.5798
73810,0.6011,0.5936,0.5899,0.5412,0.5431,0.6049,0.6161,0.5449,0.5712,0.5918,0.6161,0.5412,0.5798
74409,0.6011,0.5936,0.5899,0.5412,0.5431,0.6049,0.6161,0.5449,0.5712,0.5918,0.6161,0.5412,0.5798
74410,0.6011,0.5936,0.5899,0.5412,0.5431,0.6049,0.6161,0.5449,0.5712,0.5918,0.6161,0.5412,0.5798
75009,0.6011,0.5936,0.5899,0.5412,0.5431,0.6049,0.6161,0.5449,0.5712,0.5918,0.6161,0.5412,0.5798
75010,0.6011,0.5936,0.5899,0.5412,0.5431,0.6049,0.6161,0.5449,0.5712,0.5918,0.6161,0.5412,0.5798
75609,0.6011,0.5936,0.5899,0.5412,0.5431,0.6049,0.6161,0.5449,0.5712,0.5918,0.6161,0.5412,0.5798
75610,0.6011,0.5936,0.5899,0.5412,0.5431,0.6049,0.6161,0.5449,0.5712,0.5918,0.6161,0.5412,0.5798
76209,0.6011,0.5936,0.5899,0.5412,0.5431,0.6049,0.6161,0.5449,0.5712,0.5918,0.6161,0.5412,0.5798
76210,0.6011,0.5936,0.5899,0.5412,0.5431,0.6049,0.6161,0.5449,0.5712,0.5918,0.6161,0.5412,0.5798
76809,0.6011,0.5936,0.6124,0.5412,0.5431,0.6049,0.6161,0.5449,0.5712,0.5918,0.6161,0.5412,0.582
76810,0.6011,0.5936,0.6124,0.5431,0.5431,0.6049,0.6161,0.5449,0.5712,0.5918,0.6161,0.5431,0.5822
77409,0.6011,0.5936,0.618,0.5431,0.5431,0.6049,0.6161,0.5449,0.5712,0.5918,0.618,0.5431,0.5828
77410,0.6011,0.5936,0.618,0.5431,0.5431,0.6049,0.6161,0.5449,0.5712,0.5918,0.618,0.5431,0.5828
78009,0.6011,0.5936,0.618,0.5431,0.5431,0.6049,0.6161,0.5449,0.5712,0.5918,0.618,0.5431,0.5828
78010,0.6011,0.5936,0.618,0.5431,0.5431,0.6049,0.6161,0.5449,0.5712,0.5918,0.618,0.5431,0.5828
78609,0.6011,0.5936,0.6199,0.5431,0.5431,0.6049,0.6161,0.5449,0.5712,0.5918,0.6199,0.5431,0.583
78610,0.6011,0.5936,0.6199,0.5431,0.5431,0.6049,0.6161,0.5449,0.5712,0.5918,0.6199,0.5431,0.583
79209,0.6011,0.5936,0.6199,0.5431,0.5431,0.6049,0.6161,0.5449,0.5712,0.5918,0.6199,0.5431,0.583
79210,0.6105,0.5936,0.6199,0.5431,0.5431,0.6049,0.6161,0.5449,0.5712,0.5918,0.6199,0.5431,0.5839
79809,0.6105,0.5936,0.6199,0.5431,0.5431,0.6049,0.6161,0.5449,0.5712,0.5918,0.6199,0.5431,0.5839
79810,0.6124,0.5936,0.6199,0.5431,0.5431,0.6049,0.6161,0.5524,0.5712,0.5918,0.6199,0.5431,0.5848
80409,0.6124,0.5936,0.6199,0.5431,0.5431,0.6049,0.6161,0.5524,0.5712,0.5918,0.6199,0.5431,0.5848
80410,0.6124,0.5936,0.6199,0.5431,0.5431,0.6049,0.6161,0.5524,0.5712,0.5918,0.6199,0.5431,0.5848
81009,0.6124,0.5936,0.6199,0.5431,0.5431,0.6049,0.6161,0.5524,0.5712,0.5918,0.6199,0.5431,0.5848
81010,0.6124,0.5936,0.6199,0.5431,0.5431,0.6049,0.6161,0.5524,0.5712,0.5918,0.6199,0.5431,0.5848
81609,0.6124,0.5936,0.6199,0.5431,0.5431,0.6049,0.6161,0.5524,0.5712,0.5918,0.6199,0.5431,0.5848
81610,0.6124,0.5936,0.6199,0.5431,0.5431,0.6049,0.6161,0.5524,0.5712,0.5918,0.6199,0.5431,0.5848
82209,0.6124,0.5936,0.6199,0.5431,0.5431,0.6049,0.6161,0.5524,0.5712,0.5918,0.6199,0.5431,0.5848
82210,0.6124,0.5936,0.6199,0.5431,0.5431,0.6049,0.618,0.5524,0.5712,0.5918,0.6199,0.5431,0.585
82809,0.6124,0.5936,0.6292,0.5431,0.5431,0.6049,0.618,0.5524,0.5712,0.5918,0.6292,0.5431,0.586
82810,0.6124,0.5936,0.6292,0.5431,0.5487,0.6049,0.618,0.5524,0.5712,0.5918,0.6292,0.5431,0.5865
83409,0.6124,0.5936,0.6292,0.5431,0.5487,0.6049,0.618,0.5524,0.5712,0.5918,0.6292,0.5431,0.5865
83410,0.6124,0.5936,0.6292,0.5805,0.5487,0.6049,0.618,0.5562,0.5712,0.5918,0.6292,0.5487,0.5907
84009,0.6124,0.5936,0.6348,0.5805,0.5487,0.6049,0.618,0.5562,0.5712,0.5918,0.6348,0.5487,0.5912
84010,0.6124,0.5936,0.6348,0.5805,0.5787,0.6049,0.618,0.5562,0.5712,0.5918,0.6348,0.5562,0.5942
84609,0.6124,0.5936,0.6348,0.5805,0.5787,0.6049,0.618,0.5562,0.5712,0.5918,0.6348,0.5562,0.5942
84610,0.6124,0.5936,0.6348,0.5805,0.5787,0.6049,0.618,0.5562,0.5712,0.5918,0.6348,0.5562,0.5942
85209,0.6124,0.5936,0.6348,0.5805,0.5787,0.6049,0.618,0.5562,0.5712,0.5918,0.6348,0.5562,0.5942
85210,0.6124,0.5936,0.6348,0.5805,0.5787,0.6049,0.618,0.5599,0.5712,0.5918,0.6348,0.5599,0.5946
85809,0.6124,0.5936,0.6348,0.5805,0.5787,0.6049,0.618,0.5599,0.5712,0.5918,0.6348,0.5599,0.5946
85810,0.6124,0.5936,0.6348,0.5805,0.5787,0.6049,0.618,0.5599,0.5712,0.5918,0.6348,0.5599,0.5946
