timestamp,ati3,ati0,ati7,ati4,ati2,ati6,ati1,ati5,ati8,ati9,max,min,avg
0,0.0,0.0,0.0,0.0,0.0,0.0,0.0,0.0,0.0,0.0,0.0,0.0,0.0
3,0.0,0.0,0.0,0.0,0.0,0.0,0.0,0.0,0.0,0.0,0.0,0.0,0.0
4,0.0,0.0,0.0,0.0,0.0,0.0,0.0,0.0,0.0,0.0,0.0,0.0,0.0
5,0.0,0.0,0.0,0.0,0.0,0.0,0.0,0.0,0.0,0.0,0.0,0.0,0.0
6,0.0,0.0,0.0,0.0,0.0,0.0,0.0,0.0,0.0,0.0,0.0,0.0,0.0
7,0.0,0.0,0.0,0.0,0.0,0.0,0.0,0.0,0.0,0.0,0.0,0.0,0.0
8,0.0,0.0,0.0,0.0,0.0,0.0,0.0,0.0,0.0,0.0,0.0,0.0,0.0
9,0.0,0.0,0.0,0.0,0.0,0.0,0.0,0.0,0.0,0.0,0.0,0.0,0.0
10,0.0,0.0,0.0,0.0,0.1146,0.0,0.0,0.0,0.0,0.0,0.1146,0.0,0.0115
11,0.0,0.0,0.0,0.0,0.1146,0.0,0.0,0.0,0.0,0.0,0.1146,0.0,0.0115
12,0.0,0.0,0.0,0.0,0.1146,0.0,0.0,0.0,0.0,0.0,0.1146,0.0,0.0115
13,0.0,0.0,0.0,0.0,0.1146,0.0,0.0,0.0,0.0,0.0,0.1146,0.0,0.0115
14,0.0,0.0,0.0,0.0,0.1146,0.0,0.0,0.0,0.0,0.0,0.1146,0.0,0.0115
15,0.1146,0.0,0.0,0.0,0.1146,0.0,0.0,0.0,0.0,0.0,0.1146,0.0,0.0229
16,0.1146,0.0,0.0,0.0,0.1146,0.0,0.0,0.0,0.0,0.0,0.1146,0.0,0.0229
17,0.1146,0.0,0.0,0.0,0.1146,0.0,0.0,0.0,0.0,0.0,0.1146,0.0,0.0229
18,0.1146,0.0,0.0,0.0,0.1146,0.0,0.0,0.0,0.0,0.0,0.1146,0.0,0.0229
19,0.1146,0.0,0.0,0.0,0.1146,0.0,0.0,0.0,0.0,0.0,0.1146,0.0,0.0229
20,0.1146,0.0,0.0,0.0,0.1146,0.0,0.0,0.0,0.0,0.0,0.1146,0.0,0.0229
21,0.1146,0.0,0.0,0.0,0.1146,0.0,0.0,0.0,0.0,0.0,0.1146,0.0,0.0229
22,0.1146,0.0,0.0,0.0,0.1146,0.0,0.0,0.0,0.0,0.0,0.1146,0.0,0.0229
23,0.1146,0.0,0.0,0.0,0.1146,0.0,0.0,0.0,0.1146,0.0,0.1146,0.0,0.0344
24,0.1146,0.0,0.0,0.0,0.1146,0.0,0.1146,0.0,0.1146,0.0,0.1146,0.0,0.0458
25,0.1146,0.0,0.0,0.0,0.1146,0.0,0.1146,0.0,0.1146,0.0,0.1146,0.0,0.0458
26,0.1146,0.0,0.0,0.0,0.1146,0.0,0.1146,0.0,0.1146,0.0,0.1146,0.0,0.0458
27,0.1146,0.0,0.0,0.0,0.1146,0.0,0.1146,0.0,0.1146,0.0,0.1146,0.0,0.0458
28,0.1146,0.0,0.0,0.0,0.1146,0.0,0.1146,0.0,0.1146,0.1146,0.1146,0.0,0.0573
29,0.1146,0.0,0.0,0.1146,0.1146,0.0,0.1146,0.0,0.1146,0.1146,0.1146,0.0,0.0688
30,0.1146,0.0,0.0,0.1146,0.1146,0.0,0.1146,0.0,0.1146,0.1146,0.1146,0.0,0.0688
31,0.1146,0.0,0.0,0.1146,0.1146,0.0,0.1146,0.0,0.1146,0.1146,0.1146,0.0,0.0688
32,0.1146,0.0,0.0,0.1146,0.1146,0.0,0.1146,0.0,0.1146,0.1146,0.1146,0.0,0.0688
33,0.1146,0.0,0.0,0.1146,0.1146,0.0,0.1146,0.0,0.1146,0.1146,0.1146,0.0,0.0688
34,0.1146,0.0,0.0,0.1146,0.1146,0.0,0.1146,0.0,0.1146,0.1146,0.1146,0.0,0.0688
35,0.1146,0.0,0.0,0.1146,0.1146,0.0,0.1146,0.0,0.1146,0.1146,0.1146,0.0,0.0688
36,0.1146,0.0,0.0,0.1146,0.1146,0.0,0.1146,0.0,0.1146,0.1146,0.1146,0.0,0.0688
37,0.1146,0.1146,0.0,0.1146,0.1146,0.0,0.1146,0.0,0.1146,0.1146,0.1146,0.0,0.0802
38,0.1146,0.1146,0.0,0.1146,0.1146,0.0,0.1146,0.0,0.1146,0.1146,0.1146,0.0,0.0802
39,0.1146,0.1146,0.0,0.1146,0.1146,0.0,0.1146,0.0,0.1146,0.1146,0.1146,0.0,0.0802
40,0.1146,0.1146,0.0,0.1146,0.1146,0.0,0.1146,0.0,0.1146,0.1146,0.1146,0.0,0.0802
41,0.1146,0.1146,0.0,0.1146,0.1146,0.0,0.1146,0.0,0.1146,0.1146,0.1146,0.0,0.0802
42,0.1146,0.1146,0.0,0.1146,0.1146,0.0,0.1146,0.0,0.1146,0.1146,0.1146,0.0,0.0802
43,0.1146,0.1146,0.0,0.1146,0.1146,0.0,0.1146,0.0,0.1146,0.1146,0.1146,0.0,0.0802
44,0.1146,0.1146,0.0,0.1146,0.1146,0.0,0.1146,0.0,0.1146,0.1146,0.1146,0.0,0.0802
45,0.1146,0.1146,0.0,0.1146,0.1146,0.1146,0.1146,0.0,0.1146,0.1146,0.1146,0.0,0.0917
46,0.1146,0.1146,0.0,0.1146,0.1146,0.1146,0.1146,0.0,0.1146,0.1146,0.1146,0.0,0.0917
47,0.1146,0.1146,0.0,0.1146,0.1146,0.1146,0.1146,0.0,0.1146,0.1146,0.1146,0.0,0.0917
48,0.1146,0.1146,0.0,0.1146,0.1146,0.1146,0.1146,0.0,0.1146,0.1146,0.1146,0.0,0.0917
49,0.1146,0.1146,0.0,0.1146,0.1146,0.1146,0.1146,0.0,0.1146,0.1146,0.1146,0.0,0.0917
50,0.1146,0.1146,0.0,0.1146,0.1146,0.1146,0.1146,0.0,0.1146,0.1146,0.1146,0.0,0.0917
51,0.1146,0.1146,0.0,0.1146,0.1146,0.1146,0.1146,0.0,0.1146,0.1146,0.1146,0.0,0.0917
52,0.1146,0.1146,0.0,0.1146,0.1146,0.1146,0.1146,0.0,0.1146,0.1146,0.1146,0.0,0.0917
53,0.1146,0.1146,0.0,0.1146,0.1146,0.1146,0.1146,0.1146,0.1146,0.1146,0.1146,0.0,0.1031
54,0.1146,0.1146,0.0,0.1146,0.1146,0.1146,0.1146,0.1146,0.1146,0.1146,0.1146,0.0,0.1031
55,0.1146,0.1146,0.0,0.1146,0.1146,0.1146,0.1146,0.1146,0.1146,0.1146,0.1146,0.0,0.1031
56,0.1146,0.1146,0.0,0.1146,0.1146,0.1146,0.1146,0.1146,0.1146,0.1146,0.1146,0.0,0.1031
57,0.1146,0.1146,0.0,0.1146,0.1146,0.1146,0.1146,0.1146,0.1146,0.1146,0.1146,0.0,0.1031
58,0.1146,0.1146,0.0,0.1146,0.1146,0.1146,0.1146,0.1146,0.1146,0.1146,0.1146,0.0,0.1031
59,0.1146,0.1146,0.0,0.1146,0.1146,0.1146,0.1146,0.1146,0.1146,0.1146,0.1146,0.0,0.1031
60,0.1146,0.1146,0.0,0.1146,0.1146,0.1146,0.1146,0.1146,0.1146,0.1146,0.1146,0.0,0.1031
61,0.1146,0.1146,0.0,0.1146,0.1146,0.1146,0.1146,0.1146,0.1146,0.1146,0.1146,0.0,0.1031
62,0.1146,0.1146,0.0,0.1146,0.1146,0.1146,0.1146,0.1146,0.1146,0.1146,0.1146,0.0,0.1031
63,0.1146,0.1146,0.0,0.1146,0.1146,0.1146,0.1146,0.1146,0.1146,0.1146,0.1146,0.0,0.1031
64,0.1146,0.1146,0.0,0.1146,0.1146,0.1146,0.1146,0.1146,0.1146,0.1146,0.1146,0.0,0.1031
65,0.1146,0.1146,0.0,0.1146,0.1146,0.1146,0.1146,0.1146,0.1146,0.1146,0.1146,0.0,0.1031
66,0.1146,0.1146,0.0,0.1146,0.1146,0.1146,0.1146,0.1146,0.1146,0.1146,0.1146,0.0,0.1031
67,0.1146,0.1146,0.0,0.1146,0.1146,0.1146,0.1146,0.1146,0.1146,0.1146,0.1146,0.0,0.1031
68,0.1146,0.1146,0.0,0.1146,0.1146,0.1146,0.1146,0.1146,0.1146,0.1146,0.1146,0.0,0.1031
69,0.1146,0.1146,0.0,0.1146,0.1146,0.1146,0.1146,0.1146,0.1146,0.1146,0.1146,0.0,0.1031
70,0.1146,0.1146,0.0,0.1146,0.1146,0.1146,0.1146,0.1146,0.1146,0.1146,0.1146,0.0,0.1031
71,0.1146,0.1146,0.0,0.1146,0.1146,0.1146,0.1146,0.1146,0.1146,0.1146,0.1146,0.0,0.1031
72,0.1146,0.1146,0.0,0.1146,0.1146,0.1146,0.1146,0.1146,0.1146,0.1146,0.1146,0.0,0.1031
73,0.1146,0.1146,0.0,0.1146,0.1146,0.1146,0.1146,0.1146,0.1146,0.1146,0.1146,0.0,0.1031
74,0.1146,0.1146,0.0,0.1146,0.1146,0.1146,0.1146,0.1146,0.1146,0.1146,0.1146,0.0,0.1031
75,0.1146,0.1146,0.0,0.1146,0.1146,0.1146,0.1146,0.1146,0.1146,0.1146,0.1146,0.0,0.1031
76,0.1146,0.1146,0.0,0.1146,0.1146,0.1146,0.1146,0.1146,0.1146,0.1146,0.1146,0.0,0.1031
77,0.1146,0.1146,0.1146,0.1146,0.1146,0.1146,0.1146,0.1146,0.1146,0.1146,0.1146,0.1146,0.1146
78,0.1146,0.1146,0.1146,0.1146,0.1146,0.1146,0.1146,0.1146,0.1146,0.1146,0.1146,0.1146,0.1146
79,0.1146,0.1146,0.1146,0.1146,0.1146,0.1146,0.1146,0.1146,0.1146,0.1146,0.1146,0.1146,0.1146
80,0.1146,0.1146,0.1146,0.1146,0.1146,0.1146,0.1146,0.1146,0.1146,0.1146,0.1146,0.1146,0.1146
81,0.1146,0.1146,0.1146,0.1146,0.1146,0.1146,0.1146,0.1146,0.1146,0.1146,0.1146,0.1146,0.1146
82,0.1146,0.1146,0.1354,0.1146,0.1146,0.1146,0.1146,0.1146,0.1146,0.1146,0.1354,0.1146,0.1167
83,0.1146,0.1146,0.1354,0.1146,0.1146,0.1146,0.1146,0.1146,0.1146,0.1146,0.1354,0.1146,0.1167
84,0.1146,0.1146,0.1354,0.1146,0.1146,0.1146,0.1146,0.1146,0.1146,0.1146,0.1354,0.1146,0.1167
85,0.1146,0.1146,0.1354,0.1146,0.1146,0.1146,0.1146,0.1146,0.1146,0.1146,0.1354,0.1146,0.1167
86,0.1146,0.1146,0.1354,0.1146,0.1146,0.1146,0.1146,0.1146,0.1146,0.1146,0.1354,0.1146,0.1167
87,0.1146,0.1146,0.1354,0.1146,0.1146,0.1146,0.1146,0.1146,0.1146,0.1146,0.1354,0.1146,0.1167
88,0.1146,0.1146,0.1354,0.1146,0.1146,0.1146,0.1146,0.1146,0.1146,0.1146,0.1354,0.1146,0.1167
89,0.1146,0.1146,0.1354,0.1146,0.1146,0.1146,0.1146,0.1146,0.1146,0.1146,0.1354,0.1146,0.1167
90,0.1146,0.1146,0.1354,0.1146,0.1146,0.1146,0.1146,0.1146,0.1146,0.1146,0.1354,0.1146,0.1167
91,0.1146,0.1146,0.1354,0.1146,0.1146,0.1146,0.1146,0.1146,0.1146,0.1146,0.1354,0.1146,0.1167
92,0.1146,0.1146,0.1354,0.1146,0.1146,0.1146,0.1146,0.1146,0.1146,0.1146,0.1354,0.1146,0.1167
93,0.1146,0.1146,0.1354,0.1146,0.1146,0.1146,0.1146,0.1146,0.1146,0.1146,0.1354,0.1146,0.1167
94,0.1146,0.1146,0.1354,0.1146,0.1146,0.1146,0.1146,0.1146,0.1146,0.1146,0.1354,0.1146,0.1167
95,0.1146,0.1146,0.1354,0.1146,0.1146,0.1146,0.1146,0.1146,0.1146,0.1146,0.1354,0.1146,0.1167
96,0.1146,0.1146,0.1354,0.1146,0.1146,0.1146,0.1146,0.1146,0.1146,0.1146,0.1354,0.1146,0.1167
97,0.1146,0.1146,0.1354,0.1146,0.1146,0.1146,0.1146,0.1146,0.1146,0.1146,0.1354,0.1146,0.1167
98,0.1146,0.1146,0.1354,0.1146,0.1146,0.1146,0.1146,0.1146,0.1146,0.1146,0.1354,0.1146,0.1167
99,0.1146,0.1146,0.1354,0.1146,0.1146,0.1146,0.1146,0.1146,0.1146,0.1146,0.1354,0.1146,0.1167
100,0.1146,0.1146,0.1354,0.1146,0.1146,0.1146,0.1146,0.1146,0.1146,0.1146,0.1354,0.1146,0.1167
101,0.1146,0.1146,0.1354,0.1146,0.1146,0.1146,0.1146,0.1146,0.1146,0.1146,0.1354,0.1146,0.1167
102,0.1146,0.1146,0.1354,0.1146,0.1146,0.1146,0.1146,0.1354,0.1146,0.1146,0.1354,0.1146,0.1188
103,0.1146,0.1146,0.1354,0.1146,0.1146,0.1146,0.1146,0.1354,0.1146,0.1146,0.1354,0.1146,0.1188
104,0.1146,0.1146,0.1354,0.1146,0.1146,0.1146,0.1146,0.1354,0.1146,0.1146,0.1354,0.1146,0.1188
105,0.1146,0.1146,0.1354,0.1146,0.1146,0.1146,0.1146,0.1354,0.1146,0.1146,0.1354,0.1146,0.1188
106,0.1146,0.1146,0.1354,0.1146,0.1146,0.1146,0.1146,0.1354,0.1146,0.1146,0.1354,0.1146,0.1188
107,0.1146,0.1146,0.1354,0.1146,0.1146,0.1146,0.1146,0.1354,0.1146,0.1146,0.1354,0.1146,0.1188
108,0.1146,0.1146,0.1354,0.1146,0.1146,0.1146,0.1146,0.1354,0.1146,0.1146,0.1354,0.1146,0.1188
109,0.1146,0.1146,0.1354,0.1146,0.1146,0.1146,0.1146,0.1354,0.1146,0.1146,0.1354,0.1146,0.1188
110,0.1146,0.1146,0.1354,0.1146,0.1146,0.1146,0.1146,0.1354,0.1146,0.1146,0.1354,0.1146,0.1188
111,0.1146,0.1146,0.1354,0.1146,0.1146,0.1146,0.1146,0.1354,0.1146,0.1146,0.1354,0.1146,0.1188
112,0.1146,0.1146,0.1354,0.1146,0.1146,0.1146,0.1146,0.1354,0.1146,0.1146,0.1354,0.1146,0.1188
113,0.1146,0.1146,0.1354,0.1146,0.1146,0.1146,0.1146,0.1354,0.1146,0.1146,0.1354,0.1146,0.1188
114,0.1146,0.1146,0.1354,0.1146,0.1146,0.1146,0.1146,0.1354,0.1146,0.1146,0.1354,0.1146,0.1188
115,0.1146,0.1146,0.1354,0.1146,0.1146,0.1146,0.1146,0.1354,0.1146,0.1146,0.1354,0.1146,0.1188
116,0.1146,0.1146,0.1354,0.1146,0.1146,0.1146,0.1146,0.1354,0.1146,0.1146,0.1354,0.1146,0.1188
117,0.1146,0.1146,0.1354,0.1146,0.1146,0.1146,0.1146,0.1354,0.1146,0.1146,0.1354,0.1146,0.1188
118,0.1146,0.1146,0.1354,0.1146,0.1146,0.1146,0.1146,0.1354,0.1146,0.1146,0.1354,0.1146,0.1188
119,0.1146,0.1146,0.1354,0.1146,0.1146,0.1146,0.1146,0.1354,0.1146,0.1146,0.1354,0.1146,0.1188
120,0.1146,0.1146,0.1354,0.1146,0.1146,0.1146,0.1146,0.1354,0.1146,0.1146,0.1354,0.1146,0.1188
121,0.1146,0.1146,0.1354,0.1146,0.1146,0.1146,0.1146,0.1354,0.1146,0.1146,0.1354,0.1146,0.1188
122,0.1146,0.1146,0.1354,0.1146,0.1146,0.1146,0.1146,0.1354,0.1146,0.1146,0.1354,0.1146,0.1188
123,0.1146,0.1146,0.1354,0.1146,0.1146,0.1146,0.1146,0.2292,0.1146,0.1146,0.2292,0.1146,0.1281
124,0.1146,0.1146,0.1354,0.1146,0.1146,0.1146,0.1146,0.2292,0.1146,0.1146,0.2292,0.1146,0.1281
125,0.1146,0.1146,0.1354,0.1146,0.1146,0.1146,0.1146,0.2292,0.1146,0.1146,0.2292,0.1146,0.1281
126,0.1146,0.1146,0.1354,0.1146,0.1146,0.1146,0.1146,0.2292,0.1146,0.1146,0.2292,0.1146,0.1281
127,0.1146,0.1146,0.1354,0.1146,0.1146,0.1146,0.1146,0.2292,0.1146,0.1146,0.2292,0.1146,0.1281
128,0.1146,0.1146,0.1354,0.1146,0.1146,0.1146,0.1146,0.2292,0.1146,0.1146,0.2292,0.1146,0.1281
129,0.1146,0.1146,0.1354,0.1146,0.1146,0.1146,0.1146,0.2292,0.1146,0.1146,0.2292,0.1146,0.1281
130,0.1146,0.1146,0.1354,0.1146,0.1146,0.1146,0.1146,0.2292,0.1146,0.1146,0.2292,0.1146,0.1281
131,0.1146,0.1146,0.1354,0.1146,0.1146,0.1146,0.1146,0.2292,0.1146,0.1146,0.2292,0.1146,0.1281
132,0.1146,0.1146,0.1354,0.1146,0.1146,0.1146,0.1146,0.2292,0.1146,0.1146,0.2292,0.1146,0.1281
133,0.1146,0.1146,0.1354,0.1146,0.1146,0.1146,0.1146,0.2292,0.1146,0.1146,0.2292,0.1146,0.1281
134,0.1146,0.1146,0.1354,0.1146,0.1146,0.1146,0.1146,0.2292,0.1146,0.1146,0.2292,0.1146,0.1281
135,0.1146,0.1146,0.1354,0.1146,0.1146,0.1146,0.1146,0.2292,0.1146,0.1146,0.2292,0.1146,0.1281
136,0.1146,0.1146,0.1354,0.1146,0.1146,0.1146,0.1146,0.2292,0.1146,0.1146,0.2292,0.1146,0.1281
137,0.1146,0.1146,0.1354,0.1146,0.1146,0.1146,0.1146,0.2292,0.1146,0.1146,0.2292,0.1146,0.1281
138,0.1146,0.1146,0.1354,0.1146,0.1146,0.1146,0.1146,0.2292,0.1146,0.1146,0.2292,0.1146,0.1281
139,0.1146,0.1146,0.1354,0.1146,0.1146,0.1146,0.1146,0.2292,0.1146,0.1146,0.2292,0.1146,0.1281
140,0.1146,0.1146,0.1354,0.1146,0.1146,0.1146,0.1146,0.2292,0.1146,0.1146,0.2292,0.1146,0.1281
141,0.1146,0.1146,0.1354,0.1146,0.1146,0.1146,0.1146,0.2292,0.1146,0.1146,0.2292,0.1146,0.1281
142,0.1146,0.1146,0.1354,0.1146,0.1146,0.1146,0.1146,0.2292,0.1146,0.1146,0.2292,0.1146,0.1281
143,0.1146,0.1146,0.1354,0.1146,0.1146,0.1146,0.1146,0.2292,0.1146,0.1146,0.2292,0.1146,0.1281
144,0.1146,0.1146,0.1354,0.1146,0.1146,0.1146,0.1146,0.2292,0.1146,0.1146,0.2292,0.1146,0.1281
145,0.1146,0.1146,0.1354,0.1146,0.1146,0.1146,0.1146,0.2292,0.1146,0.1146,0.2292,0.1146,0.1281
146,0.1146,0.1146,0.1354,0.1146,0.1146,0.1146,0.1146,0.2292,0.1146,0.1146,0.2292,0.1146,0.1281
147,0.1146,0.1146,0.1354,0.1146,0.1146,0.1146,0.1146,0.2292,0.1146,0.1146,0.2292,0.1146,0.1281
148,0.1146,0.1146,0.1354,0.1146,0.1146,0.1146,0.1146,0.2292,0.1146,0.1146,0.2292,0.1146,0.1281
149,0.1146,0.1146,0.1354,0.1146,0.1146,0.1146,0.1146,0.2292,0.1146,0.1146,0.2292,0.1146,0.1281
150,0.1146,0.1146,0.1354,0.1146,0.1146,0.1146,0.1146,0.2292,0.1146,0.1146,0.2292,0.1146,0.1281
151,0.1146,0.1146,0.1354,0.1146,0.1146,0.1146,0.1146,0.2292,0.1146,0.1146,0.2292,0.1146,0.1281
152,0.1146,0.1146,0.1354,0.1146,0.1146,0.1146,0.1146,0.2292,0.1146,0.1146,0.2292,0.1146,0.1281
153,0.1146,0.1146,0.1354,0.1146,0.1146,0.1146,0.1146,0.2292,0.1146,0.1146,0.2292,0.1146,0.1281
154,0.1146,0.1146,0.1354,0.1146,0.1146,0.1146,0.1146,0.2292,0.1146,0.1146,0.2292,0.1146,0.1281
155,0.1146,0.1146,0.1354,0.1146,0.1146,0.1146,0.1146,0.2292,0.1146,0.1146,0.2292,0.1146,0.1281
156,0.1146,0.1146,0.1354,0.1146,0.1146,0.1146,0.1146,0.2292,0.1146,0.1146,0.2292,0.1146,0.1281
157,0.1146,0.1146,0.1354,0.1146,0.1146,0.1146,0.1146,0.2292,0.1146,0.1146,0.2292,0.1146,0.1281
158,0.1146,0.1146,0.1354,0.1146,0.1146,0.1146,0.1146,0.2292,0.1146,0.1146,0.2292,0.1146,0.1281
159,0.1146,0.1146,0.1354,0.1146,0.1146,0.1146,0.1146,0.2292,0.1146,0.1146,0.2292,0.1146,0.1281
160,0.1146,0.1146,0.1354,0.1146,0.1146,0.1146,0.1146,0.2292,0.1146,0.1146,0.2292,0.1146,0.1281
161,0.1146,0.1146,0.1354,0.1146,0.1146,0.1146,0.1146,0.2292,0.1146,0.1146,0.2292,0.1146,0.1281
162,0.1146,0.1146,0.1354,0.1146,0.1146,0.1146,0.1146,0.2292,0.1146,0.1146,0.2292,0.1146,0.1281
163,0.1146,0.1146,0.1354,0.1146,0.1146,0.1146,0.1146,0.2292,0.1146,0.1146,0.2292,0.1146,0.1281
164,0.1146,0.1146,0.1354,0.1146,0.1146,0.1146,0.1146,0.2292,0.1146,0.1146,0.2292,0.1146,0.1281
165,0.1146,0.1146,0.1354,0.1146,0.1146,0.1146,0.1146,0.2292,0.1146,0.1146,0.2292,0.1146,0.1281
166,0.1146,0.1146,0.1354,0.1146,0.1146,0.1146,0.1146,0.2396,0.1146,0.1146,0.2396,0.1146,0.1292
167,0.1146,0.1146,0.1354,0.1146,0.1146,0.1146,0.1146,0.2396,0.1146,0.1146,0.2396,0.1146,0.1292
168,0.1146,0.1146,0.1354,0.1146,0.1146,0.1146,0.1146,0.2396,0.1146,0.1146,0.2396,0.1146,0.1292
169,0.1146,0.1146,0.1354,0.1146,0.1146,0.1146,0.1146,0.2396,0.1146,0.1146,0.2396,0.1146,0.1292
170,0.1146,0.1146,0.1354,0.1146,0.1146,0.1146,0.1146,0.2396,0.1146,0.1146,0.2396,0.1146,0.1292
171,0.1146,0.1146,0.1354,0.1146,0.1146,0.1146,0.1146,0.2396,0.1146,0.1146,0.2396,0.1146,0.1292
172,0.1146,0.1146,0.1354,0.1146,0.1146,0.1146,0.1146,0.2396,0.1146,0.1146,0.2396,0.1146,0.1292
173,0.1146,0.1146,0.1354,0.1146,0.1146,0.1146,0.1146,0.2396,0.1146,0.1146,0.2396,0.1146,0.1292
174,0.1146,0.1146,0.1354,0.1146,0.1146,0.1146,0.1146,0.2396,0.1146,0.1146,0.2396,0.1146,0.1292
175,0.1146,0.1146,0.1354,0.1146,0.1146,0.1146,0.1146,0.2396,0.1146,0.1146,0.2396,0.1146,0.1292
176,0.1146,0.1146,0.1354,0.1146,0.1146,0.1146,0.1146,0.2396,0.1146,0.1146,0.2396,0.1146,0.1292
177,0.1146,0.1146,0.1354,0.1146,0.1146,0.1146,0.1146,0.2396,0.1146,0.1146,0.2396,0.1146,0.1292
178,0.1146,0.1146,0.1354,0.1146,0.1146,0.1146,0.1146,0.2396,0.1146,0.1146,0.2396,0.1146,0.1292
179,0.1146,0.1146,0.1354,0.1146,0.1146,0.1146,0.1146,0.2396,0.1146,0.1146,0.2396,0.1146,0.1292
180,0.1146,0.1146,0.1354,0.1146,0.1146,0.1146,0.1146,0.2396,0.1146,0.1146,0.2396,0.1146,0.1292
181,0.1146,0.1146,0.1354,0.1146,0.1146,0.1146,0.1146,0.2396,0.1146,0.1146,0.2396,0.1146,0.1292
182,0.1146,0.1146,0.1354,0.1146,0.1146,0.1146,0.1146,0.2396,0.1146,0.1146,0.2396,0.1146,0.1292
183,0.1146,0.1146,0.1354,0.1146,0.1146,0.1146,0.1146,0.2396,0.1146,0.1146,0.2396,0.1146,0.1292
184,0.1146,0.1146,0.1354,0.1146,0.1146,0.1146,0.1146,0.2396,0.1146,0.1146,0.2396,0.1146,0.1292
185,0.1146,0.1146,0.1354,0.1146,0.1146,0.1146,0.1146,0.2396,0.1146,0.1146,0.2396,0.1146,0.1292
186,0.1146,0.1146,0.1354,0.2188,0.1146,0.1146,0.1146,0.2396,0.1146,0.1146,0.2396,0.1146,0.1396
187,0.1146,0.1146,0.1354,0.2188,0.1146,0.1146,0.1146,0.2396,0.1146,0.1146,0.2396,0.1146,0.1396
188,0.1146,0.1146,0.1354,0.2188,0.1146,0.1146,0.1146,0.2396,0.1146,0.1146,0.2396,0.1146,0.1396
189,0.1146,0.1146,0.1354,0.2188,0.1146,0.1146,0.1146,0.2396,0.1146,0.1146,0.2396,0.1146,0.1396
190,0.1146,0.1146,0.1354,0.2188,0.1146,0.1146,0.1146,0.2396,0.1146,0.1146,0.2396,0.1146,0.1396
191,0.1146,0.1146,0.1354,0.3542,0.1146,0.1146,0.1146,0.2396,0.1146,0.1146,0.3542,0.1146,0.1531
192,0.1146,0.1146,0.1354,0.3542,0.1146,0.1146,0.1146,0.2396,0.1146,0.1146,0.3542,0.1146,0.1531
193,0.1146,0.1146,0.1354,0.3646,0.1146,0.1146,0.1146,0.2396,0.1146,0.1146,0.3646,0.1146,0.1542
194,0.1146,0.1146,0.1354,0.3958,0.1146,0.1146,0.1146,0.2396,0.1146,0.1146,0.3958,0.1146,0.1573
195,0.1146,0.1146,0.1354,0.3958,0.1146,0.1146,0.1146,0.2396,0.1146,0.1146,0.3958,0.1146,0.1573
196,0.1146,0.1146,0.1354,0.3958,0.1146,0.1146,0.1146,0.2396,0.1146,0.1146,0.3958,0.1146,0.1573
197,0.1146,0.1146,0.1354,0.3958,0.1146,0.1146,0.1146,0.2396,0.1146,0.1146,0.3958,0.1146,0.1573
198,0.1146,0.1146,0.1354,0.3958,0.1146,0.1146,0.1146,0.2396,0.1146,0.1146,0.3958,0.1146,0.1573
199,0.1146,0.1146,0.1354,0.3958,0.1146,0.1146,0.1146,0.2396,0.1146,0.1146,0.3958,0.1146,0.1573
200,0.1146,0.1146,0.1354,0.3958,0.1146,0.1146,0.1146,0.2396,0.1146,0.1146,0.3958,0.1146,0.1573
201,0.1146,0.1146,0.1354,0.3958,0.1146,0.1146,0.1146,0.2396,0.1146,0.1146,0.3958,0.1146,0.1573
202,0.1146,0.1146,0.1354,0.3958,0.1146,0.1146,0.1146,0.2396,0.1146,0.1146,0.3958,0.1146,0.1573
203,0.1146,0.1146,0.1354,0.3958,0.1146,0.1146,0.1146,0.2396,0.1146,0.1146,0.3958,0.1146,0.1573
204,0.1146,0.1146,0.1354,0.3958,0.1146,0.1146,0.1146,0.2396,0.1146,0.1146,0.3958,0.1146,0.1573
205,0.1146,0.1146,0.1354,0.3958,0.1146,0.1146,0.1146,0.2396,0.1146,0.1146,0.3958,0.1146,0.1573
206,0.1146,0.1146,0.1354,0.3958,0.1146,0.1146,0.1146,0.2396,0.1146,0.1146,0.3958,0.1146,0.1573
207,0.1146,0.1146,0.1354,0.3958,0.1146,0.1146,0.1146,0.2396,0.1146,0.1146,0.3958,0.1146,0.1573
208,0.1146,0.1146,0.1354,0.3958,0.1146,0.1146,0.1146,0.2396,0.1146,0.1146,0.3958,0.1146,0.1573
209,0.1146,0.1146,0.1354,0.3958,0.1146,0.1146,0.1146,0.2396,0.1146,0.1146,0.3958,0.1146,0.1573
210,0.1146,0.1146,0.1354,0.3958,0.1146,0.1146,0.1146,0.2396,0.1146,0.1146,0.3958,0.1146,0.1573
211,0.1146,0.1146,0.1354,0.3958,0.1146,0.1146,0.1146,0.2396,0.1146,0.1146,0.3958,0.1146,0.1573
212,0.1146,0.1146,0.1354,0.3958,0.1146,0.1146,0.1146,0.2396,0.1146,0.1146,0.3958,0.1146,0.1573
213,0.1146,0.1146,0.1354,0.3958,0.1146,0.1146,0.1146,0.2396,0.1146,0.1146,0.3958,0.1146,0.1573
214,0.1146,0.1146,0.1354,0.3958,0.1146,0.1146,0.1146,0.2396,0.1146,0.1146,0.3958,0.1146,0.1573
215,0.1146,0.1146,0.1354,0.3958,0.1146,0.1146,0.1146,0.2396,0.1146,0.1146,0.3958,0.1146,0.1573
216,0.1146,0.1146,0.1354,0.3958,0.1146,0.1146,0.1146,0.2396,0.1146,0.1146,0.3958,0.1146,0.1573
217,0.1146,0.1146,0.1354,0.3958,0.1146,0.1146,0.1146,0.2396,0.1146,0.1146,0.3958,0.1146,0.1573
218,0.1146,0.1146,0.1354,0.3958,0.1146,0.1146,0.1146,0.2396,0.1146,0.1146,0.3958,0.1146,0.1573
219,0.1146,0.1146,0.1354,0.4062,0.1146,0.1146,0.1146,0.2396,0.1146,0.1146,0.4062,0.1146,0.1583
220,0.1146,0.1146,0.1354,0.4062,0.1146,0.1146,0.1146,0.2396,0.1146,0.1146,0.4062,0.1146,0.1583
221,0.1146,0.1146,0.1354,0.4062,0.1146,0.1146,0.1146,0.2396,0.1146,0.1146,0.4062,0.1146,0.1583
222,0.1146,0.1146,0.1354,0.4062,0.1146,0.1146,0.1146,0.2396,0.1146,0.1146,0.4062,0.1146,0.1583
223,0.1146,0.1146,0.1354,0.4062,0.1146,0.1146,0.1146,0.2396,0.1146,0.1146,0.4062,0.1146,0.1583
224,0.1146,0.1146,0.1354,0.4062,0.1146,0.1146,0.1146,0.2708,0.1146,0.1146,0.4062,0.1146,0.1615
225,0.1146,0.1146,0.1354,0.4062,0.1146,0.1146,0.1146,0.2708,0.1146,0.1146,0.4062,0.1146,0.1615
226,0.1146,0.1146,0.1354,0.4062,0.1146,0.1146,0.1146,0.2708,0.1146,0.1146,0.4062,0.1146,0.1615
227,0.1146,0.1146,0.1354,0.4062,0.1146,0.1146,0.1146,0.2708,0.1146,0.1146,0.4062,0.1146,0.1615
228,0.1146,0.1146,0.1354,0.4062,0.1146,0.1146,0.1146,0.2708,0.1146,0.1146,0.4062,0.1146,0.1615
229,0.1146,0.1146,0.1354,0.4062,0.1146,0.1146,0.1146,0.2708,0.1146,0.1146,0.4062,0.1146,0.1615
230,0.1146,0.1146,0.1354,0.4062,0.1146,0.1146,0.1146,0.2708,0.1146,0.1146,0.4062,0.1146,0.1615
231,0.1146,0.1146,0.1354,0.4062,0.1146,0.1146,0.1146,0.2708,0.1146,0.1146,0.4062,0.1146,0.1615
232,0.1146,0.1146,0.1354,0.4062,0.1146,0.1146,0.1146,0.2708,0.1146,0.1146,0.4062,0.1146,0.1615
233,0.1146,0.1146,0.1354,0.4062,0.1146,0.1146,0.1146,0.2708,0.1146,0.1146,0.4062,0.1146,0.1615
234,0.1146,0.1146,0.1354,0.4062,0.1146,0.1146,0.1146,0.2708,0.1146,0.1146,0.4062,0.1146,0.1615
235,0.1146,0.1146,0.1354,0.4062,0.1146,0.1146,0.1146,0.2708,0.1146,0.1146,0.4062,0.1146,0.1615
236,0.1146,0.1146,0.1354,0.4062,0.1146,0.1146,0.1354,0.2708,0.1146,0.1146,0.4062,0.1146,0.1635
237,0.1146,0.1146,0.1354,0.4062,0.1146,0.1146,0.1354,0.2708,0.1146,0.1146,0.4062,0.1146,0.1635
238,0.1146,0.1146,0.1354,0.4062,0.1146,0.1146,0.1354,0.2708,0.1146,0.1146,0.4062,0.1146,0.1635
239,0.1146,0.1146,0.1354,0.4062,0.1146,0.1146,0.1354,0.2708,0.1146,0.1146,0.4062,0.1146,0.1635
240,0.1146,0.1146,0.1354,0.4062,0.1146,0.1146,0.1354,0.2708,0.1146,0.1146,0.4062,0.1146,0.1635
241,0.1146,0.1146,0.1354,0.4062,0.1146,0.1146,0.1354,0.2708,0.1146,0.1146,0.4062,0.1146,0.1635
242,0.1146,0.1146,0.1354,0.4062,0.1146,0.1146,0.1354,0.2708,0.1146,0.1146,0.4062,0.1146,0.1635
243,0.1146,0.1146,0.1354,0.4062,0.1146,0.1146,0.1354,0.2708,0.1146,0.1146,0.4062,0.1146,0.1635
244,0.1146,0.1146,0.1354,0.4062,0.1146,0.1146,0.1354,0.2708,0.1146,0.1146,0.4062,0.1146,0.1635
245,0.1146,0.1146,0.1354,0.4062,0.1146,0.1146,0.1354,0.2812,0.1146,0.1146,0.4062,0.1146,0.1646
246,0.1146,0.1146,0.1354,0.4062,0.1146,0.1146,0.1354,0.2812,0.1146,0.1146,0.4062,0.1146,0.1646
247,0.1146,0.1146,0.1354,0.4062,0.1146,0.1146,0.1354,0.2812,0.1146,0.1146,0.4062,0.1146,0.1646
248,0.1146,0.1146,0.1354,0.4062,0.1146,0.1146,0.1354,0.2812,0.1146,0.1146,0.4062,0.1146,0.1646
249,0.1146,0.1146,0.1354,0.4062,0.1146,0.1146,0.1354,0.2812,0.1146,0.1146,0.4062,0.1146,0.1646
250,0.1146,0.1146,0.1354,0.4062,0.1146,0.1146,0.1354,0.2812,0.1146,0.1146,0.4062,0.1146,0.1646
251,0.1146,0.1146,0.1354,0.4062,0.1146,0.1146,0.1354,0.2812,0.1146,0.1146,0.4062,0.1146,0.1646
252,0.1146,0.1146,0.1354,0.4062,0.1146,0.1146,0.1354,0.2812,0.1146,0.1146,0.4062,0.1146,0.1646
253,0.1146,0.1146,0.1354,0.4062,0.1146,0.1146,0.1354,0.2812,0.1146,0.1146,0.4062,0.1146,0.1646
254,0.1146,0.1146,0.1354,0.4062,0.1146,0.1146,0.1354,0.2812,0.1146,0.1146,0.4062,0.1146,0.1646
255,0.1146,0.1146,0.1354,0.4062,0.1146,0.1146,0.1354,0.2812,0.1146,0.1146,0.4062,0.1146,0.1646
256,0.1146,0.1146,0.1354,0.4062,0.1146,0.1146,0.1354,0.2812,0.1146,0.1146,0.4062,0.1146,0.1646
257,0.1146,0.1146,0.1354,0.4062,0.1146,0.1146,0.1354,0.2812,0.1146,0.1146,0.4062,0.1146,0.1646
258,0.1146,0.1146,0.1354,0.4062,0.1146,0.1146,0.1354,0.2812,0.1146,0.1146,0.4062,0.1146,0.1646
259,0.1146,0.1146,0.1354,0.4062,0.1146,0.1146,0.1354,0.2812,0.1146,0.1146,0.4062,0.1146,0.1646
260,0.1146,0.1146,0.1354,0.4062,0.1146,0.1146,0.1354,0.2812,0.1146,0.1146,0.4062,0.1146,0.1646
261,0.1146,0.1146,0.1354,0.4062,0.1146,0.1146,0.1354,0.2812,0.1146,0.1146,0.4062,0.1146,0.1646
262,0.1146,0.1146,0.1354,0.4062,0.1146,0.1146,0.1354,0.2812,0.1146,0.1146,0.4062,0.1146,0.1646
263,0.1146,0.1146,0.1354,0.4062,0.1146,0.1146,0.1354,0.2812,0.1146,0.1146,0.4062,0.1146,0.1646
264,0.1146,0.1146,0.1354,0.4062,0.1146,0.1146,0.1354,0.2812,0.2188,0.1146,0.4062,0.1146,0.175
265,0.1146,0.1146,0.1354,0.4062,0.1146,0.1146,0.1354,0.2812,0.2188,0.1146,0.4062,0.1146,0.175
266,0.1146,0.1146,0.1354,0.4062,0.1146,0.1146,0.1354,0.2812,0.2188,0.1146,0.4062,0.1146,0.175
267,0.1146,0.1146,0.1354,0.4062,0.1146,0.1146,0.1354,0.2812,0.2188,0.1146,0.4062,0.1146,0.175
268,0.1146,0.1146,0.1354,0.4062,0.1146,0.1146,0.1354,0.2812,0.2188,0.1146,0.4062,0.1146,0.175
269,0.1146,0.1146,0.1354,0.4062,0.1146,0.1146,0.1354,0.2812,0.2188,0.1146,0.4062,0.1146,0.175
270,0.1146,0.1146,0.1354,0.4062,0.1146,0.1146,0.1354,0.2812,0.2188,0.1146,0.4062,0.1146,0.175
271,0.1146,0.1146,0.1354,0.4062,0.1146,0.1146,0.1354,0.2812,0.2188,0.1146,0.4062,0.1146,0.175
272,0.1146,0.1146,0.1354,0.4062,0.1146,0.1146,0.1354,0.2812,0.2188,0.1146,0.4062,0.1146,0.175
273,0.1146,0.1146,0.1354,0.4062,0.1146,0.1146,0.1354,0.2812,0.2188,0.1146,0.4062,0.1146,0.175
274,0.1146,0.1146,0.1354,0.4062,0.1146,0.1146,0.1354,0.2812,0.2188,0.1146,0.4062,0.1146,0.175
275,0.1146,0.1146,0.1354,0.4062,0.1146,0.1146,0.1354,0.2812,0.2188,0.1146,0.4062,0.1146,0.175
276,0.1146,0.1146,0.1354,0.4062,0.1146,0.1146,0.1354,0.2812,0.2188,0.1146,0.4062,0.1146,0.175
277,0.1146,0.1146,0.1354,0.4062,0.1146,0.1146,0.1354,0.2812,0.2188,0.1146,0.4062,0.1146,0.175
278,0.1146,0.1146,0.1354,0.4062,0.1146,0.1146,0.1354,0.2812,0.2188,0.1146,0.4062,0.1146,0.175
279,0.1146,0.1146,0.1354,0.4062,0.1146,0.1146,0.1354,0.2812,0.2188,0.1146,0.4062,0.1146,0.175
280,0.1146,0.1146,0.1354,0.4062,0.1146,0.1146,0.1354,0.2812,0.2188,0.1146,0.4062,0.1146,0.175
281,0.1146,0.1146,0.1354,0.4062,0.1146,0.1146,0.1354,0.2812,0.2188,0.1146,0.4062,0.1146,0.175
282,0.1146,0.1146,0.1354,0.4062,0.1146,0.1146,0.1354,0.2812,0.2188,0.1146,0.4062,0.1146,0.175
283,0.1146,0.1146,0.1354,0.4062,0.1146,0.1146,0.1354,0.2812,0.2188,0.1146,0.4062,0.1146,0.175
284,0.1146,0.1146,0.1354,0.4062,0.1146,0.1146,0.1354,0.2812,0.2188,0.1146,0.4062,0.1146,0.175
285,0.1146,0.1146,0.1354,0.4062,0.1146,0.1146,0.1354,0.2812,0.2188,0.1146,0.4062,0.1146,0.175
286,0.1146,0.1146,0.1354,0.4062,0.1146,0.1146,0.1354,0.2812,0.2188,0.1146,0.4062,0.1146,0.175
287,0.1146,0.1146,0.1354,0.4062,0.1146,0.1146,0.1354,0.2812,0.2188,0.1146,0.4062,0.1146,0.175
288,0.1146,0.1146,0.1354,0.4062,0.1146,0.1146,0.1354,0.2812,0.2188,0.1146,0.4062,0.1146,0.175
289,0.1146,0.1146,0.1354,0.4062,0.1146,0.1146,0.1354,0.2812,0.2188,0.1146,0.4062,0.1146,0.175
290,0.1146,0.1146,0.1354,0.4062,0.1146,0.1146,0.1354,0.2812,0.2188,0.1146,0.4062,0.1146,0.175
291,0.1146,0.1146,0.1354,0.4062,0.1146,0.1146,0.1354,0.2812,0.2188,0.1146,0.4062,0.1146,0.175
292,0.1146,0.1146,0.1354,0.4062,0.1146,0.1146,0.1354,0.2812,0.2188,0.1146,0.4062,0.1146,0.175
293,0.1146,0.1146,0.1354,0.4062,0.1146,0.1146,0.1354,0.2812,0.2188,0.1146,0.4062,0.1146,0.175
294,0.1146,0.1146,0.1354,0.4062,0.1146,0.1146,0.1354,0.2812,0.2188,0.1146,0.4062,0.1146,0.175
295,0.1146,0.1146,0.1354,0.4062,0.1146,0.1146,0.1354,0.2812,0.2188,0.1146,0.4062,0.1146,0.175
296,0.1146,0.1146,0.1354,0.4062,0.1146,0.1146,0.1354,0.2812,0.2188,0.1146,0.4062,0.1146,0.175
297,0.1146,0.1146,0.1354,0.4062,0.1146,0.1146,0.1354,0.2812,0.2188,0.1146,0.4062,0.1146,0.175
298,0.1146,0.1146,0.1354,0.4062,0.1146,0.1146,0.1354,0.2812,0.2188,0.1146,0.4062,0.1146,0.175
299,0.1146,0.1146,0.1354,0.4062,0.1146,0.1146,0.1354,0.2812,0.2188,0.1146,0.4062,0.1146,0.175
300,0.1146,0.1146,0.1354,0.4062,0.1146,0.1146,0.1354,0.2812,0.2188,0.1146,0.4062,0.1146,0.175
301,0.1146,0.1146,0.1354,0.4062,0.1146,0.1146,0.1354,0.2812,0.2188,0.1146,0.4062,0.1146,0.175
302,0.1146,0.1146,0.1354,0.4062,0.1146,0.1146,0.1354,0.2812,0.2188,0.1146,0.4062,0.1146,0.175
303,0.1146,0.1146,0.1354,0.4062,0.1146,0.1146,0.1354,0.2812,0.2188,0.1146,0.4062,0.1146,0.175
304,0.1146,0.1146,0.1354,0.4062,0.1146,0.1146,0.1354,0.2812,0.2188,0.1146,0.4062,0.1146,0.175
305,0.1146,0.1146,0.1354,0.4062,0.1146,0.1146,0.1354,0.2812,0.2188,0.1146,0.4062,0.1146,0.175
306,0.1146,0.1146,0.1354,0.4062,0.1146,0.1146,0.1354,0.2812,0.2188,0.1146,0.4062,0.1146,0.175
307,0.1146,0.1146,0.1354,0.4062,0.1146,0.1146,0.1354,0.2812,0.2188,0.1146,0.4062,0.1146,0.175
308,0.1146,0.1146,0.1354,0.4062,0.1146,0.1146,0.1354,0.2812,0.2188,0.1146,0.4062,0.1146,0.175
309,0.1146,0.1146,0.1354,0.4062,0.1146,0.1146,0.1354,0.2812,0.2188,0.1146,0.4062,0.1146,0.175
310,0.1146,0.1146,0.1354,0.4062,0.1146,0.1146,0.1354,0.2812,0.2188,0.1146,0.4062,0.1146,0.175
311,0.1146,0.1146,0.1354,0.4062,0.1146,0.1146,0.1354,0.2812,0.2188,0.1146,0.4062,0.1146,0.175
312,0.1146,0.1146,0.1354,0.4062,0.1146,0.1146,0.1354,0.2812,0.2188,0.1146,0.4062,0.1146,0.175
313,0.1146,0.1146,0.1354,0.4062,0.1146,0.1146,0.1354,0.2812,0.2188,0.1146,0.4062,0.1146,0.175
314,0.1146,0.1146,0.1354,0.4062,0.1146,0.1146,0.1354,0.2812,0.2188,0.1146,0.4062,0.1146,0.175
315,0.1146,0.1146,0.1354,0.4062,0.1146,0.1146,0.1354,0.2812,0.2188,0.1146,0.4062,0.1146,0.175
316,0.1146,0.1146,0.1354,0.4062,0.1146,0.1146,0.1354,0.2812,0.2188,0.1146,0.4062,0.1146,0.175
317,0.1146,0.1146,0.1354,0.4062,0.1146,0.1146,0.1354,0.2812,0.2188,0.1146,0.4062,0.1146,0.175
318,0.1146,0.1146,0.1354,0.4062,0.1146,0.1146,0.1354,0.2812,0.2188,0.1146,0.4062,0.1146,0.175
319,0.1146,0.1146,0.1354,0.4062,0.1146,0.1146,0.1354,0.2812,0.2188,0.1146,0.4062,0.1146,0.175
320,0.1146,0.1146,0.1354,0.4062,0.1146,0.1146,0.1354,0.2812,0.2188,0.1146,0.4062,0.1146,0.175
321,0.1146,0.1146,0.1354,0.4062,0.1146,0.1146,0.1354,0.2812,0.2188,0.1146,0.4062,0.1146,0.175
322,0.1146,0.1146,0.1354,0.4062,0.1146,0.1146,0.1354,0.2812,0.2188,0.1146,0.4062,0.1146,0.175
323,0.1146,0.1146,0.1354,0.4062,0.1146,0.1146,0.1354,0.2812,0.2188,0.1146,0.4062,0.1146,0.175
324,0.1146,0.1146,0.1354,0.4062,0.1146,0.1146,0.1354,0.2812,0.2188,0.1146,0.4062,0.1146,0.175
325,0.1146,0.1146,0.1354,0.4062,0.1146,0.1146,0.1354,0.2812,0.2188,0.1146,0.4062,0.1146,0.175
326,0.1146,0.1146,0.1354,0.4062,0.1146,0.1146,0.1354,0.2812,0.2188,0.1146,0.4062,0.1146,0.175
327,0.1146,0.1146,0.1354,0.4062,0.1146,0.1146,0.1354,0.2812,0.2188,0.1146,0.4062,0.1146,0.175
328,0.1146,0.1146,0.1354,0.4062,0.1146,0.1146,0.1354,0.2812,0.2188,0.1146,0.4062,0.1146,0.175
329,0.1146,0.1146,0.1354,0.4062,0.1146,0.1146,0.1354,0.2812,0.2188,0.1146,0.4062,0.1146,0.175
330,0.1146,0.1146,0.1354,0.4062,0.1146,0.1146,0.1354,0.2812,0.2188,0.1146,0.4062,0.1146,0.175
331,0.1146,0.1146,0.1354,0.4062,0.1146,0.1146,0.1354,0.2812,0.2188,0.1146,0.4062,0.1146,0.175
332,0.1146,0.1146,0.1354,0.4062,0.1146,0.1146,0.1354,0.2812,0.2188,0.1146,0.4062,0.1146,0.175
333,0.1146,0.1146,0.1354,0.4062,0.1146,0.1146,0.1354,0.2812,0.2188,0.1146,0.4062,0.1146,0.175
334,0.1146,0.1146,0.1354,0.4062,0.1146,0.1146,0.1354,0.2812,0.2188,0.1146,0.4062,0.1146,0.175
335,0.1146,0.1146,0.1354,0.4062,0.1146,0.1146,0.1354,0.2812,0.2188,0.1146,0.4062,0.1146,0.175
336,0.1146,0.125,0.1354,0.4062,0.1146,0.1146,0.1354,0.2812,0.2188,0.1146,0.4062,0.1146,0.176
337,0.1146,0.125,0.1354,0.4062,0.1146,0.1146,0.1354,0.2812,0.2188,0.1146,0.4062,0.1146,0.176
338,0.1146,0.125,0.1354,0.4062,0.1146,0.1146,0.1354,0.2812,0.2188,0.1146,0.4062,0.1146,0.176
339,0.1146,0.125,0.1354,0.4062,0.1146,0.1146,0.1354,0.2812,0.2188,0.1146,0.4062,0.1146,0.176
340,0.1146,0.125,0.1354,0.4062,0.1146,0.1146,0.1354,0.2812,0.2188,0.1146,0.4062,0.1146,0.176
341,0.1146,0.125,0.1354,0.4062,0.1146,0.1146,0.1354,0.2812,0.2188,0.1146,0.4062,0.1146,0.176
342,0.1146,0.125,0.1354,0.4062,0.1146,0.1146,0.1354,0.2812,0.2188,0.1146,0.4062,0.1146,0.176
343,0.1146,0.125,0.1354,0.4062,0.1146,0.1146,0.1354,0.2812,0.2188,0.1146,0.4062,0.1146,0.176
344,0.1146,0.125,0.1354,0.4062,0.1146,0.1146,0.1354,0.2812,0.2188,0.1146,0.4062,0.1146,0.176
345,0.1146,0.125,0.1354,0.4062,0.1146,0.1146,0.1354,0.2812,0.2188,0.1146,0.4062,0.1146,0.176
346,0.1146,0.125,0.1354,0.4062,0.1146,0.1146,0.1354,0.2812,0.2188,0.1146,0.4062,0.1146,0.176
347,0.1146,0.125,0.1354,0.4062,0.1146,0.1146,0.1354,0.2812,0.2188,0.1146,0.4062,0.1146,0.176
348,0.1146,0.125,0.1354,0.4062,0.1146,0.1146,0.1354,0.2812,0.2188,0.1146,0.4062,0.1146,0.176
349,0.1146,0.125,0.1354,0.4062,0.1146,0.1146,0.1354,0.2812,0.2188,0.1146,0.4062,0.1146,0.176
350,0.1146,0.125,0.1354,0.4062,0.1146,0.1146,0.1354,0.2812,0.2188,0.1146,0.4062,0.1146,0.176
351,0.1146,0.125,0.1354,0.4062,0.1146,0.1146,0.1354,0.2812,0.2188,0.1146,0.4062,0.1146,0.176
352,0.1146,0.125,0.1354,0.4062,0.1146,0.1146,0.1354,0.2812,0.2188,0.1146,0.4062,0.1146,0.176
353,0.1146,0.125,0.1354,0.4062,0.1146,0.1146,0.1354,0.2812,0.2188,0.1146,0.4062,0.1146,0.176
354,0.1146,0.125,0.1354,0.4062,0.1146,0.1146,0.1354,0.2812,0.2188,0.1146,0.4062,0.1146,0.176
355,0.1146,0.125,0.1354,0.4062,0.1146,0.1146,0.1354,0.2812,0.2188,0.1146,0.4062,0.1146,0.176
356,0.1146,0.125,0.1354,0.4062,0.1146,0.1146,0.1354,0.2812,0.2188,0.1146,0.4062,0.1146,0.176
357,0.1146,0.125,0.1354,0.4062,0.1146,0.1146,0.1354,0.2812,0.2188,0.1146,0.4062,0.1146,0.176
358,0.1146,0.125,0.1354,0.4062,0.1146,0.1146,0.1354,0.2812,0.2188,0.1146,0.4062,0.1146,0.176
359,0.1146,0.125,0.1354,0.4062,0.1146,0.1146,0.1354,0.2812,0.2188,0.1146,0.4062,0.1146,0.176
360,0.1146,0.125,0.1354,0.4062,0.1146,0.1146,0.1354,0.2812,0.2188,0.1146,0.4062,0.1146,0.176
361,0.1146,0.125,0.1354,0.4062,0.1146,0.1146,0.1354,0.2812,0.2188,0.1146,0.4062,0.1146,0.176
362,0.1146,0.125,0.1354,0.4062,0.1146,0.1146,0.1354,0.2812,0.2188,0.1146,0.4062,0.1146,0.176
363,0.1146,0.125,0.1354,0.4062,0.1146,0.1146,0.1354,0.2812,0.2188,0.1146,0.4062,0.1146,0.176
364,0.1146,0.125,0.1354,0.4062,0.1146,0.1146,0.1354,0.2812,0.2188,0.1146,0.4062,0.1146,0.176
365,0.1146,0.125,0.1354,0.4062,0.1146,0.1146,0.1354,0.2812,0.2188,0.1146,0.4062,0.1146,0.176
366,0.1146,0.125,0.1354,0.4062,0.1146,0.1146,0.1354,0.2812,0.2188,0.1146,0.4062,0.1146,0.176
367,0.1146,0.125,0.1354,0.4062,0.1146,0.1146,0.1354,0.2812,0.2188,0.1146,0.4062,0.1146,0.176
368,0.1146,0.125,0.1354,0.4062,0.1146,0.1146,0.1354,0.2812,0.2188,0.1146,0.4062,0.1146,0.176
369,0.1146,0.125,0.1354,0.4062,0.1146,0.1146,0.1354,0.2812,0.2188,0.1146,0.4062,0.1146,0.176
370,0.1146,0.125,0.1354,0.4062,0.1146,0.1146,0.1354,0.2812,0.2188,0.1146,0.4062,0.1146,0.176
371,0.1146,0.125,0.1354,0.4062,0.1146,0.1146,0.1354,0.2812,0.2188,0.1146,0.4062,0.1146,0.176
372,0.1146,0.125,0.1354,0.4062,0.1146,0.1146,0.1354,0.2812,0.2188,0.1146,0.4062,0.1146,0.176
373,0.1146,0.125,0.1354,0.4062,0.1146,0.1146,0.1354,0.2812,0.2188,0.1146,0.4062,0.1146,0.176
374,0.1146,0.125,0.1354,0.4062,0.1146,0.1146,0.1354,0.2812,0.2188,0.1146,0.4062,0.1146,0.176
375,0.1146,0.125,0.1354,0.4062,0.1146,0.1146,0.1354,0.2812,0.2188,0.1146,0.4062,0.1146,0.176
376,0.1146,0.125,0.1354,0.4062,0.1146,0.1146,0.1354,0.2812,0.2188,0.1146,0.4062,0.1146,0.176
377,0.1146,0.125,0.1354,0.4062,0.1146,0.1146,0.1354,0.2812,0.2188,0.1146,0.4062,0.1146,0.176
378,0.1146,0.125,0.1354,0.4062,0.1146,0.1146,0.1354,0.2812,0.25,0.1146,0.4062,0.1146,0.1792
379,0.1146,0.125,0.1354,0.4062,0.1146,0.1146,0.1354,0.2812,0.25,0.1146,0.4062,0.1146,0.1792
380,0.1146,0.125,0.1354,0.4062,0.1146,0.1146,0.1354,0.2812,0.25,0.1146,0.4062,0.1146,0.1792
381,0.1146,0.125,0.1354,0.4062,0.1146,0.1146,0.1354,0.2812,0.25,0.1146,0.4062,0.1146,0.1792
382,0.1146,0.125,0.1354,0.4062,0.1146,0.1146,0.1354,0.2812,0.25,0.1146,0.4062,0.1146,0.1792
383,0.1146,0.125,0.1354,0.4062,0.1146,0.1146,0.1354,0.2812,0.25,0.1146,0.4062,0.1146,0.1792
384,0.1146,0.125,0.1354,0.4062,0.1146,0.1146,0.1354,0.2812,0.25,0.1146,0.4062,0.1146,0.1792
385,0.1146,0.125,0.1354,0.4062,0.1146,0.1146,0.1354,0.2812,0.25,0.1146,0.4062,0.1146,0.1792
386,0.1146,0.125,0.1354,0.4062,0.1771,0.1146,0.1354,0.2812,0.25,0.1146,0.4062,0.1146,0.1854
387,0.1146,0.125,0.1354,0.4062,0.1771,0.1146,0.1354,0.2812,0.25,0.1146,0.4062,0.1146,0.1854
388,0.1146,0.125,0.1354,0.4062,0.1771,0.1146,0.1354,0.2812,0.25,0.1146,0.4062,0.1146,0.1854
389,0.1146,0.125,0.1354,0.4062,0.1771,0.1146,0.1354,0.2812,0.25,0.1146,0.4062,0.1146,0.1854
390,0.1146,0.125,0.1354,0.4062,0.1771,0.1146,0.1354,0.2812,0.25,0.1146,0.4062,0.1146,0.1854
391,0.1146,0.125,0.1354,0.4062,0.1771,0.1146,0.1354,0.2812,0.25,0.1146,0.4062,0.1146,0.1854
392,0.1146,0.125,0.1354,0.4062,0.1771,0.1146,0.1354,0.2812,0.25,0.1146,0.4062,0.1146,0.1854
393,0.1146,0.125,0.1354,0.4062,0.1771,0.1146,0.1354,0.2812,0.25,0.1146,0.4062,0.1146,0.1854
394,0.1146,0.125,0.1354,0.4062,0.1771,0.1146,0.1354,0.2812,0.25,0.1146,0.4062,0.1146,0.1854
395,0.1146,0.125,0.1354,0.4062,0.1771,0.1146,0.1354,0.2812,0.25,0.1146,0.4062,0.1146,0.1854
396,0.1146,0.125,0.1354,0.4062,0.1771,0.1146,0.1354,0.2812,0.25,0.1146,0.4062,0.1146,0.1854
397,0.1146,0.125,0.1354,0.4062,0.1771,0.1146,0.1354,0.2812,0.25,0.1146,0.4062,0.1146,0.1854
398,0.1146,0.125,0.1354,0.4062,0.1771,0.1146,0.1354,0.2812,0.25,0.1146,0.4062,0.1146,0.1854
399,0.1146,0.125,0.1354,0.4062,0.1771,0.1146,0.1354,0.2812,0.25,0.1146,0.4062,0.1146,0.1854
400,0.1146,0.125,0.1354,0.4062,0.1771,0.1146,0.1354,0.2812,0.25,0.1146,0.4062,0.1146,0.1854
401,0.1146,0.125,0.1354,0.4062,0.1771,0.1146,0.1354,0.2812,0.25,0.1146,0.4062,0.1146,0.1854
402,0.1146,0.125,0.1354,0.4062,0.1771,0.1146,0.1354,0.2812,0.25,0.1146,0.4062,0.1146,0.1854
403,0.1146,0.125,0.1354,0.4062,0.1771,0.1146,0.1354,0.2812,0.25,0.1146,0.4062,0.1146,0.1854
404,0.1146,0.125,0.1354,0.4062,0.1771,0.1146,0.1354,0.2812,0.25,0.1146,0.4062,0.1146,0.1854
405,0.1146,0.125,0.1354,0.4062,0.1771,0.1146,0.1354,0.2812,0.25,0.1146,0.4062,0.1146,0.1854
406,0.1146,0.125,0.1354,0.4062,0.1771,0.1146,0.1354,0.2812,0.25,0.1146,0.4062,0.1146,0.1854
407,0.1146,0.125,0.1354,0.4062,0.1771,0.1146,0.1354,0.2812,0.25,0.1146,0.4062,0.1146,0.1854
408,0.1146,0.125,0.1354,0.4062,0.1771,0.1146,0.1354,0.2812,0.25,0.1146,0.4062,0.1146,0.1854
409,0.1146,0.125,0.1354,0.4062,0.1771,0.1146,0.1354,0.2812,0.25,0.1146,0.4062,0.1146,0.1854
410,0.1146,0.125,0.1354,0.4062,0.1771,0.1146,0.1354,0.2812,0.25,0.1146,0.4062,0.1146,0.1854
411,0.1146,0.125,0.1354,0.4062,0.1771,0.1146,0.1354,0.2812,0.25,0.1146,0.4062,0.1146,0.1854
412,0.1146,0.125,0.1354,0.4062,0.1771,0.1146,0.1354,0.2812,0.25,0.1146,0.4062,0.1146,0.1854
413,0.1146,0.125,0.1354,0.4062,0.1771,0.1146,0.1354,0.2812,0.25,0.1146,0.4062,0.1146,0.1854
414,0.1146,0.125,0.1354,0.4062,0.1771,0.1146,0.1354,0.2812,0.25,0.1146,0.4062,0.1146,0.1854
415,0.1146,0.125,0.1354,0.4062,0.1771,0.1146,0.1354,0.2812,0.25,0.1146,0.4062,0.1146,0.1854
416,0.1146,0.125,0.1354,0.4062,0.1771,0.1146,0.1354,0.2812,0.25,0.1146,0.4062,0.1146,0.1854
417,0.1146,0.125,0.1354,0.4062,0.1771,0.1146,0.1354,0.2812,0.25,0.1146,0.4062,0.1146,0.1854
418,0.1146,0.125,0.1354,0.4062,0.1771,0.1146,0.1354,0.2812,0.25,0.1146,0.4062,0.1146,0.1854
419,0.1146,0.125,0.1354,0.4062,0.1771,0.1146,0.1354,0.2812,0.25,0.1146,0.4062,0.1146,0.1854
420,0.1146,0.125,0.1354,0.4062,0.1771,0.1146,0.1354,0.2812,0.25,0.1146,0.4062,0.1146,0.1854
421,0.1146,0.125,0.1354,0.4062,0.1771,0.1146,0.1354,0.2812,0.25,0.1146,0.4062,0.1146,0.1854
422,0.1146,0.125,0.1354,0.4062,0.1771,0.1146,0.1354,0.2812,0.25,0.1146,0.4062,0.1146,0.1854
423,0.1146,0.125,0.2292,0.4062,0.1771,0.3333,0.1354,0.2812,0.25,0.1146,0.4062,0.1146,0.2167
424,0.1146,0.125,0.2292,0.4062,0.1771,0.3333,0.1354,0.2812,0.25,0.1146,0.4062,0.1146,0.2167
425,0.1146,0.125,0.2292,0.4062,0.1771,0.3333,0.1354,0.2812,0.25,0.1146,0.4062,0.1146,0.2167
426,0.1146,0.125,0.2292,0.4062,0.1771,0.3333,0.1354,0.2812,0.25,0.1771,0.4062,0.1146,0.2229
427,0.1146,0.125,0.2292,0.4062,0.1771,0.3333,0.1354,0.2812,0.25,0.1875,0.4062,0.1146,0.224
428,0.1146,0.125,0.2292,0.4062,0.1771,0.3333,0.1354,0.2812,0.25,0.1875,0.4062,0.1146,0.224
429,0.1146,0.125,0.2292,0.4062,0.1771,0.3333,0.1354,0.2812,0.25,0.1875,0.4062,0.1146,0.224
430,0.1146,0.125,0.2292,0.4062,0.1771,0.3333,0.1354,0.2812,0.25,0.1875,0.4062,0.1146,0.224
431,0.1146,0.125,0.2292,0.4062,0.1771,0.3333,0.1354,0.2812,0.25,0.1875,0.4062,0.1146,0.224
432,0.1146,0.125,0.2292,0.4062,0.1771,0.3333,0.1354,0.2812,0.25,0.1875,0.4062,0.1146,0.224
433,0.1146,0.125,0.2292,0.4062,0.1771,0.3333,0.1354,0.2812,0.25,0.1875,0.4062,0.1146,0.224
434,0.1146,0.125,0.2292,0.4062,0.1771,0.3333,0.1354,0.2812,0.25,0.1979,0.4062,0.1146,0.225
435,0.1146,0.125,0.2292,0.4062,0.1771,0.3333,0.1354,0.2812,0.25,0.1979,0.4062,0.1146,0.225
436,0.1146,0.125,0.2292,0.4062,0.1771,0.3333,0.1354,0.2812,0.25,0.1979,0.4062,0.1146,0.225
437,0.1146,0.125,0.2292,0.4062,0.1771,0.3333,0.1354,0.2812,0.25,0.1979,0.4062,0.1146,0.225
438,0.1146,0.125,0.2292,0.4062,0.1771,0.3333,0.1354,0.2812,0.25,0.1979,0.4062,0.1146,0.225
439,0.1146,0.125,0.2292,0.4062,0.1771,0.3333,0.1354,0.2812,0.25,0.1979,0.4062,0.1146,0.225
440,0.1146,0.125,0.2292,0.4062,0.1771,0.3333,0.1354,0.2812,0.25,0.1979,0.4062,0.1146,0.225
441,0.1146,0.125,0.2292,0.4062,0.1771,0.3333,0.1354,0.2812,0.25,0.1979,0.4062,0.1146,0.225
442,0.1146,0.125,0.2292,0.4062,0.1771,0.3333,0.1354,0.2812,0.25,0.1979,0.4062,0.1146,0.225
443,0.1146,0.125,0.2292,0.4062,0.1771,0.3333,0.1354,0.2812,0.25,0.1979,0.4062,0.1146,0.225
444,0.1146,0.125,0.2292,0.4062,0.1771,0.3333,0.1354,0.2812,0.25,0.1979,0.4062,0.1146,0.225
445,0.1146,0.125,0.2292,0.4062,0.1771,0.3333,0.1354,0.2812,0.25,0.1979,0.4062,0.1146,0.225
446,0.1146,0.125,0.2292,0.4062,0.1771,0.3333,0.1354,0.2812,0.25,0.1979,0.4062,0.1146,0.225
447,0.1146,0.125,0.2292,0.4062,0.1771,0.3333,0.1354,0.2812,0.25,0.1979,0.4062,0.1146,0.225
448,0.1146,0.125,0.2292,0.4062,0.1771,0.3333,0.1354,0.2812,0.25,0.1979,0.4062,0.1146,0.225
449,0.1146,0.125,0.2292,0.4062,0.1771,0.3333,0.1354,0.2812,0.25,0.1979,0.4062,0.1146,0.225
450,0.1146,0.125,0.2292,0.4062,0.1771,0.3333,0.1354,0.2812,0.25,0.1979,0.4062,0.1146,0.225
451,0.1146,0.125,0.2292,0.4062,0.1771,0.3333,0.1354,0.2812,0.25,0.1979,0.4062,0.1146,0.225
452,0.1146,0.125,0.2292,0.4062,0.1771,0.3333,0.1354,0.2812,0.25,0.1979,0.4062,0.1146,0.225
453,0.1146,0.125,0.2292,0.4062,0.1771,0.3333,0.1354,0.2812,0.25,0.1979,0.4062,0.1146,0.225
454,0.1146,0.125,0.2292,0.4062,0.1771,0.3333,0.1354,0.2812,0.25,0.1979,0.4062,0.1146,0.225
455,0.1146,0.125,0.2292,0.4062,0.1771,0.3333,0.1354,0.2812,0.25,0.1979,0.4062,0.1146,0.225
456,0.1146,0.125,0.2292,0.4062,0.1771,0.3333,0.1354,0.2812,0.25,0.1979,0.4062,0.1146,0.225
457,0.1146,0.125,0.2292,0.4062,0.1771,0.3333,0.1354,0.2812,0.25,0.1979,0.4062,0.1146,0.225
458,0.1146,0.125,0.2292,0.4062,0.1771,0.3333,0.1354,0.2812,0.25,0.1979,0.4062,0.1146,0.225
459,0.1146,0.125,0.2292,0.4062,0.1771,0.3333,0.1354,0.2812,0.25,0.1979,0.4062,0.1146,0.225
460,0.1146,0.125,0.2292,0.4062,0.1771,0.3333,0.1354,0.2812,0.25,0.1979,0.4062,0.1146,0.225
461,0.1146,0.125,0.2292,0.4062,0.1771,0.3333,0.1354,0.2812,0.25,0.1979,0.4062,0.1146,0.225
462,0.1146,0.125,0.2292,0.4062,0.1771,0.3333,0.1354,0.2812,0.25,0.1979,0.4062,0.1146,0.225
463,0.1146,0.125,0.2292,0.4062,0.1771,0.3333,0.1354,0.2812,0.25,0.1979,0.4062,0.1146,0.225
464,0.1146,0.125,0.2292,0.4062,0.1771,0.3333,0.1354,0.2812,0.25,0.1979,0.4062,0.1146,0.225
465,0.1146,0.125,0.2292,0.4062,0.1771,0.3333,0.1354,0.2812,0.25,0.1979,0.4062,0.1146,0.225
466,0.1146,0.125,0.2292,0.4062,0.1771,0.3333,0.1354,0.2812,0.25,0.1979,0.4062,0.1146,0.225
467,0.1146,0.125,0.2292,0.4062,0.1771,0.3333,0.1354,0.2812,0.25,0.1979,0.4062,0.1146,0.225
468,0.1146,0.125,0.2292,0.4062,0.1771,0.3333,0.1354,0.2812,0.25,0.1979,0.4062,0.1146,0.225
469,0.1146,0.125,0.2292,0.4062,0.1771,0.3333,0.1354,0.2812,0.25,0.1979,0.4062,0.1146,0.225
470,0.1146,0.125,0.2292,0.4062,0.1771,0.3333,0.1354,0.2812,0.25,0.1979,0.4062,0.1146,0.225
471,0.1146,0.125,0.2292,0.4062,0.1771,0.3333,0.1354,0.2812,0.25,0.1979,0.4062,0.1146,0.225
472,0.1146,0.125,0.2292,0.4062,0.1771,0.3333,0.1354,0.2812,0.25,0.1979,0.4062,0.1146,0.225
473,0.1146,0.125,0.2292,0.4062,0.1771,0.3333,0.1354,0.2812,0.25,0.1979,0.4062,0.1146,0.225
474,0.1146,0.125,0.2292,0.4062,0.1771,0.3333,0.1354,0.2812,0.25,0.1979,0.4062,0.1146,0.225
475,0.1146,0.125,0.2292,0.4062,0.1771,0.3333,0.1354,0.2812,0.25,0.1979,0.4062,0.1146,0.225
476,0.1146,0.125,0.2292,0.4062,0.1771,0.3333,0.1354,0.2812,0.25,0.1979,0.4062,0.1146,0.225
477,0.1146,0.125,0.2292,0.4062,0.1771,0.3333,0.1354,0.2812,0.25,0.1979,0.4062,0.1146,0.225
478,0.1146,0.125,0.2292,0.4062,0.1771,0.3333,0.1354,0.2812,0.25,0.1979,0.4062,0.1146,0.225
479,0.1146,0.125,0.2292,0.4062,0.1771,0.3333,0.1354,0.2812,0.25,0.1979,0.4062,0.1146,0.225
480,0.1146,0.125,0.2292,0.4062,0.1771,0.3333,0.1354,0.2812,0.25,0.1979,0.4062,0.1146,0.225
481,0.1146,0.125,0.2292,0.4062,0.1771,0.3333,0.1354,0.2812,0.25,0.1979,0.4062,0.1146,0.225
482,0.1146,0.125,0.2292,0.4062,0.1771,0.3333,0.1354,0.2812,0.25,0.1979,0.4062,0.1146,0.225
483,0.1146,0.125,0.2292,0.4062,0.1771,0.3333,0.1354,0.2917,0.25,0.1979,0.4062,0.1146,0.226
484,0.1146,0.125,0.2292,0.4062,0.1771,0.3333,0.1354,0.2917,0.25,0.1979,0.4062,0.1146,0.226
485,0.1146,0.125,0.2292,0.4062,0.1771,0.3333,0.1354,0.2917,0.25,0.1979,0.4062,0.1146,0.226
486,0.1146,0.125,0.2292,0.4062,0.1771,0.3333,0.1354,0.2917,0.25,0.1979,0.4062,0.1146,0.226
487,0.1146,0.125,0.2292,0.4062,0.1771,0.3333,0.1354,0.2917,0.25,0.1979,0.4062,0.1146,0.226
488,0.1146,0.125,0.2292,0.4062,0.1771,0.3333,0.1354,0.2917,0.25,0.1979,0.4062,0.1146,0.226
489,0.1146,0.125,0.2292,0.4062,0.1771,0.3333,0.1354,0.2917,0.25,0.1979,0.4062,0.1146,0.226
490,0.1146,0.125,0.2292,0.4062,0.1771,0.3333,0.1354,0.2917,0.25,0.1979,0.4062,0.1146,0.226
491,0.1146,0.125,0.2292,0.4062,0.1771,0.3333,0.1354,0.2917,0.25,0.1979,0.4062,0.1146,0.226
492,0.1146,0.125,0.2292,0.4062,0.1771,0.3333,0.1354,0.2917,0.25,0.1979,0.4062,0.1146,0.226
493,0.1146,0.125,0.2292,0.4062,0.1771,0.3333,0.1354,0.2917,0.25,0.1979,0.4062,0.1146,0.226
494,0.1146,0.125,0.2292,0.4062,0.1771,0.3333,0.1354,0.2917,0.25,0.1979,0.4062,0.1146,0.226
495,0.1146,0.125,0.2292,0.4062,0.1771,0.3333,0.1354,0.2917,0.25,0.1979,0.4062,0.1146,0.226
496,0.1146,0.125,0.2292,0.4062,0.1771,0.3333,0.1354,0.2917,0.25,0.1979,0.4062,0.1146,0.226
497,0.1146,0.125,0.2292,0.4062,0.1771,0.3333,0.1354,0.2917,0.25,0.1979,0.4062,0.1146,0.226
498,0.1146,0.125,0.2292,0.4062,0.1771,0.3333,0.1354,0.2917,0.25,0.1979,0.4062,0.1146,0.226
499,0.1146,0.125,0.2292,0.4062,0.1771,0.3333,0.1354,0.2917,0.25,0.1979,0.4062,0.1146,0.226
500,0.1146,0.125,0.2292,0.4062,0.1771,0.3333,0.1354,0.2917,0.25,0.1979,0.4062,0.1146,0.226
501,0.1146,0.125,0.2292,0.4062,0.1771,0.3333,0.1354,0.2917,0.25,0.1979,0.4062,0.1146,0.226
502,0.1146,0.125,0.2292,0.4062,0.1771,0.3333,0.1354,0.2917,0.25,0.1979,0.4062,0.1146,0.226
503,0.1146,0.125,0.2292,0.4062,0.1771,0.3333,0.1354,0.2917,0.25,0.1979,0.4062,0.1146,0.226
504,0.1146,0.125,0.2292,0.4062,0.1771,0.3333,0.1354,0.2917,0.25,0.1979,0.4062,0.1146,0.226
505,0.1146,0.125,0.2292,0.4062,0.1771,0.3333,0.1354,0.2917,0.25,0.1979,0.4062,0.1146,0.226
506,0.1146,0.125,0.2292,0.4062,0.1771,0.3333,0.1354,0.2917,0.25,0.1979,0.4062,0.1146,0.226
507,0.1146,0.125,0.2292,0.4062,0.1771,0.3333,0.1354,0.2917,0.25,0.1979,0.4062,0.1146,0.226
508,0.1146,0.125,0.2292,0.4062,0.1771,0.3333,0.1354,0.2917,0.25,0.1979,0.4062,0.1146,0.226
509,0.1146,0.125,0.2292,0.4062,0.1771,0.3333,0.1354,0.2917,0.25,0.1979,0.4062,0.1146,0.226
510,0.1146,0.125,0.2292,0.4062,0.1771,0.3333,0.1354,0.2917,0.25,0.1979,0.4062,0.1146,0.226
511,0.1146,0.125,0.2292,0.4062,0.1771,0.3333,0.1354,0.2917,0.25,0.1979,0.4062,0.1146,0.226
512,0.1146,0.125,0.2292,0.4062,0.1771,0.3333,0.1354,0.2917,0.25,0.1979,0.4062,0.1146,0.226
513,0.1146,0.125,0.2292,0.4062,0.1771,0.3333,0.1354,0.2917,0.25,0.1979,0.4062,0.1146,0.226
514,0.1146,0.125,0.2292,0.4062,0.1771,0.3333,0.1354,0.2917,0.25,0.1979,0.4062,0.1146,0.226
515,0.1146,0.125,0.2292,0.4062,0.1771,0.3333,0.1354,0.2917,0.25,0.1979,0.4062,0.1146,0.226
516,0.1146,0.125,0.2292,0.4062,0.1771,0.3333,0.1354,0.2917,0.25,0.1979,0.4062,0.1146,0.226
517,0.1146,0.125,0.2292,0.4062,0.1771,0.3333,0.1354,0.2917,0.25,0.1979,0.4062,0.1146,0.226
518,0.1146,0.125,0.2292,0.4062,0.1771,0.3333,0.1354,0.2917,0.25,0.1979,0.4062,0.1146,0.226
519,0.1146,0.125,0.2292,0.4062,0.1771,0.3333,0.1354,0.2917,0.25,0.1979,0.4062,0.1146,0.226
520,0.1146,0.125,0.2292,0.4062,0.1771,0.3333,0.1354,0.2917,0.25,0.1979,0.4062,0.1146,0.226
521,0.1146,0.125,0.2292,0.4062,0.1771,0.3333,0.1354,0.2917,0.25,0.1979,0.4062,0.1146,0.226
522,0.1146,0.125,0.2292,0.4062,0.1771,0.3333,0.1354,0.2917,0.25,0.1979,0.4062,0.1146,0.226
523,0.1146,0.125,0.2292,0.4062,0.1771,0.3333,0.1354,0.2917,0.25,0.1979,0.4062,0.1146,0.226
524,0.1146,0.125,0.2292,0.4062,0.1771,0.3333,0.1354,0.2917,0.25,0.1979,0.4062,0.1146,0.226
525,0.1146,0.125,0.2292,0.4062,0.1771,0.3333,0.1354,0.2917,0.25,0.1979,0.4062,0.1146,0.226
526,0.1146,0.125,0.2292,0.4062,0.1771,0.3333,0.1354,0.2917,0.25,0.1979,0.4062,0.1146,0.226
527,0.1146,0.125,0.2292,0.4062,0.1771,0.3333,0.1354,0.2917,0.25,0.1979,0.4062,0.1146,0.226
528,0.1146,0.125,0.2292,0.4062,0.1771,0.3333,0.1354,0.2917,0.25,0.1979,0.4062,0.1146,0.226
529,0.1146,0.125,0.2292,0.4062,0.1771,0.3333,0.1354,0.2917,0.25,0.1979,0.4062,0.1146,0.226
530,0.1146,0.125,0.2292,0.4062,0.1771,0.3333,0.1354,0.2917,0.25,0.1979,0.4062,0.1146,0.226
531,0.1146,0.125,0.2292,0.4062,0.1771,0.3333,0.1354,0.2917,0.25,0.1979,0.4062,0.1146,0.226
532,0.1146,0.125,0.2292,0.4062,0.1771,0.3333,0.1354,0.2917,0.25,0.1979,0.4062,0.1146,0.226
533,0.1146,0.125,0.2292,0.4062,0.1771,0.3333,0.1354,0.2917,0.25,0.1979,0.4062,0.1146,0.226
534,0.1146,0.125,0.2292,0.4062,0.1771,0.3333,0.1354,0.2917,0.25,0.1979,0.4062,0.1146,0.226
535,0.1146,0.125,0.2292,0.4062,0.1771,0.3333,0.1354,0.2917,0.25,0.1979,0.4062,0.1146,0.226
536,0.1146,0.125,0.2292,0.4062,0.1771,0.3333,0.1354,0.2917,0.25,0.1979,0.4062,0.1146,0.226
537,0.1146,0.125,0.2292,0.4062,0.1771,0.3333,0.1354,0.2917,0.25,0.1979,0.4062,0.1146,0.226
538,0.1146,0.125,0.2292,0.4062,0.1771,0.3333,0.1354,0.2917,0.25,0.1979,0.4062,0.1146,0.226
539,0.1146,0.125,0.2292,0.4062,0.1771,0.3333,0.1354,0.2917,0.25,0.1979,0.4062,0.1146,0.226
540,0.1146,0.125,0.2292,0.4062,0.1771,0.3333,0.1354,0.2917,0.25,0.1979,0.4062,0.1146,0.226
541,0.1146,0.125,0.2292,0.4062,0.1771,0.3333,0.1354,0.2917,0.25,0.1979,0.4062,0.1146,0.226
542,0.1146,0.125,0.2292,0.4062,0.1771,0.3333,0.1354,0.2917,0.25,0.1979,0.4062,0.1146,0.226
543,0.1146,0.125,0.2292,0.4062,0.1771,0.3333,0.1354,0.2917,0.25,0.1979,0.4062,0.1146,0.226
544,0.1146,0.125,0.2292,0.4062,0.1771,0.3333,0.1354,0.2917,0.25,0.1979,0.4062,0.1146,0.226
545,0.1146,0.125,0.2292,0.4062,0.1771,0.3333,0.1354,0.2917,0.25,0.1979,0.4062,0.1146,0.226
546,0.1146,0.125,0.2292,0.4062,0.1771,0.3333,0.1354,0.2917,0.25,0.1979,0.4062,0.1146,0.226
547,0.1146,0.125,0.2292,0.4062,0.1771,0.3333,0.1354,0.2917,0.25,0.1979,0.4062,0.1146,0.226
548,0.1146,0.125,0.2292,0.4062,0.1771,0.3333,0.1354,0.2917,0.25,0.1979,0.4062,0.1146,0.226
549,0.1146,0.125,0.2292,0.4062,0.1771,0.3333,0.1354,0.2917,0.25,0.1979,0.4062,0.1146,0.226
550,0.1146,0.125,0.2292,0.4062,0.1771,0.3333,0.1354,0.2917,0.25,0.1979,0.4062,0.1146,0.226
551,0.1146,0.125,0.2292,0.4062,0.1771,0.3333,0.1354,0.2917,0.25,0.1979,0.4062,0.1146,0.226
552,0.1146,0.125,0.2292,0.4062,0.1771,0.3333,0.1354,0.2917,0.25,0.1979,0.4062,0.1146,0.226
553,0.1146,0.125,0.2292,0.4062,0.1771,0.3333,0.1354,0.2917,0.25,0.1979,0.4062,0.1146,0.226
554,0.1146,0.125,0.2292,0.4062,0.1771,0.3333,0.1354,0.2917,0.25,0.1979,0.4062,0.1146,0.226
555,0.1146,0.125,0.2292,0.4062,0.1771,0.3333,0.1354,0.2917,0.25,0.1979,0.4062,0.1146,0.226
556,0.1146,0.125,0.2292,0.4062,0.1771,0.3333,0.1354,0.2917,0.25,0.1979,0.4062,0.1146,0.226
557,0.1146,0.125,0.2292,0.4062,0.1771,0.3333,0.1354,0.2917,0.25,0.1979,0.4062,0.1146,0.226
558,0.1146,0.125,0.2292,0.4062,0.1771,0.3333,0.1354,0.2917,0.25,0.1979,0.4062,0.1146,0.226
559,0.1146,0.125,0.2292,0.4062,0.1771,0.3333,0.1354,0.2917,0.25,0.1979,0.4062,0.1146,0.226
560,0.1146,0.125,0.2292,0.4062,0.1875,0.3333,0.1354,0.2917,0.25,0.1979,0.4062,0.1146,0.2271
561,0.1146,0.125,0.2292,0.4062,0.1875,0.3333,0.1354,0.2917,0.25,0.1979,0.4062,0.1146,0.2271
562,0.1146,0.125,0.2292,0.4062,0.1875,0.3333,0.1354,0.2917,0.25,0.1979,0.4062,0.1146,0.2271
563,0.1146,0.125,0.2292,0.4062,0.1875,0.3333,0.1354,0.2917,0.25,0.1979,0.4062,0.1146,0.2271
564,0.1146,0.125,0.2292,0.4062,0.1875,0.3333,0.1354,0.2917,0.25,0.1979,0.4062,0.1146,0.2271
565,0.1146,0.125,0.2292,0.4062,0.1875,0.3333,0.1354,0.2917,0.25,0.1979,0.4062,0.1146,0.2271
566,0.1146,0.125,0.2292,0.4062,0.1875,0.3333,0.1354,0.2917,0.25,0.1979,0.4062,0.1146,0.2271
567,0.1146,0.125,0.2292,0.4062,0.1875,0.3333,0.1354,0.2917,0.25,0.1979,0.4062,0.1146,0.2271
568,0.1146,0.125,0.2292,0.4062,0.1875,0.3333,0.1354,0.2917,0.25,0.1979,0.4062,0.1146,0.2271
569,0.1146,0.125,0.2292,0.4062,0.1875,0.3333,0.1354,0.2917,0.25,0.1979,0.4062,0.1146,0.2271
570,0.1146,0.125,0.2292,0.4062,0.1875,0.3333,0.1354,0.2917,0.25,0.1979,0.4062,0.1146,0.2271
571,0.1146,0.125,0.2292,0.4062,0.1875,0.3333,0.1354,0.2917,0.25,0.1979,0.4062,0.1146,0.2271
572,0.1146,0.125,0.2292,0.4062,0.1875,0.3333,0.1354,0.2917,0.25,0.1979,0.4062,0.1146,0.2271
573,0.1146,0.125,0.2292,0.4062,0.1875,0.3333,0.1354,0.2917,0.25,0.1979,0.4062,0.1146,0.2271
574,0.1146,0.125,0.2292,0.4062,0.1875,0.3333,0.1354,0.2917,0.25,0.1979,0.4062,0.1146,0.2271
575,0.1146,0.125,0.2292,0.4062,0.1875,0.3333,0.1354,0.2917,0.25,0.1979,0.4062,0.1146,0.2271
576,0.1146,0.125,0.2292,0.4062,0.1875,0.3333,0.1354,0.2917,0.25,0.1979,0.4062,0.1146,0.2271
577,0.1146,0.125,0.2292,0.4062,0.1875,0.3333,0.1354,0.2917,0.25,0.1979,0.4062,0.1146,0.2271
578,0.1146,0.125,0.2292,0.4062,0.1875,0.3333,0.1354,0.2917,0.25,0.1979,0.4062,0.1146,0.2271
579,0.1146,0.125,0.2292,0.4062,0.1875,0.3333,0.1354,0.2917,0.25,0.1979,0.4062,0.1146,0.2271
580,0.1146,0.125,0.2292,0.4062,0.1875,0.3333,0.1354,0.2917,0.25,0.1979,0.4062,0.1146,0.2271
581,0.1146,0.125,0.2292,0.4062,0.1875,0.3333,0.1354,0.2917,0.25,0.1979,0.4062,0.1146,0.2271
582,0.1146,0.125,0.2292,0.4062,0.1875,0.3333,0.1354,0.2917,0.25,0.1979,0.4062,0.1146,0.2271
583,0.1146,0.125,0.2292,0.4062,0.1875,0.3333,0.1354,0.2917,0.25,0.1979,0.4062,0.1146,0.2271
584,0.1146,0.125,0.2292,0.4062,0.1875,0.3333,0.1354,0.2917,0.25,0.1979,0.4062,0.1146,0.2271
585,0.1146,0.125,0.2292,0.4062,0.1875,0.3333,0.1354,0.2917,0.25,0.1979,0.4062,0.1146,0.2271
586,0.1146,0.125,0.2292,0.4062,0.1875,0.3333,0.1354,0.2917,0.25,0.1979,0.4062,0.1146,0.2271
587,0.1146,0.125,0.2292,0.4062,0.1875,0.3333,0.1354,0.2917,0.25,0.1979,0.4062,0.1146,0.2271
588,0.1146,0.125,0.2292,0.4062,0.1875,0.3333,0.1354,0.2917,0.25,0.1979,0.4062,0.1146,0.2271
589,0.1146,0.125,0.2292,0.4062,0.1875,0.3333,0.1354,0.2917,0.25,0.1979,0.4062,0.1146,0.2271
590,0.1146,0.125,0.2292,0.4062,0.1875,0.3333,0.1354,0.2917,0.25,0.1979,0.4062,0.1146,0.2271
591,0.1146,0.125,0.2292,0.4062,0.1875,0.3333,0.1354,0.2917,0.25,0.1979,0.4062,0.1146,0.2271
592,0.1146,0.125,0.2292,0.4062,0.1875,0.3333,0.1354,0.2917,0.25,0.1979,0.4062,0.1146,0.2271
593,0.1146,0.125,0.2292,0.4062,0.1875,0.3333,0.1354,0.2917,0.25,0.1979,0.4062,0.1146,0.2271
594,0.1146,0.125,0.2292,0.4062,0.1875,0.3333,0.1354,0.2917,0.25,0.1979,0.4062,0.1146,0.2271
595,0.1146,0.125,0.2292,0.4062,0.1875,0.3333,0.1354,0.2917,0.25,0.1979,0.4062,0.1146,0.2271
596,0.1146,0.125,0.2292,0.4062,0.1875,0.3333,0.1354,0.2917,0.25,0.1979,0.4062,0.1146,0.2271
597,0.1146,0.125,0.2292,0.4062,0.1875,0.3333,0.1354,0.2917,0.25,0.1979,0.4062,0.1146,0.2271
598,0.1146,0.125,0.2292,0.4062,0.1875,0.3333,0.1354,0.2917,0.25,0.1979,0.4062,0.1146,0.2271
599,0.1146,0.125,0.2292,0.4062,0.1875,0.3333,0.1354,0.2917,0.25,0.1979,0.4062,0.1146,0.2271
600,0.1146,0.125,0.2292,0.4062,0.1875,0.3333,0.1354,0.2917,0.25,0.1979,0.4062,0.1146,0.2271
601,0.1146,0.125,0.2292,0.4062,0.1875,0.3333,0.1354,0.2917,0.25,0.1979,0.4062,0.1146,0.2271
602,0.1146,0.125,0.2292,0.4062,0.1875,0.3333,0.1354,0.2917,0.25,0.1979,0.4062,0.1146,0.2271
603,0.1146,0.125,0.2292,0.4062,0.1875,0.3333,0.1354,0.2917,0.25,0.1979,0.4062,0.1146,0.2271
604,0.1146,0.125,0.2292,0.4062,0.1875,0.3333,0.1354,0.2917,0.25,0.1979,0.4062,0.1146,0.2271
605,0.1146,0.125,0.2292,0.4062,0.1875,0.3333,0.1354,0.2917,0.25,0.1979,0.4062,0.1146,0.2271
606,0.1146,0.125,0.2292,0.4062,0.1875,0.3333,0.1354,0.2917,0.25,0.1979,0.4062,0.1146,0.2271
607,0.1146,0.125,0.2292,0.4062,0.1875,0.3333,0.1354,0.2917,0.25,0.1979,0.4062,0.1146,0.2271
608,0.1146,0.125,0.2292,0.4062,0.1875,0.3333,0.1354,0.2917,0.25,0.1979,0.4062,0.1146,0.2271
609,0.1146,0.125,0.2292,0.4062,0.1875,0.3333,0.1354,0.2917,0.25,0.1979,0.4062,0.1146,0.2271
610,0.1146,0.125,0.2292,0.4062,0.1875,0.3333,0.1354,0.2917,0.25,0.1979,0.4062,0.1146,0.2271
611,0.1146,0.125,0.2292,0.4062,0.1875,0.3333,0.1354,0.2917,0.25,0.1979,0.4062,0.1146,0.2271
612,0.1146,0.125,0.2292,0.4062,0.1875,0.3333,0.1354,0.2917,0.25,0.1979,0.4062,0.1146,0.2271
613,0.1146,0.125,0.2292,0.4062,0.1875,0.3333,0.1354,0.2917,0.25,0.1979,0.4062,0.1146,0.2271
614,0.1146,0.125,0.2292,0.4062,0.1875,0.3333,0.1354,0.2917,0.25,0.1979,0.4062,0.1146,0.2271
615,0.1146,0.125,0.2292,0.4062,0.1875,0.3333,0.1354,0.2917,0.25,0.1979,0.4062,0.1146,0.2271
616,0.1146,0.125,0.2292,0.4062,0.1875,0.3333,0.1354,0.2917,0.25,0.1979,0.4062,0.1146,0.2271
617,0.1146,0.125,0.2292,0.4062,0.1875,0.3333,0.1354,0.2917,0.25,0.1979,0.4062,0.1146,0.2271
618,0.1146,0.125,0.2292,0.4062,0.1875,0.3333,0.1354,0.2917,0.25,0.1979,0.4062,0.1146,0.2271
619,0.1146,0.125,0.2292,0.4062,0.1875,0.3333,0.1354,0.2917,0.25,0.1979,0.4062,0.1146,0.2271
620,0.1146,0.125,0.2292,0.4062,0.1875,0.3333,0.1354,0.2917,0.25,0.1979,0.4062,0.1146,0.2271
621,0.1146,0.125,0.2292,0.4062,0.1875,0.3333,0.1354,0.2917,0.25,0.1979,0.4062,0.1146,0.2271
622,0.1146,0.125,0.2292,0.4062,0.1875,0.3333,0.1354,0.2917,0.25,0.1979,0.4062,0.1146,0.2271
623,0.1146,0.125,0.2292,0.4062,0.1875,0.3333,0.1354,0.2917,0.25,0.1979,0.4062,0.1146,0.2271
624,0.1146,0.125,0.2292,0.4062,0.1875,0.3333,0.1354,0.2917,0.25,0.1979,0.4062,0.1146,0.2271
625,0.1146,0.125,0.2292,0.4062,0.1875,0.3333,0.1354,0.2917,0.25,0.1979,0.4062,0.1146,0.2271
626,0.1146,0.125,0.2292,0.4062,0.1875,0.3333,0.1354,0.2917,0.25,0.1979,0.4062,0.1146,0.2271
627,0.1146,0.125,0.2292,0.4062,0.1875,0.3333,0.1354,0.2917,0.25,0.1979,0.4062,0.1146,0.2271
628,0.1146,0.125,0.2292,0.4062,0.1875,0.3333,0.1354,0.2917,0.25,0.1979,0.4062,0.1146,0.2271
629,0.1146,0.125,0.2292,0.4062,0.1875,0.3333,0.1354,0.2917,0.25,0.1979,0.4062,0.1146,0.2271
630,0.1146,0.125,0.2292,0.4062,0.1875,0.3333,0.1354,0.2917,0.25,0.1979,0.4062,0.1146,0.2271
631,0.1146,0.125,0.2292,0.4062,0.1875,0.3333,0.1354,0.2917,0.25,0.1979,0.4062,0.1146,0.2271
632,0.1146,0.125,0.2292,0.4062,0.1875,0.3333,0.1354,0.2917,0.25,0.1979,0.4062,0.1146,0.2271
633,0.1146,0.125,0.2292,0.4062,0.1875,0.3333,0.1354,0.2917,0.25,0.1979,0.4062,0.1146,0.2271
634,0.1146,0.125,0.2292,0.4062,0.1875,0.3333,0.1354,0.2917,0.25,0.1979,0.4062,0.1146,0.2271
635,0.1146,0.125,0.2292,0.4062,0.1875,0.3333,0.1354,0.2917,0.25,0.1979,0.4062,0.1146,0.2271
636,0.1146,0.125,0.2292,0.4062,0.1875,0.3333,0.1354,0.2917,0.25,0.1979,0.4062,0.1146,0.2271
637,0.1146,0.125,0.2292,0.4062,0.1875,0.3333,0.1354,0.2917,0.25,0.1979,0.4062,0.1146,0.2271
638,0.1146,0.125,0.2292,0.4062,0.1875,0.3333,0.1354,0.2917,0.25,0.1979,0.4062,0.1146,0.2271
639,0.1146,0.125,0.2292,0.4062,0.1875,0.3333,0.1354,0.2917,0.25,0.1979,0.4062,0.1146,0.2271
640,0.1146,0.125,0.2292,0.4062,0.1875,0.3333,0.1354,0.2917,0.25,0.1979,0.4062,0.1146,0.2271
641,0.1146,0.125,0.2292,0.4062,0.1875,0.3333,0.1354,0.2917,0.25,0.1979,0.4062,0.1146,0.2271
642,0.1146,0.125,0.2292,0.4062,0.1875,0.3333,0.1354,0.2917,0.25,0.1979,0.4062,0.1146,0.2271
643,0.1146,0.125,0.2292,0.4062,0.1875,0.3333,0.1354,0.2917,0.25,0.1979,0.4062,0.1146,0.2271
644,0.1146,0.125,0.2292,0.4062,0.1875,0.3333,0.1354,0.2917,0.25,0.1979,0.4062,0.1146,0.2271
645,0.1146,0.125,0.2292,0.4062,0.1875,0.3333,0.1354,0.2917,0.25,0.1979,0.4062,0.1146,0.2271
646,0.1146,0.125,0.2292,0.4062,0.1875,0.3333,0.1354,0.2917,0.25,0.1979,0.4062,0.1146,0.2271
647,0.1146,0.125,0.2292,0.4062,0.1875,0.3333,0.1354,0.2917,0.25,0.1979,0.4062,0.1146,0.2271
648,0.1146,0.125,0.2292,0.4062,0.1875,0.3333,0.1354,0.2917,0.25,0.1979,0.4062,0.1146,0.2271
649,0.1146,0.125,0.2292,0.4062,0.1875,0.3333,0.1354,0.2917,0.25,0.1979,0.4062,0.1146,0.2271
650,0.1146,0.125,0.2292,0.4062,0.1875,0.3333,0.1354,0.2917,0.25,0.1979,0.4062,0.1146,0.2271
651,0.1146,0.125,0.2292,0.4062,0.1875,0.3333,0.1354,0.2917,0.25,0.1979,0.4062,0.1146,0.2271
652,0.1146,0.125,0.2292,0.4062,0.1875,0.3333,0.1354,0.2917,0.25,0.1979,0.4062,0.1146,0.2271
653,0.1146,0.125,0.2292,0.4062,0.1875,0.3333,0.1354,0.2917,0.25,0.1979,0.4062,0.1146,0.2271
654,0.1146,0.125,0.2292,0.4062,0.1875,0.3333,0.1354,0.2917,0.25,0.1979,0.4062,0.1146,0.2271
655,0.1146,0.125,0.2292,0.4062,0.1875,0.3333,0.1354,0.2917,0.25,0.1979,0.4062,0.1146,0.2271
656,0.1146,0.125,0.2292,0.4062,0.1875,0.3333,0.1354,0.2917,0.25,0.1979,0.4062,0.1146,0.2271
657,0.1146,0.125,0.2292,0.4062,0.1875,0.3333,0.1354,0.2917,0.25,0.1979,0.4062,0.1146,0.2271
658,0.1146,0.125,0.2292,0.4062,0.1875,0.3333,0.1354,0.2917,0.25,0.1979,0.4062,0.1146,0.2271
659,0.1146,0.125,0.2292,0.4062,0.1875,0.3333,0.1354,0.2917,0.25,0.1979,0.4062,0.1146,0.2271
660,0.1146,0.125,0.2292,0.4062,0.1875,0.3333,0.1354,0.2917,0.25,0.1979,0.4062,0.1146,0.2271
661,0.1146,0.125,0.2292,0.4062,0.1875,0.3333,0.1354,0.2917,0.25,0.1979,0.4062,0.1146,0.2271
662,0.1146,0.125,0.2292,0.4062,0.1875,0.3333,0.1354,0.2917,0.25,0.1979,0.4062,0.1146,0.2271
663,0.1146,0.125,0.2292,0.4062,0.1875,0.3333,0.1354,0.2917,0.25,0.1979,0.4062,0.1146,0.2271
1239,0.1146,0.125,0.2396,0.4062,0.1875,0.3333,0.1354,0.2917,0.25,0.1979,0.4062,0.1146,0.2281
1243,0.1146,0.125,0.2396,0.4062,0.1875,0.3333,0.1354,0.2917,0.2917,0.1979,0.4062,0.1146,0.2323
1244,0.1146,0.125,0.2396,0.4062,0.1875,0.4271,0.1354,0.2917,0.2917,0.1979,0.4271,0.1146,0.2417
1246,0.3125,0.125,0.2396,0.4062,0.1875,0.4271,0.1354,0.4792,0.2917,0.1979,0.4792,0.125,0.2802
1247,0.3125,0.125,0.2396,0.4062,0.1875,0.4271,0.1354,0.4792,0.2917,0.3854,0.4792,0.125,0.299
1256,0.3125,0.125,0.2396,0.4062,0.2188,0.4271,0.1354,0.4792,0.2917,0.3854,0.4792,0.125,0.3021
1260,0.3125,0.2292,0.2396,0.4062,0.2188,0.4271,0.1354,0.4792,0.2917,0.3854,0.4792,0.1354,0.3125
1263,0.3125,0.2292,0.2396,0.4062,0.2188,0.4271,0.2083,0.4792,0.2917,0.3854,0.4792,0.2083,0.3198
1839,0.3125,0.2292,0.4792,0.4062,0.2188,0.4271,0.2083,0.4792,0.2917,0.3854,0.4792,0.2083,0.3438
1843,0.3125,0.2292,0.4792,0.4062,0.2188,0.4271,0.2083,0.4792,0.5208,0.3854,0.5208,0.2083,0.3667
1844,0.3125,0.2292,0.4792,0.4062,0.2188,0.4271,0.2083,0.4792,0.5208,0.3854,0.5208,0.2083,0.3667
1846,0.3125,0.2292,0.4792,0.4062,0.2188,0.4271,0.2083,0.4792,0.5208,0.3854,0.5208,0.2083,0.3667
1847,0.3125,0.2292,0.4792,0.4062,0.2188,0.4271,0.2083,0.4792,0.5208,0.3958,0.5208,0.2083,0.3677
1856,0.3125,0.2292,0.4792,0.4062,0.3958,0.4271,0.2083,0.4792,0.5208,0.3958,0.5208,0.2083,0.3854
1860,0.3125,0.2396,0.4792,0.4062,0.3958,0.4271,0.2083,0.4792,0.5208,0.3958,0.5208,0.2083,0.3864
1863,0.3125,0.2396,0.4792,0.4062,0.3958,0.4271,0.4583,0.4792,0.5208,0.3958,0.5208,0.2396,0.4114
2439,0.3125,0.2396,0.5208,0.4062,0.3958,0.4271,0.4583,0.4792,0.5208,0.3958,0.5208,0.2396,0.4156
2443,0.3125,0.2396,0.5208,0.4062,0.3958,0.4271,0.4583,0.4792,0.5208,0.3958,0.5208,0.2396,0.4156
2444,0.3125,0.2396,0.5208,0.4062,0.3958,0.4896,0.4583,0.4792,0.5208,0.3958,0.5208,0.2396,0.4219
2446,0.3229,0.2396,0.5208,0.4062,0.3958,0.4896,0.4583,0.4792,0.5208,0.3958,0.5208,0.2396,0.4229
2447,0.3229,0.2396,0.5208,0.4062,0.3958,0.4896,0.4583,0.4792,0.5208,0.5,0.5208,0.2396,0.4333
2456,0.3229,0.2396,0.5208,0.4062,0.4896,0.4896,0.4583,0.4792,0.5208,0.5,0.5208,0.2396,0.4427
2460,0.3229,0.2396,0.5208,0.4062,0.4896,0.4896,0.4583,0.4792,0.5208,0.5,0.5208,0.2396,0.4427
2463,0.3229,0.2396,0.5208,0.4062,0.4896,0.4896,0.5,0.4792,0.5208,0.5,0.5208,0.2396,0.4469
3039,0.3229,0.2396,0.5208,0.4062,0.4896,0.4896,0.5,0.4792,0.5208,0.5,0.5208,0.2396,0.4469
3043,0.3229,0.2396,0.5208,0.4062,0.4896,0.4896,0.5,0.4792,0.5312,0.5,0.5312,0.2396,0.4479
3044,0.3229,0.2396,0.5208,0.4062,0.4896,0.5312,0.5,0.4792,0.5312,0.5,0.5312,0.2396,0.4521
3046,0.3542,0.2396,0.5208,0.4062,0.4896,0.5312,0.5,0.4792,0.5312,0.5,0.5312,0.2396,0.4552
3047,0.3542,0.2396,0.5208,0.4062,0.4896,0.5312,0.5,0.4792,0.5312,0.5208,0.5312,0.2396,0.4573
3056,0.3542,0.2396,0.5208,0.4062,0.5,0.5312,0.5,0.4792,0.5312,0.5208,0.5312,0.2396,0.4583
3060,0.3542,0.2812,0.5208,0.4062,0.5,0.5312,0.5,0.4792,0.5312,0.5208,0.5312,0.2812,0.4625
3063,0.3542,0.2812,0.5208,0.4062,0.5,0.5312,0.5,0.4792,0.5312,0.5208,0.5312,0.2812,0.4625
3639,0.3542,0.2812,0.5208,0.4062,0.5,0.5312,0.5,0.4792,0.5312,0.5208,0.5312,0.2812,0.4625
3643,0.3542,0.2812,0.5208,0.4062,0.5,0.5312,0.5,0.4792,0.5312,0.5208,0.5312,0.2812,0.4625
3644,0.3542,0.2812,0.5208,0.4062,0.5,0.5625,0.5,0.4792,0.5312,0.5208,0.5625,0.2812,0.4656
3646,0.4896,0.2812,0.5208,0.4062,0.5,0.5625,0.5,0.4792,0.5312,0.5208,0.5625,0.2812,0.4792
3647,0.4896,0.2812,0.5208,0.4062,0.5,0.5625,0.5,0.4792,0.5312,0.5208,0.5625,0.2812,0.4792
3656,0.4896,0.2812,0.5208,0.4062,0.5104,0.5625,0.5,0.4792,0.5312,0.5208,0.5625,0.2812,0.4802
3660,0.4896,0.2812,0.5208,0.4062,0.5104,0.5625,0.5,0.4792,0.5312,0.5208,0.5625,0.2812,0.4802
3663,0.4896,0.2812,0.5208,0.4062,0.5104,0.5625,0.5104,0.4792,0.5312,0.5208,0.5625,0.2812,0.4812
4243,0.4896,0.2812,0.5208,0.4062,0.5104,0.5625,0.5104,0.4792,0.5312,0.5208,0.5625,0.2812,0.4812
4244,0.4896,0.2812,0.5208,0.4062,0.5104,0.5625,0.5104,0.4792,0.5312,0.5208,0.5625,0.2812,0.4812
4246,0.5,0.2812,0.5208,0.4062,0.5104,0.5625,0.5104,0.4792,0.5312,0.5208,0.5625,0.2812,0.4823
4248,0.5,0.2812,0.5208,0.4062,0.5104,0.5625,0.5104,0.4792,0.5312,0.5208,0.5625,0.2812,0.4823
4256,0.5,0.2812,0.5208,0.4062,0.5104,0.5625,0.5104,0.4792,0.5312,0.5208,0.5625,0.2812,0.4823
4260,0.5,0.3021,0.5208,0.4062,0.5104,0.5625,0.5104,0.4792,0.5312,0.5208,0.5625,0.3021,0.4844
4263,0.5,0.3021,0.5208,0.4062,0.5104,0.5625,0.5104,0.4792,0.5312,0.5208,0.5625,0.3021,0.4844
4843,0.5,0.3021,0.5208,0.4062,0.5104,0.5625,0.5104,0.4792,0.5312,0.5208,0.5625,0.3021,0.4844
4844,0.5,0.3021,0.5208,0.4062,0.5104,0.5625,0.5104,0.4792,0.5312,0.5208,0.5625,0.3021,0.4844
4846,0.5,0.3021,0.5208,0.4062,0.5104,0.5625,0.5104,0.4792,0.5312,0.5208,0.5625,0.3021,0.4844
4848,0.5,0.3021,0.5208,0.4062,0.5104,0.5625,0.5104,0.4792,0.5312,0.5208,0.5625,0.3021,0.4844
4860,0.5,0.4688,0.5208,0.4062,0.5104,0.5625,0.5104,0.4792,0.5312,0.5208,0.5625,0.4062,0.501
4863,0.5,0.4688,0.5208,0.4062,0.5104,0.5625,0.5104,0.4792,0.5312,0.5208,0.5625,0.4062,0.501
5443,0.5,0.4688,0.5208,0.4062,0.5104,0.5625,0.5104,0.4792,0.5521,0.5208,0.5625,0.4062,0.5031
5446,0.5,0.4688,0.5208,0.4062,0.5104,0.5625,0.5104,0.4792,0.5521,0.5208,0.5625,0.4062,0.5031
5448,0.5,0.4688,0.5208,0.4062,0.5104,0.5625,0.5104,0.4792,0.5521,0.5208,0.5625,0.4062,0.5031
5460,0.5,0.4688,0.5208,0.4062,0.5104,0.5625,0.5104,0.4792,0.5521,0.5208,0.5625,0.4062,0.5031
5463,0.5,0.4688,0.5208,0.4062,0.5104,0.5625,0.5104,0.4792,0.5521,0.5208,0.5625,0.4062,0.5031
6043,0.5,0.4688,0.5208,0.4062,0.5104,0.5625,0.5104,0.4792,0.5521,0.5208,0.5625,0.4062,0.5031
6046,0.5208,0.4688,0.5208,0.4062,0.5104,0.5625,0.5104,0.4792,0.5521,0.5208,0.5625,0.4062,0.5052
6048,0.5208,0.4688,0.5208,0.4062,0.5104,0.5625,0.5104,0.4792,0.5521,0.5208,0.5625,0.4062,0.5052
6060,0.5208,0.4688,0.5208,0.4062,0.5104,0.5625,0.5104,0.4792,0.5521,0.5208,0.5625,0.4062,0.5052
6063,0.5208,0.4688,0.5208,0.4062,0.5104,0.5625,0.5104,0.4792,0.5521,0.5208,0.5625,0.4062,0.5052
6643,0.5208,0.4688,0.5208,0.4062,0.5104,0.5625,0.5104,0.4792,0.5521,0.5208,0.5625,0.4062,0.5052
6646,0.5208,0.4688,0.5208,0.4062,0.5104,0.5625,0.5104,0.4792,0.5521,0.5208,0.5625,0.4062,0.5052
6648,0.5208,0.4688,0.5208,0.4062,0.5104,0.5625,0.5104,0.4792,0.5521,0.5208,0.5625,0.4062,0.5052
6663,0.5208,0.4688,0.5208,0.4062,0.5104,0.5625,0.5208,0.4792,0.5521,0.5208,0.5625,0.4062,0.5062
7243,0.5208,0.4688,0.5208,0.4062,0.5104,0.5625,0.5208,0.4792,0.5625,0.5208,0.5625,0.4062,0.5073
7246,0.5208,0.4688,0.5208,0.4062,0.5104,0.5625,0.5208,0.4792,0.5625,0.5208,0.5625,0.4062,0.5073
7248,0.5208,0.4688,0.5208,0.4062,0.5104,0.5625,0.5208,0.4792,0.5625,0.5312,0.5625,0.4062,0.5083
7263,0.5208,0.4688,0.5208,0.4062,0.5104,0.5625,0.5208,0.4792,0.5625,0.5312,0.5625,0.4062,0.5083
7843,0.5208,0.4688,0.5208,0.4062,0.5104,0.5625,0.5208,0.4792,0.5625,0.5312,0.5625,0.4062,0.5083
7846,0.5208,0.4688,0.5208,0.4062,0.5104,0.5625,0.5208,0.4792,0.5625,0.5312,0.5625,0.4062,0.5083
7848,0.5208,0.4688,0.5208,0.4062,0.5104,0.5625,0.5208,0.4792,0.5625,0.5312,0.5625,0.4062,0.5083
7863,0.5208,0.4688,0.5208,0.4062,0.5104,0.5625,0.5208,0.4792,0.5625,0.5312,0.5625,0.4062,0.5083
8443,0.5208,0.4688,0.5208,0.4062,0.5104,0.5625,0.5208,0.4792,0.5625,0.5312,0.5625,0.4062,0.5083
8446,0.5208,0.4688,0.5208,0.4062,0.5104,0.5625,0.5208,0.4792,0.5625,0.5312,0.5625,0.4062,0.5083
8448,0.5208,0.4688,0.5208,0.4062,0.5104,0.5625,0.5208,0.4792,0.5625,0.5312,0.5625,0.4062,0.5083
8463,0.5208,0.4688,0.5208,0.4062,0.5104,0.5625,0.5312,0.4792,0.5625,0.5312,0.5625,0.4062,0.5094
9043,0.5208,0.4688,0.5208,0.4062,0.5104,0.5625,0.5312,0.4792,0.5625,0.5312,0.5625,0.4062,0.5094
9046,0.5208,0.4688,0.5208,0.4062,0.5104,0.5625,0.5312,0.4792,0.5625,0.5312,0.5625,0.4062,0.5094
9063,0.5208,0.4688,0.5208,0.4062,0.5104,0.5625,0.5312,0.4792,0.5625,0.5312,0.5625,0.4062,0.5094
9646,0.5208,0.4688,0.5208,0.4062,0.5104,0.5625,0.5312,0.4792,0.5625,0.5312,0.5625,0.4062,0.5094
9663,0.5208,0.4688,0.5208,0.4062,0.5104,0.5625,0.5312,0.4792,0.5625,0.5312,0.5625,0.4062,0.5094
10246,0.5208,0.4688,0.5208,0.4062,0.5104,0.5625,0.5312,0.4792,0.5625,0.5312,0.5625,0.4062,0.5094
10263,0.5208,0.4688,0.5208,0.4062,0.5104,0.5625,0.5312,0.4792,0.5625,0.5312,0.5625,0.4062,0.5094
10846,0.5208,0.4688,0.5208,0.4062,0.5104,0.5625,0.5312,0.4792,0.5625,0.5312,0.5625,0.4062,0.5094
10863,0.5208,0.4688,0.5208,0.4062,0.5104,0.5625,0.5312,0.4792,0.5625,0.5312,0.5625,0.4062,0.5094
11446,0.5208,0.4688,0.5208,0.4062,0.5104,0.5625,0.5312,0.4792,0.5625,0.5312,0.5625,0.4062,0.5094
11463,0.5208,0.4688,0.5208,0.4062,0.5104,0.5625,0.5312,0.4792,0.5625,0.5312,0.5625,0.4062,0.5094
12046,0.5208,0.4688,0.5208,0.4062,0.5104,0.5625,0.5312,0.4792,0.5625,0.5312,0.5625,0.4062,0.5094
12063,0.5208,0.4688,0.5208,0.4062,0.5104,0.5625,0.5312,0.4792,0.5625,0.5312,0.5625,0.4062,0.5094
12646,0.5208,0.4688,0.5208,0.4062,0.5104,0.5625,0.5312,0.4792,0.5625,0.5312,0.5625,0.4062,0.5094
12663,0.5208,0.4688,0.5208,0.4062,0.5104,0.5625,0.5312,0.4792,0.5625,0.5312,0.5625,0.4062,0.5094
13246,0.5312,0.4688,0.5208,0.4062,0.5104,0.5625,0.5312,0.4792,0.5625,0.5312,0.5625,0.4062,0.5104
13263,0.5312,0.4688,0.5208,0.4062,0.5104,0.5625,0.5312,0.4792,0.5625,0.5312,0.5625,0.4062,0.5104
13846,0.5312,0.4688,0.5208,0.4062,0.5104,0.5625,0.5312,0.4792,0.5625,0.5312,0.5625,0.4062,0.5104
13863,0.5312,0.4688,0.5208,0.4062,0.5104,0.5625,0.5312,0.4792,0.5625,0.5312,0.5625,0.4062,0.5104
14446,0.5312,0.4688,0.5208,0.4062,0.5104,0.5625,0.5312,0.4792,0.5625,0.5312,0.5625,0.4062,0.5104
14463,0.5312,0.4688,0.5208,0.4062,0.5104,0.5625,0.5312,0.4792,0.5625,0.5312,0.5625,0.4062,0.5104
15046,0.5312,0.4688,0.5208,0.4062,0.5104,0.5625,0.5312,0.4792,0.5625,0.5312,0.5625,0.4062,0.5104
15063,0.5312,0.4688,0.5208,0.4062,0.5104,0.5625,0.5312,0.4792,0.5625,0.5312,0.5625,0.4062,0.5104
15646,0.5312,0.4688,0.5208,0.4062,0.5104,0.5625,0.5312,0.4792,0.5625,0.5312,0.5625,0.4062,0.5104
15663,0.5312,0.4688,0.5208,0.4062,0.5104,0.5625,0.5312,0.4792,0.5625,0.5312,0.5625,0.4062,0.5104
16246,0.5312,0.4688,0.5208,0.4062,0.5104,0.5625,0.5312,0.4792,0.5625,0.5312,0.5625,0.4062,0.5104
16263,0.5312,0.4688,0.5208,0.4062,0.5104,0.5625,0.5312,0.4792,0.5625,0.5312,0.5625,0.4062,0.5104
16846,0.5312,0.4688,0.5208,0.4062,0.5104,0.5625,0.5312,0.4792,0.5625,0.5312,0.5625,0.4062,0.5104
16863,0.5312,0.4688,0.5208,0.4062,0.5104,0.5625,0.5312,0.4792,0.5625,0.5312,0.5625,0.4062,0.5104
17446,0.5312,0.4688,0.5208,0.4062,0.5104,0.5625,0.5312,0.4792,0.5625,0.5312,0.5625,0.4062,0.5104
17463,0.5312,0.4688,0.5208,0.4062,0.5104,0.5625,0.5312,0.4792,0.5625,0.5312,0.5625,0.4062,0.5104
18046,0.5312,0.4688,0.5208,0.4062,0.5104,0.5625,0.5312,0.4792,0.5625,0.5312,0.5625,0.4062,0.5104
18063,0.5312,0.4688,0.5208,0.4062,0.5104,0.5625,0.5312,0.4792,0.5625,0.5312,0.5625,0.4062,0.5104
18646,0.5312,0.4688,0.5208,0.4062,0.5104,0.5625,0.5312,0.4792,0.5625,0.5312,0.5625,0.4062,0.5104
18663,0.5312,0.4688,0.5208,0.4062,0.5104,0.5625,0.5312,0.4792,0.5625,0.5312,0.5625,0.4062,0.5104
19246,0.5312,0.4688,0.5208,0.4062,0.5104,0.5625,0.5312,0.4792,0.5625,0.5312,0.5625,0.4062,0.5104
19263,0.5312,0.4688,0.5208,0.4062,0.5104,0.5625,0.5312,0.4792,0.5625,0.5312,0.5625,0.4062,0.5104
19846,0.5312,0.4688,0.5208,0.4062,0.5104,0.5625,0.5312,0.4792,0.5625,0.5312,0.5625,0.4062,0.5104
19863,0.5312,0.4688,0.5208,0.4062,0.5104,0.5625,0.5312,0.4792,0.5625,0.5312,0.5625,0.4062,0.5104
20446,0.5312,0.4688,0.5208,0.4062,0.5104,0.5625,0.5312,0.4792,0.5625,0.5312,0.5625,0.4062,0.5104
20463,0.5312,0.4688,0.5208,0.4062,0.5104,0.5625,0.5312,0.4792,0.5625,0.5312,0.5625,0.4062,0.5104
21046,0.5312,0.4688,0.5208,0.4062,0.5104,0.5625,0.5312,0.4792,0.5625,0.5312,0.5625,0.4062,0.5104
21063,0.5312,0.4688,0.5208,0.4062,0.5104,0.5625,0.5312,0.4792,0.5625,0.5312,0.5625,0.4062,0.5104
21646,0.5312,0.4688,0.5208,0.4062,0.5104,0.5625,0.5312,0.4792,0.5625,0.5312,0.5625,0.4062,0.5104
21663,0.5312,0.4688,0.5208,0.4062,0.5104,0.5625,0.5312,0.4792,0.5625,0.5312,0.5625,0.4062,0.5104
22246,0.5312,0.4688,0.5208,0.4062,0.5104,0.5625,0.5312,0.4792,0.5625,0.5312,0.5625,0.4062,0.5104
22263,0.5312,0.4688,0.5208,0.4062,0.5104,0.5625,0.5312,0.4792,0.5625,0.5312,0.5625,0.4062,0.5104
22846,0.5312,0.4688,0.5208,0.4062,0.5104,0.5625,0.5312,0.4792,0.5625,0.5312,0.5625,0.4062,0.5104
23446,0.5312,0.4688,0.5208,0.4062,0.5104,0.5625,0.5312,0.4792,0.5625,0.5312,0.5625,0.4062,0.5104
24046,0.5312,0.4688,0.5208,0.4062,0.5104,0.5625,0.5312,0.4792,0.5625,0.5312,0.5625,0.4062,0.5104
24646,0.5312,0.4688,0.5208,0.4062,0.5104,0.5625,0.5312,0.4792,0.5625,0.5312,0.5625,0.4062,0.5104
25246,0.5312,0.4688,0.5208,0.4062,0.5104,0.5625,0.5312,0.4792,0.5625,0.5312,0.5625,0.4062,0.5104
25846,0.5312,0.4688,0.5208,0.4062,0.5104,0.5625,0.5312,0.4792,0.5625,0.5312,0.5625,0.4062,0.5104
26446,0.5312,0.4688,0.5208,0.4062,0.5104,0.5625,0.5312,0.4792,0.5625,0.5312,0.5625,0.4062,0.5104
27046,0.5312,0.4688,0.5208,0.4062,0.5104,0.5625,0.5312,0.4792,0.5625,0.5312,0.5625,0.4062,0.5104
27646,0.5312,0.4688,0.5208,0.4062,0.5104,0.5625,0.5312,0.4792,0.5625,0.5312,0.5625,0.4062,0.5104
28246,0.5312,0.4688,0.5208,0.4062,0.5104,0.5625,0.5312,0.4792,0.5625,0.5312,0.5625,0.4062,0.5104
28846,0.5312,0.4688,0.5208,0.4062,0.5104,0.5625,0.5312,0.4792,0.5625,0.5312,0.5625,0.4062,0.5104
29446,0.5312,0.4688,0.5208,0.4062,0.5104,0.5625,0.5312,0.4792,0.5625,0.5312,0.5625,0.4062,0.5104
30046,0.5312,0.4688,0.5208,0.4062,0.5104,0.5625,0.5312,0.4792,0.5625,0.5312,0.5625,0.4062,0.5104
30646,0.5312,0.4688,0.5208,0.4062,0.5104,0.5625,0.5312,0.4792,0.5625,0.5312,0.5625,0.4062,0.5104
31246,0.5312,0.4688,0.5208,0.4062,0.5104,0.5625,0.5312,0.4792,0.5625,0.5312,0.5625,0.4062,0.5104
31846,0.5312,0.4688,0.5208,0.4062,0.5104,0.5625,0.5312,0.4792,0.5625,0.5312,0.5625,0.4062,0.5104
32446,0.5312,0.4688,0.5208,0.4062,0.5104,0.5625,0.5312,0.4792,0.5625,0.5312,0.5625,0.4062,0.5104
33046,0.5312,0.4688,0.5208,0.4062,0.5104,0.5625,0.5312,0.4792,0.5625,0.5312,0.5625,0.4062,0.5104
33646,0.5312,0.4688,0.5208,0.4062,0.5104,0.5625,0.5312,0.4792,0.5625,0.5312,0.5625,0.4062,0.5104
34246,0.5312,0.4688,0.5208,0.4062,0.5104,0.5625,0.5312,0.4792,0.5625,0.5312,0.5625,0.4062,0.5104
34846,0.5312,0.4688,0.5208,0.4062,0.5104,0.5625,0.5312,0.4792,0.5625,0.5312,0.5625,0.4062,0.5104
35446,0.5312,0.4688,0.5208,0.4062,0.5104,0.5625,0.5312,0.4792,0.5625,0.5312,0.5625,0.4062,0.5104
36046,0.5312,0.4688,0.5208,0.4062,0.5104,0.5625,0.5312,0.4792,0.5625,0.5312,0.5625,0.4062,0.5104
36646,0.5312,0.4688,0.5208,0.4062,0.5104,0.5625,0.5312,0.4792,0.5625,0.5312,0.5625,0.4062,0.5104
37246,0.5312,0.4688,0.5208,0.4062,0.5104,0.5625,0.5312,0.4792,0.5625,0.5312,0.5625,0.4062,0.5104
37846,0.5312,0.4688,0.5208,0.4062,0.5104,0.5625,0.5312,0.4792,0.5625,0.5312,0.5625,0.4062,0.5104
38447,0.5312,0.4688,0.5208,0.4062,0.5104,0.5625,0.5312,0.4792,0.5625,0.5312,0.5625,0.4062,0.5104
39047,0.5312,0.4688,0.5208,0.4062,0.5104,0.5625,0.5312,0.4792,0.5625,0.5312,0.5625,0.4062,0.5104
39647,0.5312,0.4688,0.5208,0.4062,0.5104,0.5625,0.5312,0.4792,0.5625,0.5312,0.5625,0.4062,0.5104
40247,0.5312,0.4688,0.5208,0.4062,0.5104,0.5625,0.5312,0.4792,0.5625,0.5312,0.5625,0.4062,0.5104
40847,0.5312,0.4688,0.5208,0.4062,0.5104,0.5625,0.5312,0.4792,0.5625,0.5312,0.5625,0.4062,0.5104
41447,0.5312,0.4688,0.5208,0.4062,0.5104,0.5625,0.5312,0.4792,0.5625,0.5312,0.5625,0.4062,0.5104
42047,0.5312,0.4688,0.5208,0.4062,0.5104,0.5625,0.5312,0.4792,0.5625,0.5312,0.5625,0.4062,0.5104
42647,0.5312,0.4688,0.5208,0.4062,0.5104,0.5625,0.5312,0.4792,0.5625,0.5312,0.5625,0.4062,0.5104
43247,0.5312,0.4688,0.5208,0.4062,0.5104,0.5625,0.5312,0.4792,0.5625,0.5312,0.5625,0.4062,0.5104
