timestamp,e1000e5,e1000e2,e1000e9,e1000e3,e1000e0,e1000e4,e1000e1,e1000e6,e1000e8,e1000e7,max,min,avg
0,0.0345,0.0345,0.0345,0.0345,0.0345,0.0345,0.0345,0.0345,0.0345,0.0345,0.0345,0.0345,0.0345
3,0.0345,0.0435,0.0345,0.0345,0.0435,0.0345,0.0435,0.0345,0.0345,0.0345,0.0435,0.0345,0.0372
4,0.0435,0.0901,0.0435,0.0435,0.0796,0.0435,0.0766,0.0435,0.0435,0.0435,0.0901,0.0435,0.0551
5,0.0766,0.0916,0.0916,0.0751,0.0826,0.0781,0.0781,0.0766,0.0796,0.0811,0.0916,0.0751,0.0811
6,0.0856,0.0946,0.0931,0.1051,0.0856,0.0856,0.0841,0.0841,0.0811,0.0826,0.1051,0.0811,0.0881
7,0.0931,0.0946,0.0931,0.1096,0.0901,0.0856,0.0841,0.1366,0.0811,0.0826,0.1366,0.0811,0.095
8,0.0976,0.1051,0.0961,0.1111,0.0916,0.1787,0.0856,0.1471,0.0871,0.0886,0.1787,0.0856,0.1089
9,0.0976,0.1126,0.1246,0.1111,0.0946,0.1847,0.0856,0.1486,0.0961,0.0976,0.1847,0.0856,0.1153
10,0.0976,0.1276,0.1261,0.1111,0.0946,0.1862,0.0856,0.2432,0.0976,0.0976,0.2432,0.0856,0.1267
11,0.1006,0.1336,0.1261,0.1111,0.0991,0.1982,0.0886,0.2538,0.0991,0.0976,0.2538,0.0886,0.1308
12,0.1021,0.1336,0.1306,0.1171,0.1006,0.1982,0.0886,0.2583,0.2027,0.1111,0.2583,0.0886,0.1443
13,0.1021,0.1366,0.1411,0.1186,0.1021,0.1982,0.0886,0.2598,0.2177,0.1201,0.2598,0.0886,0.1485
14,0.1231,0.1396,0.2342,0.1186,0.1111,0.1982,0.0886,0.2598,0.2267,0.1276,0.2598,0.0886,0.1628
15,0.1261,0.1592,0.2342,0.1186,0.1366,0.1982,0.1456,0.2598,0.2267,0.1276,0.2598,0.1186,0.1733
16,0.1261,0.1592,0.2372,0.1186,0.1366,0.1982,0.1577,0.2598,0.2267,0.1276,0.2598,0.1186,0.1748
17,0.1261,0.1592,0.2417,0.1186,0.1381,0.1982,0.1787,0.2598,0.2297,0.1276,0.2598,0.1186,0.1778
18,0.1291,0.1607,0.2508,0.1381,0.1547,0.1982,0.1847,0.2598,0.2297,0.2553,0.2598,0.1291,0.1961
19,0.1291,0.1607,0.2508,0.1381,0.1547,0.1997,0.1847,0.2598,0.2297,0.2883,0.2883,0.1291,0.1996
20,0.1291,0.1607,0.2508,0.1381,0.1562,0.2042,0.1847,0.2598,0.2342,0.2883,0.2883,0.1291,0.2006
21,0.1336,0.1622,0.2508,0.1426,0.1562,0.2042,0.1862,0.2658,0.2357,0.2898,0.2898,0.1336,0.2027
22,0.1351,0.1667,0.2508,0.1426,0.1562,0.2042,0.1862,0.2658,0.2387,0.3108,0.3108,0.1351,0.2057
23,0.1411,0.1682,0.2508,0.1426,0.1562,0.2042,0.1877,0.2658,0.2402,0.3288,0.3288,0.1411,0.2086
24,0.1441,0.1697,0.2508,0.1426,0.1682,0.2042,0.1892,0.2658,0.2402,0.3288,0.3288,0.1426,0.2104
25,0.1456,0.1697,0.2508,0.1426,0.1682,0.2042,0.1892,0.2658,0.2432,0.3363,0.3363,0.1426,0.2116
26,0.1456,0.1697,0.2523,0.1426,0.1742,0.2042,0.1892,0.2658,0.2447,0.3363,0.3363,0.1426,0.2125
27,0.1456,0.1697,0.2523,0.1426,0.1787,0.2042,0.1892,0.2658,0.2598,0.3438,0.3438,0.1426,0.2152
28,0.1456,0.1727,0.2523,0.1471,0.1832,0.2042,0.1892,0.2658,0.2823,0.3453,0.3453,0.1456,0.2188
29,0.1456,0.1742,0.2523,0.1471,0.1832,0.2042,0.1967,0.2658,0.2823,0.3483,0.3483,0.1456,0.22
30,0.1742,0.1787,0.2523,0.1471,0.1832,0.2042,0.1997,0.2658,0.2838,0.3498,0.3498,0.1471,0.2239
31,0.1742,0.1787,0.2523,0.1471,0.1832,0.2042,0.2402,0.2658,0.2838,0.3498,0.3498,0.1471,0.2279
32,0.1802,0.1787,0.2523,0.1471,0.1862,0.2042,0.2417,0.2658,0.2853,0.3498,0.3498,0.1471,0.2291
33,0.1832,0.1802,0.2523,0.1471,0.1862,0.2042,0.2462,0.2658,0.2868,0.3498,0.3498,0.1471,0.2302
34,0.1892,0.1802,0.2523,0.1471,0.1862,0.2042,0.2492,0.2658,0.2898,0.3498,0.3498,0.1471,0.2314
35,0.1907,0.1817,0.2538,0.1471,0.1862,0.2042,0.2568,0.2658,0.2928,0.3498,0.3498,0.1471,0.2329
36,0.1922,0.1877,0.2538,0.1471,0.1862,0.2102,0.2583,0.2658,0.2928,0.3498,0.3498,0.1471,0.2344
37,0.1922,0.1877,0.2538,0.1471,0.1862,0.2102,0.2583,0.2658,0.2928,0.3498,0.3498,0.1471,0.2344
38,0.1922,0.1892,0.2538,0.1471,0.1862,0.2117,0.2583,0.2658,0.2943,0.3498,0.3498,0.1471,0.2348
39,0.1922,0.1892,0.2538,0.1471,0.1862,0.2117,0.2583,0.2658,0.2943,0.3574,0.3574,0.1471,0.2356
40,0.1952,0.1907,0.2538,0.1471,0.1862,0.2117,0.2583,0.2658,0.2973,0.3604,0.3604,0.1471,0.2366
41,0.1952,0.1907,0.2538,0.1471,0.1862,0.2117,0.2583,0.2658,0.2973,0.3604,0.3604,0.1471,0.2366
42,0.1952,0.1907,0.2538,0.1471,0.1862,0.2117,0.2628,0.2658,0.2973,0.3604,0.3604,0.1471,0.2371
43,0.1982,0.1907,0.2538,0.1471,0.1862,0.2132,0.2628,0.2658,0.3153,0.3604,0.3604,0.1471,0.2394
44,0.1982,0.1907,0.2538,0.1471,0.1862,0.2132,0.2628,0.2658,0.3408,0.3604,0.3604,0.1471,0.2419
45,0.1982,0.2177,0.2538,0.1471,0.1862,0.2132,0.2628,0.2658,0.3408,0.3604,0.3604,0.1471,0.2446
46,0.1997,0.2177,0.2538,0.1471,0.1862,0.2147,0.2628,0.2658,0.3468,0.3604,0.3604,0.1471,0.2455
47,0.2012,0.2207,0.2538,0.1471,0.1862,0.2147,0.2628,0.2658,0.3468,0.3604,0.3604,0.1471,0.2459
48,0.2087,0.2207,0.2538,0.1471,0.1862,0.2162,0.2628,0.2658,0.3468,0.3604,0.3604,0.1471,0.2468
49,0.2087,0.2207,0.2538,0.1471,0.1862,0.2162,0.2628,0.2658,0.3468,0.3604,0.3604,0.1471,0.2468
50,0.2087,0.2207,0.2538,0.1471,0.1862,0.2162,0.2628,0.2658,0.3468,0.3604,0.3604,0.1471,0.2468
51,0.2102,0.2207,0.2538,0.1471,0.1862,0.2162,0.2628,0.2658,0.3468,0.3604,0.3604,0.1471,0.247
52,0.2102,0.2207,0.2538,0.1471,0.1862,0.2162,0.2628,0.2658,0.3468,0.3604,0.3604,0.1471,0.247
53,0.2102,0.2207,0.2538,0.1471,0.1862,0.2162,0.2628,0.2658,0.3468,0.3604,0.3604,0.1471,0.247
54,0.2102,0.2207,0.2538,0.1471,0.1862,0.2162,0.2628,0.2658,0.3468,0.3604,0.3604,0.1471,0.247
55,0.2102,0.2207,0.2538,0.1502,0.1862,0.2162,0.2628,0.2658,0.3468,0.3604,0.3604,0.1502,0.2473
56,0.2102,0.2207,0.2538,0.1502,0.1862,0.2162,0.2628,0.2658,0.3468,0.3604,0.3604,0.1502,0.2473
57,0.2102,0.2207,0.2538,0.1502,0.1862,0.2162,0.2628,0.2658,0.3468,0.3604,0.3604,0.1502,0.2473
58,0.2102,0.2207,0.2538,0.1502,0.1862,0.2162,0.2628,0.2658,0.3468,0.3604,0.3604,0.1502,0.2473
59,0.2102,0.2207,0.2538,0.1502,0.1862,0.2162,0.2628,0.2658,0.3468,0.3604,0.3604,0.1502,0.2473
60,0.2102,0.2207,0.2538,0.1502,0.1862,0.2162,0.2628,0.2658,0.3468,0.3604,0.3604,0.1502,0.2473
61,0.2102,0.2207,0.2538,0.1502,0.1862,0.2162,0.2628,0.2658,0.3468,0.3604,0.3604,0.1502,0.2473
62,0.2147,0.2207,0.2538,0.1502,0.1862,0.2162,0.2628,0.2658,0.3468,0.3604,0.3604,0.1502,0.2478
63,0.2162,0.2207,0.2538,0.1502,0.1862,0.2162,0.2628,0.2658,0.3468,0.3604,0.3604,0.1502,0.2479
64,0.2162,0.2207,0.2538,0.1502,0.1862,0.2162,0.2643,0.2658,0.3468,0.3604,0.3604,0.1502,0.2481
65,0.2162,0.2207,0.2538,0.1502,0.1862,0.2162,0.2643,0.2658,0.3468,0.3604,0.3604,0.1502,0.2481
66,0.2162,0.2207,0.2538,0.1502,0.1862,0.2162,0.2643,0.2658,0.3468,0.3604,0.3604,0.1502,0.2481
67,0.2162,0.2207,0.2538,0.1502,0.1862,0.2162,0.2643,0.2658,0.3468,0.3604,0.3604,0.1502,0.2481
68,0.2162,0.2207,0.2538,0.1502,0.1862,0.2162,0.2643,0.2658,0.3468,0.3604,0.3604,0.1502,0.2481
69,0.2162,0.2207,0.2538,0.1502,0.1862,0.2162,0.2643,0.2658,0.3468,0.3604,0.3604,0.1502,0.2481
70,0.2162,0.2207,0.2538,0.1502,0.1862,0.2162,0.2643,0.2658,0.3468,0.3604,0.3604,0.1502,0.2481
71,0.2162,0.2207,0.2538,0.1547,0.1862,0.2342,0.2643,0.2658,0.3468,0.3604,0.3604,0.1547,0.2503
72,0.2162,0.2207,0.2538,0.1547,0.1907,0.2417,0.2643,0.2658,0.3468,0.3604,0.3604,0.1547,0.2515
73,0.2162,0.2207,0.2538,0.1547,0.1907,0.2417,0.2643,0.2658,0.3468,0.3604,0.3604,0.1547,0.2515
74,0.2162,0.2207,0.2538,0.1547,0.1922,0.2417,0.2643,0.2658,0.3468,0.3604,0.3604,0.1547,0.2517
75,0.2162,0.2207,0.2538,0.1547,0.1937,0.2417,0.2643,0.2658,0.3468,0.3604,0.3604,0.1547,0.2518
76,0.2162,0.2207,0.2538,0.1547,0.1937,0.2417,0.2643,0.2658,0.3468,0.3604,0.3604,0.1547,0.2518
77,0.2162,0.2207,0.2538,0.1547,0.1937,0.2417,0.2643,0.2658,0.3468,0.3604,0.3604,0.1547,0.2518
78,0.2162,0.2207,0.2538,0.1547,0.1952,0.2417,0.2643,0.2658,0.3468,0.3604,0.3604,0.1547,0.252
79,0.2162,0.2207,0.2538,0.1547,0.1952,0.2523,0.2643,0.2658,0.3468,0.3604,0.3604,0.1547,0.253
80,0.2162,0.2207,0.2538,0.1547,0.1952,0.2523,0.2643,0.2658,0.3468,0.3604,0.3604,0.1547,0.253
81,0.2162,0.2207,0.2538,0.1547,0.1952,0.2523,0.2643,0.2658,0.3468,0.3604,0.3604,0.1547,0.253
82,0.2162,0.2207,0.2538,0.1547,0.1952,0.2523,0.2643,0.2658,0.3468,0.3604,0.3604,0.1547,0.253
83,0.2162,0.2207,0.2538,0.1547,0.1952,0.2523,0.2643,0.2658,0.3468,0.3604,0.3604,0.1547,0.253
84,0.2162,0.2207,0.2538,0.1547,0.1952,0.2523,0.2643,0.2658,0.3468,0.3604,0.3604,0.1547,0.253
85,0.2162,0.2207,0.2538,0.1547,0.1952,0.2523,0.2643,0.2658,0.3468,0.3604,0.3604,0.1547,0.253
86,0.2162,0.2207,0.2538,0.1607,0.1952,0.2523,0.2643,0.2658,0.3468,0.3604,0.3604,0.1607,0.2536
87,0.2162,0.2207,0.2538,0.1607,0.1952,0.2523,0.2643,0.2658,0.3468,0.3604,0.3604,0.1607,0.2536
88,0.2162,0.2207,0.2538,0.1652,0.1952,0.2523,0.2643,0.2658,0.3468,0.3604,0.3604,0.1652,0.2541
89,0.2162,0.2207,0.2538,0.1652,0.1952,0.2523,0.2643,0.2658,0.3468,0.3604,0.3604,0.1652,0.2541
90,0.2162,0.2207,0.2538,0.1667,0.1952,0.2523,0.2643,0.2658,0.3468,0.3604,0.3604,0.1667,0.2542
91,0.2162,0.2207,0.2538,0.1697,0.1952,0.2583,0.2643,0.2658,0.3468,0.3604,0.3604,0.1697,0.2551
92,0.2162,0.2222,0.2538,0.1832,0.1952,0.2598,0.2643,0.2658,0.3468,0.3604,0.3604,0.1832,0.2568
93,0.2162,0.2222,0.2538,0.1862,0.1952,0.2598,0.2643,0.2658,0.3468,0.3604,0.3604,0.1862,0.2571
94,0.2162,0.2222,0.2538,0.1877,0.1952,0.2598,0.2643,0.2658,0.3468,0.3604,0.3604,0.1877,0.2572
95,0.2162,0.2222,0.2538,0.1907,0.1952,0.2598,0.2643,0.2658,0.3468,0.3604,0.3604,0.1907,0.2575
96,0.2162,0.2222,0.2538,0.1907,0.1952,0.2598,0.2643,0.2658,0.3468,0.3604,0.3604,0.1907,0.2575
97,0.2162,0.2222,0.2538,0.1907,0.1952,0.2598,0.2643,0.2658,0.3468,0.3604,0.3604,0.1907,0.2575
98,0.2162,0.2222,0.2538,0.1907,0.1952,0.2598,0.2643,0.2658,0.3468,0.3604,0.3604,0.1907,0.2575
99,0.2162,0.2222,0.2538,0.1907,0.1952,0.2598,0.2643,0.2658,0.3468,0.3604,0.3604,0.1907,0.2575
100,0.2162,0.2222,0.2538,0.1907,0.1967,0.2598,0.2643,0.2658,0.3468,0.3604,0.3604,0.1907,0.2577
101,0.2162,0.2222,0.2538,0.1907,0.1982,0.2613,0.2643,0.2658,0.3468,0.3604,0.3604,0.1907,0.258
102,0.2162,0.2222,0.2538,0.1907,0.1982,0.2613,0.2643,0.2658,0.3468,0.3604,0.3604,0.1907,0.258
103,0.2162,0.2222,0.2538,0.1907,0.2027,0.2613,0.2643,0.2658,0.3468,0.3604,0.3604,0.1907,0.2584
104,0.2162,0.2222,0.2538,0.1907,0.2072,0.2613,0.2643,0.2658,0.3468,0.3604,0.3604,0.1907,0.2589
105,0.2162,0.2222,0.2538,0.1922,0.2072,0.2613,0.2643,0.2658,0.3468,0.3604,0.3604,0.1922,0.259
106,0.2162,0.2222,0.2538,0.1922,0.2072,0.2613,0.2643,0.2658,0.3468,0.3604,0.3604,0.1922,0.259
107,0.2162,0.2222,0.2538,0.1922,0.2072,0.2658,0.2643,0.2658,0.3468,0.3604,0.3604,0.1922,0.2595
108,0.2162,0.2222,0.2538,0.1922,0.2072,0.2658,0.2643,0.2658,0.3468,0.3604,0.3604,0.1922,0.2595
109,0.2162,0.2222,0.2538,0.1922,0.2072,0.2703,0.2643,0.2658,0.3468,0.3604,0.3604,0.1922,0.2599
110,0.2162,0.2222,0.2538,0.1922,0.2102,0.2703,0.2643,0.2658,0.3468,0.3604,0.3604,0.1922,0.2602
111,0.2162,0.2222,0.2538,0.1922,0.2102,0.2703,0.2643,0.2658,0.3468,0.3604,0.3604,0.1922,0.2602
112,0.2162,0.2222,0.2538,0.1922,0.2102,0.2703,0.2643,0.2658,0.3468,0.3604,0.3604,0.1922,0.2602
113,0.2162,0.2222,0.2538,0.1922,0.2102,0.2703,0.2643,0.2658,0.3468,0.3604,0.3604,0.1922,0.2602
114,0.2162,0.2222,0.2538,0.1922,0.2102,0.2778,0.2643,0.2658,0.3468,0.3604,0.3604,0.1922,0.261
115,0.2162,0.2222,0.2538,0.1922,0.2102,0.2778,0.2643,0.2658,0.3468,0.3604,0.3604,0.1922,0.261
116,0.2162,0.2222,0.2538,0.1952,0.2102,0.2793,0.2643,0.2658,0.3468,0.3604,0.3604,0.1952,0.2614
117,0.2162,0.2222,0.2538,0.1952,0.2102,0.2793,0.2643,0.2658,0.3468,0.3604,0.3604,0.1952,0.2614
118,0.2162,0.2222,0.2538,0.1952,0.2102,0.2793,0.2643,0.2658,0.3468,0.3604,0.3604,0.1952,0.2614
119,0.2162,0.2222,0.2538,0.1952,0.2102,0.2793,0.2643,0.2658,0.3468,0.3604,0.3604,0.1952,0.2614
120,0.2162,0.2222,0.2538,0.1952,0.2102,0.2793,0.2643,0.2658,0.3468,0.3604,0.3604,0.1952,0.2614
121,0.2162,0.2222,0.2538,0.1952,0.2102,0.2793,0.2643,0.2658,0.3468,0.3604,0.3604,0.1952,0.2614
122,0.2162,0.2222,0.2538,0.1952,0.2102,0.2793,0.2643,0.2658,0.3468,0.3604,0.3604,0.1952,0.2614
123,0.2162,0.2222,0.2538,0.1952,0.2102,0.2793,0.2643,0.2658,0.3468,0.3604,0.3604,0.1952,0.2614
124,0.2162,0.2222,0.2538,0.1952,0.2102,0.2793,0.2643,0.2658,0.3468,0.3604,0.3604,0.1952,0.2614
125,0.2162,0.2222,0.2538,0.1952,0.2102,0.2793,0.2643,0.2658,0.3468,0.3604,0.3604,0.1952,0.2614
126,0.2162,0.2222,0.2538,0.1967,0.2102,0.2793,0.2643,0.2658,0.3468,0.3604,0.3604,0.1967,0.2616
127,0.2162,0.2222,0.2538,0.1982,0.2102,0.2793,0.2643,0.2658,0.3468,0.3604,0.3604,0.1982,0.2617
128,0.2162,0.2312,0.2538,0.1982,0.2102,0.2793,0.2643,0.2658,0.3468,0.3604,0.3604,0.1982,0.2626
129,0.2162,0.2312,0.2538,0.1982,0.2147,0.2793,0.2643,0.2658,0.3468,0.3604,0.3604,0.1982,0.2631
130,0.2162,0.2312,0.2538,0.1982,0.2207,0.2793,0.2643,0.2658,0.3468,0.3604,0.3604,0.1982,0.2637
131,0.2162,0.2312,0.2538,0.1982,0.2207,0.2793,0.2643,0.2658,0.3468,0.3604,0.3604,0.1982,0.2637
132,0.2162,0.2312,0.2538,0.1982,0.2237,0.2793,0.2643,0.2658,0.3468,0.3604,0.3604,0.1982,0.264
133,0.2162,0.2312,0.2538,0.1982,0.2252,0.2793,0.2643,0.2658,0.3468,0.3604,0.3604,0.1982,0.2641
134,0.2162,0.2312,0.2538,0.1982,0.2252,0.2793,0.2643,0.2658,0.3468,0.3604,0.3604,0.1982,0.2641
135,0.2162,0.2312,0.2538,0.1982,0.2252,0.2793,0.2643,0.2658,0.3468,0.3604,0.3604,0.1982,0.2641
136,0.2162,0.2312,0.2538,0.1982,0.2252,0.2793,0.2643,0.2658,0.3468,0.3604,0.3604,0.1982,0.2641
137,0.2162,0.2312,0.2538,0.1997,0.2252,0.2793,0.2643,0.2658,0.3468,0.3604,0.3604,0.1997,0.2643
138,0.2162,0.2312,0.2538,0.1997,0.2267,0.2793,0.2643,0.2658,0.3468,0.3604,0.3604,0.1997,0.2644
139,0.2162,0.2312,0.2538,0.1997,0.2267,0.2793,0.2643,0.2658,0.3468,0.3604,0.3604,0.1997,0.2644
140,0.2162,0.2312,0.2538,0.1997,0.2282,0.2793,0.2643,0.2658,0.3468,0.3604,0.3604,0.1997,0.2646
141,0.2162,0.2312,0.2538,0.1997,0.2297,0.2793,0.2643,0.2658,0.3468,0.3604,0.3604,0.1997,0.2647
142,0.2162,0.2312,0.2538,0.1997,0.2297,0.2793,0.2643,0.2658,0.3468,0.3604,0.3604,0.1997,0.2647
143,0.2162,0.2312,0.2538,0.2012,0.2297,0.2793,0.2643,0.2658,0.3468,0.3604,0.3604,0.2012,0.2649
144,0.2162,0.2312,0.2538,0.2012,0.2297,0.2793,0.2643,0.2658,0.3468,0.3604,0.3604,0.2012,0.2649
145,0.2162,0.2312,0.2538,0.2012,0.2297,0.2793,0.2643,0.2658,0.3468,0.3604,0.3604,0.2012,0.2649
146,0.2162,0.2312,0.2538,0.2012,0.2297,0.2808,0.2643,0.2658,0.3468,0.3604,0.3604,0.2012,0.265
147,0.2162,0.2312,0.2538,0.2012,0.2297,0.2823,0.2643,0.2658,0.3468,0.3604,0.3604,0.2012,0.2652
148,0.2162,0.2312,0.2538,0.2012,0.2297,0.2823,0.2643,0.2658,0.3468,0.3604,0.3604,0.2012,0.2652
149,0.2162,0.2312,0.2538,0.2012,0.2312,0.2823,0.2643,0.2658,0.3468,0.3604,0.3604,0.2012,0.2653
150,0.2162,0.2312,0.2538,0.2012,0.2312,0.2838,0.2643,0.2658,0.3468,0.3604,0.3604,0.2012,0.2655
151,0.2162,0.2312,0.2538,0.2012,0.2312,0.2838,0.2643,0.2658,0.3468,0.3604,0.3604,0.2012,0.2655
152,0.2162,0.2312,0.2538,0.2012,0.2312,0.2838,0.2643,0.2658,0.3468,0.3604,0.3604,0.2012,0.2655
153,0.2162,0.2342,0.2538,0.2012,0.2312,0.2838,0.2643,0.2658,0.3468,0.3604,0.3604,0.2012,0.2658
154,0.2162,0.2342,0.2538,0.2012,0.2312,0.2853,0.2643,0.2658,0.3468,0.3604,0.3604,0.2012,0.2659
155,0.2162,0.2342,0.2538,0.2042,0.2312,0.2853,0.2643,0.2658,0.3468,0.3604,0.3604,0.2042,0.2662
156,0.2162,0.2342,0.2538,0.2042,0.2312,0.2853,0.2643,0.2658,0.3468,0.3604,0.3604,0.2042,0.2662
157,0.2162,0.2342,0.2538,0.2042,0.2312,0.2853,0.2643,0.2658,0.3468,0.3604,0.3604,0.2042,0.2662
158,0.2162,0.2342,0.2538,0.2147,0.2312,0.2868,0.2643,0.2658,0.3468,0.3604,0.3604,0.2147,0.2674
159,0.2162,0.2342,0.2538,0.2147,0.2312,0.2868,0.2643,0.2658,0.3468,0.3604,0.3604,0.2147,0.2674
160,0.2162,0.2342,0.2538,0.2147,0.2312,0.2868,0.2643,0.2658,0.3468,0.3604,0.3604,0.2147,0.2674
161,0.2162,0.2342,0.2538,0.2162,0.2312,0.2868,0.2643,0.2658,0.3468,0.3604,0.3604,0.2162,0.2676
162,0.2162,0.2342,0.2538,0.2162,0.2312,0.2868,0.2643,0.2658,0.3468,0.3604,0.3604,0.2162,0.2676
163,0.2162,0.2342,0.2538,0.2177,0.2327,0.2868,0.2643,0.2658,0.3468,0.3604,0.3604,0.2162,0.2679
164,0.2162,0.2342,0.2538,0.2177,0.2327,0.2868,0.2643,0.2658,0.3468,0.3604,0.3604,0.2162,0.2679
165,0.2162,0.2342,0.2538,0.3123,0.2327,0.2868,0.2643,0.2658,0.3468,0.3604,0.3604,0.2162,0.2773
166,0.2162,0.2342,0.2538,0.3363,0.2357,0.2868,0.2643,0.2658,0.3468,0.3604,0.3604,0.2162,0.28
167,0.2162,0.2342,0.2538,0.3423,0.2357,0.2868,0.2643,0.2658,0.3468,0.3604,0.3604,0.2162,0.2806
168,0.2162,0.2342,0.2538,0.3423,0.2357,0.2868,0.2643,0.2658,0.3468,0.3604,0.3604,0.2162,0.2806
169,0.2162,0.2342,0.2538,0.3423,0.2357,0.2868,0.2643,0.2658,0.3468,0.3604,0.3604,0.2162,0.2806
170,0.2162,0.2342,0.2538,0.3423,0.2357,0.2868,0.2643,0.2658,0.3468,0.3604,0.3604,0.2162,0.2806
171,0.2162,0.2342,0.2538,0.3423,0.2357,0.2898,0.2643,0.2658,0.3468,0.3604,0.3604,0.2162,0.2809
172,0.2162,0.2342,0.2538,0.3423,0.2357,0.2898,0.2643,0.2658,0.3468,0.3604,0.3604,0.2162,0.2809
173,0.2162,0.2342,0.2538,0.3438,0.2357,0.2898,0.2643,0.2658,0.3468,0.3604,0.3604,0.2162,0.2811
174,0.2162,0.2357,0.2538,0.3468,0.2357,0.2898,0.2643,0.2658,0.3468,0.3604,0.3604,0.2162,0.2815
175,0.2162,0.2357,0.2538,0.3468,0.2357,0.2898,0.2643,0.2658,0.3468,0.3604,0.3604,0.2162,0.2815
176,0.2162,0.2357,0.2538,0.3483,0.2357,0.2898,0.2643,0.2658,0.3468,0.3604,0.3604,0.2162,0.2817
177,0.2162,0.2357,0.2538,0.3483,0.2357,0.2898,0.2643,0.2658,0.3468,0.3604,0.3604,0.2162,0.2817
178,0.2162,0.2387,0.2538,0.3483,0.2357,0.2898,0.2643,0.2658,0.3468,0.3604,0.3604,0.2162,0.282
179,0.2162,0.2402,0.2538,0.3483,0.2387,0.2898,0.2643,0.2658,0.3468,0.3604,0.3604,0.2162,0.2824
180,0.2162,0.2402,0.2538,0.3483,0.2387,0.2898,0.2643,0.2658,0.3468,0.3604,0.3604,0.2162,0.2824
181,0.2162,0.2402,0.2538,0.3483,0.2387,0.2898,0.2643,0.2658,0.3468,0.3604,0.3604,0.2162,0.2824
182,0.2162,0.2402,0.2538,0.3483,0.2387,0.2898,0.2643,0.2658,0.3468,0.3604,0.3604,0.2162,0.2824
183,0.2162,0.3408,0.2538,0.3483,0.2387,0.2898,0.2643,0.2658,0.3468,0.3604,0.3604,0.2162,0.2925
184,0.2162,0.3438,0.2538,0.3498,0.2387,0.2973,0.2643,0.2658,0.3468,0.3604,0.3604,0.2162,0.2937
185,0.2162,0.3498,0.2538,0.3544,0.2387,0.2973,0.2643,0.2658,0.3468,0.3604,0.3604,0.2162,0.2947
186,0.2162,0.3754,0.2538,0.3544,0.2387,0.2973,0.2643,0.2658,0.3468,0.3604,0.3754,0.2162,0.2973
187,0.2162,0.3754,0.2538,0.3589,0.2387,0.2973,0.2643,0.2658,0.3468,0.3604,0.3754,0.2162,0.2978
188,0.2162,0.3754,0.2538,0.3589,0.2387,0.2973,0.2643,0.2658,0.3468,0.3604,0.3754,0.2162,0.2978
189,0.2162,0.3754,0.2538,0.3589,0.2387,0.2973,0.2643,0.2658,0.3468,0.3604,0.3754,0.2162,0.2978
190,0.2162,0.3754,0.2538,0.3589,0.2387,0.2973,0.2643,0.2658,0.3468,0.3604,0.3754,0.2162,0.2978
191,0.2162,0.3754,0.2538,0.3589,0.2387,0.2973,0.2643,0.2658,0.3468,0.3604,0.3754,0.2162,0.2978
192,0.2162,0.3754,0.2538,0.3589,0.2387,0.2973,0.2643,0.2658,0.3468,0.3604,0.3754,0.2162,0.2978
193,0.2162,0.3754,0.2538,0.3589,0.2387,0.2973,0.2643,0.2658,0.3468,0.3604,0.3754,0.2162,0.2978
194,0.2162,0.3754,0.2538,0.3589,0.2387,0.2973,0.2643,0.2658,0.3468,0.3604,0.3754,0.2162,0.2978
195,0.2162,0.3754,0.2538,0.3589,0.2387,0.2973,0.2643,0.2658,0.3468,0.3604,0.3754,0.2162,0.2978
196,0.2162,0.3754,0.2538,0.3589,0.2387,0.2988,0.2643,0.2658,0.3468,0.3604,0.3754,0.2162,0.2979
197,0.2162,0.3754,0.2538,0.3589,0.2387,0.2988,0.2643,0.2658,0.3468,0.3604,0.3754,0.2162,0.2979
198,0.2162,0.3754,0.2538,0.3589,0.2387,0.2988,0.2643,0.2658,0.3468,0.3604,0.3754,0.2162,0.2979
199,0.2162,0.3754,0.2538,0.3589,0.2387,0.2988,0.2643,0.2658,0.3468,0.3604,0.3754,0.2162,0.2979
200,0.2162,0.3754,0.2538,0.3589,0.2387,0.2988,0.2643,0.2658,0.3468,0.3604,0.3754,0.2162,0.2979
201,0.2162,0.3754,0.2538,0.3589,0.2387,0.2988,0.2643,0.2658,0.3468,0.3604,0.3754,0.2162,0.2979
202,0.2162,0.3754,0.2538,0.3589,0.2387,0.2988,0.2643,0.2658,0.3468,0.3604,0.3754,0.2162,0.2979
203,0.2162,0.3754,0.2538,0.3589,0.2387,0.3018,0.2643,0.2658,0.3468,0.3604,0.3754,0.2162,0.2982
204,0.2162,0.3754,0.2538,0.3589,0.2387,0.3018,0.2643,0.2658,0.3468,0.3604,0.3754,0.2162,0.2982
205,0.2162,0.3754,0.2538,0.3589,0.2387,0.3018,0.2643,0.2658,0.3468,0.3604,0.3754,0.2162,0.2982
206,0.2162,0.3754,0.2538,0.3589,0.2387,0.3018,0.2643,0.2658,0.3468,0.3604,0.3754,0.2162,0.2982
207,0.2162,0.3754,0.2538,0.3589,0.2387,0.3018,0.2643,0.2658,0.3468,0.3604,0.3754,0.2162,0.2982
208,0.2162,0.3754,0.2538,0.3589,0.2387,0.3018,0.2643,0.2658,0.3468,0.3604,0.3754,0.2162,0.2982
209,0.2162,0.3754,0.2538,0.3589,0.2387,0.3018,0.2643,0.2658,0.3468,0.3604,0.3754,0.2162,0.2982
210,0.2162,0.3754,0.2538,0.3589,0.2387,0.3018,0.2643,0.2658,0.3468,0.3604,0.3754,0.2162,0.2982
211,0.2162,0.3754,0.2538,0.3589,0.2387,0.3018,0.2643,0.2658,0.3468,0.3604,0.3754,0.2162,0.2982
212,0.2162,0.3754,0.2538,0.3589,0.2387,0.3018,0.2643,0.2658,0.3468,0.3604,0.3754,0.2162,0.2982
213,0.2162,0.3754,0.2538,0.3589,0.2387,0.3018,0.2643,0.2658,0.3468,0.3604,0.3754,0.2162,0.2982
214,0.2162,0.3754,0.2538,0.3589,0.2387,0.3018,0.2643,0.2658,0.3468,0.3604,0.3754,0.2162,0.2982
215,0.2162,0.3754,0.2538,0.3589,0.2387,0.3018,0.2643,0.2658,0.3468,0.3604,0.3754,0.2162,0.2982
216,0.2162,0.3754,0.2538,0.3589,0.2387,0.3018,0.2643,0.2658,0.3468,0.3604,0.3754,0.2162,0.2982
217,0.2162,0.3754,0.2538,0.3589,0.2387,0.3018,0.2643,0.2658,0.3468,0.3604,0.3754,0.2162,0.2982
218,0.2162,0.3754,0.2538,0.3589,0.2387,0.3018,0.2643,0.2658,0.3468,0.3604,0.3754,0.2162,0.2982
219,0.2162,0.3754,0.2538,0.3589,0.2387,0.3018,0.2643,0.2658,0.3468,0.3604,0.3754,0.2162,0.2982
220,0.2162,0.3754,0.2538,0.3589,0.2387,0.3018,0.2643,0.2658,0.3468,0.3604,0.3754,0.2162,0.2982
221,0.2162,0.3754,0.2538,0.3589,0.2387,0.3033,0.2643,0.2658,0.3468,0.3604,0.3754,0.2162,0.2984
222,0.2162,0.3754,0.2538,0.3589,0.2387,0.3033,0.2643,0.2658,0.3468,0.3604,0.3754,0.2162,0.2984
223,0.2162,0.3754,0.2538,0.3589,0.2387,0.3033,0.2643,0.2658,0.3468,0.3604,0.3754,0.2162,0.2984
224,0.2162,0.3754,0.2538,0.3589,0.2387,0.3033,0.2658,0.2658,0.3468,0.3604,0.3754,0.2162,0.2985
225,0.2162,0.3754,0.2538,0.3589,0.2387,0.3033,0.2658,0.2658,0.3468,0.3604,0.3754,0.2162,0.2985
226,0.2162,0.3754,0.2538,0.3589,0.2387,0.3033,0.2658,0.2658,0.3468,0.3604,0.3754,0.2162,0.2985
227,0.2162,0.3754,0.2538,0.3589,0.2387,0.3033,0.2658,0.2658,0.3468,0.3604,0.3754,0.2162,0.2985
228,0.2162,0.3754,0.2538,0.3589,0.2387,0.3033,0.2658,0.2658,0.3468,0.3604,0.3754,0.2162,0.2985
229,0.2162,0.3754,0.2538,0.3589,0.2387,0.3033,0.2658,0.2658,0.3468,0.3604,0.3754,0.2162,0.2985
230,0.2162,0.3754,0.2538,0.3589,0.2387,0.3033,0.2658,0.2658,0.3468,0.3604,0.3754,0.2162,0.2985
231,0.2162,0.3754,0.2538,0.3589,0.2387,0.3033,0.2658,0.2658,0.3468,0.3604,0.3754,0.2162,0.2985
232,0.2162,0.3754,0.2538,0.3589,0.2387,0.3033,0.2658,0.2658,0.3468,0.3604,0.3754,0.2162,0.2985
233,0.2162,0.3754,0.2538,0.3589,0.2387,0.3033,0.2658,0.2658,0.3468,0.3604,0.3754,0.2162,0.2985
234,0.2162,0.3754,0.2538,0.3589,0.2387,0.3033,0.2658,0.2658,0.3468,0.3604,0.3754,0.2162,0.2985
235,0.2162,0.3754,0.2538,0.3589,0.2387,0.3033,0.2658,0.2658,0.3468,0.3604,0.3754,0.2162,0.2985
236,0.2162,0.3754,0.2538,0.3589,0.2387,0.3033,0.2658,0.2658,0.3468,0.3604,0.3754,0.2162,0.2985
237,0.2162,0.3754,0.2538,0.3589,0.2387,0.3033,0.2658,0.2658,0.3468,0.3604,0.3754,0.2162,0.2985
238,0.2162,0.3754,0.2538,0.3589,0.2387,0.3033,0.2658,0.2658,0.3468,0.3604,0.3754,0.2162,0.2985
239,0.2162,0.3754,0.2538,0.3589,0.2387,0.3033,0.2658,0.2658,0.3468,0.3604,0.3754,0.2162,0.2985
240,0.2162,0.3754,0.2538,0.3589,0.2447,0.3033,0.2658,0.2658,0.3468,0.3604,0.3754,0.2162,0.2991
241,0.2162,0.3754,0.2538,0.3589,0.2447,0.3033,0.2658,0.2658,0.3468,0.3604,0.3754,0.2162,0.2991
242,0.2162,0.3754,0.2538,0.3589,0.2447,0.3033,0.2658,0.2658,0.3468,0.3604,0.3754,0.2162,0.2991
243,0.2162,0.3754,0.2538,0.3589,0.2447,0.3033,0.2658,0.2658,0.3468,0.3604,0.3754,0.2162,0.2991
244,0.2162,0.3754,0.2538,0.3589,0.3303,0.3033,0.2658,0.2658,0.3468,0.3604,0.3754,0.2162,0.3077
245,0.2162,0.3754,0.2538,0.3589,0.3619,0.3033,0.2658,0.2658,0.3468,0.3604,0.3754,0.2162,0.3108
246,0.2162,0.3754,0.2538,0.3589,0.3694,0.3033,0.2658,0.2658,0.3468,0.3604,0.3754,0.2162,0.3116
247,0.2162,0.3754,0.2538,0.3589,0.3739,0.3033,0.2658,0.2658,0.3468,0.3604,0.3754,0.2162,0.312
248,0.2162,0.3754,0.2538,0.3589,0.3739,0.3033,0.2658,0.2658,0.3468,0.3604,0.3754,0.2162,0.312
250,0.2162,0.3754,0.2538,0.3589,0.3739,0.3033,0.2658,0.2658,0.3468,0.3604,0.3754,0.2162,0.312
251,0.2162,0.3754,0.2538,0.3589,0.3739,0.3033,0.2658,0.2658,0.3468,0.3604,0.3754,0.2162,0.312
252,0.2162,0.3754,0.2538,0.3589,0.3739,0.3033,0.2658,0.2658,0.3468,0.3604,0.3754,0.2162,0.312
253,0.2162,0.3754,0.2538,0.3589,0.3739,0.3033,0.2658,0.2658,0.3468,0.3604,0.3754,0.2162,0.312
254,0.2162,0.3754,0.2538,0.3589,0.3739,0.3033,0.2658,0.2658,0.3468,0.3604,0.3754,0.2162,0.312
255,0.2162,0.3754,0.2538,0.3589,0.3739,0.3033,0.2658,0.2658,0.3468,0.3604,0.3754,0.2162,0.312
256,0.2162,0.3754,0.2538,0.3589,0.3739,0.3033,0.2658,0.2658,0.3468,0.3604,0.3754,0.2162,0.312
257,0.2162,0.3754,0.2538,0.3589,0.3739,0.3033,0.2658,0.2658,0.3468,0.3604,0.3754,0.2162,0.312
258,0.2162,0.3754,0.2538,0.3589,0.3739,0.3033,0.2658,0.2658,0.3468,0.3604,0.3754,0.2162,0.312
259,0.2162,0.3754,0.2538,0.3589,0.3739,0.3033,0.2658,0.2658,0.3468,0.3604,0.3754,0.2162,0.312
260,0.2162,0.3754,0.2538,0.3589,0.3739,0.3033,0.2658,0.2658,0.3468,0.3604,0.3754,0.2162,0.312
261,0.2162,0.3754,0.2538,0.3589,0.3739,0.3033,0.2658,0.2658,0.3468,0.3604,0.3754,0.2162,0.312
262,0.2162,0.3754,0.2538,0.3589,0.3739,0.3033,0.2658,0.2658,0.3468,0.3604,0.3754,0.2162,0.312
263,0.2162,0.3754,0.2538,0.3589,0.3739,0.3033,0.2658,0.2658,0.3468,0.3604,0.3754,0.2162,0.312
264,0.2162,0.3754,0.2538,0.3589,0.3739,0.3033,0.2658,0.2658,0.3468,0.3604,0.3754,0.2162,0.312
265,0.2162,0.3754,0.2538,0.3589,0.3739,0.3063,0.2658,0.2658,0.3468,0.3604,0.3754,0.2162,0.3123
266,0.2162,0.3754,0.2538,0.3589,0.3739,0.3063,0.2658,0.2658,0.3468,0.3604,0.3754,0.2162,0.3123
267,0.2162,0.3754,0.2538,0.3589,0.3739,0.3063,0.2658,0.2658,0.3468,0.3604,0.3754,0.2162,0.3123
268,0.2162,0.3754,0.2538,0.3589,0.3739,0.3063,0.2658,0.2658,0.3468,0.3604,0.3754,0.2162,0.3123
269,0.2162,0.3754,0.2538,0.3589,0.3739,0.3063,0.2658,0.2658,0.3468,0.3604,0.3754,0.2162,0.3123
270,0.2162,0.3754,0.2538,0.3589,0.3739,0.3063,0.2658,0.2658,0.3468,0.3604,0.3754,0.2162,0.3123
271,0.2162,0.3754,0.2538,0.3589,0.3739,0.3063,0.2658,0.2658,0.3468,0.3604,0.3754,0.2162,0.3123
272,0.2162,0.3754,0.2538,0.3589,0.3739,0.3063,0.2658,0.2658,0.3468,0.3604,0.3754,0.2162,0.3123
273,0.2162,0.3754,0.2538,0.3589,0.3739,0.3063,0.2658,0.2658,0.3468,0.3604,0.3754,0.2162,0.3123
274,0.2162,0.3754,0.2538,0.3589,0.3739,0.3063,0.2658,0.2658,0.3468,0.3604,0.3754,0.2162,0.3123
275,0.2162,0.3754,0.2538,0.3589,0.3739,0.3063,0.2658,0.2658,0.3468,0.3604,0.3754,0.2162,0.3123
276,0.2162,0.3754,0.2538,0.3589,0.3739,0.3063,0.2658,0.2658,0.3468,0.3604,0.3754,0.2162,0.3123
277,0.2162,0.3754,0.2538,0.3589,0.3739,0.3063,0.2658,0.2658,0.3468,0.3604,0.3754,0.2162,0.3123
278,0.2162,0.3754,0.2538,0.3589,0.3739,0.3063,0.2658,0.2658,0.3468,0.3604,0.3754,0.2162,0.3123
279,0.2162,0.3754,0.2538,0.3589,0.3739,0.3063,0.2658,0.2658,0.3468,0.3604,0.3754,0.2162,0.3123
280,0.2162,0.3754,0.2538,0.3589,0.3739,0.3063,0.2658,0.2658,0.3468,0.3604,0.3754,0.2162,0.3123
281,0.2162,0.3754,0.2538,0.3589,0.3739,0.3063,0.2658,0.2658,0.3468,0.3604,0.3754,0.2162,0.3123
282,0.2162,0.3754,0.2538,0.3589,0.3739,0.3063,0.2658,0.2658,0.3468,0.3604,0.3754,0.2162,0.3123
283,0.2162,0.3754,0.2538,0.3589,0.3739,0.3063,0.2658,0.2658,0.3468,0.3604,0.3754,0.2162,0.3123
284,0.2162,0.3754,0.2538,0.3589,0.3739,0.3063,0.2658,0.2658,0.3468,0.3604,0.3754,0.2162,0.3123
285,0.2162,0.3754,0.2538,0.3589,0.3739,0.3063,0.2658,0.2658,0.3468,0.3604,0.3754,0.2162,0.3123
286,0.2162,0.3754,0.2538,0.3589,0.3739,0.3063,0.2658,0.2658,0.3468,0.3604,0.3754,0.2162,0.3123
287,0.2162,0.3754,0.2538,0.3589,0.3739,0.3063,0.2658,0.2658,0.3468,0.3604,0.3754,0.2162,0.3123
288,0.2162,0.3754,0.2538,0.3589,0.3739,0.3063,0.2658,0.2658,0.3468,0.3604,0.3754,0.2162,0.3123
289,0.2162,0.3754,0.2538,0.3589,0.3739,0.3063,0.2658,0.2658,0.3468,0.3604,0.3754,0.2162,0.3123
290,0.2162,0.3754,0.2538,0.3589,0.3739,0.3063,0.2658,0.2658,0.3468,0.3604,0.3754,0.2162,0.3123
291,0.2162,0.3754,0.2538,0.3589,0.3739,0.3063,0.2658,0.2658,0.3468,0.3604,0.3754,0.2162,0.3123
292,0.2162,0.3754,0.2538,0.3589,0.3739,0.3063,0.2658,0.2658,0.3468,0.3604,0.3754,0.2162,0.3123
293,0.2162,0.3754,0.2538,0.3589,0.3739,0.3063,0.2658,0.2658,0.3468,0.3604,0.3754,0.2162,0.3123
294,0.2162,0.3754,0.2538,0.3589,0.3739,0.3063,0.2658,0.2658,0.3468,0.3604,0.3754,0.2162,0.3123
295,0.2162,0.3754,0.2538,0.3589,0.3739,0.3063,0.2658,0.2658,0.3468,0.3604,0.3754,0.2162,0.3123
296,0.2162,0.3754,0.2538,0.3589,0.3739,0.3063,0.2658,0.2658,0.3468,0.3604,0.3754,0.2162,0.3123
297,0.2162,0.3754,0.2538,0.3589,0.3739,0.3063,0.2658,0.2658,0.3468,0.3604,0.3754,0.2162,0.3123
298,0.2162,0.3754,0.2538,0.3589,0.3739,0.3063,0.2658,0.2658,0.3468,0.3604,0.3754,0.2162,0.3123
299,0.2162,0.3754,0.2538,0.3589,0.3739,0.3063,0.2658,0.2658,0.3468,0.3604,0.3754,0.2162,0.3123
300,0.2162,0.3754,0.2538,0.3589,0.3739,0.3063,0.2658,0.2658,0.3468,0.3604,0.3754,0.2162,0.3123
301,0.2162,0.3754,0.2538,0.3589,0.3739,0.3063,0.2658,0.2658,0.3468,0.3604,0.3754,0.2162,0.3123
302,0.2162,0.3754,0.2538,0.3589,0.3739,0.3063,0.2658,0.2658,0.3468,0.3604,0.3754,0.2162,0.3123
303,0.2162,0.3754,0.2538,0.3589,0.3739,0.3063,0.2658,0.2658,0.3468,0.3604,0.3754,0.2162,0.3123
304,0.2162,0.3754,0.2538,0.3589,0.3739,0.3063,0.2658,0.2658,0.3468,0.3604,0.3754,0.2162,0.3123
305,0.2162,0.3754,0.2538,0.3589,0.3739,0.3063,0.2658,0.2658,0.3468,0.3604,0.3754,0.2162,0.3123
306,0.2162,0.3754,0.2538,0.3589,0.3739,0.3063,0.2658,0.2658,0.3468,0.3604,0.3754,0.2162,0.3123
307,0.2162,0.3754,0.2538,0.3589,0.3739,0.3063,0.2658,0.2658,0.3468,0.3604,0.3754,0.2162,0.3123
308,0.2162,0.3754,0.2538,0.3589,0.3739,0.3063,0.2658,0.2658,0.3468,0.3604,0.3754,0.2162,0.3123
309,0.2162,0.3754,0.2538,0.3589,0.3739,0.3063,0.2658,0.2658,0.3468,0.3604,0.3754,0.2162,0.3123
310,0.2162,0.3754,0.2538,0.3589,0.3739,0.3063,0.2658,0.2658,0.3468,0.3604,0.3754,0.2162,0.3123
311,0.2162,0.3754,0.2538,0.3589,0.3739,0.3063,0.2658,0.2658,0.3468,0.3604,0.3754,0.2162,0.3123
312,0.2162,0.3754,0.2538,0.3589,0.3739,0.3063,0.2658,0.2658,0.3468,0.3604,0.3754,0.2162,0.3123
313,0.2162,0.3754,0.2538,0.3589,0.3739,0.3063,0.2658,0.2658,0.3468,0.3604,0.3754,0.2162,0.3123
314,0.2162,0.3754,0.2538,0.3589,0.3739,0.3063,0.2658,0.2658,0.3468,0.3604,0.3754,0.2162,0.3123
315,0.2162,0.3754,0.2538,0.3589,0.3739,0.3063,0.2658,0.2658,0.3468,0.3604,0.3754,0.2162,0.3123
316,0.2162,0.3754,0.2538,0.3589,0.3739,0.3063,0.2658,0.2658,0.3468,0.3604,0.3754,0.2162,0.3123
317,0.2162,0.3754,0.2538,0.3589,0.3739,0.3063,0.2658,0.2658,0.3468,0.3604,0.3754,0.2162,0.3123
318,0.2162,0.3754,0.2538,0.3589,0.3739,0.3063,0.2658,0.2658,0.3468,0.3604,0.3754,0.2162,0.3123
319,0.2162,0.3754,0.2538,0.3589,0.3739,0.3063,0.2658,0.2658,0.3468,0.3604,0.3754,0.2162,0.3123
320,0.2162,0.3754,0.2538,0.3589,0.3739,0.3063,0.2658,0.2658,0.3468,0.3604,0.3754,0.2162,0.3123
321,0.2162,0.3754,0.2538,0.3589,0.3739,0.3063,0.2658,0.2658,0.3468,0.3604,0.3754,0.2162,0.3123
322,0.2162,0.3754,0.2538,0.3589,0.3739,0.3063,0.2658,0.2658,0.3468,0.3604,0.3754,0.2162,0.3123
323,0.2162,0.3754,0.2538,0.3589,0.3739,0.3063,0.2658,0.2658,0.3468,0.3604,0.3754,0.2162,0.3123
324,0.2162,0.3754,0.2538,0.3589,0.3739,0.3063,0.2658,0.2658,0.3468,0.3604,0.3754,0.2162,0.3123
325,0.2162,0.3754,0.2538,0.3589,0.3739,0.3063,0.2658,0.2658,0.3468,0.3604,0.3754,0.2162,0.3123
326,0.2162,0.3754,0.2538,0.3589,0.3739,0.3063,0.2658,0.2658,0.3468,0.3604,0.3754,0.2162,0.3123
327,0.2162,0.3754,0.2538,0.3589,0.3739,0.3063,0.2658,0.2658,0.3468,0.3604,0.3754,0.2162,0.3123
328,0.2162,0.3754,0.2538,0.3589,0.3739,0.3063,0.2658,0.2658,0.3468,0.3604,0.3754,0.2162,0.3123
329,0.2162,0.3754,0.2538,0.3589,0.3739,0.3063,0.2853,0.2658,0.3468,0.3604,0.3754,0.2162,0.3143
330,0.2162,0.3754,0.2538,0.3589,0.3739,0.3063,0.2853,0.2658,0.3468,0.3604,0.3754,0.2162,0.3143
331,0.2162,0.3754,0.2538,0.3589,0.3739,0.3063,0.2853,0.2658,0.3468,0.3604,0.3754,0.2162,0.3143
332,0.2162,0.3754,0.2538,0.3589,0.3739,0.3063,0.2853,0.2658,0.3468,0.3604,0.3754,0.2162,0.3143
333,0.2162,0.3754,0.2538,0.3589,0.3739,0.3063,0.2853,0.2658,0.3468,0.3604,0.3754,0.2162,0.3143
334,0.2162,0.3754,0.2538,0.3589,0.3739,0.3063,0.2853,0.2658,0.3468,0.3604,0.3754,0.2162,0.3143
335,0.2162,0.3754,0.2538,0.3589,0.3739,0.3063,0.2853,0.2658,0.3468,0.3604,0.3754,0.2162,0.3143
336,0.2162,0.3754,0.2538,0.3589,0.3739,0.3063,0.2853,0.2658,0.3468,0.3604,0.3754,0.2162,0.3143
337,0.2162,0.3754,0.2538,0.3589,0.3739,0.3063,0.2853,0.2658,0.3468,0.3604,0.3754,0.2162,0.3143
338,0.2162,0.3754,0.2538,0.3589,0.3739,0.3063,0.2853,0.2658,0.3468,0.3604,0.3754,0.2162,0.3143
339,0.2162,0.3754,0.2538,0.3589,0.3739,0.3063,0.2853,0.2658,0.3468,0.3604,0.3754,0.2162,0.3143
340,0.2162,0.3754,0.2538,0.3589,0.3739,0.3093,0.2853,0.2658,0.3468,0.3604,0.3754,0.2162,0.3146
341,0.2162,0.3754,0.2538,0.3589,0.3739,0.3093,0.2853,0.2658,0.3468,0.3604,0.3754,0.2162,0.3146
342,0.2162,0.3754,0.2538,0.3589,0.3739,0.3093,0.2898,0.2658,0.3468,0.3604,0.3754,0.2162,0.315
343,0.2162,0.3754,0.2538,0.3589,0.3739,0.3093,0.2898,0.2658,0.3468,0.3604,0.3754,0.2162,0.315
344,0.2162,0.3754,0.2538,0.3589,0.3739,0.3093,0.2898,0.2658,0.3468,0.3604,0.3754,0.2162,0.315
345,0.2162,0.3754,0.2538,0.3589,0.3739,0.3093,0.2898,0.2658,0.3468,0.3604,0.3754,0.2162,0.315
346,0.2162,0.3754,0.2538,0.3589,0.3739,0.3093,0.2898,0.2658,0.3468,0.3604,0.3754,0.2162,0.315
347,0.2162,0.3754,0.2538,0.3589,0.3739,0.3093,0.2898,0.2658,0.3468,0.3604,0.3754,0.2162,0.315
348,0.2162,0.3754,0.2538,0.3589,0.3739,0.3093,0.2898,0.2658,0.3468,0.3604,0.3754,0.2162,0.315
349,0.2162,0.3754,0.2538,0.3589,0.3739,0.3093,0.2898,0.2658,0.3468,0.3604,0.3754,0.2162,0.315
350,0.2162,0.3754,0.2538,0.3589,0.3739,0.3093,0.2898,0.2658,0.3468,0.3604,0.3754,0.2162,0.315
351,0.2162,0.3754,0.2538,0.3589,0.3739,0.3093,0.2898,0.2658,0.3468,0.3604,0.3754,0.2162,0.315
352,0.2162,0.3754,0.2538,0.3589,0.3739,0.3093,0.2898,0.2658,0.3468,0.3604,0.3754,0.2162,0.315
353,0.2162,0.3754,0.2538,0.3589,0.3739,0.3093,0.2898,0.2658,0.3468,0.3604,0.3754,0.2162,0.315
354,0.2162,0.3754,0.2538,0.3589,0.3739,0.3093,0.2898,0.2658,0.3468,0.3604,0.3754,0.2162,0.315
355,0.2162,0.3754,0.2538,0.3589,0.3739,0.3093,0.2898,0.2658,0.3468,0.3604,0.3754,0.2162,0.315
356,0.2162,0.3754,0.2538,0.3589,0.3739,0.3093,0.2898,0.2658,0.3468,0.3604,0.3754,0.2162,0.315
357,0.2162,0.3754,0.2538,0.3589,0.3739,0.3093,0.2898,0.2658,0.3468,0.3604,0.3754,0.2162,0.315
358,0.2162,0.3754,0.2538,0.3589,0.3739,0.3093,0.2898,0.2658,0.3468,0.3604,0.3754,0.2162,0.315
359,0.2162,0.3754,0.2538,0.3589,0.3739,0.3093,0.2898,0.2658,0.3468,0.3604,0.3754,0.2162,0.315
360,0.2162,0.3754,0.2538,0.3589,0.3739,0.3093,0.2898,0.2658,0.3468,0.3604,0.3754,0.2162,0.315
361,0.2162,0.3754,0.2538,0.3589,0.3739,0.3093,0.2898,0.2658,0.3468,0.3604,0.3754,0.2162,0.315
362,0.2162,0.3754,0.2538,0.3589,0.3739,0.3093,0.2898,0.2658,0.3468,0.3604,0.3754,0.2162,0.315
363,0.2162,0.3754,0.2538,0.3589,0.3739,0.3093,0.2898,0.2658,0.3468,0.3604,0.3754,0.2162,0.315
364,0.2162,0.3754,0.2538,0.3589,0.3739,0.3108,0.2898,0.2658,0.3468,0.3604,0.3754,0.2162,0.3152
365,0.2162,0.3754,0.2538,0.3589,0.3739,0.3108,0.2898,0.2658,0.3468,0.3604,0.3754,0.2162,0.3152
366,0.2162,0.3754,0.2538,0.3589,0.3739,0.3273,0.2898,0.2658,0.3468,0.3604,0.3754,0.2162,0.3168
367,0.2162,0.3754,0.2538,0.3589,0.3739,0.3348,0.2898,0.2658,0.3468,0.3604,0.3754,0.2162,0.3176
368,0.2162,0.3754,0.2538,0.3589,0.3739,0.3348,0.2898,0.2658,0.3468,0.3604,0.3754,0.2162,0.3176
369,0.2162,0.3754,0.2538,0.3589,0.3739,0.3363,0.2898,0.2658,0.3468,0.3604,0.3754,0.2162,0.3177
370,0.2162,0.3754,0.2538,0.3589,0.3739,0.3363,0.2898,0.2658,0.3468,0.3604,0.3754,0.2162,0.3177
371,0.2162,0.3754,0.2538,0.3589,0.3739,0.3363,0.2898,0.2658,0.3468,0.3604,0.3754,0.2162,0.3177
372,0.2162,0.3754,0.2538,0.3589,0.3739,0.3363,0.2898,0.2658,0.3468,0.3604,0.3754,0.2162,0.3177
373,0.2162,0.3754,0.2538,0.3589,0.3739,0.3363,0.2898,0.2658,0.3468,0.3604,0.3754,0.2162,0.3177
374,0.2162,0.3754,0.2538,0.3589,0.3739,0.3363,0.2898,0.2658,0.3468,0.3604,0.3754,0.2162,0.3177
375,0.2162,0.3754,0.2538,0.3589,0.3739,0.3363,0.2898,0.2658,0.3468,0.3604,0.3754,0.2162,0.3177
376,0.2162,0.3754,0.2538,0.3589,0.3739,0.3363,0.2898,0.2658,0.3468,0.3604,0.3754,0.2162,0.3177
377,0.2162,0.3754,0.2538,0.3589,0.3739,0.3363,0.2898,0.2658,0.3468,0.3604,0.3754,0.2162,0.3177
378,0.2162,0.3754,0.2538,0.3589,0.3739,0.3363,0.2898,0.2658,0.3468,0.3604,0.3754,0.2162,0.3177
379,0.2162,0.3754,0.2538,0.3589,0.3739,0.3363,0.2898,0.2658,0.3468,0.3604,0.3754,0.2162,0.3177
380,0.2162,0.3754,0.2538,0.3589,0.3739,0.3363,0.2898,0.2658,0.3468,0.3604,0.3754,0.2162,0.3177
381,0.2162,0.3754,0.2538,0.3589,0.3739,0.3363,0.2898,0.2658,0.3468,0.3604,0.3754,0.2162,0.3177
382,0.2162,0.3754,0.2538,0.3589,0.3739,0.3363,0.2898,0.2658,0.3468,0.3604,0.3754,0.2162,0.3177
383,0.2162,0.3754,0.2538,0.3589,0.3739,0.3363,0.2898,0.2658,0.3468,0.3604,0.3754,0.2162,0.3177
384,0.2162,0.3754,0.2538,0.3589,0.3739,0.3363,0.2898,0.2658,0.3468,0.3604,0.3754,0.2162,0.3177
385,0.2162,0.3754,0.2538,0.3589,0.3739,0.3363,0.2898,0.2658,0.3468,0.3604,0.3754,0.2162,0.3177
386,0.2162,0.3754,0.2538,0.3589,0.3739,0.3363,0.2898,0.2658,0.3468,0.3604,0.3754,0.2162,0.3177
387,0.2162,0.3754,0.2538,0.3589,0.3739,0.3363,0.2898,0.2658,0.3468,0.3604,0.3754,0.2162,0.3177
388,0.2162,0.3754,0.2538,0.3589,0.3739,0.3363,0.2898,0.2658,0.3468,0.3604,0.3754,0.2162,0.3177
389,0.2162,0.3754,0.2538,0.3589,0.3739,0.3363,0.2898,0.2658,0.3468,0.3604,0.3754,0.2162,0.3177
390,0.2162,0.3754,0.2538,0.3589,0.3739,0.3363,0.2898,0.2658,0.3468,0.3604,0.3754,0.2162,0.3177
391,0.2162,0.3754,0.2538,0.3589,0.3739,0.3363,0.2898,0.2658,0.3468,0.3604,0.3754,0.2162,0.3177
392,0.2162,0.3754,0.2538,0.3589,0.3739,0.3363,0.2898,0.2658,0.3468,0.3604,0.3754,0.2162,0.3177
393,0.2162,0.3754,0.2538,0.3589,0.3739,0.3363,0.2898,0.2658,0.3468,0.3604,0.3754,0.2162,0.3177
394,0.2162,0.3754,0.2538,0.3589,0.3739,0.3363,0.2898,0.2658,0.3468,0.3604,0.3754,0.2162,0.3177
395,0.2162,0.3754,0.2538,0.3589,0.3739,0.3363,0.2898,0.2658,0.3468,0.3604,0.3754,0.2162,0.3177
396,0.2162,0.3754,0.2538,0.3589,0.3739,0.3363,0.2898,0.2658,0.3468,0.3604,0.3754,0.2162,0.3177
397,0.2162,0.3754,0.2538,0.3589,0.3739,0.3363,0.2898,0.2658,0.3468,0.3604,0.3754,0.2162,0.3177
398,0.2162,0.3754,0.2538,0.3589,0.3739,0.3363,0.2898,0.2658,0.3468,0.3604,0.3754,0.2162,0.3177
399,0.2162,0.3754,0.2538,0.3589,0.3739,0.3363,0.2898,0.2658,0.3468,0.3604,0.3754,0.2162,0.3177
400,0.2162,0.3754,0.2538,0.3589,0.3739,0.3363,0.2898,0.2658,0.3468,0.3604,0.3754,0.2162,0.3177
401,0.2162,0.3754,0.2538,0.3589,0.3739,0.3363,0.3078,0.2658,0.3468,0.3604,0.3754,0.2162,0.3195
402,0.2162,0.3754,0.2538,0.3589,0.3739,0.3363,0.3078,0.2658,0.3468,0.3604,0.3754,0.2162,0.3195
403,0.2162,0.3754,0.2538,0.3589,0.3739,0.3363,0.3078,0.2658,0.3468,0.3604,0.3754,0.2162,0.3195
404,0.2162,0.3754,0.2538,0.3589,0.3739,0.3363,0.3078,0.2658,0.3468,0.3604,0.3754,0.2162,0.3195
405,0.2162,0.3754,0.2538,0.3589,0.3739,0.3363,0.3078,0.2658,0.3468,0.3604,0.3754,0.2162,0.3195
406,0.2162,0.3754,0.2538,0.3589,0.3739,0.3363,0.3078,0.2658,0.3468,0.3604,0.3754,0.2162,0.3195
407,0.2162,0.3754,0.2538,0.3589,0.3739,0.3363,0.3078,0.2658,0.3468,0.3604,0.3754,0.2162,0.3195
408,0.2162,0.3754,0.2538,0.3589,0.3739,0.3363,0.3078,0.2658,0.3468,0.3604,0.3754,0.2162,0.3195
409,0.2162,0.3754,0.2538,0.3589,0.3739,0.3363,0.3078,0.2658,0.3468,0.3604,0.3754,0.2162,0.3195
410,0.2162,0.3754,0.2538,0.3589,0.3739,0.3363,0.3078,0.2658,0.3468,0.3604,0.3754,0.2162,0.3195
411,0.2162,0.3754,0.2538,0.3589,0.3739,0.3363,0.3078,0.2658,0.3468,0.3604,0.3754,0.2162,0.3195
412,0.2162,0.3754,0.2538,0.3589,0.3739,0.3363,0.3078,0.2658,0.3468,0.3604,0.3754,0.2162,0.3195
413,0.2162,0.3754,0.2538,0.3589,0.3739,0.3363,0.3078,0.2658,0.3468,0.3604,0.3754,0.2162,0.3195
414,0.2162,0.3754,0.2538,0.3589,0.3739,0.3363,0.3078,0.2658,0.3468,0.3604,0.3754,0.2162,0.3195
415,0.2162,0.3754,0.2538,0.3589,0.3739,0.3378,0.3078,0.2658,0.3468,0.3604,0.3754,0.2162,0.3197
416,0.2162,0.3754,0.2538,0.3589,0.3739,0.3378,0.3078,0.2658,0.3468,0.3604,0.3754,0.2162,0.3197
417,0.2162,0.3754,0.2538,0.3589,0.3739,0.3378,0.3108,0.2658,0.3468,0.3604,0.3754,0.2162,0.32
418,0.2162,0.3754,0.2538,0.3589,0.3739,0.3378,0.3108,0.2658,0.3468,0.3604,0.3754,0.2162,0.32
419,0.2162,0.3754,0.2538,0.3589,0.3739,0.3378,0.3108,0.2658,0.3468,0.3604,0.3754,0.2162,0.32
420,0.2162,0.3754,0.2538,0.3589,0.3739,0.3378,0.3108,0.2658,0.3468,0.3604,0.3754,0.2162,0.32
421,0.2162,0.3754,0.2538,0.3589,0.3739,0.3378,0.3108,0.2658,0.3468,0.3604,0.3754,0.2162,0.32
422,0.2162,0.3754,0.2538,0.3589,0.3739,0.3378,0.3108,0.2658,0.3468,0.3604,0.3754,0.2162,0.32
423,0.2162,0.3754,0.2538,0.3589,0.3739,0.3378,0.3108,0.2658,0.3468,0.3604,0.3754,0.2162,0.32
424,0.2162,0.3754,0.2538,0.3589,0.3739,0.3378,0.3108,0.2658,0.3468,0.3604,0.3754,0.2162,0.32
425,0.2162,0.3754,0.2538,0.3589,0.3739,0.3378,0.3108,0.2658,0.3468,0.3604,0.3754,0.2162,0.32
426,0.2162,0.3754,0.2538,0.3589,0.3739,0.3378,0.3108,0.2658,0.3468,0.3604,0.3754,0.2162,0.32
427,0.2162,0.3754,0.2538,0.3589,0.3739,0.3378,0.3108,0.2658,0.3468,0.3604,0.3754,0.2162,0.32
428,0.2162,0.3754,0.2538,0.3589,0.3739,0.3378,0.3108,0.2658,0.3468,0.3604,0.3754,0.2162,0.32
429,0.2162,0.3754,0.2538,0.3589,0.3739,0.3378,0.3108,0.2658,0.3468,0.3604,0.3754,0.2162,0.32
430,0.2162,0.3754,0.2538,0.3589,0.3739,0.3378,0.3108,0.2658,0.3468,0.3604,0.3754,0.2162,0.32
431,0.2162,0.3754,0.2538,0.3589,0.3739,0.3378,0.3108,0.2658,0.3468,0.3604,0.3754,0.2162,0.32
432,0.2162,0.3754,0.2538,0.3589,0.3739,0.3378,0.3108,0.2658,0.3468,0.3604,0.3754,0.2162,0.32
433,0.2162,0.3754,0.2538,0.3589,0.3739,0.3378,0.3108,0.2658,0.3468,0.3604,0.3754,0.2162,0.32
434,0.2162,0.3754,0.2538,0.3589,0.3739,0.3378,0.3108,0.2658,0.3468,0.3604,0.3754,0.2162,0.32
435,0.2162,0.3754,0.2538,0.3589,0.3739,0.3378,0.3108,0.2658,0.3468,0.3604,0.3754,0.2162,0.32
436,0.2162,0.3754,0.2538,0.3589,0.3739,0.3378,0.3108,0.2658,0.3468,0.3604,0.3754,0.2162,0.32
437,0.2162,0.3754,0.2538,0.3589,0.3739,0.3378,0.3108,0.2658,0.3468,0.3604,0.3754,0.2162,0.32
438,0.2162,0.3754,0.2538,0.3589,0.3739,0.3378,0.3108,0.2658,0.3468,0.3604,0.3754,0.2162,0.32
439,0.2162,0.3754,0.2538,0.3589,0.3739,0.3378,0.3108,0.2658,0.3468,0.3604,0.3754,0.2162,0.32
440,0.2162,0.3754,0.2538,0.3589,0.3739,0.3378,0.3108,0.2658,0.3468,0.3604,0.3754,0.2162,0.32
441,0.2162,0.3754,0.2538,0.3589,0.3739,0.3378,0.3108,0.2658,0.3468,0.3604,0.3754,0.2162,0.32
442,0.2162,0.3754,0.2538,0.3589,0.3739,0.3378,0.3108,0.2658,0.3468,0.3604,0.3754,0.2162,0.32
443,0.2162,0.3754,0.2538,0.3589,0.3739,0.3378,0.3108,0.2658,0.3468,0.3604,0.3754,0.2162,0.32
444,0.2162,0.3754,0.2538,0.3589,0.3739,0.3378,0.3108,0.2658,0.3468,0.3604,0.3754,0.2162,0.32
445,0.2162,0.3754,0.2538,0.3589,0.3739,0.3378,0.3108,0.2658,0.3468,0.3604,0.3754,0.2162,0.32
446,0.2162,0.3754,0.2538,0.3589,0.3739,0.3378,0.3108,0.2658,0.3468,0.3604,0.3754,0.2162,0.32
447,0.2162,0.3754,0.2538,0.3589,0.3739,0.3393,0.3108,0.2658,0.3468,0.3604,0.3754,0.2162,0.3201
448,0.2162,0.3754,0.2538,0.3589,0.3739,0.3393,0.3108,0.2658,0.3468,0.3604,0.3754,0.2162,0.3201
449,0.2162,0.3754,0.2538,0.3589,0.3739,0.3393,0.3108,0.2658,0.3468,0.3604,0.3754,0.2162,0.3201
450,0.2162,0.3754,0.2538,0.3589,0.3739,0.3393,0.3108,0.2658,0.3468,0.3604,0.3754,0.2162,0.3201
451,0.2162,0.3754,0.2538,0.3589,0.3739,0.3393,0.3108,0.2658,0.3468,0.3604,0.3754,0.2162,0.3201
452,0.2162,0.3754,0.2538,0.3589,0.3739,0.3393,0.3108,0.2658,0.3468,0.3604,0.3754,0.2162,0.3201
453,0.2162,0.3754,0.2538,0.3589,0.3739,0.3393,0.3108,0.2658,0.3468,0.3604,0.3754,0.2162,0.3201
454,0.2162,0.3754,0.2538,0.3589,0.3739,0.3393,0.3108,0.2658,0.3468,0.3604,0.3754,0.2162,0.3201
455,0.2162,0.3754,0.2538,0.3589,0.3739,0.3393,0.3108,0.2658,0.3468,0.3604,0.3754,0.2162,0.3201
456,0.2162,0.3754,0.2538,0.3589,0.3739,0.3393,0.3108,0.2658,0.3468,0.3604,0.3754,0.2162,0.3201
458,0.2162,0.3754,0.2538,0.3589,0.3739,0.3393,0.3108,0.2658,0.3468,0.3604,0.3754,0.2162,0.3201
459,0.2162,0.3754,0.2538,0.3589,0.3739,0.3393,0.3108,0.2658,0.3468,0.3604,0.3754,0.2162,0.3201
460,0.2162,0.3754,0.2538,0.3589,0.3739,0.3393,0.3108,0.2658,0.3468,0.3604,0.3754,0.2162,0.3201
461,0.2162,0.3754,0.2538,0.3589,0.3739,0.3393,0.3108,0.2658,0.3468,0.3604,0.3754,0.2162,0.3201
462,0.2162,0.3754,0.2538,0.3589,0.3739,0.3393,0.3108,0.2658,0.3468,0.3604,0.3754,0.2162,0.3201
463,0.2162,0.3754,0.2538,0.3589,0.3739,0.3393,0.3108,0.2658,0.3468,0.3604,0.3754,0.2162,0.3201
464,0.2162,0.3754,0.2538,0.3589,0.3739,0.3393,0.3108,0.2658,0.3468,0.3604,0.3754,0.2162,0.3201
465,0.2162,0.3754,0.2538,0.3589,0.3739,0.3393,0.3108,0.2658,0.3468,0.3604,0.3754,0.2162,0.3201
466,0.2162,0.3754,0.2538,0.3589,0.3739,0.3393,0.3108,0.2658,0.3468,0.3604,0.3754,0.2162,0.3201
467,0.2162,0.3754,0.2538,0.3589,0.3739,0.3393,0.3108,0.2658,0.3468,0.3604,0.3754,0.2162,0.3201
468,0.2162,0.3754,0.2538,0.3589,0.3739,0.3393,0.3108,0.2658,0.3468,0.3604,0.3754,0.2162,0.3201
469,0.2162,0.3754,0.2538,0.3589,0.3739,0.3393,0.3108,0.2658,0.3468,0.3604,0.3754,0.2162,0.3201
470,0.2162,0.3754,0.2538,0.3589,0.3739,0.3393,0.3108,0.2658,0.3468,0.3604,0.3754,0.2162,0.3201
471,0.2162,0.3754,0.2538,0.3589,0.3739,0.3393,0.3108,0.2658,0.3468,0.3604,0.3754,0.2162,0.3201
472,0.2162,0.3754,0.2538,0.3589,0.3739,0.3393,0.3108,0.2658,0.3468,0.3604,0.3754,0.2162,0.3201
473,0.2162,0.3754,0.2538,0.3589,0.3739,0.3393,0.3408,0.2658,0.3468,0.3604,0.3754,0.2162,0.3231
474,0.2162,0.3754,0.2538,0.3589,0.3739,0.3393,0.3408,0.2658,0.3468,0.3604,0.3754,0.2162,0.3231
475,0.2162,0.3754,0.2538,0.3589,0.3739,0.3393,0.3408,0.2658,0.3468,0.3604,0.3754,0.2162,0.3231
476,0.2162,0.3754,0.2538,0.3589,0.3739,0.3393,0.3408,0.2658,0.3468,0.3604,0.3754,0.2162,0.3231
477,0.2162,0.3754,0.2538,0.3589,0.3739,0.3393,0.3408,0.2658,0.3468,0.3604,0.3754,0.2162,0.3231
478,0.2162,0.3754,0.2538,0.3589,0.3739,0.3393,0.3408,0.2658,0.3468,0.3604,0.3754,0.2162,0.3231
479,0.2162,0.3754,0.2538,0.3589,0.3739,0.3393,0.3408,0.2658,0.3468,0.3604,0.3754,0.2162,0.3231
480,0.2162,0.3754,0.2538,0.3589,0.3739,0.3393,0.3408,0.2658,0.3468,0.3604,0.3754,0.2162,0.3231
481,0.2162,0.3754,0.2538,0.3589,0.3739,0.3393,0.3408,0.2658,0.3468,0.3604,0.3754,0.2162,0.3231
483,0.2162,0.3754,0.2538,0.3589,0.3739,0.3393,0.3408,0.2658,0.3468,0.3604,0.3754,0.2162,0.3231
484,0.2162,0.3754,0.2538,0.3589,0.3739,0.3393,0.3408,0.2658,0.3468,0.3604,0.3754,0.2162,0.3231
485,0.2162,0.3754,0.2538,0.3589,0.3739,0.3393,0.3408,0.2658,0.3468,0.3604,0.3754,0.2162,0.3231
486,0.2162,0.3754,0.2538,0.3589,0.3739,0.3393,0.3408,0.2658,0.3468,0.3604,0.3754,0.2162,0.3231
487,0.2162,0.3754,0.2538,0.3589,0.3739,0.3393,0.3408,0.2658,0.3468,0.3604,0.3754,0.2162,0.3231
488,0.2162,0.3754,0.2538,0.3589,0.3739,0.3393,0.3408,0.2658,0.3468,0.3604,0.3754,0.2162,0.3231
489,0.2162,0.3754,0.2538,0.3589,0.3739,0.3393,0.3408,0.2658,0.3468,0.3604,0.3754,0.2162,0.3231
490,0.2162,0.3754,0.2538,0.3589,0.3739,0.3393,0.3408,0.2658,0.3468,0.3604,0.3754,0.2162,0.3231
491,0.2162,0.3754,0.2538,0.3589,0.3739,0.3393,0.3408,0.2658,0.3468,0.3604,0.3754,0.2162,0.3231
492,0.2162,0.3754,0.2538,0.3589,0.3739,0.3393,0.3408,0.2658,0.3468,0.3604,0.3754,0.2162,0.3231
493,0.2162,0.3754,0.2538,0.3589,0.3739,0.3393,0.3408,0.2658,0.3468,0.3604,0.3754,0.2162,0.3231
494,0.2162,0.3754,0.2538,0.3589,0.3739,0.3393,0.3408,0.2658,0.3468,0.3604,0.3754,0.2162,0.3231
495,0.2162,0.3754,0.2538,0.3589,0.3739,0.3393,0.3408,0.2658,0.3468,0.3604,0.3754,0.2162,0.3231
496,0.2162,0.3754,0.2538,0.3589,0.3739,0.3393,0.3408,0.2658,0.3468,0.3604,0.3754,0.2162,0.3231
497,0.2162,0.3754,0.2538,0.3589,0.3739,0.3393,0.3408,0.2658,0.3468,0.3604,0.3754,0.2162,0.3231
498,0.2162,0.3754,0.2538,0.3589,0.3739,0.3393,0.3408,0.2658,0.3468,0.3604,0.3754,0.2162,0.3231
499,0.2162,0.3754,0.2538,0.3589,0.3739,0.3393,0.3408,0.2658,0.3468,0.3604,0.3754,0.2162,0.3231
500,0.2162,0.3754,0.2538,0.3589,0.3739,0.3393,0.3408,0.2658,0.3468,0.3604,0.3754,0.2162,0.3231
501,0.2162,0.3754,0.2538,0.3589,0.3739,0.3393,0.3408,0.2658,0.3468,0.3604,0.3754,0.2162,0.3231
502,0.2162,0.3754,0.2538,0.3589,0.3739,0.3393,0.3408,0.2658,0.3468,0.3604,0.3754,0.2162,0.3231
503,0.2162,0.3754,0.2538,0.3589,0.3739,0.3393,0.3408,0.2658,0.3468,0.3604,0.3754,0.2162,0.3231
504,0.2162,0.3754,0.2538,0.3589,0.3739,0.3393,0.3408,0.2658,0.3468,0.3604,0.3754,0.2162,0.3231
506,0.2162,0.3754,0.2538,0.3589,0.3739,0.3393,0.3408,0.2658,0.3468,0.3604,0.3754,0.2162,0.3231
507,0.2162,0.3754,0.2538,0.3589,0.3739,0.3393,0.3408,0.2658,0.3468,0.3604,0.3754,0.2162,0.3231
508,0.2162,0.3754,0.2538,0.3589,0.3739,0.3393,0.3408,0.2658,0.3468,0.3604,0.3754,0.2162,0.3231
509,0.2162,0.3754,0.2538,0.3589,0.3739,0.3393,0.3408,0.2658,0.3468,0.3604,0.3754,0.2162,0.3231
510,0.2162,0.3754,0.2538,0.3589,0.3739,0.3408,0.3408,0.2658,0.3468,0.3604,0.3754,0.2162,0.3233
511,0.2162,0.3754,0.2538,0.3589,0.3739,0.3408,0.3408,0.2658,0.3468,0.3604,0.3754,0.2162,0.3233
512,0.2162,0.3754,0.2538,0.3589,0.3739,0.3408,0.3408,0.2658,0.3468,0.3604,0.3754,0.2162,0.3233
513,0.2162,0.3754,0.2538,0.3589,0.3739,0.3408,0.3408,0.2658,0.3468,0.3604,0.3754,0.2162,0.3233
514,0.2162,0.3754,0.2538,0.3589,0.3739,0.3408,0.3408,0.2658,0.3468,0.3604,0.3754,0.2162,0.3233
515,0.2162,0.3754,0.2538,0.3589,0.3739,0.3408,0.3408,0.2658,0.3468,0.3604,0.3754,0.2162,0.3233
516,0.2162,0.3754,0.2538,0.3589,0.3739,0.3408,0.3408,0.2658,0.3468,0.3604,0.3754,0.2162,0.3233
517,0.2162,0.3754,0.2538,0.3589,0.3739,0.3408,0.3408,0.2658,0.3468,0.3604,0.3754,0.2162,0.3233
518,0.2162,0.3754,0.2538,0.3589,0.3739,0.3408,0.3408,0.2658,0.3468,0.3604,0.3754,0.2162,0.3233
519,0.2162,0.3754,0.2538,0.3589,0.3739,0.3408,0.3408,0.2658,0.3468,0.3604,0.3754,0.2162,0.3233
520,0.2162,0.3754,0.2538,0.3589,0.3739,0.3408,0.3408,0.2658,0.3468,0.3604,0.3754,0.2162,0.3233
521,0.2162,0.3754,0.2538,0.3589,0.3739,0.3408,0.3408,0.2658,0.3468,0.3604,0.3754,0.2162,0.3233
522,0.2162,0.3754,0.2538,0.3589,0.3739,0.3408,0.3408,0.2658,0.3468,0.3604,0.3754,0.2162,0.3233
523,0.2162,0.3754,0.2538,0.3589,0.3739,0.3408,0.3408,0.2658,0.3468,0.3604,0.3754,0.2162,0.3233
524,0.2162,0.3754,0.2538,0.3589,0.3739,0.3408,0.3408,0.2658,0.3468,0.3604,0.3754,0.2162,0.3233
525,0.2162,0.3754,0.2538,0.3589,0.3739,0.3408,0.3408,0.2658,0.3468,0.3604,0.3754,0.2162,0.3233
526,0.2162,0.3754,0.2538,0.3589,0.3739,0.3408,0.3408,0.2658,0.3468,0.3604,0.3754,0.2162,0.3233
527,0.2162,0.3754,0.2538,0.3589,0.3739,0.3408,0.3408,0.2658,0.3468,0.3604,0.3754,0.2162,0.3233
528,0.2162,0.3754,0.2538,0.3589,0.3739,0.3408,0.3408,0.2658,0.3468,0.3604,0.3754,0.2162,0.3233
529,0.2162,0.3754,0.2538,0.3589,0.3739,0.3408,0.3408,0.2658,0.3468,0.3604,0.3754,0.2162,0.3233
530,0.2162,0.3754,0.2538,0.3589,0.3739,0.3408,0.3408,0.2658,0.3468,0.3604,0.3754,0.2162,0.3233
531,0.2162,0.3754,0.2538,0.3589,0.3739,0.3408,0.3408,0.2658,0.3468,0.3604,0.3754,0.2162,0.3233
533,0.2162,0.3754,0.2538,0.3589,0.3739,0.3408,0.3408,0.2658,0.3468,0.3604,0.3754,0.2162,0.3233
534,0.2162,0.3754,0.2538,0.3589,0.3739,0.3408,0.3408,0.2658,0.3468,0.3604,0.3754,0.2162,0.3233
535,0.2162,0.3754,0.2538,0.3589,0.3739,0.3408,0.3408,0.2658,0.3468,0.3604,0.3754,0.2162,0.3233
536,0.2162,0.3754,0.2538,0.3589,0.3739,0.3408,0.3408,0.2658,0.3468,0.3604,0.3754,0.2162,0.3233
537,0.2162,0.3754,0.2538,0.3589,0.3739,0.3408,0.3408,0.2658,0.3468,0.3604,0.3754,0.2162,0.3233
538,0.2162,0.3754,0.2538,0.3589,0.3739,0.3408,0.3408,0.2658,0.3468,0.3604,0.3754,0.2162,0.3233
539,0.2162,0.3754,0.2538,0.3589,0.3739,0.3408,0.3408,0.2658,0.3468,0.3604,0.3754,0.2162,0.3233
540,0.2162,0.3754,0.2538,0.3589,0.3739,0.3408,0.3408,0.2658,0.3468,0.3604,0.3754,0.2162,0.3233
541,0.2162,0.3754,0.2538,0.3589,0.3739,0.3408,0.3408,0.2658,0.3468,0.3604,0.3754,0.2162,0.3233
542,0.2162,0.3754,0.2538,0.3589,0.3739,0.3408,0.3408,0.2658,0.3468,0.3604,0.3754,0.2162,0.3233
543,0.2162,0.3754,0.2538,0.3589,0.3739,0.3408,0.3408,0.2658,0.3468,0.3604,0.3754,0.2162,0.3233
544,0.2162,0.3754,0.2538,0.3589,0.3739,0.3408,0.3408,0.2658,0.3468,0.3604,0.3754,0.2162,0.3233
545,0.2162,0.3754,0.2538,0.3589,0.3739,0.3408,0.3408,0.2658,0.3468,0.3604,0.3754,0.2162,0.3233
546,0.2162,0.3754,0.2538,0.3589,0.3739,0.3408,0.3408,0.2658,0.3468,0.3604,0.3754,0.2162,0.3233
547,0.2162,0.3754,0.2538,0.3589,0.3739,0.3408,0.3408,0.2658,0.3468,0.3604,0.3754,0.2162,0.3233
549,0.2162,0.3754,0.2538,0.3589,0.3739,0.3408,0.3408,0.2658,0.3468,0.3604,0.3754,0.2162,0.3233
550,0.2162,0.3754,0.2538,0.3589,0.3739,0.3408,0.3408,0.2658,0.3468,0.3604,0.3754,0.2162,0.3233
551,0.2162,0.3754,0.2538,0.3589,0.3739,0.3408,0.3408,0.2658,0.3468,0.3604,0.3754,0.2162,0.3233
552,0.2162,0.3754,0.2538,0.3589,0.3739,0.3408,0.3408,0.2658,0.3468,0.3604,0.3754,0.2162,0.3233
553,0.2162,0.3754,0.2538,0.3589,0.3739,0.3408,0.3408,0.2658,0.3468,0.3604,0.3754,0.2162,0.3233
554,0.2162,0.3754,0.2538,0.3589,0.3739,0.3408,0.3408,0.2658,0.3468,0.3604,0.3754,0.2162,0.3233
555,0.2162,0.3754,0.2538,0.3589,0.3739,0.3408,0.3408,0.2658,0.3468,0.3604,0.3754,0.2162,0.3233
556,0.2162,0.3754,0.2538,0.3589,0.3739,0.3408,0.3408,0.2658,0.3468,0.3604,0.3754,0.2162,0.3233
557,0.2162,0.3754,0.2538,0.3589,0.3739,0.3408,0.3408,0.2658,0.3468,0.3604,0.3754,0.2162,0.3233
558,0.2162,0.3754,0.2538,0.3589,0.3739,0.3408,0.3408,0.2658,0.3468,0.3604,0.3754,0.2162,0.3233
559,0.2162,0.3754,0.2538,0.3589,0.3739,0.3408,0.3408,0.2658,0.3468,0.3604,0.3754,0.2162,0.3233
560,0.2162,0.3754,0.2538,0.3589,0.3739,0.3408,0.3408,0.2658,0.3468,0.3604,0.3754,0.2162,0.3233
561,0.2162,0.3754,0.2538,0.3589,0.3739,0.3408,0.3408,0.2658,0.3468,0.3604,0.3754,0.2162,0.3233
562,0.2162,0.3754,0.2538,0.3589,0.3739,0.3408,0.3408,0.2658,0.3468,0.3604,0.3754,0.2162,0.3233
563,0.2162,0.3754,0.2538,0.3589,0.3739,0.3408,0.3408,0.2658,0.3468,0.3604,0.3754,0.2162,0.3233
564,0.2162,0.3754,0.2538,0.3589,0.3739,0.3408,0.3408,0.2658,0.3468,0.3604,0.3754,0.2162,0.3233
565,0.2162,0.3754,0.2538,0.3589,0.3739,0.3408,0.3408,0.2658,0.3468,0.3604,0.3754,0.2162,0.3233
566,0.2162,0.3754,0.2538,0.3589,0.3739,0.3408,0.3408,0.2658,0.3468,0.3604,0.3754,0.2162,0.3233
567,0.2162,0.3754,0.2538,0.3589,0.3739,0.3408,0.3408,0.2658,0.3468,0.3604,0.3754,0.2162,0.3233
568,0.2162,0.3754,0.2538,0.3589,0.3739,0.3408,0.3408,0.2658,0.3468,0.3604,0.3754,0.2162,0.3233
570,0.2162,0.3754,0.2538,0.3589,0.3739,0.3408,0.3408,0.2658,0.3468,0.3604,0.3754,0.2162,0.3233
571,0.2162,0.3754,0.2538,0.3589,0.3739,0.3408,0.3408,0.2658,0.3468,0.3604,0.3754,0.2162,0.3233
572,0.2162,0.3754,0.2538,0.3589,0.3739,0.3408,0.3408,0.2658,0.3468,0.3604,0.3754,0.2162,0.3233
573,0.2162,0.3754,0.2538,0.3589,0.3739,0.3408,0.3408,0.2658,0.3468,0.3604,0.3754,0.2162,0.3233
574,0.2162,0.3754,0.2538,0.3589,0.3739,0.3408,0.3408,0.2658,0.3468,0.3604,0.3754,0.2162,0.3233
575,0.2162,0.3754,0.2538,0.3589,0.3739,0.3408,0.3408,0.2658,0.3468,0.3604,0.3754,0.2162,0.3233
576,0.2162,0.3754,0.2538,0.3589,0.3739,0.3408,0.3408,0.2658,0.3468,0.3604,0.3754,0.2162,0.3233
577,0.2162,0.3754,0.2538,0.3589,0.3739,0.3408,0.3408,0.2658,0.3468,0.3604,0.3754,0.2162,0.3233
578,0.2162,0.3754,0.2538,0.3589,0.3739,0.3408,0.3408,0.2658,0.3468,0.3604,0.3754,0.2162,0.3233
579,0.2162,0.3754,0.2538,0.3589,0.3739,0.3408,0.3408,0.2658,0.3468,0.3604,0.3754,0.2162,0.3233
580,0.2162,0.3754,0.2538,0.3589,0.3739,0.3408,0.3408,0.2658,0.3468,0.3604,0.3754,0.2162,0.3233
581,0.2162,0.3754,0.2538,0.3589,0.3739,0.3408,0.3408,0.2658,0.3468,0.3604,0.3754,0.2162,0.3233
582,0.2162,0.3754,0.2538,0.3589,0.3739,0.3408,0.3408,0.2658,0.3468,0.3604,0.3754,0.2162,0.3233
583,0.2162,0.3754,0.2538,0.3589,0.3739,0.3408,0.3408,0.2658,0.3468,0.3604,0.3754,0.2162,0.3233
584,0.2162,0.3754,0.2538,0.3589,0.3739,0.3408,0.3408,0.2658,0.3468,0.3604,0.3754,0.2162,0.3233
586,0.2162,0.3754,0.2538,0.3589,0.3739,0.3408,0.3408,0.2658,0.3468,0.3604,0.3754,0.2162,0.3233
587,0.2162,0.3754,0.2538,0.3589,0.3739,0.3408,0.3408,0.2658,0.3468,0.3604,0.3754,0.2162,0.3233
588,0.2162,0.3754,0.2538,0.3589,0.3739,0.3408,0.3408,0.2658,0.3468,0.3604,0.3754,0.2162,0.3233
589,0.2162,0.3754,0.2538,0.3589,0.3739,0.3408,0.3408,0.2658,0.3468,0.3604,0.3754,0.2162,0.3233
590,0.2162,0.3754,0.2538,0.3589,0.3739,0.3408,0.3408,0.2658,0.3468,0.3604,0.3754,0.2162,0.3233
591,0.2162,0.3754,0.2538,0.3589,0.3739,0.3408,0.3408,0.2658,0.3468,0.3604,0.3754,0.2162,0.3233
592,0.2162,0.3754,0.2538,0.3589,0.3739,0.3408,0.3408,0.2658,0.3468,0.3604,0.3754,0.2162,0.3233
593,0.2162,0.3754,0.2538,0.3589,0.3739,0.3408,0.3408,0.2658,0.3468,0.3604,0.3754,0.2162,0.3233
594,0.2162,0.3754,0.2538,0.3589,0.3739,0.3408,0.3408,0.2658,0.3468,0.3604,0.3754,0.2162,0.3233
595,0.2162,0.3754,0.2538,0.3589,0.3739,0.3408,0.3408,0.2658,0.3468,0.3604,0.3754,0.2162,0.3233
596,0.2162,0.3754,0.2538,0.3589,0.3739,0.3408,0.3408,0.2658,0.3468,0.3604,0.3754,0.2162,0.3233
597,0.2162,0.3754,0.2538,0.3589,0.3739,0.3408,0.3408,0.2658,0.3468,0.3604,0.3754,0.2162,0.3233
598,0.2162,0.3754,0.2538,0.3589,0.3739,0.3408,0.3408,0.2658,0.3468,0.3604,0.3754,0.2162,0.3233
599,0.2162,0.3754,0.2538,0.3589,0.3739,0.3408,0.3408,0.2658,0.3468,0.3604,0.3754,0.2162,0.3233
600,0.2162,0.3754,0.2538,0.3589,0.3739,0.3408,0.3408,0.2658,0.3468,0.3604,0.3754,0.2162,0.3233
601,0.2162,0.3754,0.2538,0.3589,0.3739,0.3408,0.3408,0.2658,0.3468,0.3604,0.3754,0.2162,0.3233
602,0.2162,0.3754,0.2538,0.3589,0.3739,0.3408,0.3408,0.2658,0.3468,0.3604,0.3754,0.2162,0.3233
603,0.2162,0.3754,0.2538,0.3589,0.3739,0.3408,0.3408,0.2658,0.3468,0.3604,0.3754,0.2162,0.3233
605,0.2162,0.3754,0.2538,0.3589,0.3739,0.3408,0.3408,0.2658,0.3468,0.3604,0.3754,0.2162,0.3233
606,0.2162,0.3754,0.2538,0.3589,0.3739,0.3408,0.3408,0.2658,0.3468,0.3604,0.3754,0.2162,0.3233
607,0.2162,0.3754,0.2538,0.3589,0.3739,0.3408,0.3408,0.2658,0.3468,0.3604,0.3754,0.2162,0.3233
608,0.2162,0.3754,0.2538,0.3589,0.3739,0.3408,0.3408,0.2658,0.3468,0.3604,0.3754,0.2162,0.3233
609,0.2162,0.3754,0.2538,0.3589,0.3739,0.3408,0.3408,0.2658,0.3468,0.3604,0.3754,0.2162,0.3233
610,0.2162,0.3754,0.2538,0.3589,0.3739,0.3408,0.3408,0.2658,0.3468,0.3604,0.3754,0.2162,0.3233
611,0.2162,0.3754,0.2538,0.3589,0.3739,0.3408,0.3408,0.2658,0.3468,0.3604,0.3754,0.2162,0.3233
612,0.2162,0.3754,0.2538,0.3589,0.3739,0.3408,0.3408,0.2658,0.3468,0.3604,0.3754,0.2162,0.3233
613,0.2162,0.3754,0.2538,0.3589,0.3739,0.3408,0.3408,0.2658,0.3468,0.3604,0.3754,0.2162,0.3233
614,0.2162,0.3754,0.2538,0.3589,0.3739,0.3408,0.3408,0.2658,0.3468,0.3604,0.3754,0.2162,0.3233
615,0.2162,0.3754,0.2538,0.3589,0.3739,0.3408,0.3408,0.2658,0.3468,0.3604,0.3754,0.2162,0.3233
616,0.2162,0.3754,0.2538,0.3589,0.3739,0.3408,0.3408,0.2658,0.3468,0.3604,0.3754,0.2162,0.3233
617,0.2162,0.3754,0.2538,0.3589,0.3739,0.3408,0.3408,0.2658,0.3468,0.3604,0.3754,0.2162,0.3233
618,0.2162,0.3754,0.2538,0.3589,0.3739,0.3408,0.3408,0.2658,0.3468,0.3604,0.3754,0.2162,0.3233
619,0.2162,0.3754,0.2538,0.3589,0.3739,0.3408,0.3408,0.2658,0.3468,0.3604,0.3754,0.2162,0.3233
620,0.2162,0.3754,0.2538,0.3589,0.3739,0.3408,0.3408,0.2658,0.3468,0.3604,0.3754,0.2162,0.3233
621,0.2162,0.3754,0.2538,0.3589,0.3739,0.3408,0.3408,0.2658,0.3468,0.3604,0.3754,0.2162,0.3233
622,0.2162,0.3754,0.2538,0.3589,0.3739,0.3408,0.3408,0.2658,0.3468,0.3604,0.3754,0.2162,0.3233
624,0.2162,0.3754,0.2538,0.3589,0.3739,0.3408,0.3408,0.2658,0.3468,0.3604,0.3754,0.2162,0.3233
625,0.2162,0.3754,0.2538,0.3589,0.3739,0.3408,0.3408,0.2658,0.3468,0.3604,0.3754,0.2162,0.3233
626,0.2162,0.3754,0.2538,0.3589,0.3739,0.3408,0.3408,0.2658,0.3468,0.3604,0.3754,0.2162,0.3233
627,0.2162,0.3754,0.2538,0.3589,0.3739,0.3408,0.3408,0.2658,0.3468,0.3604,0.3754,0.2162,0.3233
628,0.2162,0.3754,0.2538,0.3589,0.3739,0.3408,0.3408,0.2658,0.3468,0.3604,0.3754,0.2162,0.3233
629,0.2162,0.3754,0.2538,0.3589,0.3739,0.3408,0.3408,0.2658,0.3468,0.3604,0.3754,0.2162,0.3233
630,0.2162,0.3754,0.2538,0.3589,0.3739,0.3408,0.3408,0.2658,0.3468,0.3604,0.3754,0.2162,0.3233
631,0.2162,0.3754,0.2538,0.3589,0.3739,0.3408,0.3408,0.2658,0.3468,0.3604,0.3754,0.2162,0.3233
632,0.2162,0.3754,0.2538,0.3589,0.3739,0.3408,0.3408,0.2658,0.3468,0.3604,0.3754,0.2162,0.3233
