timestamp,uhci2,uhci0,uhci1,uhci7,uhci6,uhci4,uhci8,uhci9,uhci3,uhci5,max,min,avg
0,0.0838,0.0838,0.0838,0.0838,0.0838,0.0838,0.0838,0.0838,0.0838,0.0838,0.0838,0.0838,0.0838
4,0.1647,0.1647,0.1647,0.1647,0.1647,0.1647,0.1647,0.1647,0.1647,0.1647,0.1647,0.1647,0.1647
5,0.3786,0.3931,0.3931,0.396,0.3035,0.3902,0.3786,0.3902,0.3902,0.3902,0.396,0.3035,0.3804
6,0.3931,0.3988,0.396,0.396,0.396,0.3931,0.3786,0.396,0.396,0.3931,0.3988,0.3786,0.3937
7,0.3931,0.3988,0.396,0.396,0.4162,0.3931,0.3786,0.396,0.4162,0.4133,0.4162,0.3786,0.3997
8,0.3931,0.3988,0.396,0.396,0.4162,0.396,0.3902,0.396,0.4162,0.4133,0.4162,0.3902,0.4012
9,0.3931,0.3988,0.396,0.396,0.4162,0.396,0.396,0.396,0.4162,0.4306,0.4306,0.3931,0.4035
10,0.3931,0.3988,0.4162,0.396,0.4162,0.4162,0.4162,0.4133,0.4162,0.4335,0.4335,0.3931,0.4116
11,0.3931,0.4162,0.4162,0.396,0.4162,0.4162,0.4162,0.4162,0.4191,0.4335,0.4335,0.3931,0.4139
12,0.396,0.4162,0.4162,0.396,0.4162,0.4162,0.4249,0.4162,0.4191,0.4335,0.4335,0.396,0.415
13,0.396,0.4162,0.4162,0.396,0.4162,0.4306,0.4249,0.4162,0.4191,0.4335,0.4335,0.396,0.4165
14,0.396,0.4162,0.4162,0.396,0.4162,0.4306,0.4249,0.4162,0.4191,0.4566,0.4566,0.396,0.4188
15,0.4162,0.4162,0.4162,0.4162,0.4162,0.4306,0.4249,0.4162,0.4191,0.4566,0.4566,0.4162,0.4228
16,0.4162,0.4162,0.4162,0.4162,0.4306,0.4306,0.4249,0.4162,0.4191,0.4566,0.4566,0.4162,0.4243
17,0.4162,0.4162,0.4162,0.4162,0.4306,0.4306,0.4249,0.4162,0.4191,0.4653,0.4653,0.4162,0.4252
18,0.4162,0.4162,0.4162,0.4162,0.4306,0.4306,0.4249,0.4162,0.4191,0.4653,0.4653,0.4162,0.4252
19,0.4162,0.4162,0.4162,0.4162,0.4306,0.4306,0.4249,0.4277,0.4191,0.4653,0.4653,0.4162,0.4263
20,0.4422,0.4162,0.4162,0.4162,0.4306,0.4306,0.4249,0.4364,0.4335,0.4653,0.4653,0.4162,0.4312
21,0.4422,0.4162,0.4162,0.4162,0.4306,0.4306,0.4249,0.4364,0.4335,0.4653,0.4653,0.4162,0.4312
22,0.4422,0.4162,0.4162,0.4162,0.4306,0.4306,0.4249,0.4364,0.4335,0.4653,0.4653,0.4162,0.4312
23,0.4422,0.4162,0.4162,0.4162,0.4306,0.4306,0.4249,0.4364,0.4335,0.4653,0.4653,0.4162,0.4312
24,0.4422,0.4306,0.4162,0.4162,0.4306,0.4306,0.4249,0.4393,0.4335,0.4653,0.4653,0.4162,0.4329
25,0.4422,0.4306,0.4162,0.4162,0.4306,0.4306,0.4249,0.4393,0.4335,0.4653,0.4653,0.4162,0.4329
26,0.4451,0.4306,0.4162,0.4162,0.4306,0.4306,0.4249,0.4393,0.4335,0.4653,0.4653,0.4162,0.4332
27,0.4451,0.4306,0.4162,0.4162,0.4306,0.4306,0.4249,0.4393,0.4422,0.4653,0.4653,0.4162,0.4341
28,0.4451,0.4306,0.4162,0.4162,0.4306,0.4306,0.4249,0.4393,0.4422,0.4653,0.4653,0.4162,0.4341
29,0.4451,0.4306,0.4162,0.4162,0.4306,0.4306,0.4364,0.4393,0.4422,0.4653,0.4653,0.4162,0.4353
30,0.4451,0.4306,0.4162,0.4162,0.4306,0.4306,0.4364,0.4393,0.4422,0.4653,0.4653,0.4162,0.4353
31,0.4451,0.4306,0.4162,0.4162,0.4306,0.4306,0.4364,0.4393,0.4422,0.4653,0.4653,0.4162,0.4353
32,0.4566,0.4306,0.4162,0.4162,0.4306,0.4306,0.4364,0.4422,0.4422,0.4653,0.4653,0.4162,0.4367
33,0.4566,0.4306,0.4162,0.4162,0.4306,0.4335,0.4364,0.4422,0.4422,0.4653,0.4653,0.4162,0.437
34,0.4566,0.4306,0.4162,0.4162,0.4306,0.4335,0.4393,0.4422,0.4422,0.4653,0.4653,0.4162,0.4373
35,0.4566,0.4306,0.4162,0.4306,0.4306,0.4335,0.4393,0.4422,0.4422,0.4653,0.4653,0.4162,0.4387
36,0.4566,0.4306,0.4162,0.4306,0.4306,0.4335,0.4393,0.4422,0.4422,0.4653,0.4653,0.4162,0.4387
37,0.4566,0.4306,0.4162,0.4306,0.4306,0.4335,0.4393,0.4422,0.4422,0.4653,0.4653,0.4162,0.4387
38,0.4566,0.4306,0.4162,0.4306,0.4306,0.4335,0.4393,0.4422,0.4422,0.4653,0.4653,0.4162,0.4387
39,0.4566,0.4306,0.4162,0.4306,0.4306,0.4335,0.4393,0.4422,0.4422,0.4653,0.4653,0.4162,0.4387
40,0.4653,0.4306,0.4162,0.4306,0.4306,0.4335,0.4393,0.4422,0.4422,0.4653,0.4653,0.4162,0.4396
41,0.4653,0.4306,0.4162,0.4306,0.4306,0.4335,0.4393,0.4422,0.4422,0.4653,0.4653,0.4162,0.4396
42,0.4653,0.4306,0.4162,0.4306,0.4306,0.4364,0.4393,0.4422,0.4422,0.4653,0.4653,0.4162,0.4399
43,0.4653,0.4306,0.4162,0.4306,0.4306,0.4364,0.4393,0.4422,0.4422,0.4653,0.4653,0.4162,0.4399
44,0.4653,0.4306,0.4162,0.4306,0.4306,0.4364,0.4393,0.4422,0.4422,0.4653,0.4653,0.4162,0.4399
45,0.4653,0.4306,0.4162,0.4306,0.4306,0.4364,0.4393,0.4422,0.4422,0.4653,0.4653,0.4162,0.4399
46,0.4653,0.4335,0.4162,0.4306,0.4306,0.4364,0.4393,0.4422,0.4422,0.4653,0.4653,0.4162,0.4402
47,0.4653,0.4335,0.4162,0.4335,0.4306,0.4364,0.4393,0.4422,0.4422,0.4653,0.4653,0.4162,0.4405
48,0.4653,0.4393,0.4162,0.4335,0.4306,0.4364,0.4393,0.4422,0.4422,0.4653,0.4653,0.4162,0.441
49,0.4653,0.4393,0.4162,0.4335,0.4306,0.4364,0.4393,0.4422,0.4422,0.4653,0.4653,0.4162,0.441
50,0.4653,0.4393,0.4162,0.4335,0.4306,0.4364,0.4393,0.4422,0.4422,0.4653,0.4653,0.4162,0.441
51,0.4653,0.4393,0.4162,0.4335,0.4306,0.4364,0.4393,0.4422,0.4422,0.4653,0.4653,0.4162,0.441
52,0.4653,0.4393,0.4162,0.4422,0.4306,0.4364,0.4393,0.4422,0.4422,0.4653,0.4653,0.4162,0.4419
53,0.4653,0.4393,0.4162,0.4422,0.4306,0.4364,0.4393,0.4422,0.4422,0.4653,0.4653,0.4162,0.4419
54,0.4653,0.4393,0.4162,0.4422,0.4306,0.4364,0.4393,0.4422,0.4422,0.4653,0.4653,0.4162,0.4419
55,0.4653,0.4393,0.4162,0.4422,0.4306,0.4364,0.4393,0.4422,0.4422,0.4653,0.4653,0.4162,0.4419
56,0.4653,0.4393,0.4162,0.4422,0.4306,0.4364,0.4393,0.4422,0.4422,0.4653,0.4653,0.4162,0.4419
57,0.4653,0.4393,0.4162,0.4422,0.4335,0.4364,0.4393,0.4422,0.4422,0.4653,0.4653,0.4162,0.4422
58,0.4653,0.4393,0.4162,0.4422,0.4335,0.4364,0.4393,0.4422,0.4422,0.4653,0.4653,0.4162,0.4422
59,0.4653,0.4393,0.4162,0.4422,0.4335,0.4364,0.4393,0.4422,0.4422,0.4653,0.4653,0.4162,0.4422
60,0.4653,0.4393,0.4162,0.4422,0.4364,0.4364,0.4393,0.4422,0.4422,0.4653,0.4653,0.4162,0.4425
61,0.4653,0.4393,0.4162,0.4422,0.4422,0.4364,0.4393,0.4422,0.4422,0.4653,0.4653,0.4162,0.4431
62,0.4653,0.4393,0.4162,0.4422,0.4653,0.4364,0.4393,0.4422,0.4422,0.4653,0.4653,0.4162,0.4454
63,0.4653,0.4393,0.4162,0.4422,0.4653,0.4364,0.4393,0.4422,0.4422,0.4653,0.4653,0.4162,0.4454
64,0.4653,0.4393,0.4162,0.4422,0.4653,0.4364,0.4393,0.4422,0.4422,0.4653,0.4653,0.4162,0.4454
65,0.4653,0.4393,0.4162,0.4422,0.4653,0.4364,0.4393,0.4422,0.4422,0.4653,0.4653,0.4162,0.4454
66,0.4653,0.4422,0.4162,0.4422,0.4653,0.4364,0.4393,0.4422,0.4422,0.4653,0.4653,0.4162,0.4457
67,0.4653,0.4422,0.4162,0.4653,0.4653,0.4364,0.4422,0.4422,0.4422,0.4653,0.4653,0.4162,0.4483
68,0.4653,0.4422,0.4162,0.4653,0.4653,0.4364,0.4422,0.4422,0.4422,0.4653,0.4653,0.4162,0.4483
69,0.4653,0.4422,0.4162,0.4653,0.4653,0.4364,0.4422,0.4422,0.4422,0.4653,0.4653,0.4162,0.4483
70,0.4653,0.4422,0.4162,0.4653,0.4653,0.4364,0.4422,0.4422,0.4422,0.4653,0.4653,0.4162,0.4483
71,0.4653,0.4422,0.4162,0.4653,0.4653,0.4364,0.4422,0.4422,0.4422,0.4653,0.4653,0.4162,0.4483
72,0.4653,0.4422,0.4162,0.4653,0.4653,0.4364,0.4422,0.4422,0.4422,0.4653,0.4653,0.4162,0.4483
73,0.4653,0.4422,0.4162,0.4653,0.4653,0.4364,0.4422,0.4422,0.4422,0.4653,0.4653,0.4162,0.4483
74,0.4653,0.4422,0.4162,0.4653,0.4653,0.4364,0.4422,0.4422,0.4422,0.4653,0.4653,0.4162,0.4483
75,0.4653,0.4422,0.4162,0.4653,0.4653,0.4364,0.4422,0.4422,0.4422,0.4653,0.4653,0.4162,0.4483
76,0.4653,0.4422,0.4162,0.4653,0.4653,0.4364,0.4422,0.4422,0.4422,0.4653,0.4653,0.4162,0.4483
77,0.4653,0.4653,0.4162,0.4653,0.4653,0.4364,0.4422,0.4422,0.4422,0.4653,0.4653,0.4162,0.4506
78,0.4653,0.4653,0.4162,0.4653,0.4653,0.4364,0.4422,0.4422,0.4422,0.4653,0.4653,0.4162,0.4506
79,0.4653,0.4653,0.4162,0.4653,0.4653,0.4364,0.4422,0.4422,0.4422,0.4653,0.4653,0.4162,0.4506
80,0.4653,0.4653,0.4162,0.4653,0.4653,0.4364,0.4422,0.4422,0.4422,0.4653,0.4653,0.4162,0.4506
81,0.4653,0.4653,0.4162,0.4653,0.4653,0.4364,0.4422,0.4422,0.4422,0.4653,0.4653,0.4162,0.4506
82,0.4653,0.4653,0.4162,0.4653,0.4653,0.4364,0.4422,0.4422,0.4422,0.4653,0.4653,0.4162,0.4506
83,0.4653,0.4653,0.4306,0.4653,0.4653,0.4364,0.4422,0.4422,0.4422,0.4653,0.4653,0.4306,0.452
84,0.4653,0.4653,0.4306,0.4653,0.4653,0.4364,0.4422,0.4422,0.4422,0.4653,0.4653,0.4306,0.452
85,0.4653,0.4653,0.4306,0.4653,0.4653,0.4364,0.4422,0.4422,0.4422,0.4653,0.4653,0.4306,0.452
86,0.4653,0.4653,0.4306,0.4653,0.4653,0.4364,0.4422,0.4422,0.4422,0.4653,0.4653,0.4306,0.452
87,0.4653,0.4653,0.4306,0.4653,0.4653,0.4364,0.4422,0.4422,0.4422,0.4653,0.4653,0.4306,0.452
88,0.4653,0.4653,0.4306,0.4653,0.4653,0.4364,0.4422,0.4422,0.4422,0.4653,0.4653,0.4306,0.452
89,0.4653,0.4653,0.4306,0.4653,0.4653,0.4364,0.4422,0.4422,0.4422,0.4653,0.4653,0.4306,0.452
90,0.4653,0.4653,0.4306,0.4653,0.4653,0.4364,0.4422,0.4422,0.4422,0.4653,0.4653,0.4306,0.452
91,0.4653,0.4653,0.4306,0.4653,0.4653,0.4364,0.4422,0.4422,0.4422,0.4653,0.4653,0.4306,0.452
92,0.4653,0.4653,0.4306,0.4653,0.4653,0.4364,0.4422,0.4422,0.4422,0.4653,0.4653,0.4306,0.452
93,0.4653,0.4653,0.4306,0.4653,0.4653,0.4364,0.4422,0.4422,0.4422,0.4653,0.4653,0.4306,0.452
94,0.4653,0.4653,0.4306,0.4653,0.4653,0.4364,0.4422,0.4422,0.4422,0.4653,0.4653,0.4306,0.452
95,0.4653,0.4653,0.4306,0.4653,0.4653,0.4422,0.4422,0.4422,0.4422,0.4653,0.4653,0.4306,0.4526
96,0.4653,0.4653,0.4306,0.4653,0.4653,0.4422,0.4422,0.4422,0.4422,0.4653,0.4653,0.4306,0.4526
97,0.4653,0.4653,0.4306,0.4653,0.4653,0.4422,0.4422,0.4422,0.4422,0.4653,0.4653,0.4306,0.4526
98,0.4653,0.4653,0.4335,0.4653,0.4653,0.4422,0.4422,0.4422,0.4422,0.4653,0.4653,0.4335,0.4529
99,0.4653,0.4653,0.4335,0.4653,0.4653,0.4422,0.4422,0.4422,0.4422,0.4653,0.4653,0.4335,0.4529
100,0.4653,0.4653,0.4335,0.4653,0.4653,0.4422,0.4422,0.4422,0.4422,0.4653,0.4653,0.4335,0.4529
101,0.4653,0.4653,0.4335,0.4653,0.4653,0.4422,0.4422,0.4422,0.4422,0.4653,0.4653,0.4335,0.4529
102,0.4653,0.4653,0.4335,0.4653,0.4653,0.4422,0.4422,0.4422,0.4422,0.4653,0.4653,0.4335,0.4529
103,0.4653,0.4653,0.4335,0.4653,0.4653,0.4422,0.4422,0.4653,0.4422,0.4653,0.4653,0.4335,0.4552
104,0.4653,0.4653,0.4566,0.4653,0.4653,0.4422,0.4422,0.4653,0.4422,0.4653,0.4653,0.4422,0.4575
105,0.4653,0.4653,0.4566,0.4653,0.4653,0.4422,0.4422,0.4653,0.4422,0.4653,0.4653,0.4422,0.4575
106,0.4653,0.4653,0.4595,0.4653,0.4653,0.4422,0.4422,0.4653,0.4422,0.4653,0.4653,0.4422,0.4578
107,0.4653,0.4653,0.4595,0.4653,0.4653,0.4422,0.4422,0.4653,0.4422,0.4653,0.4653,0.4422,0.4578
108,0.4653,0.4653,0.4595,0.4653,0.4653,0.4422,0.4422,0.4653,0.4422,0.4653,0.4653,0.4422,0.4578
109,0.4653,0.4653,0.4595,0.4653,0.4653,0.4422,0.4422,0.4653,0.4422,0.4653,0.4653,0.4422,0.4578
110,0.4653,0.4653,0.4595,0.4653,0.4653,0.4422,0.4422,0.4653,0.4422,0.4653,0.4653,0.4422,0.4578
111,0.4653,0.4653,0.4595,0.4653,0.4653,0.4422,0.4422,0.4653,0.4422,0.4653,0.4653,0.4422,0.4578
112,0.4653,0.4653,0.4595,0.4653,0.4653,0.4422,0.4422,0.4653,0.4422,0.4653,0.4653,0.4422,0.4578
113,0.4653,0.4653,0.4595,0.4653,0.4653,0.4422,0.4422,0.4653,0.4422,0.4653,0.4653,0.4422,0.4578
114,0.4653,0.4653,0.4595,0.4653,0.4653,0.4422,0.4422,0.4653,0.4422,0.4653,0.4653,0.4422,0.4578
115,0.4653,0.4653,0.4595,0.4653,0.4653,0.4422,0.4422,0.4653,0.4422,0.4653,0.4653,0.4422,0.4578
116,0.4653,0.4653,0.4595,0.4653,0.4653,0.4422,0.4422,0.4653,0.4422,0.4653,0.4653,0.4422,0.4578
117,0.4653,0.4653,0.4595,0.4653,0.4653,0.4422,0.4422,0.4653,0.4422,0.4653,0.4653,0.4422,0.4578
118,0.4653,0.4653,0.4595,0.4653,0.4653,0.4422,0.4422,0.4653,0.4422,0.4653,0.4653,0.4422,0.4578
119,0.4653,0.4653,0.4595,0.4653,0.4653,0.4422,0.4422,0.4653,0.4422,0.4653,0.4653,0.4422,0.4578
120,0.4653,0.4653,0.4653,0.4653,0.4653,0.4422,0.4422,0.4653,0.4422,0.4653,0.4653,0.4422,0.4584
121,0.4653,0.4653,0.4653,0.4653,0.4653,0.4422,0.4422,0.4653,0.4422,0.4653,0.4653,0.4422,0.4584
122,0.4653,0.4653,0.4653,0.4653,0.4653,0.4422,0.4422,0.4653,0.4422,0.4653,0.4653,0.4422,0.4584
123,0.4653,0.4653,0.4653,0.4653,0.4653,0.4422,0.4422,0.4653,0.4422,0.4653,0.4653,0.4422,0.4584
124,0.4653,0.4653,0.4653,0.4653,0.4653,0.4422,0.4422,0.4653,0.4422,0.4653,0.4653,0.4422,0.4584
125,0.4653,0.4653,0.4653,0.4653,0.4653,0.4422,0.4422,0.4653,0.4422,0.4653,0.4653,0.4422,0.4584
126,0.4653,0.4653,0.4653,0.4653,0.4653,0.4422,0.4422,0.4653,0.4422,0.4653,0.4653,0.4422,0.4584
127,0.4653,0.4653,0.4653,0.4653,0.4653,0.4422,0.4422,0.4653,0.4422,0.4653,0.4653,0.4422,0.4584
128,0.4653,0.4653,0.4653,0.4653,0.4653,0.4422,0.4422,0.4653,0.4422,0.4653,0.4653,0.4422,0.4584
129,0.4653,0.4653,0.4653,0.4653,0.4653,0.4422,0.4422,0.4653,0.4422,0.4653,0.4653,0.4422,0.4584
130,0.4653,0.4653,0.4653,0.4653,0.4653,0.4422,0.4422,0.4653,0.4422,0.4653,0.4653,0.4422,0.4584
131,0.4653,0.4653,0.4653,0.4653,0.4653,0.4422,0.4653,0.4653,0.4422,0.4653,0.4653,0.4422,0.4607
132,0.4653,0.4653,0.4653,0.4653,0.4653,0.4422,0.4653,0.4653,0.4422,0.4653,0.4653,0.4422,0.4607
133,0.4653,0.4653,0.4653,0.4653,0.4653,0.4422,0.4653,0.4653,0.4422,0.4653,0.4653,0.4422,0.4607
134,0.4653,0.4653,0.4653,0.4653,0.4653,0.4422,0.4653,0.4653,0.4422,0.4653,0.4653,0.4422,0.4607
135,0.4653,0.4653,0.4653,0.4653,0.4653,0.4422,0.4653,0.4653,0.4422,0.4653,0.4653,0.4422,0.4607
136,0.4653,0.4653,0.4653,0.4653,0.4653,0.4422,0.4653,0.4653,0.4422,0.4653,0.4653,0.4422,0.4607
137,0.4653,0.4653,0.4653,0.4653,0.4653,0.4422,0.4653,0.4653,0.4422,0.4653,0.4653,0.4422,0.4607
138,0.4653,0.4653,0.4653,0.4653,0.4653,0.4422,0.4653,0.4653,0.4422,0.4653,0.4653,0.4422,0.4607
139,0.4653,0.4653,0.4653,0.4653,0.4653,0.4422,0.4653,0.4653,0.4422,0.4653,0.4653,0.4422,0.4607
140,0.4653,0.4653,0.4653,0.4653,0.4653,0.4422,0.4653,0.4653,0.4422,0.4653,0.4653,0.4422,0.4607
141,0.4653,0.4653,0.4653,0.4653,0.4653,0.4422,0.4653,0.4653,0.4422,0.4653,0.4653,0.4422,0.4607
142,0.4653,0.4653,0.4653,0.4653,0.4653,0.4422,0.4653,0.4653,0.4422,0.4653,0.4653,0.4422,0.4607
143,0.4653,0.4653,0.4653,0.4653,0.4653,0.4422,0.4653,0.4653,0.4422,0.4653,0.4653,0.4422,0.4607
144,0.4653,0.4653,0.4653,0.4653,0.4653,0.4422,0.4653,0.4653,0.4422,0.4653,0.4653,0.4422,0.4607
145,0.4653,0.4653,0.4653,0.4653,0.4653,0.4422,0.4653,0.4653,0.4422,0.4653,0.4653,0.4422,0.4607
146,0.4653,0.4653,0.4653,0.4653,0.4653,0.4422,0.4653,0.4653,0.4422,0.4653,0.4653,0.4422,0.4607
147,0.4653,0.4653,0.4653,0.4653,0.4653,0.4422,0.4653,0.4653,0.4422,0.4653,0.4653,0.4422,0.4607
148,0.4653,0.4653,0.4653,0.4653,0.4653,0.4422,0.4653,0.4653,0.4422,0.4653,0.4653,0.4422,0.4607
149,0.4653,0.4653,0.4653,0.4653,0.4653,0.4422,0.4653,0.4653,0.4422,0.4653,0.4653,0.4422,0.4607
150,0.4653,0.4653,0.4653,0.4653,0.4653,0.4422,0.4653,0.4653,0.4422,0.4653,0.4653,0.4422,0.4607
151,0.4653,0.4653,0.4653,0.4653,0.4653,0.4422,0.4653,0.4653,0.4422,0.4653,0.4653,0.4422,0.4607
152,0.4653,0.4653,0.4653,0.4653,0.4653,0.4422,0.4653,0.4653,0.4422,0.4653,0.4653,0.4422,0.4607
153,0.4653,0.4653,0.4653,0.4653,0.4653,0.4422,0.4653,0.4653,0.4422,0.4653,0.4653,0.4422,0.4607
154,0.4653,0.4653,0.4653,0.4653,0.4653,0.4422,0.4653,0.4653,0.4422,0.4653,0.4653,0.4422,0.4607
155,0.4653,0.4653,0.4653,0.4653,0.4653,0.4422,0.4653,0.4653,0.4422,0.4653,0.4653,0.4422,0.4607
156,0.4653,0.4653,0.4653,0.4653,0.4653,0.4422,0.4653,0.4653,0.4422,0.4653,0.4653,0.4422,0.4607
157,0.4653,0.4653,0.4653,0.4653,0.4653,0.4422,0.4653,0.4653,0.4422,0.4653,0.4653,0.4422,0.4607
158,0.4653,0.4653,0.4653,0.4653,0.4653,0.4422,0.4653,0.4653,0.4422,0.4653,0.4653,0.4422,0.4607
159,0.4653,0.4653,0.4653,0.4653,0.4653,0.4422,0.4653,0.4653,0.4422,0.4653,0.4653,0.4422,0.4607
160,0.4653,0.4653,0.4653,0.4653,0.4653,0.4422,0.4653,0.4653,0.4422,0.4653,0.4653,0.4422,0.4607
161,0.4653,0.4653,0.4653,0.4653,0.4653,0.4422,0.4653,0.4653,0.4422,0.4653,0.4653,0.4422,0.4607
162,0.4653,0.4653,0.4653,0.4653,0.4653,0.4422,0.4653,0.4653,0.4422,0.4653,0.4653,0.4422,0.4607
163,0.4653,0.4653,0.4653,0.4653,0.4653,0.4422,0.4653,0.4653,0.4653,0.4653,0.4653,0.4422,0.463
164,0.4653,0.4653,0.4653,0.4653,0.4653,0.4422,0.4653,0.4653,0.4653,0.4653,0.4653,0.4422,0.463
165,0.4653,0.4653,0.4653,0.4653,0.4653,0.4422,0.4653,0.4653,0.4653,0.4653,0.4653,0.4422,0.463
166,0.4653,0.4653,0.4653,0.4653,0.4653,0.4422,0.4653,0.4653,0.4653,0.4653,0.4653,0.4422,0.463
167,0.4653,0.4653,0.4653,0.4653,0.4653,0.4422,0.4653,0.4653,0.4653,0.4653,0.4653,0.4422,0.463
168,0.4653,0.4653,0.4653,0.4653,0.4653,0.4422,0.4653,0.4653,0.4653,0.4653,0.4653,0.4422,0.463
169,0.4653,0.4653,0.4653,0.4653,0.4653,0.4422,0.4653,0.4653,0.4653,0.4653,0.4653,0.4422,0.463
170,0.4653,0.4653,0.4653,0.4653,0.4653,0.4422,0.4653,0.4653,0.4653,0.4653,0.4653,0.4422,0.463
171,0.4653,0.4653,0.4653,0.4653,0.4653,0.4422,0.4653,0.4653,0.4653,0.4653,0.4653,0.4422,0.463
172,0.4653,0.4653,0.4653,0.4653,0.4653,0.4422,0.4653,0.4653,0.4653,0.4653,0.4653,0.4422,0.463
173,0.4653,0.4653,0.4653,0.4653,0.4653,0.4422,0.4653,0.4653,0.4653,0.4653,0.4653,0.4422,0.463
174,0.4653,0.4653,0.4653,0.4653,0.4653,0.4422,0.4653,0.4653,0.4653,0.4653,0.4653,0.4422,0.463
175,0.4653,0.4653,0.4653,0.4653,0.4653,0.4422,0.4653,0.4653,0.4653,0.4653,0.4653,0.4422,0.463
176,0.4653,0.4653,0.4653,0.4653,0.4653,0.4422,0.4653,0.4653,0.4653,0.4653,0.4653,0.4422,0.463
177,0.4653,0.4653,0.4653,0.4653,0.4653,0.4422,0.4653,0.4653,0.4653,0.4653,0.4653,0.4422,0.463
178,0.4653,0.4653,0.4653,0.4653,0.4653,0.4422,0.4653,0.4653,0.4653,0.4653,0.4653,0.4422,0.463
179,0.4653,0.4653,0.4653,0.4653,0.4653,0.4422,0.4653,0.4653,0.4653,0.4653,0.4653,0.4422,0.463
180,0.4653,0.4653,0.4653,0.4653,0.4653,0.4422,0.4653,0.4653,0.4653,0.4653,0.4653,0.4422,0.463
181,0.4653,0.4653,0.4653,0.4653,0.4653,0.4422,0.4653,0.4653,0.4653,0.4653,0.4653,0.4422,0.463
182,0.4653,0.4653,0.4653,0.4653,0.4653,0.4422,0.4653,0.4653,0.4653,0.4653,0.4653,0.4422,0.463
183,0.4653,0.4653,0.4653,0.4653,0.4653,0.4422,0.4653,0.4653,0.4653,0.4653,0.4653,0.4422,0.463
184,0.4653,0.4653,0.4653,0.4653,0.4653,0.4422,0.4653,0.4653,0.4653,0.4653,0.4653,0.4422,0.463
185,0.4653,0.4653,0.4653,0.4653,0.4653,0.4422,0.4653,0.4653,0.4653,0.4653,0.4653,0.4422,0.463
186,0.4653,0.4653,0.4653,0.4653,0.4653,0.4422,0.4653,0.4653,0.4653,0.4653,0.4653,0.4422,0.463
187,0.4653,0.4653,0.4653,0.4653,0.4653,0.4422,0.4653,0.4653,0.4653,0.4653,0.4653,0.4422,0.463
188,0.4653,0.4653,0.4653,0.4653,0.4653,0.4422,0.4653,0.4653,0.4653,0.4653,0.4653,0.4422,0.463
189,0.4653,0.4653,0.4653,0.4653,0.4653,0.4422,0.4653,0.4653,0.4653,0.4653,0.4653,0.4422,0.463
190,0.4653,0.4653,0.4653,0.4653,0.4653,0.4422,0.4653,0.4653,0.4653,0.4653,0.4653,0.4422,0.463
191,0.4653,0.4653,0.4653,0.4653,0.4653,0.4422,0.4653,0.4653,0.4653,0.4653,0.4653,0.4422,0.463
192,0.4653,0.4653,0.4653,0.4653,0.4653,0.4422,0.4653,0.4653,0.4653,0.4653,0.4653,0.4422,0.463
193,0.4653,0.4653,0.4653,0.4653,0.4653,0.4422,0.4653,0.4653,0.4653,0.4653,0.4653,0.4422,0.463
194,0.4653,0.4653,0.4653,0.4653,0.4653,0.4422,0.4653,0.4653,0.4653,0.4653,0.4653,0.4422,0.463
195,0.4653,0.4653,0.4653,0.4653,0.4653,0.4422,0.4653,0.4653,0.4653,0.4653,0.4653,0.4422,0.463
196,0.4653,0.4653,0.4653,0.4653,0.4653,0.4422,0.4653,0.4653,0.4653,0.4653,0.4653,0.4422,0.463
197,0.4653,0.4653,0.4653,0.4653,0.4653,0.4422,0.4653,0.4653,0.4653,0.4653,0.4653,0.4422,0.463
198,0.4653,0.4653,0.4653,0.4653,0.4653,0.4422,0.4653,0.4653,0.4653,0.4653,0.4653,0.4422,0.463
199,0.4653,0.4653,0.4653,0.4653,0.4653,0.4422,0.4653,0.4653,0.4653,0.4653,0.4653,0.4422,0.463
200,0.4653,0.4653,0.4653,0.4653,0.4653,0.4422,0.4653,0.4653,0.4653,0.4653,0.4653,0.4422,0.463
201,0.4653,0.4653,0.4653,0.4653,0.4653,0.4422,0.4653,0.4653,0.4653,0.4653,0.4653,0.4422,0.463
202,0.4653,0.4653,0.4653,0.4653,0.4653,0.4422,0.4653,0.4653,0.4653,0.4653,0.4653,0.4422,0.463
203,0.4653,0.4653,0.4653,0.4653,0.4653,0.4422,0.4653,0.4653,0.4653,0.4653,0.4653,0.4422,0.463
204,0.4653,0.4653,0.4653,0.4653,0.4653,0.4422,0.4653,0.4653,0.4653,0.4653,0.4653,0.4422,0.463
205,0.4653,0.4653,0.4653,0.4653,0.4653,0.4422,0.4653,0.4653,0.4653,0.4653,0.4653,0.4422,0.463
206,0.4653,0.4653,0.4653,0.4653,0.4653,0.4422,0.4653,0.4653,0.4653,0.4653,0.4653,0.4422,0.463
207,0.4653,0.4653,0.4653,0.4653,0.4653,0.4422,0.4653,0.4653,0.4653,0.4653,0.4653,0.4422,0.463
208,0.4653,0.4653,0.4653,0.4653,0.4653,0.4422,0.4653,0.4653,0.4653,0.4653,0.4653,0.4422,0.463
209,0.4653,0.4653,0.4653,0.4653,0.4653,0.4422,0.4653,0.4653,0.4653,0.4653,0.4653,0.4422,0.463
210,0.4653,0.4653,0.4653,0.4653,0.4653,0.4422,0.4653,0.4653,0.4653,0.4653,0.4653,0.4422,0.463
211,0.4653,0.4653,0.4653,0.4653,0.4653,0.4422,0.4653,0.4653,0.4653,0.4653,0.4653,0.4422,0.463
212,0.4653,0.4653,0.4653,0.4653,0.4653,0.4422,0.4653,0.4653,0.4653,0.4653,0.4653,0.4422,0.463
213,0.4653,0.4653,0.4653,0.4653,0.4653,0.4422,0.4653,0.4653,0.4653,0.4653,0.4653,0.4422,0.463
214,0.4653,0.4653,0.4653,0.4653,0.4653,0.4422,0.4653,0.4653,0.4653,0.4653,0.4653,0.4422,0.463
215,0.4653,0.4653,0.4653,0.4653,0.4653,0.4422,0.4653,0.4653,0.4653,0.4653,0.4653,0.4422,0.463
216,0.4653,0.4653,0.4653,0.4653,0.4653,0.4422,0.4653,0.4653,0.4653,0.4653,0.4653,0.4422,0.463
217,0.4653,0.4653,0.4653,0.4653,0.4653,0.4422,0.4653,0.4653,0.4653,0.4653,0.4653,0.4422,0.463
218,0.4653,0.4653,0.4653,0.4653,0.4653,0.4422,0.4653,0.4653,0.4653,0.4653,0.4653,0.4422,0.463
219,0.4653,0.4653,0.4653,0.4653,0.4653,0.4422,0.4653,0.4653,0.4653,0.4653,0.4653,0.4422,0.463
220,0.4653,0.4653,0.4653,0.4653,0.4653,0.4422,0.4653,0.4653,0.4653,0.4653,0.4653,0.4422,0.463
221,0.4653,0.4653,0.4653,0.4653,0.4653,0.4422,0.4653,0.4653,0.4653,0.4653,0.4653,0.4422,0.463
222,0.4653,0.4653,0.4653,0.4653,0.4653,0.4422,0.4653,0.4653,0.4653,0.4653,0.4653,0.4422,0.463
223,0.4653,0.4653,0.4653,0.4653,0.4653,0.4422,0.4653,0.4653,0.4653,0.4653,0.4653,0.4422,0.463
224,0.4653,0.4653,0.4653,0.4653,0.4653,0.4422,0.4653,0.4653,0.4653,0.4653,0.4653,0.4422,0.463
225,0.4653,0.4653,0.4653,0.4653,0.4653,0.4422,0.4653,0.4653,0.4653,0.4653,0.4653,0.4422,0.463
226,0.4653,0.4653,0.4653,0.4653,0.4653,0.4422,0.4653,0.4653,0.4653,0.4653,0.4653,0.4422,0.463
227,0.4653,0.4653,0.4653,0.4653,0.4653,0.4422,0.4653,0.4653,0.4653,0.4653,0.4653,0.4422,0.463
228,0.4653,0.4653,0.4653,0.4653,0.4653,0.4422,0.4653,0.4653,0.4653,0.4653,0.4653,0.4422,0.463
229,0.4653,0.4653,0.4653,0.4653,0.4653,0.4422,0.4653,0.4653,0.4653,0.4653,0.4653,0.4422,0.463
230,0.4653,0.4653,0.4653,0.4653,0.4653,0.4422,0.4653,0.4653,0.4653,0.4653,0.4653,0.4422,0.463
231,0.4653,0.4653,0.4653,0.4653,0.4653,0.4422,0.4653,0.4653,0.4653,0.4653,0.4653,0.4422,0.463
232,0.4653,0.4653,0.4653,0.4653,0.4653,0.4422,0.4653,0.4653,0.4653,0.4653,0.4653,0.4422,0.463
233,0.4653,0.4653,0.4653,0.4653,0.4653,0.4422,0.4653,0.4653,0.4653,0.4653,0.4653,0.4422,0.463
234,0.4653,0.4653,0.4653,0.4653,0.4653,0.4422,0.4653,0.4653,0.4653,0.4653,0.4653,0.4422,0.463
235,0.4653,0.4653,0.4653,0.4653,0.4653,0.4422,0.4653,0.4653,0.4653,0.4653,0.4653,0.4422,0.463
236,0.4653,0.4653,0.4653,0.4653,0.4653,0.4422,0.4653,0.4653,0.4653,0.4653,0.4653,0.4422,0.463
237,0.4653,0.4653,0.4653,0.4653,0.4653,0.4422,0.4653,0.4653,0.4653,0.4653,0.4653,0.4422,0.463
238,0.4653,0.4653,0.4653,0.4653,0.4653,0.4422,0.4653,0.4653,0.4653,0.4653,0.4653,0.4422,0.463
239,0.4653,0.4653,0.4653,0.4653,0.4653,0.4422,0.4653,0.4653,0.4653,0.4653,0.4653,0.4422,0.463
240,0.4653,0.4653,0.4653,0.4653,0.4653,0.4422,0.4653,0.4653,0.4653,0.4653,0.4653,0.4422,0.463
241,0.4653,0.4653,0.4653,0.4653,0.4653,0.4422,0.4653,0.4653,0.4653,0.4653,0.4653,0.4422,0.463
242,0.4653,0.4653,0.4653,0.4653,0.4653,0.4422,0.4653,0.4653,0.4653,0.4653,0.4653,0.4422,0.463
243,0.4653,0.4653,0.4653,0.4653,0.4653,0.4422,0.4653,0.4653,0.4653,0.4653,0.4653,0.4422,0.463
244,0.4653,0.4653,0.4653,0.4653,0.4653,0.4422,0.4653,0.4653,0.4653,0.4653,0.4653,0.4422,0.463
245,0.4653,0.4653,0.4653,0.4653,0.4653,0.4422,0.4653,0.4653,0.4653,0.4653,0.4653,0.4422,0.463
246,0.4653,0.4653,0.4653,0.4653,0.4653,0.4422,0.4653,0.4653,0.4653,0.4653,0.4653,0.4422,0.463
247,0.4653,0.4653,0.4653,0.4653,0.4653,0.4422,0.4653,0.4653,0.4653,0.4653,0.4653,0.4422,0.463
248,0.4653,0.4653,0.4653,0.4653,0.4653,0.4422,0.4653,0.4653,0.4653,0.4653,0.4653,0.4422,0.463
249,0.4653,0.4653,0.4653,0.4653,0.4653,0.4422,0.4653,0.4653,0.4653,0.4653,0.4653,0.4422,0.463
250,0.4653,0.4653,0.4653,0.4653,0.4653,0.4422,0.4653,0.4653,0.4653,0.4653,0.4653,0.4422,0.463
251,0.4653,0.4653,0.4653,0.4653,0.4653,0.4422,0.4653,0.4653,0.4653,0.4653,0.4653,0.4422,0.463
252,0.4653,0.4653,0.4653,0.4653,0.4653,0.4422,0.4653,0.4653,0.4653,0.4653,0.4653,0.4422,0.463
253,0.4653,0.4653,0.4653,0.4653,0.4653,0.4422,0.4653,0.4653,0.4653,0.4653,0.4653,0.4422,0.463
254,0.4653,0.4653,0.4653,0.4653,0.4653,0.4422,0.4653,0.4653,0.4653,0.4653,0.4653,0.4422,0.463
255,0.4653,0.4653,0.4653,0.4653,0.4653,0.4422,0.4653,0.4653,0.4653,0.4653,0.4653,0.4422,0.463
256,0.4653,0.4653,0.4653,0.4653,0.4653,0.4422,0.4653,0.4653,0.4653,0.4653,0.4653,0.4422,0.463
257,0.4653,0.4653,0.4653,0.4653,0.4653,0.4422,0.4653,0.4653,0.4653,0.4653,0.4653,0.4422,0.463
258,0.4653,0.4653,0.4653,0.4653,0.4653,0.4422,0.4653,0.4653,0.4653,0.4653,0.4653,0.4422,0.463
259,0.4653,0.4653,0.4653,0.4653,0.4653,0.4422,0.4653,0.4653,0.4653,0.4653,0.4653,0.4422,0.463
260,0.4653,0.4653,0.4653,0.4653,0.4653,0.4422,0.4653,0.4653,0.4653,0.4653,0.4653,0.4422,0.463
261,0.4653,0.4653,0.4653,0.4653,0.4653,0.4422,0.4653,0.4653,0.4653,0.4653,0.4653,0.4422,0.463
262,0.4653,0.4653,0.4653,0.4653,0.4653,0.4422,0.4653,0.4653,0.4653,0.4653,0.4653,0.4422,0.463
263,0.4653,0.4653,0.4653,0.4653,0.4653,0.4422,0.4653,0.4653,0.4653,0.4653,0.4653,0.4422,0.463
264,0.4653,0.4653,0.4653,0.4653,0.4653,0.4422,0.4653,0.4653,0.4653,0.4653,0.4653,0.4422,0.463
265,0.4653,0.4653,0.4653,0.4653,0.4653,0.4422,0.4653,0.4653,0.4653,0.4653,0.4653,0.4422,0.463
266,0.4653,0.4653,0.4653,0.4653,0.4653,0.4422,0.4653,0.4653,0.4653,0.4653,0.4653,0.4422,0.463
267,0.4653,0.4653,0.4653,0.4653,0.4653,0.4422,0.4653,0.4653,0.4653,0.4653,0.4653,0.4422,0.463
268,0.4653,0.4653,0.4653,0.4653,0.4653,0.4422,0.4653,0.4653,0.4653,0.4653,0.4653,0.4422,0.463
269,0.4653,0.4653,0.4653,0.4653,0.4653,0.4422,0.4653,0.4653,0.4653,0.4653,0.4653,0.4422,0.463
270,0.4653,0.4653,0.4653,0.4653,0.4653,0.4422,0.4653,0.4653,0.4653,0.4653,0.4653,0.4422,0.463
271,0.4653,0.4653,0.4653,0.4653,0.4653,0.4422,0.4653,0.4653,0.4653,0.4653,0.4653,0.4422,0.463
272,0.4653,0.4653,0.4653,0.4653,0.4653,0.4422,0.4653,0.4653,0.4653,0.4653,0.4653,0.4422,0.463
273,0.4653,0.4653,0.4653,0.4653,0.4653,0.4422,0.4653,0.4653,0.4653,0.4653,0.4653,0.4422,0.463
274,0.4653,0.4653,0.4653,0.4653,0.4653,0.4422,0.4653,0.4653,0.4653,0.4653,0.4653,0.4422,0.463
275,0.4653,0.4653,0.4653,0.4653,0.4653,0.4422,0.4653,0.4653,0.4653,0.4653,0.4653,0.4422,0.463
276,0.4653,0.4653,0.4653,0.4653,0.4653,0.4422,0.4653,0.4653,0.4653,0.4653,0.4653,0.4422,0.463
277,0.4653,0.4653,0.4653,0.4653,0.4653,0.4422,0.4653,0.4653,0.4653,0.4653,0.4653,0.4422,0.463
278,0.4653,0.4653,0.4653,0.4653,0.4653,0.4422,0.4653,0.4653,0.4653,0.4653,0.4653,0.4422,0.463
279,0.4653,0.4653,0.4653,0.4653,0.4653,0.4422,0.4653,0.4653,0.4653,0.4653,0.4653,0.4422,0.463
280,0.4653,0.4653,0.4653,0.4653,0.4653,0.4422,0.4653,0.4653,0.4653,0.4653,0.4653,0.4422,0.463
281,0.4653,0.4653,0.4653,0.4653,0.4653,0.4422,0.4653,0.4653,0.4653,0.4653,0.4653,0.4422,0.463
282,0.4653,0.4653,0.4653,0.4653,0.4653,0.4422,0.4653,0.4653,0.4653,0.4653,0.4653,0.4422,0.463
283,0.4653,0.4653,0.4653,0.4653,0.4653,0.4422,0.4653,0.4653,0.4653,0.4653,0.4653,0.4422,0.463
284,0.4653,0.4653,0.4653,0.4653,0.4653,0.4422,0.4653,0.4653,0.4653,0.4653,0.4653,0.4422,0.463
285,0.4653,0.4653,0.4653,0.4653,0.4653,0.4422,0.4653,0.4653,0.4653,0.4653,0.4653,0.4422,0.463
286,0.4653,0.4653,0.4653,0.4653,0.4653,0.4422,0.4653,0.4653,0.4653,0.4653,0.4653,0.4422,0.463
287,0.4653,0.4653,0.4653,0.4653,0.4653,0.4422,0.4653,0.4653,0.4653,0.4653,0.4653,0.4422,0.463
288,0.4653,0.4653,0.4653,0.4653,0.4653,0.4422,0.4653,0.4653,0.4653,0.4653,0.4653,0.4422,0.463
289,0.4653,0.4653,0.4653,0.4653,0.4653,0.4422,0.4653,0.4653,0.4653,0.4653,0.4653,0.4422,0.463
290,0.4653,0.4653,0.4653,0.4653,0.4653,0.4422,0.4653,0.4653,0.4653,0.4653,0.4653,0.4422,0.463
291,0.4653,0.4653,0.4653,0.4653,0.4653,0.4422,0.4653,0.4653,0.4653,0.4653,0.4653,0.4422,0.463
292,0.4653,0.4653,0.4653,0.4653,0.4653,0.4422,0.4653,0.4653,0.4653,0.4653,0.4653,0.4422,0.463
293,0.4653,0.4653,0.4653,0.4653,0.4653,0.4422,0.4653,0.4653,0.4653,0.4653,0.4653,0.4422,0.463
294,0.4653,0.4653,0.4653,0.4653,0.4653,0.4422,0.4653,0.4653,0.4653,0.4653,0.4653,0.4422,0.463
295,0.4653,0.4653,0.4653,0.4653,0.4653,0.4422,0.4653,0.4653,0.4653,0.4653,0.4653,0.4422,0.463
296,0.4653,0.4653,0.4653,0.4653,0.4653,0.4422,0.4653,0.4653,0.4653,0.4653,0.4653,0.4422,0.463
297,0.4653,0.4653,0.4653,0.4653,0.4653,0.4422,0.4653,0.4653,0.4653,0.4653,0.4653,0.4422,0.463
298,0.4653,0.4653,0.4653,0.4653,0.4653,0.4422,0.4653,0.4653,0.4653,0.4653,0.4653,0.4422,0.463
299,0.4653,0.4653,0.4653,0.4653,0.4653,0.4422,0.4653,0.4653,0.4653,0.4653,0.4653,0.4422,0.463
300,0.4653,0.4653,0.4653,0.4653,0.4653,0.4422,0.4653,0.4653,0.4653,0.4653,0.4653,0.4422,0.463
301,0.4653,0.4653,0.4653,0.4653,0.4653,0.4422,0.4653,0.4653,0.4653,0.4653,0.4653,0.4422,0.463
302,0.4653,0.4653,0.4653,0.4653,0.4653,0.4422,0.4653,0.4653,0.4653,0.4653,0.4653,0.4422,0.463
303,0.4653,0.4653,0.4653,0.4653,0.4653,0.4422,0.4653,0.4653,0.4653,0.4653,0.4653,0.4422,0.463
304,0.4653,0.4653,0.4653,0.4653,0.4653,0.4422,0.4653,0.4653,0.4653,0.4653,0.4653,0.4422,0.463
305,0.4653,0.4653,0.4653,0.4653,0.4653,0.4422,0.4653,0.4653,0.4653,0.4653,0.4653,0.4422,0.463
306,0.4653,0.4653,0.4653,0.4653,0.4653,0.4422,0.4653,0.4653,0.4653,0.4653,0.4653,0.4422,0.463
307,0.4653,0.4653,0.4653,0.4653,0.4653,0.4422,0.4653,0.4653,0.4653,0.4653,0.4653,0.4422,0.463
308,0.4653,0.4653,0.4653,0.4653,0.4653,0.4422,0.4653,0.4653,0.4653,0.4653,0.4653,0.4422,0.463
309,0.4653,0.4653,0.4653,0.4653,0.4653,0.4422,0.4653,0.4653,0.4653,0.4653,0.4653,0.4422,0.463
310,0.4653,0.4653,0.4653,0.4653,0.4653,0.4422,0.4653,0.4653,0.4653,0.4653,0.4653,0.4422,0.463
311,0.4653,0.4653,0.4653,0.4653,0.4653,0.4422,0.4653,0.4653,0.4653,0.4653,0.4653,0.4422,0.463
312,0.4653,0.4653,0.4653,0.4653,0.4653,0.4422,0.4653,0.4653,0.4653,0.4653,0.4653,0.4422,0.463
313,0.4653,0.4653,0.4653,0.4653,0.4653,0.4422,0.4653,0.4653,0.4653,0.4653,0.4653,0.4422,0.463
314,0.4653,0.4653,0.4653,0.4653,0.4653,0.4422,0.4653,0.4653,0.4653,0.4653,0.4653,0.4422,0.463
315,0.4653,0.4653,0.4653,0.4653,0.4653,0.4422,0.4653,0.4653,0.4653,0.4653,0.4653,0.4422,0.463
316,0.4653,0.4653,0.4653,0.4653,0.4653,0.4422,0.4653,0.4653,0.4653,0.4653,0.4653,0.4422,0.463
317,0.4653,0.4653,0.4653,0.4653,0.4653,0.4422,0.4653,0.4653,0.4653,0.4653,0.4653,0.4422,0.463
318,0.4653,0.4653,0.4653,0.4653,0.4653,0.4422,0.4653,0.4653,0.4653,0.4653,0.4653,0.4422,0.463
319,0.4653,0.4653,0.4653,0.4653,0.4653,0.4422,0.4653,0.4653,0.4653,0.4653,0.4653,0.4422,0.463
320,0.4653,0.4653,0.4653,0.4653,0.4653,0.4422,0.4653,0.4653,0.4653,0.4653,0.4653,0.4422,0.463
321,0.4653,0.4653,0.4653,0.4653,0.4653,0.4422,0.4653,0.4653,0.4653,0.4653,0.4653,0.4422,0.463
322,0.4653,0.4653,0.4653,0.4653,0.4653,0.4422,0.4653,0.4653,0.4653,0.4653,0.4653,0.4422,0.463
323,0.4653,0.4653,0.4653,0.4653,0.4653,0.4422,0.4653,0.4653,0.4653,0.4653,0.4653,0.4422,0.463
324,0.4653,0.4653,0.4653,0.4653,0.4653,0.4422,0.4653,0.4653,0.4653,0.4653,0.4653,0.4422,0.463
325,0.4653,0.4653,0.4653,0.4653,0.4653,0.4422,0.4653,0.4653,0.4653,0.4653,0.4653,0.4422,0.463
326,0.4653,0.4653,0.4653,0.4653,0.4653,0.4422,0.4653,0.4653,0.4653,0.4653,0.4653,0.4422,0.463
327,0.4653,0.4653,0.4653,0.4653,0.4653,0.4422,0.4653,0.4653,0.4653,0.4653,0.4653,0.4422,0.463
328,0.4653,0.4653,0.4653,0.4653,0.4653,0.4422,0.4653,0.4653,0.4653,0.4653,0.4653,0.4422,0.463
329,0.4653,0.4653,0.4653,0.4653,0.4653,0.4422,0.4653,0.4653,0.4653,0.4653,0.4653,0.4422,0.463
330,0.4653,0.4653,0.4653,0.4653,0.4653,0.4653,0.4653,0.4653,0.4653,0.4653,0.4653,0.4653,0.4653
331,0.4653,0.4653,0.4653,0.4653,0.4653,0.4653,0.4653,0.4653,0.4653,0.4653,0.4653,0.4653,0.4653
332,0.4653,0.4653,0.4653,0.4653,0.4653,0.4653,0.4653,0.4653,0.4653,0.4653,0.4653,0.4653,0.4653
333,0.4653,0.4653,0.4653,0.4653,0.4653,0.4653,0.4653,0.4653,0.4653,0.4653,0.4653,0.4653,0.4653
334,0.4653,0.4653,0.4653,0.4653,0.4653,0.4653,0.4653,0.4653,0.4653,0.4653,0.4653,0.4653,0.4653
335,0.4653,0.4653,0.4653,0.4653,0.4653,0.4653,0.4653,0.4653,0.4653,0.4653,0.4653,0.4653,0.4653
336,0.4653,0.4653,0.4653,0.4653,0.4653,0.4653,0.4653,0.4653,0.4653,0.4653,0.4653,0.4653,0.4653
337,0.4653,0.4653,0.4653,0.4653,0.4653,0.4653,0.4653,0.4653,0.4653,0.4653,0.4653,0.4653,0.4653
338,0.4653,0.4653,0.4653,0.4653,0.4653,0.4653,0.4653,0.4653,0.4653,0.4653,0.4653,0.4653,0.4653
339,0.4653,0.4653,0.4653,0.4653,0.4653,0.4653,0.4653,0.4653,0.4653,0.4653,0.4653,0.4653,0.4653
340,0.4653,0.4653,0.4653,0.4653,0.4653,0.4653,0.4653,0.4653,0.4653,0.4653,0.4653,0.4653,0.4653
341,0.4653,0.4653,0.4653,0.4653,0.4653,0.4653,0.4653,0.4653,0.4653,0.4653,0.4653,0.4653,0.4653
342,0.4653,0.4653,0.4653,0.4653,0.4653,0.4653,0.4653,0.4653,0.4653,0.4653,0.4653,0.4653,0.4653
343,0.4653,0.4653,0.4653,0.4653,0.4653,0.4653,0.4653,0.4653,0.4653,0.4653,0.4653,0.4653,0.4653
344,0.4653,0.4653,0.4653,0.4653,0.4653,0.4653,0.4653,0.4653,0.4653,0.4653,0.4653,0.4653,0.4653
345,0.4653,0.4653,0.4653,0.4653,0.4653,0.4653,0.4653,0.4653,0.4653,0.4653,0.4653,0.4653,0.4653
346,0.4653,0.4653,0.4653,0.4653,0.4653,0.4653,0.4653,0.4653,0.4653,0.4653,0.4653,0.4653,0.4653
347,0.4653,0.4653,0.4653,0.4653,0.4653,0.4653,0.4653,0.4653,0.4653,0.4653,0.4653,0.4653,0.4653
348,0.4653,0.4653,0.4653,0.4653,0.4653,0.4653,0.4653,0.4653,0.4653,0.4653,0.4653,0.4653,0.4653
349,0.4653,0.4653,0.4653,0.4653,0.4653,0.4653,0.4653,0.4653,0.4653,0.4653,0.4653,0.4653,0.4653
350,0.4653,0.4653,0.4653,0.4653,0.4653,0.4653,0.4653,0.4653,0.4653,0.4653,0.4653,0.4653,0.4653
351,0.4653,0.4653,0.4653,0.4653,0.4653,0.4653,0.4653,0.4653,0.4653,0.4653,0.4653,0.4653,0.4653
352,0.4653,0.4653,0.4653,0.4653,0.4653,0.4653,0.4653,0.4653,0.4653,0.4653,0.4653,0.4653,0.4653
353,0.4653,0.4653,0.4653,0.4653,0.4653,0.4653,0.4653,0.4653,0.4653,0.4653,0.4653,0.4653,0.4653
354,0.4653,0.4653,0.4653,0.4653,0.4653,0.4653,0.4653,0.4653,0.4653,0.4653,0.4653,0.4653,0.4653
355,0.4653,0.4653,0.4653,0.4653,0.4653,0.4653,0.4653,0.4653,0.4653,0.4653,0.4653,0.4653,0.4653
356,0.4653,0.4653,0.4653,0.4653,0.4653,0.4653,0.4653,0.4653,0.4653,0.4653,0.4653,0.4653,0.4653
357,0.4653,0.4653,0.4653,0.4653,0.4653,0.4653,0.4653,0.4653,0.4653,0.4653,0.4653,0.4653,0.4653
358,0.4653,0.4653,0.4653,0.4653,0.4653,0.4653,0.4653,0.4653,0.4653,0.4653,0.4653,0.4653,0.4653
359,0.4653,0.4653,0.4653,0.4653,0.4653,0.4653,0.4653,0.4653,0.4653,0.4653,0.4653,0.4653,0.4653
360,0.4653,0.4653,0.4653,0.4653,0.4653,0.4653,0.4653,0.4653,0.4653,0.4653,0.4653,0.4653,0.4653
361,0.4653,0.4653,0.4653,0.4653,0.4653,0.4653,0.4653,0.4653,0.4653,0.4653,0.4653,0.4653,0.4653
362,0.4653,0.4653,0.4653,0.4653,0.4653,0.4653,0.4653,0.4653,0.4653,0.4653,0.4653,0.4653,0.4653
363,0.4653,0.4653,0.4653,0.4653,0.4653,0.4653,0.4653,0.4653,0.4653,0.4653,0.4653,0.4653,0.4653
364,0.4653,0.4653,0.4653,0.4653,0.4653,0.4653,0.4653,0.4653,0.4653,0.4653,0.4653,0.4653,0.4653
365,0.4653,0.4653,0.4653,0.4653,0.4653,0.4653,0.4653,0.4653,0.4653,0.4653,0.4653,0.4653,0.4653
366,0.4653,0.4653,0.4653,0.4653,0.4653,0.4653,0.4653,0.4653,0.4653,0.4653,0.4653,0.4653,0.4653
367,0.4653,0.4653,0.4653,0.4653,0.4653,0.4653,0.4653,0.4653,0.4653,0.4653,0.4653,0.4653,0.4653
368,0.4653,0.4653,0.4653,0.4653,0.4653,0.4653,0.4653,0.4653,0.4653,0.4653,0.4653,0.4653,0.4653
369,0.4653,0.4653,0.4653,0.4653,0.4653,0.4653,0.4653,0.4653,0.4653,0.4653,0.4653,0.4653,0.4653
370,0.4653,0.4653,0.4653,0.4653,0.4653,0.4653,0.4653,0.4653,0.4653,0.4653,0.4653,0.4653,0.4653
371,0.4653,0.4653,0.4653,0.4653,0.4653,0.4653,0.4653,0.4653,0.4653,0.4653,0.4653,0.4653,0.4653
372,0.4653,0.4653,0.4653,0.4653,0.4653,0.4653,0.4653,0.4653,0.4653,0.4653,0.4653,0.4653,0.4653
373,0.4653,0.4653,0.4653,0.4653,0.4653,0.4653,0.4653,0.4653,0.4653,0.4653,0.4653,0.4653,0.4653
374,0.4653,0.4653,0.4653,0.4653,0.4653,0.4653,0.4653,0.4653,0.4653,0.4653,0.4653,0.4653,0.4653
375,0.4653,0.4653,0.4653,0.4653,0.4653,0.4653,0.4653,0.4653,0.4653,0.4653,0.4653,0.4653,0.4653
376,0.4653,0.4653,0.4653,0.4653,0.4653,0.4653,0.4653,0.4653,0.4653,0.4653,0.4653,0.4653,0.4653
377,0.4653,0.4653,0.4653,0.4653,0.4653,0.4653,0.4653,0.4653,0.4653,0.4653,0.4653,0.4653,0.4653
378,0.4653,0.4653,0.4653,0.4653,0.4653,0.4653,0.4653,0.4653,0.4653,0.4653,0.4653,0.4653,0.4653
379,0.4653,0.4653,0.4653,0.4653,0.4653,0.4653,0.4653,0.4653,0.4653,0.4653,0.4653,0.4653,0.4653
380,0.4653,0.4653,0.4653,0.4653,0.4653,0.4653,0.4653,0.4653,0.4653,0.4653,0.4653,0.4653,0.4653
381,0.4653,0.4653,0.4653,0.4653,0.4653,0.4653,0.4653,0.4653,0.4653,0.4653,0.4653,0.4653,0.4653
382,0.4653,0.4653,0.4653,0.4653,0.4653,0.4653,0.4653,0.4653,0.4653,0.4653,0.4653,0.4653,0.4653
383,0.4653,0.4653,0.4653,0.4653,0.4653,0.4653,0.4653,0.4653,0.4653,0.4653,0.4653,0.4653,0.4653
384,0.4653,0.4653,0.4653,0.4653,0.4653,0.4653,0.4653,0.4653,0.4653,0.4653,0.4653,0.4653,0.4653
385,0.4653,0.4653,0.4653,0.4653,0.4653,0.4653,0.4653,0.4653,0.4653,0.4653,0.4653,0.4653,0.4653
386,0.4653,0.4653,0.4653,0.4653,0.4653,0.4653,0.4653,0.4653,0.4653,0.4653,0.4653,0.4653,0.4653
387,0.4653,0.4653,0.4653,0.4653,0.4653,0.4653,0.4653,0.4653,0.4653,0.4653,0.4653,0.4653,0.4653
388,0.4653,0.4653,0.4653,0.4653,0.4653,0.4653,0.4653,0.4653,0.4653,0.4653,0.4653,0.4653,0.4653
389,0.4653,0.4653,0.4653,0.4653,0.4653,0.4653,0.4653,0.4653,0.4653,0.4653,0.4653,0.4653,0.4653
390,0.4653,0.4653,0.4653,0.4653,0.4653,0.4653,0.4653,0.4653,0.4653,0.4653,0.4653,0.4653,0.4653
391,0.4653,0.4653,0.4653,0.4653,0.4653,0.4653,0.4653,0.4653,0.4653,0.4653,0.4653,0.4653,0.4653
392,0.4653,0.4653,0.4653,0.4653,0.4653,0.4653,0.4653,0.4653,0.4653,0.4653,0.4653,0.4653,0.4653
393,0.4653,0.4653,0.4653,0.4653,0.4653,0.4653,0.4653,0.4653,0.4653,0.4653,0.4653,0.4653,0.4653
394,0.4653,0.4653,0.4653,0.4653,0.4653,0.4653,0.4653,0.4653,0.4653,0.4653,0.4653,0.4653,0.4653
395,0.4653,0.4653,0.4653,0.4653,0.4653,0.4653,0.4653,0.4653,0.4653,0.4653,0.4653,0.4653,0.4653
396,0.4653,0.4653,0.4653,0.4653,0.4653,0.4653,0.4653,0.4653,0.4653,0.4653,0.4653,0.4653,0.4653
397,0.4653,0.4653,0.4653,0.4653,0.4653,0.4653,0.4653,0.4653,0.4653,0.4653,0.4653,0.4653,0.4653
398,0.4653,0.4653,0.4653,0.4653,0.4653,0.4653,0.4653,0.4653,0.4653,0.4653,0.4653,0.4653,0.4653
399,0.4653,0.4653,0.4653,0.4653,0.4653,0.4653,0.4653,0.4653,0.4653,0.4653,0.4653,0.4653,0.4653
400,0.4653,0.4653,0.4653,0.4653,0.4653,0.4653,0.4653,0.4653,0.4653,0.4653,0.4653,0.4653,0.4653
401,0.4653,0.4653,0.4653,0.4653,0.4653,0.4653,0.4653,0.4653,0.4653,0.4653,0.4653,0.4653,0.4653
402,0.4653,0.4653,0.4653,0.4653,0.4653,0.4653,0.4653,0.4653,0.4653,0.4653,0.4653,0.4653,0.4653
403,0.4653,0.4653,0.4653,0.4653,0.4653,0.4653,0.4653,0.4653,0.4653,0.4653,0.4653,0.4653,0.4653
404,0.4653,0.4653,0.4653,0.4653,0.4653,0.4653,0.4653,0.4653,0.4653,0.4653,0.4653,0.4653,0.4653
405,0.4653,0.4653,0.4653,0.4653,0.4653,0.4653,0.4653,0.4653,0.4653,0.4653,0.4653,0.4653,0.4653
406,0.4653,0.4653,0.4653,0.4653,0.4653,0.4653,0.4653,0.4653,0.4653,0.4653,0.4653,0.4653,0.4653
407,0.4653,0.4653,0.4653,0.4653,0.4653,0.4653,0.4653,0.4653,0.4653,0.4653,0.4653,0.4653,0.4653
408,0.4653,0.4653,0.4653,0.4653,0.4653,0.4653,0.4653,0.4653,0.4653,0.4653,0.4653,0.4653,0.4653
409,0.4653,0.4653,0.4653,0.4653,0.4653,0.4653,0.4653,0.4653,0.4653,0.4653,0.4653,0.4653,0.4653
410,0.4653,0.4653,0.4653,0.4653,0.4653,0.4653,0.4653,0.4653,0.4653,0.4653,0.4653,0.4653,0.4653
411,0.4653,0.4653,0.4653,0.4653,0.4653,0.4653,0.4653,0.4653,0.4653,0.4653,0.4653,0.4653,0.4653
412,0.4653,0.4653,0.4653,0.4653,0.4653,0.4653,0.4653,0.4653,0.4653,0.4653,0.4653,0.4653,0.4653
413,0.4653,0.4653,0.4653,0.4653,0.4653,0.4653,0.4653,0.4653,0.4653,0.4653,0.4653,0.4653,0.4653
414,0.4653,0.4653,0.4653,0.4653,0.4653,0.4653,0.4653,0.4653,0.4653,0.4653,0.4653,0.4653,0.4653
415,0.4653,0.4653,0.4653,0.4653,0.4653,0.4653,0.4653,0.4653,0.4653,0.4653,0.4653,0.4653,0.4653
416,0.4653,0.4653,0.4653,0.4653,0.4653,0.4653,0.4653,0.4653,0.4653,0.4653,0.4653,0.4653,0.4653
417,0.4653,0.4653,0.4653,0.4653,0.4653,0.4653,0.4653,0.4653,0.4653,0.4653,0.4653,0.4653,0.4653
418,0.4653,0.4653,0.4653,0.4653,0.4653,0.4653,0.4653,0.4653,0.4653,0.4653,0.4653,0.4653,0.4653
419,0.4653,0.4653,0.4653,0.4653,0.4653,0.4653,0.4653,0.4653,0.4653,0.4653,0.4653,0.4653,0.4653
420,0.4653,0.4653,0.4653,0.4653,0.4653,0.4653,0.4653,0.4653,0.4653,0.4653,0.4653,0.4653,0.4653
421,0.4653,0.4653,0.4653,0.4653,0.4653,0.4653,0.4653,0.4653,0.4653,0.4653,0.4653,0.4653,0.4653
422,0.4653,0.4653,0.4653,0.4653,0.4653,0.4653,0.4653,0.4653,0.4653,0.4653,0.4653,0.4653,0.4653
423,0.4653,0.4653,0.4653,0.4653,0.4653,0.4653,0.4653,0.4653,0.4653,0.4653,0.4653,0.4653,0.4653
424,0.4653,0.4653,0.4653,0.4653,0.4653,0.4653,0.4653,0.4653,0.4653,0.4653,0.4653,0.4653,0.4653
425,0.4653,0.4653,0.4653,0.4653,0.4653,0.4653,0.4653,0.4653,0.4653,0.4653,0.4653,0.4653,0.4653
426,0.4653,0.4653,0.4653,0.4653,0.4653,0.4653,0.4653,0.4653,0.4653,0.4653,0.4653,0.4653,0.4653
427,0.4653,0.4653,0.4653,0.4653,0.4653,0.4653,0.4653,0.4653,0.4653,0.4653,0.4653,0.4653,0.4653
428,0.4653,0.4653,0.4653,0.4653,0.4653,0.4653,0.4653,0.4653,0.4653,0.4653,0.4653,0.4653,0.4653
429,0.4653,0.4653,0.4653,0.4653,0.4653,0.4653,0.4653,0.4653,0.4653,0.4653,0.4653,0.4653,0.4653
430,0.4653,0.4653,0.4653,0.4653,0.4653,0.4653,0.4653,0.4653,0.4653,0.4653,0.4653,0.4653,0.4653
431,0.4653,0.4653,0.4653,0.4653,0.4653,0.4653,0.4653,0.4653,0.4653,0.4653,0.4653,0.4653,0.4653
432,0.4653,0.4653,0.4653,0.4653,0.4653,0.4653,0.4653,0.4653,0.4653,0.4653,0.4653,0.4653,0.4653
433,0.4653,0.4653,0.4653,0.4653,0.4653,0.4653,0.4653,0.4653,0.4653,0.4653,0.4653,0.4653,0.4653
434,0.4653,0.4653,0.4653,0.4653,0.4653,0.4653,0.4653,0.4653,0.4653,0.4653,0.4653,0.4653,0.4653
435,0.4653,0.4653,0.4653,0.4653,0.4653,0.4653,0.4653,0.4653,0.4653,0.4653,0.4653,0.4653,0.4653
436,0.4653,0.4653,0.4653,0.4653,0.4653,0.4653,0.4653,0.4653,0.4653,0.4653,0.4653,0.4653,0.4653
437,0.4653,0.4653,0.4653,0.4653,0.4653,0.4653,0.4653,0.4653,0.4653,0.4653,0.4653,0.4653,0.4653
438,0.4653,0.4653,0.4653,0.4653,0.4653,0.4653,0.4653,0.4653,0.4653,0.4653,0.4653,0.4653,0.4653
439,0.4653,0.4653,0.4653,0.4653,0.4653,0.4653,0.4653,0.4653,0.4653,0.4653,0.4653,0.4653,0.4653
440,0.4653,0.4653,0.4653,0.4653,0.4653,0.4653,0.4653,0.4653,0.4653,0.4653,0.4653,0.4653,0.4653
441,0.4653,0.4653,0.4653,0.4653,0.4653,0.4653,0.4653,0.4653,0.4653,0.4653,0.4653,0.4653,0.4653
442,0.4653,0.4653,0.4653,0.4653,0.4653,0.4653,0.4653,0.4653,0.4653,0.4653,0.4653,0.4653,0.4653
443,0.4653,0.4653,0.4653,0.4653,0.4653,0.4653,0.4653,0.4653,0.4653,0.4653,0.4653,0.4653,0.4653
444,0.4653,0.4653,0.4653,0.4653,0.4653,0.4653,0.4653,0.4653,0.4653,0.4653,0.4653,0.4653,0.4653
445,0.4653,0.4653,0.4653,0.4653,0.4653,0.4653,0.4653,0.4653,0.4653,0.4653,0.4653,0.4653,0.4653
446,0.4653,0.4653,0.4653,0.4653,0.4653,0.4653,0.4653,0.4653,0.4653,0.4653,0.4653,0.4653,0.4653
447,0.4653,0.4653,0.4653,0.4653,0.4653,0.4653,0.4653,0.4653,0.4653,0.4653,0.4653,0.4653,0.4653
448,0.4653,0.4653,0.4653,0.4653,0.4653,0.4653,0.4653,0.4653,0.4653,0.4653,0.4653,0.4653,0.4653
449,0.4653,0.4653,0.4653,0.4653,0.4653,0.4653,0.4653,0.4653,0.4653,0.4653,0.4653,0.4653,0.4653
450,0.4653,0.4653,0.4653,0.4653,0.4653,0.4653,0.4653,0.4653,0.4653,0.4653,0.4653,0.4653,0.4653
451,0.4653,0.4653,0.4653,0.4653,0.4653,0.4653,0.4653,0.4653,0.4653,0.4653,0.4653,0.4653,0.4653
452,0.4653,0.4653,0.4653,0.4653,0.4653,0.4653,0.4653,0.4653,0.4653,0.4653,0.4653,0.4653,0.4653
453,0.4653,0.4653,0.4653,0.4653,0.4653,0.4653,0.4653,0.4653,0.4653,0.4653,0.4653,0.4653,0.4653
454,0.4653,0.4653,0.4653,0.4653,0.4653,0.4653,0.4653,0.4653,0.4653,0.4653,0.4653,0.4653,0.4653
455,0.4653,0.4653,0.4653,0.4653,0.4653,0.4653,0.4653,0.4653,0.4653,0.4653,0.4653,0.4653,0.4653
456,0.4653,0.4653,0.4653,0.4653,0.4653,0.4653,0.4653,0.4653,0.4653,0.4653,0.4653,0.4653,0.4653
457,0.4653,0.4653,0.4653,0.4653,0.4653,0.4653,0.4653,0.4653,0.4653,0.4653,0.4653,0.4653,0.4653
458,0.4653,0.4653,0.4653,0.4653,0.4653,0.4653,0.4653,0.4653,0.4653,0.4653,0.4653,0.4653,0.4653
459,0.4653,0.4653,0.4653,0.4653,0.4653,0.4653,0.4653,0.4653,0.4653,0.4653,0.4653,0.4653,0.4653
460,0.4653,0.4653,0.4653,0.4653,0.4653,0.4653,0.4653,0.4653,0.4653,0.4653,0.4653,0.4653,0.4653
461,0.4653,0.4653,0.4653,0.4653,0.4653,0.4653,0.4653,0.4653,0.4653,0.4653,0.4653,0.4653,0.4653
462,0.4653,0.4653,0.4653,0.4653,0.4653,0.4653,0.4653,0.4653,0.4653,0.4653,0.4653,0.4653,0.4653
463,0.4653,0.4653,0.4653,0.4653,0.4653,0.4653,0.4653,0.4653,0.4653,0.4653,0.4653,0.4653,0.4653
464,0.4653,0.4653,0.4653,0.4653,0.4653,0.4653,0.4653,0.4653,0.4653,0.4653,0.4653,0.4653,0.4653
465,0.4653,0.4653,0.4653,0.4653,0.4653,0.4653,0.4653,0.4653,0.4653,0.4653,0.4653,0.4653,0.4653
466,0.4653,0.4653,0.4653,0.4653,0.4653,0.4653,0.4653,0.4653,0.4653,0.4653,0.4653,0.4653,0.4653
467,0.4653,0.4653,0.4653,0.4653,0.4653,0.4653,0.4653,0.4653,0.4653,0.4653,0.4653,0.4653,0.4653
468,0.4653,0.4653,0.4653,0.4653,0.4653,0.4653,0.4653,0.4653,0.4653,0.4653,0.4653,0.4653,0.4653
469,0.4653,0.4653,0.4653,0.4653,0.4653,0.4653,0.4653,0.4653,0.4653,0.4653,0.4653,0.4653,0.4653
470,0.4653,0.4653,0.4653,0.4653,0.4653,0.4653,0.4653,0.4653,0.4653,0.4653,0.4653,0.4653,0.4653
471,0.4653,0.4653,0.4653,0.4653,0.4653,0.4653,0.4653,0.4653,0.4653,0.4653,0.4653,0.4653,0.4653
472,0.4653,0.4653,0.4653,0.4653,0.4653,0.4653,0.4653,0.4653,0.4653,0.4653,0.4653,0.4653,0.4653
473,0.4653,0.4653,0.4653,0.4653,0.4653,0.4653,0.4653,0.4653,0.4653,0.4653,0.4653,0.4653,0.4653
474,0.4653,0.4653,0.4653,0.4653,0.4653,0.4653,0.4653,0.4653,0.4653,0.4653,0.4653,0.4653,0.4653
475,0.4653,0.4653,0.4653,0.4653,0.4653,0.4653,0.4653,0.4653,0.4653,0.4653,0.4653,0.4653,0.4653
476,0.4653,0.4653,0.4653,0.4653,0.4653,0.4653,0.4653,0.4653,0.4653,0.4653,0.4653,0.4653,0.4653
477,0.4653,0.4653,0.4653,0.4653,0.4653,0.4653,0.4653,0.4653,0.4653,0.4653,0.4653,0.4653,0.4653
478,0.4653,0.4653,0.4653,0.4653,0.4653,0.4653,0.4653,0.4653,0.4653,0.4653,0.4653,0.4653,0.4653
479,0.4653,0.4653,0.4653,0.4653,0.4653,0.4653,0.4653,0.4653,0.4653,0.4653,0.4653,0.4653,0.4653
480,0.4653,0.4653,0.4653,0.4653,0.4653,0.4653,0.4653,0.4653,0.4653,0.4653,0.4653,0.4653,0.4653
481,0.4653,0.4653,0.4653,0.4653,0.4653,0.4653,0.4653,0.4653,0.4653,0.4653,0.4653,0.4653,0.4653
482,0.4653,0.4653,0.4653,0.4653,0.4653,0.4653,0.4653,0.4653,0.4653,0.4653,0.4653,0.4653,0.4653
483,0.4653,0.4653,0.4653,0.4653,0.4653,0.4653,0.4653,0.4653,0.4653,0.4653,0.4653,0.4653,0.4653
484,0.4653,0.4653,0.4653,0.4653,0.4653,0.4653,0.4653,0.4653,0.4653,0.4653,0.4653,0.4653,0.4653
485,0.4653,0.4653,0.4653,0.4653,0.4653,0.4653,0.4653,0.4653,0.4653,0.4653,0.4653,0.4653,0.4653
486,0.4653,0.4653,0.4653,0.4653,0.4653,0.4653,0.4653,0.4653,0.4653,0.4653,0.4653,0.4653,0.4653
487,0.4653,0.4653,0.4653,0.4653,0.4653,0.4653,0.4653,0.4653,0.4653,0.4653,0.4653,0.4653,0.4653
488,0.4653,0.4653,0.4653,0.4653,0.4653,0.4653,0.4653,0.4653,0.4653,0.4653,0.4653,0.4653,0.4653
489,0.4653,0.4653,0.4653,0.4653,0.4653,0.4653,0.4653,0.4653,0.4653,0.4653,0.4653,0.4653,0.4653
490,0.4653,0.4653,0.4653,0.4653,0.4653,0.4653,0.4653,0.4653,0.4653,0.4653,0.4653,0.4653,0.4653
491,0.4653,0.4653,0.4653,0.4653,0.4653,0.4653,0.4653,0.4653,0.4653,0.4653,0.4653,0.4653,0.4653
492,0.4653,0.4653,0.4653,0.4653,0.4653,0.4653,0.4653,0.4653,0.4653,0.4653,0.4653,0.4653,0.4653
493,0.4653,0.4653,0.4653,0.4653,0.4653,0.4653,0.4653,0.4653,0.4653,0.4653,0.4653,0.4653,0.4653
494,0.4653,0.4653,0.4653,0.4653,0.4653,0.4653,0.4653,0.4653,0.4653,0.4653,0.4653,0.4653,0.4653
495,0.4653,0.4653,0.4653,0.4653,0.4653,0.4653,0.4653,0.4653,0.4653,0.4653,0.4653,0.4653,0.4653
496,0.4653,0.4653,0.4653,0.4653,0.4653,0.4653,0.4653,0.4653,0.4653,0.4653,0.4653,0.4653,0.4653
497,0.4653,0.4653,0.4653,0.4653,0.4653,0.4653,0.4653,0.4653,0.4653,0.4653,0.4653,0.4653,0.4653
498,0.4653,0.4653,0.4653,0.4653,0.4653,0.4653,0.4653,0.4653,0.4653,0.4653,0.4653,0.4653,0.4653
499,0.4653,0.4653,0.4653,0.4653,0.4653,0.4653,0.4653,0.4653,0.4653,0.4653,0.4653,0.4653,0.4653
500,0.4653,0.4653,0.4653,0.4653,0.4653,0.4653,0.4653,0.4653,0.4653,0.4653,0.4653,0.4653,0.4653
501,0.4653,0.4653,0.4653,0.4653,0.4653,0.4653,0.4653,0.4653,0.4653,0.4653,0.4653,0.4653,0.4653
502,0.4653,0.4653,0.4653,0.4653,0.4653,0.4653,0.4653,0.4653,0.4653,0.4653,0.4653,0.4653,0.4653
503,0.4653,0.4653,0.4653,0.4653,0.4653,0.4653,0.4653,0.4653,0.4653,0.4653,0.4653,0.4653,0.4653
504,0.4653,0.4653,0.4653,0.4653,0.4653,0.4653,0.4653,0.4653,0.4653,0.4653,0.4653,0.4653,0.4653
505,0.4653,0.4653,0.4653,0.4653,0.4653,0.4653,0.4653,0.4653,0.4653,0.4653,0.4653,0.4653,0.4653
506,0.4653,0.4653,0.4653,0.4653,0.4653,0.4653,0.4653,0.4653,0.4653,0.4653,0.4653,0.4653,0.4653
507,0.4653,0.4653,0.4653,0.4653,0.4653,0.4653,0.4653,0.4653,0.4653,0.4653,0.4653,0.4653,0.4653
508,0.4653,0.4653,0.4653,0.4653,0.4653,0.4653,0.4653,0.4653,0.4653,0.4653,0.4653,0.4653,0.4653
509,0.4653,0.4653,0.4653,0.4653,0.4653,0.4653,0.4653,0.4653,0.4653,0.4653,0.4653,0.4653,0.4653
510,0.4653,0.4653,0.4653,0.4653,0.4653,0.4653,0.4653,0.4653,0.4653,0.4653,0.4653,0.4653,0.4653
511,0.4653,0.4653,0.4653,0.4653,0.4653,0.4653,0.4653,0.4653,0.4653,0.4653,0.4653,0.4653,0.4653
512,0.4653,0.4653,0.4653,0.4653,0.4653,0.4653,0.4653,0.4653,0.4653,0.4653,0.4653,0.4653,0.4653
513,0.4653,0.4653,0.4653,0.4653,0.4653,0.4653,0.4653,0.4653,0.4653,0.4653,0.4653,0.4653,0.4653
514,0.4653,0.4653,0.4653,0.4653,0.4653,0.4653,0.4653,0.4653,0.4653,0.4653,0.4653,0.4653,0.4653
515,0.4653,0.4653,0.4653,0.4653,0.4653,0.4653,0.4653,0.4653,0.4653,0.4653,0.4653,0.4653,0.4653
516,0.4653,0.4653,0.4653,0.4653,0.4653,0.4653,0.4653,0.4653,0.4653,0.4653,0.4653,0.4653,0.4653
517,0.4653,0.4653,0.4653,0.4653,0.4653,0.4653,0.4653,0.4653,0.4653,0.4653,0.4653,0.4653,0.4653
518,0.4653,0.4653,0.4653,0.4653,0.4653,0.4653,0.4653,0.4653,0.4653,0.4653,0.4653,0.4653,0.4653
519,0.4653,0.4653,0.4653,0.4653,0.4653,0.4653,0.4653,0.4653,0.4653,0.4653,0.4653,0.4653,0.4653
520,0.4653,0.4653,0.4653,0.4653,0.4653,0.4653,0.4653,0.4653,0.4653,0.4653,0.4653,0.4653,0.4653
521,0.4653,0.4653,0.4653,0.4653,0.4653,0.4653,0.4653,0.4653,0.4653,0.4653,0.4653,0.4653,0.4653
522,0.4653,0.4653,0.4653,0.4653,0.4653,0.4653,0.4653,0.4653,0.4653,0.4653,0.4653,0.4653,0.4653
523,0.4653,0.4653,0.4653,0.4653,0.4653,0.4653,0.4653,0.4653,0.4653,0.4653,0.4653,0.4653,0.4653
524,0.4653,0.4653,0.4653,0.4653,0.4653,0.4653,0.4653,0.4653,0.4653,0.4653,0.4653,0.4653,0.4653
525,0.4653,0.4653,0.4653,0.4653,0.4653,0.4653,0.4653,0.4653,0.4653,0.4653,0.4653,0.4653,0.4653
526,0.4653,0.4653,0.4653,0.4653,0.4653,0.4653,0.4653,0.4653,0.4653,0.4653,0.4653,0.4653,0.4653
527,0.4653,0.4653,0.4653,0.4653,0.4653,0.4653,0.4653,0.4653,0.4653,0.4653,0.4653,0.4653,0.4653
528,0.4653,0.4653,0.4653,0.4653,0.4653,0.4653,0.4653,0.4653,0.4653,0.4653,0.4653,0.4653,0.4653
529,0.4653,0.4653,0.4653,0.4653,0.4653,0.4653,0.4653,0.4653,0.4653,0.4653,0.4653,0.4653,0.4653
530,0.4653,0.4653,0.4653,0.4653,0.4653,0.4653,0.4653,0.4653,0.4653,0.4653,0.4653,0.4653,0.4653
531,0.4653,0.4653,0.4653,0.4653,0.4653,0.4653,0.4653,0.4653,0.4653,0.4653,0.4653,0.4653,0.4653
532,0.4653,0.4653,0.4653,0.4653,0.4653,0.4653,0.4653,0.4653,0.4653,0.4653,0.4653,0.4653,0.4653
533,0.4653,0.4653,0.4653,0.4653,0.4653,0.4653,0.4653,0.4653,0.4653,0.4653,0.4653,0.4653,0.4653
534,0.4653,0.4653,0.4653,0.4653,0.4653,0.4653,0.4653,0.4653,0.4653,0.4653,0.4653,0.4653,0.4653
535,0.4653,0.4653,0.4653,0.4653,0.4653,0.4653,0.4653,0.4653,0.4653,0.4653,0.4653,0.4653,0.4653
536,0.4653,0.4653,0.4653,0.4653,0.4653,0.4653,0.4653,0.4653,0.4653,0.4653,0.4653,0.4653,0.4653
537,0.4653,0.4653,0.4653,0.4653,0.4653,0.4653,0.4653,0.4653,0.4653,0.4653,0.4653,0.4653,0.4653
538,0.4653,0.4653,0.4653,0.4653,0.4653,0.4653,0.4653,0.4653,0.4653,0.4653,0.4653,0.4653,0.4653
539,0.4653,0.4653,0.4653,0.4653,0.4653,0.4653,0.4653,0.4653,0.4653,0.4653,0.4653,0.4653,0.4653
540,0.4653,0.4653,0.4653,0.4653,0.4653,0.4653,0.4653,0.4653,0.4653,0.4653,0.4653,0.4653,0.4653
541,0.4653,0.4653,0.4653,0.4653,0.4653,0.4653,0.4653,0.4653,0.4653,0.4653,0.4653,0.4653,0.4653
542,0.4653,0.4653,0.4653,0.4653,0.4653,0.4653,0.4653,0.4653,0.4653,0.4653,0.4653,0.4653,0.4653
543,0.4653,0.4653,0.4653,0.4653,0.4653,0.4653,0.4653,0.4653,0.4653,0.4653,0.4653,0.4653,0.4653
544,0.4653,0.4653,0.4653,0.4653,0.4653,0.4653,0.4653,0.4653,0.4653,0.4653,0.4653,0.4653,0.4653
545,0.4653,0.4653,0.4653,0.4653,0.4653,0.4653,0.4653,0.4653,0.4653,0.4653,0.4653,0.4653,0.4653
546,0.4653,0.4653,0.4653,0.4653,0.4653,0.4653,0.4653,0.4653,0.4653,0.4653,0.4653,0.4653,0.4653
547,0.4653,0.4653,0.4653,0.4653,0.4653,0.4653,0.4653,0.4653,0.4653,0.4653,0.4653,0.4653,0.4653
548,0.4653,0.4653,0.4653,0.4653,0.4653,0.4653,0.4653,0.4653,0.4653,0.4653,0.4653,0.4653,0.4653
549,0.4653,0.4653,0.4653,0.4653,0.4653,0.4653,0.4653,0.4653,0.4653,0.4653,0.4653,0.4653,0.4653
550,0.4653,0.4653,0.4653,0.4653,0.4653,0.4653,0.4653,0.4653,0.4653,0.4653,0.4653,0.4653,0.4653
551,0.4653,0.4653,0.4653,0.4653,0.4653,0.4653,0.4653,0.4653,0.4653,0.4653,0.4653,0.4653,0.4653
552,0.4653,0.4653,0.4653,0.4653,0.4653,0.4653,0.4653,0.4653,0.4653,0.4653,0.4653,0.4653,0.4653
553,0.4653,0.4653,0.4653,0.4653,0.4653,0.4653,0.4653,0.4653,0.4653,0.4653,0.4653,0.4653,0.4653
554,0.4653,0.4653,0.4653,0.4653,0.4653,0.4653,0.4653,0.4653,0.4653,0.4653,0.4653,0.4653,0.4653
555,0.4653,0.4653,0.4653,0.4653,0.4653,0.4653,0.4653,0.4653,0.4653,0.4653,0.4653,0.4653,0.4653
556,0.4653,0.4653,0.4653,0.4653,0.4653,0.4653,0.4653,0.4653,0.4653,0.4653,0.4653,0.4653,0.4653
557,0.4653,0.4653,0.4653,0.4653,0.4653,0.4653,0.4653,0.4653,0.4653,0.4653,0.4653,0.4653,0.4653
558,0.4653,0.4653,0.4653,0.4653,0.4653,0.4653,0.4653,0.4653,0.4653,0.4653,0.4653,0.4653,0.4653
559,0.4653,0.4653,0.4653,0.4653,0.4653,0.4653,0.4653,0.4653,0.4653,0.4653,0.4653,0.4653,0.4653
560,0.4653,0.4653,0.4653,0.4653,0.4653,0.4653,0.4653,0.4653,0.4653,0.4653,0.4653,0.4653,0.4653
561,0.4653,0.4653,0.4653,0.4653,0.4653,0.4653,0.4653,0.4653,0.4653,0.4653,0.4653,0.4653,0.4653
562,0.4653,0.4653,0.4653,0.4653,0.4653,0.4653,0.4653,0.4653,0.4653,0.4653,0.4653,0.4653,0.4653
563,0.4653,0.4653,0.4653,0.4653,0.4653,0.4653,0.4653,0.4653,0.4653,0.4653,0.4653,0.4653,0.4653
564,0.4653,0.4653,0.4653,0.4653,0.4653,0.4653,0.4653,0.4653,0.4653,0.4653,0.4653,0.4653,0.4653
565,0.4653,0.4653,0.4653,0.4653,0.4653,0.4653,0.4653,0.4653,0.4653,0.4653,0.4653,0.4653,0.4653
566,0.4653,0.4653,0.4653,0.4653,0.4653,0.4653,0.4653,0.4653,0.4653,0.4653,0.4653,0.4653,0.4653
567,0.4653,0.4653,0.4653,0.4653,0.4653,0.4653,0.4653,0.4653,0.4653,0.4653,0.4653,0.4653,0.4653
568,0.4653,0.4653,0.4653,0.4653,0.4653,0.4653,0.4653,0.4653,0.4653,0.4653,0.4653,0.4653,0.4653
569,0.4653,0.4653,0.4653,0.4653,0.4653,0.4653,0.4653,0.4653,0.4653,0.4653,0.4653,0.4653,0.4653
570,0.4653,0.4653,0.4653,0.4653,0.4653,0.4653,0.4653,0.4653,0.4653,0.4653,0.4653,0.4653,0.4653
571,0.4653,0.4653,0.4653,0.4653,0.4653,0.4653,0.4653,0.4653,0.4653,0.4653,0.4653,0.4653,0.4653
572,0.4653,0.4653,0.4653,0.4653,0.4653,0.4653,0.4653,0.4653,0.4653,0.4653,0.4653,0.4653,0.4653
573,0.4653,0.4653,0.4653,0.4653,0.4653,0.4653,0.4653,0.4653,0.4653,0.4653,0.4653,0.4653,0.4653
574,0.4653,0.4653,0.4653,0.4653,0.4653,0.4653,0.4653,0.4653,0.4653,0.4653,0.4653,0.4653,0.4653
575,0.4653,0.4653,0.4653,0.4653,0.4653,0.4653,0.4653,0.4653,0.4653,0.4653,0.4653,0.4653,0.4653
576,0.4653,0.4653,0.4653,0.4653,0.4653,0.4653,0.4653,0.4653,0.4653,0.4653,0.4653,0.4653,0.4653
577,0.4653,0.4653,0.4653,0.4653,0.4653,0.4653,0.4653,0.4653,0.4653,0.4653,0.4653,0.4653,0.4653
578,0.4653,0.4653,0.4653,0.4653,0.4653,0.4653,0.4653,0.4653,0.4653,0.4653,0.4653,0.4653,0.4653
579,0.4653,0.4653,0.4653,0.4653,0.4653,0.4653,0.4653,0.4653,0.4653,0.4653,0.4653,0.4653,0.4653
580,0.4653,0.4653,0.4653,0.4653,0.4653,0.4653,0.4653,0.4653,0.4653,0.4653,0.4653,0.4653,0.4653
581,0.4653,0.4653,0.4653,0.4653,0.4653,0.4653,0.4653,0.4653,0.4653,0.4653,0.4653,0.4653,0.4653
582,0.4653,0.4653,0.4653,0.4653,0.4653,0.4653,0.4653,0.4653,0.4653,0.4653,0.4653,0.4653,0.4653
583,0.4653,0.4653,0.4653,0.4653,0.4653,0.4653,0.4653,0.4653,0.4653,0.4653,0.4653,0.4653,0.4653
584,0.4653,0.4653,0.4653,0.4653,0.4653,0.4653,0.4653,0.4653,0.4653,0.4653,0.4653,0.4653,0.4653
585,0.4653,0.4653,0.4653,0.4653,0.4653,0.4653,0.4653,0.4653,0.4653,0.4653,0.4653,0.4653,0.4653
586,0.4653,0.4653,0.4653,0.4653,0.4653,0.4653,0.4653,0.4653,0.4653,0.4653,0.4653,0.4653,0.4653
587,0.4653,0.4653,0.4653,0.4653,0.4653,0.4653,0.4653,0.4653,0.4653,0.4653,0.4653,0.4653,0.4653
588,0.4653,0.4653,0.4653,0.4653,0.4653,0.4653,0.4653,0.4653,0.4653,0.4653,0.4653,0.4653,0.4653
589,0.4653,0.4653,0.4653,0.4653,0.4653,0.4653,0.4653,0.4653,0.4653,0.4653,0.4653,0.4653,0.4653
590,0.4653,0.4653,0.4653,0.4653,0.4653,0.4653,0.4653,0.4653,0.4653,0.4653,0.4653,0.4653,0.4653
591,0.4653,0.4653,0.4653,0.4653,0.4653,0.4653,0.4653,0.4653,0.4653,0.4653,0.4653,0.4653,0.4653
592,0.4653,0.4653,0.4653,0.4653,0.4653,0.4653,0.4653,0.4653,0.4653,0.4653,0.4653,0.4653,0.4653
593,0.4653,0.4653,0.4653,0.4653,0.4653,0.4653,0.4653,0.4653,0.4653,0.4653,0.4653,0.4653,0.4653
594,0.4653,0.4653,0.4653,0.4653,0.4653,0.4653,0.4653,0.4653,0.4653,0.4653,0.4653,0.4653,0.4653
595,0.4653,0.4653,0.4653,0.4653,0.4653,0.4653,0.4653,0.4653,0.4653,0.4653,0.4653,0.4653,0.4653
596,0.4653,0.4653,0.4653,0.4653,0.4653,0.4653,0.4653,0.4653,0.4653,0.4653,0.4653,0.4653,0.4653
597,0.4653,0.4653,0.4653,0.4653,0.4653,0.4653,0.4653,0.4653,0.4653,0.4653,0.4653,0.4653,0.4653
598,0.4653,0.4653,0.4653,0.4653,0.4653,0.4653,0.4653,0.4653,0.4653,0.4653,0.4653,0.4653,0.4653
599,0.4653,0.4653,0.4653,0.4653,0.4653,0.4653,0.4653,0.4653,0.4653,0.4653,0.4653,0.4653,0.4653
600,0.4653,0.4653,0.4653,0.4653,0.4653,0.4653,0.4653,0.4653,0.4653,0.4653,0.4653,0.4653,0.4653
601,0.4653,0.4653,0.4653,0.4653,0.4653,0.4653,0.4653,0.4653,0.4653,0.4653,0.4653,0.4653,0.4653
602,0.4653,0.4653,0.4653,0.4653,0.4653,0.4653,0.4653,0.4653,0.4653,0.4653,0.4653,0.4653,0.4653
603,0.4653,0.4653,0.4653,0.4653,0.4653,0.4653,0.4653,0.4653,0.4653,0.4653,0.4653,0.4653,0.4653
604,0.4653,0.4653,0.4653,0.4653,0.4653,0.4653,0.4653,0.4653,0.4653,0.4653,0.4653,0.4653,0.4653
605,0.4653,0.4653,0.4653,0.4653,0.4653,0.4653,0.4653,0.4653,0.4653,0.4653,0.4653,0.4653,0.4653
606,0.4653,0.4653,0.4653,0.4653,0.4653,0.4653,0.4653,0.4653,0.4653,0.4653,0.4653,0.4653,0.4653
607,0.4653,0.4653,0.4653,0.4653,0.4653,0.4653,0.4653,0.4653,0.4653,0.4653,0.4653,0.4653,0.4653
608,0.4653,0.4653,0.4653,0.4653,0.4653,0.4653,0.4653,0.4653,0.4653,0.4653,0.4653,0.4653,0.4653
1207,0.4653,0.4653,0.4653,0.4653,0.4653,0.4653,0.4653,0.4653,0.4653,0.4653,0.4653,0.4653,0.4653
1208,0.4653,0.4653,0.4653,0.4653,0.4653,0.4653,0.4653,0.4653,0.4653,0.4653,0.4653,0.4653,0.4653
1807,0.4653,0.4653,0.4653,0.4653,0.4653,0.4653,0.4653,0.4653,0.4653,0.4653,0.4653,0.4653,0.4653
1808,0.4653,0.4653,0.4653,0.4653,0.4653,0.4653,0.4653,0.4653,0.4653,0.4653,0.4653,0.4653,0.4653
2407,0.4653,0.4653,0.4653,0.4653,0.4653,0.4653,0.4653,0.4653,0.4653,0.4653,0.4653,0.4653,0.4653
2408,0.4653,0.4653,0.4653,0.4653,0.4653,0.4653,0.4653,0.4653,0.4653,0.4653,0.4653,0.4653,0.4653
3007,0.4653,0.4653,0.4653,0.4653,0.4653,0.4653,0.4653,0.4653,0.4653,0.4653,0.4653,0.4653,0.4653
3008,0.4653,0.4653,0.4653,0.4653,0.4653,0.4653,0.4653,0.4653,0.4653,0.4653,0.4653,0.4653,0.4653
3607,0.4653,0.4653,0.4653,0.4653,0.4653,0.4653,0.4653,0.4653,0.4653,0.4653,0.4653,0.4653,0.4653
3608,0.4653,0.4653,0.4653,0.4653,0.4653,0.4653,0.4653,0.4653,0.4653,0.4653,0.4653,0.4653,0.4653
4207,0.4653,0.4653,0.4653,0.4653,0.4653,0.4653,0.4653,0.4653,0.4653,0.4653,0.4653,0.4653,0.4653
4208,0.4653,0.4653,0.4653,0.4653,0.4653,0.4653,0.4653,0.4653,0.4653,0.4653,0.4653,0.4653,0.4653
4807,0.4653,0.4653,0.4653,0.4653,0.4653,0.4653,0.4653,0.4653,0.4653,0.4653,0.4653,0.4653,0.4653
4808,0.4653,0.4653,0.4653,0.4653,0.4653,0.4653,0.4653,0.4653,0.4653,0.4653,0.4653,0.4653,0.4653
5407,0.4653,0.4653,0.4653,0.4653,0.4653,0.4653,0.4653,0.4653,0.4653,0.4653,0.4653,0.4653,0.4653
5408,0.4653,0.4653,0.4653,0.4653,0.4653,0.4653,0.4653,0.4653,0.4653,0.4653,0.4653,0.4653,0.4653
6007,0.4653,0.4653,0.4653,0.4653,0.4653,0.4653,0.4653,0.4653,0.4653,0.4653,0.4653,0.4653,0.4653
6008,0.4653,0.4653,0.4653,0.4653,0.4653,0.4653,0.4653,0.4653,0.4653,0.4653,0.4653,0.4653,0.4653
6607,0.4653,0.4653,0.4653,0.4653,0.4653,0.4653,0.4653,0.4653,0.4653,0.4653,0.4653,0.4653,0.4653
6608,0.4653,0.4653,0.4653,0.4653,0.4653,0.4653,0.4653,0.4653,0.4653,0.4653,0.4653,0.4653,0.4653
7207,0.4653,0.4653,0.4653,0.4653,0.4653,0.4653,0.4653,0.4653,0.4653,0.4653,0.4653,0.4653,0.4653
7208,0.4653,0.4653,0.4653,0.4653,0.4653,0.4653,0.4653,0.4653,0.4653,0.4653,0.4653,0.4653,0.4653
7807,0.4653,0.4653,0.4653,0.4653,0.4653,0.4653,0.4653,0.4653,0.4653,0.4653,0.4653,0.4653,0.4653
7808,0.4653,0.4653,0.4653,0.4653,0.4653,0.4653,0.4653,0.4653,0.4653,0.4653,0.4653,0.4653,0.4653
8407,0.4653,0.4653,0.4653,0.4653,0.4653,0.4653,0.4653,0.4653,0.4653,0.4653,0.4653,0.4653,0.4653
8408,0.4653,0.4653,0.4653,0.4653,0.4653,0.4653,0.4653,0.4653,0.4653,0.4653,0.4653,0.4653,0.4653
9007,0.4653,0.4653,0.4653,0.4653,0.4653,0.4653,0.4653,0.4653,0.4653,0.4653,0.4653,0.4653,0.4653
9008,0.4653,0.4653,0.4653,0.4653,0.4653,0.4653,0.4653,0.4653,0.4653,0.4653,0.4653,0.4653,0.4653
9607,0.4653,0.4653,0.4653,0.4653,0.4653,0.4653,0.4653,0.4653,0.4653,0.4653,0.4653,0.4653,0.4653
9608,0.4653,0.4653,0.4653,0.4653,0.4653,0.4653,0.4653,0.4653,0.4653,0.4653,0.4653,0.4653,0.4653
10207,0.4653,0.4653,0.4653,0.4653,0.4653,0.4653,0.4653,0.4653,0.4653,0.4653,0.4653,0.4653,0.4653
10208,0.4653,0.4653,0.4653,0.4653,0.4653,0.4653,0.4653,0.4653,0.4653,0.4653,0.4653,0.4653,0.4653
10807,0.4653,0.4653,0.4653,0.4653,0.4653,0.4653,0.4653,0.4653,0.4653,0.4653,0.4653,0.4653,0.4653
10808,0.4653,0.4653,0.4653,0.4653,0.4653,0.4653,0.4653,0.4653,0.4653,0.4653,0.4653,0.4653,0.4653
11407,0.4653,0.4653,0.4653,0.4653,0.4653,0.4653,0.4653,0.4653,0.4653,0.4653,0.4653,0.4653,0.4653
11408,0.4653,0.4653,0.4653,0.4653,0.4653,0.4653,0.4653,0.4653,0.4653,0.4653,0.4653,0.4653,0.4653
12007,0.4653,0.4653,0.4653,0.4653,0.4653,0.4653,0.4653,0.4653,0.4653,0.4653,0.4653,0.4653,0.4653
12008,0.4653,0.4653,0.4653,0.4653,0.4653,0.4653,0.4653,0.4653,0.4653,0.4653,0.4653,0.4653,0.4653
12607,0.4653,0.4653,0.4653,0.4653,0.4653,0.4653,0.4653,0.4653,0.4653,0.4653,0.4653,0.4653,0.4653
12608,0.4653,0.4653,0.4653,0.4653,0.4653,0.4653,0.4653,0.4653,0.4653,0.4653,0.4653,0.4653,0.4653
13207,0.4653,0.4653,0.4653,0.4653,0.4653,0.4653,0.4653,0.4653,0.4653,0.4653,0.4653,0.4653,0.4653
13208,0.4653,0.4653,0.4653,0.4653,0.4653,0.4653,0.4653,0.4653,0.4653,0.4653,0.4653,0.4653,0.4653
13807,0.4653,0.4653,0.4653,0.4653,0.4653,0.4653,0.4653,0.4653,0.4653,0.4653,0.4653,0.4653,0.4653
13808,0.4653,0.4653,0.4653,0.4653,0.4653,0.4653,0.4653,0.4653,0.4653,0.4653,0.4653,0.4653,0.4653
14407,0.4653,0.4653,0.4653,0.4653,0.4653,0.4653,0.4653,0.4653,0.4653,0.4653,0.4653,0.4653,0.4653
14408,0.4653,0.4653,0.4653,0.4653,0.4653,0.4653,0.4653,0.4653,0.4653,0.4653,0.4653,0.4653,0.4653
15007,0.4653,0.4653,0.4653,0.4653,0.4653,0.4653,0.4653,0.4653,0.4653,0.4653,0.4653,0.4653,0.4653
15008,0.4653,0.4653,0.4653,0.4653,0.4653,0.4653,0.4653,0.4653,0.4653,0.4653,0.4653,0.4653,0.4653
15607,0.4653,0.4653,0.4653,0.4653,0.4653,0.4653,0.4653,0.4653,0.4653,0.4653,0.4653,0.4653,0.4653
15608,0.4653,0.4653,0.4653,0.4653,0.4653,0.4653,0.4653,0.4653,0.4653,0.4653,0.4653,0.4653,0.4653
16207,0.4653,0.4653,0.4653,0.4653,0.4653,0.4653,0.4653,0.4653,0.4653,0.4653,0.4653,0.4653,0.4653
16208,0.4653,0.4653,0.4653,0.4653,0.4653,0.4653,0.4653,0.4653,0.4653,0.4653,0.4653,0.4653,0.4653
16807,0.4653,0.4653,0.4653,0.4653,0.4653,0.4653,0.4653,0.4653,0.4653,0.4653,0.4653,0.4653,0.4653
16808,0.4653,0.4653,0.4653,0.4653,0.4653,0.4653,0.4653,0.4653,0.4653,0.4653,0.4653,0.4653,0.4653
17407,0.4653,0.4653,0.4653,0.4653,0.4653,0.4653,0.4653,0.4653,0.4653,0.4653,0.4653,0.4653,0.4653
17408,0.4653,0.4653,0.4653,0.4653,0.4653,0.4653,0.4653,0.4653,0.4653,0.4653,0.4653,0.4653,0.4653
18007,0.4653,0.4653,0.4653,0.4653,0.4653,0.4653,0.4653,0.4653,0.4653,0.4653,0.4653,0.4653,0.4653
18008,0.4653,0.4653,0.4653,0.4653,0.4653,0.4653,0.4653,0.4653,0.4653,0.4653,0.4653,0.4653,0.4653
18607,0.4653,0.4653,0.4653,0.4653,0.4653,0.4653,0.4653,0.4653,0.4653,0.4653,0.4653,0.4653,0.4653
18608,0.4653,0.4653,0.4653,0.4653,0.4653,0.4653,0.4653,0.4653,0.4653,0.4653,0.4653,0.4653,0.4653
19207,0.4653,0.4653,0.4653,0.4653,0.4653,0.4653,0.4653,0.4653,0.4653,0.4653,0.4653,0.4653,0.4653
19208,0.4653,0.4653,0.4653,0.4653,0.4653,0.4653,0.4653,0.4653,0.4653,0.4653,0.4653,0.4653,0.4653
19807,0.4653,0.4653,0.4653,0.4653,0.4653,0.4653,0.4653,0.4653,0.4653,0.4653,0.4653,0.4653,0.4653
19808,0.4653,0.4653,0.4653,0.4653,0.4653,0.4653,0.4653,0.4653,0.4653,0.4653,0.4653,0.4653,0.4653
20407,0.4653,0.4653,0.4653,0.4653,0.4653,0.4653,0.4653,0.4653,0.4653,0.4653,0.4653,0.4653,0.4653
20408,0.4653,0.4653,0.4653,0.4653,0.4653,0.4653,0.4653,0.4653,0.4653,0.4653,0.4653,0.4653,0.4653
21007,0.4653,0.4653,0.4653,0.4653,0.4653,0.4653,0.4653,0.4653,0.4653,0.4653,0.4653,0.4653,0.4653
21008,0.4653,0.4653,0.4653,0.4653,0.4653,0.4653,0.4653,0.4653,0.4653,0.4653,0.4653,0.4653,0.4653
21607,0.4653,0.4653,0.4653,0.4653,0.4653,0.4653,0.4653,0.4653,0.4653,0.4653,0.4653,0.4653,0.4653
21608,0.4653,0.4653,0.4653,0.4653,0.4653,0.4653,0.4653,0.4653,0.4653,0.4653,0.4653,0.4653,0.4653
22207,0.4653,0.4653,0.4653,0.4653,0.4653,0.4653,0.4653,0.4653,0.4653,0.4653,0.4653,0.4653,0.4653
22208,0.4653,0.4653,0.4653,0.4653,0.4653,0.4653,0.4653,0.4653,0.4653,0.4653,0.4653,0.4653,0.4653
22807,0.4653,0.4653,0.4653,0.4653,0.4653,0.4653,0.4653,0.4653,0.4653,0.4653,0.4653,0.4653,0.4653
22808,0.4653,0.4653,0.4653,0.4653,0.4653,0.4653,0.4653,0.4653,0.4653,0.4653,0.4653,0.4653,0.4653
23407,0.4653,0.4653,0.4653,0.4653,0.4653,0.4653,0.4653,0.4653,0.4653,0.4653,0.4653,0.4653,0.4653
23408,0.4653,0.4653,0.4653,0.4653,0.4653,0.4653,0.4653,0.4653,0.4653,0.4653,0.4653,0.4653,0.4653
24007,0.4653,0.4653,0.4653,0.4653,0.4653,0.4653,0.4653,0.4653,0.4653,0.4653,0.4653,0.4653,0.4653
24008,0.4653,0.4653,0.4653,0.4653,0.4653,0.4653,0.4653,0.4653,0.4653,0.4653,0.4653,0.4653,0.4653
24607,0.4653,0.4653,0.4653,0.4653,0.4653,0.4653,0.4653,0.4653,0.4653,0.4653,0.4653,0.4653,0.4653
24608,0.4653,0.4653,0.4653,0.4653,0.4653,0.4653,0.4653,0.4653,0.4653,0.4653,0.4653,0.4653,0.4653
25207,0.4653,0.4653,0.4653,0.4653,0.4653,0.4653,0.4653,0.4653,0.4653,0.4653,0.4653,0.4653,0.4653
25208,0.4653,0.4653,0.4653,0.4653,0.4653,0.4653,0.4653,0.4653,0.4653,0.4653,0.4653,0.4653,0.4653
25807,0.4653,0.4653,0.4653,0.4653,0.4653,0.4653,0.4653,0.4653,0.4653,0.4653,0.4653,0.4653,0.4653
25808,0.4653,0.4653,0.4653,0.4653,0.4653,0.4653,0.4653,0.4653,0.4653,0.4653,0.4653,0.4653,0.4653
26407,0.4653,0.4653,0.4653,0.4653,0.4653,0.4653,0.4653,0.4653,0.4653,0.4653,0.4653,0.4653,0.4653
26408,0.4653,0.4653,0.4653,0.4653,0.4653,0.4653,0.4653,0.4653,0.4653,0.4653,0.4653,0.4653,0.4653
27007,0.4653,0.4653,0.4653,0.4653,0.4653,0.4653,0.4653,0.4653,0.4653,0.4653,0.4653,0.4653,0.4653
27008,0.4653,0.4653,0.4653,0.4653,0.4653,0.4653,0.4653,0.4653,0.4653,0.4653,0.4653,0.4653,0.4653
27607,0.4653,0.4653,0.4653,0.4653,0.4653,0.4653,0.4653,0.4653,0.4653,0.4653,0.4653,0.4653,0.4653
27608,0.4653,0.4653,0.4653,0.4653,0.4653,0.4653,0.4653,0.4653,0.4653,0.4653,0.4653,0.4653,0.4653
28207,0.4653,0.4653,0.4653,0.4653,0.4653,0.4653,0.4653,0.4653,0.4653,0.4653,0.4653,0.4653,0.4653
28208,0.4653,0.4653,0.4653,0.4653,0.4653,0.4653,0.4653,0.4653,0.4653,0.4653,0.4653,0.4653,0.4653
28807,0.4653,0.4653,0.4653,0.4653,0.4653,0.4653,0.4653,0.4653,0.4653,0.4653,0.4653,0.4653,0.4653
28808,0.4653,0.4653,0.4653,0.4653,0.4653,0.4653,0.4653,0.4653,0.4653,0.4653,0.4653,0.4653,0.4653
29407,0.4653,0.4653,0.4653,0.4653,0.4653,0.4653,0.4653,0.4653,0.4653,0.4653,0.4653,0.4653,0.4653
29408,0.4653,0.4653,0.4653,0.4653,0.4653,0.4653,0.4653,0.4653,0.4653,0.4653,0.4653,0.4653,0.4653
30007,0.4653,0.4653,0.4653,0.4653,0.4653,0.4653,0.4653,0.4653,0.4653,0.4653,0.4653,0.4653,0.4653
30008,0.4653,0.4653,0.4653,0.4653,0.4653,0.4653,0.4653,0.4653,0.4653,0.4653,0.4653,0.4653,0.4653
30607,0.4653,0.4653,0.4653,0.4653,0.4653,0.4653,0.4653,0.4653,0.4653,0.4653,0.4653,0.4653,0.4653
30608,0.4653,0.4653,0.4653,0.4653,0.4653,0.4653,0.4653,0.4653,0.4653,0.4653,0.4653,0.4653,0.4653
31207,0.4653,0.4653,0.4653,0.4653,0.4653,0.4653,0.4653,0.4653,0.4653,0.4653,0.4653,0.4653,0.4653
31208,0.4653,0.4653,0.4653,0.4653,0.4653,0.4653,0.4653,0.4653,0.4653,0.4653,0.4653,0.4653,0.4653
31807,0.4653,0.4653,0.4653,0.4653,0.4653,0.4653,0.4653,0.4653,0.4653,0.4653,0.4653,0.4653,0.4653
31808,0.4653,0.4653,0.4653,0.4653,0.4653,0.4653,0.4653,0.4653,0.4653,0.4653,0.4653,0.4653,0.4653
32407,0.4653,0.4653,0.4653,0.4653,0.4653,0.4653,0.4653,0.4653,0.4653,0.4653,0.4653,0.4653,0.4653
32408,0.4653,0.4653,0.4653,0.4653,0.4653,0.4653,0.4653,0.4653,0.4653,0.4653,0.4653,0.4653,0.4653
33007,0.4653,0.4653,0.4653,0.4653,0.4653,0.4653,0.4653,0.4653,0.4653,0.4653,0.4653,0.4653,0.4653
33008,0.4653,0.4653,0.4653,0.4653,0.4653,0.4653,0.4653,0.4653,0.4653,0.4653,0.4653,0.4653,0.4653
33607,0.4653,0.4653,0.4653,0.4653,0.4653,0.4653,0.4653,0.4653,0.4653,0.4653,0.4653,0.4653,0.4653
33608,0.4653,0.4653,0.4653,0.4653,0.4653,0.4653,0.4653,0.4653,0.4653,0.4653,0.4653,0.4653,0.4653
34207,0.4653,0.4653,0.4653,0.4653,0.4653,0.4653,0.4653,0.4653,0.4653,0.4653,0.4653,0.4653,0.4653
34208,0.4653,0.4653,0.4653,0.4653,0.4653,0.4653,0.4653,0.4653,0.4653,0.4653,0.4653,0.4653,0.4653
34807,0.4653,0.4653,0.4653,0.4653,0.4653,0.4653,0.4653,0.4653,0.4653,0.4653,0.4653,0.4653,0.4653
34808,0.4653,0.4653,0.4653,0.4653,0.4653,0.4653,0.4653,0.4653,0.4653,0.4653,0.4653,0.4653,0.4653
35407,0.4653,0.4653,0.4653,0.4653,0.4653,0.4653,0.4653,0.4653,0.4653,0.4653,0.4653,0.4653,0.4653
35408,0.4653,0.4653,0.4653,0.4653,0.4653,0.4653,0.4653,0.4653,0.4653,0.4653,0.4653,0.4653,0.4653
36007,0.4653,0.4653,0.4653,0.4653,0.4653,0.4653,0.4653,0.4653,0.4653,0.4653,0.4653,0.4653,0.4653
36008,0.4653,0.4653,0.4653,0.4653,0.4653,0.4653,0.4653,0.4653,0.4653,0.4653,0.4653,0.4653,0.4653
36607,0.4653,0.4653,0.4653,0.4653,0.4653,0.4653,0.4653,0.4653,0.4653,0.4653,0.4653,0.4653,0.4653
36608,0.4653,0.4653,0.4653,0.4653,0.4653,0.4653,0.4653,0.4653,0.4653,0.4653,0.4653,0.4653,0.4653
37207,0.4653,0.4653,0.4653,0.4653,0.4653,0.4653,0.4653,0.4653,0.4653,0.4653,0.4653,0.4653,0.4653
37208,0.4653,0.4653,0.4653,0.4653,0.4653,0.4653,0.4653,0.4653,0.4653,0.4653,0.4653,0.4653,0.4653
37807,0.4653,0.4653,0.4653,0.4653,0.4653,0.4653,0.4653,0.4653,0.4653,0.4653,0.4653,0.4653,0.4653
37808,0.4653,0.4653,0.4653,0.4653,0.4653,0.4653,0.4653,0.4653,0.4653,0.4653,0.4653,0.4653,0.4653
38407,0.4653,0.4653,0.4653,0.4653,0.4653,0.4653,0.4653,0.4653,0.4653,0.4653,0.4653,0.4653,0.4653
38408,0.4653,0.4653,0.4653,0.4653,0.4653,0.4653,0.4653,0.4653,0.4653,0.4653,0.4653,0.4653,0.4653
39007,0.4653,0.4653,0.4653,0.4653,0.4653,0.4653,0.4653,0.4653,0.4653,0.4653,0.4653,0.4653,0.4653
39008,0.4653,0.4653,0.4653,0.4653,0.4653,0.4653,0.4653,0.4653,0.4653,0.4653,0.4653,0.4653,0.4653
39607,0.4653,0.4653,0.4653,0.4653,0.4653,0.4653,0.4653,0.4653,0.4653,0.4653,0.4653,0.4653,0.4653
39608,0.4653,0.4653,0.4653,0.4653,0.4653,0.4653,0.4653,0.4653,0.4653,0.4653,0.4653,0.4653,0.4653
40207,0.4653,0.4653,0.4653,0.4653,0.4653,0.4653,0.4653,0.4653,0.4653,0.4653,0.4653,0.4653,0.4653
40208,0.4653,0.4653,0.4653,0.4653,0.4653,0.4653,0.4653,0.4653,0.4653,0.4653,0.4653,0.4653,0.4653
40807,0.4653,0.4653,0.4653,0.4653,0.4653,0.4653,0.4653,0.4653,0.4653,0.4653,0.4653,0.4653,0.4653
40808,0.4653,0.4653,0.4653,0.4653,0.4653,0.4653,0.4653,0.4653,0.4653,0.4653,0.4653,0.4653,0.4653
41407,0.4653,0.4653,0.4653,0.4653,0.4653,0.4653,0.4653,0.4653,0.4653,0.4653,0.4653,0.4653,0.4653
41408,0.4653,0.4653,0.4653,0.4653,0.4653,0.4653,0.4653,0.4653,0.4653,0.4653,0.4653,0.4653,0.4653
42007,0.4653,0.4653,0.4653,0.4653,0.4653,0.4653,0.4653,0.4653,0.4653,0.4653,0.4653,0.4653,0.4653
42008,0.4653,0.4653,0.4653,0.4653,0.4653,0.4653,0.4653,0.4653,0.4653,0.4653,0.4653,0.4653,0.4653
42607,0.4653,0.4653,0.4653,0.4653,0.4653,0.4653,0.4653,0.4653,0.4653,0.4653,0.4653,0.4653,0.4653
42608,0.4653,0.4653,0.4653,0.4653,0.4653,0.4653,0.4653,0.4653,0.4653,0.4653,0.4653,0.4653,0.4653
43207,0.4653,0.4653,0.4653,0.4653,0.4653,0.4653,0.4653,0.4653,0.4653,0.4653,0.4653,0.4653,0.4653
43208,0.4653,0.4653,0.4653,0.4653,0.4653,0.4653,0.4653,0.4653,0.4653,0.4653,0.4653,0.4653,0.4653
43807,0.4653,0.4653,0.4653,0.4653,0.4653,0.4653,0.4653,0.4653,0.4653,0.4653,0.4653,0.4653,0.4653
43808,0.4653,0.4653,0.4653,0.4653,0.4653,0.4653,0.4653,0.4653,0.4653,0.4653,0.4653,0.4653,0.4653
44407,0.4653,0.4653,0.4653,0.4653,0.4653,0.4653,0.4653,0.4653,0.4653,0.4653,0.4653,0.4653,0.4653
44408,0.4653,0.4653,0.4653,0.4653,0.4653,0.4653,0.4653,0.4653,0.4653,0.4653,0.4653,0.4653,0.4653
45007,0.4653,0.4653,0.4653,0.4653,0.4653,0.4653,0.4653,0.4653,0.4653,0.4653,0.4653,0.4653,0.4653
45008,0.4653,0.4653,0.4653,0.4653,0.4653,0.4653,0.4653,0.4653,0.4653,0.4653,0.4653,0.4653,0.4653
45607,0.4653,0.4653,0.4653,0.4653,0.4653,0.4653,0.4653,0.4653,0.4653,0.4653,0.4653,0.4653,0.4653
45608,0.4653,0.4653,0.4653,0.4653,0.4653,0.4653,0.4653,0.4653,0.4653,0.4653,0.4653,0.4653,0.4653
46207,0.4653,0.4653,0.4653,0.4653,0.4653,0.4653,0.4653,0.4653,0.4653,0.4653,0.4653,0.4653,0.4653
46208,0.4653,0.4653,0.4653,0.4653,0.4653,0.4653,0.4653,0.4653,0.4653,0.4653,0.4653,0.4653,0.4653
46807,0.4653,0.4653,0.4653,0.4653,0.4653,0.4653,0.4653,0.4653,0.4653,0.4653,0.4653,0.4653,0.4653
46808,0.4653,0.4653,0.4653,0.4653,0.4653,0.4653,0.4653,0.4653,0.4653,0.4653,0.4653,0.4653,0.4653
47407,0.4653,0.4653,0.4653,0.4653,0.4653,0.4653,0.4653,0.4653,0.4653,0.4653,0.4653,0.4653,0.4653
47408,0.4653,0.4653,0.4653,0.4653,0.4653,0.4653,0.4653,0.4653,0.4653,0.4653,0.4653,0.4653,0.4653
48007,0.4653,0.4653,0.4653,0.4653,0.4653,0.4653,0.4653,0.4653,0.4653,0.4653,0.4653,0.4653,0.4653
48008,0.4653,0.4653,0.4653,0.4653,0.4653,0.4653,0.4653,0.4653,0.4653,0.4653,0.4653,0.4653,0.4653
48607,0.4653,0.4653,0.4653,0.4653,0.4653,0.4653,0.4653,0.4653,0.4653,0.4653,0.4653,0.4653,0.4653
48608,0.4653,0.4653,0.4653,0.4653,0.4653,0.4653,0.4653,0.4653,0.4653,0.4653,0.4653,0.4653,0.4653
49207,0.4653,0.4653,0.4653,0.4653,0.4653,0.4653,0.4653,0.4653,0.4653,0.4653,0.4653,0.4653,0.4653
49208,0.4653,0.4653,0.4653,0.4653,0.4653,0.4653,0.4653,0.4653,0.4653,0.4653,0.4653,0.4653,0.4653
49807,0.4653,0.4653,0.4653,0.4653,0.4653,0.4653,0.4653,0.4653,0.4653,0.4653,0.4653,0.4653,0.4653
49808,0.4653,0.4653,0.4653,0.4653,0.4653,0.4653,0.4653,0.4653,0.4653,0.4653,0.4653,0.4653,0.4653
50407,0.4653,0.4653,0.4653,0.4653,0.4653,0.4653,0.4653,0.4653,0.4653,0.4653,0.4653,0.4653,0.4653
50408,0.4653,0.4653,0.4653,0.4653,0.4653,0.4653,0.4653,0.4653,0.4653,0.4653,0.4653,0.4653,0.4653
51007,0.4653,0.4653,0.4653,0.4653,0.4653,0.4653,0.4653,0.4653,0.4653,0.4653,0.4653,0.4653,0.4653
51008,0.4653,0.4653,0.4653,0.4653,0.4653,0.4653,0.4653,0.4653,0.4653,0.4653,0.4653,0.4653,0.4653
51607,0.4653,0.4653,0.4653,0.4653,0.4653,0.4653,0.4653,0.4653,0.4653,0.4653,0.4653,0.4653,0.4653
51608,0.4653,0.4653,0.4653,0.4653,0.4653,0.4653,0.4653,0.4653,0.4653,0.4653,0.4653,0.4653,0.4653
52207,0.4653,0.4653,0.4653,0.4653,0.4653,0.4653,0.4653,0.4653,0.4653,0.4653,0.4653,0.4653,0.4653
52208,0.4653,0.4653,0.4653,0.4653,0.4653,0.4653,0.4653,0.4653,0.4653,0.4653,0.4653,0.4653,0.4653
52807,0.4653,0.4653,0.4653,0.4653,0.4653,0.4653,0.4653,0.4653,0.4653,0.4653,0.4653,0.4653,0.4653
52808,0.4653,0.4653,0.4653,0.4653,0.4653,0.4653,0.4653,0.4653,0.4653,0.4653,0.4653,0.4653,0.4653
53407,0.4653,0.4653,0.4653,0.4653,0.4653,0.4653,0.4653,0.4653,0.4653,0.4653,0.4653,0.4653,0.4653
53408,0.4653,0.4653,0.4653,0.4653,0.4653,0.4653,0.4653,0.4653,0.4653,0.4653,0.4653,0.4653,0.4653
54007,0.4653,0.4653,0.4653,0.4653,0.4653,0.4653,0.4653,0.4653,0.4653,0.4653,0.4653,0.4653,0.4653
54008,0.4653,0.4653,0.4653,0.4653,0.4653,0.4653,0.4653,0.4653,0.4653,0.4653,0.4653,0.4653,0.4653
54607,0.4653,0.4653,0.4653,0.4653,0.4653,0.4653,0.4653,0.4653,0.4653,0.4653,0.4653,0.4653,0.4653
54608,0.4653,0.4653,0.4653,0.4653,0.4653,0.4653,0.4653,0.4653,0.4653,0.4653,0.4653,0.4653,0.4653
54609,0.4653,0.4653,0.4653,0.4653,0.4653,0.4653,0.4653,0.4653,0.4653,0.4653,0.4653,0.4653,0.4653
55207,0.4653,0.4653,0.4653,0.4653,0.4653,0.4653,0.4653,0.4653,0.4653,0.4653,0.4653,0.4653,0.4653
55208,0.4653,0.4653,0.4653,0.4653,0.4653,0.4653,0.4653,0.4653,0.4653,0.4653,0.4653,0.4653,0.4653
55209,0.4653,0.4653,0.4653,0.4653,0.4653,0.4653,0.4653,0.4653,0.4653,0.4653,0.4653,0.4653,0.4653
55807,0.4653,0.4653,0.4653,0.4653,0.4653,0.4653,0.4653,0.4653,0.4653,0.4653,0.4653,0.4653,0.4653
55808,0.4653,0.4653,0.4653,0.4653,0.4653,0.4653,0.4653,0.4653,0.4653,0.4653,0.4653,0.4653,0.4653
55809,0.4653,0.4653,0.4653,0.4653,0.4653,0.4653,0.4653,0.4653,0.4653,0.4653,0.4653,0.4653,0.4653
56407,0.4653,0.4653,0.4653,0.4653,0.4653,0.4653,0.4653,0.4653,0.4653,0.4653,0.4653,0.4653,0.4653
56408,0.4653,0.4653,0.4653,0.4653,0.4653,0.4653,0.4653,0.4653,0.4653,0.4653,0.4653,0.4653,0.4653
56409,0.4653,0.4653,0.4653,0.4653,0.4653,0.4653,0.4653,0.4653,0.4653,0.4653,0.4653,0.4653,0.4653
57007,0.4653,0.4653,0.4653,0.4653,0.4653,0.4653,0.4653,0.4653,0.4653,0.4653,0.4653,0.4653,0.4653
57008,0.4653,0.4653,0.4653,0.4653,0.4653,0.4653,0.4653,0.4653,0.4653,0.4653,0.4653,0.4653,0.4653
57009,0.4653,0.4653,0.4653,0.4653,0.4653,0.4653,0.4653,0.4653,0.4653,0.4653,0.4653,0.4653,0.4653
57607,0.4653,0.4653,0.4653,0.4653,0.4653,0.4653,0.4653,0.4653,0.4653,0.4653,0.4653,0.4653,0.4653
57608,0.4653,0.4653,0.4653,0.4653,0.4653,0.4653,0.4653,0.4653,0.4653,0.4653,0.4653,0.4653,0.4653
57609,0.4653,0.4653,0.4653,0.4653,0.4653,0.4653,0.4653,0.4653,0.4653,0.4653,0.4653,0.4653,0.4653
58207,0.4653,0.4653,0.4653,0.4653,0.4653,0.4653,0.4653,0.4653,0.4653,0.4653,0.4653,0.4653,0.4653
58208,0.4653,0.4653,0.4653,0.4653,0.4653,0.4653,0.4653,0.4653,0.4653,0.4653,0.4653,0.4653,0.4653
58209,0.4653,0.4653,0.4653,0.4653,0.4653,0.4653,0.4653,0.4653,0.4653,0.4653,0.4653,0.4653,0.4653
58807,0.4653,0.4653,0.4653,0.4653,0.4653,0.4653,0.4653,0.4653,0.4653,0.4653,0.4653,0.4653,0.4653
58808,0.4653,0.4653,0.4653,0.4653,0.4653,0.4653,0.4653,0.4653,0.4653,0.4653,0.4653,0.4653,0.4653
58809,0.4653,0.4653,0.4653,0.4653,0.4653,0.4653,0.4653,0.4653,0.4653,0.4653,0.4653,0.4653,0.4653
59407,0.4653,0.4653,0.4653,0.4653,0.4653,0.4653,0.4653,0.4653,0.4653,0.4653,0.4653,0.4653,0.4653
59408,0.4653,0.4653,0.4653,0.4653,0.4653,0.4653,0.4653,0.4653,0.4653,0.4653,0.4653,0.4653,0.4653
59409,0.4653,0.4653,0.4653,0.4653,0.4653,0.4653,0.4653,0.4653,0.4653,0.4653,0.4653,0.4653,0.4653
60007,0.4653,0.4653,0.4653,0.4653,0.4653,0.4653,0.4653,0.4653,0.4653,0.4653,0.4653,0.4653,0.4653
60008,0.4653,0.4653,0.4653,0.4653,0.4653,0.4653,0.4653,0.4653,0.4653,0.4653,0.4653,0.4653,0.4653
60009,0.4653,0.4653,0.4653,0.4653,0.4653,0.4653,0.4653,0.4653,0.4653,0.4653,0.4653,0.4653,0.4653
60607,0.4653,0.4653,0.4653,0.4653,0.4653,0.4653,0.4653,0.4653,0.4653,0.4653,0.4653,0.4653,0.4653
60608,0.4653,0.4653,0.4653,0.4653,0.4653,0.4653,0.4653,0.4653,0.4653,0.4653,0.4653,0.4653,0.4653
60609,0.4653,0.4653,0.4653,0.4653,0.4653,0.4653,0.4653,0.4653,0.4653,0.4653,0.4653,0.4653,0.4653
61207,0.4653,0.4653,0.4653,0.4653,0.4653,0.4653,0.4653,0.4653,0.4653,0.4653,0.4653,0.4653,0.4653
61208,0.4653,0.4653,0.4653,0.4653,0.4653,0.4653,0.4653,0.4653,0.4653,0.4653,0.4653,0.4653,0.4653
61209,0.4653,0.4653,0.4653,0.4653,0.4653,0.4653,0.4653,0.4653,0.4653,0.4653,0.4653,0.4653,0.4653
61807,0.4653,0.4653,0.4653,0.4653,0.4653,0.4653,0.4653,0.4653,0.4653,0.4653,0.4653,0.4653,0.4653
61808,0.4653,0.4653,0.4653,0.4653,0.4653,0.4653,0.4653,0.4653,0.4653,0.4653,0.4653,0.4653,0.4653
61809,0.4653,0.4653,0.4653,0.4653,0.4653,0.4653,0.4653,0.4653,0.4653,0.4653,0.4653,0.4653,0.4653
62407,0.4653,0.4653,0.4653,0.4653,0.4653,0.4653,0.4653,0.4653,0.4653,0.4653,0.4653,0.4653,0.4653
62408,0.4653,0.4653,0.4653,0.4653,0.4653,0.4653,0.4653,0.4653,0.4653,0.4653,0.4653,0.4653,0.4653
62409,0.4653,0.4653,0.4653,0.4653,0.4653,0.4653,0.4653,0.4653,0.4653,0.4653,0.4653,0.4653,0.4653
63007,0.4653,0.4653,0.4653,0.4653,0.4653,0.4653,0.4653,0.4653,0.4653,0.4653,0.4653,0.4653,0.4653
63008,0.4653,0.4653,0.4653,0.4653,0.4653,0.4653,0.4653,0.4653,0.4653,0.4653,0.4653,0.4653,0.4653
63009,0.4653,0.4653,0.4653,0.4653,0.4653,0.4653,0.4653,0.4653,0.4653,0.4653,0.4653,0.4653,0.4653
63607,0.4653,0.4653,0.4653,0.4653,0.4653,0.4653,0.4653,0.4653,0.4653,0.4653,0.4653,0.4653,0.4653
63608,0.4653,0.4653,0.4653,0.4653,0.4653,0.4653,0.4653,0.4653,0.4653,0.4653,0.4653,0.4653,0.4653
63609,0.4653,0.4653,0.4653,0.4653,0.4653,0.4653,0.4653,0.4653,0.4653,0.4653,0.4653,0.4653,0.4653
64207,0.4653,0.4653,0.4653,0.4653,0.4653,0.4653,0.4653,0.4653,0.4653,0.4653,0.4653,0.4653,0.4653
64208,0.4653,0.4653,0.4653,0.4653,0.4653,0.4653,0.4653,0.4653,0.4653,0.4653,0.4653,0.4653,0.4653
64209,0.4653,0.4653,0.4653,0.4653,0.4653,0.4653,0.4653,0.4653,0.4653,0.4653,0.4653,0.4653,0.4653
64807,0.4653,0.4653,0.4653,0.4653,0.4653,0.4653,0.4653,0.4653,0.4653,0.4653,0.4653,0.4653,0.4653
64808,0.4653,0.4653,0.4653,0.4653,0.4653,0.4653,0.4653,0.4653,0.4653,0.4653,0.4653,0.4653,0.4653
64809,0.4653,0.4653,0.4653,0.4653,0.4653,0.4653,0.4653,0.4653,0.4653,0.4653,0.4653,0.4653,0.4653
65407,0.4653,0.4653,0.4653,0.4653,0.4653,0.4653,0.4653,0.4653,0.4653,0.4653,0.4653,0.4653,0.4653
65408,0.4653,0.4653,0.4653,0.4653,0.4653,0.4653,0.4653,0.4653,0.4653,0.4653,0.4653,0.4653,0.4653
65409,0.4653,0.4653,0.4653,0.4653,0.4653,0.4653,0.4653,0.4653,0.4653,0.4653,0.4653,0.4653,0.4653
66007,0.4653,0.4653,0.4653,0.4653,0.4653,0.4653,0.4653,0.4653,0.4653,0.4653,0.4653,0.4653,0.4653
66008,0.4653,0.4653,0.4653,0.4653,0.4653,0.4653,0.4653,0.4653,0.4653,0.4653,0.4653,0.4653,0.4653
66009,0.4653,0.4653,0.4653,0.4653,0.4653,0.4653,0.4653,0.4653,0.4653,0.4653,0.4653,0.4653,0.4653
66607,0.4653,0.4653,0.4653,0.4653,0.4653,0.4653,0.4653,0.4653,0.4653,0.4653,0.4653,0.4653,0.4653
66608,0.4653,0.4653,0.4653,0.4653,0.4653,0.4653,0.4653,0.4653,0.4653,0.4653,0.4653,0.4653,0.4653
66609,0.4653,0.4653,0.4653,0.4653,0.4653,0.4653,0.4653,0.4653,0.4653,0.4653,0.4653,0.4653,0.4653
67207,0.4653,0.4653,0.4653,0.4653,0.4653,0.4653,0.4653,0.4653,0.4653,0.4653,0.4653,0.4653,0.4653
67208,0.4653,0.4653,0.4653,0.4653,0.4653,0.4653,0.4653,0.4653,0.4653,0.4653,0.4653,0.4653,0.4653
67209,0.4653,0.4653,0.4653,0.4653,0.4653,0.4653,0.4653,0.4653,0.4653,0.4653,0.4653,0.4653,0.4653
67807,0.4653,0.4653,0.4653,0.4653,0.4653,0.4653,0.4653,0.4653,0.4653,0.4653,0.4653,0.4653,0.4653
67808,0.4653,0.4653,0.4653,0.4653,0.4653,0.4653,0.4653,0.4653,0.4653,0.4653,0.4653,0.4653,0.4653
67809,0.4653,0.4653,0.4653,0.4653,0.4653,0.4653,0.4653,0.4653,0.4653,0.4653,0.4653,0.4653,0.4653
68407,0.4653,0.4653,0.4653,0.4653,0.4653,0.4653,0.4653,0.4653,0.4653,0.4653,0.4653,0.4653,0.4653
68408,0.4653,0.4653,0.4653,0.4653,0.4653,0.4653,0.4653,0.4653,0.4653,0.4653,0.4653,0.4653,0.4653
68409,0.4653,0.4653,0.4653,0.4653,0.4653,0.4653,0.4653,0.4653,0.4653,0.4653,0.4653,0.4653,0.4653
69007,0.4653,0.4653,0.4653,0.4653,0.4653,0.4653,0.4653,0.4653,0.4653,0.4653,0.4653,0.4653,0.4653
69008,0.4653,0.4653,0.4653,0.4653,0.4653,0.4653,0.4653,0.4653,0.4653,0.4653,0.4653,0.4653,0.4653
69009,0.4653,0.4653,0.4653,0.4653,0.4653,0.4653,0.4653,0.4653,0.4653,0.4653,0.4653,0.4653,0.4653
69607,0.4653,0.4653,0.4653,0.4653,0.4653,0.4653,0.4653,0.4653,0.4653,0.4653,0.4653,0.4653,0.4653
69608,0.4653,0.4653,0.4653,0.4653,0.4653,0.4653,0.4653,0.4653,0.4653,0.4653,0.4653,0.4653,0.4653
69609,0.4653,0.4653,0.4653,0.4653,0.4653,0.4653,0.4653,0.4653,0.4653,0.4653,0.4653,0.4653,0.4653
70207,0.4653,0.4653,0.4653,0.4653,0.4653,0.4653,0.4653,0.4653,0.4653,0.4653,0.4653,0.4653,0.4653
70208,0.4653,0.4653,0.4653,0.4653,0.4653,0.4653,0.4653,0.4653,0.4653,0.4653,0.4653,0.4653,0.4653
70209,0.4653,0.4653,0.4653,0.4653,0.4653,0.4653,0.4653,0.4653,0.4653,0.4653,0.4653,0.4653,0.4653
70807,0.4653,0.4653,0.4653,0.4653,0.4653,0.4653,0.4653,0.4653,0.4653,0.4653,0.4653,0.4653,0.4653
70808,0.4653,0.4653,0.4653,0.4653,0.4653,0.4653,0.4653,0.4653,0.4653,0.4653,0.4653,0.4653,0.4653
70809,0.4653,0.4653,0.4653,0.4653,0.4653,0.4653,0.4653,0.4653,0.4653,0.4653,0.4653,0.4653,0.4653
71407,0.4653,0.4653,0.4653,0.4653,0.4653,0.4653,0.4653,0.4653,0.4653,0.4653,0.4653,0.4653,0.4653
71408,0.4653,0.4653,0.4653,0.4653,0.4653,0.4653,0.4653,0.4653,0.4653,0.4653,0.4653,0.4653,0.4653
71409,0.4653,0.4653,0.4653,0.4653,0.4653,0.4653,0.4653,0.4653,0.4653,0.4653,0.4653,0.4653,0.4653
72007,0.4653,0.4653,0.4653,0.4653,0.4653,0.4653,0.4653,0.4653,0.4653,0.4653,0.4653,0.4653,0.4653
72008,0.4653,0.4653,0.4653,0.4653,0.4653,0.4653,0.4653,0.4653,0.4653,0.4653,0.4653,0.4653,0.4653
72009,0.4653,0.4653,0.4653,0.4653,0.4653,0.4653,0.4653,0.4653,0.4653,0.4653,0.4653,0.4653,0.4653
72607,0.4653,0.4653,0.4653,0.4653,0.4653,0.4653,0.4653,0.4653,0.4653,0.4653,0.4653,0.4653,0.4653
72608,0.4653,0.4653,0.4653,0.4653,0.4653,0.4653,0.4653,0.4653,0.4653,0.4653,0.4653,0.4653,0.4653
72609,0.4653,0.4653,0.4653,0.4653,0.4653,0.4653,0.4653,0.4653,0.4653,0.4653,0.4653,0.4653,0.4653
73207,0.4653,0.4653,0.4653,0.4653,0.4653,0.4653,0.4653,0.4653,0.4653,0.4653,0.4653,0.4653,0.4653
73208,0.4653,0.4653,0.4653,0.4653,0.4653,0.4653,0.4653,0.4653,0.4653,0.4653,0.4653,0.4653,0.4653
73209,0.4653,0.4653,0.4653,0.4653,0.4653,0.4653,0.4653,0.4653,0.4653,0.4653,0.4653,0.4653,0.4653
73807,0.4653,0.4653,0.4653,0.4653,0.4653,0.4653,0.4653,0.4653,0.4653,0.4653,0.4653,0.4653,0.4653
73808,0.4653,0.4653,0.4653,0.4653,0.4653,0.4653,0.4653,0.4653,0.4653,0.4653,0.4653,0.4653,0.4653
73809,0.4653,0.4653,0.4653,0.4653,0.4653,0.4653,0.4653,0.4653,0.4653,0.4653,0.4653,0.4653,0.4653
74407,0.4653,0.4653,0.4653,0.4653,0.4653,0.4653,0.4653,0.4653,0.4653,0.4653,0.4653,0.4653,0.4653
74408,0.4653,0.4653,0.4653,0.4653,0.4653,0.4653,0.4653,0.4653,0.4653,0.4653,0.4653,0.4653,0.4653
74409,0.4653,0.4653,0.4653,0.4653,0.4653,0.4653,0.4653,0.4653,0.4653,0.4653,0.4653,0.4653,0.4653
75007,0.4653,0.4653,0.4653,0.4653,0.4653,0.4653,0.4653,0.4653,0.4653,0.4653,0.4653,0.4653,0.4653
75008,0.4653,0.4653,0.4653,0.4653,0.4653,0.4653,0.4653,0.4653,0.4653,0.4653,0.4653,0.4653,0.4653
75009,0.4653,0.4653,0.4653,0.4653,0.4653,0.4653,0.4653,0.4653,0.4653,0.4653,0.4653,0.4653,0.4653
75607,0.4653,0.4653,0.4653,0.4653,0.4653,0.4653,0.4653,0.4653,0.4653,0.4653,0.4653,0.4653,0.4653
75608,0.4653,0.4653,0.4653,0.4653,0.4653,0.4653,0.4653,0.4653,0.4653,0.4653,0.4653,0.4653,0.4653
75609,0.4653,0.4653,0.4653,0.4653,0.4653,0.4653,0.4653,0.4653,0.4653,0.4653,0.4653,0.4653,0.4653
76207,0.4653,0.4653,0.4653,0.4653,0.4653,0.4653,0.4653,0.4653,0.4653,0.4653,0.4653,0.4653,0.4653
76208,0.4653,0.4653,0.4653,0.4653,0.4653,0.4653,0.4653,0.4653,0.4653,0.4653,0.4653,0.4653,0.4653
76209,0.4653,0.4653,0.4653,0.4653,0.4653,0.4653,0.4653,0.4653,0.4653,0.4653,0.4653,0.4653,0.4653
76807,0.4653,0.4653,0.4653,0.4653,0.4653,0.4653,0.4653,0.4653,0.4653,0.4653,0.4653,0.4653,0.4653
76808,0.4653,0.4653,0.4653,0.4653,0.4653,0.4653,0.4653,0.4653,0.4653,0.4653,0.4653,0.4653,0.4653
76809,0.4653,0.4653,0.4653,0.4653,0.4653,0.4653,0.4653,0.4653,0.4653,0.4653,0.4653,0.4653,0.4653
77407,0.4653,0.4653,0.4653,0.4653,0.4653,0.4653,0.4653,0.4653,0.4653,0.4653,0.4653,0.4653,0.4653
77408,0.4653,0.4653,0.4653,0.4653,0.4653,0.4653,0.4653,0.4653,0.4653,0.4653,0.4653,0.4653,0.4653
77409,0.4653,0.4653,0.4653,0.4653,0.4653,0.4653,0.4653,0.4653,0.4653,0.4653,0.4653,0.4653,0.4653
78007,0.4653,0.4653,0.4653,0.4653,0.4653,0.4653,0.4653,0.4653,0.4653,0.4653,0.4653,0.4653,0.4653
78008,0.4653,0.4653,0.4653,0.4653,0.4653,0.4653,0.4653,0.4653,0.4653,0.4653,0.4653,0.4653,0.4653
78009,0.4653,0.4653,0.4653,0.4653,0.4653,0.4653,0.4653,0.4653,0.4653,0.4653,0.4653,0.4653,0.4653
78607,0.4653,0.4653,0.4653,0.4653,0.4653,0.4653,0.4653,0.4653,0.4653,0.4653,0.4653,0.4653,0.4653
78608,0.4653,0.4653,0.4653,0.4653,0.4653,0.4653,0.4653,0.4653,0.4653,0.4653,0.4653,0.4653,0.4653
78609,0.4653,0.4653,0.4653,0.4653,0.4653,0.4653,0.4653,0.4653,0.4653,0.4653,0.4653,0.4653,0.4653
79208,0.4653,0.4653,0.4653,0.4653,0.4653,0.4653,0.4653,0.4653,0.4653,0.4653,0.4653,0.4653,0.4653
79209,0.4653,0.4653,0.4653,0.4653,0.4653,0.4653,0.4653,0.4653,0.4653,0.4653,0.4653,0.4653,0.4653
79808,0.4653,0.4653,0.4653,0.4653,0.4653,0.4653,0.4653,0.4653,0.4653,0.4653,0.4653,0.4653,0.4653
79809,0.4653,0.4653,0.4653,0.4653,0.4653,0.4653,0.4653,0.4653,0.4653,0.4653,0.4653,0.4653,0.4653
80408,0.4653,0.4653,0.4653,0.4653,0.4653,0.4653,0.4653,0.4653,0.4653,0.4653,0.4653,0.4653,0.4653
80409,0.4653,0.4653,0.4653,0.4653,0.4653,0.4653,0.4653,0.4653,0.4653,0.4653,0.4653,0.4653,0.4653
81008,0.4653,0.4653,0.4653,0.4653,0.4653,0.4653,0.4653,0.4653,0.4653,0.4653,0.4653,0.4653,0.4653
81009,0.4653,0.4653,0.4653,0.4653,0.4653,0.4653,0.4653,0.4653,0.4653,0.4653,0.4653,0.4653,0.4653
81608,0.4653,0.4653,0.4653,0.4653,0.4653,0.4653,0.4653,0.4653,0.4653,0.4653,0.4653,0.4653,0.4653
81609,0.4653,0.4653,0.4653,0.4653,0.4653,0.4653,0.4653,0.4653,0.4653,0.4653,0.4653,0.4653,0.4653
82208,0.4653,0.4653,0.4653,0.4653,0.4653,0.4653,0.4653,0.4653,0.4653,0.4653,0.4653,0.4653,0.4653
82209,0.4653,0.4653,0.4653,0.4653,0.4653,0.4653,0.4653,0.4653,0.4653,0.4653,0.4653,0.4653,0.4653
82808,0.4653,0.4653,0.4653,0.4653,0.4653,0.4653,0.4653,0.4653,0.4653,0.4653,0.4653,0.4653,0.4653
82809,0.4653,0.4653,0.4653,0.4653,0.4653,0.4653,0.4653,0.4653,0.4653,0.4653,0.4653,0.4653,0.4653
83408,0.4653,0.4653,0.4653,0.4653,0.4653,0.4653,0.4653,0.4653,0.4653,0.4653,0.4653,0.4653,0.4653
83409,0.4653,0.4653,0.4653,0.4653,0.4653,0.4653,0.4653,0.4653,0.4653,0.4653,0.4653,0.4653,0.4653
84008,0.4653,0.4653,0.4653,0.4653,0.4653,0.4653,0.4653,0.4653,0.4653,0.4653,0.4653,0.4653,0.4653
84009,0.4653,0.4653,0.4653,0.4653,0.4653,0.4653,0.4653,0.4653,0.4653,0.4653,0.4653,0.4653,0.4653
84608,0.4653,0.4653,0.4653,0.4653,0.4653,0.4653,0.4653,0.4653,0.4653,0.4653,0.4653,0.4653,0.4653
84609,0.4653,0.4653,0.4653,0.4653,0.4653,0.4653,0.4653,0.4653,0.4653,0.4653,0.4653,0.4653,0.4653
85208,0.4653,0.4653,0.4653,0.4653,0.4653,0.4653,0.4653,0.4653,0.4653,0.4653,0.4653,0.4653,0.4653
85209,0.4653,0.4653,0.4653,0.4653,0.4653,0.4653,0.4653,0.4653,0.4653,0.4653,0.4653,0.4653,0.4653
85808,0.4653,0.4653,0.4653,0.4653,0.4653,0.4653,0.4653,0.4653,0.4653,0.4653,0.4653,0.4653,0.4653
85809,0.4653,0.4653,0.4653,0.4653,0.4653,0.4653,0.4653,0.4653,0.4653,0.4653,0.4653,0.4653,0.4653
