timestamp,smc91c1116,smc91c1117,smc91c1119,smc91c1118,smc91c1111,smc91c1114,smc91c1113,smc91c1110,smc91c1112,smc91c1115,max,min,avg
0,0.0076,0.0076,0.0076,0.0076,0.0076,0.0076,0.0076,0.0076,0.0076,0.0076,0.0076,0.0076,0.0076
5,0.1237,0.1237,0.1237,0.1237,0.1237,0.1237,0.1237,0.1237,0.1237,0.1237,0.1237,0.1237,0.1237
6,0.5581,0.3939,0.2323,0.5051,0.5,0.4015,0.2323,0.399,0.2727,0.2323,0.5581,0.2323,0.3727
7,0.5657,0.5732,0.6869,0.649,0.5732,0.7121,0.351,0.5429,0.4394,0.798,0.798,0.351,0.5891
8,0.5732,0.6187,0.8333,0.8182,0.8662,0.7955,0.8359,0.7929,0.4394,0.8283,0.8662,0.4394,0.7402
9,0.7222,0.7172,0.8586,0.8409,0.8737,0.8207,0.8409,0.8384,0.4394,0.8333,0.8737,0.4394,0.7785
10,0.7273,0.8636,0.8662,0.8409,0.8737,0.8409,0.8409,0.846,0.4394,0.8409,0.8737,0.4394,0.798
11,0.7273,0.8636,0.8662,0.8409,0.8737,0.8409,0.8586,0.8485,0.4394,0.8409,0.8737,0.4394,0.8
12,0.7273,0.8636,0.8662,0.8409,0.8737,0.8687,0.8586,0.8611,0.4394,0.8409,0.8737,0.4394,0.804
13,0.7273,0.8636,0.8662,0.8561,0.8737,0.8763,0.8586,0.8611,0.4924,0.8409,0.8763,0.4924,0.8116
14,0.7273,0.8662,0.8662,0.8561,0.8737,0.8763,0.8586,0.8611,0.75,0.8409,0.8763,0.7273,0.8376
15,0.7273,0.8712,0.8662,0.8561,0.8737,0.8763,0.8586,0.8611,0.846,0.8409,0.8763,0.7273,0.8477
16,0.7273,0.8763,0.8712,0.8561,0.8737,0.8763,0.8586,0.8611,0.8535,0.8409,0.8763,0.7273,0.8495
17,0.7273,0.8788,0.8712,0.8561,0.8763,0.8763,0.8586,0.8611,0.8561,0.8662,0.8788,0.7273,0.8528
18,0.846,0.8788,0.8712,0.8561,0.8763,0.8763,0.8586,0.8611,0.8561,0.8662,0.8788,0.846,0.8647
19,0.8712,0.8813,0.8712,0.8561,0.8763,0.8763,0.8586,0.8611,0.8636,0.8662,0.8813,0.8561,0.8682
20,0.8737,0.8813,0.8712,0.8561,0.8763,0.8763,0.8586,0.8611,0.8636,0.8662,0.8813,0.8561,0.8684
21,0.8737,0.8813,0.8712,0.8561,0.8763,0.8763,0.8586,0.8611,0.8636,0.8662,0.8813,0.8561,0.8684
22,0.8737,0.8813,0.8712,0.8561,0.8763,0.8763,0.8611,0.8611,0.8636,0.8662,0.8813,0.8561,0.8687
23,0.8737,0.8813,0.8712,0.8561,0.8763,0.8763,0.8611,0.8611,0.8636,0.8662,0.8813,0.8561,0.8687
24,0.8737,0.8813,0.8712,0.8561,0.8763,0.8763,0.8611,0.8611,0.8636,0.8662,0.8813,0.8561,0.8687
25,0.8737,0.8813,0.8712,0.8561,0.8763,0.8763,0.8611,0.8611,0.8636,0.8662,0.8813,0.8561,0.8687
26,0.8737,0.8813,0.8712,0.8561,0.8763,0.8763,0.8611,0.8737,0.8636,0.8662,0.8813,0.8561,0.87
27,0.8737,0.8813,0.8712,0.8561,0.8763,0.8763,0.8611,0.8737,0.8636,0.8662,0.8813,0.8561,0.87
28,0.8737,0.8813,0.8712,0.8561,0.8763,0.8763,0.8611,0.8737,0.8636,0.8662,0.8813,0.8561,0.87
29,0.8737,0.8813,0.8712,0.8687,0.8763,0.8763,0.8611,0.8737,0.8636,0.8662,0.8813,0.8611,0.8712
30,0.8737,0.8813,0.8712,0.8687,0.8763,0.8788,0.8611,0.8737,0.8636,0.8662,0.8813,0.8611,0.8715
31,0.8737,0.8813,0.8712,0.8687,0.8763,0.8788,0.8611,0.8737,0.8636,0.8662,0.8813,0.8611,0.8715
32,0.8737,0.8813,0.8712,0.8687,0.8763,0.8788,0.8611,0.8737,0.8636,0.8662,0.8813,0.8611,0.8715
33,0.8737,0.8813,0.8712,0.8687,0.8763,0.8788,0.8611,0.8737,0.8636,0.8662,0.8813,0.8611,0.8715
34,0.8737,0.8813,0.8712,0.8687,0.8763,0.8788,0.8611,0.8737,0.8636,0.8662,0.8813,0.8611,0.8715
35,0.8737,0.8813,0.8712,0.8687,0.8763,0.8788,0.8611,0.8737,0.8636,0.8712,0.8813,0.8611,0.872
36,0.8737,0.8813,0.8712,0.8687,0.8788,0.8788,0.8611,0.8737,0.8636,0.8712,0.8813,0.8611,0.8722
37,0.8737,0.8838,0.8712,0.8687,0.8788,0.8788,0.8611,0.8737,0.8636,0.8712,0.8838,0.8611,0.8725
38,0.8737,0.8838,0.8737,0.8687,0.8788,0.8788,0.8611,0.8763,0.8712,0.8712,0.8838,0.8611,0.8737
39,0.8737,0.8838,0.8737,0.8712,0.8788,0.8788,0.8611,0.8763,0.8737,0.8712,0.8838,0.8611,0.8742
40,0.8737,0.8838,0.8737,0.8712,0.8788,0.8788,0.8611,0.8763,0.8737,0.8712,0.8838,0.8611,0.8742
41,0.8737,0.8838,0.8737,0.8712,0.8813,0.8788,0.8611,0.8763,0.8763,0.8712,0.8838,0.8611,0.8747
42,0.8763,0.8838,0.8737,0.8712,0.8813,0.8788,0.8611,0.8763,0.8763,0.8712,0.8838,0.8611,0.875
43,0.8763,0.8838,0.8737,0.8712,0.8813,0.8788,0.8611,0.8763,0.8763,0.8712,0.8838,0.8611,0.875
44,0.8763,0.8838,0.8737,0.8712,0.8813,0.8813,0.8611,0.8763,0.8763,0.8712,0.8838,0.8611,0.8752
45,0.8763,0.8838,0.8737,0.8788,0.8813,0.8813,0.8611,0.8763,0.8763,0.8712,0.8838,0.8611,0.876
46,0.8763,0.8838,0.8737,0.8788,0.8813,0.8813,0.8611,0.8763,0.8763,0.8712,0.8838,0.8611,0.876
47,0.8763,0.8838,0.8737,0.8788,0.8813,0.8813,0.8611,0.8763,0.8763,0.8712,0.8838,0.8611,0.876
48,0.8763,0.8838,0.8737,0.8788,0.8813,0.8813,0.8611,0.8763,0.8763,0.8712,0.8838,0.8611,0.876
49,0.8763,0.8838,0.8737,0.8788,0.8813,0.8813,0.8611,0.8763,0.8763,0.8712,0.8838,0.8611,0.876
50,0.8763,0.8838,0.8737,0.8788,0.8813,0.8813,0.8611,0.8763,0.8763,0.8712,0.8838,0.8611,0.876
51,0.8763,0.8838,0.8737,0.8788,0.8813,0.8813,0.8611,0.8763,0.8763,0.8712,0.8838,0.8611,0.876
52,0.8763,0.8864,0.8737,0.8788,0.8813,0.8813,0.8611,0.8788,0.8763,0.8712,0.8864,0.8611,0.8765
53,0.8763,0.8864,0.8737,0.8788,0.8813,0.8813,0.8611,0.8788,0.8763,0.8712,0.8864,0.8611,0.8765
54,0.8763,0.8864,0.8737,0.8788,0.8813,0.8813,0.8611,0.8788,0.8763,0.8737,0.8864,0.8611,0.8768
55,0.8763,0.8864,0.8737,0.8788,0.8813,0.8813,0.8611,0.8788,0.8763,0.8737,0.8864,0.8611,0.8768
56,0.8763,0.8864,0.8737,0.8788,0.8813,0.8813,0.8611,0.8788,0.8763,0.8737,0.8864,0.8611,0.8768
57,0.8763,0.8864,0.8737,0.8788,0.8813,0.8813,0.8611,0.8788,0.8763,0.8737,0.8864,0.8611,0.8768
58,0.8763,0.8864,0.8737,0.8788,0.8813,0.8813,0.8611,0.8788,0.8763,0.8737,0.8864,0.8611,0.8768
59,0.8763,0.8864,0.8737,0.8788,0.8813,0.8813,0.8611,0.8813,0.8763,0.8737,0.8864,0.8611,0.877
60,0.8763,0.8864,0.8737,0.8788,0.8813,0.8813,0.8611,0.9116,0.8763,0.8737,0.9116,0.8611,0.88
61,0.8763,0.8864,0.8737,0.8788,0.8813,0.8813,0.8611,0.9116,0.8763,0.8763,0.9116,0.8611,0.8803
62,0.8763,0.8864,0.8737,0.8788,0.8813,0.8813,0.8611,0.9116,0.8763,0.8763,0.9116,0.8611,0.8803
63,0.8763,0.8864,0.8737,0.8788,0.8813,0.8813,0.8611,0.9116,0.8763,0.8763,0.9116,0.8611,0.8803
64,0.8763,0.8864,0.8737,0.8788,0.8813,0.8813,0.8611,0.9116,0.8763,0.8763,0.9116,0.8611,0.8803
65,0.8763,0.8864,0.8737,0.8788,0.8813,0.8813,0.8611,0.9116,0.8763,0.8763,0.9116,0.8611,0.8803
66,0.8763,0.8864,0.8737,0.8788,0.8813,0.8813,0.8611,0.9116,0.8763,0.8763,0.9116,0.8611,0.8803
67,0.8763,0.8864,0.8737,0.8788,0.8838,0.8813,0.8611,0.9116,0.8763,0.8763,0.9116,0.8611,0.8806
68,0.8763,0.8864,0.8737,0.8788,0.8838,0.8813,0.8611,0.9116,0.8763,0.8763,0.9116,0.8611,0.8806
69,0.8763,0.8864,0.8737,0.8788,0.8838,0.8813,0.8611,0.9116,0.8763,0.8763,0.9116,0.8611,0.8806
70,0.8763,0.8864,0.8737,0.8788,0.8838,0.8813,0.8611,0.9116,0.8763,0.8763,0.9116,0.8611,0.8806
71,0.8763,0.8864,0.904,0.8788,0.8838,0.8813,0.8611,0.9116,0.8763,0.8788,0.9116,0.8611,0.8838
72,0.8763,0.8864,0.904,0.8788,0.8838,0.8813,0.8611,0.9116,0.8763,0.8788,0.9116,0.8611,0.8838
73,0.8763,0.8864,0.904,0.8788,0.8838,0.8813,0.8611,0.9116,0.8763,0.8788,0.9116,0.8611,0.8838
74,0.8763,0.8864,0.904,0.8788,0.8838,0.8813,0.8611,0.9116,0.8763,0.8788,0.9116,0.8611,0.8838
75,0.8763,0.8864,0.904,0.8788,0.8838,0.8813,0.8611,0.9116,0.8763,0.8788,0.9116,0.8611,0.8838
76,0.8763,0.8864,0.904,0.8788,0.8838,0.8813,0.8611,0.9116,0.8763,0.8788,0.9116,0.8611,0.8838
77,0.8763,0.8864,0.904,0.8788,0.8838,0.8813,0.8611,0.9116,0.8763,0.8788,0.9116,0.8611,0.8838
78,0.8763,0.8864,0.904,0.8788,0.8838,0.8813,0.8611,0.9116,0.8763,0.8788,0.9116,0.8611,0.8838
79,0.8763,0.8864,0.904,0.8788,0.8838,0.8813,0.8611,0.9116,0.8763,0.8788,0.9116,0.8611,0.8838
80,0.8763,0.8864,0.904,0.8788,0.8838,0.8813,0.8611,0.9116,0.8763,0.8788,0.9116,0.8611,0.8838
81,0.8763,0.8864,0.904,0.8788,0.8838,0.8813,0.8611,0.9116,0.8763,0.8788,0.9116,0.8611,0.8838
82,0.8763,0.8864,0.904,0.8788,0.8838,0.8838,0.8611,0.9116,0.8763,0.8788,0.9116,0.8611,0.8841
83,0.8763,0.8864,0.904,0.8788,0.8838,0.8838,0.8611,0.9116,0.8763,0.8788,0.9116,0.8611,0.8841
84,0.8763,0.8864,0.904,0.8788,0.8838,0.8838,0.8611,0.9116,0.8763,0.8788,0.9116,0.8611,0.8841
85,0.8763,0.8864,0.904,0.8788,0.8838,0.8838,0.8611,0.9116,0.8763,0.9091,0.9116,0.8611,0.8871
86,0.8763,0.8864,0.904,0.8788,0.8838,0.8838,0.8611,0.9116,0.8763,0.9091,0.9116,0.8611,0.8871
87,0.8763,0.8864,0.904,0.8788,0.8838,0.8838,0.8611,0.9116,0.8763,0.9116,0.9116,0.8611,0.8874
88,0.8763,0.8864,0.904,0.8788,0.8838,0.8838,0.8611,0.9116,0.8763,0.9116,0.9116,0.8611,0.8874
89,0.8763,0.8864,0.904,0.8788,0.8838,0.8838,0.8611,0.9116,0.8763,0.9116,0.9116,0.8611,0.8874
90,0.8763,0.8864,0.9091,0.8788,0.8838,0.9167,0.8611,0.9167,0.8763,0.9116,0.9167,0.8611,0.8917
91,0.8763,0.8864,0.9091,0.8788,0.8838,0.9167,0.8611,0.9167,0.8763,0.9116,0.9167,0.8611,0.8917
92,0.8763,0.8864,0.9091,0.8788,0.8838,0.9167,0.8611,0.9167,0.8763,0.9116,0.9167,0.8611,0.8917
93,0.8763,0.8864,0.9091,0.8788,0.8838,0.9167,0.8611,0.9167,0.8763,0.9116,0.9167,0.8611,0.8917
94,0.8763,0.8864,0.9091,0.8788,0.8838,0.9167,0.8611,0.9167,0.8763,0.9116,0.9167,0.8611,0.8917
95,0.8763,0.8864,0.9091,0.8788,0.8838,0.9167,0.8611,0.9167,0.8763,0.9116,0.9167,0.8611,0.8917
96,0.8763,0.8864,0.9091,0.8788,0.8838,0.9167,0.8611,0.9167,0.8763,0.9116,0.9167,0.8611,0.8917
97,0.8763,0.8864,0.9091,0.8788,0.8838,0.9167,0.8611,0.9167,0.8763,0.9116,0.9167,0.8611,0.8917
98,0.8763,0.8864,0.9091,0.8788,0.8838,0.9167,0.8611,0.9167,0.8763,0.9116,0.9167,0.8611,0.8917
99,0.8763,0.8864,0.9091,0.8788,0.8838,0.9167,0.8611,0.9167,0.8763,0.9116,0.9167,0.8611,0.8917
100,0.8763,0.8864,0.9091,0.8788,0.8838,0.9167,0.8611,0.9167,0.8763,0.9116,0.9167,0.8611,0.8917
101,0.8763,0.8864,0.9091,0.8788,0.8838,0.9167,0.8611,0.9167,0.8763,0.9116,0.9167,0.8611,0.8917
102,0.8763,0.8864,0.9091,0.8788,0.8838,0.9167,0.8611,0.9167,0.8763,0.9116,0.9167,0.8611,0.8917
103,0.8763,0.8864,0.9091,0.8788,0.8864,0.9167,0.8611,0.9167,0.8763,0.9116,0.9167,0.8611,0.8919
104,0.8763,0.8864,0.9091,0.8788,0.8864,0.9167,0.8611,0.9167,0.8763,0.9116,0.9167,0.8611,0.8919
105,0.8763,0.8864,0.9091,0.8788,0.8864,0.9167,0.8611,0.9167,0.8763,0.9116,0.9167,0.8611,0.8919
106,0.8763,0.8864,0.9091,0.8788,0.8864,0.9167,0.8611,0.9167,0.8763,0.9116,0.9167,0.8611,0.8919
107,0.8763,0.8864,0.9091,0.8788,0.8864,0.9167,0.8611,0.9167,0.8763,0.9116,0.9167,0.8611,0.8919
108,0.8763,0.8864,0.9116,0.8788,0.8864,0.9167,0.8611,0.9167,0.8763,0.9116,0.9167,0.8611,0.8922
109,0.8763,0.8864,0.9116,0.8788,0.8864,0.9167,0.8611,0.9167,0.8763,0.9116,0.9167,0.8611,0.8922
110,0.8763,0.8864,0.9116,0.8788,0.8864,0.9167,0.8611,0.9167,0.8763,0.9116,0.9167,0.8611,0.8922
111,0.8763,0.8864,0.9116,0.8788,0.8864,0.9167,0.8611,0.9167,0.8763,0.9116,0.9167,0.8611,0.8922
112,0.8763,0.8864,0.9116,0.8788,0.8864,0.9167,0.8611,0.9167,0.8763,0.9116,0.9167,0.8611,0.8922
113,0.8763,0.8864,0.9116,0.8788,0.8864,0.9167,0.8611,0.9167,0.8763,0.9116,0.9167,0.8611,0.8922
114,0.8763,0.8864,0.9116,0.8788,0.8864,0.9167,0.8611,0.9167,0.8788,0.9116,0.9167,0.8611,0.8924
115,0.8763,0.8864,0.9116,0.8788,0.8864,0.9167,0.8611,0.9167,0.8788,0.9116,0.9167,0.8611,0.8924
116,0.8763,0.8864,0.9116,0.8788,0.8864,0.9167,0.8611,0.9167,0.8788,0.9116,0.9167,0.8611,0.8924
117,0.8763,0.8864,0.9116,0.8788,0.8864,0.9167,0.8611,0.9167,0.8788,0.9116,0.9167,0.8611,0.8924
118,0.8763,0.8864,0.9116,0.8788,0.8864,0.9167,0.8611,0.9167,0.8788,0.9116,0.9167,0.8611,0.8924
119,0.8763,0.8864,0.9116,0.8788,0.8864,0.9167,0.8611,0.9167,0.8788,0.9116,0.9167,0.8611,0.8924
120,0.8763,0.8864,0.9116,0.8788,0.8864,0.9167,0.8611,0.9167,0.8788,0.9116,0.9167,0.8611,0.8924
121,0.8763,0.8864,0.9116,0.8788,0.8864,0.9167,0.8611,0.9167,0.8788,0.9116,0.9167,0.8611,0.8924
122,0.8763,0.8864,0.9116,0.8788,0.8864,0.9167,0.8611,0.9167,0.8788,0.9116,0.9167,0.8611,0.8924
123,0.8763,0.8864,0.9116,0.8788,0.8864,0.9167,0.8611,0.9167,0.8788,0.9141,0.9167,0.8611,0.8927
124,0.8763,0.8864,0.9116,0.8788,0.8864,0.9167,0.8611,0.9167,0.8788,0.9141,0.9167,0.8611,0.8927
125,0.8763,0.8864,0.9116,0.8788,0.8864,0.9167,0.8611,0.9167,0.8788,0.9141,0.9167,0.8611,0.8927
126,0.8763,0.8864,0.9116,0.8788,0.9217,0.9167,0.8611,0.9167,0.8788,0.9141,0.9217,0.8611,0.8962
127,0.8763,0.8864,0.9116,0.8788,0.9217,0.9167,0.8611,0.9167,0.8788,0.9141,0.9217,0.8611,0.8962
128,0.8763,0.8864,0.9116,0.8788,0.9217,0.9167,0.8611,0.9167,0.8788,0.9141,0.9217,0.8611,0.8962
129,0.8763,0.8864,0.9116,0.8788,0.9217,0.9167,0.8611,0.9167,0.8788,0.9141,0.9217,0.8611,0.8962
130,0.8763,0.8864,0.9116,0.8788,0.9217,0.9167,0.8611,0.9167,0.8788,0.9141,0.9217,0.8611,0.8962
131,0.8763,0.8864,0.9116,0.8788,0.9217,0.9167,0.8611,0.9167,0.8788,0.9141,0.9217,0.8611,0.8962
132,0.8763,0.8864,0.9116,0.8788,0.9217,0.9167,0.8611,0.9167,0.8838,0.9141,0.9217,0.8611,0.8967
133,0.8763,0.8864,0.9116,0.8788,0.9217,0.9167,0.8611,0.9192,0.8838,0.9141,0.9217,0.8611,0.897
134,0.8763,0.8864,0.9116,0.8788,0.9217,0.9167,0.8611,0.9192,0.8838,0.9141,0.9217,0.8611,0.897
135,0.8763,0.8864,0.9116,0.8788,0.9217,0.9167,0.8611,0.9192,0.8838,0.9141,0.9217,0.8611,0.897
136,0.8763,0.8864,0.9116,0.8788,0.9217,0.9167,0.8611,0.9192,0.8838,0.9141,0.9217,0.8611,0.897
137,0.8763,0.8864,0.9116,0.8788,0.9217,0.9167,0.8611,0.9192,0.8838,0.9141,0.9217,0.8611,0.897
138,0.8763,0.8864,0.9116,0.8788,0.9217,0.9167,0.8611,0.9192,0.8838,0.9141,0.9217,0.8611,0.897
139,0.8763,0.8864,0.9116,0.8788,0.9217,0.9167,0.8611,0.9192,0.8838,0.9141,0.9217,0.8611,0.897
140,0.8763,0.8864,0.9116,0.8788,0.9217,0.9167,0.8914,0.9192,0.8838,0.9141,0.9217,0.8763,0.9
141,0.8763,0.8864,0.9116,0.8788,0.9217,0.9167,0.8914,0.9192,0.8838,0.9141,0.9217,0.8763,0.9
142,0.8763,0.8864,0.9116,0.8788,0.9217,0.9167,0.8914,0.9192,0.8838,0.9141,0.9217,0.8763,0.9
143,0.8763,0.8864,0.9116,0.8788,0.9217,0.9167,0.8914,0.9192,0.8838,0.9141,0.9217,0.8763,0.9
144,0.8763,0.8864,0.9116,0.8788,0.9217,0.9167,0.8914,0.9192,0.8838,0.9141,0.9217,0.8763,0.9
145,0.8763,0.8864,0.9116,0.8788,0.9217,0.9167,0.8914,0.9192,0.8838,0.9167,0.9217,0.8763,0.9003
146,0.8763,0.8864,0.9116,0.8788,0.9217,0.9167,0.8914,0.9192,0.8838,0.9167,0.9217,0.8763,0.9003
147,0.8763,0.8864,0.9116,0.8788,0.9217,0.9167,0.8914,0.9192,0.8838,0.9167,0.9217,0.8763,0.9003
148,0.8763,0.8864,0.9116,0.8788,0.9217,0.9167,0.8914,0.9192,0.8838,0.9167,0.9217,0.8763,0.9003
149,0.8788,0.8864,0.9116,0.8788,0.9217,0.9167,0.8914,0.9192,0.8838,0.9167,0.9217,0.8788,0.9005
150,0.8788,0.8864,0.9116,0.8788,0.9217,0.9167,0.8914,0.9192,0.8838,0.9167,0.9217,0.8788,0.9005
151,0.8788,0.8864,0.9116,0.8788,0.9217,0.9167,0.8914,0.9192,0.8838,0.9167,0.9217,0.8788,0.9005
152,0.8788,0.8864,0.9116,0.8788,0.9217,0.9167,0.8914,0.9192,0.8838,0.9167,0.9217,0.8788,0.9005
153,0.8788,0.8864,0.9116,0.8788,0.9217,0.9167,0.8914,0.9192,0.8838,0.9167,0.9217,0.8788,0.9005
154,0.8788,0.8864,0.9116,0.8788,0.9217,0.9167,0.8914,0.9192,0.8838,0.9167,0.9217,0.8788,0.9005
155,0.8788,0.8864,0.9116,0.8788,0.9217,0.9167,0.8914,0.9192,0.8838,0.9167,0.9217,0.8788,0.9005
156,0.8788,0.8864,0.9116,0.8788,0.9217,0.9167,0.8914,0.9192,0.8838,0.9167,0.9217,0.8788,0.9005
157,0.8788,0.8864,0.9116,0.8788,0.9217,0.9167,0.8914,0.9192,0.8838,0.9167,0.9217,0.8788,0.9005
158,0.8788,0.8864,0.9116,0.8788,0.9217,0.9167,0.8914,0.9192,0.8838,0.9167,0.9217,0.8788,0.9005
159,0.8788,0.8864,0.9116,0.8788,0.9217,0.9167,0.8914,0.9192,0.8838,0.9167,0.9217,0.8788,0.9005
160,0.8788,0.8864,0.9116,0.8788,0.9217,0.9167,0.8914,0.9192,0.8838,0.9167,0.9217,0.8788,0.9005
161,0.8788,0.8864,0.9116,0.8788,0.9217,0.9167,0.8914,0.9192,0.8838,0.9167,0.9217,0.8788,0.9005
162,0.8788,0.9167,0.9116,0.8788,0.9268,0.9167,0.8914,0.9192,0.8838,0.9167,0.9268,0.8788,0.9041
163,0.8788,0.9167,0.9116,0.8788,0.9268,0.9167,0.8914,0.9192,0.8838,0.9167,0.9268,0.8788,0.9041
164,0.8788,0.9167,0.9116,0.8788,0.9268,0.9167,0.8914,0.9192,0.8838,0.9167,0.9268,0.8788,0.9041
165,0.8788,0.9167,0.9116,0.8788,0.9268,0.9167,0.8914,0.9192,0.8838,0.9167,0.9268,0.8788,0.9041
166,0.8788,0.9167,0.9116,0.8788,0.9268,0.9167,0.8914,0.9192,0.8838,0.9167,0.9268,0.8788,0.9041
167,0.8788,0.9167,0.9116,0.8788,0.9268,0.9167,0.8914,0.9192,0.8838,0.9167,0.9268,0.8788,0.9041
168,0.8788,0.9167,0.9116,0.8788,0.9268,0.9167,0.8914,0.9192,0.8838,0.9167,0.9268,0.8788,0.9041
169,0.8788,0.9167,0.9141,0.8788,0.9268,0.9167,0.8914,0.9192,0.8838,0.9167,0.9268,0.8788,0.9043
170,0.8788,0.9167,0.9141,0.8788,0.9268,0.9167,0.8914,0.9192,0.8838,0.9167,0.9268,0.8788,0.9043
171,0.8788,0.9167,0.9141,0.8788,0.9268,0.9167,0.8914,0.9192,0.8838,0.9167,0.9268,0.8788,0.9043
172,0.8788,0.9167,0.9141,0.8788,0.9268,0.9167,0.8914,0.9192,0.8838,0.9167,0.9268,0.8788,0.9043
173,0.8788,0.9167,0.9141,0.8788,0.9268,0.9167,0.8914,0.9192,0.8838,0.9167,0.9268,0.8788,0.9043
174,0.8788,0.9167,0.9141,0.8788,0.9268,0.9167,0.8914,0.9192,0.8838,0.9167,0.9268,0.8788,0.9043
175,0.8788,0.9167,0.9141,0.8788,0.9268,0.9167,0.8914,0.9192,0.8838,0.9167,0.9268,0.8788,0.9043
176,0.8788,0.9167,0.9141,0.8788,0.9268,0.9167,0.8914,0.9192,0.8838,0.9167,0.9268,0.8788,0.9043
177,0.8788,0.9167,0.9141,0.8788,0.9268,0.9167,0.8914,0.9192,0.8838,0.9167,0.9268,0.8788,0.9043
178,0.8788,0.9167,0.9141,0.8788,0.9268,0.9167,0.8914,0.9192,0.8838,0.9167,0.9268,0.8788,0.9043
179,0.8788,0.9167,0.9141,0.8788,0.9268,0.9167,0.8914,0.9192,0.8838,0.9167,0.9268,0.8788,0.9043
180,0.8788,0.9167,0.9141,0.8788,0.9268,0.9167,0.8914,0.9192,0.8838,0.9167,0.9268,0.8788,0.9043
181,0.8788,0.9167,0.9141,0.8788,0.9268,0.9167,0.8914,0.9192,0.8838,0.9167,0.9268,0.8788,0.9043
182,0.8788,0.9167,0.9141,0.8788,0.9268,0.9167,0.8914,0.9192,0.8838,0.9167,0.9268,0.8788,0.9043
183,0.9091,0.9242,0.9141,0.8788,0.9268,0.9167,0.8914,0.9192,0.8838,0.9167,0.9268,0.8788,0.9081
184,0.9091,0.9242,0.9141,0.8788,0.9268,0.9167,0.8914,0.9192,0.8838,0.9167,0.9268,0.8788,0.9081
185,0.9091,0.9242,0.9141,0.8788,0.9268,0.9167,0.8914,0.9192,0.8838,0.9167,0.9268,0.8788,0.9081
186,0.9091,0.9242,0.9141,0.8788,0.9268,0.9167,0.8914,0.9192,0.8838,0.9167,0.9268,0.8788,0.9081
187,0.9091,0.9242,0.9141,0.8788,0.9268,0.9167,0.8914,0.9192,0.8838,0.9167,0.9268,0.8788,0.9081
188,0.9091,0.9242,0.9141,0.8788,0.9268,0.9167,0.8914,0.9192,0.8838,0.9167,0.9268,0.8788,0.9081
189,0.9091,0.9242,0.9141,0.8788,0.9268,0.9167,0.8914,0.9192,0.8838,0.9167,0.9268,0.8788,0.9081
190,0.9091,0.9242,0.9141,0.8788,0.9268,0.9167,0.8914,0.9192,0.8838,0.9167,0.9268,0.8788,0.9081
191,0.9091,0.9242,0.9141,0.8788,0.9268,0.9167,0.8914,0.9192,0.8838,0.9167,0.9268,0.8788,0.9081
192,0.9091,0.9242,0.9141,0.8788,0.9268,0.9167,0.8914,0.9192,0.8838,0.9167,0.9268,0.8788,0.9081
193,0.9091,0.9242,0.9141,0.8788,0.9268,0.9167,0.8914,0.9192,0.8838,0.9167,0.9268,0.8788,0.9081
194,0.9091,0.9242,0.9141,0.8788,0.9268,0.9167,0.8914,0.9192,0.8838,0.9167,0.9268,0.8788,0.9081
195,0.9091,0.9242,0.9141,0.8788,0.9268,0.9167,0.8914,0.9192,0.8838,0.9167,0.9268,0.8788,0.9081
196,0.9091,0.9242,0.9141,0.8788,0.9268,0.9167,0.8914,0.9192,0.8838,0.9167,0.9268,0.8788,0.9081
197,0.9091,0.9242,0.9141,0.8788,0.9268,0.9167,0.8914,0.9192,0.8838,0.9167,0.9268,0.8788,0.9081
198,0.9091,0.9242,0.9141,0.8788,0.9268,0.9167,0.8914,0.9192,0.8838,0.9167,0.9268,0.8788,0.9081
199,0.9091,0.9242,0.9141,0.8788,0.9268,0.9167,0.8914,0.9192,0.8838,0.9167,0.9268,0.8788,0.9081
200,0.9091,0.9242,0.9141,0.8788,0.9268,0.9167,0.8914,0.9192,0.8838,0.9167,0.9268,0.8788,0.9081
201,0.9091,0.9242,0.9141,0.8788,0.9268,0.9167,0.8914,0.9192,0.8838,0.9167,0.9268,0.8788,0.9081
202,0.9091,0.9318,0.9141,0.8788,0.9268,0.9167,0.8914,0.9192,0.8838,0.9167,0.9318,0.8788,0.9088
203,0.9091,0.9318,0.9141,0.8788,0.9268,0.9167,0.8914,0.9192,0.8838,0.9167,0.9318,0.8788,0.9088
204,0.9091,0.9318,0.9141,0.8788,0.9268,0.9167,0.8914,0.9192,0.8838,0.9167,0.9318,0.8788,0.9088
205,0.9091,0.9318,0.9141,0.8788,0.9268,0.9167,0.8914,0.9192,0.8838,0.9167,0.9318,0.8788,0.9088
206,0.9091,0.9318,0.9141,0.8788,0.9268,0.9167,0.8914,0.9192,0.8838,0.9167,0.9318,0.8788,0.9088
207,0.9091,0.9318,0.9141,0.8788,0.9268,0.9167,0.8914,0.9192,0.8838,0.9167,0.9318,0.8788,0.9088
208,0.9091,0.9318,0.9141,0.8788,0.9268,0.9167,0.8914,0.9192,0.8838,0.9167,0.9318,0.8788,0.9088
209,0.9091,0.9318,0.9141,0.8788,0.9268,0.9167,0.8914,0.9192,0.8838,0.9167,0.9318,0.8788,0.9088
210,0.9091,0.9318,0.9141,0.8788,0.9268,0.9167,0.8914,0.9192,0.8838,0.9167,0.9318,0.8788,0.9088
211,0.9091,0.9318,0.9141,0.8788,0.9268,0.9167,0.8914,0.9192,0.8838,0.9167,0.9318,0.8788,0.9088
212,0.9091,0.9318,0.9141,0.8788,0.9268,0.9167,0.8914,0.9192,0.8838,0.9167,0.9318,0.8788,0.9088
213,0.9091,0.9318,0.9141,0.8788,0.9268,0.9167,0.8914,0.9192,0.8838,0.9167,0.9318,0.8788,0.9088
214,0.9091,0.9318,0.9141,0.8788,0.9268,0.9167,0.8914,0.9192,0.8838,0.9167,0.9318,0.8788,0.9088
215,0.9091,0.9318,0.9141,0.8788,0.9268,0.9167,0.8914,0.9192,0.8838,0.9167,0.9318,0.8788,0.9088
216,0.9091,0.9318,0.9141,0.8788,0.9268,0.9167,0.8914,0.9192,0.8838,0.9167,0.9318,0.8788,0.9088
217,0.9091,0.9318,0.9141,0.8788,0.9268,0.9167,0.8914,0.9192,0.8838,0.9167,0.9318,0.8788,0.9088
218,0.9091,0.9318,0.9141,0.8788,0.9268,0.9167,0.8914,0.9192,0.8838,0.9167,0.9318,0.8788,0.9088
219,0.9091,0.9318,0.9141,0.8788,0.9268,0.9167,0.8914,0.9192,0.8838,0.9167,0.9318,0.8788,0.9088
220,0.9091,0.9318,0.9141,0.8788,0.9268,0.9167,0.8914,0.9192,0.8838,0.9167,0.9318,0.8788,0.9088
221,0.9091,0.9318,0.9141,0.8788,0.9268,0.9167,0.8914,0.9192,0.8838,0.9167,0.9318,0.8788,0.9088
222,0.9091,0.9318,0.9141,0.8788,0.9268,0.9167,0.8914,0.9192,0.8838,0.9167,0.9318,0.8788,0.9088
223,0.9091,0.9318,0.9141,0.8788,0.9268,0.9167,0.8914,0.9192,0.8838,0.9167,0.9318,0.8788,0.9088
224,0.9091,0.9318,0.9141,0.8788,0.9268,0.9167,0.8914,0.9192,0.8838,0.9167,0.9318,0.8788,0.9088
225,0.9091,0.9318,0.9141,0.8788,0.9268,0.9167,0.8914,0.9192,0.8838,0.9167,0.9318,0.8788,0.9088
226,0.9091,0.9318,0.9141,0.8788,0.9268,0.9167,0.8914,0.9192,0.8838,0.9167,0.9318,0.8788,0.9088
227,0.9091,0.9318,0.9141,0.8788,0.9268,0.9167,0.8914,0.9192,0.8838,0.9167,0.9318,0.8788,0.9088
228,0.9091,0.9318,0.9141,0.8788,0.9268,0.9167,0.8914,0.9192,0.8838,0.9167,0.9318,0.8788,0.9088
229,0.9091,0.9318,0.9141,0.8788,0.9268,0.9167,0.8914,0.9192,0.8838,0.9167,0.9318,0.8788,0.9088
230,0.9091,0.9318,0.9141,0.8788,0.9268,0.9167,0.8914,0.9192,0.8838,0.9167,0.9318,0.8788,0.9088
231,0.9091,0.9318,0.9141,0.8788,0.9268,0.9167,0.8914,0.9192,0.8838,0.9167,0.9318,0.8788,0.9088
232,0.9091,0.9318,0.9141,0.8788,0.9268,0.9167,0.8914,0.9192,0.8838,0.9167,0.9318,0.8788,0.9088
233,0.9091,0.9318,0.9141,0.8788,0.9268,0.9167,0.8914,0.9192,0.8838,0.9167,0.9318,0.8788,0.9088
234,0.9091,0.9318,0.9141,0.8788,0.9268,0.9167,0.8914,0.9192,0.8838,0.9167,0.9318,0.8788,0.9088
235,0.9091,0.9318,0.9141,0.8788,0.9268,0.9167,0.8914,0.9192,0.8838,0.9167,0.9318,0.8788,0.9088
236,0.9091,0.9318,0.9141,0.8788,0.9268,0.9167,0.8914,0.9192,0.8838,0.9167,0.9318,0.8788,0.9088
237,0.9091,0.9318,0.9141,0.8788,0.9268,0.9167,0.8914,0.9192,0.8838,0.9167,0.9318,0.8788,0.9088
238,0.9091,0.9318,0.9141,0.8788,0.9268,0.9167,0.8914,0.9192,0.8838,0.9167,0.9318,0.8788,0.9088
239,0.9091,0.9318,0.9141,0.8788,0.9268,0.9167,0.8914,0.9192,0.8838,0.9167,0.9318,0.8788,0.9088
240,0.9091,0.9318,0.9141,0.8788,0.9268,0.9167,0.8914,0.9192,0.8838,0.9167,0.9318,0.8788,0.9088
241,0.9091,0.9318,0.9141,0.8788,0.9268,0.9167,0.8914,0.9192,0.8838,0.9167,0.9318,0.8788,0.9088
242,0.9091,0.9318,0.9141,0.8788,0.9268,0.9167,0.8914,0.9192,0.8838,0.9167,0.9318,0.8788,0.9088
243,0.9091,0.9318,0.9141,0.8788,0.9268,0.9167,0.8914,0.9192,0.8838,0.9167,0.9318,0.8788,0.9088
244,0.9091,0.9318,0.9141,0.8813,0.9268,0.9167,0.8914,0.9192,0.8838,0.9167,0.9318,0.8813,0.9091
245,0.9091,0.9318,0.9141,0.8813,0.9268,0.9167,0.8914,0.9242,0.8838,0.9167,0.9318,0.8813,0.9096
246,0.9091,0.9318,0.9141,0.8813,0.9268,0.9167,0.8914,0.9242,0.8838,0.9167,0.9318,0.8813,0.9096
247,0.9091,0.9318,0.9141,0.8813,0.9268,0.9167,0.8914,0.9242,0.8838,0.9167,0.9318,0.8813,0.9096
248,0.9091,0.9318,0.9141,0.8813,0.9268,0.9192,0.8914,0.9242,0.8838,0.9167,0.9318,0.8813,0.9098
249,0.9091,0.9318,0.9141,0.8813,0.9268,0.9192,0.8914,0.9242,0.8838,0.9167,0.9318,0.8813,0.9098
250,0.9091,0.9318,0.9141,0.8813,0.9268,0.9192,0.8914,0.9242,0.8838,0.9167,0.9318,0.8813,0.9098
251,0.9091,0.9318,0.9141,0.8813,0.9268,0.9192,0.8914,0.9242,0.8838,0.9167,0.9318,0.8813,0.9098
252,0.9091,0.9318,0.9141,0.8813,0.9268,0.9192,0.8914,0.9242,0.8838,0.9167,0.9318,0.8813,0.9098
253,0.9091,0.9318,0.9141,0.8813,0.9268,0.9192,0.8914,0.9242,0.8838,0.9167,0.9318,0.8813,0.9098
254,0.9091,0.9318,0.9141,0.8813,0.9268,0.9192,0.8914,0.9242,0.8838,0.9167,0.9318,0.8813,0.9098
255,0.9091,0.9318,0.9141,0.8813,0.9268,0.9192,0.8914,0.9242,0.8838,0.9167,0.9318,0.8813,0.9098
256,0.9091,0.9318,0.9141,0.8813,0.9268,0.9192,0.8914,0.9242,0.8838,0.9167,0.9318,0.8813,0.9098
257,0.9091,0.9318,0.9141,0.8813,0.9268,0.9192,0.8914,0.9242,0.8838,0.9167,0.9318,0.8813,0.9098
258,0.9091,0.9318,0.9141,0.8813,0.9268,0.9192,0.8914,0.9242,0.8838,0.9167,0.9318,0.8813,0.9098
259,0.9091,0.9318,0.9141,0.8813,0.9268,0.9192,0.8914,0.9242,0.8838,0.9167,0.9318,0.8813,0.9098
260,0.9091,0.9318,0.9141,0.8813,0.9268,0.9192,0.8914,0.9242,0.8838,0.9167,0.9318,0.8813,0.9098
261,0.9091,0.9318,0.9141,0.8813,0.9268,0.9192,0.8914,0.9242,0.8838,0.9167,0.9318,0.8813,0.9098
262,0.9091,0.9318,0.9141,0.8813,0.9268,0.9192,0.8914,0.9242,0.8838,0.9167,0.9318,0.8813,0.9098
263,0.9091,0.9318,0.9141,0.8813,0.9268,0.9192,0.8914,0.9242,0.8838,0.9167,0.9318,0.8813,0.9098
264,0.9091,0.9318,0.9141,0.8813,0.9268,0.9192,0.8914,0.9242,0.8838,0.9167,0.9318,0.8813,0.9098
265,0.9091,0.9318,0.9141,0.8813,0.9268,0.9192,0.8914,0.9242,0.8838,0.9167,0.9318,0.8813,0.9098
266,0.9091,0.9318,0.9141,0.8813,0.9268,0.9192,0.8914,0.9242,0.8838,0.9167,0.9318,0.8813,0.9098
267,0.9091,0.9318,0.9141,0.8813,0.9268,0.9192,0.8914,0.9242,0.8838,0.9167,0.9318,0.8813,0.9098
268,0.9091,0.9318,0.9141,0.8838,0.9268,0.9192,0.8914,0.9242,0.8838,0.9167,0.9318,0.8838,0.9101
269,0.9091,0.9318,0.9141,0.8838,0.9268,0.9192,0.8914,0.9242,0.8838,0.9167,0.9318,0.8838,0.9101
270,0.9116,0.9318,0.9141,0.8838,0.9268,0.9192,0.8914,0.9242,0.8838,0.9167,0.9318,0.8838,0.9103
271,0.9116,0.9318,0.9141,0.8838,0.9268,0.9217,0.8914,0.9242,0.8838,0.9167,0.9318,0.8838,0.9106
272,0.9116,0.9318,0.9141,0.8838,0.9268,0.9242,0.8914,0.9242,0.8838,0.9167,0.9318,0.8838,0.9108
273,0.9116,0.9318,0.9141,0.8838,0.9268,0.9242,0.8914,0.9242,0.8838,0.9167,0.9318,0.8838,0.9108
274,0.9116,0.9318,0.9141,0.8838,0.9268,0.9242,0.8914,0.9242,0.8838,0.9167,0.9318,0.8838,0.9108
275,0.9116,0.9318,0.9141,0.8838,0.9268,0.9242,0.8914,0.9242,0.8838,0.9167,0.9318,0.8838,0.9108
276,0.9116,0.9318,0.9141,0.8838,0.9268,0.9242,0.8914,0.9242,0.8838,0.9167,0.9318,0.8838,0.9108
277,0.9116,0.9318,0.9141,0.8838,0.9268,0.9242,0.899,0.9242,0.8838,0.9167,0.9318,0.8838,0.9116
278,0.9116,0.9318,0.9141,0.8838,0.9268,0.9242,0.899,0.9242,0.8838,0.9167,0.9318,0.8838,0.9116
279,0.9116,0.9318,0.9141,0.8838,0.9268,0.9242,0.899,0.9242,0.8838,0.9167,0.9318,0.8838,0.9116
280,0.9116,0.9318,0.9141,0.8838,0.9268,0.9242,0.899,0.9242,0.8838,0.9167,0.9318,0.8838,0.9116
281,0.9116,0.9318,0.9141,0.8838,0.9268,0.9242,0.899,0.9242,0.8838,0.9167,0.9318,0.8838,0.9116
282,0.9116,0.9318,0.9141,0.8838,0.9268,0.9242,0.899,0.9242,0.8838,0.9167,0.9318,0.8838,0.9116
283,0.9116,0.9318,0.9141,0.8838,0.9268,0.9242,0.899,0.9242,0.8838,0.9167,0.9318,0.8838,0.9116
284,0.9116,0.9318,0.9141,0.8838,0.9268,0.9242,0.899,0.9242,0.8838,0.9167,0.9318,0.8838,0.9116
285,0.9141,0.9318,0.9141,0.8838,0.9268,0.9242,0.9066,0.9242,0.8838,0.9167,0.9318,0.8838,0.9126
286,0.9141,0.9318,0.9141,0.8838,0.9268,0.9242,0.9066,0.9242,0.8838,0.9167,0.9318,0.8838,0.9126
287,0.9141,0.9318,0.9141,0.8838,0.9268,0.9242,0.9066,0.9242,0.8838,0.9167,0.9318,0.8838,0.9126
288,0.9141,0.9318,0.9141,0.8838,0.9268,0.9242,0.9066,0.9242,0.8838,0.9167,0.9318,0.8838,0.9126
289,0.9141,0.9318,0.9141,0.8838,0.9268,0.9242,0.9066,0.9242,0.8838,0.9167,0.9318,0.8838,0.9126
290,0.9141,0.9318,0.9141,0.8838,0.9268,0.9242,0.9066,0.9242,0.8838,0.9167,0.9318,0.8838,0.9126
291,0.9141,0.9318,0.9141,0.8838,0.9268,0.9242,0.9066,0.9242,0.8838,0.9167,0.9318,0.8838,0.9126
292,0.9141,0.9318,0.9141,0.8838,0.9268,0.9242,0.9066,0.9242,0.8838,0.9167,0.9318,0.8838,0.9126
293,0.9141,0.9318,0.9141,0.8838,0.9268,0.9242,0.9066,0.9242,0.8838,0.9167,0.9318,0.8838,0.9126
294,0.9141,0.9318,0.9141,0.8838,0.9268,0.9242,0.9066,0.9242,0.8838,0.9167,0.9318,0.8838,0.9126
295,0.9141,0.9318,0.9141,0.8838,0.9268,0.9242,0.9066,0.9242,0.8838,0.9167,0.9318,0.8838,0.9126
296,0.9141,0.9318,0.9141,0.8864,0.9268,0.9242,0.9066,0.9242,0.8838,0.9167,0.9318,0.8838,0.9129
297,0.9141,0.9318,0.9141,0.8864,0.9268,0.9242,0.9066,0.9242,0.8838,0.9167,0.9318,0.8838,0.9129
298,0.9141,0.9318,0.9141,0.8864,0.9268,0.9242,0.9066,0.9242,0.8838,0.9167,0.9318,0.8838,0.9129
299,0.9141,0.9318,0.9141,0.8864,0.9268,0.9242,0.9066,0.9242,0.8838,0.9167,0.9318,0.8838,0.9129
300,0.9141,0.9318,0.9141,0.8864,0.9268,0.9242,0.9066,0.9242,0.8838,0.9167,0.9318,0.8838,0.9129
301,0.9141,0.9318,0.9141,0.8864,0.9268,0.9242,0.9066,0.9242,0.8838,0.9167,0.9318,0.8838,0.9129
302,0.9141,0.9318,0.9141,0.8864,0.9268,0.9242,0.9066,0.9242,0.8838,0.9167,0.9318,0.8838,0.9129
303,0.9141,0.9318,0.9141,0.8864,0.9268,0.9242,0.9066,0.9242,0.8838,0.9167,0.9318,0.8838,0.9129
304,0.9141,0.9318,0.9141,0.8864,0.9268,0.9242,0.9066,0.9242,0.8838,0.9167,0.9318,0.8838,0.9129
305,0.9141,0.9318,0.9141,0.8864,0.9268,0.9242,0.9066,0.9242,0.8838,0.9167,0.9318,0.8838,0.9129
306,0.9141,0.9318,0.9141,0.8864,0.9268,0.9242,0.9066,0.9242,0.8838,0.9167,0.9318,0.8838,0.9129
307,0.9141,0.9318,0.9141,0.8864,0.9268,0.9242,0.9066,0.9242,0.8838,0.9167,0.9318,0.8838,0.9129
308,0.9141,0.9318,0.9141,0.8864,0.9268,0.9242,0.9066,0.9242,0.8838,0.9167,0.9318,0.8838,0.9129
309,0.9141,0.9318,0.9141,0.8864,0.9268,0.9242,0.9066,0.9242,0.8838,0.9167,0.9318,0.8838,0.9129
310,0.9141,0.9318,0.9141,0.8864,0.9268,0.9242,0.9066,0.9242,0.8838,0.9167,0.9318,0.8838,0.9129
311,0.9141,0.9318,0.9141,0.8864,0.9268,0.9242,0.9066,0.9242,0.8838,0.9167,0.9318,0.8838,0.9129
312,0.9141,0.9318,0.9141,0.8864,0.9268,0.9242,0.9066,0.9242,0.8838,0.9167,0.9318,0.8838,0.9129
313,0.9141,0.9318,0.9141,0.8864,0.9268,0.9242,0.9066,0.9242,0.8838,0.9167,0.9318,0.8838,0.9129
314,0.9141,0.9318,0.9141,0.8864,0.9268,0.9242,0.9066,0.9242,0.8838,0.9167,0.9318,0.8838,0.9129
315,0.9141,0.9318,0.9141,0.8864,0.9268,0.9242,0.9066,0.9242,0.8838,0.9167,0.9318,0.8838,0.9129
316,0.9141,0.9318,0.9141,0.8864,0.9268,0.9242,0.9066,0.9242,0.8838,0.9167,0.9318,0.8838,0.9129
317,0.9141,0.9318,0.9141,0.8864,0.9268,0.9242,0.9091,0.9242,0.8838,0.9167,0.9318,0.8838,0.9131
318,0.9141,0.9318,0.9141,0.8864,0.9268,0.9242,0.9091,0.9242,0.8838,0.9167,0.9318,0.8838,0.9131
319,0.9141,0.9318,0.9141,0.8864,0.9268,0.9242,0.9091,0.9242,0.8838,0.9167,0.9318,0.8838,0.9131
320,0.9141,0.9318,0.9141,0.8864,0.9268,0.9242,0.9091,0.9242,0.8838,0.9167,0.9318,0.8838,0.9131
321,0.9141,0.9318,0.9141,0.8864,0.9268,0.9242,0.9091,0.9242,0.8838,0.9167,0.9318,0.8838,0.9131
322,0.9141,0.9318,0.9141,0.8864,0.9268,0.9242,0.9091,0.9242,0.8838,0.9167,0.9318,0.8838,0.9131
323,0.9141,0.9318,0.9141,0.8864,0.9268,0.9242,0.9091,0.9242,0.8838,0.9167,0.9318,0.8838,0.9131
324,0.9141,0.9318,0.9141,0.8864,0.9268,0.9242,0.9091,0.9242,0.8838,0.9167,0.9318,0.8838,0.9131
325,0.9141,0.9318,0.9141,0.8864,0.9268,0.9242,0.9091,0.9242,0.8838,0.9167,0.9318,0.8838,0.9131
326,0.9141,0.9318,0.9141,0.8864,0.9268,0.9242,0.9091,0.9242,0.8838,0.9167,0.9318,0.8838,0.9131
327,0.9141,0.9318,0.9141,0.8864,0.9268,0.9242,0.9091,0.9242,0.8838,0.9167,0.9318,0.8838,0.9131
328,0.9141,0.9318,0.9141,0.8864,0.9268,0.9242,0.9091,0.9242,0.8838,0.9167,0.9318,0.8838,0.9131
329,0.9141,0.9318,0.9167,0.8864,0.9268,0.9242,0.9091,0.9242,0.8838,0.9167,0.9318,0.8838,0.9134
330,0.9141,0.9318,0.9167,0.8864,0.9268,0.9242,0.9091,0.9242,0.8838,0.9167,0.9318,0.8838,0.9134
331,0.9141,0.9318,0.9167,0.8864,0.9268,0.9242,0.9091,0.9242,0.8838,0.9167,0.9318,0.8838,0.9134
332,0.9141,0.9318,0.9167,0.8864,0.9268,0.9242,0.9091,0.9242,0.8838,0.9167,0.9318,0.8838,0.9134
333,0.9141,0.9318,0.9167,0.8864,0.9268,0.9242,0.9091,0.9242,0.8838,0.9167,0.9318,0.8838,0.9134
334,0.9141,0.9318,0.9167,0.8864,0.9268,0.9242,0.9091,0.9242,0.8838,0.9167,0.9318,0.8838,0.9134
335,0.9141,0.9318,0.9167,0.8864,0.9268,0.9242,0.9091,0.9242,0.8838,0.9167,0.9318,0.8838,0.9134
336,0.9141,0.9318,0.9167,0.8864,0.9268,0.9242,0.9091,0.9242,0.8838,0.9167,0.9318,0.8838,0.9134
337,0.9141,0.9318,0.9167,0.8864,0.9268,0.9242,0.9091,0.9242,0.8838,0.9167,0.9318,0.8838,0.9134
338,0.9141,0.9318,0.9167,0.8864,0.9268,0.9242,0.9091,0.9242,0.8838,0.9167,0.9318,0.8838,0.9134
339,0.9141,0.9318,0.9167,0.8864,0.9268,0.9242,0.9091,0.9242,0.8838,0.9167,0.9318,0.8838,0.9134
340,0.9141,0.9318,0.9167,0.8864,0.9268,0.9242,0.9091,0.9242,0.8838,0.9167,0.9318,0.8838,0.9134
341,0.9141,0.9318,0.9167,0.8864,0.9268,0.9242,0.9091,0.9242,0.8838,0.9167,0.9318,0.8838,0.9134
342,0.9141,0.9318,0.9167,0.8864,0.9268,0.9242,0.9091,0.9242,0.8838,0.9167,0.9318,0.8838,0.9134
343,0.9141,0.9318,0.9167,0.8864,0.9268,0.9242,0.9091,0.9242,0.8838,0.9167,0.9318,0.8838,0.9134
344,0.9141,0.9318,0.9167,0.8864,0.9268,0.9293,0.9091,0.9242,0.8838,0.9167,0.9318,0.8838,0.9139
345,0.9141,0.9318,0.9167,0.8864,0.9268,0.9293,0.9091,0.9242,0.8838,0.9167,0.9318,0.8838,0.9139
346,0.9141,0.9318,0.9167,0.8864,0.9268,0.9293,0.9091,0.9242,0.8838,0.9167,0.9318,0.8838,0.9139
347,0.9141,0.9318,0.9167,0.8864,0.9268,0.9293,0.9091,0.9242,0.8838,0.9167,0.9318,0.8838,0.9139
348,0.9141,0.9318,0.9167,0.8864,0.9268,0.9293,0.9091,0.9242,0.8838,0.9167,0.9318,0.8838,0.9139
349,0.9141,0.9318,0.9167,0.8864,0.9268,0.9293,0.9091,0.9242,0.8838,0.9167,0.9318,0.8838,0.9139
350,0.9141,0.9318,0.9167,0.8864,0.9268,0.9293,0.9091,0.9242,0.8838,0.9167,0.9318,0.8838,0.9139
351,0.9141,0.9318,0.9167,0.8864,0.9268,0.9293,0.9091,0.9242,0.8838,0.9167,0.9318,0.8838,0.9139
352,0.9141,0.9318,0.9167,0.8864,0.9268,0.9293,0.9091,0.9242,0.8838,0.9167,0.9318,0.8838,0.9139
353,0.9141,0.9318,0.9167,0.8864,0.9268,0.9293,0.9091,0.9242,0.8838,0.9167,0.9318,0.8838,0.9139
354,0.9141,0.9318,0.9167,0.8864,0.9268,0.9293,0.9091,0.9242,0.8838,0.9167,0.9318,0.8838,0.9139
355,0.9141,0.9318,0.9167,0.8864,0.9268,0.9293,0.9091,0.9242,0.8838,0.9167,0.9318,0.8838,0.9139
356,0.9141,0.9318,0.9167,0.8864,0.9268,0.9293,0.9091,0.9242,0.8838,0.9167,0.9318,0.8838,0.9139
357,0.9141,0.9318,0.9167,0.8864,0.9268,0.9293,0.9091,0.9242,0.8838,0.9167,0.9318,0.8838,0.9139
358,0.9141,0.9318,0.9167,0.8864,0.9268,0.9293,0.9091,0.9242,0.8838,0.9167,0.9318,0.8838,0.9139
359,0.9141,0.9318,0.9167,0.8864,0.9268,0.9293,0.9091,0.9242,0.8838,0.9167,0.9318,0.8838,0.9139
360,0.9141,0.9318,0.9167,0.8864,0.9268,0.9293,0.9091,0.9242,0.8838,0.9167,0.9318,0.8838,0.9139
361,0.9141,0.9318,0.9167,0.8864,0.9268,0.9293,0.9091,0.9242,0.8838,0.9167,0.9318,0.8838,0.9139
362,0.9141,0.9318,0.9167,0.8864,0.9268,0.9293,0.9091,0.9242,0.8838,0.9167,0.9318,0.8838,0.9139
363,0.9141,0.9318,0.9167,0.8864,0.9268,0.9293,0.9091,0.9242,0.8838,0.9167,0.9318,0.8838,0.9139
364,0.9141,0.9318,0.9167,0.8864,0.9268,0.9293,0.9091,0.9242,0.8838,0.9167,0.9318,0.8838,0.9139
365,0.9141,0.9318,0.9167,0.8864,0.9268,0.9293,0.9091,0.9242,0.8838,0.9167,0.9318,0.8838,0.9139
366,0.9141,0.9318,0.9167,0.8864,0.9268,0.9293,0.9091,0.9242,0.8838,0.9167,0.9318,0.8838,0.9139
367,0.9141,0.9318,0.9167,0.8864,0.9268,0.9293,0.9091,0.9242,0.8838,0.9167,0.9318,0.8838,0.9139
368,0.9141,0.9318,0.9167,0.8864,0.9268,0.9293,0.9091,0.9242,0.8838,0.9167,0.9318,0.8838,0.9139
369,0.9141,0.9318,0.9167,0.8864,0.9268,0.9293,0.9091,0.9242,0.8838,0.9167,0.9318,0.8838,0.9139
370,0.9141,0.9318,0.9167,0.8864,0.9268,0.9293,0.9091,0.9242,0.8838,0.9167,0.9318,0.8838,0.9139
371,0.9141,0.9318,0.9167,0.8864,0.9268,0.9293,0.9091,0.9242,0.8838,0.9167,0.9318,0.8838,0.9139
372,0.9141,0.9318,0.9167,0.8864,0.9268,0.9293,0.9091,0.9242,0.8838,0.9167,0.9318,0.8838,0.9139
373,0.9141,0.9318,0.9167,0.8864,0.9268,0.9293,0.9091,0.9242,0.8838,0.9167,0.9318,0.8838,0.9139
374,0.9141,0.9318,0.9167,0.8864,0.9268,0.9293,0.9091,0.9242,0.8838,0.9167,0.9318,0.8838,0.9139
375,0.9141,0.9318,0.9167,0.8864,0.9268,0.9293,0.9091,0.9242,0.8838,0.9167,0.9318,0.8838,0.9139
376,0.9141,0.9318,0.9167,0.8864,0.9268,0.9293,0.9091,0.9242,0.8838,0.9167,0.9318,0.8838,0.9139
377,0.9141,0.9318,0.9167,0.8864,0.9268,0.9293,0.9091,0.9242,0.8838,0.9167,0.9318,0.8838,0.9139
378,0.9141,0.9318,0.9167,0.8864,0.9268,0.9293,0.9091,0.9242,0.8838,0.9167,0.9318,0.8838,0.9139
379,0.9141,0.9318,0.9167,0.8864,0.9268,0.9293,0.9091,0.9242,0.8838,0.9167,0.9318,0.8838,0.9139
380,0.9141,0.9318,0.9167,0.8864,0.9268,0.9293,0.9116,0.9242,0.8838,0.9167,0.9318,0.8838,0.9141
381,0.9141,0.9318,0.9167,0.8864,0.9268,0.9293,0.9116,0.9242,0.8838,0.9167,0.9318,0.8838,0.9141
382,0.9141,0.9318,0.9167,0.8864,0.9268,0.9293,0.9116,0.9242,0.8838,0.9167,0.9318,0.8838,0.9141
383,0.9141,0.9318,0.9167,0.8864,0.9268,0.9293,0.9116,0.9242,0.8838,0.9167,0.9318,0.8838,0.9141
384,0.9141,0.9318,0.9167,0.8864,0.9268,0.9293,0.9116,0.9242,0.8838,0.9167,0.9318,0.8838,0.9141
385,0.9141,0.9318,0.9167,0.8864,0.9268,0.9293,0.9116,0.9242,0.8838,0.9167,0.9318,0.8838,0.9141
386,0.9141,0.9318,0.9167,0.8864,0.9268,0.9293,0.9116,0.9242,0.8838,0.9167,0.9318,0.8838,0.9141
387,0.9141,0.9318,0.9167,0.8864,0.9268,0.9293,0.9116,0.9242,0.8838,0.9167,0.9318,0.8838,0.9141
388,0.9141,0.9318,0.9167,0.8864,0.9268,0.9293,0.9116,0.9242,0.8838,0.9167,0.9318,0.8838,0.9141
389,0.9141,0.9318,0.9167,0.8864,0.9268,0.9293,0.9116,0.9242,0.8838,0.9167,0.9318,0.8838,0.9141
390,0.9141,0.9318,0.9167,0.8864,0.9268,0.9293,0.9116,0.9242,0.8838,0.9167,0.9318,0.8838,0.9141
391,0.9141,0.9318,0.9167,0.8864,0.9268,0.9293,0.9116,0.9242,0.8838,0.9167,0.9318,0.8838,0.9141
392,0.9141,0.9318,0.9167,0.8864,0.9268,0.9293,0.9116,0.9242,0.8838,0.9167,0.9318,0.8838,0.9141
393,0.9141,0.9318,0.9167,0.8864,0.9268,0.9293,0.9116,0.9242,0.8838,0.9167,0.9318,0.8838,0.9141
394,0.9141,0.9318,0.9167,0.8864,0.9268,0.9293,0.9116,0.9242,0.8838,0.9167,0.9318,0.8838,0.9141
395,0.9141,0.9318,0.9167,0.8864,0.9268,0.9293,0.9116,0.9242,0.8838,0.9167,0.9318,0.8838,0.9141
396,0.9141,0.9318,0.9167,0.8864,0.9268,0.9293,0.9116,0.9242,0.8838,0.9167,0.9318,0.8838,0.9141
397,0.9141,0.9318,0.9167,0.8864,0.9268,0.9293,0.9116,0.9242,0.8838,0.9167,0.9318,0.8838,0.9141
398,0.9141,0.9318,0.9167,0.8864,0.9268,0.9293,0.9116,0.9242,0.8838,0.9167,0.9318,0.8838,0.9141
399,0.9141,0.9318,0.9167,0.8864,0.9268,0.9293,0.9141,0.9242,0.8838,0.9167,0.9318,0.8838,0.9144
400,0.9141,0.9318,0.9167,0.8864,0.9268,0.9293,0.9141,0.9242,0.8838,0.9167,0.9318,0.8838,0.9144
401,0.9141,0.9318,0.9167,0.8864,0.9268,0.9293,0.9141,0.9242,0.8838,0.9167,0.9318,0.8838,0.9144
402,0.9141,0.9318,0.9167,0.8864,0.9268,0.9293,0.9141,0.9242,0.8838,0.9167,0.9318,0.8838,0.9144
403,0.9141,0.9318,0.9167,0.8864,0.9268,0.9293,0.9141,0.9242,0.8838,0.9167,0.9318,0.8838,0.9144
404,0.9141,0.9318,0.9167,0.8864,0.9268,0.9293,0.9141,0.9242,0.8838,0.9167,0.9318,0.8838,0.9144
405,0.9141,0.9318,0.9167,0.8864,0.9268,0.9293,0.9141,0.9242,0.8838,0.9167,0.9318,0.8838,0.9144
406,0.9141,0.9318,0.9167,0.8864,0.9268,0.9293,0.9141,0.9242,0.8838,0.9167,0.9318,0.8838,0.9144
407,0.9141,0.9318,0.9167,0.8864,0.9268,0.9293,0.9141,0.9242,0.8838,0.9167,0.9318,0.8838,0.9144
408,0.9141,0.9318,0.9167,0.8864,0.9268,0.9293,0.9141,0.9242,0.8838,0.9167,0.9318,0.8838,0.9144
409,0.9141,0.9318,0.9167,0.8864,0.9268,0.9293,0.9141,0.9242,0.8838,0.9167,0.9318,0.8838,0.9144
410,0.9141,0.9318,0.9167,0.8864,0.9268,0.9293,0.9141,0.9242,0.8838,0.9167,0.9318,0.8838,0.9144
411,0.9141,0.9318,0.9167,0.8864,0.9268,0.9293,0.9141,0.9242,0.8838,0.9167,0.9318,0.8838,0.9144
412,0.9141,0.9318,0.9167,0.8864,0.9268,0.9293,0.9141,0.9242,0.8838,0.9167,0.9318,0.8838,0.9144
413,0.9141,0.9318,0.9167,0.8864,0.9268,0.9293,0.9141,0.9242,0.8838,0.9167,0.9318,0.8838,0.9144
414,0.9141,0.9318,0.9167,0.8864,0.9268,0.9293,0.9141,0.9242,0.8838,0.9167,0.9318,0.8838,0.9144
415,0.9141,0.9318,0.9167,0.8864,0.9268,0.9293,0.9141,0.9242,0.8838,0.9167,0.9318,0.8838,0.9144
416,0.9141,0.9318,0.9167,0.8864,0.9268,0.9293,0.9141,0.9242,0.8838,0.9167,0.9318,0.8838,0.9144
417,0.9141,0.9318,0.9167,0.8864,0.9268,0.9293,0.9141,0.9242,0.8838,0.9167,0.9318,0.8838,0.9144
418,0.9141,0.9318,0.9167,0.8864,0.9268,0.9293,0.9141,0.9242,0.8838,0.9167,0.9318,0.8838,0.9144
419,0.9141,0.9318,0.9167,0.8864,0.9268,0.9293,0.9141,0.9242,0.8838,0.9167,0.9318,0.8838,0.9144
420,0.9141,0.9318,0.9167,0.8864,0.9268,0.9293,0.9141,0.9242,0.8838,0.9167,0.9318,0.8838,0.9144
421,0.9141,0.9318,0.9167,0.8864,0.9268,0.9293,0.9141,0.9242,0.8838,0.9167,0.9318,0.8838,0.9144
422,0.9141,0.9318,0.9167,0.8864,0.9268,0.9293,0.9141,0.9242,0.8838,0.9167,0.9318,0.8838,0.9144
423,0.9141,0.9318,0.9167,0.8864,0.9268,0.9293,0.9141,0.9242,0.8838,0.9167,0.9318,0.8838,0.9144
424,0.9141,0.9318,0.9167,0.8864,0.9268,0.9293,0.9141,0.9242,0.8838,0.9167,0.9318,0.8838,0.9144
425,0.9141,0.9318,0.9167,0.8864,0.9268,0.9293,0.9141,0.9242,0.8838,0.9167,0.9318,0.8838,0.9144
426,0.9141,0.9318,0.9167,0.8864,0.9268,0.9293,0.9141,0.9242,0.8838,0.9167,0.9318,0.8838,0.9144
427,0.9141,0.9318,0.9167,0.8864,0.9268,0.9293,0.9141,0.9242,0.8838,0.9167,0.9318,0.8838,0.9144
428,0.9141,0.9318,0.9167,0.8864,0.9268,0.9293,0.9141,0.9242,0.8838,0.9167,0.9318,0.8838,0.9144
429,0.9141,0.9318,0.9167,0.8864,0.9268,0.9293,0.9141,0.9242,0.8838,0.9167,0.9318,0.8838,0.9144
430,0.9141,0.9318,0.9167,0.8864,0.9268,0.9293,0.9141,0.9242,0.8838,0.9167,0.9318,0.8838,0.9144
431,0.9141,0.9318,0.9167,0.8864,0.9268,0.9293,0.9141,0.9242,0.8838,0.9167,0.9318,0.8838,0.9144
432,0.9141,0.9318,0.9167,0.8864,0.9268,0.9293,0.9141,0.9242,0.9141,0.9167,0.9318,0.8864,0.9174
433,0.9141,0.9318,0.9167,0.8864,0.9268,0.9293,0.9141,0.9242,0.9141,0.9167,0.9318,0.8864,0.9174
434,0.9141,0.9318,0.9167,0.8864,0.9268,0.9293,0.9141,0.9242,0.9141,0.9167,0.9318,0.8864,0.9174
435,0.9141,0.9318,0.9167,0.8864,0.9268,0.9293,0.9141,0.9242,0.9141,0.9167,0.9318,0.8864,0.9174
436,0.9141,0.9318,0.9167,0.8864,0.9268,0.9293,0.9141,0.9242,0.9141,0.9167,0.9318,0.8864,0.9174
437,0.9141,0.9318,0.9167,0.8864,0.9268,0.9293,0.9141,0.9242,0.9141,0.9167,0.9318,0.8864,0.9174
438,0.9141,0.9318,0.9167,0.8864,0.9268,0.9293,0.9141,0.9242,0.9141,0.9167,0.9318,0.8864,0.9174
439,0.9141,0.9318,0.9167,0.8864,0.9268,0.9293,0.9141,0.9242,0.9141,0.9167,0.9318,0.8864,0.9174
440,0.9141,0.9318,0.9167,0.8864,0.9268,0.9293,0.9141,0.9242,0.9141,0.9167,0.9318,0.8864,0.9174
441,0.9141,0.9318,0.9167,0.8864,0.9268,0.9293,0.9141,0.9242,0.9141,0.9167,0.9318,0.8864,0.9174
442,0.9141,0.9318,0.9167,0.8864,0.9268,0.9293,0.9141,0.9242,0.9141,0.9167,0.9318,0.8864,0.9174
443,0.9141,0.9318,0.9167,0.8864,0.9268,0.9293,0.9141,0.9242,0.9141,0.9167,0.9318,0.8864,0.9174
444,0.9141,0.9318,0.9167,0.8864,0.9268,0.9293,0.9141,0.9242,0.9141,0.9167,0.9318,0.8864,0.9174
445,0.9141,0.9318,0.9167,0.8864,0.9268,0.9293,0.9141,0.9242,0.9141,0.9167,0.9318,0.8864,0.9174
446,0.9141,0.9318,0.9167,0.8864,0.9268,0.9293,0.9141,0.9242,0.9141,0.9167,0.9318,0.8864,0.9174
447,0.9141,0.9318,0.9167,0.8864,0.9268,0.9293,0.9141,0.9242,0.9141,0.9167,0.9318,0.8864,0.9174
448,0.9141,0.9318,0.9167,0.8864,0.9268,0.9293,0.9141,0.9242,0.9141,0.9167,0.9318,0.8864,0.9174
449,0.9141,0.9318,0.9167,0.8864,0.9268,0.9293,0.9141,0.9242,0.9141,0.9167,0.9318,0.8864,0.9174
450,0.9141,0.9318,0.9167,0.8864,0.9268,0.9293,0.9141,0.9242,0.9141,0.9167,0.9318,0.8864,0.9174
451,0.9141,0.9318,0.9167,0.8864,0.9268,0.9293,0.9141,0.9242,0.9141,0.9167,0.9318,0.8864,0.9174
452,0.9141,0.9318,0.9167,0.8864,0.9268,0.9293,0.9141,0.9242,0.9141,0.9167,0.9318,0.8864,0.9174
453,0.9141,0.9318,0.9167,0.8864,0.9268,0.9293,0.9141,0.9242,0.9141,0.9167,0.9318,0.8864,0.9174
454,0.9141,0.9318,0.9167,0.8864,0.9268,0.9293,0.9141,0.9242,0.9141,0.9167,0.9318,0.8864,0.9174
455,0.9141,0.9318,0.9167,0.8864,0.9268,0.9293,0.9141,0.9242,0.9141,0.9167,0.9318,0.8864,0.9174
456,0.9141,0.9318,0.9167,0.8864,0.9268,0.9293,0.9141,0.9242,0.9141,0.9167,0.9318,0.8864,0.9174
457,0.9141,0.9318,0.9167,0.8864,0.9268,0.9293,0.9141,0.9242,0.9141,0.9167,0.9318,0.8864,0.9174
458,0.9141,0.9318,0.9167,0.8864,0.9268,0.9293,0.9141,0.9242,0.9141,0.9167,0.9318,0.8864,0.9174
459,0.9141,0.9318,0.9167,0.8864,0.9268,0.9293,0.9141,0.9242,0.9141,0.9167,0.9318,0.8864,0.9174
460,0.9141,0.9318,0.9167,0.8864,0.9268,0.9293,0.9141,0.9242,0.9141,0.9167,0.9318,0.8864,0.9174
461,0.9141,0.9318,0.9167,0.8864,0.9268,0.9293,0.9141,0.9242,0.9141,0.9167,0.9318,0.8864,0.9174
462,0.9141,0.9318,0.9167,0.8864,0.9268,0.9293,0.9141,0.9242,0.9141,0.9167,0.9318,0.8864,0.9174
463,0.9141,0.9318,0.9167,0.8864,0.9268,0.9293,0.9141,0.9242,0.9141,0.9167,0.9318,0.8864,0.9174
464,0.9141,0.9318,0.9167,0.8864,0.9268,0.9293,0.9141,0.9242,0.9141,0.9167,0.9318,0.8864,0.9174
465,0.9141,0.9318,0.9167,0.8864,0.9268,0.9293,0.9141,0.9242,0.9141,0.9167,0.9318,0.8864,0.9174
466,0.9141,0.9318,0.9167,0.8864,0.9268,0.9293,0.9141,0.9242,0.9141,0.9167,0.9318,0.8864,0.9174
467,0.9141,0.9318,0.9167,0.8864,0.9268,0.9293,0.9141,0.9242,0.9141,0.9167,0.9318,0.8864,0.9174
468,0.9141,0.9318,0.9167,0.8864,0.9268,0.9293,0.9141,0.9242,0.9141,0.9167,0.9318,0.8864,0.9174
469,0.9141,0.9318,0.9167,0.8864,0.9268,0.9293,0.9141,0.9242,0.9141,0.9167,0.9318,0.8864,0.9174
470,0.9141,0.9318,0.9167,0.8864,0.9268,0.9293,0.9141,0.9242,0.9141,0.9167,0.9318,0.8864,0.9174
471,0.9141,0.9318,0.9167,0.8864,0.9268,0.9293,0.9141,0.9242,0.9141,0.9167,0.9318,0.8864,0.9174
472,0.9141,0.9318,0.9167,0.8864,0.9268,0.9293,0.9141,0.9242,0.9141,0.9167,0.9318,0.8864,0.9174
473,0.9141,0.9318,0.9167,0.8864,0.9268,0.9293,0.9141,0.9242,0.9141,0.9167,0.9318,0.8864,0.9174
474,0.9141,0.9318,0.9167,0.8864,0.9268,0.9293,0.9141,0.9242,0.9141,0.9167,0.9318,0.8864,0.9174
475,0.9141,0.9318,0.9167,0.8864,0.9268,0.9293,0.9141,0.9242,0.9141,0.9167,0.9318,0.8864,0.9174
476,0.9141,0.9318,0.9167,0.8864,0.9268,0.9293,0.9141,0.9242,0.9141,0.9167,0.9318,0.8864,0.9174
477,0.9141,0.9318,0.9167,0.8864,0.9268,0.9293,0.9141,0.9242,0.9141,0.9167,0.9318,0.8864,0.9174
478,0.9141,0.9318,0.9167,0.8864,0.9268,0.9293,0.9141,0.9242,0.9141,0.9167,0.9318,0.8864,0.9174
479,0.9141,0.9318,0.9167,0.8864,0.9268,0.9293,0.9141,0.9242,0.9141,0.9167,0.9318,0.8864,0.9174
480,0.9141,0.9318,0.9167,0.8864,0.9268,0.9293,0.9141,0.9242,0.9141,0.9167,0.9318,0.8864,0.9174
481,0.9141,0.9318,0.9167,0.8864,0.9268,0.9293,0.9141,0.9242,0.9141,0.9167,0.9318,0.8864,0.9174
482,0.9141,0.9318,0.9167,0.8864,0.9268,0.9293,0.9141,0.9242,0.9141,0.9167,0.9318,0.8864,0.9174
483,0.9141,0.9318,0.9167,0.8864,0.9268,0.9293,0.9141,0.9242,0.9141,0.9167,0.9318,0.8864,0.9174
484,0.9141,0.9318,0.9167,0.8864,0.9268,0.9293,0.9141,0.9242,0.9141,0.9167,0.9318,0.8864,0.9174
485,0.9141,0.9318,0.9167,0.8864,0.9268,0.9293,0.9141,0.9242,0.9141,0.9167,0.9318,0.8864,0.9174
486,0.9141,0.9318,0.9167,0.8864,0.9268,0.9293,0.9141,0.9242,0.9141,0.9167,0.9318,0.8864,0.9174
487,0.9141,0.9318,0.9167,0.8864,0.9268,0.9293,0.9141,0.9242,0.9141,0.9167,0.9318,0.8864,0.9174
488,0.9141,0.9318,0.9167,0.8864,0.9268,0.9293,0.9141,0.9242,0.9141,0.9167,0.9318,0.8864,0.9174
489,0.9141,0.9318,0.9167,0.8864,0.9268,0.9293,0.9141,0.9242,0.9141,0.9167,0.9318,0.8864,0.9174
490,0.9141,0.9318,0.9167,0.8864,0.9268,0.9293,0.9141,0.9242,0.9141,0.9167,0.9318,0.8864,0.9174
491,0.9141,0.9318,0.9167,0.8864,0.9268,0.9293,0.9141,0.9242,0.9141,0.9167,0.9318,0.8864,0.9174
492,0.9141,0.9318,0.9167,0.8864,0.9268,0.9293,0.9141,0.9268,0.9141,0.9167,0.9318,0.8864,0.9177
493,0.9141,0.9318,0.9167,0.8864,0.9268,0.9293,0.9141,0.9268,0.9141,0.9167,0.9318,0.8864,0.9177
494,0.9141,0.9318,0.9167,0.8864,0.9268,0.9293,0.9141,0.9268,0.9141,0.9167,0.9318,0.8864,0.9177
495,0.9141,0.9318,0.9167,0.8864,0.9268,0.9293,0.9141,0.9268,0.9141,0.9167,0.9318,0.8864,0.9177
496,0.9141,0.9318,0.9167,0.8864,0.9268,0.9293,0.9141,0.9268,0.9141,0.9167,0.9318,0.8864,0.9177
497,0.9141,0.9318,0.9167,0.8864,0.9268,0.9293,0.9141,0.9268,0.9141,0.9167,0.9318,0.8864,0.9177
498,0.9141,0.9318,0.9167,0.8864,0.9268,0.9293,0.9141,0.9268,0.9141,0.9167,0.9318,0.8864,0.9177
499,0.9141,0.9318,0.9167,0.8864,0.9268,0.9293,0.9141,0.9268,0.9141,0.9167,0.9318,0.8864,0.9177
500,0.9141,0.9318,0.9167,0.8864,0.9268,0.9293,0.9141,0.9268,0.9141,0.9167,0.9318,0.8864,0.9177
501,0.9141,0.9318,0.9167,0.8864,0.9268,0.9293,0.9141,0.9268,0.9141,0.9167,0.9318,0.8864,0.9177
502,0.9141,0.9318,0.9167,0.8864,0.9268,0.9293,0.9141,0.9268,0.9141,0.9167,0.9318,0.8864,0.9177
503,0.9141,0.9318,0.9167,0.8864,0.9268,0.9293,0.9141,0.9268,0.9141,0.9167,0.9318,0.8864,0.9177
504,0.9141,0.9318,0.9167,0.8864,0.9268,0.9293,0.9141,0.9268,0.9141,0.9167,0.9318,0.8864,0.9177
505,0.9141,0.9318,0.9167,0.8864,0.9268,0.9293,0.9141,0.9268,0.9141,0.9167,0.9318,0.8864,0.9177
506,0.9141,0.9318,0.9167,0.8864,0.9268,0.9293,0.9141,0.9268,0.9141,0.9167,0.9318,0.8864,0.9177
507,0.9141,0.9318,0.9167,0.8864,0.9268,0.9293,0.9141,0.9268,0.9141,0.9167,0.9318,0.8864,0.9177
508,0.9141,0.9318,0.9167,0.8864,0.9268,0.9293,0.9141,0.9268,0.9141,0.9167,0.9318,0.8864,0.9177
509,0.9141,0.9318,0.9217,0.8864,0.9268,0.9293,0.9141,0.9268,0.9141,0.9167,0.9318,0.8864,0.9182
510,0.9141,0.9318,0.9217,0.8864,0.9268,0.9293,0.9141,0.9268,0.9141,0.9167,0.9318,0.8864,0.9182
511,0.9141,0.9318,0.9217,0.8864,0.9268,0.9293,0.9141,0.9268,0.9141,0.9167,0.9318,0.8864,0.9182
512,0.9141,0.9318,0.9217,0.8864,0.9268,0.9293,0.9141,0.9268,0.9141,0.9167,0.9318,0.8864,0.9182
513,0.9141,0.9318,0.9217,0.8864,0.9268,0.9293,0.9141,0.9268,0.9141,0.9167,0.9318,0.8864,0.9182
514,0.9141,0.9318,0.9217,0.8864,0.9268,0.9293,0.9141,0.9268,0.9141,0.9167,0.9318,0.8864,0.9182
515,0.9141,0.9318,0.9217,0.8864,0.9268,0.9293,0.9141,0.9268,0.9141,0.9167,0.9318,0.8864,0.9182
516,0.9141,0.9318,0.9217,0.8864,0.9268,0.9293,0.9141,0.9268,0.9141,0.9167,0.9318,0.8864,0.9182
517,0.9141,0.9318,0.9217,0.8864,0.9268,0.9293,0.9141,0.9268,0.9141,0.9167,0.9318,0.8864,0.9182
518,0.9141,0.9318,0.9217,0.8864,0.9268,0.9293,0.9141,0.9268,0.9141,0.9167,0.9318,0.8864,0.9182
519,0.9141,0.9318,0.9217,0.8864,0.9268,0.9293,0.9141,0.9268,0.9141,0.9167,0.9318,0.8864,0.9182
520,0.9141,0.9318,0.9242,0.8864,0.9268,0.9293,0.9141,0.9268,0.9141,0.9167,0.9318,0.8864,0.9184
521,0.9141,0.9318,0.9242,0.8864,0.9268,0.9293,0.9141,0.9268,0.9141,0.9167,0.9318,0.8864,0.9184
522,0.9141,0.9318,0.9242,0.8864,0.9268,0.9293,0.9141,0.9268,0.9141,0.9167,0.9318,0.8864,0.9184
523,0.9141,0.9318,0.9242,0.8864,0.9268,0.9293,0.9141,0.9268,0.9141,0.9167,0.9318,0.8864,0.9184
524,0.9141,0.9318,0.9242,0.8864,0.9268,0.9293,0.9141,0.9268,0.9141,0.9167,0.9318,0.8864,0.9184
525,0.9141,0.9318,0.9242,0.8864,0.9268,0.9293,0.9141,0.9268,0.9141,0.9167,0.9318,0.8864,0.9184
526,0.9141,0.9318,0.9268,0.8864,0.9268,0.9293,0.9141,0.9268,0.9141,0.9167,0.9318,0.8864,0.9187
527,0.9141,0.9318,0.9268,0.8864,0.9268,0.9293,0.9141,0.9268,0.9141,0.9167,0.9318,0.8864,0.9187
528,0.9141,0.9318,0.9268,0.8864,0.9268,0.9293,0.9141,0.9268,0.9141,0.9167,0.9318,0.8864,0.9187
529,0.9141,0.9318,0.9268,0.8864,0.9268,0.9293,0.9141,0.9268,0.9141,0.9167,0.9318,0.8864,0.9187
530,0.9141,0.9318,0.9268,0.8864,0.9268,0.9293,0.9141,0.9268,0.9141,0.9167,0.9318,0.8864,0.9187
531,0.9141,0.9318,0.9268,0.8864,0.9268,0.9293,0.9141,0.9268,0.9141,0.9167,0.9318,0.8864,0.9187
532,0.9141,0.9318,0.9268,0.8864,0.9268,0.9293,0.9141,0.9268,0.9141,0.9167,0.9318,0.8864,0.9187
533,0.9141,0.9318,0.9268,0.8864,0.9268,0.9293,0.9141,0.9268,0.9141,0.9167,0.9318,0.8864,0.9187
534,0.9141,0.9318,0.9268,0.8864,0.9268,0.9293,0.9141,0.9268,0.9141,0.9167,0.9318,0.8864,0.9187
535,0.9141,0.9318,0.9268,0.8864,0.9268,0.9293,0.9141,0.9268,0.9141,0.9167,0.9318,0.8864,0.9187
536,0.9141,0.9318,0.9268,0.8864,0.9268,0.9293,0.9141,0.9268,0.9141,0.9167,0.9318,0.8864,0.9187
537,0.9141,0.9318,0.9268,0.8864,0.9268,0.9293,0.9141,0.9268,0.9141,0.9167,0.9318,0.8864,0.9187
538,0.9141,0.9318,0.9268,0.8864,0.9268,0.9293,0.9141,0.9268,0.9141,0.9167,0.9318,0.8864,0.9187
539,0.9141,0.9318,0.9268,0.8864,0.9268,0.9293,0.9141,0.9268,0.9141,0.9167,0.9318,0.8864,0.9187
540,0.9141,0.9318,0.9268,0.8864,0.9268,0.9293,0.9141,0.9268,0.9141,0.9167,0.9318,0.8864,0.9187
541,0.9141,0.9318,0.9268,0.8864,0.9268,0.9293,0.9141,0.9268,0.9141,0.9167,0.9318,0.8864,0.9187
542,0.9141,0.9318,0.9268,0.8864,0.9268,0.9293,0.9141,0.9268,0.9141,0.9167,0.9318,0.8864,0.9187
543,0.9141,0.9318,0.9268,0.8864,0.9268,0.9293,0.9141,0.9268,0.9141,0.9167,0.9318,0.8864,0.9187
544,0.9141,0.9318,0.9268,0.8864,0.9268,0.9293,0.9141,0.9268,0.9141,0.9167,0.9318,0.8864,0.9187
545,0.9141,0.9318,0.9268,0.8864,0.9268,0.9293,0.9141,0.9268,0.9141,0.9167,0.9318,0.8864,0.9187
546,0.9141,0.9318,0.9268,0.8864,0.9268,0.9293,0.9141,0.9268,0.9141,0.9167,0.9318,0.8864,0.9187
547,0.9141,0.9318,0.9268,0.8864,0.9268,0.9293,0.9141,0.9268,0.9141,0.9167,0.9318,0.8864,0.9187
548,0.9141,0.9318,0.9268,0.8864,0.9268,0.9293,0.9141,0.9268,0.9141,0.9167,0.9318,0.8864,0.9187
549,0.9141,0.9318,0.9268,0.8864,0.9268,0.9293,0.9192,0.9268,0.9141,0.9167,0.9318,0.8864,0.9192
550,0.9141,0.9318,0.9268,0.8864,0.9268,0.9293,0.9192,0.9268,0.9141,0.9167,0.9318,0.8864,0.9192
551,0.9141,0.9318,0.9268,0.8864,0.9268,0.9293,0.9192,0.9268,0.9141,0.9167,0.9318,0.8864,0.9192
552,0.9141,0.9318,0.9268,0.8864,0.9268,0.9293,0.9192,0.9268,0.9141,0.9167,0.9318,0.8864,0.9192
553,0.9141,0.9318,0.9268,0.8864,0.9268,0.9293,0.9192,0.9268,0.9141,0.9167,0.9318,0.8864,0.9192
554,0.9141,0.9318,0.9268,0.8864,0.9268,0.9293,0.9192,0.9268,0.9141,0.9167,0.9318,0.8864,0.9192
555,0.9141,0.9318,0.9268,0.8864,0.9268,0.9293,0.9192,0.9268,0.9141,0.9242,0.9318,0.8864,0.92
556,0.9141,0.9318,0.9268,0.8864,0.9268,0.9293,0.9192,0.9268,0.9141,0.9242,0.9318,0.8864,0.92
557,0.9141,0.9318,0.9268,0.8864,0.9268,0.9293,0.9192,0.9268,0.9141,0.9242,0.9318,0.8864,0.92
558,0.9141,0.9318,0.9268,0.8864,0.9268,0.9293,0.9192,0.9268,0.9141,0.9242,0.9318,0.8864,0.92
559,0.9141,0.9318,0.9268,0.9217,0.9268,0.9293,0.9192,0.9268,0.9141,0.9242,0.9318,0.9141,0.9235
560,0.9141,0.9318,0.9268,0.9217,0.9268,0.9293,0.9192,0.9268,0.9141,0.9242,0.9318,0.9141,0.9235
561,0.9141,0.9318,0.9268,0.9217,0.9268,0.9293,0.9192,0.9268,0.9141,0.9242,0.9318,0.9141,0.9235
562,0.9141,0.9318,0.9268,0.9217,0.9268,0.9293,0.9192,0.9268,0.9141,0.9242,0.9318,0.9141,0.9235
563,0.9141,0.9318,0.9268,0.9217,0.9268,0.9293,0.9192,0.9268,0.9141,0.9242,0.9318,0.9141,0.9235
564,0.9141,0.9318,0.9268,0.9217,0.9268,0.9293,0.9192,0.9268,0.9141,0.9242,0.9318,0.9141,0.9235
565,0.9141,0.9318,0.9268,0.9217,0.9268,0.9293,0.9192,0.9268,0.9141,0.9242,0.9318,0.9141,0.9235
566,0.9141,0.9318,0.9268,0.9217,0.9268,0.9293,0.9192,0.9268,0.9141,0.9242,0.9318,0.9141,0.9235
567,0.9141,0.9318,0.9268,0.9217,0.9268,0.9293,0.9192,0.9268,0.9141,0.9242,0.9318,0.9141,0.9235
568,0.9141,0.9318,0.9268,0.9217,0.9268,0.9293,0.9192,0.9268,0.9141,0.9242,0.9318,0.9141,0.9235
569,0.9141,0.9318,0.9268,0.9217,0.9268,0.9293,0.9192,0.9268,0.9141,0.9242,0.9318,0.9141,0.9235
570,0.9141,0.9318,0.9268,0.9217,0.9268,0.9293,0.9192,0.9268,0.9141,0.9242,0.9318,0.9141,0.9235
571,0.9141,0.9318,0.9268,0.9217,0.9268,0.9293,0.9192,0.9268,0.9141,0.9242,0.9318,0.9141,0.9235
572,0.9141,0.9318,0.9268,0.9217,0.9268,0.9293,0.9192,0.9268,0.9141,0.9242,0.9318,0.9141,0.9235
573,0.9141,0.9318,0.9268,0.9217,0.9268,0.9293,0.9192,0.9268,0.9141,0.9242,0.9318,0.9141,0.9235
574,0.9141,0.9318,0.9268,0.9217,0.9268,0.9293,0.9192,0.9268,0.9141,0.9242,0.9318,0.9141,0.9235
575,0.9141,0.9318,0.9268,0.9217,0.9268,0.9293,0.9192,0.9268,0.9141,0.9242,0.9318,0.9141,0.9235
576,0.9141,0.9318,0.9268,0.9217,0.9268,0.9293,0.9192,0.9268,0.9141,0.9242,0.9318,0.9141,0.9235
577,0.9141,0.9318,0.9268,0.9217,0.9268,0.9293,0.9192,0.9268,0.9141,0.9242,0.9318,0.9141,0.9235
578,0.9141,0.9318,0.9268,0.9217,0.9268,0.9293,0.9192,0.9268,0.9141,0.9242,0.9318,0.9141,0.9235
579,0.9141,0.9318,0.9268,0.9217,0.9268,0.9293,0.9192,0.9268,0.9141,0.9242,0.9318,0.9141,0.9235
580,0.9141,0.9318,0.9268,0.9217,0.9268,0.9293,0.9192,0.9268,0.9141,0.9242,0.9318,0.9141,0.9235
581,0.9141,0.9318,0.9268,0.9217,0.9268,0.9293,0.9192,0.9268,0.9141,0.9242,0.9318,0.9141,0.9235
582,0.9141,0.9318,0.9268,0.9217,0.9268,0.9293,0.9192,0.9268,0.9141,0.9242,0.9318,0.9141,0.9235
583,0.9141,0.9318,0.9268,0.9217,0.9268,0.9293,0.9192,0.9268,0.9141,0.9242,0.9318,0.9141,0.9235
584,0.9141,0.9318,0.9268,0.9217,0.9268,0.9293,0.9192,0.9268,0.9141,0.9242,0.9318,0.9141,0.9235
585,0.9141,0.9318,0.9268,0.9217,0.9268,0.9293,0.9192,0.9268,0.9141,0.9242,0.9318,0.9141,0.9235
586,0.9141,0.9318,0.9268,0.9217,0.9268,0.9293,0.9192,0.9268,0.9141,0.9242,0.9318,0.9141,0.9235
587,0.9141,0.9318,0.9268,0.9217,0.9268,0.9293,0.9192,0.9268,0.9141,0.9242,0.9318,0.9141,0.9235
588,0.9141,0.9318,0.9268,0.9217,0.9268,0.9293,0.9192,0.9268,0.9141,0.9242,0.9318,0.9141,0.9235
589,0.9141,0.9318,0.9268,0.9217,0.9268,0.9293,0.9192,0.9268,0.9141,0.9242,0.9318,0.9141,0.9235
590,0.9141,0.9318,0.9268,0.9217,0.9268,0.9293,0.9192,0.9268,0.9141,0.9242,0.9318,0.9141,0.9235
591,0.9141,0.9318,0.9268,0.9217,0.9268,0.9293,0.9192,0.9268,0.9141,0.9242,0.9318,0.9141,0.9235
592,0.9141,0.9318,0.9268,0.9217,0.9268,0.9293,0.9192,0.9268,0.9141,0.9242,0.9318,0.9141,0.9235
593,0.9141,0.9318,0.9268,0.9217,0.9268,0.9293,0.9192,0.9268,0.9141,0.9242,0.9318,0.9141,0.9235
594,0.9141,0.9318,0.9268,0.9217,0.9268,0.9293,0.9192,0.9268,0.9141,0.9242,0.9318,0.9141,0.9235
595,0.9141,0.9318,0.9268,0.9217,0.9268,0.9293,0.9192,0.9268,0.9141,0.9242,0.9318,0.9141,0.9235
596,0.9141,0.9318,0.9268,0.9217,0.9268,0.9293,0.9192,0.9268,0.9141,0.9242,0.9318,0.9141,0.9235
597,0.9141,0.9318,0.9268,0.9217,0.9268,0.9293,0.9192,0.9268,0.9141,0.9242,0.9318,0.9141,0.9235
598,0.9141,0.9318,0.9268,0.9217,0.9268,0.9293,0.9192,0.9268,0.9141,0.9242,0.9318,0.9141,0.9235
599,0.9141,0.9318,0.9268,0.9217,0.9268,0.9293,0.9192,0.9268,0.9141,0.9242,0.9318,0.9141,0.9235
600,0.9141,0.9318,0.9268,0.9217,0.9268,0.9293,0.9192,0.9268,0.9141,0.9242,0.9318,0.9141,0.9235
601,0.9141,0.9318,0.9268,0.9217,0.9268,0.9293,0.9192,0.9268,0.9141,0.9242,0.9318,0.9141,0.9235
602,0.9141,0.9318,0.9268,0.9217,0.9268,0.9293,0.9192,0.9268,0.9141,0.9242,0.9318,0.9141,0.9235
603,0.9141,0.9318,0.9268,0.9217,0.9268,0.9293,0.9192,0.9268,0.9141,0.9242,0.9318,0.9141,0.9235
604,0.9141,0.9318,0.9268,0.9217,0.9268,0.9293,0.9192,0.9268,0.9141,0.9242,0.9318,0.9141,0.9235
605,0.9141,0.9318,0.9268,0.9217,0.9268,0.9293,0.9192,0.9268,0.9141,0.9242,0.9318,0.9141,0.9235
606,0.9141,0.9318,0.9268,0.9217,0.9268,0.9293,0.9192,0.9268,0.9141,0.9242,0.9318,0.9141,0.9235
607,0.9141,0.9318,0.9268,0.9217,0.9268,0.9293,0.9192,0.9268,0.9141,0.9242,0.9318,0.9141,0.9235
608,0.9141,0.9318,0.9268,0.9217,0.9268,0.9293,0.9192,0.9268,0.9141,0.9242,0.9318,0.9141,0.9235
609,0.9141,0.9318,0.9268,0.9217,0.9268,0.9293,0.9192,0.9268,0.9141,0.9242,0.9318,0.9141,0.9235
1209,0.9268,0.9318,0.9268,0.9268,0.9268,0.9293,0.9217,0.9268,0.9217,0.9242,0.9318,0.9217,0.9263
1809,0.9293,0.9318,0.9268,0.9293,0.9293,0.9293,0.9217,0.9268,0.9268,0.9242,0.9318,0.9217,0.9275
2409,0.9293,0.9318,0.9268,0.9293,0.9293,0.9293,0.9293,0.9268,0.9293,0.9242,0.9318,0.9242,0.9285
3009,0.9293,0.9318,0.9268,0.9293,0.9293,0.9293,0.9293,0.9268,0.9293,0.9242,0.9318,0.9242,0.9285
3609,0.9293,0.9318,0.9268,0.9293,0.9293,0.9293,0.9293,0.9293,0.9293,0.9242,0.9318,0.9242,0.9288
4209,0.9293,0.9318,0.9268,0.9293,0.9293,0.9293,0.9293,0.9293,0.9293,0.9242,0.9318,0.9242,0.9288
4809,0.9293,0.9318,0.9268,0.9293,0.9293,0.9293,0.9293,0.9293,0.9293,0.9242,0.9318,0.9242,0.9288
5409,0.9293,0.9318,0.9268,0.9293,0.9293,0.9293,0.9293,0.9293,0.9293,0.9242,0.9318,0.9242,0.9288
6009,0.9293,0.9318,0.9268,0.9293,0.9293,0.9293,0.9293,0.9293,0.9293,0.9242,0.9318,0.9242,0.9288
6609,0.9293,0.9318,0.9268,0.9293,0.9293,0.9293,0.9293,0.9293,0.9293,0.9242,0.9318,0.9242,0.9288
7209,0.9293,0.9318,0.9268,0.9293,0.9293,0.9293,0.9293,0.9293,0.9293,0.9242,0.9318,0.9242,0.9288
7809,0.9293,0.9318,0.9268,0.9293,0.9293,0.9293,0.9293,0.9293,0.9293,0.9242,0.9318,0.9242,0.9288
8409,0.9293,0.9318,0.9268,0.9293,0.9293,0.9293,0.9293,0.9293,0.9293,0.9242,0.9318,0.9242,0.9288
9009,0.9293,0.9318,0.9268,0.9293,0.9293,0.9293,0.9293,0.9293,0.9293,0.9242,0.9318,0.9242,0.9288
9609,0.9293,0.9318,0.9268,0.9293,0.9293,0.9293,0.9293,0.9293,0.9293,0.9242,0.9318,0.9242,0.9288
10209,0.9293,0.9318,0.9268,0.9293,0.9293,0.9293,0.9293,0.9293,0.9293,0.9242,0.9318,0.9242,0.9288
10809,0.9293,0.9318,0.9268,0.9293,0.9293,0.9293,0.9293,0.9293,0.9293,0.9242,0.9318,0.9242,0.9288
11409,0.9293,0.9318,0.9268,0.9293,0.9293,0.9293,0.9293,0.9293,0.9293,0.9242,0.9318,0.9242,0.9288
12009,0.9293,0.9318,0.9268,0.9293,0.9293,0.9293,0.9293,0.9293,0.9293,0.9242,0.9318,0.9242,0.9288
12609,0.9293,0.9318,0.9268,0.9293,0.9293,0.9293,0.9318,0.9293,0.9293,0.9242,0.9318,0.9242,0.929
13209,0.9293,0.9318,0.9268,0.9293,0.9293,0.9293,0.9318,0.9293,0.9293,0.9242,0.9318,0.9242,0.929
13809,0.9293,0.9318,0.9268,0.9293,0.9293,0.9293,0.9318,0.9293,0.9293,0.9242,0.9318,0.9242,0.929
14409,0.9293,0.9318,0.9268,0.9293,0.9293,0.9293,0.9318,0.9293,0.9293,0.9242,0.9318,0.9242,0.929
15009,0.9293,0.9318,0.9268,0.9293,0.9293,0.9293,0.9318,0.9293,0.9293,0.9242,0.9318,0.9242,0.929
15609,0.9293,0.9318,0.9268,0.9293,0.9293,0.9293,0.9318,0.9293,0.9293,0.9242,0.9318,0.9242,0.929
16209,0.9293,0.9318,0.9268,0.9293,0.9293,0.9293,0.9318,0.9293,0.9293,0.9242,0.9318,0.9242,0.929
16809,0.9293,0.9318,0.9268,0.9293,0.9293,0.9293,0.9318,0.9293,0.9293,0.9242,0.9318,0.9242,0.929
17409,0.9293,0.9318,0.9268,0.9293,0.9293,0.9293,0.9318,0.9293,0.9293,0.9242,0.9318,0.9242,0.929
18009,0.9293,0.9318,0.9268,0.9293,0.9293,0.9293,0.9318,0.9293,0.9293,0.9242,0.9318,0.9242,0.929
18609,0.9293,0.9318,0.9268,0.9293,0.9293,0.9293,0.9318,0.9293,0.9293,0.9242,0.9318,0.9242,0.929
19209,0.9293,0.9318,0.9268,0.9293,0.9293,0.9293,0.9318,0.9293,0.9293,0.9242,0.9318,0.9242,0.929
19809,0.9293,0.9318,0.9268,0.9293,0.9293,0.9293,0.9318,0.9293,0.9293,0.9242,0.9318,0.9242,0.929
20409,0.9293,0.9318,0.9268,0.9293,0.9293,0.9293,0.9318,0.9293,0.9293,0.9242,0.9318,0.9242,0.929
21009,0.9293,0.9318,0.9268,0.9293,0.9293,0.9293,0.9369,0.9293,0.9293,0.9242,0.9369,0.9242,0.9295
21609,0.9293,0.9318,0.9268,0.9293,0.9293,0.9293,0.9369,0.9293,0.9293,0.9242,0.9369,0.9242,0.9295
22209,0.9293,0.9318,0.9268,0.9293,0.9293,0.9293,0.9369,0.9293,0.9293,0.9242,0.9369,0.9242,0.9295
22809,0.9293,0.9318,0.9268,0.9293,0.9293,0.9293,0.9369,0.9293,0.9293,0.9242,0.9369,0.9242,0.9295
23409,0.9293,0.9318,0.9268,0.9293,0.9293,0.9293,0.9369,0.9293,0.9293,0.9242,0.9369,0.9242,0.9295
24009,0.9293,0.9318,0.9268,0.9293,0.9293,0.9293,0.9369,0.9293,0.9293,0.9242,0.9369,0.9242,0.9295
24609,0.9293,0.9318,0.9268,0.9293,0.9293,0.9293,0.9369,0.9293,0.9293,0.9242,0.9369,0.9242,0.9295
25209,0.9293,0.9318,0.9268,0.9293,0.9293,0.9293,0.9369,0.9293,0.9293,0.9242,0.9369,0.9242,0.9295
25809,0.9293,0.9318,0.9268,0.9293,0.9293,0.9293,0.9369,0.9293,0.9293,0.9242,0.9369,0.9242,0.9295
26409,0.9293,0.9318,0.9268,0.9293,0.9293,0.9293,0.9369,0.9293,0.9293,0.9242,0.9369,0.9242,0.9295
27009,0.9293,0.9318,0.9268,0.9293,0.9293,0.9293,0.9369,0.9293,0.9293,0.9242,0.9369,0.9242,0.9295
27609,0.9293,0.9318,0.9268,0.9293,0.9293,0.9293,0.9369,0.9293,0.9293,0.9242,0.9369,0.9242,0.9295
28209,0.9293,0.9318,0.9268,0.9293,0.9293,0.9293,0.9369,0.9293,0.9293,0.9242,0.9369,0.9242,0.9295
28809,0.9293,0.9318,0.9268,0.9293,0.9293,0.9293,0.9369,0.9293,0.9293,0.9242,0.9369,0.9242,0.9295
29409,0.9293,0.9318,0.9268,0.9293,0.9293,0.9293,0.9394,0.9293,0.9293,0.9242,0.9394,0.9242,0.9298
30009,0.9293,0.9318,0.9268,0.9293,0.9293,0.9293,0.9394,0.9293,0.9293,0.9242,0.9394,0.9242,0.9298
30609,0.9293,0.9318,0.9268,0.9293,0.9293,0.9293,0.9394,0.9293,0.9293,0.9242,0.9394,0.9242,0.9298
31209,0.9293,0.9318,0.9268,0.9293,0.9293,0.9293,0.9394,0.9293,0.9293,0.9242,0.9394,0.9242,0.9298
31809,0.9293,0.9318,0.9268,0.9293,0.9293,0.9293,0.9394,0.9293,0.9293,0.9242,0.9394,0.9242,0.9298
32409,0.9293,0.9318,0.9268,0.9293,0.9293,0.9293,0.9394,0.9293,0.9293,0.9242,0.9394,0.9242,0.9298
33009,0.9293,0.9318,0.9268,0.9293,0.9293,0.9293,0.9394,0.9293,0.9293,0.9242,0.9394,0.9242,0.9298
33609,0.9293,0.9318,0.9268,0.9293,0.9293,0.9293,0.9394,0.9293,0.9293,0.9242,0.9394,0.9242,0.9298
34209,0.9293,0.9318,0.9268,0.9293,0.9293,0.9293,0.9394,0.9293,0.9293,0.9242,0.9394,0.9242,0.9298
34809,0.9293,0.9318,0.9268,0.9293,0.9293,0.9293,0.9394,0.9293,0.9293,0.9242,0.9394,0.9242,0.9298
35409,0.9293,0.9318,0.9268,0.9293,0.9293,0.9293,0.9394,0.9293,0.9293,0.9242,0.9394,0.9242,0.9298
36009,0.9293,0.9318,0.9268,0.9293,0.9293,0.9293,0.9394,0.9293,0.9293,0.9242,0.9394,0.9242,0.9298
36609,0.9293,0.9318,0.9268,0.9293,0.9293,0.9293,0.9394,0.9293,0.9293,0.9242,0.9394,0.9242,0.9298
37209,0.9293,0.9318,0.9268,0.9293,0.9293,0.9293,0.9394,0.9293,0.9293,0.9242,0.9394,0.9242,0.9298
37809,0.9293,0.9318,0.9268,0.9293,0.9293,0.9293,0.9394,0.9293,0.9293,0.9242,0.9394,0.9242,0.9298
38409,0.9293,0.9318,0.9268,0.9293,0.9293,0.9293,0.9394,0.9293,0.9293,0.9242,0.9394,0.9242,0.9298
39009,0.9293,0.9318,0.9268,0.9293,0.9293,0.9293,0.9394,0.9293,0.9293,0.9242,0.9394,0.9242,0.9298
39609,0.9293,0.9318,0.9268,0.9293,0.9293,0.9293,0.9394,0.9293,0.9293,0.9242,0.9394,0.9242,0.9298
40209,0.9293,0.9318,0.9268,0.9293,0.9293,0.9293,0.9394,0.9293,0.9293,0.9242,0.9394,0.9242,0.9298
40809,0.9293,0.9318,0.9268,0.9293,0.9293,0.9293,0.9394,0.9293,0.9293,0.9242,0.9394,0.9242,0.9298
41409,0.9293,0.9318,0.9268,0.9293,0.9293,0.9293,0.9394,0.9293,0.9293,0.9242,0.9394,0.9242,0.9298
42009,0.9293,0.9318,0.9268,0.9293,0.9293,0.9293,0.9394,0.9293,0.9293,0.9242,0.9394,0.9242,0.9298
42609,0.9293,0.9318,0.9268,0.9293,0.9293,0.9293,0.9394,0.9293,0.9293,0.9242,0.9394,0.9242,0.9298
43209,0.9293,0.9318,0.9268,0.9293,0.9293,0.9293,0.9394,0.9293,0.9293,0.9242,0.9394,0.9242,0.9298
43809,0.9293,0.9318,0.9268,0.9293,0.9293,0.9293,0.9394,0.9293,0.9293,0.9242,0.9394,0.9242,0.9298
44409,0.9293,0.9318,0.9268,0.9293,0.9293,0.9293,0.9394,0.9293,0.9293,0.9242,0.9394,0.9242,0.9298
45009,0.9293,0.9318,0.9268,0.9293,0.9293,0.9293,0.9394,0.9293,0.9293,0.9242,0.9394,0.9242,0.9298
45609,0.9293,0.9318,0.9268,0.9293,0.9293,0.9293,0.9394,0.9293,0.9293,0.9242,0.9394,0.9242,0.9298
46209,0.9293,0.9318,0.9268,0.9293,0.9293,0.9293,0.9394,0.9293,0.9293,0.9242,0.9394,0.9242,0.9298
46809,0.9293,0.9318,0.9268,0.9293,0.9293,0.9293,0.9394,0.9293,0.9293,0.9242,0.9394,0.9242,0.9298
47409,0.9293,0.9318,0.9268,0.9293,0.9293,0.9293,0.9394,0.9293,0.9293,0.9242,0.9394,0.9242,0.9298
48009,0.9293,0.9318,0.9268,0.9293,0.9293,0.9293,0.9394,0.9293,0.9293,0.9242,0.9394,0.9242,0.9298
48609,0.9293,0.9318,0.9268,0.9293,0.9293,0.9293,0.9394,0.9293,0.9293,0.9242,0.9394,0.9242,0.9298
49209,0.9293,0.9318,0.9268,0.9293,0.9293,0.9293,0.9394,0.9293,0.9293,0.9242,0.9394,0.9242,0.9298
49809,0.9293,0.9318,0.9268,0.9293,0.9293,0.9293,0.9394,0.9293,0.9293,0.9242,0.9394,0.9242,0.9298
50409,0.9293,0.9318,0.9268,0.9293,0.9293,0.9293,0.9394,0.9293,0.9293,0.9242,0.9394,0.9242,0.9298
51009,0.9293,0.9318,0.9268,0.9293,0.9293,0.9293,0.9394,0.9293,0.9293,0.9242,0.9394,0.9242,0.9298
51609,0.9293,0.9318,0.9268,0.9293,0.9293,0.9293,0.9394,0.9293,0.9293,0.9242,0.9394,0.9242,0.9298
52209,0.9293,0.9318,0.9268,0.9293,0.9293,0.9293,0.9394,0.9293,0.9293,0.9242,0.9394,0.9242,0.9298
52809,0.9293,0.9318,0.9268,0.9293,0.9293,0.9293,0.9394,0.9293,0.9293,0.9242,0.9394,0.9242,0.9298
53409,0.9293,0.9318,0.9268,0.9293,0.9293,0.9293,0.9394,0.9293,0.9293,0.9242,0.9394,0.9242,0.9298
54009,0.9293,0.9318,0.9268,0.9293,0.9293,0.9293,0.9394,0.9293,0.9293,0.9242,0.9394,0.9242,0.9298
54609,0.9293,0.9318,0.9268,0.9293,0.9293,0.9293,0.9394,0.9293,0.9293,0.9242,0.9394,0.9242,0.9298
55209,0.9293,0.9318,0.9268,0.9293,0.9293,0.9293,0.9394,0.9293,0.9293,0.9242,0.9394,0.9242,0.9298
