timestamp,fdc1,fdc4,fdc3,fdc6,fdc8,fdc9,fdc7,fdc5,fdc2,fdc0,max,min,avg
0,0.1911,0.1911,0.1911,0.1911,0.1911,0.1911,0.1911,0.1911,0.1911,0.1911,0.1911,0.1911,0.1911
3,0.2581,0.2581,0.2581,0.2602,0.1911,0.1911,0.1911,0.2581,0.2581,0.2581,0.2602,0.1911,0.2382
4,0.372,0.372,0.372,0.3699,0.2581,0.2581,0.2581,0.3862,0.3699,0.376,0.3862,0.2581,0.3392
5,0.372,0.374,0.374,0.374,0.376,0.3963,0.372,0.3902,0.3699,0.376,0.3963,0.3699,0.3774
6,0.372,0.378,0.374,0.376,0.3801,0.4207,0.374,0.3923,0.376,0.4045,0.4207,0.372,0.3848
7,0.372,0.378,0.376,0.376,0.3841,0.4228,0.376,0.3984,0.3801,0.4045,0.4228,0.372,0.3868
8,0.374,0.378,0.376,0.376,0.3882,0.4268,0.376,0.3984,0.3821,0.4065,0.4268,0.374,0.3882
9,0.374,0.378,0.376,0.3943,0.4085,0.4289,0.4045,0.4004,0.3821,0.4085,0.4289,0.374,0.3955
10,0.374,0.3801,0.376,0.3943,0.4085,0.4309,0.4065,0.4024,0.3963,0.4106,0.4309,0.374,0.398
11,0.3984,0.3801,0.376,0.3943,0.4085,0.4329,0.4065,0.4024,0.3984,0.4106,0.4329,0.376,0.4008
12,0.4045,0.3821,0.376,0.3943,0.4207,0.4329,0.4065,0.4024,0.3984,0.4106,0.4329,0.376,0.4028
13,0.4065,0.3821,0.376,0.3943,0.4207,0.435,0.4065,0.4024,0.4106,0.4167,0.435,0.376,0.4051
14,0.4065,0.3821,0.376,0.3943,0.4207,0.435,0.4065,0.4024,0.4126,0.4167,0.435,0.376,0.4053
15,0.4085,0.3841,0.376,0.3943,0.4207,0.435,0.4065,0.4187,0.4126,0.4167,0.435,0.376,0.4073
16,0.4085,0.3841,0.376,0.3943,0.4207,0.435,0.4065,0.4187,0.4248,0.4167,0.435,0.376,0.4085
17,0.4085,0.3862,0.3821,0.3943,0.4207,0.435,0.4065,0.4187,0.4248,0.4167,0.435,0.3821,0.4093
18,0.4106,0.3862,0.3821,0.4045,0.4207,0.4411,0.4085,0.439,0.4248,0.4167,0.4411,0.3821,0.4134
19,0.4106,0.3862,0.3821,0.4045,0.4268,0.4411,0.4146,0.439,0.4289,0.4167,0.4411,0.3821,0.4151
20,0.4146,0.3882,0.3821,0.4167,0.4268,0.4411,0.4268,0.439,0.4309,0.4167,0.4411,0.3821,0.4183
21,0.4187,0.3882,0.3821,0.4187,0.4268,0.4411,0.4268,0.439,0.4309,0.4187,0.4411,0.3821,0.4191
22,0.4187,0.3984,0.3821,0.4187,0.435,0.4431,0.4268,0.439,0.4431,0.4187,0.4431,0.3821,0.4224
23,0.4207,0.4004,0.3821,0.4187,0.435,0.4431,0.4268,0.4411,0.4431,0.4187,0.4431,0.3821,0.423
24,0.4207,0.4004,0.3821,0.4207,0.435,0.4431,0.4268,0.4411,0.4431,0.4289,0.4431,0.3821,0.4242
25,0.4207,0.4004,0.3821,0.4207,0.435,0.4431,0.4289,0.4411,0.4654,0.4289,0.4654,0.3821,0.4266
26,0.4207,0.4004,0.3821,0.4207,0.435,0.4431,0.4289,0.4431,0.4654,0.4289,0.4654,0.3821,0.4268
27,0.437,0.4004,0.3821,0.4228,0.435,0.4431,0.4289,0.4431,0.4654,0.4289,0.4654,0.3821,0.4287
28,0.4431,0.4004,0.3821,0.4228,0.437,0.4431,0.4289,0.4431,0.4654,0.4309,0.4654,0.3821,0.4297
29,0.4431,0.4024,0.3821,0.4228,0.437,0.4431,0.4289,0.4451,0.4675,0.4309,0.4675,0.3821,0.4303
30,0.4431,0.4085,0.3821,0.4228,0.437,0.4431,0.4309,0.4451,0.4675,0.4309,0.4675,0.3821,0.4311
31,0.4451,0.4085,0.3821,0.4268,0.437,0.4431,0.4309,0.4451,0.4675,0.4309,0.4675,0.3821,0.4317
32,0.4451,0.4085,0.3821,0.4268,0.4573,0.4431,0.4309,0.4472,0.4675,0.4309,0.4675,0.3821,0.4339
33,0.4451,0.4085,0.3841,0.4329,0.4675,0.4431,0.4309,0.4472,0.4675,0.4309,0.4675,0.3841,0.4358
34,0.4451,0.4126,0.3841,0.4329,0.4675,0.4431,0.4309,0.4472,0.4675,0.4309,0.4675,0.3841,0.4362
35,0.4451,0.4146,0.4024,0.4329,0.4675,0.4431,0.4309,0.4472,0.4675,0.4309,0.4675,0.4024,0.4382
36,0.4675,0.4146,0.4024,0.4329,0.4756,0.4472,0.4309,0.4472,0.4675,0.4309,0.4756,0.4024,0.4417
37,0.4675,0.4146,0.4024,0.4329,0.4756,0.4472,0.4309,0.4472,0.4675,0.4309,0.4756,0.4024,0.4417
38,0.4675,0.4146,0.4024,0.435,0.4756,0.4472,0.4309,0.4472,0.4675,0.4309,0.4756,0.4024,0.4419
39,0.4675,0.4146,0.4024,0.435,0.4756,0.4472,0.4309,0.4472,0.4675,0.4309,0.4756,0.4024,0.4419
40,0.4675,0.4146,0.4024,0.439,0.4756,0.4593,0.4309,0.4472,0.4675,0.4309,0.4756,0.4024,0.4435
41,0.4675,0.4146,0.4024,0.439,0.4756,0.4593,0.4309,0.4472,0.4675,0.4309,0.4756,0.4024,0.4435
42,0.4715,0.4146,0.4024,0.439,0.4756,0.4593,0.4309,0.4472,0.4675,0.4309,0.4756,0.4024,0.4439
43,0.4715,0.4146,0.4024,0.439,0.4756,0.4593,0.4309,0.4472,0.4675,0.4309,0.4756,0.4024,0.4439
44,0.4715,0.4146,0.4106,0.439,0.4756,0.4593,0.4309,0.4472,0.4675,0.4309,0.4756,0.4106,0.4447
45,0.4715,0.4146,0.4106,0.439,0.4756,0.4593,0.4309,0.4472,0.4675,0.4309,0.4756,0.4106,0.4447
46,0.4715,0.4146,0.4106,0.439,0.4756,0.4593,0.4309,0.4472,0.4695,0.4309,0.4756,0.4106,0.4449
47,0.4715,0.4268,0.4106,0.439,0.4756,0.4593,0.4329,0.4472,0.4715,0.4309,0.4756,0.4106,0.4465
48,0.4715,0.437,0.4106,0.439,0.4756,0.4614,0.4329,0.4472,0.4715,0.4309,0.4756,0.4106,0.4478
49,0.4715,0.437,0.4126,0.439,0.4756,0.4614,0.4329,0.4472,0.4715,0.4309,0.4756,0.4126,0.448
50,0.4715,0.437,0.4126,0.439,0.4756,0.4614,0.4329,0.4614,0.4736,0.4309,0.4756,0.4126,0.4496
51,0.4715,0.437,0.4146,0.439,0.4756,0.4614,0.4329,0.4614,0.4736,0.4309,0.4756,0.4146,0.4498
52,0.4715,0.439,0.4146,0.439,0.4756,0.4614,0.4329,0.4614,0.4736,0.4309,0.4756,0.4146,0.45
53,0.4715,0.439,0.4146,0.439,0.4756,0.4614,0.4329,0.4614,0.4736,0.4309,0.4756,0.4146,0.45
54,0.4736,0.439,0.4146,0.439,0.4756,0.4614,0.4329,0.4614,0.4736,0.4329,0.4756,0.4146,0.4504
55,0.4736,0.4614,0.4146,0.439,0.4756,0.4614,0.4411,0.4614,0.4736,0.4329,0.4756,0.4146,0.4535
56,0.4736,0.4654,0.4146,0.439,0.4756,0.4614,0.4411,0.4654,0.4756,0.4329,0.4756,0.4146,0.4545
57,0.4736,0.4654,0.4146,0.4411,0.4756,0.4614,0.4411,0.4654,0.4756,0.4329,0.4756,0.4146,0.4547
58,0.4736,0.4654,0.4146,0.4411,0.4797,0.4614,0.4451,0.4654,0.4756,0.4329,0.4797,0.4146,0.4555
59,0.4736,0.4654,0.4146,0.4411,0.4797,0.4614,0.4451,0.4654,0.4756,0.4329,0.4797,0.4146,0.4555
60,0.4736,0.4654,0.4146,0.4614,0.4797,0.4614,0.4451,0.4654,0.4756,0.4329,0.4797,0.4146,0.4575
61,0.4736,0.4654,0.4146,0.4614,0.4797,0.4614,0.4451,0.4654,0.4756,0.4329,0.4797,0.4146,0.4575
62,0.4736,0.4654,0.4146,0.4614,0.4797,0.4614,0.4451,0.4654,0.4756,0.4329,0.4797,0.4146,0.4575
63,0.4736,0.4654,0.4167,0.4614,0.4797,0.4614,0.4451,0.4675,0.4756,0.4329,0.4797,0.4167,0.4579
64,0.4736,0.4654,0.4167,0.4614,0.4797,0.4614,0.4451,0.4695,0.4756,0.4329,0.4797,0.4167,0.4581
65,0.4736,0.4654,0.4167,0.4614,0.4817,0.4614,0.4451,0.4695,0.4756,0.4329,0.4817,0.4167,0.4583
66,0.4736,0.4654,0.4187,0.4614,0.4817,0.4614,0.4451,0.4695,0.4756,0.4329,0.4817,0.4187,0.4585
67,0.4736,0.4654,0.4187,0.4695,0.4817,0.4614,0.4451,0.4695,0.4756,0.4329,0.4817,0.4187,0.4593
68,0.4736,0.4654,0.4187,0.4695,0.4817,0.4614,0.4451,0.4695,0.4756,0.4329,0.4817,0.4187,0.4593
69,0.4736,0.4654,0.4187,0.4695,0.4817,0.4614,0.4451,0.4695,0.4756,0.4329,0.4817,0.4187,0.4593
70,0.4736,0.4654,0.4187,0.4695,0.4837,0.4614,0.4451,0.4695,0.4756,0.4329,0.4837,0.4187,0.4595
71,0.4736,0.4654,0.4187,0.4715,0.4837,0.4614,0.4492,0.4695,0.4756,0.4329,0.4837,0.4187,0.4601
72,0.4736,0.4675,0.4187,0.4715,0.4837,0.4614,0.4492,0.4695,0.4756,0.4329,0.4837,0.4187,0.4604
73,0.4736,0.4675,0.4187,0.4756,0.4837,0.4614,0.4492,0.4695,0.4756,0.4329,0.4837,0.4187,0.4608
74,0.4736,0.4675,0.4187,0.4756,0.4837,0.4614,0.4492,0.4695,0.4756,0.4329,0.4837,0.4187,0.4608
75,0.4736,0.4675,0.4187,0.4776,0.4837,0.4614,0.4492,0.4695,0.4756,0.4329,0.4837,0.4187,0.461
76,0.4736,0.4675,0.4187,0.4797,0.4837,0.4614,0.4492,0.4695,0.4756,0.4329,0.4837,0.4187,0.4612
77,0.4756,0.4675,0.4187,0.4797,0.4837,0.4675,0.4492,0.4695,0.4756,0.4329,0.4837,0.4187,0.462
78,0.4756,0.4675,0.4187,0.4797,0.4837,0.4695,0.4492,0.4715,0.4756,0.4329,0.4837,0.4187,0.4624
79,0.4756,0.4675,0.4187,0.4797,0.4837,0.4695,0.4492,0.4715,0.4756,0.4329,0.4837,0.4187,0.4624
80,0.4756,0.4695,0.4187,0.4797,0.4837,0.4695,0.4492,0.4715,0.4756,0.4329,0.4837,0.4187,0.4626
81,0.4756,0.4695,0.4187,0.4797,0.4837,0.4695,0.4492,0.4715,0.4756,0.435,0.4837,0.4187,0.4628
82,0.4756,0.4715,0.4187,0.4797,0.4837,0.4695,0.4492,0.4715,0.4756,0.435,0.4837,0.4187,0.463
83,0.4756,0.4715,0.4187,0.4797,0.4858,0.4695,0.4492,0.4715,0.4756,0.435,0.4858,0.4187,0.4632
84,0.4756,0.4715,0.4187,0.4817,0.4898,0.4695,0.4492,0.4715,0.4756,0.435,0.4898,0.4187,0.4638
85,0.4756,0.4715,0.4187,0.4817,0.4898,0.4695,0.4492,0.4715,0.4756,0.435,0.4898,0.4187,0.4638
86,0.4756,0.4715,0.4187,0.4817,0.4898,0.4695,0.4492,0.4736,0.4756,0.435,0.4898,0.4187,0.464
87,0.4756,0.4715,0.4187,0.4817,0.4898,0.4736,0.4492,0.4736,0.4756,0.435,0.4898,0.4187,0.4644
88,0.4756,0.4715,0.4187,0.4817,0.4898,0.4736,0.4492,0.4736,0.4756,0.435,0.4898,0.4187,0.4644
89,0.4756,0.4715,0.4187,0.4817,0.4898,0.4736,0.4492,0.4736,0.4756,0.435,0.4898,0.4187,0.4644
90,0.4756,0.4715,0.4187,0.4817,0.4898,0.4736,0.4492,0.4736,0.4756,0.435,0.4898,0.4187,0.4644
91,0.4756,0.4715,0.4187,0.4817,0.4898,0.4736,0.4492,0.4736,0.4756,0.435,0.4898,0.4187,0.4644
92,0.4756,0.4715,0.4187,0.4817,0.4898,0.4736,0.4492,0.4736,0.4756,0.435,0.4898,0.4187,0.4644
93,0.4756,0.4715,0.4187,0.4817,0.4898,0.4736,0.4512,0.4736,0.4756,0.435,0.4898,0.4187,0.4646
94,0.4756,0.4736,0.4187,0.4817,0.4959,0.4736,0.4512,0.4736,0.4756,0.4472,0.4959,0.4187,0.4667
95,0.4756,0.4736,0.4187,0.4817,0.498,0.4736,0.4512,0.4736,0.4756,0.4472,0.498,0.4187,0.4669
96,0.4756,0.4736,0.4187,0.4817,0.498,0.4736,0.4512,0.4736,0.4756,0.4472,0.498,0.4187,0.4669
97,0.4756,0.4736,0.4187,0.4817,0.498,0.4736,0.4512,0.4736,0.4756,0.4593,0.498,0.4187,0.4681
98,0.4756,0.4736,0.4187,0.4817,0.498,0.4736,0.4512,0.4736,0.4756,0.4593,0.498,0.4187,0.4681
99,0.4756,0.4756,0.4187,0.4817,0.498,0.4736,0.4512,0.4736,0.4756,0.4593,0.498,0.4187,0.4683
100,0.4756,0.4756,0.4187,0.4817,0.498,0.4837,0.4512,0.4736,0.4756,0.4593,0.498,0.4187,0.4693
101,0.4756,0.4756,0.4187,0.4817,0.498,0.4837,0.4512,0.4736,0.4756,0.4593,0.498,0.4187,0.4693
102,0.4756,0.4756,0.4187,0.4817,0.498,0.4837,0.4512,0.4736,0.4756,0.4593,0.498,0.4187,0.4693
103,0.4756,0.4756,0.4187,0.4817,0.498,0.4837,0.4512,0.4736,0.4756,0.4593,0.498,0.4187,0.4693
104,0.4756,0.4756,0.4187,0.4817,0.498,0.4837,0.4512,0.4736,0.4756,0.4593,0.498,0.4187,0.4693
105,0.4756,0.4756,0.4187,0.4817,0.498,0.4837,0.4512,0.502,0.4756,0.4593,0.502,0.4187,0.4721
106,0.4756,0.4756,0.4187,0.4817,0.498,0.4837,0.4512,0.502,0.4756,0.4593,0.502,0.4187,0.4721
107,0.4756,0.4756,0.4187,0.4837,0.498,0.4837,0.4512,0.502,0.4756,0.4593,0.502,0.4187,0.4723
108,0.4756,0.4756,0.4187,0.4837,0.498,0.4837,0.4614,0.502,0.4756,0.4593,0.502,0.4187,0.4734
109,0.4756,0.4756,0.4187,0.4837,0.498,0.4837,0.4695,0.502,0.4756,0.4593,0.502,0.4187,0.4742
110,0.4756,0.4756,0.4207,0.4837,0.498,0.4837,0.4695,0.502,0.4756,0.4593,0.502,0.4207,0.4744
111,0.4756,0.4756,0.4248,0.4837,0.498,0.4837,0.4695,0.502,0.4756,0.4654,0.502,0.4248,0.4754
112,0.4756,0.4756,0.4248,0.4837,0.498,0.4837,0.4695,0.502,0.4756,0.4654,0.502,0.4248,0.4754
113,0.4756,0.4756,0.4248,0.4837,0.498,0.4837,0.4695,0.502,0.4756,0.4654,0.502,0.4248,0.4754
114,0.4756,0.4756,0.4248,0.4837,0.498,0.4837,0.4715,0.502,0.4756,0.4654,0.502,0.4248,0.4756
115,0.4756,0.4756,0.4248,0.4837,0.498,0.4837,0.4715,0.502,0.4756,0.4654,0.502,0.4248,0.4756
116,0.4756,0.4756,0.4248,0.4837,0.5,0.4837,0.4715,0.502,0.4756,0.4654,0.502,0.4248,0.4758
117,0.4756,0.4756,0.4268,0.4837,0.5,0.4837,0.4715,0.502,0.4776,0.4654,0.502,0.4268,0.4762
118,0.4756,0.4756,0.4268,0.4837,0.5,0.4837,0.4736,0.502,0.4776,0.4654,0.502,0.4268,0.4764
119,0.4756,0.4837,0.4268,0.4837,0.5,0.4858,0.4736,0.502,0.4776,0.4654,0.502,0.4268,0.4774
120,0.4756,0.4837,0.4268,0.4837,0.5,0.4858,0.4736,0.502,0.4776,0.4654,0.502,0.4268,0.4774
121,0.4756,0.4837,0.4268,0.4837,0.5,0.4858,0.4736,0.502,0.4776,0.4654,0.502,0.4268,0.4774
122,0.4817,0.4898,0.4472,0.4837,0.5,0.4858,0.4736,0.502,0.4776,0.4654,0.502,0.4472,0.4807
123,0.4817,0.4898,0.4472,0.4837,0.5,0.4858,0.4736,0.502,0.4776,0.4654,0.502,0.4472,0.4807
124,0.4817,0.4898,0.4472,0.4837,0.5,0.4858,0.4736,0.502,0.4776,0.4654,0.502,0.4472,0.4807
125,0.4817,0.4898,0.4472,0.4837,0.5,0.4858,0.4736,0.502,0.4776,0.4654,0.502,0.4472,0.4807
126,0.4817,0.4898,0.4472,0.4837,0.5,0.4858,0.4736,0.502,0.4776,0.4654,0.502,0.4472,0.4807
127,0.4817,0.4898,0.4472,0.4837,0.5,0.4858,0.4736,0.502,0.4776,0.4654,0.502,0.4472,0.4807
128,0.4817,0.4898,0.4472,0.4837,0.5,0.4858,0.4736,0.502,0.4776,0.4654,0.502,0.4472,0.4807
129,0.4817,0.4898,0.4472,0.4837,0.5,0.4858,0.4736,0.502,0.4776,0.4654,0.502,0.4472,0.4807
130,0.4817,0.4898,0.4472,0.4837,0.5,0.4858,0.4736,0.502,0.4776,0.4654,0.502,0.4472,0.4807
131,0.4817,0.4898,0.4472,0.4837,0.5,0.4858,0.4736,0.502,0.4776,0.4654,0.502,0.4472,0.4807
132,0.4817,0.4898,0.4472,0.4837,0.5,0.4858,0.4736,0.502,0.4776,0.4654,0.502,0.4472,0.4807
133,0.4817,0.4898,0.4472,0.4837,0.5,0.4858,0.4736,0.502,0.4776,0.4654,0.502,0.4472,0.4807
134,0.4817,0.4898,0.4472,0.4837,0.5,0.4858,0.4756,0.502,0.4858,0.4654,0.502,0.4472,0.4817
135,0.4817,0.4898,0.4472,0.4837,0.5,0.4858,0.4756,0.502,0.4858,0.4654,0.502,0.4472,0.4817
136,0.4817,0.4898,0.4472,0.4837,0.5,0.4858,0.4756,0.502,0.4858,0.4654,0.502,0.4472,0.4817
137,0.4837,0.4898,0.4472,0.4837,0.5,0.4858,0.4776,0.502,0.4858,0.4654,0.502,0.4472,0.4821
138,0.4837,0.4898,0.4472,0.4837,0.5,0.4858,0.4776,0.502,0.4858,0.4654,0.502,0.4472,0.4821
139,0.4837,0.4898,0.4472,0.4837,0.5,0.4858,0.4776,0.502,0.4858,0.4654,0.502,0.4472,0.4821
140,0.4837,0.4898,0.4472,0.4837,0.5,0.4858,0.4776,0.502,0.4858,0.4654,0.502,0.4472,0.4821
141,0.4837,0.4898,0.4472,0.4837,0.5,0.4858,0.4776,0.502,0.4858,0.4654,0.502,0.4472,0.4821
142,0.4837,0.4898,0.4512,0.4837,0.5,0.4858,0.4776,0.502,0.4878,0.4654,0.502,0.4512,0.4827
143,0.4837,0.4898,0.4512,0.4837,0.5,0.4858,0.4837,0.502,0.4878,0.4654,0.502,0.4512,0.4833
144,0.4837,0.4898,0.4512,0.4837,0.5,0.4858,0.4837,0.502,0.4878,0.4654,0.502,0.4512,0.4833
145,0.4837,0.4898,0.4512,0.4837,0.5,0.4858,0.4837,0.502,0.4878,0.4654,0.502,0.4512,0.4833
146,0.4858,0.4898,0.4512,0.4837,0.5,0.4858,0.4837,0.502,0.4878,0.4654,0.502,0.4512,0.4835
147,0.4858,0.4898,0.4512,0.4837,0.5,0.4858,0.4837,0.502,0.4878,0.4654,0.502,0.4512,0.4835
148,0.4858,0.4898,0.4512,0.4837,0.5,0.4878,0.4837,0.502,0.4878,0.4654,0.502,0.4512,0.4837
149,0.4858,0.4898,0.4512,0.4837,0.5,0.4878,0.4837,0.502,0.4878,0.4654,0.502,0.4512,0.4837
150,0.4858,0.4898,0.4533,0.4837,0.5,0.4939,0.4837,0.502,0.4878,0.4675,0.502,0.4533,0.4848
151,0.4858,0.4898,0.4533,0.4837,0.5,0.4939,0.4837,0.502,0.4878,0.4675,0.502,0.4533,0.4848
152,0.4858,0.4898,0.4553,0.4837,0.5,0.4939,0.4837,0.502,0.4878,0.4675,0.502,0.4553,0.4849
153,0.4858,0.4898,0.4553,0.4837,0.5,0.4939,0.4837,0.502,0.4878,0.4675,0.502,0.4553,0.4849
154,0.4858,0.4898,0.4553,0.4837,0.5,0.4939,0.4837,0.502,0.4878,0.4675,0.502,0.4553,0.4849
155,0.4858,0.4898,0.4553,0.4837,0.5,0.4939,0.4837,0.502,0.4878,0.4675,0.502,0.4553,0.4849
156,0.4858,0.4898,0.4553,0.4837,0.5,0.4939,0.4837,0.502,0.4878,0.4675,0.502,0.4553,0.4849
157,0.4858,0.4898,0.4553,0.4837,0.5,0.4939,0.4837,0.5041,0.4878,0.4675,0.5041,0.4553,0.4852
158,0.4858,0.4898,0.4553,0.4837,0.5,0.4939,0.4858,0.5041,0.4878,0.4675,0.5041,0.4553,0.4854
159,0.4919,0.4898,0.4553,0.4837,0.5,0.4939,0.4858,0.5041,0.4878,0.4675,0.5041,0.4553,0.486
160,0.4919,0.4898,0.4553,0.4837,0.5,0.4939,0.4858,0.5041,0.4878,0.4675,0.5041,0.4553,0.486
161,0.4919,0.4898,0.4573,0.4837,0.5,0.4939,0.4858,0.5041,0.4878,0.4675,0.5041,0.4573,0.4862
162,0.4919,0.4898,0.4573,0.4837,0.5,0.4939,0.4858,0.5041,0.4878,0.4675,0.5041,0.4573,0.4862
163,0.4919,0.4898,0.4573,0.4837,0.5,0.4939,0.4858,0.5041,0.4878,0.4675,0.5041,0.4573,0.4862
164,0.4919,0.4898,0.4573,0.4837,0.5,0.4939,0.4858,0.5041,0.4878,0.4675,0.5041,0.4573,0.4862
165,0.4919,0.4898,0.4573,0.4837,0.5,0.4939,0.4858,0.5041,0.4878,0.4695,0.5041,0.4573,0.4864
166,0.4919,0.4898,0.4573,0.4837,0.5,0.4939,0.4858,0.5041,0.4878,0.4695,0.5041,0.4573,0.4864
167,0.4919,0.4898,0.4573,0.4878,0.5,0.4939,0.4858,0.5041,0.4878,0.4695,0.5041,0.4573,0.4868
168,0.5061,0.4898,0.4573,0.4878,0.5,0.4939,0.4858,0.5041,0.4878,0.4695,0.5061,0.4573,0.4882
169,0.5102,0.4898,0.4573,0.4878,0.5,0.4939,0.4858,0.5041,0.4878,0.4695,0.5102,0.4573,0.4886
170,0.5102,0.4898,0.4573,0.4898,0.5,0.4939,0.4858,0.5041,0.4878,0.4695,0.5102,0.4573,0.4888
171,0.5102,0.4898,0.4573,0.4898,0.5,0.4939,0.4858,0.5041,0.4878,0.4695,0.5102,0.4573,0.4888
172,0.5102,0.4898,0.4573,0.4898,0.5,0.4939,0.4858,0.5041,0.4878,0.4695,0.5102,0.4573,0.4888
173,0.5102,0.4898,0.4573,0.4898,0.5,0.4939,0.4858,0.5041,0.4878,0.4695,0.5102,0.4573,0.4888
174,0.5102,0.4898,0.4573,0.4898,0.5,0.4939,0.4858,0.5041,0.4878,0.4695,0.5102,0.4573,0.4888
175,0.5102,0.4898,0.4573,0.4898,0.5,0.4939,0.4858,0.5041,0.4878,0.4695,0.5102,0.4573,0.4888
176,0.5102,0.4898,0.4573,0.4898,0.5,0.4939,0.4858,0.5041,0.4878,0.4695,0.5102,0.4573,0.4888
177,0.5102,0.4898,0.4573,0.4898,0.5,0.4939,0.4858,0.5041,0.4878,0.4695,0.5102,0.4573,0.4888
178,0.5102,0.4898,0.4573,0.4898,0.5,0.4939,0.4858,0.5041,0.4878,0.4695,0.5102,0.4573,0.4888
179,0.5102,0.4898,0.4573,0.4898,0.5,0.4939,0.4858,0.5041,0.4878,0.4695,0.5102,0.4573,0.4888
180,0.5102,0.4898,0.4573,0.4898,0.5,0.4939,0.4858,0.5041,0.4878,0.4695,0.5102,0.4573,0.4888
181,0.5102,0.4898,0.4573,0.4898,0.5,0.4939,0.4919,0.5041,0.4878,0.4695,0.5102,0.4573,0.4894
182,0.5102,0.4898,0.4573,0.4898,0.5,0.4939,0.4919,0.5041,0.4878,0.4695,0.5102,0.4573,0.4894
183,0.5102,0.4898,0.4573,0.4898,0.5,0.4959,0.4919,0.5041,0.4878,0.4695,0.5102,0.4573,0.4896
184,0.5102,0.4898,0.4573,0.4898,0.5,0.4959,0.4919,0.5041,0.4878,0.4695,0.5102,0.4573,0.4896
185,0.5102,0.4898,0.4573,0.4959,0.5,0.4959,0.4919,0.5041,0.4878,0.4695,0.5102,0.4573,0.4902
186,0.5102,0.4898,0.4573,0.4959,0.5,0.4959,0.4919,0.5041,0.4878,0.4695,0.5102,0.4573,0.4902
187,0.5102,0.4898,0.4573,0.4959,0.5,0.4959,0.4939,0.5041,0.4878,0.4695,0.5102,0.4573,0.4904
188,0.5102,0.4898,0.4573,0.4959,0.5,0.4959,0.4939,0.5041,0.4878,0.4695,0.5102,0.4573,0.4904
189,0.5102,0.4898,0.4573,0.4959,0.5,0.4959,0.4939,0.5041,0.4878,0.4695,0.5102,0.4573,0.4904
190,0.5102,0.4898,0.4573,0.4959,0.5,0.4959,0.4939,0.5041,0.4878,0.4695,0.5102,0.4573,0.4904
191,0.5102,0.4898,0.4573,0.4959,0.5,0.4959,0.4939,0.5041,0.4878,0.4695,0.5102,0.4573,0.4904
192,0.5102,0.4898,0.4573,0.4959,0.5,0.4959,0.4939,0.5041,0.4878,0.4695,0.5102,0.4573,0.4904
193,0.5102,0.4898,0.4573,0.4959,0.5,0.4959,0.4939,0.5041,0.4878,0.4695,0.5102,0.4573,0.4904
194,0.5102,0.4898,0.4573,0.4959,0.5,0.4959,0.4939,0.5041,0.4878,0.4695,0.5102,0.4573,0.4904
195,0.5102,0.4898,0.4573,0.4959,0.5,0.4959,0.4939,0.5041,0.4939,0.4695,0.5102,0.4573,0.491
196,0.5102,0.4898,0.4573,0.4959,0.5,0.4959,0.4939,0.5041,0.4939,0.4695,0.5102,0.4573,0.491
197,0.5102,0.4898,0.4573,0.4959,0.5,0.4959,0.4939,0.5041,0.4939,0.4695,0.5102,0.4573,0.491
198,0.5102,0.4898,0.4573,0.4959,0.5,0.4959,0.4939,0.5041,0.4939,0.4695,0.5102,0.4573,0.491
199,0.5102,0.4898,0.4573,0.4959,0.5,0.4959,0.4939,0.5041,0.4959,0.4695,0.5102,0.4573,0.4912
200,0.5102,0.4898,0.4593,0.4959,0.5,0.4959,0.4939,0.5041,0.4959,0.4695,0.5102,0.4593,0.4915
201,0.5102,0.4898,0.4593,0.4959,0.5,0.4959,0.4939,0.5041,0.4959,0.4695,0.5102,0.4593,0.4915
202,0.5102,0.4898,0.4654,0.4959,0.5,0.4959,0.4939,0.5041,0.4959,0.4695,0.5102,0.4654,0.4921
203,0.5102,0.4898,0.4654,0.4959,0.5,0.4959,0.4959,0.5041,0.4959,0.4695,0.5102,0.4654,0.4923
204,0.5102,0.4898,0.4654,0.4959,0.5,0.4959,0.4959,0.5041,0.4959,0.4695,0.5102,0.4654,0.4923
205,0.5102,0.4898,0.4654,0.4959,0.5,0.4959,0.4959,0.5041,0.4959,0.4695,0.5102,0.4654,0.4923
206,0.5102,0.4898,0.4654,0.4959,0.5,0.4959,0.4959,0.5041,0.4959,0.4695,0.5102,0.4654,0.4923
207,0.5102,0.4898,0.4654,0.4959,0.5,0.4959,0.5102,0.5041,0.4959,0.4695,0.5102,0.4654,0.4937
208,0.5102,0.4898,0.4654,0.4959,0.5,0.4959,0.5102,0.5041,0.4959,0.4695,0.5102,0.4654,0.4937
209,0.5102,0.4898,0.4654,0.4959,0.5,0.4959,0.5102,0.5041,0.4959,0.4695,0.5102,0.4654,0.4937
210,0.5102,0.4898,0.4654,0.4959,0.5,0.4959,0.5102,0.5041,0.4959,0.4695,0.5102,0.4654,0.4937
211,0.5102,0.4898,0.4654,0.4959,0.5,0.4959,0.5102,0.5041,0.4959,0.4695,0.5102,0.4654,0.4937
212,0.5102,0.4898,0.4654,0.4959,0.5,0.4959,0.5102,0.5041,0.4959,0.4695,0.5102,0.4654,0.4937
213,0.5102,0.4898,0.4654,0.4959,0.5,0.4959,0.5102,0.5041,0.4959,0.4715,0.5102,0.4654,0.4939
214,0.5122,0.4898,0.4654,0.4959,0.5,0.4959,0.5102,0.5041,0.4959,0.4715,0.5122,0.4654,0.4941
215,0.5142,0.4898,0.4654,0.4959,0.5,0.4959,0.5102,0.5041,0.4959,0.4715,0.5142,0.4654,0.4943
216,0.5142,0.4898,0.4654,0.4959,0.5,0.4959,0.5102,0.5041,0.4959,0.4715,0.5142,0.4654,0.4943
217,0.5142,0.4898,0.4654,0.4959,0.5,0.4959,0.5102,0.5041,0.4959,0.4736,0.5142,0.4654,0.4945
218,0.5142,0.4898,0.4654,0.4959,0.5,0.4959,0.5102,0.5041,0.498,0.4736,0.5142,0.4654,0.4947
219,0.5142,0.4898,0.4654,0.4959,0.5,0.4959,0.5102,0.5041,0.498,0.4736,0.5142,0.4654,0.4947
220,0.5142,0.4898,0.4654,0.4959,0.5,0.4959,0.5102,0.5041,0.498,0.4736,0.5142,0.4654,0.4947
221,0.5142,0.4898,0.4654,0.4959,0.5,0.4959,0.5102,0.5041,0.498,0.4736,0.5142,0.4654,0.4947
222,0.5142,0.4898,0.4654,0.4959,0.5,0.4959,0.5102,0.5041,0.498,0.4736,0.5142,0.4654,0.4947
223,0.5142,0.4898,0.4654,0.4959,0.5,0.4959,0.5102,0.5041,0.498,0.4736,0.5142,0.4654,0.4947
224,0.5142,0.4898,0.4654,0.4959,0.5,0.4959,0.5102,0.5041,0.498,0.4736,0.5142,0.4654,0.4947
225,0.5142,0.4898,0.4654,0.4959,0.5,0.4959,0.5102,0.5041,0.498,0.4736,0.5142,0.4654,0.4947
226,0.5142,0.4898,0.4654,0.4959,0.5,0.4959,0.5102,0.5041,0.498,0.4736,0.5142,0.4654,0.4947
227,0.5142,0.4898,0.4654,0.4959,0.5,0.4959,0.5102,0.5041,0.498,0.4736,0.5142,0.4654,0.4947
228,0.5142,0.4898,0.4675,0.4959,0.5,0.4959,0.5102,0.5041,0.498,0.4736,0.5142,0.4675,0.4949
229,0.5142,0.4898,0.4675,0.4959,0.5,0.4959,0.5102,0.5041,0.498,0.4736,0.5142,0.4675,0.4949
230,0.5142,0.4898,0.4675,0.4959,0.5,0.4959,0.5102,0.5041,0.498,0.4736,0.5142,0.4675,0.4949
231,0.5142,0.4898,0.4675,0.4959,0.5,0.4959,0.5102,0.5041,0.498,0.4736,0.5142,0.4675,0.4949
232,0.5142,0.4898,0.4675,0.4959,0.5,0.4959,0.5122,0.5041,0.498,0.4736,0.5142,0.4675,0.4951
233,0.5142,0.4898,0.4675,0.4959,0.5,0.4959,0.5122,0.5041,0.498,0.4736,0.5142,0.4675,0.4951
234,0.5142,0.4898,0.4675,0.4959,0.5,0.4959,0.5122,0.5041,0.498,0.4736,0.5142,0.4675,0.4951
235,0.5142,0.4898,0.4675,0.4959,0.5,0.4959,0.5122,0.5041,0.498,0.4736,0.5142,0.4675,0.4951
236,0.5142,0.4898,0.4675,0.4959,0.5,0.4959,0.5122,0.5041,0.498,0.4736,0.5142,0.4675,0.4951
237,0.5142,0.4898,0.4675,0.4959,0.5,0.4959,0.5122,0.5041,0.498,0.4736,0.5142,0.4675,0.4951
238,0.5142,0.4898,0.4675,0.4959,0.5,0.4959,0.5122,0.5041,0.498,0.4736,0.5142,0.4675,0.4951
239,0.5142,0.4898,0.4675,0.4959,0.5,0.4959,0.5122,0.5041,0.498,0.4736,0.5142,0.4675,0.4951
240,0.5142,0.4898,0.4675,0.4959,0.5,0.4959,0.5122,0.5041,0.498,0.4858,0.5142,0.4675,0.4963
241,0.5142,0.4898,0.4675,0.4959,0.5,0.4959,0.5122,0.5041,0.498,0.4858,0.5142,0.4675,0.4963
242,0.5142,0.4959,0.4675,0.4959,0.5,0.4959,0.5122,0.5041,0.498,0.4858,0.5142,0.4675,0.497
243,0.5142,0.4959,0.4959,0.4959,0.5,0.4959,0.5122,0.5041,0.498,0.4858,0.5142,0.4858,0.4998
244,0.5142,0.5427,0.4959,0.4959,0.5,0.4959,0.5122,0.5041,0.498,0.4858,0.5427,0.4858,0.5045
245,0.5183,0.5427,0.4959,0.4959,0.5,0.4959,0.5122,0.5041,0.498,0.4858,0.5427,0.4858,0.5049
246,0.5183,0.5427,0.4959,0.4959,0.5,0.4959,0.5122,0.5041,0.498,0.4858,0.5427,0.4858,0.5049
247,0.5183,0.5427,0.4959,0.4959,0.5,0.4959,0.5122,0.5041,0.498,0.4858,0.5427,0.4858,0.5049
248,0.5183,0.5427,0.4959,0.4959,0.5,0.4959,0.5122,0.5041,0.498,0.4858,0.5427,0.4858,0.5049
249,0.5183,0.5427,0.4959,0.4959,0.5,0.4959,0.5122,0.5041,0.498,0.4858,0.5427,0.4858,0.5049
250,0.5183,0.5427,0.4959,0.4959,0.5,0.4959,0.5122,0.5041,0.498,0.4858,0.5427,0.4858,0.5049
251,0.5183,0.5427,0.4959,0.4959,0.5,0.4959,0.5122,0.5041,0.498,0.4858,0.5427,0.4858,0.5049
252,0.5183,0.5427,0.4959,0.4959,0.502,0.4959,0.5122,0.5041,0.498,0.4858,0.5427,0.4858,0.5051
253,0.5183,0.5427,0.4959,0.4959,0.502,0.4959,0.5122,0.5041,0.498,0.4858,0.5427,0.4858,0.5051
254,0.5183,0.5427,0.4959,0.4959,0.502,0.4959,0.5122,0.5041,0.498,0.4858,0.5427,0.4858,0.5051
255,0.5183,0.5427,0.4959,0.4959,0.502,0.4959,0.5122,0.5041,0.498,0.4858,0.5427,0.4858,0.5051
256,0.5183,0.5427,0.4959,0.4959,0.502,0.4959,0.5122,0.5041,0.498,0.4858,0.5427,0.4858,0.5051
257,0.5183,0.5427,0.4959,0.4959,0.502,0.4959,0.5122,0.5041,0.498,0.4858,0.5427,0.4858,0.5051
258,0.5183,0.5427,0.4959,0.4959,0.502,0.4959,0.5122,0.5041,0.498,0.4878,0.5427,0.4878,0.5053
259,0.5183,0.5467,0.4959,0.4959,0.5041,0.4959,0.5122,0.5041,0.5081,0.4878,0.5467,0.4878,0.5069
260,0.5183,0.5467,0.4959,0.4959,0.5041,0.4959,0.5122,0.5041,0.5081,0.4878,0.5467,0.4878,0.5069
261,0.5183,0.5467,0.4959,0.4959,0.5041,0.4959,0.5122,0.5041,0.5081,0.4878,0.5467,0.4878,0.5069
262,0.5183,0.5467,0.4959,0.4959,0.5041,0.4959,0.5122,0.5041,0.5081,0.4878,0.5467,0.4878,0.5069
263,0.5183,0.5467,0.4959,0.4959,0.5041,0.4959,0.5122,0.5041,0.5081,0.4878,0.5467,0.4878,0.5069
264,0.5183,0.5508,0.4959,0.4959,0.5041,0.4959,0.5122,0.5041,0.5081,0.4878,0.5508,0.4878,0.5073
265,0.5183,0.5508,0.4959,0.4959,0.5041,0.4959,0.5122,0.5041,0.5081,0.4878,0.5508,0.4878,0.5073
266,0.5183,0.5508,0.4959,0.4959,0.5041,0.4959,0.5122,0.5041,0.5081,0.4878,0.5508,0.4878,0.5073
267,0.5183,0.5508,0.498,0.4959,0.5041,0.4959,0.5122,0.5041,0.5081,0.4878,0.5508,0.4878,0.5075
268,0.5183,0.5508,0.498,0.4959,0.5041,0.4959,0.5122,0.5041,0.5081,0.4878,0.5508,0.4878,0.5075
269,0.5183,0.5508,0.498,0.4959,0.5041,0.4959,0.5122,0.5041,0.5081,0.4878,0.5508,0.4878,0.5075
270,0.5183,0.5508,0.498,0.4959,0.5041,0.4959,0.5122,0.5041,0.5081,0.4878,0.5508,0.4878,0.5075
271,0.5183,0.5508,0.498,0.4959,0.5041,0.4959,0.5122,0.5041,0.5081,0.4878,0.5508,0.4878,0.5075
272,0.5183,0.5508,0.498,0.4959,0.5041,0.4959,0.5122,0.5041,0.5081,0.4878,0.5508,0.4878,0.5075
273,0.5183,0.5508,0.498,0.4959,0.5041,0.4959,0.5122,0.5041,0.5081,0.4878,0.5508,0.4878,0.5075
274,0.5183,0.5508,0.498,0.4959,0.5041,0.4959,0.5122,0.5041,0.5081,0.4878,0.5508,0.4878,0.5075
275,0.5183,0.5508,0.498,0.4959,0.5041,0.4959,0.5122,0.5041,0.5081,0.4878,0.5508,0.4878,0.5075
276,0.5183,0.5528,0.498,0.4959,0.5041,0.4959,0.5122,0.5041,0.5081,0.4878,0.5528,0.4878,0.5077
277,0.5183,0.5528,0.498,0.4959,0.5041,0.4959,0.5122,0.5041,0.5081,0.4878,0.5528,0.4878,0.5077
278,0.5183,0.5528,0.498,0.4959,0.5041,0.4959,0.5122,0.5041,0.5081,0.4878,0.5528,0.4878,0.5077
279,0.5183,0.5528,0.498,0.4959,0.5041,0.4959,0.5122,0.5041,0.5081,0.4878,0.5528,0.4878,0.5077
280,0.5183,0.5528,0.498,0.4959,0.5041,0.4959,0.5122,0.5041,0.5081,0.4878,0.5528,0.4878,0.5077
281,0.5183,0.5528,0.498,0.4959,0.5041,0.4959,0.5122,0.5041,0.5081,0.4878,0.5528,0.4878,0.5077
282,0.5183,0.5549,0.498,0.4959,0.5041,0.4959,0.5122,0.5041,0.5224,0.4878,0.5549,0.4878,0.5094
283,0.5183,0.5549,0.498,0.4959,0.5041,0.4959,0.5122,0.5041,0.5224,0.4878,0.5549,0.4878,0.5094
284,0.5183,0.5549,0.498,0.4959,0.5041,0.4959,0.5122,0.5041,0.5224,0.4878,0.5549,0.4878,0.5094
285,0.5183,0.5549,0.498,0.4959,0.5041,0.4959,0.5122,0.5041,0.5224,0.4878,0.5549,0.4878,0.5094
286,0.5183,0.5549,0.498,0.4959,0.5041,0.4959,0.5122,0.5041,0.5224,0.4878,0.5549,0.4878,0.5094
287,0.5183,0.5549,0.498,0.4959,0.5041,0.4959,0.5122,0.5041,0.5224,0.4878,0.5549,0.4878,0.5094
288,0.5183,0.5549,0.498,0.4959,0.5041,0.4959,0.5122,0.5041,0.5224,0.4878,0.5549,0.4878,0.5094
289,0.5183,0.5549,0.498,0.4959,0.5041,0.4959,0.5122,0.5041,0.5224,0.4878,0.5549,0.4878,0.5094
290,0.5183,0.5549,0.498,0.4959,0.5041,0.4959,0.5122,0.5041,0.5224,0.4878,0.5549,0.4878,0.5094
291,0.5183,0.5549,0.498,0.4959,0.5041,0.4959,0.5122,0.5041,0.5224,0.4878,0.5549,0.4878,0.5094
292,0.5183,0.5549,0.498,0.4959,0.5041,0.5346,0.5122,0.5041,0.5224,0.4878,0.5549,0.4878,0.5132
293,0.5183,0.5549,0.498,0.4959,0.5041,0.5346,0.5122,0.5041,0.5224,0.4878,0.5549,0.4878,0.5132
294,0.5183,0.5549,0.498,0.4959,0.5041,0.5346,0.5122,0.5041,0.5224,0.4878,0.5549,0.4878,0.5132
295,0.5183,0.5549,0.498,0.4959,0.5041,0.5346,0.5122,0.5041,0.5224,0.4878,0.5549,0.4878,0.5132
296,0.5183,0.5549,0.498,0.4959,0.5041,0.5589,0.5122,0.5041,0.5224,0.4878,0.5589,0.4878,0.5157
297,0.5183,0.5549,0.498,0.4959,0.5041,0.5589,0.5122,0.5041,0.5224,0.4878,0.5589,0.4878,0.5157
298,0.5183,0.5549,0.498,0.4959,0.5041,0.5589,0.5122,0.5041,0.5224,0.4878,0.5589,0.4878,0.5157
299,0.5183,0.5549,0.498,0.4959,0.5041,0.5589,0.5122,0.5041,0.5224,0.4878,0.5589,0.4878,0.5157
300,0.5183,0.5589,0.498,0.4959,0.5041,0.5589,0.5122,0.5041,0.5224,0.4878,0.5589,0.4878,0.5161
301,0.5183,0.5589,0.498,0.4959,0.5041,0.5589,0.5122,0.5041,0.5224,0.4878,0.5589,0.4878,0.5161
302,0.5183,0.5589,0.498,0.4959,0.5041,0.5589,0.5122,0.5041,0.5224,0.4878,0.5589,0.4878,0.5161
303,0.5183,0.5589,0.498,0.4959,0.5041,0.5589,0.5122,0.5041,0.5224,0.4878,0.5589,0.4878,0.5161
304,0.5183,0.5589,0.498,0.4959,0.5041,0.5589,0.5122,0.5061,0.5224,0.4878,0.5589,0.4878,0.5163
305,0.5183,0.5589,0.498,0.4959,0.5041,0.5589,0.5122,0.5061,0.5224,0.4878,0.5589,0.4878,0.5163
306,0.5183,0.5589,0.498,0.4959,0.5041,0.5589,0.5122,0.5061,0.5224,0.4878,0.5589,0.4878,0.5163
307,0.5183,0.5589,0.498,0.4959,0.5041,0.5589,0.5122,0.5061,0.5224,0.4878,0.5589,0.4878,0.5163
308,0.5183,0.5589,0.498,0.4959,0.5041,0.5589,0.5122,0.5061,0.5224,0.4878,0.5589,0.4878,0.5163
309,0.5183,0.5589,0.498,0.4959,0.5041,0.5589,0.5122,0.5061,0.5224,0.4878,0.5589,0.4878,0.5163
310,0.5183,0.5589,0.498,0.4959,0.5041,0.5589,0.5122,0.5061,0.5224,0.4878,0.5589,0.4878,0.5163
311,0.5183,0.5589,0.498,0.4959,0.5041,0.5589,0.5122,0.5061,0.5224,0.4878,0.5589,0.4878,0.5163
312,0.5183,0.5589,0.498,0.4959,0.5041,0.5589,0.5122,0.5061,0.5224,0.4878,0.5589,0.4878,0.5163
313,0.5183,0.5589,0.498,0.4959,0.5041,0.5589,0.5122,0.5061,0.5224,0.4878,0.5589,0.4878,0.5163
314,0.5183,0.5589,0.498,0.4959,0.5041,0.5589,0.5122,0.5061,0.5224,0.4878,0.5589,0.4878,0.5163
315,0.5183,0.5589,0.498,0.4959,0.5041,0.5589,0.5122,0.5061,0.5224,0.4878,0.5589,0.4878,0.5163
316,0.5183,0.5589,0.498,0.4959,0.5041,0.5589,0.5122,0.5061,0.5224,0.4878,0.5589,0.4878,0.5163
317,0.5183,0.5589,0.498,0.4959,0.5041,0.5589,0.5122,0.5061,0.5224,0.4878,0.5589,0.4878,0.5163
318,0.5183,0.5589,0.498,0.4959,0.5041,0.5813,0.5122,0.5081,0.5224,0.4878,0.5813,0.4878,0.5187
319,0.5183,0.5589,0.498,0.4959,0.5041,0.5813,0.5122,0.5081,0.5224,0.4878,0.5813,0.4878,0.5187
320,0.5183,0.5589,0.498,0.4959,0.5041,0.5813,0.5122,0.5081,0.5224,0.4878,0.5813,0.4878,0.5187
321,0.5183,0.5589,0.498,0.4959,0.5041,0.5813,0.5122,0.5081,0.5224,0.4878,0.5813,0.4878,0.5187
322,0.5183,0.5589,0.498,0.4959,0.5041,0.5813,0.5122,0.5081,0.5224,0.4878,0.5813,0.4878,0.5187
323,0.5183,0.5589,0.498,0.4959,0.5041,0.5813,0.5122,0.5081,0.5224,0.4878,0.5813,0.4878,0.5187
324,0.5183,0.5589,0.498,0.4959,0.5041,0.5813,0.5122,0.5081,0.5224,0.4878,0.5813,0.4878,0.5187
325,0.5183,0.5589,0.498,0.4959,0.5041,0.5813,0.5122,0.5081,0.5691,0.4878,0.5813,0.4878,0.5234
326,0.5183,0.5589,0.498,0.4959,0.5041,0.5813,0.5122,0.5081,0.5691,0.4878,0.5813,0.4878,0.5234
327,0.5183,0.5589,0.498,0.4959,0.5041,0.5813,0.5122,0.5081,0.5691,0.4878,0.5813,0.4878,0.5234
328,0.5183,0.5589,0.498,0.4959,0.5041,0.5813,0.5122,0.5081,0.5691,0.4878,0.5813,0.4878,0.5234
329,0.5183,0.5589,0.498,0.4959,0.5041,0.5813,0.5122,0.5081,0.5691,0.4878,0.5813,0.4878,0.5234
330,0.5183,0.5589,0.498,0.4959,0.5041,0.5813,0.5122,0.5081,0.5691,0.4878,0.5813,0.4878,0.5234
331,0.5183,0.5589,0.498,0.498,0.5041,0.5813,0.5163,0.5081,0.5691,0.4878,0.5813,0.4878,0.524
332,0.5183,0.5589,0.498,0.498,0.5041,0.5813,0.5163,0.5081,0.5691,0.4878,0.5813,0.4878,0.524
333,0.5183,0.5589,0.498,0.498,0.5041,0.5813,0.5163,0.5081,0.5691,0.4878,0.5813,0.4878,0.524
334,0.5183,0.5589,0.498,0.498,0.5041,0.5813,0.5163,0.5081,0.5691,0.4878,0.5813,0.4878,0.524
335,0.5183,0.563,0.498,0.498,0.5041,0.5813,0.5163,0.5081,0.5691,0.4878,0.5813,0.4878,0.5244
336,0.5183,0.563,0.498,0.498,0.5041,0.5813,0.5163,0.5081,0.5691,0.4878,0.5813,0.4878,0.5244
337,0.5183,0.563,0.498,0.498,0.5041,0.5833,0.5163,0.5081,0.5691,0.4878,0.5833,0.4878,0.5246
338,0.5183,0.563,0.498,0.498,0.5041,0.5833,0.5163,0.5081,0.5691,0.4878,0.5833,0.4878,0.5246
339,0.5183,0.563,0.498,0.498,0.5041,0.5833,0.5163,0.5081,0.5691,0.4878,0.5833,0.4878,0.5246
340,0.5183,0.563,0.498,0.498,0.5041,0.5833,0.5163,0.5081,0.5691,0.4878,0.5833,0.4878,0.5246
341,0.5183,0.563,0.498,0.498,0.5041,0.5833,0.5163,0.5081,0.5691,0.4919,0.5833,0.4919,0.525
342,0.5183,0.563,0.5488,0.498,0.5041,0.5833,0.5163,0.5081,0.5691,0.4919,0.5833,0.4919,0.5301
343,0.5183,0.5752,0.5488,0.498,0.5041,0.5833,0.5163,0.5081,0.5691,0.4919,0.5833,0.4919,0.5313
344,0.5183,0.5752,0.5488,0.498,0.5041,0.5833,0.5163,0.5081,0.5691,0.4919,0.5833,0.4919,0.5313
345,0.5203,0.5752,0.5488,0.498,0.5041,0.5833,0.5163,0.5081,0.5691,0.4919,0.5833,0.4919,0.5315
346,0.5203,0.5752,0.5488,0.498,0.5041,0.5833,0.5163,0.5081,0.5691,0.4919,0.5833,0.4919,0.5315
347,0.5203,0.5752,0.5488,0.498,0.5041,0.5833,0.5244,0.5081,0.5691,0.4919,0.5833,0.4919,0.5323
348,0.5203,0.5752,0.5488,0.498,0.5041,0.5833,0.5244,0.5081,0.5691,0.4919,0.5833,0.4919,0.5323
349,0.5203,0.5752,0.5488,0.498,0.5041,0.5833,0.5244,0.5081,0.5691,0.4919,0.5833,0.4919,0.5323
350,0.5203,0.5752,0.5488,0.498,0.5041,0.5833,0.5244,0.5081,0.5691,0.4919,0.5833,0.4919,0.5323
351,0.5203,0.5752,0.5488,0.498,0.5041,0.5833,0.5244,0.5081,0.5691,0.4919,0.5833,0.4919,0.5323
352,0.5203,0.5752,0.5488,0.498,0.5041,0.5833,0.5244,0.5081,0.5691,0.4919,0.5833,0.4919,0.5323
353,0.5549,0.5752,0.5488,0.498,0.5041,0.5833,0.5244,0.5081,0.5691,0.4919,0.5833,0.4919,0.5358
354,0.565,0.5752,0.5488,0.498,0.5041,0.5833,0.5244,0.5081,0.5691,0.4919,0.5833,0.4919,0.5368
355,0.565,0.5752,0.5488,0.498,0.5041,0.5833,0.5285,0.5081,0.5691,0.4919,0.5833,0.4919,0.5372
356,0.565,0.5752,0.5488,0.498,0.5041,0.5833,0.5285,0.5081,0.5691,0.4919,0.5833,0.4919,0.5372
357,0.565,0.5752,0.5488,0.498,0.5041,0.5833,0.5285,0.5081,0.5691,0.4919,0.5833,0.4919,0.5372
358,0.565,0.5752,0.5488,0.498,0.5041,0.5833,0.5285,0.5081,0.5691,0.4919,0.5833,0.4919,0.5372
359,0.565,0.5793,0.5488,0.498,0.5041,0.5833,0.5285,0.5081,0.5691,0.4919,0.5833,0.4919,0.5376
360,0.565,0.5793,0.5488,0.498,0.5041,0.5833,0.5285,0.5081,0.5691,0.4919,0.5833,0.4919,0.5376
361,0.565,0.5793,0.5488,0.498,0.5041,0.5833,0.5285,0.5081,0.5691,0.4919,0.5833,0.4919,0.5376
362,0.565,0.5793,0.5488,0.498,0.5041,0.5833,0.5285,0.5081,0.5691,0.4919,0.5833,0.4919,0.5376
363,0.565,0.5793,0.5488,0.498,0.5041,0.5833,0.5285,0.5081,0.5691,0.4919,0.5833,0.4919,0.5376
364,0.5732,0.5793,0.5488,0.498,0.5041,0.5833,0.5285,0.5081,0.5691,0.4919,0.5833,0.4919,0.5384
365,0.5732,0.5793,0.5488,0.498,0.5041,0.5833,0.5285,0.5081,0.5691,0.4919,0.5833,0.4919,0.5384
366,0.5732,0.5793,0.5488,0.498,0.5041,0.5833,0.5285,0.5081,0.5691,0.4919,0.5833,0.4919,0.5384
367,0.5732,0.5793,0.5488,0.498,0.5041,0.5833,0.5285,0.5081,0.5691,0.4919,0.5833,0.4919,0.5384
368,0.5732,0.5793,0.5488,0.498,0.5041,0.5833,0.5285,0.5081,0.5691,0.4919,0.5833,0.4919,0.5384
369,0.5732,0.5793,0.5488,0.498,0.5041,0.5833,0.5285,0.5081,0.5691,0.4919,0.5833,0.4919,0.5384
370,0.5732,0.5793,0.5488,0.498,0.5041,0.5833,0.5285,0.5081,0.5772,0.4919,0.5833,0.4919,0.5392
371,0.5732,0.5793,0.5488,0.498,0.5041,0.5833,0.5285,0.5081,0.5772,0.4919,0.5833,0.4919,0.5392
372,0.5732,0.5793,0.5488,0.498,0.5041,0.5833,0.5285,0.5081,0.5772,0.4919,0.5833,0.4919,0.5392
373,0.5732,0.5793,0.5488,0.498,0.5041,0.5833,0.5285,0.5081,0.5772,0.4919,0.5833,0.4919,0.5392
374,0.5732,0.5793,0.5488,0.498,0.5041,0.5833,0.5285,0.5081,0.5772,0.4919,0.5833,0.4919,0.5392
375,0.5732,0.5793,0.5488,0.498,0.5041,0.5833,0.5285,0.5081,0.5772,0.4919,0.5833,0.4919,0.5392
376,0.5732,0.5793,0.5488,0.498,0.5041,0.5833,0.5285,0.5081,0.5772,0.4919,0.5833,0.4919,0.5392
377,0.5732,0.5793,0.5488,0.498,0.5041,0.5833,0.5285,0.5081,0.5772,0.4919,0.5833,0.4919,0.5392
378,0.5732,0.5793,0.5488,0.498,0.5041,0.5833,0.5285,0.5081,0.5772,0.4919,0.5833,0.4919,0.5392
379,0.5732,0.5793,0.5488,0.498,0.5041,0.5833,0.5285,0.5081,0.5772,0.4919,0.5833,0.4919,0.5392
380,0.5732,0.5793,0.5488,0.498,0.5041,0.5833,0.5285,0.5081,0.5772,0.4919,0.5833,0.4919,0.5392
381,0.5732,0.5793,0.5488,0.498,0.5041,0.5833,0.5285,0.5081,0.5793,0.4919,0.5833,0.4919,0.5394
382,0.5732,0.5793,0.5488,0.498,0.5041,0.5833,0.5285,0.5081,0.5793,0.4919,0.5833,0.4919,0.5394
383,0.5732,0.5793,0.5488,0.498,0.5041,0.5833,0.5285,0.5081,0.5793,0.4919,0.5833,0.4919,0.5394
384,0.5732,0.5793,0.5488,0.498,0.5041,0.5833,0.5285,0.5081,0.5793,0.4919,0.5833,0.4919,0.5394
385,0.5732,0.5793,0.5488,0.498,0.5041,0.5833,0.5285,0.5081,0.5793,0.4919,0.5833,0.4919,0.5394
386,0.5732,0.5793,0.5488,0.498,0.5041,0.5833,0.5285,0.5081,0.5793,0.4919,0.5833,0.4919,0.5394
387,0.5732,0.5793,0.5488,0.498,0.5041,0.5874,0.5285,0.5081,0.5793,0.4919,0.5874,0.4919,0.5399
388,0.5732,0.5793,0.5488,0.498,0.5041,0.5874,0.5285,0.5081,0.5793,0.4919,0.5874,0.4919,0.5399
389,0.5732,0.5793,0.5488,0.498,0.5041,0.5874,0.5285,0.5081,0.5793,0.4919,0.5874,0.4919,0.5399
390,0.5732,0.5793,0.5488,0.498,0.5041,0.5874,0.5285,0.5081,0.5793,0.4919,0.5874,0.4919,0.5399
391,0.5732,0.5793,0.5488,0.498,0.5041,0.5874,0.5285,0.5081,0.5793,0.4919,0.5874,0.4919,0.5399
392,0.5732,0.5793,0.5488,0.498,0.5041,0.5874,0.5285,0.5081,0.5793,0.4919,0.5874,0.4919,0.5399
393,0.5732,0.5793,0.5488,0.498,0.5061,0.5874,0.5285,0.5081,0.5793,0.4919,0.5874,0.4919,0.5401
394,0.5732,0.5793,0.5488,0.498,0.5061,0.5874,0.5285,0.5081,0.5793,0.4919,0.5874,0.4919,0.5401
395,0.5732,0.5793,0.5488,0.498,0.5061,0.5874,0.5285,0.5081,0.5793,0.4919,0.5874,0.4919,0.5401
396,0.5732,0.5793,0.5488,0.498,0.5061,0.5874,0.5285,0.5081,0.5793,0.5061,0.5874,0.498,0.5415
397,0.5732,0.5793,0.5488,0.498,0.5061,0.5874,0.5285,0.5081,0.5793,0.5061,0.5874,0.498,0.5415
398,0.5732,0.5793,0.5488,0.498,0.5061,0.5874,0.5285,0.5081,0.5793,0.5061,0.5874,0.498,0.5415
399,0.5732,0.5793,0.5488,0.498,0.5061,0.5874,0.5285,0.5081,0.5793,0.5061,0.5874,0.498,0.5415
400,0.5732,0.5793,0.5488,0.498,0.5061,0.5874,0.5285,0.5081,0.5793,0.5061,0.5874,0.498,0.5415
401,0.5732,0.5793,0.5488,0.498,0.5061,0.5874,0.5285,0.5081,0.5793,0.5061,0.5874,0.498,0.5415
402,0.5732,0.5793,0.5488,0.498,0.5061,0.5874,0.5285,0.5081,0.5793,0.5061,0.5874,0.498,0.5415
403,0.5833,0.5793,0.5488,0.498,0.5061,0.5874,0.5285,0.5081,0.5793,0.5061,0.5874,0.498,0.5425
404,0.5833,0.5793,0.5488,0.498,0.5061,0.5874,0.5285,0.5081,0.5793,0.5061,0.5874,0.498,0.5425
405,0.5833,0.5793,0.5488,0.498,0.5203,0.5874,0.5285,0.5081,0.5793,0.5061,0.5874,0.498,0.5439
406,0.5833,0.5793,0.5488,0.498,0.5203,0.5874,0.5285,0.5142,0.5793,0.5061,0.5874,0.498,0.5445
407,0.5833,0.5793,0.5488,0.498,0.5203,0.5874,0.5285,0.5142,0.5793,0.5061,0.5874,0.498,0.5445
408,0.5833,0.5793,0.5488,0.498,0.5203,0.5874,0.5285,0.5142,0.5793,0.5061,0.5874,0.498,0.5445
409,0.5833,0.5793,0.5488,0.498,0.5203,0.5874,0.5285,0.5142,0.5793,0.5061,0.5874,0.498,0.5445
410,0.5833,0.5793,0.5488,0.498,0.5203,0.5874,0.5285,0.5142,0.5793,0.5061,0.5874,0.498,0.5445
411,0.5833,0.5793,0.5488,0.498,0.5203,0.5874,0.5285,0.5142,0.5793,0.5061,0.5874,0.498,0.5445
412,0.5833,0.5793,0.5488,0.498,0.5203,0.5874,0.5285,0.5142,0.5793,0.5061,0.5874,0.498,0.5445
413,0.5833,0.5793,0.5488,0.498,0.5203,0.5874,0.5285,0.5142,0.5793,0.5061,0.5874,0.498,0.5445
414,0.5955,0.5793,0.5549,0.498,0.5203,0.5874,0.5285,0.5142,0.5793,0.5061,0.5955,0.498,0.5464
415,0.5955,0.5793,0.5549,0.498,0.5203,0.5874,0.5285,0.5142,0.5793,0.5061,0.5955,0.498,0.5464
416,0.5955,0.5793,0.5549,0.498,0.5203,0.5874,0.5285,0.5142,0.5793,0.5061,0.5955,0.498,0.5464
417,0.5955,0.5793,0.5549,0.498,0.5203,0.5874,0.5285,0.5142,0.5793,0.5061,0.5955,0.498,0.5464
418,0.5976,0.5793,0.5549,0.498,0.5203,0.5874,0.5285,0.5142,0.5813,0.5061,0.5976,0.498,0.5468
419,0.5976,0.5793,0.5549,0.498,0.5203,0.5874,0.5285,0.5142,0.5813,0.5061,0.5976,0.498,0.5468
420,0.5976,0.5793,0.5549,0.498,0.5203,0.5874,0.5285,0.5142,0.5813,0.5061,0.5976,0.498,0.5468
421,0.5976,0.5793,0.5549,0.498,0.5203,0.5894,0.5285,0.5142,0.5813,0.5061,0.5976,0.498,0.547
422,0.5976,0.5793,0.5549,0.498,0.5203,0.5894,0.5285,0.5142,0.5813,0.5061,0.5976,0.498,0.547
423,0.5976,0.5793,0.5549,0.498,0.5203,0.5894,0.5285,0.5142,0.5813,0.5061,0.5976,0.498,0.547
424,0.6016,0.5793,0.5549,0.498,0.5711,0.5894,0.5285,0.5142,0.5813,0.5061,0.6016,0.498,0.5524
425,0.6016,0.5793,0.5549,0.498,0.5711,0.5894,0.5285,0.5142,0.5813,0.5061,0.6016,0.498,0.5524
426,0.6016,0.5793,0.5549,0.498,0.5711,0.5894,0.5285,0.5142,0.5813,0.5061,0.6016,0.498,0.5524
427,0.6016,0.5793,0.5549,0.498,0.5711,0.5894,0.5285,0.5142,0.5813,0.5061,0.6016,0.498,0.5524
428,0.6016,0.5793,0.5549,0.498,0.5711,0.5894,0.5285,0.5142,0.5813,0.5061,0.6016,0.498,0.5524
429,0.6016,0.5793,0.5549,0.498,0.5711,0.5894,0.5285,0.5142,0.5813,0.5061,0.6016,0.498,0.5524
430,0.6016,0.5793,0.5549,0.498,0.5711,0.5894,0.5285,0.5142,0.5813,0.5061,0.6016,0.498,0.5524
431,0.6016,0.5793,0.5549,0.498,0.5711,0.5894,0.5285,0.5142,0.5813,0.5061,0.6016,0.498,0.5524
432,0.6016,0.5793,0.5549,0.498,0.5711,0.5894,0.5285,0.5142,0.5813,0.5061,0.6016,0.498,0.5524
433,0.6016,0.5793,0.5549,0.498,0.5813,0.5894,0.5285,0.5142,0.5813,0.5061,0.6016,0.498,0.5535
434,0.6016,0.5793,0.5549,0.498,0.5813,0.5894,0.5285,0.5142,0.5813,0.5061,0.6016,0.498,0.5535
435,0.6016,0.5793,0.5549,0.498,0.5813,0.5894,0.5285,0.5142,0.5813,0.5061,0.6016,0.498,0.5535
436,0.6016,0.5793,0.5549,0.498,0.5813,0.5894,0.5285,0.5142,0.5813,0.5061,0.6016,0.498,0.5535
437,0.6016,0.5793,0.5549,0.498,0.5813,0.5894,0.5285,0.5142,0.5813,0.5061,0.6016,0.498,0.5535
438,0.6016,0.5793,0.5549,0.498,0.5813,0.5894,0.5285,0.5142,0.5813,0.5061,0.6016,0.498,0.5535
439,0.6016,0.5793,0.5549,0.498,0.5813,0.5894,0.5285,0.5142,0.5813,0.5061,0.6016,0.498,0.5535
440,0.6016,0.5793,0.5549,0.498,0.5813,0.5894,0.5285,0.5142,0.5813,0.5061,0.6016,0.498,0.5535
441,0.6016,0.5793,0.5549,0.498,0.5813,0.5894,0.5285,0.5142,0.5813,0.5061,0.6016,0.498,0.5535
442,0.6016,0.5793,0.5549,0.498,0.5813,0.5894,0.5285,0.5142,0.5813,0.5061,0.6016,0.498,0.5535
443,0.6016,0.5793,0.5549,0.498,0.5813,0.5894,0.5285,0.5142,0.5813,0.5061,0.6016,0.498,0.5535
444,0.6016,0.5793,0.5549,0.498,0.5813,0.5894,0.5285,0.5142,0.5813,0.5061,0.6016,0.498,0.5535
445,0.6016,0.5793,0.5549,0.498,0.5813,0.5894,0.5285,0.5142,0.5813,0.5061,0.6016,0.498,0.5535
446,0.6016,0.5793,0.5549,0.498,0.5813,0.5894,0.5285,0.5142,0.5813,0.5061,0.6016,0.498,0.5535
447,0.6016,0.5793,0.5549,0.498,0.5813,0.5894,0.5285,0.5142,0.5813,0.5061,0.6016,0.498,0.5535
448,0.6016,0.5793,0.5549,0.498,0.5813,0.5894,0.5285,0.5142,0.5813,0.5061,0.6016,0.498,0.5535
449,0.6016,0.5793,0.5549,0.498,0.5813,0.5894,0.5285,0.5142,0.5813,0.5061,0.6016,0.498,0.5535
450,0.6016,0.5793,0.5549,0.498,0.5813,0.5894,0.5285,0.5142,0.5813,0.5061,0.6016,0.498,0.5535
451,0.6016,0.5793,0.5549,0.498,0.5813,0.5894,0.5285,0.5142,0.5813,0.5061,0.6016,0.498,0.5535
452,0.6016,0.5793,0.5549,0.498,0.5813,0.5894,0.5285,0.5142,0.5813,0.5061,0.6016,0.498,0.5535
453,0.6016,0.5793,0.5549,0.498,0.5813,0.5894,0.5285,0.5142,0.5813,0.5061,0.6016,0.498,0.5535
454,0.6016,0.5793,0.5549,0.498,0.5813,0.5894,0.5285,0.5142,0.5813,0.5061,0.6016,0.498,0.5535
455,0.6016,0.5793,0.5549,0.498,0.5813,0.5894,0.5285,0.5142,0.5813,0.5061,0.6016,0.498,0.5535
456,0.6016,0.5793,0.5549,0.498,0.5813,0.5894,0.5285,0.5142,0.5813,0.5061,0.6016,0.498,0.5535
457,0.6016,0.5793,0.5549,0.498,0.5813,0.5894,0.5285,0.5142,0.5813,0.5061,0.6016,0.498,0.5535
458,0.6016,0.5793,0.5549,0.498,0.5813,0.5894,0.5285,0.5142,0.5813,0.5061,0.6016,0.498,0.5535
459,0.6016,0.5793,0.5549,0.498,0.5813,0.5894,0.5285,0.5142,0.5813,0.5061,0.6016,0.498,0.5535
460,0.6016,0.5955,0.5549,0.498,0.5813,0.5894,0.5285,0.5142,0.5813,0.5061,0.6016,0.498,0.5551
461,0.6016,0.5955,0.5549,0.498,0.5813,0.5894,0.5285,0.5142,0.5813,0.5061,0.6016,0.498,0.5551
462,0.6016,0.5955,0.5549,0.498,0.5813,0.5894,0.5285,0.5142,0.5813,0.5061,0.6016,0.498,0.5551
463,0.6016,0.5955,0.5549,0.498,0.5813,0.5894,0.5285,0.5142,0.5813,0.5061,0.6016,0.498,0.5551
464,0.6016,0.5955,0.5549,0.498,0.5813,0.5894,0.5285,0.5142,0.5813,0.5061,0.6016,0.498,0.5551
465,0.6016,0.5955,0.5549,0.498,0.5813,0.5894,0.5285,0.5142,0.5813,0.5061,0.6016,0.498,0.5551
466,0.6098,0.5955,0.5549,0.5,0.5813,0.5894,0.5285,0.5142,0.5813,0.5061,0.6098,0.5,0.5561
467,0.6098,0.5955,0.5549,0.5,0.5813,0.5894,0.5285,0.5142,0.5813,0.5061,0.6098,0.5,0.5561
468,0.6098,0.5955,0.5549,0.5,0.5813,0.5894,0.5285,0.5142,0.5813,0.5061,0.6098,0.5,0.5561
469,0.6098,0.5955,0.5549,0.5,0.5813,0.5894,0.5285,0.5142,0.5813,0.5061,0.6098,0.5,0.5561
470,0.6098,0.5955,0.5549,0.5,0.5813,0.5894,0.5285,0.5142,0.5813,0.5061,0.6098,0.5,0.5561
471,0.6098,0.5955,0.5549,0.5,0.5813,0.5894,0.5285,0.5142,0.5813,0.5061,0.6098,0.5,0.5561
472,0.6098,0.5955,0.5549,0.5,0.5813,0.5894,0.5285,0.5142,0.5813,0.5061,0.6098,0.5,0.5561
473,0.6098,0.5955,0.5549,0.5,0.5813,0.5894,0.5285,0.5142,0.5813,0.5061,0.6098,0.5,0.5561
474,0.6098,0.5955,0.5549,0.5,0.5813,0.5894,0.5285,0.5142,0.5813,0.5061,0.6098,0.5,0.5561
475,0.6098,0.5955,0.5549,0.5,0.5813,0.5894,0.5285,0.5427,0.5813,0.5061,0.6098,0.5,0.559
476,0.6098,0.5955,0.5549,0.5,0.5813,0.5894,0.5285,0.5427,0.5813,0.5061,0.6098,0.5,0.559
477,0.6098,0.5955,0.5549,0.5,0.5813,0.5894,0.5285,0.5427,0.5813,0.5061,0.6098,0.5,0.559
478,0.6098,0.5955,0.5549,0.5,0.5813,0.5894,0.5285,0.5427,0.5813,0.5061,0.6098,0.5,0.559
479,0.6098,0.5955,0.5549,0.5,0.5813,0.5894,0.5285,0.5427,0.5813,0.5061,0.6098,0.5,0.559
480,0.6098,0.5955,0.5549,0.5,0.5813,0.5894,0.5285,0.5427,0.5813,0.5061,0.6098,0.5,0.559
481,0.6098,0.5955,0.5549,0.5,0.5813,0.5894,0.5285,0.5427,0.5813,0.5061,0.6098,0.5,0.559
482,0.6098,0.5955,0.5549,0.5,0.5813,0.5894,0.5285,0.5427,0.5813,0.5061,0.6098,0.5,0.559
483,0.6098,0.5955,0.5549,0.5,0.5813,0.5894,0.5285,0.5427,0.5813,0.5061,0.6098,0.5,0.559
484,0.6098,0.5955,0.5549,0.5,0.5813,0.5894,0.5285,0.5427,0.5813,0.5061,0.6098,0.5,0.559
485,0.6098,0.5955,0.5549,0.5,0.5813,0.5894,0.5285,0.5427,0.5813,0.5061,0.6098,0.5,0.559
486,0.6098,0.5955,0.5549,0.5,0.5813,0.5894,0.5285,0.5427,0.5813,0.5061,0.6098,0.5,0.559
487,0.6098,0.5955,0.5549,0.5,0.5813,0.5894,0.5285,0.5427,0.5813,0.5061,0.6098,0.5,0.559
488,0.6098,0.5955,0.5549,0.5,0.5813,0.5894,0.5285,0.5427,0.5813,0.5061,0.6098,0.5,0.559
489,0.6098,0.5955,0.5549,0.5,0.5813,0.5894,0.5285,0.5427,0.5813,0.5061,0.6098,0.5,0.559
490,0.6098,0.5955,0.5549,0.5,0.5813,0.5894,0.5285,0.5427,0.5813,0.5061,0.6098,0.5,0.559
491,0.6098,0.5955,0.5549,0.5,0.5813,0.5894,0.5285,0.5427,0.5813,0.5061,0.6098,0.5,0.559
492,0.6098,0.5955,0.5549,0.5,0.5813,0.5894,0.5285,0.5467,0.5813,0.5061,0.6098,0.5,0.5594
493,0.6098,0.5955,0.5549,0.5061,0.5813,0.5894,0.5285,0.5467,0.5813,0.5061,0.6098,0.5061,0.56
494,0.6098,0.5955,0.5549,0.5061,0.5813,0.5894,0.5285,0.5467,0.5813,0.5061,0.6098,0.5061,0.56
495,0.6098,0.5955,0.5549,0.5061,0.5833,0.5894,0.5285,0.5467,0.5813,0.5061,0.6098,0.5061,0.5602
496,0.6098,0.5955,0.5549,0.5061,0.5833,0.5894,0.5285,0.5467,0.5813,0.5061,0.6098,0.5061,0.5602
497,0.6098,0.5955,0.5549,0.5061,0.5833,0.5894,0.5285,0.5467,0.5813,0.5061,0.6098,0.5061,0.5602
498,0.6098,0.5955,0.5549,0.5061,0.5833,0.5894,0.5285,0.5467,0.5813,0.5061,0.6098,0.5061,0.5602
499,0.6098,0.5955,0.5549,0.5061,0.5833,0.5894,0.5285,0.5467,0.5813,0.5061,0.6098,0.5061,0.5602
500,0.6098,0.5955,0.5549,0.5061,0.5833,0.5894,0.5285,0.5467,0.5813,0.5061,0.6098,0.5061,0.5602
501,0.6098,0.5955,0.5549,0.5061,0.5833,0.5894,0.5285,0.5467,0.5813,0.5061,0.6098,0.5061,0.5602
502,0.6159,0.5955,0.5549,0.5061,0.5833,0.5894,0.5285,0.5488,0.5813,0.5061,0.6159,0.5061,0.561
503,0.6159,0.5955,0.5549,0.5061,0.5833,0.5894,0.5285,0.5488,0.5813,0.5061,0.6159,0.5061,0.561
504,0.6159,0.5955,0.5549,0.5061,0.5833,0.5894,0.5285,0.5488,0.5813,0.5061,0.6159,0.5061,0.561
505,0.6159,0.5955,0.5549,0.5447,0.5833,0.5894,0.5285,0.5488,0.5813,0.5061,0.6159,0.5061,0.5648
506,0.6159,0.5955,0.5549,0.5447,0.5833,0.5894,0.5285,0.5488,0.5813,0.5061,0.6159,0.5061,0.5648
507,0.6159,0.5955,0.5549,0.5447,0.5833,0.5894,0.5589,0.5488,0.5813,0.5061,0.6159,0.5061,0.5679
508,0.6159,0.5955,0.5549,0.5447,0.5833,0.5894,0.5589,0.5488,0.5813,0.5061,0.6159,0.5061,0.5679
509,0.6159,0.5955,0.5549,0.5447,0.5833,0.5894,0.5589,0.5488,0.5813,0.5061,0.6159,0.5061,0.5679
510,0.6159,0.5955,0.5549,0.5447,0.5833,0.5894,0.5589,0.5488,0.5813,0.5061,0.6159,0.5061,0.5679
511,0.6159,0.5955,0.5549,0.5447,0.5833,0.5894,0.5589,0.5488,0.5813,0.5061,0.6159,0.5061,0.5679
512,0.6159,0.5955,0.5549,0.5447,0.5833,0.5894,0.5589,0.5488,0.5813,0.5061,0.6159,0.5061,0.5679
513,0.6159,0.5955,0.5549,0.5447,0.5833,0.5894,0.5589,0.5488,0.5813,0.5061,0.6159,0.5061,0.5679
514,0.6159,0.5955,0.5549,0.5447,0.5833,0.5894,0.5589,0.5488,0.5813,0.5061,0.6159,0.5061,0.5679
515,0.6159,0.5955,0.5549,0.5447,0.5874,0.5894,0.5589,0.5488,0.5813,0.5061,0.6159,0.5061,0.5683
516,0.6159,0.5955,0.5589,0.5447,0.5874,0.5894,0.5589,0.5488,0.5813,0.5061,0.6159,0.5061,0.5687
517,0.6159,0.5955,0.5589,0.5447,0.5874,0.5894,0.5589,0.5488,0.5813,0.5061,0.6159,0.5061,0.5687
518,0.6159,0.5955,0.5589,0.5447,0.5874,0.5894,0.5589,0.5488,0.5813,0.5061,0.6159,0.5061,0.5687
519,0.6159,0.5976,0.5589,0.5447,0.5874,0.5894,0.5589,0.5488,0.5813,0.5061,0.6159,0.5061,0.5689
520,0.6159,0.5976,0.5589,0.5447,0.5874,0.5894,0.5589,0.5488,0.5813,0.5061,0.6159,0.5061,0.5689
521,0.6159,0.624,0.5589,0.5447,0.5874,0.5894,0.5589,0.5488,0.5813,0.5061,0.624,0.5061,0.5715
522,0.6159,0.624,0.5589,0.5447,0.5874,0.5894,0.5589,0.5488,0.5813,0.5061,0.624,0.5061,0.5715
523,0.6159,0.624,0.5589,0.5447,0.5874,0.5894,0.5589,0.5488,0.5813,0.5061,0.624,0.5061,0.5715
524,0.6159,0.624,0.5589,0.5447,0.5874,0.5894,0.5752,0.5488,0.5813,0.5061,0.624,0.5061,0.5732
525,0.6159,0.624,0.5589,0.5447,0.5874,0.5894,0.5752,0.5488,0.5813,0.5061,0.624,0.5061,0.5732
526,0.6159,0.624,0.5589,0.5447,0.5874,0.5894,0.5752,0.5488,0.5813,0.5061,0.624,0.5061,0.5732
527,0.6159,0.624,0.5589,0.5447,0.5874,0.5894,0.5752,0.5488,0.5813,0.5061,0.624,0.5061,0.5732
528,0.6159,0.626,0.5589,0.5447,0.5874,0.5894,0.5752,0.5488,0.5813,0.5061,0.626,0.5061,0.5734
529,0.6159,0.626,0.5589,0.5447,0.5874,0.5894,0.5752,0.5488,0.5813,0.5061,0.626,0.5061,0.5734
530,0.6159,0.626,0.5589,0.5447,0.5874,0.5894,0.5752,0.5488,0.5813,0.5061,0.626,0.5061,0.5734
531,0.6159,0.626,0.5589,0.5447,0.5874,0.5894,0.5752,0.5488,0.5813,0.5061,0.626,0.5061,0.5734
532,0.6159,0.626,0.5589,0.5447,0.5874,0.5894,0.5752,0.5488,0.5813,0.5061,0.626,0.5061,0.5734
533,0.6159,0.626,0.5589,0.5447,0.5874,0.5894,0.5752,0.5488,0.5813,0.5061,0.626,0.5061,0.5734
534,0.6159,0.626,0.5589,0.5447,0.5874,0.5894,0.5752,0.5488,0.5813,0.5061,0.626,0.5061,0.5734
535,0.6159,0.626,0.5589,0.5447,0.5874,0.5894,0.5752,0.5488,0.5813,0.5061,0.626,0.5061,0.5734
536,0.6159,0.626,0.5589,0.5447,0.5874,0.5894,0.5752,0.5732,0.5813,0.5061,0.626,0.5061,0.5758
537,0.6159,0.626,0.5589,0.5447,0.5874,0.5894,0.5752,0.5732,0.5813,0.5061,0.626,0.5061,0.5758
538,0.6159,0.626,0.5589,0.5447,0.5874,0.5894,0.5752,0.5732,0.5813,0.5061,0.626,0.5061,0.5758
539,0.6159,0.626,0.5589,0.5447,0.5874,0.5894,0.5752,0.5732,0.5813,0.5061,0.626,0.5061,0.5758
540,0.6159,0.6402,0.5589,0.5447,0.5874,0.5894,0.5752,0.5732,0.5813,0.5061,0.6402,0.5061,0.5772
541,0.6159,0.6402,0.5589,0.5447,0.5874,0.5894,0.5752,0.5732,0.5813,0.5061,0.6402,0.5061,0.5772
542,0.6179,0.6402,0.5589,0.5447,0.5874,0.5894,0.5752,0.5732,0.5813,0.5061,0.6402,0.5061,0.5774
543,0.6179,0.6402,0.5589,0.5447,0.5874,0.5894,0.5752,0.5732,0.5813,0.5061,0.6402,0.5061,0.5774
544,0.6179,0.6443,0.565,0.5447,0.5874,0.5894,0.5752,0.5732,0.5813,0.5061,0.6443,0.5061,0.5784
545,0.6179,0.6443,0.565,0.5447,0.5874,0.5894,0.5752,0.5732,0.5813,0.5061,0.6443,0.5061,0.5784
546,0.6179,0.6443,0.565,0.5447,0.5874,0.5894,0.5752,0.5732,0.5813,0.5061,0.6443,0.5061,0.5784
547,0.6179,0.6443,0.565,0.5447,0.5874,0.5894,0.5752,0.5732,0.5813,0.5061,0.6443,0.5061,0.5784
548,0.6179,0.6443,0.565,0.5447,0.5874,0.5894,0.5752,0.5732,0.5813,0.5061,0.6443,0.5061,0.5784
549,0.6179,0.6443,0.565,0.5447,0.5874,0.5894,0.5752,0.5732,0.5874,0.5061,0.6443,0.5061,0.5791
550,0.6179,0.6443,0.565,0.5447,0.5874,0.5894,0.5752,0.5732,0.5874,0.5061,0.6443,0.5061,0.5791
551,0.6179,0.6484,0.565,0.5447,0.5874,0.5894,0.5752,0.5732,0.5874,0.5061,0.6484,0.5061,0.5795
552,0.6179,0.6504,0.565,0.5447,0.5874,0.5894,0.5752,0.5752,0.5874,0.5061,0.6504,0.5061,0.5799
553,0.6179,0.6504,0.565,0.5447,0.5874,0.5894,0.5752,0.5752,0.5874,0.5061,0.6504,0.5061,0.5799
554,0.6179,0.6504,0.565,0.5447,0.5874,0.5894,0.5752,0.5752,0.5874,0.5061,0.6504,0.5061,0.5799
555,0.6179,0.6504,0.565,0.5447,0.5874,0.5894,0.5752,0.5752,0.5874,0.5061,0.6504,0.5061,0.5799
556,0.6179,0.6504,0.565,0.5447,0.5874,0.5894,0.5752,0.5752,0.5874,0.5061,0.6504,0.5061,0.5799
557,0.6179,0.6504,0.565,0.5447,0.5874,0.5894,0.5752,0.5752,0.5874,0.5061,0.6504,0.5061,0.5799
558,0.6179,0.6504,0.565,0.5447,0.5874,0.5894,0.5752,0.5752,0.5874,0.5061,0.6504,0.5061,0.5799
559,0.6179,0.6504,0.565,0.5447,0.5874,0.5894,0.5752,0.5752,0.5874,0.5061,0.6504,0.5061,0.5799
560,0.6179,0.6504,0.565,0.5447,0.5874,0.5894,0.5752,0.5752,0.5874,0.5061,0.6504,0.5061,0.5799
561,0.6179,0.6504,0.565,0.5447,0.5874,0.5894,0.5752,0.5752,0.5874,0.5061,0.6504,0.5061,0.5799
562,0.6179,0.6504,0.565,0.5447,0.5874,0.5894,0.5752,0.5752,0.5874,0.5061,0.6504,0.5061,0.5799
563,0.6321,0.6504,0.565,0.5447,0.5874,0.5894,0.5752,0.5752,0.5874,0.5061,0.6504,0.5061,0.5813
564,0.6321,0.6504,0.565,0.5447,0.5874,0.5894,0.5752,0.5752,0.5874,0.5061,0.6504,0.5061,0.5813
565,0.6321,0.6504,0.565,0.5447,0.5874,0.5894,0.5752,0.5752,0.5874,0.5061,0.6504,0.5061,0.5813
566,0.6321,0.6504,0.565,0.5447,0.5874,0.5894,0.5752,0.5752,0.5874,0.5061,0.6504,0.5061,0.5813
567,0.6321,0.6504,0.565,0.5447,0.5874,0.5894,0.5752,0.5752,0.5874,0.5061,0.6504,0.5061,0.5813
568,0.6321,0.6504,0.565,0.5447,0.5874,0.5894,0.5752,0.5752,0.5874,0.5061,0.6504,0.5061,0.5813
569,0.6321,0.6504,0.565,0.5447,0.5874,0.5894,0.5752,0.5752,0.5874,0.5061,0.6504,0.5061,0.5813
570,0.6321,0.6504,0.565,0.5447,0.5874,0.5894,0.5752,0.5752,0.5874,0.5061,0.6504,0.5061,0.5813
571,0.6321,0.6504,0.565,0.5447,0.5874,0.5935,0.5752,0.5752,0.5874,0.5061,0.6504,0.5061,0.5817
572,0.6321,0.6524,0.5691,0.5447,0.5874,0.5935,0.5752,0.5752,0.5874,0.5061,0.6524,0.5061,0.5823
573,0.6321,0.6524,0.5691,0.5447,0.5874,0.5935,0.5752,0.5752,0.5874,0.5061,0.6524,0.5061,0.5823
574,0.6321,0.6524,0.5691,0.5447,0.5874,0.5935,0.5752,0.5752,0.5874,0.5061,0.6524,0.5061,0.5823
575,0.6321,0.6524,0.5691,0.5447,0.5874,0.5935,0.5752,0.5752,0.5874,0.5061,0.6524,0.5061,0.5823
576,0.6321,0.6524,0.5691,0.5447,0.5874,0.5935,0.5752,0.5752,0.5874,0.5061,0.6524,0.5061,0.5823
577,0.6402,0.6524,0.5691,0.5447,0.5874,0.5935,0.5752,0.5752,0.5874,0.5061,0.6524,0.5061,0.5831
578,0.6402,0.6524,0.5691,0.5447,0.5874,0.5935,0.5752,0.5752,0.5874,0.5061,0.6524,0.5061,0.5831
579,0.6402,0.6524,0.5691,0.5447,0.5874,0.5935,0.5752,0.5752,0.5874,0.5061,0.6524,0.5061,0.5831
580,0.6402,0.6524,0.5691,0.5447,0.5874,0.5935,0.5752,0.5752,0.5874,0.5061,0.6524,0.5061,0.5831
581,0.6402,0.6545,0.5691,0.5447,0.5874,0.5935,0.5752,0.5752,0.5874,0.5061,0.6545,0.5061,0.5833
582,0.6402,0.6545,0.5691,0.5447,0.5874,0.5935,0.5752,0.5752,0.5874,0.5061,0.6545,0.5061,0.5833
583,0.6402,0.6545,0.5691,0.5447,0.5874,0.5955,0.5752,0.5752,0.5874,0.5061,0.6545,0.5061,0.5835
584,0.6402,0.6545,0.5691,0.5447,0.5874,0.5955,0.5752,0.5752,0.5874,0.5061,0.6545,0.5061,0.5835
585,0.6402,0.6545,0.5691,0.5447,0.5874,0.5955,0.5752,0.5752,0.5874,0.5061,0.6545,0.5061,0.5835
586,0.6402,0.6545,0.5691,0.5447,0.5874,0.5955,0.5752,0.5752,0.5874,0.5061,0.6545,0.5061,0.5835
587,0.6402,0.6545,0.5691,0.5447,0.5874,0.5955,0.5752,0.5752,0.5874,0.5061,0.6545,0.5061,0.5835
588,0.6402,0.6545,0.5691,0.5447,0.5874,0.5955,0.5752,0.5752,0.5874,0.5061,0.6545,0.5061,0.5835
589,0.6402,0.6545,0.5691,0.5447,0.5874,0.5955,0.5752,0.5752,0.5874,0.5061,0.6545,0.5061,0.5835
590,0.6402,0.6545,0.5691,0.5447,0.5874,0.5955,0.5752,0.5752,0.5874,0.5061,0.6545,0.5061,0.5835
591,0.6402,0.6545,0.5691,0.5447,0.5874,0.5955,0.5752,0.5752,0.5874,0.5061,0.6545,0.5061,0.5835
592,0.6402,0.6545,0.5691,0.5447,0.5874,0.5955,0.5752,0.5752,0.5874,0.5061,0.6545,0.5061,0.5835
593,0.6402,0.6545,0.5691,0.5447,0.5874,0.5955,0.5752,0.5752,0.5874,0.5061,0.6545,0.5061,0.5835
594,0.6402,0.6545,0.5691,0.5447,0.5874,0.5955,0.5752,0.5752,0.5874,0.5061,0.6545,0.5061,0.5835
595,0.6402,0.6545,0.5691,0.5447,0.5874,0.5955,0.5793,0.5752,0.5874,0.5061,0.6545,0.5061,0.5839
596,0.6402,0.6545,0.5691,0.5447,0.5874,0.5955,0.5793,0.5752,0.5874,0.5061,0.6545,0.5061,0.5839
597,0.6402,0.6545,0.5691,0.5447,0.5874,0.5955,0.5813,0.5752,0.5874,0.5061,0.6545,0.5061,0.5841
598,0.6402,0.6565,0.5691,0.5447,0.5874,0.5955,0.5813,0.5752,0.5874,0.5061,0.6565,0.5061,0.5843
599,0.6402,0.6565,0.5691,0.5447,0.5874,0.5955,0.5813,0.5752,0.5874,0.5061,0.6565,0.5061,0.5843
600,0.6402,0.6565,0.5691,0.5447,0.5874,0.5955,0.5813,0.5752,0.5874,0.5061,0.6565,0.5061,0.5843
601,0.6402,0.6565,0.5691,0.5447,0.5874,0.5955,0.5813,0.5752,0.5874,0.5061,0.6565,0.5061,0.5843
602,0.6402,0.6565,0.5691,0.5447,0.5874,0.5955,0.5813,0.5752,0.5874,0.5061,0.6565,0.5061,0.5843
603,0.6402,0.6565,0.5691,0.5447,0.5874,0.5955,0.5894,0.5752,0.5874,0.5061,0.6565,0.5061,0.5851
604,0.6402,0.6565,0.5691,0.5447,0.5874,0.5955,0.5894,0.5752,0.5874,0.5061,0.6565,0.5061,0.5851
605,0.6402,0.6565,0.5691,0.5833,0.5874,0.5955,0.5894,0.5752,0.5874,0.5061,0.6565,0.5061,0.589
606,0.6402,0.6565,0.5691,0.5833,0.5874,0.5955,0.5894,0.5793,0.5874,0.5061,0.6565,0.5061,0.5894
607,0.6402,0.6565,0.5691,0.5854,0.5874,0.5955,0.5894,0.5793,0.5874,0.5061,0.6565,0.5061,0.5896
608,0.6402,0.6565,0.5691,0.5854,0.5874,0.5955,0.5894,0.5793,0.5874,0.5061,0.6565,0.5061,0.5896
1206,0.6524,0.6707,0.6057,0.5854,0.5874,0.5955,0.5894,0.5793,0.5874,0.5061,0.6707,0.5061,0.5959
1207,0.6524,0.6707,0.6057,0.6585,0.6545,0.626,0.5894,0.6423,0.6585,0.563,0.6707,0.563,0.6321
1208,0.6524,0.6707,0.6057,0.6585,0.6545,0.626,0.6504,0.6423,0.6585,0.563,0.6707,0.563,0.6382
1806,0.6606,0.6748,0.6301,0.6585,0.6545,0.626,0.6504,0.6423,0.6585,0.563,0.6748,0.563,0.6419
1807,0.6606,0.6748,0.6301,0.6687,0.6728,0.6301,0.6504,0.6626,0.6809,0.6118,0.6809,0.6118,0.6543
1808,0.6606,0.6748,0.6301,0.6687,0.6728,0.6301,0.6626,0.6626,0.6809,0.6118,0.6809,0.6118,0.6555
2406,0.6667,0.6748,0.6626,0.6687,0.6728,0.6301,0.6626,0.6626,0.6809,0.6118,0.6809,0.6118,0.6594
2407,0.6667,0.6748,0.6626,0.6707,0.6768,0.6707,0.6626,0.6687,0.6809,0.6199,0.6809,0.6199,0.6654
2408,0.6667,0.6748,0.6626,0.6707,0.6768,0.6707,0.6789,0.6687,0.6809,0.6199,0.6809,0.6199,0.6671
3006,0.6667,0.6748,0.6707,0.6707,0.6768,0.6707,0.6789,0.6687,0.6809,0.6199,0.6809,0.6199,0.6679
3007,0.6667,0.6748,0.6707,0.6728,0.6768,0.6707,0.6789,0.6687,0.6829,0.6423,0.6829,0.6423,0.6705
3008,0.6667,0.6748,0.6707,0.6728,0.6768,0.6707,0.6809,0.6687,0.6829,0.6423,0.6829,0.6423,0.6707
3606,0.6707,0.6789,0.6707,0.6728,0.6768,0.6707,0.6809,0.6687,0.6829,0.6423,0.6829,0.6423,0.6715
3607,0.6707,0.6789,0.6707,0.6748,0.6789,0.6728,0.6809,0.6707,0.687,0.6524,0.687,0.6524,0.6738
3608,0.6707,0.6789,0.6707,0.6748,0.6789,0.6728,0.6809,0.6707,0.687,0.6524,0.687,0.6524,0.6738
4206,0.6707,0.6789,0.6707,0.6748,0.6789,0.6728,0.6809,0.6707,0.687,0.6524,0.687,0.6524,0.6738
4207,0.6707,0.6789,0.6707,0.6748,0.6789,0.6768,0.6809,0.6728,0.687,0.6606,0.687,0.6606,0.6752
4208,0.6707,0.6789,0.6707,0.6748,0.6789,0.6768,0.6829,0.6728,0.687,0.6606,0.687,0.6606,0.6754
4806,0.6707,0.6789,0.6707,0.6748,0.6789,0.6768,0.6829,0.6728,0.687,0.6606,0.687,0.6606,0.6754
4807,0.6707,0.6789,0.6707,0.6748,0.6789,0.6768,0.6829,0.6728,0.687,0.6626,0.687,0.6626,0.6756
4808,0.6707,0.6789,0.6707,0.6748,0.6789,0.6768,0.6829,0.6728,0.687,0.6626,0.687,0.6626,0.6756
5406,0.6707,0.6789,0.6728,0.6748,0.6789,0.6768,0.6829,0.6728,0.687,0.6626,0.687,0.6626,0.6758
5407,0.6707,0.6789,0.6728,0.6789,0.6789,0.6809,0.6829,0.6728,0.687,0.6626,0.687,0.6626,0.6766
5408,0.6707,0.6789,0.6728,0.6789,0.6789,0.6809,0.6829,0.6728,0.687,0.6626,0.687,0.6626,0.6766
6006,0.6707,0.6809,0.6728,0.6789,0.6789,0.6809,0.6829,0.6728,0.687,0.6626,0.687,0.6626,0.6768
6007,0.6707,0.6809,0.6728,0.6789,0.6789,0.6809,0.6829,0.6728,0.687,0.6626,0.687,0.6626,0.6768
6008,0.6707,0.6809,0.6728,0.6789,0.6789,0.6809,0.6829,0.6728,0.687,0.6626,0.687,0.6626,0.6768
6606,0.6707,0.6809,0.6748,0.6789,0.6789,0.6809,0.6829,0.6728,0.687,0.6626,0.687,0.6626,0.677
6607,0.6707,0.6809,0.6748,0.6809,0.6789,0.6809,0.6829,0.6748,0.687,0.6646,0.687,0.6646,0.6776
6608,0.6707,0.6809,0.6748,0.6809,0.6789,0.6809,0.6829,0.6748,0.687,0.6646,0.687,0.6646,0.6776
7206,0.6707,0.6809,0.6748,0.6809,0.6789,0.6809,0.6829,0.6748,0.687,0.6646,0.687,0.6646,0.6776
7207,0.6707,0.6809,0.6748,0.6809,0.6789,0.6809,0.6829,0.6748,0.687,0.6646,0.687,0.6646,0.6776
7208,0.6707,0.6809,0.6748,0.6809,0.6789,0.6809,0.6829,0.6748,0.687,0.6646,0.687,0.6646,0.6776
7806,0.6707,0.6809,0.6748,0.6809,0.6789,0.6809,0.6829,0.6748,0.687,0.6646,0.687,0.6646,0.6776
7807,0.6707,0.6809,0.6748,0.6809,0.6789,0.6809,0.6829,0.6748,0.687,0.6646,0.687,0.6646,0.6776
7808,0.6707,0.6809,0.6748,0.6809,0.6789,0.6809,0.6829,0.6748,0.687,0.6646,0.687,0.6646,0.6776
8406,0.6707,0.6809,0.6748,0.6809,0.6789,0.6809,0.6829,0.6748,0.687,0.6646,0.687,0.6646,0.6776
8407,0.6707,0.6809,0.6748,0.6829,0.6789,0.6809,0.6829,0.6748,0.687,0.6667,0.687,0.6667,0.6781
8408,0.6707,0.6809,0.6748,0.6829,0.6789,0.6809,0.6829,0.6748,0.687,0.6667,0.687,0.6667,0.6781
9006,0.6707,0.6809,0.6748,0.6829,0.6789,0.6809,0.6829,0.6748,0.687,0.6667,0.687,0.6667,0.6781
9007,0.6707,0.6809,0.6748,0.6829,0.6809,0.6809,0.6829,0.6748,0.687,0.6667,0.687,0.6667,0.6783
9008,0.6707,0.6809,0.6748,0.6829,0.6809,0.6809,0.6829,0.6748,0.687,0.6667,0.687,0.6667,0.6783
9606,0.6728,0.6809,0.6748,0.6829,0.6809,0.6809,0.6829,0.6748,0.687,0.6667,0.687,0.6667,0.6785
9607,0.6728,0.6809,0.6748,0.6829,0.6809,0.6809,0.6829,0.6748,0.687,0.6707,0.687,0.6707,0.6789
9608,0.6728,0.6809,0.6748,0.6829,0.6809,0.6809,0.6829,0.6748,0.687,0.6707,0.687,0.6707,0.6789
10206,0.6789,0.6809,0.6748,0.6829,0.6809,0.6809,0.6829,0.6748,0.687,0.6707,0.687,0.6707,0.6795
10207,0.6789,0.6809,0.6748,0.6829,0.6809,0.6809,0.6829,0.6748,0.687,0.6707,0.687,0.6707,0.6795
10208,0.6789,0.6809,0.6748,0.6829,0.6809,0.6809,0.6829,0.6748,0.687,0.6707,0.687,0.6707,0.6795
10806,0.6789,0.6809,0.6748,0.6829,0.6809,0.6809,0.6829,0.6748,0.687,0.6707,0.687,0.6707,0.6795
10807,0.6789,0.6809,0.6748,0.6829,0.6809,0.6829,0.6829,0.6748,0.687,0.6707,0.687,0.6707,0.6797
10808,0.6789,0.6809,0.6748,0.6829,0.6809,0.6829,0.6829,0.6748,0.687,0.6707,0.687,0.6707,0.6797
11406,0.6789,0.6809,0.6748,0.6829,0.6809,0.6829,0.6829,0.6748,0.687,0.6707,0.687,0.6707,0.6797
11407,0.6789,0.6809,0.6768,0.6829,0.6809,0.6829,0.6829,0.6789,0.687,0.6728,0.687,0.6728,0.6805
11408,0.6789,0.6809,0.6768,0.6829,0.6809,0.6829,0.6829,0.6789,0.687,0.6728,0.687,0.6728,0.6805
12006,0.6789,0.6809,0.6768,0.6829,0.6809,0.6829,0.6829,0.6789,0.687,0.6728,0.687,0.6728,0.6805
12007,0.6789,0.6809,0.6768,0.6829,0.6809,0.6829,0.6829,0.6809,0.687,0.6728,0.687,0.6728,0.6807
12008,0.6789,0.6809,0.6768,0.6829,0.6809,0.6829,0.6829,0.6809,0.687,0.6728,0.687,0.6728,0.6807
12606,0.6789,0.6809,0.6768,0.6829,0.6809,0.6829,0.6829,0.6809,0.687,0.6728,0.687,0.6728,0.6807
12607,0.6789,0.6809,0.6768,0.6829,0.6809,0.6829,0.6829,0.6809,0.687,0.6728,0.687,0.6728,0.6807
12608,0.6789,0.6809,0.6768,0.6829,0.6809,0.6829,0.685,0.6809,0.687,0.6728,0.687,0.6728,0.6809
13206,0.6789,0.6809,0.6768,0.6829,0.6809,0.6829,0.685,0.6809,0.687,0.6728,0.687,0.6728,0.6809
13207,0.6789,0.6809,0.6768,0.6829,0.6809,0.6829,0.685,0.6829,0.687,0.6728,0.687,0.6728,0.6811
13208,0.6789,0.6809,0.6768,0.6829,0.6809,0.6829,0.685,0.6829,0.687,0.6728,0.687,0.6728,0.6811
13806,0.6789,0.6809,0.6768,0.6829,0.6809,0.6829,0.685,0.6829,0.687,0.6728,0.687,0.6728,0.6811
13807,0.6789,0.6809,0.6768,0.6829,0.6809,0.6829,0.685,0.6829,0.687,0.6728,0.687,0.6728,0.6811
13808,0.6789,0.6809,0.6768,0.6829,0.6809,0.6829,0.685,0.6829,0.687,0.6728,0.687,0.6728,0.6811
14406,0.6789,0.6809,0.6768,0.6829,0.6809,0.6829,0.685,0.6829,0.687,0.6728,0.687,0.6728,0.6811
14407,0.6789,0.6809,0.6768,0.6829,0.6809,0.6829,0.685,0.6829,0.687,0.6728,0.687,0.6728,0.6811
14408,0.6789,0.6809,0.6768,0.6829,0.6809,0.6829,0.685,0.6829,0.687,0.6728,0.687,0.6728,0.6811
15006,0.6789,0.6809,0.6768,0.6829,0.6809,0.6829,0.685,0.6829,0.687,0.6728,0.687,0.6728,0.6811
15007,0.6789,0.6809,0.6768,0.6829,0.6809,0.6829,0.685,0.6829,0.687,0.6748,0.687,0.6748,0.6813
15008,0.6789,0.6809,0.6768,0.6829,0.6809,0.6829,0.685,0.6829,0.687,0.6748,0.687,0.6748,0.6813
15606,0.6789,0.6809,0.6768,0.6829,0.6809,0.6829,0.685,0.6829,0.687,0.6748,0.687,0.6748,0.6813
15607,0.6789,0.6809,0.6768,0.6829,0.6809,0.6829,0.685,0.6829,0.687,0.6748,0.687,0.6748,0.6813
15608,0.6789,0.6809,0.6768,0.6829,0.6809,0.6829,0.685,0.6829,0.687,0.6748,0.687,0.6748,0.6813
16206,0.6789,0.6809,0.6768,0.6829,0.6809,0.6829,0.685,0.6829,0.687,0.6748,0.687,0.6748,0.6813
16207,0.6789,0.6809,0.6768,0.6829,0.6809,0.6829,0.685,0.6829,0.687,0.6748,0.687,0.6748,0.6813
16208,0.6789,0.6809,0.6768,0.6829,0.6809,0.6829,0.685,0.6829,0.687,0.6748,0.687,0.6748,0.6813
16806,0.6809,0.6809,0.6768,0.6829,0.6809,0.6829,0.685,0.6829,0.687,0.6748,0.687,0.6748,0.6815
16807,0.6809,0.6809,0.6768,0.6829,0.6809,0.6829,0.685,0.6829,0.687,0.6748,0.687,0.6748,0.6815
16808,0.6809,0.6809,0.6768,0.6829,0.6809,0.6829,0.685,0.6829,0.687,0.6748,0.687,0.6748,0.6815
17406,0.6809,0.6829,0.6768,0.6829,0.6809,0.6829,0.685,0.6829,0.687,0.6748,0.687,0.6748,0.6817
17407,0.6809,0.6829,0.6768,0.6829,0.6809,0.6829,0.685,0.6829,0.687,0.6748,0.687,0.6748,0.6817
17408,0.6809,0.6829,0.6768,0.6829,0.6809,0.6829,0.685,0.6829,0.687,0.6748,0.687,0.6748,0.6817
18006,0.6809,0.6829,0.6768,0.6829,0.6809,0.6829,0.685,0.6829,0.687,0.6748,0.687,0.6748,0.6817
18007,0.6809,0.6829,0.6768,0.6829,0.6809,0.6829,0.685,0.6829,0.687,0.6748,0.687,0.6748,0.6817
18008,0.6809,0.6829,0.6768,0.6829,0.6809,0.6829,0.685,0.6829,0.687,0.6748,0.687,0.6748,0.6817
18606,0.6809,0.6829,0.6768,0.6829,0.6809,0.6829,0.685,0.6829,0.687,0.6748,0.687,0.6748,0.6817
18607,0.6809,0.6829,0.6768,0.6829,0.6809,0.6829,0.685,0.6829,0.687,0.6768,0.687,0.6768,0.6819
18608,0.6809,0.6829,0.6768,0.6829,0.6809,0.6829,0.685,0.6829,0.687,0.6768,0.687,0.6768,0.6819
19206,0.6809,0.6829,0.6768,0.6829,0.6809,0.6829,0.685,0.6829,0.687,0.6768,0.687,0.6768,0.6819
19207,0.6809,0.6829,0.6768,0.6829,0.6809,0.6829,0.685,0.6829,0.687,0.6768,0.687,0.6768,0.6819
19208,0.6809,0.6829,0.6768,0.6829,0.6809,0.6829,0.685,0.6829,0.687,0.6768,0.687,0.6768,0.6819
19806,0.6809,0.6829,0.6768,0.6829,0.6809,0.6829,0.685,0.6829,0.687,0.6768,0.687,0.6768,0.6819
19807,0.6809,0.6829,0.6768,0.6829,0.6809,0.6829,0.685,0.6829,0.687,0.6768,0.687,0.6768,0.6819
19808,0.6809,0.6829,0.6768,0.6829,0.6809,0.6829,0.685,0.6829,0.687,0.6768,0.687,0.6768,0.6819
20406,0.6809,0.6829,0.6768,0.6829,0.6809,0.6829,0.685,0.6829,0.687,0.6768,0.687,0.6768,0.6819
20407,0.6809,0.6829,0.6768,0.6829,0.6809,0.685,0.685,0.6829,0.687,0.6768,0.687,0.6768,0.6821
20408,0.6809,0.6829,0.6768,0.6829,0.6809,0.685,0.685,0.6829,0.687,0.6768,0.687,0.6768,0.6821
21006,0.6809,0.6829,0.6768,0.6829,0.6809,0.685,0.685,0.6829,0.687,0.6768,0.687,0.6768,0.6821
21007,0.6809,0.6829,0.6768,0.6829,0.6809,0.685,0.685,0.6829,0.687,0.6768,0.687,0.6768,0.6821
21008,0.6809,0.6829,0.6768,0.6829,0.6809,0.685,0.685,0.6829,0.687,0.6768,0.687,0.6768,0.6821
21606,0.6829,0.6829,0.6768,0.6829,0.6809,0.685,0.685,0.6829,0.687,0.6768,0.687,0.6768,0.6823
21607,0.6829,0.6829,0.6768,0.6829,0.6809,0.685,0.685,0.6829,0.687,0.6768,0.687,0.6768,0.6823
21608,0.6829,0.6829,0.6768,0.6829,0.6809,0.685,0.685,0.6829,0.687,0.6768,0.687,0.6768,0.6823
22206,0.6829,0.6829,0.6768,0.6829,0.6809,0.685,0.685,0.6829,0.687,0.6768,0.687,0.6768,0.6823
22207,0.6829,0.6829,0.6768,0.6829,0.6809,0.685,0.685,0.6829,0.687,0.6768,0.687,0.6768,0.6823
22208,0.6829,0.6829,0.6768,0.6829,0.6809,0.685,0.685,0.6829,0.687,0.6768,0.687,0.6768,0.6823
22806,0.6829,0.6829,0.6768,0.6829,0.6809,0.685,0.685,0.6829,0.687,0.6768,0.687,0.6768,0.6823
22807,0.6829,0.6829,0.6768,0.6829,0.6829,0.685,0.685,0.6829,0.687,0.6768,0.687,0.6768,0.6825
22808,0.6829,0.6829,0.6768,0.6829,0.6829,0.685,0.685,0.6829,0.687,0.6768,0.687,0.6768,0.6825
23406,0.6829,0.6829,0.6768,0.6829,0.6829,0.685,0.685,0.6829,0.687,0.6768,0.687,0.6768,0.6825
23407,0.6829,0.6829,0.6768,0.6829,0.6829,0.685,0.685,0.6829,0.687,0.6768,0.687,0.6768,0.6825
23408,0.6829,0.6829,0.6768,0.6829,0.6829,0.685,0.685,0.6829,0.687,0.6768,0.687,0.6768,0.6825
24006,0.6829,0.6829,0.6768,0.6829,0.6829,0.685,0.685,0.6829,0.687,0.6768,0.687,0.6768,0.6825
24007,0.6829,0.6829,0.6768,0.6829,0.6829,0.685,0.685,0.6829,0.687,0.6768,0.687,0.6768,0.6825
24008,0.6829,0.6829,0.6768,0.6829,0.6829,0.685,0.685,0.6829,0.687,0.6768,0.687,0.6768,0.6825
24606,0.6829,0.6829,0.6768,0.6829,0.6829,0.685,0.685,0.6829,0.687,0.6768,0.687,0.6768,0.6825
24607,0.6829,0.6829,0.6768,0.6829,0.6829,0.685,0.685,0.6829,0.687,0.6768,0.687,0.6768,0.6825
24608,0.6829,0.6829,0.6768,0.6829,0.6829,0.685,0.685,0.6829,0.687,0.6768,0.687,0.6768,0.6825
25206,0.6829,0.6829,0.6768,0.6829,0.6829,0.685,0.685,0.6829,0.687,0.6768,0.687,0.6768,0.6825
25207,0.6829,0.6829,0.6789,0.6829,0.6829,0.685,0.685,0.6829,0.687,0.6768,0.687,0.6768,0.6827
25208,0.6829,0.6829,0.6789,0.6829,0.6829,0.685,0.685,0.6829,0.687,0.6768,0.687,0.6768,0.6827
25806,0.6829,0.6829,0.6789,0.6829,0.6829,0.685,0.685,0.6829,0.687,0.6768,0.687,0.6768,0.6827
25807,0.6829,0.6829,0.6809,0.6829,0.6829,0.685,0.685,0.6829,0.687,0.6768,0.687,0.6768,0.6829
25808,0.6829,0.6829,0.6809,0.6829,0.6829,0.685,0.685,0.6829,0.687,0.6768,0.687,0.6768,0.6829
26406,0.6829,0.6829,0.6809,0.6829,0.6829,0.685,0.685,0.6829,0.687,0.6768,0.687,0.6768,0.6829
26407,0.6829,0.6829,0.6809,0.6829,0.6829,0.685,0.685,0.6829,0.687,0.6768,0.687,0.6768,0.6829
26408,0.6829,0.6829,0.6809,0.6829,0.6829,0.685,0.685,0.6829,0.687,0.6768,0.687,0.6768,0.6829
27006,0.6829,0.6829,0.6809,0.6829,0.6829,0.685,0.685,0.6829,0.687,0.6768,0.687,0.6768,0.6829
27007,0.6829,0.6829,0.6809,0.6829,0.6829,0.685,0.685,0.6829,0.687,0.6768,0.687,0.6768,0.6829
27008,0.6829,0.6829,0.6809,0.6829,0.6829,0.685,0.685,0.6829,0.687,0.6768,0.687,0.6768,0.6829
27606,0.6829,0.6829,0.6809,0.6829,0.6829,0.685,0.685,0.6829,0.687,0.6768,0.687,0.6768,0.6829
27607,0.6829,0.6829,0.6809,0.6829,0.6829,0.685,0.685,0.6829,0.687,0.6768,0.687,0.6768,0.6829
27608,0.6829,0.6829,0.6809,0.6829,0.6829,0.685,0.685,0.6829,0.687,0.6768,0.687,0.6768,0.6829
28206,0.6829,0.6829,0.6809,0.6829,0.6829,0.685,0.685,0.6829,0.687,0.6768,0.687,0.6768,0.6829
28207,0.6829,0.6829,0.6809,0.685,0.6829,0.685,0.685,0.6829,0.687,0.6768,0.687,0.6768,0.6831
28208,0.6829,0.6829,0.6809,0.685,0.6829,0.685,0.685,0.6829,0.687,0.6768,0.687,0.6768,0.6831
28806,0.6829,0.6829,0.6809,0.685,0.6829,0.685,0.685,0.6829,0.687,0.6768,0.687,0.6768,0.6831
28807,0.6829,0.6829,0.6829,0.685,0.6829,0.685,0.685,0.6829,0.687,0.6768,0.687,0.6768,0.6833
28808,0.6829,0.6829,0.6829,0.685,0.6829,0.685,0.685,0.6829,0.687,0.6768,0.687,0.6768,0.6833
29406,0.6829,0.6829,0.6829,0.685,0.6829,0.685,0.685,0.6829,0.687,0.6768,0.687,0.6768,0.6833
29407,0.6829,0.6829,0.6829,0.685,0.6829,0.685,0.685,0.6829,0.687,0.6768,0.687,0.6768,0.6833
29408,0.6829,0.6829,0.6829,0.685,0.6829,0.685,0.685,0.6829,0.687,0.6768,0.687,0.6768,0.6833
30006,0.6829,0.6829,0.6829,0.685,0.6829,0.685,0.685,0.6829,0.687,0.6768,0.687,0.6768,0.6833
30007,0.6829,0.6829,0.6829,0.685,0.6829,0.685,0.685,0.6829,0.687,0.6768,0.687,0.6768,0.6833
30008,0.6829,0.6829,0.6829,0.685,0.6829,0.685,0.685,0.6829,0.687,0.6768,0.687,0.6768,0.6833
30606,0.6829,0.6829,0.6829,0.685,0.6829,0.685,0.685,0.6829,0.687,0.6768,0.687,0.6768,0.6833
30607,0.6829,0.6829,0.6829,0.685,0.6829,0.685,0.685,0.685,0.687,0.6768,0.687,0.6768,0.6835
30608,0.6829,0.6829,0.6829,0.685,0.6829,0.685,0.685,0.685,0.687,0.6768,0.687,0.6768,0.6835
31206,0.6829,0.6829,0.6829,0.685,0.6829,0.685,0.685,0.685,0.687,0.6768,0.687,0.6768,0.6835
31207,0.685,0.6829,0.6829,0.685,0.6829,0.685,0.685,0.685,0.687,0.6768,0.687,0.6768,0.6838
31208,0.685,0.6829,0.6829,0.685,0.6829,0.685,0.685,0.685,0.687,0.6768,0.687,0.6768,0.6838
31806,0.685,0.6829,0.6829,0.685,0.6829,0.685,0.685,0.685,0.687,0.6768,0.687,0.6768,0.6838
31807,0.685,0.6829,0.6829,0.685,0.6829,0.685,0.685,0.685,0.687,0.6789,0.687,0.6789,0.684
31808,0.685,0.6829,0.6829,0.685,0.6829,0.685,0.685,0.685,0.687,0.6789,0.687,0.6789,0.684
32406,0.685,0.6829,0.6829,0.685,0.6829,0.685,0.685,0.685,0.687,0.6789,0.687,0.6789,0.684
32407,0.685,0.6829,0.6829,0.685,0.6829,0.685,0.685,0.685,0.687,0.6789,0.687,0.6789,0.684
32408,0.685,0.6829,0.6829,0.685,0.6829,0.685,0.685,0.685,0.687,0.6789,0.687,0.6789,0.684
33006,0.685,0.6829,0.6829,0.685,0.6829,0.685,0.685,0.685,0.687,0.6789,0.687,0.6789,0.684
33007,0.685,0.6829,0.6829,0.685,0.6829,0.685,0.685,0.685,0.687,0.6789,0.687,0.6789,0.684
33008,0.685,0.6829,0.6829,0.685,0.6829,0.685,0.685,0.685,0.687,0.6789,0.687,0.6789,0.684
33606,0.685,0.6829,0.6829,0.685,0.6829,0.685,0.685,0.685,0.687,0.6789,0.687,0.6789,0.684
33607,0.685,0.6829,0.6829,0.685,0.6829,0.685,0.685,0.685,0.687,0.6789,0.687,0.6789,0.684
33608,0.685,0.6829,0.6829,0.685,0.6829,0.685,0.685,0.685,0.687,0.6789,0.687,0.6789,0.684
34206,0.685,0.6829,0.6829,0.685,0.6829,0.685,0.685,0.685,0.687,0.6789,0.687,0.6789,0.684
34207,0.685,0.6829,0.6829,0.685,0.6829,0.685,0.685,0.685,0.687,0.6789,0.687,0.6789,0.684
34208,0.685,0.6829,0.6829,0.685,0.6829,0.685,0.685,0.685,0.687,0.6789,0.687,0.6789,0.684
34806,0.685,0.6829,0.6829,0.685,0.6829,0.685,0.685,0.685,0.687,0.6789,0.687,0.6789,0.684
34807,0.685,0.6829,0.6829,0.685,0.6829,0.685,0.685,0.685,0.687,0.6789,0.687,0.6789,0.684
34808,0.685,0.6829,0.6829,0.685,0.6829,0.685,0.685,0.685,0.687,0.6789,0.687,0.6789,0.684
35406,0.685,0.6829,0.6829,0.685,0.6829,0.685,0.685,0.685,0.687,0.6789,0.687,0.6789,0.684
35407,0.685,0.6829,0.6829,0.685,0.6829,0.685,0.685,0.685,0.687,0.6789,0.687,0.6789,0.684
35408,0.685,0.6829,0.6829,0.685,0.6829,0.685,0.685,0.685,0.687,0.6789,0.687,0.6789,0.684
36006,0.685,0.6829,0.6829,0.685,0.6829,0.685,0.685,0.685,0.687,0.6789,0.687,0.6789,0.684
36007,0.685,0.6829,0.6829,0.685,0.6829,0.685,0.685,0.685,0.687,0.6789,0.687,0.6789,0.684
36008,0.685,0.6829,0.6829,0.685,0.6829,0.685,0.685,0.685,0.687,0.6789,0.687,0.6789,0.684
36606,0.685,0.6829,0.6829,0.685,0.6829,0.685,0.685,0.685,0.687,0.6789,0.687,0.6789,0.684
36607,0.685,0.6829,0.6829,0.685,0.6829,0.685,0.685,0.685,0.687,0.6789,0.687,0.6789,0.684
36608,0.685,0.6829,0.6829,0.685,0.6829,0.685,0.685,0.685,0.687,0.6789,0.687,0.6789,0.684
37206,0.685,0.6829,0.6829,0.685,0.6829,0.685,0.685,0.685,0.687,0.6789,0.687,0.6789,0.684
37207,0.685,0.6829,0.6829,0.685,0.6829,0.685,0.685,0.685,0.687,0.6789,0.687,0.6789,0.684
37208,0.685,0.6829,0.6829,0.685,0.6829,0.685,0.685,0.685,0.687,0.6789,0.687,0.6789,0.684
37806,0.685,0.6829,0.6829,0.685,0.6829,0.685,0.685,0.685,0.687,0.6789,0.687,0.6789,0.684
37807,0.685,0.6829,0.6829,0.685,0.6829,0.685,0.685,0.685,0.687,0.6789,0.687,0.6789,0.684
37808,0.685,0.6829,0.6829,0.685,0.6829,0.685,0.685,0.685,0.687,0.6789,0.687,0.6789,0.684
38406,0.685,0.6829,0.6829,0.685,0.6829,0.685,0.685,0.685,0.687,0.6789,0.687,0.6789,0.684
38407,0.685,0.6829,0.6829,0.685,0.6829,0.685,0.685,0.685,0.6972,0.6789,0.6972,0.6789,0.685
38408,0.685,0.6829,0.6829,0.685,0.6829,0.685,0.685,0.685,0.6972,0.6789,0.6972,0.6789,0.685
39006,0.685,0.687,0.6829,0.685,0.6829,0.685,0.685,0.685,0.6972,0.6789,0.6972,0.6789,0.6854
39007,0.685,0.687,0.6829,0.685,0.6829,0.685,0.685,0.685,0.6972,0.6789,0.6972,0.6789,0.6854
39008,0.685,0.687,0.6829,0.685,0.6829,0.685,0.685,0.685,0.6972,0.6789,0.6972,0.6789,0.6854
39606,0.685,0.687,0.6829,0.685,0.6829,0.685,0.685,0.685,0.6972,0.6789,0.6972,0.6789,0.6854
39607,0.685,0.687,0.6829,0.685,0.6829,0.685,0.685,0.685,0.6972,0.6789,0.6972,0.6789,0.6854
39608,0.685,0.687,0.6829,0.685,0.6829,0.685,0.685,0.685,0.6972,0.6789,0.6972,0.6789,0.6854
40206,0.685,0.687,0.6829,0.685,0.6829,0.685,0.685,0.685,0.6972,0.6789,0.6972,0.6789,0.6854
40207,0.685,0.687,0.6829,0.685,0.6829,0.685,0.685,0.685,0.6972,0.6789,0.6972,0.6789,0.6854
40208,0.685,0.687,0.6829,0.685,0.6829,0.685,0.685,0.685,0.6972,0.6789,0.6972,0.6789,0.6854
40806,0.685,0.687,0.6829,0.685,0.6829,0.685,0.685,0.685,0.6972,0.6789,0.6972,0.6789,0.6854
40807,0.685,0.687,0.6829,0.685,0.6829,0.685,0.685,0.685,0.6972,0.6789,0.6972,0.6789,0.6854
40808,0.685,0.687,0.6829,0.685,0.6829,0.685,0.685,0.685,0.6972,0.6789,0.6972,0.6789,0.6854
41406,0.685,0.687,0.6829,0.685,0.6829,0.685,0.685,0.685,0.6972,0.6789,0.6972,0.6789,0.6854
41407,0.685,0.687,0.6829,0.685,0.6829,0.685,0.685,0.685,0.6972,0.6789,0.6972,0.6789,0.6854
41408,0.685,0.687,0.6829,0.685,0.6829,0.685,0.685,0.685,0.6972,0.6789,0.6972,0.6789,0.6854
42006,0.685,0.687,0.6829,0.685,0.6829,0.685,0.685,0.685,0.6972,0.6789,0.6972,0.6789,0.6854
42007,0.685,0.687,0.6829,0.685,0.6829,0.685,0.685,0.685,0.6972,0.6789,0.6972,0.6789,0.6854
42008,0.685,0.687,0.6829,0.685,0.6829,0.685,0.685,0.685,0.6972,0.6789,0.6972,0.6789,0.6854
42606,0.685,0.687,0.6829,0.685,0.6829,0.685,0.685,0.685,0.6972,0.6789,0.6972,0.6789,0.6854
42607,0.685,0.687,0.6829,0.685,0.6829,0.685,0.685,0.685,0.6972,0.6789,0.6972,0.6789,0.6854
42608,0.685,0.687,0.6829,0.685,0.6829,0.685,0.685,0.685,0.6972,0.6789,0.6972,0.6789,0.6854
43207,0.685,0.687,0.6829,0.685,0.6829,0.685,0.685,0.685,0.6972,0.6789,0.6972,0.6789,0.6854
43208,0.685,0.687,0.6829,0.685,0.6829,0.685,0.685,0.685,0.6972,0.6789,0.6972,0.6789,0.6854
43807,0.685,0.687,0.6829,0.685,0.6829,0.685,0.685,0.685,0.6972,0.6789,0.6972,0.6789,0.6854
43808,0.685,0.687,0.6829,0.685,0.6829,0.685,0.685,0.685,0.6972,0.6789,0.6972,0.6789,0.6854
44407,0.685,0.687,0.6829,0.685,0.6829,0.685,0.685,0.685,0.6972,0.6789,0.6972,0.6789,0.6854
44408,0.685,0.687,0.6829,0.685,0.6829,0.685,0.685,0.685,0.6972,0.6789,0.6972,0.6789,0.6854
45007,0.685,0.687,0.6829,0.685,0.6829,0.685,0.685,0.685,0.6972,0.6789,0.6972,0.6789,0.6854
45008,0.685,0.687,0.6829,0.685,0.6829,0.685,0.685,0.685,0.6972,0.6789,0.6972,0.6789,0.6854
45607,0.685,0.687,0.6829,0.685,0.6829,0.685,0.685,0.685,0.6972,0.6789,0.6972,0.6789,0.6854
45608,0.685,0.687,0.6829,0.685,0.6829,0.685,0.685,0.685,0.6972,0.6789,0.6972,0.6789,0.6854
46207,0.685,0.687,0.6829,0.685,0.6829,0.685,0.685,0.685,0.6972,0.6789,0.6972,0.6789,0.6854
46208,0.685,0.687,0.6829,0.685,0.6829,0.685,0.685,0.685,0.6972,0.6789,0.6972,0.6789,0.6854
46807,0.685,0.687,0.6829,0.685,0.6829,0.685,0.685,0.685,0.6972,0.6789,0.6972,0.6789,0.6854
46808,0.685,0.687,0.6829,0.685,0.6829,0.685,0.685,0.685,0.6972,0.6789,0.6972,0.6789,0.6854
47407,0.685,0.687,0.6829,0.685,0.6829,0.685,0.685,0.685,0.6972,0.6789,0.6972,0.6789,0.6854
47408,0.685,0.687,0.6829,0.685,0.6829,0.685,0.685,0.685,0.6972,0.6789,0.6972,0.6789,0.6854
48007,0.685,0.687,0.6829,0.685,0.6829,0.685,0.685,0.685,0.6972,0.6789,0.6972,0.6789,0.6854
48008,0.685,0.687,0.6829,0.685,0.6829,0.685,0.685,0.685,0.6972,0.6789,0.6972,0.6789,0.6854
48607,0.685,0.687,0.6829,0.685,0.6829,0.685,0.685,0.685,0.6972,0.6789,0.6972,0.6789,0.6854
48608,0.685,0.687,0.6829,0.685,0.6829,0.685,0.685,0.685,0.6972,0.6789,0.6972,0.6789,0.6854
49207,0.685,0.687,0.6829,0.685,0.6829,0.685,0.685,0.685,0.6972,0.6789,0.6972,0.6789,0.6854
49208,0.685,0.687,0.6829,0.685,0.6829,0.685,0.685,0.685,0.6972,0.6789,0.6972,0.6789,0.6854
49807,0.685,0.687,0.6829,0.685,0.6829,0.685,0.685,0.685,0.6972,0.6789,0.6972,0.6789,0.6854
49808,0.685,0.687,0.6829,0.685,0.6829,0.685,0.685,0.685,0.6972,0.6789,0.6972,0.6789,0.6854
50407,0.685,0.687,0.6829,0.685,0.6829,0.685,0.685,0.685,0.6972,0.6789,0.6972,0.6789,0.6854
50408,0.685,0.687,0.6829,0.685,0.6829,0.685,0.685,0.685,0.6972,0.6789,0.6972,0.6789,0.6854
51007,0.685,0.687,0.6829,0.685,0.6829,0.685,0.685,0.685,0.6972,0.6789,0.6972,0.6789,0.6854
51008,0.685,0.687,0.6829,0.685,0.6829,0.685,0.685,0.685,0.6972,0.6789,0.6972,0.6789,0.6854
51607,0.685,0.687,0.6829,0.685,0.6829,0.685,0.685,0.685,0.6972,0.6789,0.6972,0.6789,0.6854
51608,0.685,0.687,0.6829,0.685,0.6829,0.685,0.685,0.685,0.6972,0.6789,0.6972,0.6789,0.6854
52207,0.685,0.687,0.6829,0.685,0.6829,0.685,0.685,0.685,0.6972,0.6789,0.6972,0.6789,0.6854
52208,0.685,0.687,0.6829,0.685,0.6829,0.685,0.685,0.685,0.6972,0.6789,0.6972,0.6789,0.6854
52807,0.685,0.687,0.6829,0.685,0.6829,0.685,0.685,0.685,0.6972,0.6789,0.6972,0.6789,0.6854
52808,0.685,0.687,0.6829,0.685,0.6829,0.685,0.685,0.685,0.6972,0.6789,0.6972,0.6789,0.6854
53407,0.685,0.687,0.6829,0.685,0.6829,0.685,0.685,0.685,0.6972,0.6789,0.6972,0.6789,0.6854
53408,0.685,0.687,0.6829,0.685,0.6829,0.685,0.685,0.685,0.6972,0.6789,0.6972,0.6789,0.6854
54007,0.685,0.687,0.6829,0.685,0.6829,0.685,0.685,0.685,0.6972,0.6789,0.6972,0.6789,0.6854
54008,0.685,0.687,0.6829,0.685,0.6829,0.685,0.685,0.685,0.6972,0.6789,0.6972,0.6789,0.6854
54607,0.685,0.687,0.6829,0.685,0.6829,0.685,0.685,0.685,0.6972,0.6789,0.6972,0.6789,0.6854
54608,0.685,0.687,0.6829,0.685,0.6829,0.685,0.685,0.685,0.6972,0.6789,0.6972,0.6789,0.6854
55207,0.685,0.687,0.6829,0.685,0.6829,0.685,0.685,0.685,0.6972,0.6789,0.6972,0.6789,0.6854
55208,0.685,0.687,0.6829,0.685,0.6829,0.685,0.685,0.685,0.6972,0.6789,0.6972,0.6789,0.6854
55807,0.685,0.687,0.6829,0.685,0.6829,0.685,0.685,0.685,0.6972,0.6789,0.6972,0.6789,0.6854
55808,0.685,0.687,0.6829,0.685,0.6829,0.685,0.685,0.685,0.6972,0.6789,0.6972,0.6789,0.6854
56407,0.685,0.687,0.6829,0.685,0.6829,0.685,0.685,0.685,0.6972,0.6789,0.6972,0.6789,0.6854
56408,0.685,0.687,0.6829,0.685,0.6829,0.685,0.685,0.685,0.6972,0.6789,0.6972,0.6789,0.6854
57007,0.685,0.687,0.6829,0.685,0.6829,0.685,0.685,0.685,0.6972,0.6789,0.6972,0.6789,0.6854
57008,0.685,0.687,0.6829,0.685,0.6829,0.685,0.685,0.685,0.6992,0.6789,0.6992,0.6789,0.6856
57607,0.685,0.687,0.6829,0.685,0.6829,0.685,0.685,0.685,0.6992,0.6789,0.6992,0.6789,0.6856
57608,0.685,0.687,0.6829,0.685,0.6829,0.685,0.685,0.685,0.6992,0.6789,0.6992,0.6789,0.6856
58207,0.685,0.687,0.6829,0.685,0.6829,0.685,0.685,0.685,0.6992,0.6789,0.6992,0.6789,0.6856
58208,0.685,0.687,0.6829,0.685,0.6829,0.685,0.685,0.685,0.6992,0.6789,0.6992,0.6789,0.6856
58807,0.685,0.687,0.6829,0.685,0.6829,0.685,0.685,0.685,0.6992,0.6789,0.6992,0.6789,0.6856
58808,0.685,0.687,0.6829,0.685,0.6829,0.685,0.685,0.685,0.6992,0.6789,0.6992,0.6789,0.6856
59407,0.685,0.687,0.6829,0.685,0.6829,0.685,0.685,0.685,0.6992,0.6789,0.6992,0.6789,0.6856
59408,0.685,0.687,0.6829,0.685,0.6829,0.685,0.685,0.685,0.6992,0.6789,0.6992,0.6789,0.6856
60007,0.685,0.687,0.6829,0.685,0.6829,0.685,0.685,0.685,0.6992,0.6789,0.6992,0.6789,0.6856
60008,0.685,0.687,0.6829,0.685,0.6829,0.685,0.685,0.685,0.6992,0.6789,0.6992,0.6789,0.6856
60607,0.685,0.687,0.6829,0.685,0.6829,0.685,0.685,0.685,0.6992,0.6789,0.6992,0.6789,0.6856
60608,0.685,0.687,0.6829,0.685,0.6829,0.685,0.685,0.685,0.6992,0.6789,0.6992,0.6789,0.6856
61207,0.685,0.687,0.6829,0.685,0.6829,0.685,0.685,0.685,0.6992,0.6789,0.6992,0.6789,0.6856
61208,0.685,0.687,0.6829,0.685,0.6829,0.685,0.685,0.685,0.6992,0.6789,0.6992,0.6789,0.6856
61807,0.685,0.687,0.6829,0.685,0.6829,0.685,0.685,0.685,0.6992,0.6789,0.6992,0.6789,0.6856
61808,0.685,0.687,0.6829,0.685,0.6829,0.685,0.685,0.685,0.6992,0.6789,0.6992,0.6789,0.6856
62407,0.685,0.687,0.6829,0.685,0.6829,0.685,0.685,0.685,0.6992,0.6789,0.6992,0.6789,0.6856
62408,0.685,0.687,0.6829,0.685,0.6829,0.685,0.685,0.685,0.6992,0.6789,0.6992,0.6789,0.6856
63007,0.685,0.687,0.6829,0.685,0.6829,0.685,0.685,0.685,0.6992,0.6789,0.6992,0.6789,0.6856
63008,0.685,0.687,0.6829,0.685,0.6829,0.685,0.685,0.685,0.6992,0.6789,0.6992,0.6789,0.6856
63607,0.685,0.687,0.6829,0.685,0.6829,0.685,0.685,0.685,0.6992,0.6789,0.6992,0.6789,0.6856
63608,0.685,0.687,0.6829,0.685,0.6829,0.685,0.685,0.685,0.6992,0.6789,0.6992,0.6789,0.6856
64207,0.685,0.687,0.6829,0.685,0.6829,0.685,0.685,0.685,0.6992,0.6789,0.6992,0.6789,0.6856
64208,0.685,0.687,0.6829,0.685,0.6829,0.685,0.685,0.685,0.6992,0.6789,0.6992,0.6789,0.6856
64807,0.685,0.687,0.6829,0.685,0.6829,0.685,0.685,0.685,0.6992,0.6789,0.6992,0.6789,0.6856
64808,0.685,0.687,0.6829,0.685,0.6829,0.685,0.685,0.685,0.6992,0.6789,0.6992,0.6789,0.6856
65407,0.685,0.687,0.6829,0.685,0.6829,0.685,0.685,0.685,0.6992,0.6789,0.6992,0.6789,0.6856
65408,0.685,0.687,0.6829,0.685,0.6829,0.685,0.685,0.685,0.6992,0.6789,0.6992,0.6789,0.6856
66007,0.685,0.687,0.6829,0.685,0.6829,0.685,0.685,0.685,0.6992,0.6789,0.6992,0.6789,0.6856
66008,0.685,0.687,0.6829,0.685,0.6829,0.685,0.685,0.685,0.6992,0.6789,0.6992,0.6789,0.6856
66607,0.685,0.687,0.6829,0.685,0.6829,0.685,0.685,0.685,0.6992,0.6789,0.6992,0.6789,0.6856
66608,0.685,0.687,0.6829,0.685,0.6829,0.685,0.685,0.685,0.6992,0.6789,0.6992,0.6789,0.6856
67207,0.685,0.687,0.6829,0.685,0.685,0.685,0.685,0.685,0.6992,0.6789,0.6992,0.6789,0.6858
67208,0.685,0.687,0.6829,0.685,0.685,0.685,0.685,0.685,0.6992,0.6789,0.6992,0.6789,0.6858
67807,0.685,0.687,0.6829,0.685,0.685,0.685,0.685,0.685,0.6992,0.6789,0.6992,0.6789,0.6858
67808,0.685,0.687,0.6829,0.685,0.685,0.685,0.685,0.685,0.6992,0.6789,0.6992,0.6789,0.6858
68407,0.685,0.687,0.6829,0.685,0.685,0.685,0.685,0.685,0.6992,0.6789,0.6992,0.6789,0.6858
68408,0.685,0.687,0.6829,0.685,0.685,0.685,0.685,0.685,0.6992,0.6789,0.6992,0.6789,0.6858
69007,0.685,0.687,0.6829,0.685,0.685,0.685,0.685,0.685,0.6992,0.6789,0.6992,0.6789,0.6858
69008,0.685,0.687,0.6829,0.685,0.685,0.685,0.685,0.685,0.6992,0.6789,0.6992,0.6789,0.6858
69607,0.685,0.687,0.6829,0.685,0.685,0.685,0.685,0.685,0.6992,0.6789,0.6992,0.6789,0.6858
69608,0.685,0.687,0.6829,0.685,0.685,0.685,0.685,0.685,0.6992,0.6789,0.6992,0.6789,0.6858
70207,0.685,0.687,0.6829,0.685,0.685,0.685,0.685,0.685,0.6992,0.6789,0.6992,0.6789,0.6858
70208,0.685,0.687,0.6829,0.685,0.685,0.685,0.685,0.685,0.6992,0.6789,0.6992,0.6789,0.6858
70807,0.685,0.687,0.6829,0.685,0.685,0.685,0.685,0.685,0.6992,0.6789,0.6992,0.6789,0.6858
70808,0.685,0.687,0.6829,0.685,0.685,0.685,0.685,0.685,0.6992,0.6789,0.6992,0.6789,0.6858
71407,0.685,0.687,0.6829,0.685,0.685,0.685,0.685,0.685,0.6992,0.6789,0.6992,0.6789,0.6858
71408,0.685,0.687,0.6829,0.685,0.685,0.685,0.685,0.685,0.6992,0.6789,0.6992,0.6789,0.6858
72007,0.685,0.687,0.6829,0.685,0.685,0.685,0.685,0.685,0.6992,0.6789,0.6992,0.6789,0.6858
72008,0.685,0.687,0.6829,0.685,0.685,0.685,0.685,0.685,0.6992,0.6789,0.6992,0.6789,0.6858
72607,0.685,0.687,0.6829,0.685,0.685,0.685,0.685,0.685,0.6992,0.6789,0.6992,0.6789,0.6858
72608,0.685,0.687,0.6829,0.685,0.685,0.685,0.685,0.685,0.6992,0.6789,0.6992,0.6789,0.6858
73207,0.685,0.687,0.6829,0.685,0.685,0.685,0.685,0.685,0.6992,0.6789,0.6992,0.6789,0.6858
73208,0.685,0.687,0.6829,0.685,0.685,0.685,0.685,0.685,0.6992,0.6789,0.6992,0.6789,0.6858
73807,0.685,0.687,0.6829,0.685,0.685,0.685,0.685,0.685,0.6992,0.6789,0.6992,0.6789,0.6858
73808,0.685,0.687,0.6829,0.685,0.685,0.685,0.685,0.685,0.6992,0.6789,0.6992,0.6789,0.6858
74407,0.685,0.687,0.6829,0.685,0.685,0.685,0.685,0.685,0.6992,0.6789,0.6992,0.6789,0.6858
74408,0.685,0.687,0.6829,0.685,0.685,0.685,0.685,0.685,0.6992,0.6789,0.6992,0.6789,0.6858
75007,0.685,0.687,0.6829,0.685,0.685,0.685,0.685,0.685,0.6992,0.6789,0.6992,0.6789,0.6858
75008,0.685,0.687,0.6829,0.685,0.685,0.685,0.685,0.685,0.6992,0.6789,0.6992,0.6789,0.6858
75607,0.685,0.687,0.6829,0.685,0.685,0.685,0.685,0.685,0.6992,0.6789,0.6992,0.6789,0.6858
75608,0.685,0.687,0.6829,0.685,0.685,0.685,0.685,0.685,0.6992,0.6789,0.6992,0.6789,0.6858
76207,0.685,0.687,0.6829,0.685,0.685,0.685,0.685,0.685,0.6992,0.6789,0.6992,0.6789,0.6858
76208,0.685,0.687,0.6829,0.685,0.685,0.685,0.685,0.685,0.6992,0.6789,0.6992,0.6789,0.6858
76807,0.685,0.6972,0.6829,0.685,0.685,0.685,0.685,0.685,0.6992,0.6789,0.6992,0.6789,0.6868
76808,0.685,0.6972,0.6829,0.685,0.685,0.685,0.685,0.685,0.6992,0.6789,0.6992,0.6789,0.6868
77407,0.685,0.6972,0.685,0.685,0.685,0.685,0.685,0.685,0.6992,0.6789,0.6992,0.6789,0.687
77408,0.685,0.6972,0.685,0.685,0.685,0.685,0.685,0.685,0.6992,0.6789,0.6992,0.6789,0.687
78007,0.685,0.6972,0.685,0.685,0.685,0.685,0.685,0.685,0.6992,0.6789,0.6992,0.6789,0.687
78008,0.685,0.6972,0.685,0.685,0.685,0.685,0.685,0.685,0.6992,0.6789,0.6992,0.6789,0.687
78607,0.685,0.6972,0.685,0.685,0.685,0.685,0.685,0.685,0.6992,0.6789,0.6992,0.6789,0.687
78608,0.685,0.6972,0.685,0.685,0.685,0.685,0.685,0.685,0.6992,0.6789,0.6992,0.6789,0.687
79207,0.685,0.6972,0.685,0.685,0.685,0.685,0.685,0.685,0.6992,0.6789,0.6992,0.6789,0.687
79208,0.685,0.6972,0.685,0.685,0.685,0.685,0.685,0.685,0.6992,0.6789,0.6992,0.6789,0.687
79807,0.685,0.6972,0.685,0.685,0.685,0.685,0.685,0.685,0.6992,0.6789,0.6992,0.6789,0.687
79808,0.685,0.6972,0.685,0.685,0.685,0.685,0.685,0.685,0.6992,0.6789,0.6992,0.6789,0.687
80407,0.685,0.6972,0.685,0.685,0.685,0.685,0.685,0.685,0.6992,0.6789,0.6992,0.6789,0.687
80408,0.685,0.6972,0.685,0.685,0.685,0.685,0.685,0.685,0.6992,0.6789,0.6992,0.6789,0.687
81007,0.685,0.6972,0.685,0.685,0.685,0.685,0.685,0.685,0.6992,0.6789,0.6992,0.6789,0.687
81008,0.685,0.6972,0.685,0.685,0.685,0.685,0.685,0.685,0.6992,0.6789,0.6992,0.6789,0.687
81607,0.685,0.6972,0.685,0.685,0.685,0.685,0.685,0.685,0.6992,0.6789,0.6992,0.6789,0.687
81608,0.685,0.6972,0.685,0.685,0.685,0.685,0.685,0.685,0.6992,0.6789,0.6992,0.6789,0.687
82207,0.685,0.6972,0.685,0.685,0.685,0.685,0.685,0.685,0.6992,0.6789,0.6992,0.6789,0.687
82208,0.685,0.6972,0.685,0.685,0.685,0.685,0.685,0.685,0.6992,0.6789,0.6992,0.6789,0.687
82807,0.685,0.6972,0.685,0.685,0.685,0.685,0.685,0.685,0.6992,0.6789,0.6992,0.6789,0.687
82808,0.685,0.6972,0.685,0.685,0.685,0.685,0.685,0.685,0.6992,0.6789,0.6992,0.6789,0.687
83407,0.685,0.6972,0.685,0.685,0.685,0.685,0.685,0.685,0.6992,0.6789,0.6992,0.6789,0.687
83408,0.685,0.6972,0.685,0.685,0.685,0.685,0.685,0.685,0.6992,0.6789,0.6992,0.6789,0.687
84007,0.685,0.6972,0.685,0.685,0.685,0.685,0.685,0.685,0.6992,0.6789,0.6992,0.6789,0.687
84008,0.685,0.6972,0.685,0.685,0.685,0.685,0.685,0.685,0.6992,0.6789,0.6992,0.6789,0.687
84607,0.685,0.6972,0.685,0.685,0.685,0.685,0.685,0.685,0.6992,0.6789,0.6992,0.6789,0.687
84608,0.685,0.6972,0.685,0.685,0.685,0.685,0.685,0.685,0.6992,0.6809,0.6992,0.6809,0.6872
85207,0.685,0.6972,0.685,0.685,0.685,0.685,0.685,0.685,0.6992,0.6809,0.6992,0.6809,0.6872
85208,0.685,0.6972,0.685,0.685,0.685,0.685,0.685,0.685,0.6992,0.6809,0.6992,0.6809,0.6872
85807,0.685,0.6972,0.685,0.685,0.685,0.685,0.685,0.685,0.6992,0.6809,0.6992,0.6809,0.6872
85808,0.685,0.6972,0.685,0.685,0.685,0.685,0.685,0.685,0.6992,0.6809,0.6992,0.6809,0.6872
