timestamp,ehci5,ehci6,ehci4,ehci9,ehci8,ehci0,ehci2,ehci3,ehci1,ehci7,max,min,avg
1633372124,0.0573,0.0573,0.0573,0.0573,0.0573,0.0573,0.0573,0.0573,0.0573,0.0573,0.0573,0.0573,0.0573
1633372127,0.1006,0.1006,0.1006,0.1006,0.1006,0.1006,0.1006,0.1006,0.1006,0.1006,0.1006,0.1006,0.1006
1633372128,0.2151,0.4609,0.1522,0.2109,0.1788,0.243,0.412,0.4679,0.3352,0.2961,0.4679,0.1522,0.2972
1633372129,0.2277,0.4958,0.2165,0.2221,0.2291,0.2542,0.4399,0.4832,0.4665,0.3156,0.4958,0.2165,0.3351
1633372130,0.2304,0.5056,0.2165,0.2249,0.2291,0.2542,0.4427,0.4874,0.4749,0.3827,0.5056,0.2165,0.3448
1633372131,0.2318,0.507,0.4316,0.2249,0.3003,0.2626,0.4497,0.493,0.4818,0.3925,0.507,0.2249,0.3775
1633372132,0.2318,0.5112,0.4455,0.2291,0.3003,0.3198,0.4525,0.4972,0.4818,0.4679,0.5112,0.2291,0.3937
1633372133,0.2318,0.5112,0.4567,0.4372,0.3045,0.324,0.4525,0.4972,0.4818,0.4986,0.5112,0.2318,0.4195
1633372134,0.2556,0.5154,0.4595,0.4525,0.3045,0.3254,0.4539,0.4972,0.4874,0.4986,0.5154,0.2556,0.425
1633372135,0.2612,0.5154,0.4567,0.4679,0.3073,0.3268,0.4804,0.5,0.4888,0.514,0.5154,0.2612,0.4318
1633372136,0.2612,0.5168,0.4581,0.4958,0.3115,0.3268,0.4804,0.4986,0.4874,0.514,0.5168,0.2612,0.4351
1633372137,0.2612,0.5182,0.4623,0.4958,0.3115,0.3268,0.4804,0.4986,0.4874,0.5196,0.5196,0.2612,0.4362
1633372138,0.264,0.5182,0.4665,0.4958,0.3115,0.3268,0.4818,0.4986,0.4874,0.5196,0.5196,0.264,0.437
1633372139,0.2654,0.5196,0.4874,0.4972,0.4581,0.3268,0.4804,0.4986,0.4874,0.5209,0.5209,0.2654,0.4542
1633372140,0.4469,0.5209,0.486,0.4972,0.4944,0.3771,0.4818,0.4986,0.4902,0.5209,0.5209,0.3771,0.4814
1633372141,0.4958,0.5209,0.486,0.4972,0.5251,0.5028,0.4818,0.5028,0.4902,0.5209,0.5251,0.4818,0.5024
1633372142,0.507,0.5209,0.4874,0.5014,0.5293,0.5042,0.4804,0.5028,0.4958,0.5223,0.5293,0.4804,0.5052
1633372143,0.507,0.5196,0.4874,0.5014,0.5363,0.5042,0.4804,0.5042,0.4972,0.5223,0.5363,0.4804,0.506
1633372144,0.5084,0.5196,0.4874,0.5014,0.5363,0.5098,0.4818,0.5028,0.4958,0.5209,0.5363,0.4818,0.5064
1633372145,0.5098,0.5209,0.4888,0.5028,0.5377,0.5098,0.4804,0.5112,0.4972,0.5223,0.5377,0.4804,0.5081
1633372146,0.5112,0.5209,0.4888,0.5028,0.5391,0.514,0.4804,0.5112,0.4972,0.5209,0.5391,0.4804,0.5087
1633372147,0.5126,0.5196,0.4902,0.5028,0.5377,0.514,0.4818,0.5126,0.4986,0.5223,0.5377,0.4818,0.5092
1633372148,0.5098,0.5196,0.4888,0.5056,0.567,0.5363,0.4832,0.5126,0.4972,0.5209,0.567,0.4832,0.5141
1633372149,0.5098,0.5209,0.4888,0.507,0.6215,0.5363,0.4832,0.5112,0.4986,0.5223,0.6215,0.4832,0.52
1633372150,0.5098,0.5209,0.4888,0.5084,0.6229,0.5377,0.4846,0.514,0.4986,0.5265,0.6229,0.4846,0.5212
1633372151,0.5098,0.5196,0.4888,0.5084,0.6229,0.5377,0.4846,0.514,0.4972,0.5251,0.6229,0.4846,0.5208
1633372152,0.5098,0.5196,0.4888,0.5098,0.6229,0.5377,0.4832,0.5363,0.4972,0.5251,0.6229,0.4832,0.523
1633372153,0.5112,0.5196,0.4888,0.5112,0.6229,0.5391,0.4832,0.5377,0.5209,0.5251,0.6229,0.4832,0.526
1633372154,0.5098,0.5196,0.4902,0.5112,0.6243,0.5447,0.4846,0.5377,0.5223,0.5265,0.6243,0.4846,0.5271
1633372155,0.514,0.5196,0.4902,0.5098,0.6243,0.5433,0.4846,0.5363,0.5223,0.5251,0.6243,0.4846,0.5269
1633372156,0.514,0.5209,0.4902,0.5098,0.6243,0.5447,0.4846,0.5419,0.5209,0.5265,0.6243,0.4846,0.5278
1633372157,0.514,0.5196,0.4902,0.5112,0.6229,0.5447,0.4832,0.5419,0.5209,0.5251,0.6229,0.4832,0.5274
1633372158,0.5154,0.5209,0.4916,0.5098,0.6229,0.5447,0.4846,0.5433,0.5223,0.5265,0.6229,0.4846,0.5282
1633372159,0.5154,0.5209,0.4902,0.514,0.6229,0.5447,0.4846,0.5419,0.5223,0.5251,0.6229,0.4846,0.5282
1633372160,0.514,0.5405,0.4902,0.5126,0.6243,0.5461,0.4832,0.5419,0.5223,0.5251,0.6243,0.4832,0.53
1633372161,0.5154,0.5405,0.4902,0.5126,0.6229,0.5461,0.4846,0.5419,0.5209,0.5265,0.6229,0.4846,0.5302
1633372162,0.514,0.5405,0.4902,0.5126,0.6229,0.5461,0.4846,0.5433,0.5223,0.5265,0.6229,0.4846,0.5303
1633372163,0.514,0.5419,0.4902,0.5126,0.6243,0.5447,0.4846,0.5419,0.5279,0.5251,0.6243,0.4846,0.5307
1633372164,0.514,0.5419,0.4902,0.5126,0.6229,0.5447,0.4832,0.5433,0.5265,0.5251,0.6229,0.4832,0.5304
1633372165,0.5154,0.5419,0.5168,0.5126,0.6229,0.5447,0.4846,0.5433,0.5265,0.5251,0.6229,0.4846,0.5334
1633372166,0.5349,0.5433,0.5154,0.5126,0.6229,0.5447,0.4846,0.5419,0.5265,0.5251,0.6229,0.4846,0.5352
1633372167,0.5349,0.5433,0.5154,0.514,0.6229,0.5489,0.4846,0.5433,0.5265,0.5265,0.6229,0.4846,0.536
1633372168,0.5349,0.5419,0.5154,0.514,0.6229,0.5503,0.4832,0.5419,0.5265,0.5251,0.6229,0.4832,0.5356
1633372169,0.5824,0.5419,0.5154,0.514,0.6243,0.5503,0.4832,0.5419,0.5279,0.5265,0.6243,0.4832,0.5408
1633372170,0.5824,0.5419,0.5154,0.5126,0.6229,0.5503,0.4846,0.5419,0.5265,0.5265,0.6229,0.4846,0.5405
1633372171,0.5824,0.5433,0.5154,0.514,0.6229,0.5489,0.4846,0.5419,0.5265,0.5251,0.6229,0.4846,0.5405
1633372172,0.5824,0.5433,0.5168,0.5126,0.6229,0.5503,0.4832,0.5433,0.5279,0.5251,0.6229,0.4832,0.5408
1633372173,0.5908,0.5433,0.5168,0.514,0.6229,0.5489,0.4846,0.5433,0.5265,0.5251,0.6229,0.4846,0.5416
1633372174,0.5908,0.5419,0.5154,0.514,0.6229,0.5503,0.4846,0.5433,0.5279,0.5251,0.6229,0.4846,0.5416
1633372175,0.5936,0.5433,0.5168,0.5126,0.6229,0.5489,0.486,0.5433,0.5265,0.5251,0.6229,0.486,0.5419
1633372176,0.5922,0.5433,0.5154,0.514,0.6229,0.5489,0.4846,0.5433,0.5321,0.5265,0.6229,0.4846,0.5423
1633372177,0.5936,0.5433,0.5154,0.5126,0.6229,0.5489,0.4846,0.5447,0.5321,0.5601,0.6229,0.4846,0.5458
1633372178,0.5922,0.5419,0.5349,0.5126,0.6229,0.5489,0.4846,0.5433,0.5321,0.5587,0.6229,0.4846,0.5472
1633372179,0.5922,0.5433,0.5349,0.514,0.6229,0.5489,0.4846,0.5447,0.5335,0.5782,0.6229,0.4846,0.5497
1633372180,0.595,0.5419,0.5349,0.514,0.6229,0.5489,0.4846,0.574,0.5335,0.5768,0.6229,0.4846,0.5527
1633372181,0.5936,0.5419,0.5377,0.5126,0.6229,0.5503,0.4846,0.5754,0.5335,0.5768,0.6229,0.4846,0.5529
1633372182,0.6006,0.5419,0.5377,0.514,0.6229,0.5489,0.4846,0.574,0.5349,0.5782,0.6229,0.4846,0.5538
1633372183,0.6006,0.5433,0.5363,0.514,0.6229,0.5489,0.4846,0.5754,0.5349,0.5768,0.6229,0.4846,0.5538
1633372184,0.602,0.5447,0.5363,0.5126,0.6229,0.5489,0.4902,0.5754,0.5349,0.5768,0.6229,0.4902,0.5545
1633372185,0.602,0.5433,0.5363,0.5126,0.6229,0.5503,0.4902,0.5754,0.5335,0.5782,0.6229,0.4902,0.5545
1633372186,0.602,0.5433,0.5377,0.5126,0.6229,0.5503,0.4888,0.574,0.5349,0.5768,0.6229,0.4888,0.5543
1633372187,0.6006,0.5447,0.5363,0.5126,0.6229,0.5489,0.4902,0.574,0.5349,0.5782,0.6229,0.4902,0.5543
1633372188,0.6006,0.5433,0.5363,0.514,0.6229,0.5796,0.4902,0.5754,0.5349,0.5782,0.6229,0.4902,0.5575
1633372189,0.6006,0.5447,0.5363,0.5126,0.6229,0.5796,0.4888,0.574,0.5349,0.5768,0.6229,0.4888,0.5571
1633372190,0.6006,0.5433,0.5363,0.5126,0.6243,0.5796,0.4902,0.5754,0.5363,0.5768,0.6243,0.4902,0.5575
1633372191,0.6006,0.5433,0.5363,0.5126,0.6243,0.5796,0.4902,0.574,0.5349,0.5782,0.6243,0.4902,0.5574
1633372192,0.602,0.5475,0.5363,0.5126,0.6229,0.5782,0.4888,0.574,0.5349,0.5768,0.6229,0.4888,0.5574
1633372193,0.6006,0.5489,0.5377,0.5126,0.6229,0.5796,0.4888,0.574,0.5363,0.5782,0.6229,0.4888,0.558
1633372194,0.6006,0.5475,0.5363,0.5126,0.6229,0.5796,0.4902,0.574,0.5377,0.5768,0.6229,0.4902,0.5578
1633372195,0.602,0.5475,0.5363,0.5126,0.6243,0.5782,0.4888,0.574,0.5363,0.5796,0.6243,0.4888,0.558
1633372196,0.6006,0.5475,0.5363,0.5126,0.6369,0.5782,0.4888,0.574,0.5377,0.581,0.6369,0.4888,0.5594
1633372197,0.602,0.5475,0.5363,0.5126,0.6355,0.5796,0.4888,0.574,0.5363,0.5796,0.6355,0.4888,0.5592
1633372198,0.602,0.5475,0.5377,0.5126,0.6355,0.5782,0.4902,0.574,0.5363,0.595,0.6355,0.4902,0.5609
1633372199,0.6006,0.5475,0.5391,0.5126,0.6369,0.5782,0.4888,0.5754,0.5363,0.5936,0.6369,0.4888,0.5609
1633372200,0.6006,0.5475,0.5377,0.5126,0.6369,0.5796,0.4888,0.574,0.5363,0.5936,0.6369,0.4888,0.5608
1633372201,0.6006,0.5475,0.5377,0.514,0.6355,0.5782,0.4902,0.574,0.5363,0.5936,0.6355,0.4902,0.5608
1633372202,0.6369,0.5475,0.5377,0.514,0.6355,0.5796,0.4902,0.574,0.5391,0.5936,0.6369,0.4902,0.5648
1633372203,0.6369,0.5475,0.5391,0.514,0.6369,0.5782,0.4888,0.574,0.5391,0.5936,0.6369,0.4888,0.5648
1633372204,0.6369,0.5489,0.5391,0.5126,0.6355,0.5782,0.4888,0.574,0.5377,0.5936,0.6369,0.4888,0.5645
1633372205,0.6369,0.6397,0.5391,0.5126,0.6355,0.581,0.4888,0.574,0.5377,0.595,0.6397,0.4888,0.574
1633372206,0.6369,0.6397,0.5377,0.5126,0.6355,0.5824,0.4888,0.5754,0.5391,0.5964,0.6397,0.4888,0.5745
1633372207,0.6383,0.6411,0.5377,0.5126,0.6369,0.581,0.5056,0.5754,0.5377,0.595,0.6411,0.5056,0.5761
1633372208,0.6369,0.6397,0.5391,0.5126,0.6369,0.5824,0.5056,0.574,0.5377,0.5964,0.6397,0.5056,0.5761
1633372209,0.6369,0.6411,0.5377,0.5126,0.6355,0.581,0.5056,0.5754,0.5391,0.595,0.6411,0.5056,0.576
1633372210,0.6369,0.6397,0.5377,0.5126,0.6355,0.581,0.5056,0.5754,0.5377,0.595,0.6397,0.5056,0.5757
1633372211,0.6369,0.6411,0.5391,0.514,0.6355,0.5824,0.5056,0.5754,0.5377,0.5964,0.6411,0.5056,0.5764
1633372212,0.6383,0.6397,0.5377,0.514,0.6369,0.581,0.5056,0.574,0.5377,0.595,0.6397,0.5056,0.576
1633372213,0.6369,0.6397,0.5377,0.5182,0.6355,0.5824,0.5056,0.574,0.5377,0.595,0.6397,0.5056,0.5763
1633372214,0.6383,0.6425,0.5377,0.5196,0.6369,0.581,0.5056,0.5754,0.5377,0.5964,0.6425,0.5056,0.5771
1633372215,0.6383,0.6425,0.5377,0.5182,0.6355,0.581,0.507,0.5754,0.5391,0.595,0.6425,0.507,0.577
1633372216,0.6383,0.6411,0.5391,0.5196,0.6355,0.5824,0.5056,0.574,0.5391,0.595,0.6411,0.5056,0.577
1633372217,0.6383,0.6411,0.5377,0.5196,0.6369,0.5824,0.5056,0.5754,0.5377,0.5964,0.6411,0.5056,0.5771
1633372218,0.6369,0.6425,0.5377,0.5196,0.6369,0.5838,0.507,0.5754,0.5377,0.595,0.6425,0.507,0.5773
1633372219,0.6369,0.6425,0.5377,0.5182,0.6355,0.5824,0.5056,0.574,0.5377,0.595,0.6425,0.5056,0.5766
1633372220,0.6383,0.6425,0.5377,0.5196,0.6355,0.5838,0.5056,0.574,0.5391,0.595,0.6425,0.5056,0.5771
1633372221,0.6397,0.6425,0.5391,0.5182,0.6369,0.5824,0.5056,0.5754,0.5391,0.5964,0.6425,0.5056,0.5775
1633372222,0.6383,0.6425,0.5377,0.5182,0.6369,0.5824,0.5056,0.5754,0.5377,0.595,0.6425,0.5056,0.577
1633372223,0.6383,0.6425,0.5377,0.5182,0.6369,0.5838,0.507,0.574,0.5377,0.5964,0.6425,0.507,0.5772
1633372224,0.6397,0.6439,0.5377,0.5182,0.6355,0.5824,0.5056,0.574,0.5377,0.5964,0.6439,0.5056,0.5771
1633372225,0.6383,0.6425,0.5391,0.5196,0.6355,0.5824,0.5056,0.574,0.5377,0.595,0.6425,0.5056,0.577
1633372226,0.6383,0.6439,0.5391,0.5182,0.6355,0.5824,0.507,0.574,0.5377,0.595,0.6439,0.507,0.5771
1633372227,0.6383,0.6439,0.5377,0.5196,0.6411,0.5838,0.5056,0.574,0.5391,0.595,0.6439,0.5056,0.5778
1633372228,0.6383,0.6425,0.5684,0.5182,0.648,0.5824,0.5056,0.5754,0.5377,0.595,0.648,0.5056,0.5812
1633372229,0.6383,0.6439,0.5684,0.5196,0.648,0.5824,0.5056,0.574,0.5377,0.595,0.648,0.5056,0.5813
1633372230,0.6397,0.6439,0.5698,0.5182,0.6466,0.5824,0.507,0.574,0.5391,0.595,0.6466,0.507,0.5816
1633372231,0.6383,0.6425,0.5684,0.5182,0.6466,0.5824,0.507,0.574,0.5391,0.5964,0.6466,0.507,0.5813
1633372232,0.6397,0.6425,0.5684,0.5182,0.6466,0.5824,0.507,0.574,0.5391,0.595,0.6466,0.507,0.5813
1633372233,0.6383,0.6425,0.5684,0.5196,0.6466,0.5824,0.507,0.574,0.5377,0.5964,0.6466,0.507,0.5813
1633372234,0.6383,0.6425,0.5684,0.5196,0.6466,0.5824,0.5056,0.5754,0.5391,0.6117,0.6466,0.5056,0.583
1633372235,0.6397,0.6439,0.5684,0.5182,0.6466,0.5838,0.5056,0.574,0.5377,0.6117,0.6466,0.5056,0.583
1633372236,0.6397,0.6425,0.5698,0.5196,0.648,0.5838,0.507,0.574,0.5377,0.6103,0.648,0.507,0.5832
1633372237,0.6439,0.6439,0.5684,0.5182,0.648,0.5824,0.5056,0.574,0.5391,0.6103,0.648,0.5056,0.5834
1633372238,0.6453,0.6425,0.5684,0.5182,0.6466,0.5838,0.507,0.5754,0.5377,0.6117,0.6466,0.507,0.5837
1633372239,0.6453,0.6439,0.5684,0.5196,0.6466,0.5824,0.5056,0.574,0.5391,0.6117,0.6466,0.5056,0.5837
1633372240,0.6439,0.6425,0.5684,0.5196,0.648,0.5824,0.5056,0.5754,0.5391,0.6103,0.648,0.5056,0.5835
1633372241,0.6453,0.6439,0.5698,0.5182,0.6466,0.5824,0.5056,0.574,0.5377,0.6103,0.6466,0.5056,0.5834
1633372242,0.6439,0.6439,0.5684,0.5182,0.648,0.5824,0.5056,0.574,0.5377,0.6117,0.648,0.5056,0.5834
1633372243,0.6439,0.6439,0.5684,0.5182,0.6466,0.5824,0.5056,0.5754,0.5391,0.6117,0.6466,0.5056,0.5835
1633372244,0.6439,0.6439,0.5684,0.5223,0.6466,0.6341,0.5056,0.5754,0.5391,0.6103,0.6466,0.5056,0.589
1633372245,0.6439,0.6453,0.5684,0.5237,0.6466,0.6355,0.5056,0.5754,0.5377,0.6103,0.6466,0.5056,0.5892
1633372246,0.6439,0.6439,0.5684,0.5223,0.6466,0.6341,0.507,0.574,0.5391,0.6103,0.6466,0.507,0.589
1633372247,0.6439,0.6453,0.5698,0.5223,0.648,0.6341,0.507,0.574,0.5377,0.6103,0.648,0.507,0.5892
1633372248,0.6439,0.6439,0.5698,0.5223,0.6466,0.6341,0.507,0.574,0.5377,0.6117,0.6466,0.507,0.5891
1633372249,0.6453,0.6453,0.5684,0.5223,0.6466,0.6341,0.507,0.574,0.5391,0.6117,0.6466,0.507,0.5894
1633372250,0.6453,0.6453,0.5684,0.5237,0.6466,0.6355,0.5056,0.574,0.5391,0.6103,0.6466,0.5056,0.5894
1633372251,0.6439,0.6439,0.5684,0.5223,0.6466,0.6355,0.5056,0.5754,0.5377,0.6117,0.6466,0.5056,0.5891
1633372252,0.6439,0.6439,0.5684,0.5237,0.648,0.6341,0.5056,0.574,0.5684,0.6103,0.648,0.5056,0.592
1633372253,0.6439,0.6439,0.5684,0.5223,0.6494,0.6341,0.507,0.5754,0.5684,0.6103,0.6494,0.507,0.5923
1633372254,0.6453,0.6453,0.5684,0.5237,0.648,0.6341,0.5056,0.5754,0.5684,0.6103,0.648,0.5056,0.5924
1633372255,0.6439,0.6453,0.5698,0.5223,0.6494,0.6341,0.507,0.574,0.5684,0.6103,0.6494,0.507,0.5924
1633372256,0.6494,0.6453,0.5698,0.5223,0.648,0.6341,0.507,0.574,0.567,0.6103,0.6494,0.507,0.5927
1633372257,0.6494,0.6439,0.5698,0.5223,0.6536,0.6341,0.507,0.5754,0.5684,0.6103,0.6536,0.507,0.5934
1633372258,0.6508,0.6439,0.5698,0.5237,0.6522,0.6341,0.5056,0.5754,0.567,0.6117,0.6522,0.5056,0.5934
1633372259,0.6508,0.6439,0.5698,0.5237,0.6522,0.6341,0.5056,0.574,0.567,0.6103,0.6522,0.5056,0.5931
1633372260,0.6494,0.6453,0.5712,0.5223,0.6522,0.6341,0.507,0.574,0.567,0.6103,0.6522,0.507,0.5933
1633372261,0.6494,0.6453,0.5698,0.5237,0.6536,0.6355,0.5056,0.5754,0.567,0.6117,0.6536,0.5056,0.5937
1633372262,0.6494,0.6453,0.5698,0.5237,0.6536,0.6341,0.5056,0.574,0.567,0.6103,0.6536,0.5056,0.5933
1633372263,0.6494,0.6439,0.5698,0.5237,0.6522,0.6341,0.507,0.574,0.567,0.6117,0.6522,0.507,0.5933
1633372264,0.6494,0.6453,0.5698,0.5223,0.6522,0.6341,0.5056,0.5754,0.5684,0.6103,0.6522,0.5056,0.5933
1633372265,0.6494,0.6439,0.5698,0.5223,0.6522,0.6341,0.5056,0.5754,0.5684,0.6117,0.6522,0.5056,0.5933
1633372266,0.6494,0.6453,0.5698,0.5223,0.6522,0.6341,0.5056,0.574,0.567,0.6103,0.6522,0.5056,0.593
1633372267,0.6494,0.6453,0.5698,0.5223,0.6522,0.6355,0.507,0.5754,0.567,0.6103,0.6522,0.507,0.5934
1633372268,0.6494,0.6439,0.5712,0.5223,0.6522,0.6355,0.507,0.574,0.567,0.6117,0.6522,0.507,0.5934
1633372269,0.6494,0.6439,0.5712,0.5223,0.6522,0.6341,0.5056,0.5754,0.567,0.6117,0.6522,0.5056,0.5933
1633372270,0.6508,0.6439,0.5698,0.5237,0.6522,0.6341,0.5056,0.574,0.5684,0.6117,0.6522,0.5056,0.5934
1633372271,0.6494,0.6453,0.5698,0.5223,0.6522,0.6355,0.5056,0.574,0.5684,0.6117,0.6522,0.5056,0.5934
1633372272,0.6494,0.6453,0.5712,0.5223,0.6536,0.6341,0.5056,0.5754,0.567,0.6103,0.6536,0.5056,0.5934
1633372273,0.6494,0.6439,0.5698,0.5223,0.6536,0.6355,0.5056,0.574,0.567,0.6117,0.6536,0.5056,0.5933
1633372274,0.6494,0.6439,0.5698,0.5223,0.6522,0.6355,0.5056,0.574,0.5684,0.6103,0.6522,0.5056,0.5931
1633372275,0.6494,0.6439,0.5712,0.5223,0.6522,0.6341,0.507,0.5754,0.567,0.6117,0.6522,0.507,0.5934
1633372276,0.6494,0.6453,0.5712,0.5237,0.6536,0.6341,0.5056,0.5754,0.567,0.6103,0.6536,0.5056,0.5936
1633372277,0.6494,0.6439,0.5698,0.5237,0.6522,0.6341,0.507,0.574,0.567,0.6103,0.6522,0.507,0.5931
1633372278,0.6508,0.6439,0.5698,0.5223,0.6536,0.6341,0.507,0.574,0.567,0.6103,0.6536,0.507,0.5933
1633372279,0.6494,0.6439,0.5698,0.5223,0.6536,0.6341,0.5056,0.574,0.5684,0.6117,0.6536,0.5056,0.5933
1633372280,0.6508,0.6453,0.5698,0.5223,0.6522,0.6355,0.5056,0.5754,0.567,0.6103,0.6522,0.5056,0.5934
1633372281,0.6508,0.6453,0.5712,0.5223,0.6536,0.6341,0.5056,0.5754,0.567,0.6103,0.6536,0.5056,0.5936
1633372282,0.6494,0.6453,0.5698,0.5237,0.6522,0.6341,0.5056,0.574,0.567,0.6103,0.6522,0.5056,0.5931
1633372283,0.6494,0.6439,0.5698,0.5223,0.6536,0.6355,0.5056,0.574,0.567,0.6117,0.6536,0.5056,0.5933
1633372284,0.6494,0.6439,0.5698,0.5223,0.6536,0.6341,0.5056,0.574,0.567,0.6103,0.6536,0.5056,0.593
1633372285,0.6494,0.6439,0.5698,0.5223,0.6522,0.6341,0.5056,0.5754,0.567,0.6103,0.6522,0.5056,0.593
1633372286,0.6494,0.6439,0.5698,0.5223,0.6522,0.6355,0.507,0.5754,0.567,0.6103,0.6522,0.507,0.5933
1633372287,0.6494,0.6439,0.5712,0.5223,0.6536,0.6355,0.507,0.574,0.5684,0.6103,0.6536,0.507,0.5936
1633372288,0.6494,0.6439,0.5712,0.5223,0.6522,0.6341,0.507,0.5754,0.567,0.6103,0.6522,0.507,0.5933
1633372289,0.6494,0.6439,0.5712,0.5223,0.6522,0.6341,0.5056,0.5754,0.567,0.6117,0.6522,0.5056,0.5933
1633372290,0.6494,0.6453,0.5712,0.5223,0.6522,0.6341,0.507,0.5754,0.567,0.6103,0.6522,0.507,0.5934
1633372291,0.6494,0.6453,0.5712,0.5223,0.6536,0.6341,0.507,0.574,0.5684,0.6117,0.6536,0.507,0.5937
1633372292,0.6494,0.6453,0.5698,0.5223,0.6522,0.6341,0.5056,0.574,0.5684,0.6117,0.6522,0.5056,0.5933
1633372293,0.6508,0.6439,0.5698,0.5237,0.6522,0.6341,0.507,0.574,0.567,0.6117,0.6522,0.507,0.5934
1633372294,0.6494,0.6453,0.5698,0.5223,0.6536,0.6341,0.507,0.5754,0.5768,0.6103,0.6536,0.507,0.5944
1633372295,0.6508,0.6453,0.5698,0.5223,0.6536,0.6355,0.5056,0.574,0.5754,0.6117,0.6536,0.5056,0.5944
1633372296,0.6494,0.6453,0.5698,0.5223,0.6536,0.6341,0.5056,0.574,0.5768,0.6117,0.6536,0.5056,0.5943
1633372297,0.6494,0.6453,0.5712,0.5237,0.6522,0.6341,0.5056,0.5754,0.5754,0.6103,0.6522,0.5056,0.5943
1633372298,0.6508,0.6439,0.5698,0.5223,0.6522,0.6341,0.5056,0.574,0.5768,0.6103,0.6522,0.5056,0.594
1633372299,0.6522,0.6439,0.5698,0.5223,0.6522,0.6341,0.507,0.574,0.5768,0.6103,0.6522,0.507,0.5943
1633372300,0.6508,0.6439,0.5698,0.5223,0.655,0.6341,0.5056,0.5754,0.5768,0.6117,0.655,0.5056,0.5945
1633372301,0.6508,0.6439,0.5698,0.5223,0.6536,0.6341,0.507,0.574,0.5754,0.6103,0.6536,0.507,0.5941
1633372302,0.6508,0.6439,0.5698,0.5223,0.6536,0.6341,0.507,0.5754,0.5754,0.6103,0.6536,0.507,0.5943
1633372303,0.6508,0.6439,0.5712,0.5223,0.655,0.6341,0.5056,0.574,0.5768,0.6103,0.655,0.5056,0.5944
1633372304,0.6508,0.6439,0.5712,0.5237,0.6536,0.6341,0.5056,0.574,0.5754,0.6103,0.6536,0.5056,0.5943
1633372305,0.6508,0.6439,0.5712,0.5223,0.6536,0.6355,0.507,0.574,0.5754,0.6103,0.6536,0.507,0.5944
1633372306,0.6522,0.6453,0.5712,0.5223,0.6536,0.6341,0.5056,0.5754,0.5768,0.6103,0.6536,0.5056,0.5947
1633372307,0.6508,0.6439,0.5698,0.5237,0.6536,0.6355,0.507,0.574,0.5768,0.6117,0.6536,0.507,0.5947
1633372308,0.6508,0.6453,0.5698,0.5237,0.655,0.6341,0.5056,0.574,0.5754,0.6103,0.655,0.5056,0.5944
1633372309,0.6508,0.6453,0.5698,0.5223,0.6536,0.6341,0.5056,0.5754,0.5768,0.6103,0.6536,0.5056,0.5944
1633372310,0.6508,0.6439,0.5698,0.5223,0.6536,0.6355,0.5056,0.5754,0.5754,0.6103,0.6536,0.5056,0.5943
1633372311,0.6522,0.6439,0.5712,0.5419,0.6536,0.6355,0.507,0.574,0.5754,0.6103,0.6536,0.507,0.5965
1633372312,0.6522,0.6453,0.5698,0.5419,0.6536,0.6341,0.5056,0.5754,0.5768,0.6103,0.6536,0.5056,0.5965
1633372313,0.6508,0.6439,0.5698,0.5419,0.6536,0.6341,0.507,0.574,0.5754,0.6117,0.6536,0.507,0.5962
1633372314,0.6522,0.6439,0.5712,0.5419,0.655,0.6355,0.507,0.574,0.5754,0.6103,0.655,0.507,0.5966
1633372315,0.6508,0.6439,0.5698,0.5419,0.655,0.6355,0.507,0.574,0.5768,0.6117,0.655,0.507,0.5966
1633372316,0.6522,0.6439,0.5698,0.5433,0.6536,0.6341,0.5056,0.574,0.5754,0.6117,0.6536,0.5056,0.5964
1633372317,0.6508,0.6453,0.5712,0.5419,0.655,0.6341,0.507,0.5754,0.5754,0.6117,0.655,0.507,0.5968
1633372318,0.6508,0.6439,0.5712,0.5433,0.6536,0.6341,0.5056,0.574,0.5754,0.6103,0.6536,0.5056,0.5962
1633372319,0.6508,0.6439,0.5712,0.5419,0.655,0.6341,0.5056,0.5768,0.5754,0.6103,0.655,0.5056,0.5965
1633372320,0.6508,0.6453,0.5698,0.5419,0.655,0.6341,0.5056,0.5754,0.5754,0.6103,0.655,0.5056,0.5964
1633372321,0.6508,0.6439,0.5712,0.5419,0.6536,0.6341,0.507,0.5768,0.5768,0.6103,0.6536,0.507,0.5966
1633372322,0.6522,0.6439,0.5698,0.5433,0.6536,0.6355,0.507,0.5908,0.5754,0.6117,0.6536,0.507,0.5983
1633372323,0.6522,0.6439,0.5698,0.5419,0.6536,0.6341,0.507,0.5908,0.5754,0.6117,0.6536,0.507,0.598
1633372324,0.6508,0.6453,0.5698,0.5433,0.6536,0.6341,0.507,0.5908,0.5754,0.6103,0.6536,0.507,0.598
1633372325,0.6522,0.6439,0.5712,0.5419,0.6536,0.6341,0.507,0.5908,0.5754,0.6117,0.6536,0.507,0.5982
1633372326,0.6508,0.6439,0.5698,0.5419,0.6536,0.6355,0.507,0.5922,0.5754,0.6103,0.6536,0.507,0.598
1633372327,0.6508,0.6453,0.5698,0.5419,0.6536,0.6355,0.5056,0.5922,0.5754,0.6117,0.6536,0.5056,0.5982
1633372328,0.6522,0.6453,0.5698,0.5433,0.6536,0.6341,0.507,0.5908,0.5754,0.6117,0.6536,0.507,0.5983
1633372329,0.6508,0.6453,0.5698,0.5419,0.6536,0.6355,0.507,0.5922,0.5754,0.6103,0.6536,0.507,0.5982
1633372330,0.6508,0.6439,0.5712,0.5433,0.6536,0.6341,0.5056,0.5908,0.5754,0.6103,0.6536,0.5056,0.5979
1633372331,0.6522,0.6439,0.5698,0.5419,0.6536,0.6341,0.5056,0.5908,0.5768,0.6117,0.6536,0.5056,0.598
1633372332,0.6522,0.6439,0.5712,0.5419,0.6536,0.6355,0.5056,0.5908,0.5768,0.6117,0.6536,0.5056,0.5983
1633372333,0.6508,0.6439,0.5698,0.5419,0.6536,0.6341,0.507,0.5908,0.5754,0.6117,0.6536,0.507,0.5979
1633372334,0.6522,0.6439,0.5698,0.5461,0.655,0.6341,0.5056,0.5922,0.5768,0.6117,0.655,0.5056,0.5987
1633372335,0.6508,0.6439,0.5698,0.5447,0.6536,0.6341,0.5056,0.5936,0.5768,0.6103,0.6536,0.5056,0.5983
1633372336,0.6508,0.6453,0.5698,0.5447,0.6536,0.6341,0.5056,0.5922,0.5754,0.6103,0.6536,0.5056,0.5982
1633372337,0.6508,0.6439,0.5712,0.5447,0.6536,0.6341,0.5056,0.5922,0.5768,0.6103,0.6536,0.5056,0.5983
1633372338,0.6522,0.6439,0.5698,0.5461,0.6536,0.6341,0.507,0.5922,0.6313,0.6103,0.6536,0.507,0.604
1633372339,0.6522,0.6439,0.5698,0.5447,0.655,0.6341,0.5056,0.5922,0.6327,0.6117,0.655,0.5056,0.6042
1633372340,0.6508,0.6439,0.5698,0.5447,0.6536,0.6341,0.5056,0.5936,0.6313,0.6103,0.6536,0.5056,0.6038
1633372341,0.6522,0.6439,0.5712,0.5461,0.6536,0.6341,0.507,0.5936,0.6313,0.6103,0.6536,0.507,0.6043
1633372342,0.6522,0.6439,0.5698,0.5447,0.655,0.6341,0.5056,0.5936,0.6327,0.6117,0.655,0.5056,0.6043
1633372343,0.6508,0.6453,0.5712,0.5461,0.6536,0.6341,0.507,0.5922,0.6327,0.6117,0.6536,0.507,0.6045
1633372344,0.6522,0.6439,0.5712,0.5447,0.6536,0.6341,0.507,0.5922,0.6313,0.6117,0.6536,0.507,0.6042
1633372345,0.6522,0.6439,0.5698,0.5447,0.655,0.6355,0.5056,0.5922,0.6313,0.6117,0.655,0.5056,0.6042
1633372346,0.6522,0.6439,0.5698,0.5447,0.6536,0.6341,0.5056,0.5936,0.6313,0.6131,0.6536,0.5056,0.6042
1633372347,0.6508,0.6439,0.5712,0.5447,0.6536,0.6341,0.507,0.5922,0.6327,0.6117,0.6536,0.507,0.6042
1633372348,0.6508,0.6453,0.5712,0.5447,0.6536,0.6425,0.507,0.5922,0.6327,0.6117,0.6536,0.507,0.6052
1633372349,0.6522,0.6439,0.5698,0.5447,0.655,0.6425,0.507,0.5936,0.6327,0.6117,0.655,0.507,0.6053
1633372350,0.6522,0.6439,0.5698,0.5447,0.6536,0.6411,0.5084,0.5922,0.6341,0.6117,0.6536,0.5084,0.6052
1633372351,0.6508,0.6453,0.5712,0.5461,0.6536,0.6411,0.5084,0.5936,0.6341,0.6229,0.6536,0.5084,0.6067
1633372352,0.6522,0.6439,0.5698,0.5447,0.655,0.6425,0.507,0.5922,0.6327,0.6215,0.655,0.507,0.6061
1633372353,0.6508,0.6439,0.5698,0.5461,0.6536,0.6411,0.507,0.5922,0.6341,0.6215,0.6536,0.507,0.606
1633372354,0.6508,0.6439,0.5698,0.5447,0.6536,0.6411,0.507,0.5922,0.6341,0.6215,0.6536,0.507,0.6059
1633372355,0.6508,0.6439,0.5698,0.5447,0.6536,0.6411,0.507,0.5922,0.6327,0.6215,0.6536,0.507,0.6057
1633372356,0.6508,0.6453,0.5698,0.5447,0.6536,0.6411,0.5084,0.5936,0.6327,0.6215,0.6536,0.5084,0.6061
1633372357,0.6522,0.6439,0.5698,0.5447,0.6536,0.6411,0.507,0.5936,0.6341,0.6215,0.6536,0.507,0.6061
1633372358,0.6508,0.6439,0.5698,0.5447,0.655,0.6425,0.507,0.5922,0.6341,0.6215,0.655,0.507,0.6062
1633372359,0.6508,0.6453,0.5698,0.5447,0.6536,0.6411,0.507,0.5922,0.6341,0.6215,0.6536,0.507,0.606
1633372360,0.6508,0.6453,0.5698,0.5447,0.6592,0.6411,0.507,0.5936,0.6327,0.6229,0.6592,0.507,0.6067
1633372361,0.6508,0.6439,0.5712,0.5461,0.6606,0.6411,0.5084,0.5922,0.6341,0.6215,0.6606,0.5084,0.607
1633372362,0.6508,0.6453,0.5712,0.5447,0.6606,0.6411,0.5265,0.5922,0.6341,0.6215,0.6606,0.5265,0.6088
1633372363,0.6508,0.6508,0.5712,0.5461,0.6606,0.6411,0.5279,0.5922,0.6327,0.6229,0.6606,0.5279,0.6096
1633372364,0.6508,0.6508,0.5698,0.5447,0.6592,0.6411,0.5265,0.5936,0.6341,0.6215,0.6592,0.5265,0.6092
1633372365,0.6508,0.6522,0.5698,0.5447,0.6592,0.6411,0.5265,0.5936,0.6327,0.6215,0.6592,0.5265,0.6092
1633372366,0.6592,0.6522,0.5698,0.5447,0.6606,0.6411,0.5265,0.5922,0.6341,0.6215,0.6606,0.5265,0.6102
1633372367,0.6578,0.6508,0.5712,0.5447,0.6606,0.6425,0.5265,0.5922,0.6341,0.6215,0.6606,0.5265,0.6102
1633372368,0.6578,0.6508,0.5698,0.5447,0.6592,0.6411,0.5265,0.5936,0.6327,0.6215,0.6592,0.5265,0.6098
1633372369,0.6578,0.6508,0.5698,0.5447,0.6606,0.6411,0.5279,0.5922,0.6341,0.6215,0.6606,0.5279,0.61
1633372370,0.6578,0.6508,0.5698,0.5461,0.6606,0.6411,0.5265,0.5922,0.6327,0.6229,0.6606,0.5265,0.61
1633372371,0.6592,0.6508,0.5712,0.5447,0.6592,0.6411,0.5279,0.5922,0.6327,0.6229,0.6592,0.5279,0.6102
1633372372,0.6578,0.6508,0.5712,0.5447,0.6592,0.6411,0.5279,0.5922,0.6341,0.6215,0.6592,0.5279,0.61
1633372373,0.6592,0.6522,0.5698,0.5447,0.6592,0.655,0.5265,0.5936,0.6341,0.6215,0.6592,0.5265,0.6116
1633372374,0.6592,0.6508,0.5712,0.5461,0.6606,0.6564,0.5265,0.5922,0.6327,0.6215,0.6606,0.5265,0.6117
1633372375,0.6592,0.6522,0.5698,0.5447,0.6592,0.655,0.5363,0.5936,0.6327,0.6229,0.6592,0.5363,0.6126
1633372376,0.6592,0.6508,0.5698,0.5447,0.6592,0.6564,0.5363,0.5922,0.6369,0.6215,0.6592,0.5363,0.6127
1633372377,0.6592,0.6522,0.5712,0.5447,0.6606,0.655,0.5349,0.5922,0.6453,0.6215,0.6606,0.5349,0.6137
1633372378,0.6592,0.6508,0.5698,0.5447,0.6592,0.655,0.5349,0.5936,0.6453,0.6215,0.6592,0.5349,0.6134
1633372379,0.6592,0.6522,0.5712,0.5461,0.6606,0.6564,0.5349,0.595,0.6439,0.6215,0.6606,0.5349,0.6141
1633372380,0.6578,0.6508,0.5712,0.5447,0.6592,0.655,0.5363,0.595,0.6439,0.6215,0.6592,0.5363,0.6135
1633372381,0.6578,0.6508,0.5712,0.5447,0.6606,0.655,0.5363,0.5936,0.6439,0.6215,0.6606,0.5363,0.6135
1633372382,0.6578,0.6508,0.5712,0.5461,0.6592,0.655,0.5363,0.595,0.6466,0.6229,0.6592,0.5363,0.6141
1633372383,0.6592,0.6508,0.5698,0.5447,0.6592,0.655,0.5349,0.5936,0.6453,0.6215,0.6592,0.5349,0.6134
1633372384,0.6578,0.6508,0.5712,0.5447,0.6592,0.655,0.5363,0.5936,0.6453,0.6215,0.6592,0.5363,0.6135
1633372385,0.6592,0.6522,0.5698,0.5461,0.6606,0.655,0.5363,0.595,0.6453,0.6215,0.6606,0.5363,0.6141
1633372386,0.6578,0.6522,0.5698,0.5447,0.6606,0.6564,0.5377,0.595,0.6494,0.6229,0.6606,0.5377,0.6146
1633372387,0.6578,0.6508,0.5698,0.5447,0.6592,0.655,0.5377,0.595,0.6494,0.6215,0.6592,0.5377,0.6141
1633372388,0.6578,0.6508,0.5698,0.5447,0.6592,0.655,0.5377,0.5936,0.648,0.6215,0.6592,0.5377,0.6138
1633372389,0.6578,0.6508,0.5712,0.5447,0.6592,0.655,0.5377,0.595,0.6494,0.6229,0.6592,0.5377,0.6144
1633372390,0.6592,0.6508,0.5712,0.5461,0.6606,0.655,0.5377,0.595,0.648,0.6229,0.6606,0.5377,0.6146
1633372391,0.6578,0.6508,0.5698,0.5461,0.6592,0.655,0.5377,0.595,0.648,0.6215,0.6592,0.5377,0.6141
1633372392,0.6592,0.6508,0.5712,0.5461,0.6606,0.655,0.5391,0.5936,0.6494,0.6229,0.6606,0.5391,0.6148
1633372393,0.6578,0.6508,0.5712,0.5447,0.6606,0.655,0.5377,0.5936,0.6494,0.6229,0.6606,0.5377,0.6144
1633372394,0.6592,0.6508,0.5698,0.5447,0.6606,0.655,0.5377,0.5936,0.648,0.6229,0.6606,0.5377,0.6142
1633372395,0.6578,0.6522,0.5712,0.5447,0.6606,0.655,0.5391,0.595,0.648,0.6229,0.6606,0.5391,0.6146
1633372396,0.6592,0.6508,0.5698,0.5461,0.6592,0.6592,0.5391,0.5936,0.648,0.6215,0.6592,0.5391,0.6147
1633372397,0.6592,0.6522,0.5712,0.5447,0.6592,0.6578,0.5377,0.5936,0.648,0.6215,0.6592,0.5377,0.6145
1633372398,0.6578,0.6522,0.5698,0.5447,0.6606,0.6578,0.5391,0.5936,0.6494,0.6215,0.6606,0.5391,0.6147
1633372399,0.6578,0.6522,0.5698,0.5447,0.6592,0.6578,0.5391,0.5936,0.648,0.6215,0.6592,0.5391,0.6144
1633372400,0.6578,0.6508,0.5698,0.5461,0.6592,0.6578,0.5391,0.5936,0.648,0.6215,0.6592,0.5391,0.6144
1633372401,0.6578,0.6508,0.5698,0.5461,0.6606,0.6578,0.5377,0.5936,0.648,0.6215,0.6606,0.5377,0.6144
1633372402,0.6578,0.6522,0.5698,0.5447,0.6592,0.6592,0.5377,0.595,0.648,0.6229,0.6592,0.5377,0.6146
1633372403,0.6578,0.6522,0.5712,0.5447,0.6592,0.6592,0.5391,0.595,0.648,0.6229,0.6592,0.5391,0.6149
1633372404,0.6592,0.6522,0.5712,0.5461,0.6592,0.6578,0.5391,0.5936,0.648,0.6229,0.6592,0.5391,0.6149
1633372405,0.6592,0.6508,0.5698,0.5447,0.6592,0.6592,0.5391,0.595,0.6494,0.6215,0.6592,0.5391,0.6148
1633372406,0.6578,0.6508,0.5698,0.5461,0.6592,0.6578,0.5377,0.595,0.6494,0.6215,0.6592,0.5377,0.6145
1633372407,0.6592,0.6522,0.5698,0.5447,0.6592,0.6578,0.5377,0.5936,0.648,0.6215,0.6592,0.5377,0.6144
1633372408,0.6592,0.6508,0.5698,0.5447,0.6592,0.6578,0.5377,0.5936,0.648,0.6229,0.6592,0.5377,0.6144
1633372409,0.6578,0.6522,0.5698,0.5447,0.6592,0.6578,0.5377,0.595,0.6494,0.6229,0.6592,0.5377,0.6146
1633372410,0.6578,0.6508,0.5712,0.5447,0.6592,0.6578,0.5391,0.595,0.6494,0.6229,0.6592,0.5391,0.6148
1633372411,0.6578,0.6508,0.5698,0.5461,0.6606,0.6592,0.5377,0.5936,0.6494,0.6215,0.6606,0.5377,0.6147
1633372412,0.6592,0.6522,0.5698,0.5447,0.6592,0.6578,0.5391,0.5936,0.648,0.6215,0.6592,0.5391,0.6145
1633372413,0.6592,0.6508,0.5698,0.5461,0.6606,0.6592,0.5391,0.595,0.648,0.6215,0.6606,0.5391,0.6149
1633372414,0.6578,0.6508,0.5712,0.5447,0.6592,0.6578,0.5391,0.5936,0.6494,0.6215,0.6592,0.5391,0.6145
1633372415,0.6592,0.6508,0.5698,0.5447,0.6592,0.6592,0.5377,0.5936,0.648,0.6215,0.6592,0.5377,0.6144
1633372416,0.6578,0.6522,0.5698,0.5447,0.6592,0.6592,0.5391,0.595,0.648,0.6215,0.6592,0.5391,0.6147
1633372417,0.6592,0.6522,0.5698,0.5447,0.6606,0.6578,0.5377,0.5936,0.6494,0.6229,0.6606,0.5377,0.6148
1633372418,0.6578,0.6522,0.5698,0.5447,0.6592,0.6592,0.5377,0.5936,0.6494,0.6215,0.6592,0.5377,0.6145
1633372419,0.6578,0.6508,0.5712,0.5447,0.6592,0.6592,0.5391,0.5936,0.6494,0.6215,0.6592,0.5391,0.6147
1633372420,0.6578,0.6522,0.5754,0.5447,0.6592,0.6578,0.5377,0.5936,0.648,0.6229,0.6592,0.5377,0.6149
1633372421,0.6578,0.6508,0.5768,0.5461,0.6592,0.6578,0.5377,0.5936,0.6494,0.6229,0.6592,0.5377,0.6152
1633372422,0.6592,0.6508,0.5768,0.5461,0.6592,0.6578,0.5377,0.5936,0.648,0.6215,0.6592,0.5377,0.6151
1633372423,0.6578,0.6508,0.5754,0.5461,0.6592,0.6578,0.5377,0.5936,0.648,0.6215,0.6592,0.5377,0.6148
1633372424,0.6578,0.6508,0.5768,0.5461,0.6592,0.6578,0.5377,0.5936,0.6494,0.6229,0.6592,0.5377,0.6152
1633372425,0.6578,0.6508,0.5754,0.5461,0.6606,0.6578,0.5377,0.5936,0.6494,0.6229,0.6606,0.5377,0.6152
1633372426,0.6578,0.6508,0.5754,0.5447,0.6606,0.6578,0.5377,0.5936,0.6494,0.6215,0.6606,0.5377,0.6149
1633372427,0.6592,0.6522,0.5754,0.5461,0.6592,0.6578,0.5391,0.595,0.6494,0.6215,0.6592,0.5391,0.6155
1633372428,0.6592,0.6522,0.5754,0.5447,0.6592,0.6578,0.5377,0.5936,0.648,0.6215,0.6592,0.5377,0.6149
1633372429,0.6578,0.6508,0.5768,0.5447,0.6606,0.6592,0.5391,0.595,0.648,0.6215,0.6606,0.5391,0.6154
1633372430,0.6592,0.6508,0.5768,0.5447,0.6606,0.6578,0.5391,0.5936,0.6494,0.6215,0.6606,0.5391,0.6154
1633372431,0.6578,0.6508,0.5754,0.5447,0.6592,0.6578,0.5377,0.5936,0.6494,0.6229,0.6592,0.5377,0.6149
1633372432,0.6592,0.6508,0.5768,0.5447,0.6592,0.6578,0.5391,0.595,0.6494,0.6215,0.6592,0.5391,0.6154
1633372433,0.6578,0.6508,0.5754,0.5447,0.6592,0.6578,0.5377,0.595,0.6494,0.6215,0.6592,0.5377,0.6149
1633372434,0.6578,0.6508,0.5754,0.5447,0.662,0.6592,0.5377,0.5936,0.648,0.6215,0.662,0.5377,0.6151
1633372435,0.6592,0.6522,0.5754,0.5461,0.6634,0.6578,0.5391,0.595,0.648,0.6215,0.6634,0.5391,0.6158
1633372436,0.6578,0.6522,0.5754,0.5447,0.6634,0.6578,0.5391,0.5936,0.648,0.6215,0.6634,0.5391,0.6154
1633372437,0.6578,0.6522,0.5754,0.5461,0.662,0.6578,0.5391,0.595,0.648,0.6215,0.662,0.5391,0.6155
1633372438,0.6578,0.6522,0.5768,0.5447,0.662,0.6578,0.5391,0.5936,0.648,0.6215,0.662,0.5391,0.6154
1633372439,0.6578,0.6508,0.5754,0.5447,0.6634,0.6592,0.5391,0.5936,0.6494,0.6229,0.6634,0.5391,0.6156
1633372440,0.6578,0.6508,0.5754,0.5447,0.6634,0.6578,0.5391,0.5936,0.6494,0.6215,0.6634,0.5391,0.6154
1633372441,0.6578,0.6508,0.5754,0.5447,0.662,0.6592,0.5377,0.5936,0.648,0.6215,0.662,0.5377,0.6151
1633372442,0.6578,0.6522,0.5754,0.5447,0.6634,0.6592,0.5391,0.5936,0.6494,0.6229,0.6634,0.5391,0.6158
1633372443,0.6592,0.6522,0.5754,0.5461,0.662,0.6592,0.5377,0.5964,0.648,0.6215,0.662,0.5377,0.6158
1633372444,0.6578,0.6508,0.5754,0.5461,0.6634,0.6592,0.5377,0.5978,0.6494,0.6215,0.6634,0.5377,0.6159
1633372445,0.6578,0.6508,0.5768,0.5447,0.6634,0.6578,0.5377,0.5978,0.648,0.6215,0.6634,0.5377,0.6156
1633372446,0.6578,0.6508,0.5768,0.5447,0.662,0.6592,0.5377,0.5964,0.6494,0.6215,0.662,0.5377,0.6156
1633372447,0.6592,0.6508,0.5754,0.5447,0.6634,0.6578,0.5377,0.5964,0.6494,0.6215,0.6634,0.5377,0.6156
1633372448,0.6578,0.6522,0.5768,0.5447,0.6634,0.6578,0.5377,0.5964,0.648,0.6215,0.6634,0.5377,0.6156
1633372449,0.6578,0.6508,0.5768,0.5447,0.662,0.6578,0.5377,0.5964,0.6494,0.6215,0.662,0.5377,0.6155
1633372450,0.6578,0.6522,0.5754,0.5447,0.662,0.6578,0.5377,0.5978,0.648,0.6215,0.662,0.5377,0.6155
1633372451,0.6578,0.6508,0.5768,0.5447,0.662,0.6578,0.5377,0.5964,0.648,0.6215,0.662,0.5377,0.6154
1633372452,0.6592,0.6508,0.5768,0.5447,0.662,0.6578,0.5391,0.5964,0.6494,0.6229,0.662,0.5391,0.6159
1633372453,0.6592,0.6508,0.5754,0.5447,0.662,0.6592,0.5377,0.5964,0.648,0.6215,0.662,0.5377,0.6155
1633372454,0.6578,0.6508,0.5754,0.5447,0.662,0.6578,0.5377,0.5964,0.6494,0.6215,0.662,0.5377,0.6154
1633372455,0.6578,0.6508,0.5768,0.5461,0.6634,0.6578,0.5377,0.5978,0.6494,0.6215,0.6634,0.5377,0.6159
1633372456,0.6578,0.6508,0.5768,0.5447,0.662,0.6578,0.5377,0.5964,0.6494,0.6229,0.662,0.5377,0.6156
1633372457,0.6578,0.6522,0.5754,0.5447,0.662,0.6578,0.5377,0.5964,0.648,0.6215,0.662,0.5377,0.6154
1633372458,0.6578,0.6522,0.5768,0.5447,0.662,0.6578,0.5377,0.5978,0.6494,0.6215,0.662,0.5377,0.6158
1633372459,0.6578,0.6522,0.5754,0.5447,0.662,0.6592,0.5377,0.5964,0.648,0.6215,0.662,0.5377,0.6155
1633372460,0.6578,0.6508,0.5754,0.5461,0.662,0.6578,0.5391,0.5978,0.6494,0.6229,0.662,0.5391,0.6159
1633372461,0.6578,0.6508,0.5754,0.5447,0.6634,0.6592,0.5391,0.5964,0.648,0.6215,0.6634,0.5391,0.6156
1633372462,0.6578,0.6508,0.5754,0.5447,0.662,0.6578,0.5391,0.5964,0.648,0.6229,0.662,0.5391,0.6155
1633372463,0.6578,0.6522,0.5754,0.5447,0.662,0.6578,0.5391,0.5964,0.6522,0.6215,0.662,0.5391,0.6159
1633372464,0.6578,0.6508,0.5754,0.5447,0.662,0.6578,0.5391,0.5964,0.6536,0.6215,0.662,0.5391,0.6159
1633372465,0.6578,0.6508,0.5754,0.5447,0.662,0.6578,0.5377,0.5978,0.6522,0.6229,0.662,0.5377,0.6159
1633372466,0.6592,0.6508,0.5754,0.5447,0.6634,0.6592,0.5377,0.5964,0.6522,0.6229,0.6634,0.5377,0.6162
1633372467,0.6578,0.6508,0.5754,0.5447,0.6634,0.6592,0.5377,0.5964,0.6522,0.6215,0.6634,0.5377,0.6159
1633372468,0.6592,0.6508,0.5754,0.5447,0.662,0.6592,0.5391,0.5964,0.6536,0.6229,0.662,0.5391,0.6163
1633372469,0.6578,0.6508,0.5768,0.5447,0.6634,0.6592,0.5377,0.5964,0.6536,0.6215,0.6634,0.5377,0.6162
1633372470,0.6592,0.6508,0.5754,0.5461,0.6634,0.6592,0.5391,0.5964,0.6536,0.6215,0.6634,0.5391,0.6165
1633372471,0.6578,0.6508,0.5754,0.5447,0.6634,0.6578,0.5377,0.5964,0.6536,0.6215,0.6634,0.5377,0.6159
1633372472,0.6578,0.6508,0.5922,0.5461,0.6634,0.6578,0.5377,0.5978,0.6522,0.6215,0.6634,0.5377,0.6177
1633372473,0.6578,0.6522,0.5922,0.5447,0.662,0.6592,0.5391,0.5978,0.6536,0.6215,0.662,0.5391,0.618
1633372474,0.6592,0.6508,0.5922,0.5447,0.6634,0.6592,0.5391,0.5978,0.6522,0.6215,0.6634,0.5391,0.618
1633372475,0.6578,0.6508,0.5922,0.5447,0.662,0.6578,0.5391,0.5964,0.6522,0.6229,0.662,0.5391,0.6176
1633372476,0.6578,0.6508,0.5922,0.5461,0.662,0.6578,0.5377,0.5964,0.6522,0.6215,0.662,0.5377,0.6175
1633372477,0.6578,0.6508,0.5936,0.5461,0.6634,0.6578,0.5391,0.5978,0.6536,0.6215,0.6634,0.5391,0.6182
1633372478,0.6578,0.6508,0.5922,0.5447,0.6634,0.6578,0.5377,0.5978,0.6522,0.6215,0.6634,0.5377,0.6176
1633372479,0.6578,0.6508,0.5922,0.5461,0.6634,0.6578,0.5377,0.5964,0.6536,0.6215,0.6634,0.5377,0.6177
1633372480,0.6578,0.6522,0.5922,0.5447,0.6634,0.6578,0.5391,0.5978,0.6522,0.6215,0.6634,0.5391,0.6179
1633372481,0.6578,0.6508,0.5936,0.5461,0.662,0.6592,0.5377,0.5978,0.6536,0.6229,0.662,0.5377,0.6181
1633372482,0.6592,0.6522,0.5922,0.5447,0.6634,0.6592,0.5391,0.5964,0.6522,0.6215,0.6634,0.5391,0.618
1633372483,0.6578,0.6508,0.5922,0.5447,0.662,0.6578,0.5391,0.5978,0.6536,0.6215,0.662,0.5391,0.6177
1633372484,0.6578,0.6508,0.5922,0.5461,0.662,0.6592,0.5377,0.5978,0.6536,0.6215,0.662,0.5377,0.6179
1633372485,0.6578,0.6522,0.5922,0.5447,0.6634,0.6592,0.5377,0.5964,0.6536,0.6215,0.6634,0.5377,0.6179
1633372486,0.6578,0.6508,0.5936,0.5447,0.662,0.6578,0.5377,0.5964,0.6536,0.6215,0.662,0.5377,0.6176
1633372487,0.6592,0.6522,0.5922,0.5447,0.662,0.6578,0.5377,0.5978,0.6522,0.6215,0.662,0.5377,0.6177
1633372488,0.6578,0.6522,0.5922,0.5461,0.6634,0.6578,0.5391,0.5964,0.6522,0.6229,0.6634,0.5391,0.618
1633372489,0.6578,0.6508,0.5922,0.5461,0.662,0.6578,0.5377,0.5964,0.6522,0.6215,0.662,0.5377,0.6175
1633372490,0.6592,0.6508,0.5922,0.5447,0.662,0.6578,0.5377,0.5964,0.6536,0.6215,0.662,0.5377,0.6176
1633372491,0.6606,0.6522,0.5922,0.5447,0.662,0.6578,0.5377,0.5964,0.6536,0.6229,0.662,0.5377,0.618
1633372492,0.6606,0.6508,0.5922,0.5461,0.662,0.6592,0.5377,0.5964,0.6522,0.6215,0.662,0.5377,0.6179
1633372493,0.6592,0.6522,0.5922,0.5447,0.6634,0.6578,0.5377,0.5978,0.6536,0.6229,0.6634,0.5377,0.6181
1633372494,0.6592,0.6522,0.5922,0.5461,0.662,0.6578,0.5377,0.5964,0.6522,0.6215,0.662,0.5377,0.6177
1633372495,0.6592,0.6508,0.5922,0.5447,0.6634,0.6578,0.5391,0.5964,0.6522,0.6229,0.6634,0.5391,0.6179
1633372496,0.6606,0.6522,0.5922,0.5461,0.662,0.6592,0.5391,0.5978,0.6536,0.6215,0.662,0.5391,0.6184
1633372497,0.6606,0.6522,0.5922,0.5447,0.662,0.6578,0.5377,0.5964,0.6522,0.6243,0.662,0.5377,0.618
1633372498,0.6606,0.6508,0.5922,0.5447,0.662,0.6578,0.5391,0.5964,0.6536,0.6229,0.662,0.5391,0.618
1633372499,0.6606,0.6508,0.5922,0.5447,0.6634,0.6578,0.5391,0.5964,0.6536,0.6243,0.6634,0.5391,0.6183
1633372500,0.662,0.6508,0.5922,0.5461,0.662,0.6578,0.5391,0.5964,0.6564,0.6229,0.662,0.5391,0.6186
1633372501,0.6606,0.6508,0.5936,0.5447,0.662,0.6592,0.5391,0.5964,0.6564,0.6243,0.662,0.5391,0.6187
1633372502,0.662,0.6508,0.5922,0.5447,0.662,0.6578,0.5377,0.5978,0.6564,0.6229,0.662,0.5377,0.6184
1633372503,0.662,0.6522,0.5936,0.5447,0.6634,0.6578,0.5377,0.5964,0.6578,0.6243,0.6634,0.5377,0.619
1633372504,0.6606,0.6508,0.5922,0.5447,0.662,0.6578,0.5377,0.5978,0.6564,0.6243,0.662,0.5377,0.6184
1633372505,0.662,0.6522,0.5936,0.5447,0.662,0.6578,0.5391,0.5964,0.6564,0.6243,0.662,0.5391,0.6188
1633372506,0.6606,0.6508,0.5936,0.5461,0.662,0.6592,0.5391,0.5964,0.6564,0.6243,0.662,0.5391,0.6188
1633372507,0.6606,0.6522,0.5922,0.5461,0.6634,0.6592,0.5377,0.5978,0.6564,0.6257,0.6634,0.5377,0.6191
1633372508,0.6606,0.6508,0.5936,0.5461,0.662,0.6578,0.5377,0.5964,0.6578,0.6243,0.662,0.5377,0.6187
1633372509,0.6606,0.6522,0.5922,0.5461,0.662,0.6592,0.5391,0.5978,0.6564,0.6243,0.662,0.5391,0.619
1633372510,0.6606,0.6522,0.5922,0.5447,0.662,0.6578,0.5391,0.5964,0.6564,0.6243,0.662,0.5391,0.6186
1633372511,0.6606,0.6522,0.5936,0.5447,0.6634,0.6578,0.5377,0.5978,0.6578,0.6243,0.6634,0.5377,0.619
1633372512,0.6606,0.6508,0.5936,0.5447,0.662,0.6592,0.5391,0.5964,0.6578,0.6243,0.662,0.5391,0.6189
1633372513,0.6606,0.6508,0.595,0.5447,0.6634,0.6578,0.5377,0.5964,0.6564,0.6243,0.6634,0.5377,0.6187
1633372514,0.6606,0.6508,0.5936,0.5447,0.662,0.6578,0.5377,0.5978,0.6564,0.6243,0.662,0.5377,0.6186
1633372515,0.6606,0.6508,0.5936,0.5461,0.662,0.6592,0.5377,0.5964,0.6578,0.6257,0.662,0.5377,0.619
1633372516,0.662,0.6522,0.5936,0.5447,0.6634,0.6578,0.5377,0.5964,0.6564,0.6257,0.6634,0.5377,0.619
1633372517,0.662,0.6522,0.5936,0.5461,0.662,0.6592,0.5377,0.5978,0.6578,0.6257,0.662,0.5377,0.6194
1633372518,0.662,0.6508,0.5936,0.5461,0.6634,0.6592,0.5377,0.5964,0.6564,0.6243,0.6634,0.5377,0.619
1633372519,0.662,0.6522,0.595,0.5447,0.662,0.6578,0.5391,0.5964,0.6578,0.6243,0.662,0.5391,0.6191
1633372520,0.662,0.6522,0.595,0.5447,0.6634,0.6592,0.5391,0.5978,0.6578,0.6257,0.6634,0.5391,0.6197
1633372521,0.662,0.6508,0.595,0.5461,0.662,0.6592,0.5405,0.5964,0.6564,0.6257,0.662,0.5405,0.6194
1633372522,0.662,0.6522,0.5936,0.5447,0.662,0.6578,0.5391,0.5964,0.6564,0.6243,0.662,0.5391,0.6188
1633372523,0.6606,0.6508,0.5936,0.5447,0.6634,0.6578,0.5405,0.5964,0.6564,0.6257,0.6634,0.5405,0.619
1633372524,0.6606,0.6522,0.5936,0.5447,0.662,0.6578,0.5391,0.5978,0.6564,0.6243,0.662,0.5391,0.6189
1633372525,0.662,0.6508,0.5936,0.5447,0.6634,0.6578,0.5391,0.5978,0.6564,0.6257,0.6634,0.5391,0.6191
1633372526,0.6606,0.6522,0.595,0.5447,0.662,0.6592,0.5908,0.5964,0.6578,0.6257,0.662,0.5447,0.6244
1633372527,0.6606,0.6522,0.5936,0.5447,0.6634,0.6578,0.5894,0.5964,0.6578,0.6257,0.6634,0.5447,0.6242
1633372528,0.6606,0.6536,0.5936,0.5447,0.662,0.6592,0.5908,0.5964,0.6578,0.6243,0.662,0.5447,0.6243
1633372529,0.6606,0.6522,0.595,0.5461,0.662,0.6578,0.5894,0.5964,0.6564,0.6243,0.662,0.5461,0.624
1633372530,0.6606,0.6522,0.595,0.5447,0.662,0.6578,0.5908,0.5964,0.6578,0.6257,0.662,0.5447,0.6243
1633372531,0.6606,0.6536,0.5936,0.5447,0.6634,0.6578,0.5894,0.5964,0.6578,0.6257,0.6634,0.5447,0.6243
1633372532,0.6606,0.6536,0.595,0.5447,0.662,0.6578,0.5908,0.5964,0.6564,0.6243,0.662,0.5447,0.6242
1633372533,0.662,0.6536,0.5936,0.5447,0.662,0.6592,0.5894,0.5964,0.6564,0.6257,0.662,0.5447,0.6243
1633372534,0.662,0.6522,0.5936,0.5447,0.6634,0.6592,0.5908,0.5964,0.6578,0.6257,0.6634,0.5447,0.6246
1633372535,0.6606,0.6522,0.595,0.5461,0.6634,0.6578,0.5894,0.5964,0.6578,0.6257,0.6634,0.5461,0.6244
1633372536,0.662,0.6536,0.5936,0.5447,0.662,0.6592,0.5908,0.5964,0.6564,0.6243,0.662,0.5447,0.6243
1633372537,0.662,0.6522,0.595,0.5461,0.662,0.6578,0.5894,0.5964,0.6578,0.6243,0.662,0.5461,0.6243
1633372538,0.6606,0.6522,0.5936,0.5447,0.6634,0.6592,0.5908,0.5978,0.6564,0.6243,0.6634,0.5447,0.6243
1633372539,0.6606,0.6522,0.595,0.5447,0.662,0.6578,0.5908,0.5964,0.6578,0.6243,0.662,0.5447,0.6242
1633372540,0.6606,0.6536,0.5936,0.5447,0.662,0.6578,0.5908,0.5978,0.6564,0.6257,0.662,0.5447,0.6243
1633372541,0.6606,0.6522,0.5936,0.5447,0.6634,0.6592,0.5894,0.5964,0.6578,0.6243,0.6634,0.5447,0.6242
1633372542,0.6606,0.6522,0.5936,0.5461,0.6634,0.6578,0.5908,0.5978,0.6564,0.6257,0.6634,0.5461,0.6244
1633372543,0.6606,0.6522,0.5936,0.5447,0.662,0.6578,0.5908,0.5964,0.6564,0.6243,0.662,0.5447,0.6239
1633372544,0.6606,0.6536,0.595,0.5461,0.6634,0.6578,0.5908,0.5964,0.6564,0.6257,0.6634,0.5461,0.6246
1633372545,0.662,0.6522,0.5936,0.5447,0.662,0.6578,0.5894,0.5978,0.6564,0.6243,0.662,0.5447,0.624
1633372546,0.662,0.6522,0.5936,0.5447,0.662,0.6592,0.5894,0.5964,0.6564,0.6257,0.662,0.5447,0.6242
1633372547,0.6606,0.6536,0.5936,0.5447,0.6634,0.6578,0.5908,0.5964,0.6564,0.6243,0.6634,0.5447,0.6242
1633372548,0.6606,0.6522,0.595,0.5447,0.6634,0.6578,0.5908,0.5978,0.6564,0.6243,0.6634,0.5447,0.6243
1633372549,0.6606,0.6536,0.5936,0.5461,0.6634,0.6578,0.5894,0.5964,0.6578,0.6257,0.6634,0.5461,0.6244
1633372550,0.6606,0.6536,0.5936,0.5447,0.662,0.6592,0.5908,0.5978,0.6564,0.6243,0.662,0.5447,0.6243
1633372551,0.6606,0.6522,0.595,0.5447,0.662,0.6592,0.5894,0.5964,0.6578,0.6299,0.662,0.5447,0.6247
1633372552,0.662,0.6536,0.5936,0.5447,0.662,0.6578,0.5894,0.5978,0.6564,0.6299,0.662,0.5447,0.6247
1633372553,0.662,0.6536,0.595,0.5447,0.6634,0.6578,0.5894,0.5978,0.6606,0.6313,0.6634,0.5447,0.6256
1633372554,0.662,0.6522,0.5936,0.5461,0.662,0.6578,0.5908,0.5964,0.6606,0.6299,0.662,0.5461,0.6251
1633372555,0.6606,0.6522,0.595,0.5447,0.662,0.6578,0.5894,0.5964,0.6606,0.6299,0.662,0.5447,0.6249
1633372556,0.6606,0.6536,0.5936,0.5447,0.662,0.6578,0.5908,0.5964,0.6606,0.6299,0.662,0.5447,0.625
1633372557,0.662,0.6536,0.595,0.5447,0.6634,0.6592,0.5964,0.5964,0.662,0.6313,0.6634,0.5447,0.6264
1633372558,0.6606,0.6522,0.595,0.5447,0.662,0.6578,0.595,0.5964,0.662,0.6313,0.662,0.5447,0.6257
1633372559,0.6606,0.6536,0.5936,0.5447,0.662,0.6592,0.5964,0.5964,0.662,0.6299,0.662,0.5447,0.6258
1633372560,0.6606,0.6522,0.5936,0.5447,0.662,0.6578,0.595,0.5978,0.6606,0.6299,0.662,0.5447,0.6254
1633372561,0.6606,0.6536,0.5936,0.5447,0.662,0.6592,0.595,0.5964,0.6606,0.6299,0.662,0.5447,0.6256
1633372562,0.6606,0.6522,0.5936,0.5447,0.662,0.6578,0.595,0.5964,0.662,0.6299,0.662,0.5447,0.6254
1633372563,0.662,0.6522,0.5936,0.5447,0.662,0.6592,0.595,0.5978,0.6606,0.6299,0.662,0.5447,0.6257
1633372564,0.662,0.6522,0.595,0.5461,0.6634,0.6578,0.595,0.5978,0.6606,0.6299,0.6634,0.5461,0.626
1633372565,0.6606,0.6522,0.5936,0.5461,0.6634,0.6578,0.5964,0.5964,0.6606,0.6299,0.6634,0.5461,0.6257
1633372566,0.662,0.6522,0.5936,0.5447,0.6634,0.6578,0.5964,0.5964,0.6606,0.6313,0.6634,0.5447,0.6258
1633372567,0.662,0.6536,0.595,0.5447,0.662,0.6578,0.595,0.5964,0.662,0.6299,0.662,0.5447,0.6258
1633372568,0.662,0.6536,0.595,0.5447,0.6634,0.6578,0.595,0.5978,0.662,0.6299,0.6634,0.5447,0.6261
1633372569,0.6606,0.6536,0.5936,0.5461,0.6634,0.6592,0.5964,0.5978,0.662,0.6299,0.6634,0.5461,0.6263
1633372570,0.6606,0.6522,0.5936,0.5447,0.6634,0.6592,0.5964,0.5978,0.662,0.6299,0.6634,0.5447,0.626
1633372571,0.6606,0.6522,0.595,0.5447,0.662,0.6578,0.5964,0.5964,0.662,0.6299,0.662,0.5447,0.6257
1633372572,0.6606,0.6536,0.595,0.5447,0.662,0.6592,0.5964,0.5978,0.662,0.6299,0.662,0.5447,0.6261
1633372573,0.662,0.6522,0.595,0.5447,0.662,0.6578,0.5964,0.5978,0.6606,0.6634,0.6634,0.5447,0.6292
1633372574,0.6606,0.6522,0.5936,0.5447,0.662,0.6578,0.595,0.5964,0.662,0.6634,0.6634,0.5447,0.6288
1633372575,0.662,0.6536,0.5936,0.5461,0.6634,0.6578,0.595,0.5978,0.662,0.6648,0.6648,0.5461,0.6296
1633372576,0.662,0.6522,0.5936,0.5447,0.662,0.6578,0.595,0.5978,0.6606,0.6634,0.6634,0.5447,0.6289
1633372577,0.6606,0.6536,0.5936,0.5461,0.662,0.6578,0.595,0.5964,0.662,0.6648,0.6648,0.5461,0.6292
1633372578,0.6606,0.6536,0.595,0.5447,0.6634,0.6578,0.595,0.5964,0.662,0.6634,0.6634,0.5447,0.6292
1633372579,0.6606,0.6522,0.5936,0.5447,0.6634,0.6578,0.595,0.5964,0.6606,0.6648,0.6648,0.5447,0.6289
1633372580,0.662,0.6522,0.5936,0.5447,0.662,0.6592,0.595,0.5964,0.6606,0.6648,0.6648,0.5447,0.629
1633372581,0.6606,0.6522,0.5936,0.5461,0.6634,0.6578,0.5964,0.5964,0.6606,0.6634,0.6634,0.5461,0.629
1633372582,0.662,0.6536,0.5936,0.5447,0.662,0.6578,0.595,0.5964,0.6606,0.6634,0.6634,0.5447,0.6289
1633372583,0.6662,0.6536,0.5936,0.5447,0.662,0.6578,0.5964,0.5964,0.6606,0.6648,0.6662,0.5447,0.6296
1633372584,0.6648,0.6536,0.5936,0.5461,0.6634,0.6578,0.5964,0.5964,0.662,0.6634,0.6648,0.5461,0.6298
1633372585,0.6662,0.6522,0.5936,0.5461,0.6634,0.6578,0.5964,0.5978,0.662,0.6648,0.6662,0.5461,0.63
1633372586,0.6662,0.6536,0.5936,0.5461,0.662,0.6578,0.5964,0.5978,0.6606,0.6634,0.6662,0.5461,0.6298
1633372587,0.6648,0.6522,0.5936,0.5461,0.662,0.6578,0.5964,0.5964,0.662,0.6634,0.6648,0.5461,0.6295
1633372588,0.6648,0.6522,0.5936,0.5447,0.662,0.6592,0.595,0.5964,0.6606,0.6634,0.6648,0.5447,0.6292
1633372589,0.6648,0.6536,0.5936,0.5461,0.6634,0.6578,0.595,0.5964,0.6606,0.6634,0.6648,0.5461,0.6295
1633372590,0.6648,0.6536,0.595,0.5447,0.662,0.6592,0.5964,0.5978,0.662,0.6634,0.6648,0.5447,0.6299
1633372591,0.6648,0.6536,0.595,0.5447,0.662,0.6578,0.5964,0.5964,0.6606,0.6634,0.6648,0.5447,0.6295
1633372592,0.6662,0.6536,0.595,0.5447,0.6634,0.6578,0.595,0.5978,0.6606,0.6634,0.6662,0.5447,0.6297
1633372593,0.6662,0.6536,0.5936,0.5447,0.662,0.6578,0.595,0.5964,0.6606,0.6648,0.6662,0.5447,0.6295
1633372594,0.6648,0.6536,0.5936,0.5461,0.6634,0.6592,0.595,0.5978,0.662,0.6634,0.6648,0.5461,0.6299
1633372595,0.6662,0.655,0.5936,0.5447,0.662,0.6592,0.595,0.5978,0.662,0.6634,0.6662,0.5447,0.6299
1633372596,0.6648,0.6536,0.595,0.5447,0.662,0.6578,0.5964,0.5978,0.6606,0.6634,0.6648,0.5447,0.6296
1633372597,0.6662,0.6536,0.5936,0.5461,0.662,0.6578,0.595,0.5978,0.662,0.6634,0.6662,0.5461,0.6298
1633372598,0.6662,0.6536,0.595,0.5447,0.6634,0.6578,0.595,0.5964,0.6606,0.6662,0.6662,0.5447,0.6299
1633372599,0.6648,0.655,0.5936,0.5447,0.662,0.6578,0.595,0.5978,0.6606,0.6648,0.6648,0.5447,0.6296
1633372600,0.6648,0.6564,0.595,0.5461,0.6634,0.6578,0.5964,0.5964,0.6606,0.6648,0.6648,0.5461,0.6302
1633372601,0.6662,0.6578,0.5936,0.5447,0.662,0.6592,0.5964,0.5978,0.662,0.6648,0.6662,0.5447,0.6304
1633372602,0.6648,0.6578,0.5936,0.5461,0.662,0.6592,0.595,0.5978,0.6606,0.6648,0.6648,0.5461,0.6302
1633372603,0.6648,0.6564,0.595,0.5447,0.662,0.6578,0.5964,0.5964,0.662,0.6662,0.6662,0.5447,0.6302
1633372604,0.6662,0.6564,0.5936,0.5447,0.662,0.6592,0.595,0.5964,0.6606,0.6662,0.6662,0.5447,0.63
1633372605,0.6648,0.6564,0.595,0.5447,0.662,0.6592,0.5964,0.5964,0.662,0.6648,0.6648,0.5447,0.6302
1633372606,0.6648,0.6578,0.5936,0.5447,0.662,0.6578,0.5964,0.5964,0.6606,0.6648,0.6648,0.5447,0.6299
1633372607,0.6648,0.6564,0.5936,0.5461,0.662,0.6578,0.595,0.5964,0.6606,0.6648,0.6648,0.5461,0.6297
1633372608,0.6662,0.6578,0.5936,0.5447,0.6634,0.6592,0.595,0.6061,0.6606,0.6648,0.6662,0.5447,0.6311
1633372609,0.6648,0.6564,0.5936,0.5447,0.662,0.6592,0.595,0.6425,0.6606,0.6662,0.6662,0.5447,0.6345
1633372610,0.6648,0.6564,0.5936,0.5461,0.662,0.6578,0.595,0.6425,0.6606,0.6648,0.6648,0.5461,0.6344
1633372611,0.6662,0.6564,0.5936,0.5461,0.662,0.6578,0.595,0.6439,0.6606,0.6648,0.6662,0.5461,0.6346
1633372612,0.6648,0.6564,0.5936,0.5461,0.6634,0.6578,0.5964,0.6425,0.6606,0.6648,0.6648,0.5461,0.6346
1633372613,0.6662,0.6578,0.5936,0.5461,0.662,0.6578,0.5964,0.6439,0.662,0.6648,0.6662,0.5461,0.6351
1633372614,0.6662,0.6564,0.5936,0.5447,0.6634,0.6578,0.5964,0.6425,0.6606,0.6662,0.6662,0.5447,0.6348
1633372615,0.6662,0.6578,0.5936,0.5447,0.662,0.6634,0.595,0.6439,0.662,0.6648,0.6662,0.5447,0.6353
1633372616,0.6662,0.6578,0.5936,0.5447,0.662,0.6648,0.595,0.6439,0.6606,0.6662,0.6662,0.5447,0.6355
1633372617,0.6648,0.6578,0.5936,0.5447,0.662,0.6648,0.595,0.6425,0.662,0.6648,0.6648,0.5447,0.6352
1633372618,0.6662,0.6578,0.5936,0.5461,0.6634,0.6648,0.595,0.6439,0.6606,0.6648,0.6662,0.5461,0.6356
1633372619,0.6662,0.6578,0.595,0.5447,0.662,0.6648,0.595,0.6425,0.662,0.6662,0.6662,0.5447,0.6356
1633372620,0.6662,0.6564,0.5936,0.5447,0.662,0.6634,0.595,0.6425,0.6606,0.6648,0.6662,0.5447,0.6349
1633372621,0.6648,0.6578,0.595,0.5447,0.662,0.6634,0.5964,0.6425,0.6606,0.6662,0.6662,0.5447,0.6353
1633372622,0.6648,0.6564,0.595,0.5447,0.662,0.6648,0.595,0.6439,0.6606,0.6648,0.6648,0.5447,0.6352
1633372623,0.6648,0.6578,0.5936,0.5447,0.662,0.6648,0.5964,0.6425,0.662,0.6648,0.6648,0.5447,0.6353
1633372624,0.6648,0.6564,0.5936,0.5447,0.6634,0.6634,0.595,0.6425,0.6606,0.6648,0.6648,0.5447,0.6349
1633372625,0.6648,0.6564,0.5936,0.5447,0.6634,0.6634,0.5964,0.6439,0.662,0.6648,0.6648,0.5447,0.6353
1633372626,0.6648,0.6564,0.5936,0.5447,0.662,0.6634,0.595,0.6425,0.6606,0.6662,0.6662,0.5447,0.6349
1633372627,0.6648,0.6564,0.5936,0.5447,0.662,0.6648,0.5964,0.6439,0.6606,0.6648,0.6648,0.5447,0.6352
1633372628,0.6648,0.6578,0.5936,0.5461,0.6634,0.6634,0.595,0.6453,0.6606,0.6648,0.6648,0.5461,0.6355
1633372629,0.6648,0.6578,0.595,0.5447,0.662,0.6634,0.595,0.6578,0.662,0.6662,0.6662,0.5447,0.6369
1633372630,0.6648,0.6578,0.5936,0.5461,0.6634,0.6634,0.595,0.6564,0.662,0.6662,0.6662,0.5461,0.6369
1633372631,0.6648,0.6564,0.595,0.5447,0.662,0.6648,0.5964,0.6564,0.662,0.6648,0.6648,0.5447,0.6367
1633372632,0.6648,0.6578,0.595,0.5447,0.6634,0.6648,0.595,0.6564,0.6606,0.6648,0.6648,0.5447,0.6367
1633372633,0.6648,0.6578,0.595,0.5447,0.662,0.6634,0.595,0.6578,0.6606,0.6648,0.6648,0.5447,0.6366
1633372634,0.6648,0.6578,0.595,0.5461,0.662,0.6648,0.5964,0.6592,0.6606,0.6648,0.6648,0.5461,0.6371
1633372635,0.6648,0.6564,0.595,0.5447,0.662,0.6648,0.5964,0.6578,0.662,0.6662,0.6662,0.5447,0.637
1633372636,0.6648,0.6564,0.5936,0.5447,0.662,0.6648,0.5964,0.6578,0.6606,0.6662,0.6662,0.5447,0.6367
1633372637,0.6648,0.6564,0.595,0.5447,0.662,0.6634,0.5964,0.6592,0.6606,0.6662,0.6662,0.5447,0.6369
1633372638,0.6662,0.6564,0.595,0.5461,0.662,0.6648,0.5964,0.6578,0.6606,0.6648,0.6662,0.5461,0.637
1633372639,0.6648,0.6578,0.5936,0.5447,0.662,0.6634,0.595,0.6578,0.6606,0.6662,0.6662,0.5447,0.6366
1633372640,0.6648,0.6578,0.5936,0.5461,0.662,0.6634,0.5964,0.6592,0.6606,0.6662,0.6662,0.5461,0.637
1633372641,0.6662,0.6564,0.5936,0.5447,0.6634,0.6634,0.595,0.6578,0.662,0.6676,0.6676,0.5447,0.637
1633372642,0.6648,0.6564,0.5936,0.5447,0.6634,0.6648,0.595,0.6578,0.662,0.669,0.669,0.5447,0.6372
1633372643,0.6648,0.6578,0.5936,0.5461,0.6648,0.6634,0.595,0.6592,0.662,0.669,0.669,0.5461,0.6376
1633372644,0.6662,0.6564,0.595,0.5461,0.6648,0.6634,0.595,0.6578,0.6606,0.669,0.669,0.5461,0.6374
1633372645,0.6662,0.6564,0.5936,0.5461,0.6662,0.6634,0.5964,0.6578,0.662,0.669,0.669,0.5461,0.6377
1633372646,0.6648,0.6578,0.5936,0.5447,0.6648,0.6634,0.595,0.6592,0.6606,0.669,0.669,0.5447,0.6373
1633372647,0.6648,0.6564,0.5936,0.5447,0.6648,0.6648,0.5978,0.6592,0.662,0.669,0.669,0.5447,0.6377
1633372648,0.6662,0.6564,0.5936,0.5447,0.6648,0.6648,0.5978,0.6592,0.662,0.669,0.669,0.5447,0.6379
1633372649,0.6662,0.6578,0.5936,0.5461,0.6662,0.6648,0.5978,0.6578,0.6606,0.669,0.669,0.5461,0.638
1633372650,0.6662,0.6564,0.595,0.5447,0.6648,0.6634,0.6006,0.6578,0.6606,0.6676,0.6676,0.5447,0.6377
1633372651,0.6648,0.6578,0.595,0.5461,0.6662,0.6634,0.6006,0.6592,0.6606,0.669,0.669,0.5461,0.6383
1633372652,0.6648,0.6564,0.5936,0.5447,0.6648,0.6634,0.602,0.6592,0.662,0.669,0.669,0.5447,0.638
1633372653,0.6662,0.6578,0.5936,0.5461,0.6662,0.6634,0.6006,0.6592,0.6606,0.669,0.669,0.5461,0.6383
1633372654,0.6648,0.6578,0.5936,0.5447,0.6662,0.6634,0.6006,0.6578,0.6606,0.6676,0.6676,0.5447,0.6377
1633372655,0.6662,0.6564,0.5936,0.5447,0.6648,0.6634,0.6006,0.6592,0.6606,0.669,0.669,0.5447,0.6378
1633372656,0.6662,0.6564,0.595,0.5447,0.6648,0.6634,0.6006,0.6592,0.6606,0.6676,0.6676,0.5447,0.6379
1633372657,0.6662,0.6564,0.5936,0.5447,0.6662,0.6634,0.602,0.6592,0.6606,0.669,0.669,0.5447,0.6381
1633372658,0.6648,0.6564,0.595,0.5461,0.6648,0.6648,0.6006,0.6606,0.662,0.6676,0.6676,0.5461,0.6383
1633372659,0.6662,0.6564,0.5936,0.5447,0.6648,0.6648,0.6006,0.6592,0.662,0.669,0.669,0.5447,0.6381
1633372660,0.6662,0.6578,0.595,0.5461,0.6662,0.6634,0.6006,0.6606,0.6606,0.6676,0.6676,0.5461,0.6384
1633372661,0.6662,0.6564,0.5936,0.5461,0.6648,0.6648,0.6006,0.6606,0.6606,0.669,0.669,0.5461,0.6383
1633372662,0.6648,0.6578,0.5936,0.5447,0.6648,0.6648,0.6006,0.662,0.6606,0.669,0.669,0.5447,0.6383
1633372663,0.6662,0.6578,0.5936,0.5447,0.6648,0.6634,0.6006,0.662,0.6606,0.6676,0.6676,0.5447,0.6381
1633372664,0.6648,0.6564,0.5936,0.5447,0.6648,0.6648,0.6006,0.662,0.6606,0.6676,0.6676,0.5447,0.638
1633372665,0.6648,0.6564,0.5936,0.5447,0.6648,0.6634,0.6369,0.662,0.6606,0.6676,0.6676,0.5447,0.6415
1633372666,0.6648,0.6564,0.5936,0.5447,0.6662,0.6648,0.6425,0.6606,0.662,0.6676,0.6676,0.5447,0.6423
1633372667,0.6648,0.6564,0.5978,0.5461,0.6662,0.6634,0.6439,0.662,0.662,0.669,0.669,0.5461,0.6432
1633372668,0.6648,0.6578,0.5992,0.5461,0.6662,0.6634,0.6425,0.6606,0.662,0.6676,0.6676,0.5461,0.643
1633372669,0.6648,0.6578,0.5992,0.5447,0.6648,0.6648,0.6425,0.662,0.662,0.669,0.669,0.5447,0.6432
1633372670,0.6648,0.6564,0.5978,0.5461,0.6648,0.6634,0.6425,0.662,0.662,0.6732,0.6732,0.5461,0.6433
1633372671,0.6662,0.6578,0.5978,0.5447,0.6662,0.6634,0.6425,0.662,0.662,0.6718,0.6718,0.5447,0.6434
1633372672,0.6662,0.6564,0.5978,0.5447,0.6662,0.6634,0.6439,0.6606,0.6606,0.6718,0.6718,0.5447,0.6432
1633372673,0.6648,0.6578,0.5978,0.5447,0.6648,0.6634,0.6439,0.662,0.662,0.6718,0.6718,0.5447,0.6433
1633372674,0.6648,0.6564,0.5978,0.5461,0.6662,0.6648,0.6425,0.6648,0.6606,0.6718,0.6718,0.5461,0.6436
1633372675,0.6648,0.6578,0.5992,0.5447,0.6648,0.6634,0.6439,0.6648,0.662,0.6732,0.6732,0.5447,0.6439
1633372676,0.6662,0.6564,0.5978,0.5447,0.6648,0.6634,0.6439,0.6662,0.662,0.6718,0.6718,0.5447,0.6437
1633372677,0.6662,0.6564,0.5978,0.5447,0.6648,0.6648,0.6425,0.6648,0.6606,0.6718,0.6718,0.5447,0.6434
1633372678,0.6648,0.6578,0.5978,0.5447,0.6844,0.6648,0.6439,0.6648,0.662,0.6746,0.6844,0.5447,0.646
1633372679,0.6648,0.6564,0.5992,0.5447,0.6844,0.6648,0.6425,0.6662,0.662,0.6746,0.6844,0.5447,0.646
1633372680,0.6648,0.6564,0.5978,0.5447,0.6844,0.6634,0.6425,0.6648,0.6606,0.6746,0.6844,0.5447,0.6454
1633372681,0.6648,0.6564,0.5992,0.5447,0.6858,0.6648,0.6439,0.6662,0.6606,0.6746,0.6858,0.5447,0.6461
1633372682,0.6662,0.6564,0.5978,0.5447,0.6858,0.6634,0.6439,0.6648,0.6606,0.6732,0.6858,0.5447,0.6457
1633372683,0.6648,0.6578,0.5992,0.5461,0.6858,0.6634,0.6439,0.6648,0.662,0.6732,0.6858,0.5461,0.6461
1633372684,0.6648,0.6564,0.5978,0.5461,0.6844,0.6634,0.6439,0.6648,0.6606,0.6732,0.6844,0.5461,0.6455
1633372685,0.6648,0.6578,0.5978,0.5447,0.6858,0.6634,0.6425,0.6662,0.6606,0.6732,0.6858,0.5447,0.6457
1633372686,0.6648,0.6564,0.5978,0.5461,0.6858,0.6634,0.6425,0.6662,0.6606,0.6732,0.6858,0.5461,0.6457
1633372687,0.6662,0.6564,0.5978,0.5447,0.6844,0.6634,0.6453,0.6648,0.662,0.6746,0.6844,0.5447,0.646
1633372688,0.6662,0.6564,0.5978,0.5461,0.6858,0.6634,0.6453,0.6648,0.662,0.6746,0.6858,0.5461,0.6462
1633372689,0.6662,0.6564,0.5992,0.5461,0.6858,0.6648,0.6453,0.6648,0.6606,0.6746,0.6858,0.5461,0.6464
1633372690,0.6662,0.6564,0.5992,0.5447,0.6844,0.6634,0.6453,0.6662,0.662,0.6746,0.6844,0.5447,0.6462
1633372691,0.6662,0.6578,0.5978,0.5461,0.6844,0.6648,0.6466,0.6662,0.6606,0.6732,0.6844,0.5461,0.6464
1633372692,0.6648,0.6564,0.5978,0.5461,0.6844,0.6634,0.6453,0.6648,0.662,0.6732,0.6844,0.5461,0.6458
1633372693,0.6662,0.6564,0.5992,0.5447,0.6844,0.6648,0.6453,0.6648,0.662,0.6732,0.6844,0.5447,0.6461
1633372694,0.6662,0.6564,0.5992,0.5461,0.6844,0.6634,0.6453,0.6648,0.6606,0.6746,0.6844,0.5461,0.6461
1633372695,0.6662,0.6564,0.5978,0.5447,0.6844,0.6648,0.6453,0.6662,0.6606,0.6732,0.6844,0.5447,0.646
1633372696,0.6662,0.6564,0.5978,0.5461,0.6858,0.6634,0.6494,0.6648,0.6606,0.6732,0.6858,0.5461,0.6464
1633372697,0.6662,0.6564,0.5978,0.5461,0.6858,0.6634,0.648,0.6648,0.662,0.6746,0.6858,0.5461,0.6465
1633372698,0.6648,0.6578,0.5992,0.5461,0.6872,0.6648,0.648,0.6662,0.6606,0.6732,0.6872,0.5461,0.6468
1633372699,0.6648,0.6564,0.5992,0.5475,0.6872,0.6634,0.648,0.6648,0.6606,0.6732,0.6872,0.5475,0.6465
1633372700,0.6648,0.6564,0.5978,0.5475,0.6872,0.6648,0.648,0.6648,0.662,0.6746,0.6872,0.5475,0.6468
1633372701,0.6648,0.6578,0.5978,0.5461,0.6872,0.6634,0.648,0.6648,0.6606,0.6746,0.6872,0.5461,0.6465
1633372702,0.6648,0.6564,0.5978,0.5461,0.6872,0.6634,0.648,0.6648,0.6606,0.6746,0.6872,0.5461,0.6464
1633372703,0.6648,0.6564,0.5992,0.5461,0.6858,0.6634,0.6494,0.6648,0.6606,0.6732,0.6858,0.5461,0.6464
1633372704,0.6648,0.6564,0.5992,0.5461,0.6858,0.6634,0.648,0.6648,0.6606,0.6732,0.6858,0.5461,0.6462
1633372705,0.6648,0.6564,0.5978,0.5461,0.6858,0.6634,0.6494,0.6648,0.6606,0.6732,0.6858,0.5461,0.6462
1633372706,0.6648,0.6564,0.5992,0.5461,0.6872,0.6634,0.6508,0.6648,0.6606,0.6746,0.6872,0.5461,0.6468
1633372707,0.6662,0.6578,0.5978,0.5461,0.6872,0.6634,0.6494,0.6662,0.662,0.6732,0.6872,0.5461,0.6469
1633372708,0.6648,0.6578,0.5978,0.5461,0.6858,0.6634,0.6494,0.6648,0.662,0.6732,0.6858,0.5461,0.6465
1633372709,0.6648,0.6564,0.5992,0.5461,0.6858,0.6634,0.6494,0.6662,0.6606,0.6732,0.6858,0.5461,0.6465
1633372710,0.6648,0.6564,0.5978,0.5475,0.6858,0.6648,0.6508,0.6662,0.6606,0.6732,0.6858,0.5475,0.6468
1633372711,0.6662,0.6564,0.5978,0.5475,0.6858,0.6634,0.6536,0.6662,0.6606,0.6732,0.6858,0.5475,0.6471
1633372712,0.6662,0.6578,0.5978,0.5475,0.6858,0.6648,0.6536,0.6662,0.662,0.6746,0.6858,0.5475,0.6476
1633372713,0.6662,0.6564,0.5978,0.5461,0.6872,0.6634,0.6522,0.6648,0.6606,0.6732,0.6872,0.5461,0.6468
1633372714,0.6662,0.6578,0.5978,0.5461,0.6872,0.6648,0.6536,0.6662,0.662,0.6732,0.6872,0.5461,0.6475
1633372715,0.6662,0.6564,0.5978,0.5461,0.6858,0.6648,0.6522,0.6662,0.662,0.6732,0.6858,0.5461,0.6471
1633372716,0.6648,0.6564,0.5978,0.5461,0.6872,0.6634,0.6522,0.6662,0.662,0.6732,0.6872,0.5461,0.6469
1633372717,0.6648,0.6578,0.5978,0.5475,0.6872,0.6634,0.6522,0.6662,0.662,0.6732,0.6872,0.5475,0.6472
1633372718,0.6662,0.6578,0.602,0.5461,0.6858,0.6634,0.6522,0.6648,0.6606,0.6732,0.6858,0.5461,0.6472
1633372719,0.6648,0.6564,0.6006,0.5475,0.6858,0.6634,0.6522,0.6662,0.662,0.6732,0.6858,0.5475,0.6472
1633372720,0.6648,0.6578,0.602,0.5461,0.6858,0.6634,0.6536,0.6648,0.6606,0.6746,0.6858,0.5461,0.6473
1633372721,0.6648,0.6564,0.6006,0.5475,0.6858,0.6634,0.6536,0.6662,0.6606,0.6732,0.6858,0.5475,0.6472
1633372722,0.6662,0.6578,0.6006,0.5461,0.6858,0.6634,0.6522,0.6662,0.6606,0.6732,0.6858,0.5461,0.6472
1633372723,0.6648,0.6578,0.6006,0.5475,0.6858,0.6634,0.6536,0.6662,0.662,0.6746,0.6858,0.5475,0.6476
1633372724,0.6648,0.6578,0.6006,0.5461,0.6872,0.6634,0.6522,0.6648,0.662,0.6732,0.6872,0.5461,0.6472
1633372725,0.6648,0.6564,0.6006,0.5461,0.6858,0.6634,0.6522,0.6662,0.662,0.6746,0.6858,0.5461,0.6472
1633372726,0.6662,0.6564,0.602,0.5461,0.6872,0.6648,0.6536,0.6648,0.6606,0.6746,0.6872,0.5461,0.6476
1633372727,0.6662,0.6564,0.6006,0.5461,0.6858,0.6634,0.6536,0.6648,0.662,0.6732,0.6858,0.5461,0.6472
1633372728,0.6662,0.6564,0.602,0.5461,0.6858,0.6634,0.6536,0.6648,0.6606,0.6746,0.6858,0.5461,0.6473
1633372729,0.6662,0.6564,0.6006,0.5475,0.6872,0.6634,0.6522,0.6648,0.6606,0.6732,0.6872,0.5475,0.6472
1633372730,0.6648,0.6564,0.602,0.5475,0.6858,0.6634,0.6536,0.6648,0.6606,0.6732,0.6858,0.5475,0.6472
1633372731,0.6662,0.6564,0.6006,0.5461,0.6872,0.6634,0.6536,0.6648,0.6606,0.6732,0.6872,0.5461,0.6472
1633373330,0.6662,0.6564,0.6006,0.5461,0.6872,0.6634,0.6536,0.683,0.6606,0.6732,0.6872,0.5461,0.649
1633373331,0.683,0.6788,0.6243,0.6006,0.6858,0.6788,0.6606,0.683,0.6648,0.6816,0.6858,0.6006,0.6641
1633373930,0.683,0.6788,0.6243,0.6006,0.6858,0.6788,0.6606,0.683,0.6648,0.6816,0.6858,0.6006,0.6641
1633373931,0.6844,0.683,0.6536,0.6089,0.6858,0.6816,0.6927,0.683,0.6676,0.6858,0.6927,0.6089,0.6726
1633374530,0.6844,0.683,0.6536,0.6089,0.6858,0.6816,0.6927,0.683,0.6676,0.6858,0.6927,0.6089,0.6726
1633374531,0.683,0.683,0.662,0.6453,0.6858,0.6816,0.6941,0.683,0.6662,0.6913,0.6941,0.6453,0.6775
1633375130,0.683,0.683,0.662,0.6453,0.6858,0.6816,0.6941,0.6844,0.6662,0.6913,0.6941,0.6453,0.6777
1633375131,0.6844,0.6885,0.6606,0.648,0.6858,0.6872,0.6955,0.6844,0.669,0.7039,0.7039,0.648,0.6807
1633375730,0.6844,0.6885,0.6606,0.648,0.6858,0.6872,0.6955,0.683,0.669,0.7039,0.7039,0.648,0.6806
1633375731,0.683,0.6885,0.6606,0.6662,0.6872,0.6872,0.6955,0.683,0.6858,0.7039,0.7039,0.6606,0.6841
1633376330,0.683,0.6885,0.6606,0.6662,0.6872,0.6872,0.6955,0.683,0.6858,0.7039,0.7039,0.6606,0.6841
1633376331,0.683,0.6969,0.6606,0.6718,0.6858,0.6872,0.6955,0.683,0.6858,0.7025,0.7025,0.6606,0.6852
1633376931,0.6969,0.6997,0.6606,0.6718,0.6872,0.6872,0.6969,0.683,0.6844,0.7053,0.7053,0.6606,0.6873
1633377531,0.6969,0.7011,0.6969,0.6718,0.6885,0.6885,0.6955,0.6872,0.6858,0.7053,0.7053,0.6718,0.6917
1633378131,0.6969,0.6997,0.6969,0.6732,0.6872,0.6899,0.6955,0.6913,0.6844,0.7067,0.7067,0.6732,0.6922
1633378731,0.6983,0.7025,0.6969,0.6872,0.6872,0.6913,0.6969,0.6927,0.6844,0.7053,0.7053,0.6844,0.6943
1633379331,0.6983,0.7025,0.6983,0.6885,0.6913,0.6913,0.6969,0.6913,0.6844,0.7053,0.7053,0.6844,0.6948
1633379931,0.6969,0.7011,0.6997,0.6899,0.6927,0.6899,0.6983,0.6941,0.6885,0.7053,0.7053,0.6885,0.6956
1633380531,0.7011,0.7011,0.6983,0.6885,0.6913,0.6899,0.7025,0.6983,0.6872,0.7053,0.7053,0.6872,0.6963
1633381131,0.7053,0.7011,0.6983,0.6899,0.6913,0.6899,0.7025,0.6983,0.6872,0.7053,0.7053,0.6872,0.6969
1633381731,0.7053,0.7025,0.6983,0.6885,0.6927,0.6913,0.7039,0.6997,0.6872,0.7053,0.7053,0.6872,0.6975
1633382331,0.7067,0.7109,0.6997,0.6885,0.6913,0.6997,0.7025,0.6997,0.6885,0.7067,0.7109,0.6885,0.6994
1633382931,0.7053,0.7123,0.7053,0.6885,0.6927,0.6997,0.7039,0.6997,0.6885,0.7053,0.7123,0.6885,0.7001
1633383531,0.7053,0.7123,0.7039,0.6885,0.6913,0.6997,0.7039,0.6983,0.6872,0.7053,0.7123,0.6872,0.6996
1633384131,0.7053,0.7137,0.7039,0.6899,0.6913,0.6997,0.7039,0.6997,0.6872,0.7067,0.7137,0.6872,0.7001
1633384731,0.7053,0.7137,0.7039,0.6927,0.6913,0.6997,0.7053,0.6983,0.6885,0.7053,0.7137,0.6885,0.7004
1633385331,0.7053,0.7137,0.7053,0.6927,0.6927,0.7011,0.7053,0.6983,0.6913,0.7053,0.7137,0.6913,0.7011
1633385931,0.7053,0.7137,0.7039,0.6927,0.6913,0.7011,0.7039,0.6997,0.6899,0.7067,0.7137,0.6899,0.7008
1633386531,0.7053,0.7137,0.7039,0.6927,0.6927,0.7025,0.7053,0.6997,0.6899,0.7053,0.7137,0.6899,0.7011
1633387131,0.7081,0.7123,0.7039,0.6927,0.6927,0.7025,0.7039,0.7011,0.6899,0.7067,0.7123,0.6899,0.7014
1633387731,0.7081,0.7123,0.7053,0.6927,0.6913,0.7011,0.7039,0.7011,0.6913,0.7067,0.7123,0.6913,0.7014
1633388331,0.7081,0.7123,0.7053,0.6927,0.6913,0.7011,0.7039,0.6997,0.6913,0.7081,0.7123,0.6913,0.7014
1633388931,0.7081,0.7123,0.7053,0.6941,0.6997,0.7011,0.7053,0.7011,0.7011,0.7067,0.7123,0.6941,0.7035
1633389531,0.7095,0.7123,0.7053,0.6927,0.7053,0.7025,0.7039,0.7053,0.7053,0.7067,0.7123,0.6927,0.7049
1633390131,0.7095,0.7123,0.7053,0.6927,0.7081,0.7011,0.7039,0.7081,0.7179,0.7067,0.7179,0.6927,0.7066
1633390731,0.7081,0.7123,0.7053,0.6941,0.7081,0.7011,0.7053,0.7067,0.7193,0.7081,0.7193,0.6941,0.7068
1633391331,0.7095,0.7123,0.7053,0.6927,0.7081,0.7025,0.7039,0.7067,0.7179,0.7081,0.7179,0.6927,0.7067
1633391931,0.7081,0.7137,0.7109,0.6941,0.7081,0.7011,0.7053,0.7081,0.7179,0.7081,0.7179,0.6941,0.7075
1633392531,0.7081,0.7137,0.7109,0.6927,0.7095,0.7025,0.7053,0.7067,0.7221,0.7067,0.7221,0.6927,0.7078
1633393131,0.7095,0.7137,0.7095,0.6941,0.7081,0.7067,0.7039,0.7067,0.7235,0.7067,0.7235,0.6941,0.7082
1633393731,0.7081,0.7137,0.7095,0.6927,0.7081,0.7067,0.7039,0.7067,0.7221,0.7081,0.7221,0.6927,0.708
1633393732,0.7081,0.7123,0.7095,0.6927,0.7081,0.7067,0.7039,0.7067,0.7221,0.7081,0.7221,0.6927,0.7078
1633394331,0.7081,0.7123,0.7095,0.6941,0.7095,0.7053,0.7095,0.7081,0.7235,0.7067,0.7235,0.6941,0.7087
1633394332,0.7081,0.7123,0.7095,0.6941,0.7095,0.7053,0.7095,0.7081,0.7235,0.7067,0.7235,0.6941,0.7087
1633394931,0.7095,0.7123,0.7095,0.6927,0.7095,0.7067,0.7109,0.7067,0.7221,0.7067,0.7221,0.6927,0.7087
1633394932,0.7095,0.7137,0.7095,0.6927,0.7095,0.7067,0.7109,0.7067,0.7221,0.7067,0.7221,0.6927,0.7088
1633395531,0.7081,0.7137,0.7095,0.6927,0.7095,0.7053,0.7095,0.7067,0.7235,0.7081,0.7235,0.6927,0.7087
1633395532,0.7081,0.7123,0.7095,0.6927,0.7095,0.7053,0.7095,0.7067,0.7235,0.7081,0.7235,0.6927,0.7085
1633396131,0.7081,0.7123,0.7095,0.6941,0.7081,0.7053,0.7095,0.7081,0.7235,0.7081,0.7235,0.6941,0.7087
1633396132,0.7081,0.7123,0.7095,0.6941,0.7081,0.7053,0.7095,0.7081,0.7235,0.7081,0.7235,0.6941,0.7087
1633396731,0.7081,0.7123,0.7109,0.6941,0.7081,0.7053,0.7095,0.7081,0.7221,0.7067,0.7221,0.6941,0.7085
1633396732,0.7081,0.7137,0.7109,0.6941,0.7081,0.7053,0.7095,0.7081,0.7221,0.7067,0.7221,0.6941,0.7087
1633397331,0.7081,0.7137,0.7109,0.6927,0.7081,0.7053,0.7109,0.7081,0.7221,0.7067,0.7221,0.6927,0.7087
1633397332,0.7081,0.7137,0.7109,0.6927,0.7081,0.7053,0.7109,0.7081,0.7221,0.7067,0.7221,0.6927,0.7087
1633397931,0.7081,0.7137,0.7095,0.6927,0.7095,0.7067,0.7095,0.7067,0.7235,0.7067,0.7235,0.6927,0.7087
1633397932,0.7081,0.7123,0.7095,0.6927,0.7095,0.7067,0.7095,0.7067,0.7235,0.7067,0.7235,0.6927,0.7085
1633398531,0.7081,0.7123,0.7095,0.6941,0.7095,0.7067,0.7095,0.7067,0.7235,0.7067,0.7235,0.6941,0.7087
1633398532,0.7081,0.7123,0.7095,0.6941,0.7095,0.7067,0.7095,0.7067,0.7235,0.7067,0.7235,0.6941,0.7087
1633399131,0.7095,0.7123,0.7095,0.6983,0.7095,0.7053,0.7109,0.7081,0.7221,0.7081,0.7221,0.6983,0.7094
1633399132,0.7095,0.7137,0.7095,0.6983,0.7095,0.7053,0.7109,0.7081,0.7221,0.7081,0.7221,0.6983,0.7095
1633399731,0.7081,0.7137,0.7095,0.7025,0.7095,0.7053,0.7095,0.7067,0.7235,0.7067,0.7235,0.7025,0.7095
1633399732,0.7081,0.7137,0.7095,0.7025,0.7095,0.7053,0.7095,0.7067,0.7235,0.7067,0.7235,0.7025,0.7095
1633400331,0.7081,0.7137,0.7095,0.7025,0.7081,0.7053,0.7151,0.7067,0.7235,0.7067,0.7235,0.7025,0.7099
1633400332,0.7081,0.7137,0.7095,0.7025,0.7081,0.7053,0.7151,0.7067,0.7235,0.7067,0.7235,0.7025,0.7099
1633400931,0.7095,0.7137,0.7095,0.7025,0.7095,0.7053,0.7137,0.7067,0.7221,0.7067,0.7221,0.7025,0.7099
1633400932,0.7095,0.7123,0.7095,0.7039,0.7095,0.7053,0.7137,0.7067,0.7221,0.7067,0.7221,0.7039,0.7099
1633401531,0.7095,0.7123,0.7095,0.7039,0.7081,0.7067,0.7137,0.7081,0.7221,0.7081,0.7221,0.7039,0.7102
1633401532,0.7095,0.7123,0.7095,0.7039,0.7081,0.7067,0.7137,0.7081,0.7221,0.7081,0.7221,0.7039,0.7102
1633402131,0.7081,0.7123,0.7095,0.7039,0.7095,0.7067,0.7137,0.7081,0.7221,0.7081,0.7221,0.7039,0.7102
1633402132,0.7081,0.7137,0.7095,0.7025,0.7095,0.7067,0.7151,0.7081,0.7221,0.7081,0.7221,0.7025,0.7103
1633402731,0.7081,0.7137,0.7095,0.7025,0.7081,0.7053,0.7151,0.7067,0.7235,0.7067,0.7235,0.7025,0.7099
1633402732,0.7081,0.7123,0.7095,0.7039,0.7081,0.7053,0.7137,0.7067,0.7235,0.7067,0.7235,0.7039,0.7098
1633403331,0.7081,0.7123,0.7109,0.7039,0.7081,0.7067,0.7137,0.7123,0.7221,0.7081,0.7221,0.7039,0.7106
1633403332,0.7081,0.7137,0.7109,0.7039,0.7081,0.7067,0.7137,0.7123,0.7221,0.7081,0.7221,0.7039,0.7108
1633403931,0.7109,0.7137,0.7095,0.7039,0.7081,0.7067,0.7137,0.7137,0.7221,0.7081,0.7221,0.7039,0.711
1633403932,0.7109,0.7137,0.7095,0.7025,0.7081,0.7067,0.7137,0.7137,0.7221,0.7081,0.7221,0.7025,0.7109
1633404531,0.7109,0.7137,0.7095,0.7025,0.7081,0.7067,0.7137,0.7137,0.7221,0.7067,0.7221,0.7025,0.7108
1633404532,0.7109,0.7137,0.7095,0.7025,0.7081,0.7067,0.7137,0.7137,0.7221,0.7067,0.7221,0.7025,0.7108
1633405131,0.7095,0.7137,0.7109,0.7025,0.7095,0.7067,0.7137,0.7137,0.7235,0.7081,0.7235,0.7025,0.7112
1633405132,0.7095,0.7165,0.7109,0.7025,0.7095,0.7067,0.7151,0.7137,0.7235,0.7081,0.7235,0.7025,0.7116
1633405731,0.7095,0.7165,0.7095,0.7025,0.7081,0.7053,0.7151,0.7137,0.7221,0.7067,0.7221,0.7025,0.7109
1633405732,0.7095,0.7165,0.7095,0.7025,0.7081,0.7053,0.7137,0.7137,0.7221,0.7067,0.7221,0.7025,0.7108
1633406331,0.7095,0.7165,0.7095,0.7025,0.7081,0.7053,0.7137,0.7137,0.7235,0.7067,0.7235,0.7025,0.7109
1633406332,0.7095,0.7165,0.7095,0.7025,0.7081,0.7053,0.7137,0.7137,0.7235,0.7067,0.7235,0.7025,0.7109
1633406931,0.7095,0.7165,0.7095,0.7025,0.7081,0.7053,0.7137,0.7137,0.7235,0.7081,0.7235,0.7025,0.711
1633406932,0.7095,0.7179,0.7095,0.7025,0.7081,0.7053,0.7193,0.7137,0.7235,0.7081,0.7235,0.7025,0.7117
1633407531,0.7095,0.7179,0.7095,0.7025,0.7095,0.7053,0.7193,0.7137,0.7235,0.7067,0.7235,0.7025,0.7117
1633407532,0.7095,0.7179,0.7095,0.7025,0.7095,0.7053,0.7193,0.7137,0.7235,0.7067,0.7235,0.7025,0.7117
1633408131,0.7095,0.7179,0.7095,0.7025,0.7081,0.7053,0.7193,0.7137,0.7235,0.7067,0.7235,0.7025,0.7116
1633408132,0.7095,0.7179,0.7095,0.7025,0.7081,0.7053,0.7193,0.7137,0.7235,0.7067,0.7235,0.7025,0.7116
1633408731,0.7109,0.7179,0.7095,0.7025,0.7081,0.7067,0.7193,0.7151,0.7221,0.7067,0.7221,0.7025,0.7119
1633408732,0.7109,0.7165,0.7095,0.7039,0.7081,0.7067,0.7179,0.7151,0.7221,0.7067,0.7221,0.7039,0.7117
1633409331,0.7109,0.7165,0.7095,0.7039,0.7081,0.7095,0.7179,0.7137,0.7221,0.7067,0.7221,0.7039,0.7119
1633409332,0.7109,0.7165,0.7095,0.7025,0.7081,0.7095,0.7179,0.7137,0.7221,0.7067,0.7221,0.7025,0.7117
1633409931,0.7109,0.7165,0.7095,0.7025,0.7095,0.7109,0.7179,0.7137,0.7221,0.7081,0.7221,0.7025,0.7122
1633409932,0.7109,0.7179,0.7095,0.7025,0.7095,0.7109,0.7193,0.7137,0.7221,0.7081,0.7221,0.7025,0.7124
1633410531,0.7109,0.7179,0.7095,0.7025,0.7081,0.7095,0.7193,0.7151,0.7235,0.7067,0.7235,0.7025,0.7123
1633410532,0.7109,0.7165,0.7109,0.7039,0.7081,0.7095,0.7179,0.7151,0.7235,0.7067,0.7235,0.7039,0.7123
1633411131,0.7109,0.7165,0.7109,0.7039,0.7081,0.7095,0.7179,0.7151,0.7235,0.7067,0.7235,0.7039,0.7123
1633411132,0.7109,0.7165,0.7095,0.7025,0.7081,0.7095,0.7179,0.7151,0.7235,0.7067,0.7235,0.7025,0.712
1633411731,0.7095,0.7165,0.7095,0.7025,0.7081,0.7095,0.7179,0.7151,0.7235,0.7067,0.7235,0.7025,0.7119
1633411732,0.7095,0.7179,0.7095,0.7025,0.7081,0.7095,0.7193,0.7151,0.7235,0.7067,0.7235,0.7025,0.7122
1633412331,0.7109,0.7179,0.7095,0.7025,0.7081,0.7095,0.7193,0.7151,0.7235,0.7067,0.7235,0.7025,0.7123
1633412332,0.7109,0.7179,0.7095,0.7095,0.7081,0.7095,0.7179,0.7151,0.7235,0.7067,0.7235,0.7067,0.7129
1633412931,0.7095,0.7179,0.7095,0.7095,0.7095,0.7095,0.7179,0.7151,0.7235,0.7081,0.7235,0.7081,0.713
1633412932,0.7095,0.7165,0.7095,0.7095,0.7095,0.7095,0.7179,0.7151,0.7235,0.7081,0.7235,0.7081,0.7129
1633413531,0.7109,0.7165,0.7095,0.7095,0.7081,0.7095,0.7179,0.7137,0.7263,0.7067,0.7263,0.7067,0.7129
1633413532,0.7109,0.7165,0.7095,0.7095,0.7081,0.7095,0.7179,0.7137,0.7263,0.7067,0.7263,0.7067,0.7129
1633414131,0.7095,0.7165,0.7095,0.7095,0.7095,0.7095,0.7179,0.7137,0.7277,0.7081,0.7277,0.7081,0.7131
1633414132,0.7095,0.7179,0.7109,0.7095,0.7095,0.7095,0.7179,0.7137,0.7277,0.7081,0.7277,0.7081,0.7134
1633414731,0.7095,0.7179,0.7109,0.7095,0.7095,0.7123,0.7179,0.7151,0.7263,0.7081,0.7263,0.7081,0.7137
1633414732,0.7095,0.7165,0.7095,0.7081,0.7095,0.7123,0.7179,0.7151,0.7263,0.7081,0.7263,0.7081,0.7133
1633415331,0.7109,0.7165,0.7095,0.7081,0.7081,0.7109,0.7179,0.7137,0.7263,0.7067,0.7263,0.7067,0.7129
1633415332,0.7109,0.7179,0.7109,0.7095,0.7081,0.7109,0.7193,0.7137,0.7263,0.7067,0.7263,0.7067,0.7134
1633415931,0.7109,0.7179,0.7109,0.7095,0.7081,0.7123,0.7193,0.7151,0.7263,0.7081,0.7263,0.7081,0.7138
1633415932,0.7109,0.7165,0.7095,0.7095,0.7081,0.7123,0.7179,0.7151,0.7263,0.7081,0.7263,0.7081,0.7134
1633416531,0.7095,0.7165,0.7095,0.7095,0.7081,0.7123,0.7179,0.7137,0.7263,0.7081,0.7263,0.7081,0.7131
1633416532,0.7095,0.7165,0.7109,0.7095,0.7081,0.7123,0.7179,0.7137,0.7263,0.7081,0.7263,0.7081,0.7133
1633417131,0.7109,0.7165,0.7109,0.7095,0.7095,0.7109,0.7179,0.7137,0.7263,0.7095,0.7263,0.7095,0.7136
1633417132,0.7109,0.7165,0.7109,0.7081,0.7095,0.7109,0.7193,0.7137,0.7263,0.7095,0.7263,0.7081,0.7136
1633417731,0.7109,0.7165,0.7109,0.7081,0.7081,0.7123,0.7193,0.7151,0.7263,0.7095,0.7263,0.7081,0.7137
1633417732,0.7109,0.7165,0.7095,0.7095,0.7081,0.7123,0.7193,0.7151,0.7277,0.7095,0.7277,0.7081,0.7138
1633418331,0.7095,0.7165,0.7095,0.7095,0.7081,0.7109,0.7193,0.7137,0.7277,0.7081,0.7277,0.7081,0.7133
1633418332,0.7095,0.7165,0.7095,0.7081,0.7081,0.7109,0.7179,0.7137,0.7263,0.7081,0.7263,0.7081,0.7129
1633418931,0.7095,0.7165,0.7095,0.7081,0.7095,0.7109,0.7179,0.7137,0.7263,0.7081,0.7263,0.7081,0.713
1633418932,0.7095,0.7165,0.7095,0.7095,0.7095,0.7109,0.7193,0.7137,0.7277,0.7081,0.7277,0.7081,0.7134
1633419531,0.7095,0.7165,0.7095,0.7095,0.7081,0.7123,0.7193,0.7137,0.7277,0.7081,0.7277,0.7081,0.7134
1633419532,0.7095,0.7179,0.7095,0.7095,0.7081,0.7123,0.7179,0.7137,0.7277,0.7081,0.7277,0.7081,0.7134
1633420131,0.7095,0.7179,0.7095,0.7095,0.7081,0.7109,0.7179,0.7151,0.7277,0.7081,0.7277,0.7081,0.7134
1633420132,0.7095,0.7179,0.7095,0.7081,0.7081,0.7109,0.7193,0.7151,0.7277,0.7081,0.7277,0.7081,0.7134
1633420731,0.7109,0.7179,0.7095,0.7081,0.7081,0.7123,0.7193,0.7151,0.7277,0.7081,0.7277,0.7081,0.7137
1633420732,0.7109,0.7165,0.7109,0.7095,0.7081,0.7123,0.7179,0.7151,0.7263,0.7081,0.7263,0.7081,0.7136
1633421331,0.7095,0.7165,0.7109,0.7095,0.7081,0.7109,0.7179,0.7151,0.7263,0.7081,0.7263,0.7081,0.7133
1633421332,0.7095,0.7165,0.7095,0.7095,0.7095,0.7109,0.7193,0.7151,0.7277,0.7081,0.7277,0.7081,0.7136
1633421931,0.7109,0.7165,0.7095,0.7095,0.7095,0.7109,0.7193,0.7137,0.7277,0.7123,0.7277,0.7095,0.714
1633421932,0.7109,0.7165,0.7109,0.7081,0.7081,0.7109,0.7179,0.7137,0.7263,0.7123,0.7263,0.7081,0.7136
1633422531,0.7095,0.7165,0.7109,0.7081,0.7081,0.7109,0.7179,0.7137,0.7263,0.7123,0.7263,0.7081,0.7134
1633422532,0.7095,0.7179,0.7095,0.7081,0.7095,0.7123,0.7179,0.7137,0.7263,0.7123,0.7263,0.7081,0.7137
1633423131,0.7109,0.7179,0.7095,0.7081,0.7095,0.7123,0.7179,0.7137,0.7263,0.7123,0.7263,0.7081,0.7138
1633423132,0.7109,0.7165,0.7095,0.7095,0.7081,0.7123,0.7193,0.7137,0.7263,0.7123,0.7263,0.7081,0.7138
1633423731,0.7109,0.7165,0.7095,0.7095,0.7081,0.7123,0.7193,0.7137,0.7263,0.7137,0.7263,0.7081,0.714
1633423732,0.7109,0.7179,0.7109,0.7095,0.7081,0.7109,0.7193,0.7137,0.7277,0.7137,0.7277,0.7081,0.7143
1633424331,0.7095,0.7179,0.7109,0.7095,0.7081,0.7109,0.7193,0.7151,0.7277,0.7137,0.7277,0.7081,0.7143
1633424332,0.7095,0.7179,0.7095,0.7081,0.7095,0.7123,0.7193,0.7151,0.7263,0.7137,0.7263,0.7081,0.7141
1633424931,0.7109,0.7179,0.7095,0.7081,0.7095,0.7123,0.7193,0.7151,0.7263,0.7123,0.7263,0.7081,0.7141
1633424932,0.7109,0.7179,0.7095,0.7081,0.7081,0.7123,0.7179,0.7151,0.7263,0.7123,0.7263,0.7081,0.7138
1633425531,0.7109,0.7179,0.7095,0.7081,0.7081,0.7123,0.7179,0.7151,0.7263,0.7123,0.7263,0.7081,0.7138
1633425532,0.7109,0.7165,0.7109,0.7095,0.7081,0.7109,0.7193,0.7151,0.7263,0.7123,0.7263,0.7081,0.714
1633426131,0.7095,0.7165,0.7109,0.7095,0.7081,0.7109,0.7193,0.7165,0.7263,0.7137,0.7263,0.7081,0.7141
1633426132,0.7095,0.7179,0.7095,0.7081,0.7095,0.7109,0.7179,0.7165,0.7263,0.7137,0.7263,0.7081,0.714
1633426731,0.7095,0.7179,0.7095,0.7081,0.7095,0.7109,0.7179,0.7151,0.7263,0.7123,0.7263,0.7081,0.7137
1633426732,0.7095,0.7179,0.7109,0.7081,0.7081,0.7109,0.7179,0.7151,0.7263,0.7123,0.7263,0.7081,0.7137
1633427331,0.7109,0.7179,0.7109,0.7081,0.7081,0.7109,0.7179,0.7151,0.7263,0.7137,0.7263,0.7081,0.714
1633427332,0.7109,0.7165,0.7095,0.7081,0.7095,0.7109,0.7193,0.7151,0.7263,0.7137,0.7263,0.7081,0.714
1633427931,0.7109,0.7165,0.7095,0.7081,0.7095,0.7109,0.7193,0.7151,0.7263,0.7123,0.7263,0.7081,0.7138
1633427932,0.7109,0.7165,0.7095,0.7081,0.7081,0.7123,0.7179,0.7151,0.7263,0.7123,0.7263,0.7081,0.7137
1633428531,0.7095,0.7165,0.7095,0.7081,0.7081,0.7123,0.7179,0.7151,0.7263,0.7123,0.7263,0.7081,0.7136
1633428532,0.7095,0.7165,0.7095,0.7095,0.7081,0.7109,0.7193,0.7151,0.7263,0.7123,0.7263,0.7081,0.7137
1633429131,0.7095,0.7165,0.7095,0.7095,0.7081,0.7109,0.7193,0.7151,0.7263,0.7123,0.7263,0.7081,0.7137
1633429132,0.7095,0.7179,0.7095,0.7081,0.7095,0.7123,0.7179,0.7151,0.7263,0.7123,0.7263,0.7081,0.7138
1633429731,0.7095,0.7179,0.7095,0.7081,0.7095,0.7123,0.7179,0.7151,0.7263,0.7123,0.7263,0.7081,0.7138
1633429732,0.7095,0.7165,0.7095,0.7081,0.7081,0.7123,0.7179,0.7151,0.7318,0.7123,0.7318,0.7081,0.7141
1633430331,0.7095,0.7165,0.7095,0.7081,0.7081,0.7123,0.7179,0.7151,0.7318,0.7123,0.7318,0.7081,0.7141
1633430332,0.7095,0.7165,0.7095,0.7095,0.7095,0.7109,0.7193,0.7151,0.7318,0.7123,0.7318,0.7095,0.7144
1633430931,0.7095,0.7165,0.7095,0.7095,0.7095,0.7109,0.7193,0.7165,0.7318,0.7123,0.7318,0.7095,0.7145
1633430932,0.7095,0.7179,0.7109,0.7095,0.7095,0.7123,0.7193,0.7165,0.7318,0.7123,0.7318,0.7095,0.715
1633431531,0.7095,0.7179,0.7109,0.7095,0.7095,0.7123,0.7193,0.7165,0.7318,0.7137,0.7318,0.7095,0.7151
1633431532,0.7095,0.7179,0.7095,0.7081,0.7095,0.7109,0.7179,0.7165,0.7318,0.7137,0.7318,0.7081,0.7145
1633432131,0.7095,0.7179,0.7095,0.7081,0.7095,0.7109,0.7179,0.7165,0.7318,0.7123,0.7318,0.7081,0.7144
1633432132,0.7095,0.7179,0.7095,0.7081,0.7081,0.7109,0.7179,0.7165,0.7318,0.7123,0.7318,0.7081,0.7142
1633432731,0.7109,0.7179,0.7095,0.7081,0.7081,0.7109,0.7179,0.7165,0.7318,0.7123,0.7318,0.7081,0.7144
1633432732,0.7109,0.7165,0.7095,0.7095,0.7081,0.7123,0.7179,0.7165,0.7318,0.7123,0.7318,0.7081,0.7145
1633433331,0.7095,0.7165,0.7095,0.7095,0.7081,0.7123,0.7179,0.7165,0.7318,0.7137,0.7318,0.7081,0.7145
1633433332,0.7095,0.7165,0.7095,0.7081,0.7081,0.7109,0.7193,0.7165,0.7318,0.7137,0.7318,0.7081,0.7144
1633433931,0.7095,0.7165,0.7095,0.7081,0.7081,0.7109,0.7193,0.7165,0.7318,0.7137,0.7318,0.7081,0.7144
1633433932,0.7095,0.7179,0.7095,0.7081,0.7081,0.7109,0.7193,0.7165,0.7332,0.7137,0.7332,0.7081,0.7147
1633434531,0.7095,0.7179,0.7095,0.7081,0.7081,0.7109,0.7193,0.7165,0.7332,0.7123,0.7332,0.7081,0.7145
1633434532,0.7095,0.7179,0.7095,0.7081,0.7081,0.7123,0.7193,0.7165,0.7318,0.7123,0.7318,0.7081,0.7145
1633435131,0.7095,0.7179,0.7095,0.7081,0.7081,0.7123,0.7193,0.7151,0.7318,0.7123,0.7318,0.7081,0.7144
1633435132,0.7095,0.7165,0.7095,0.7081,0.7081,0.7109,0.7179,0.7151,0.7318,0.7123,0.7318,0.7081,0.714
1633435731,0.7095,0.7165,0.7095,0.7081,0.7081,0.7109,0.7179,0.7151,0.7318,0.7137,0.7318,0.7081,0.7141
1633435732,0.7095,0.7179,0.7095,0.7081,0.7095,0.7109,0.7193,0.7151,0.7318,0.7137,0.7318,0.7081,0.7145
1633436331,0.7095,0.7179,0.7095,0.7081,0.7095,0.7109,0.7193,0.7165,0.7318,0.7123,0.7318,0.7081,0.7145
1633436332,0.7095,0.7179,0.7095,0.7081,0.7095,0.7109,0.7179,0.7165,0.7318,0.7123,0.7318,0.7081,0.7144
1633436931,0.7095,0.7179,0.7095,0.7081,0.7095,0.7109,0.7179,0.7151,0.7318,0.7137,0.7318,0.7081,0.7144
1633436932,0.7095,0.7165,0.7095,0.7081,0.7095,0.7123,0.7193,0.7151,0.7318,0.7137,0.7318,0.7081,0.7145
1633437531,0.7095,0.7165,0.7095,0.7081,0.7095,0.7123,0.7193,0.7151,0.7318,0.7137,0.7318,0.7081,0.7145
1633437532,0.7095,0.7165,0.7095,0.7095,0.7095,0.7109,0.7179,0.7151,0.7332,0.7137,0.7332,0.7095,0.7145
1633438131,0.7095,0.7165,0.7095,0.7095,0.7095,0.7109,0.7179,0.7151,0.7332,0.7137,0.7332,0.7095,0.7145
1633438132,0.7095,0.7179,0.7109,0.7095,0.7081,0.7109,0.7179,0.7151,0.7318,0.7137,0.7318,0.7081,0.7145
1633438731,0.7095,0.7179,0.7109,0.7095,0.7081,0.7109,0.7179,0.7151,0.7318,0.7137,0.7318,0.7081,0.7145
1633438732,0.7095,0.7165,0.7095,0.7095,0.7081,0.7123,0.7179,0.7151,0.7332,0.7123,0.7332,0.7081,0.7144
1633439331,0.7109,0.7165,0.7095,0.7095,0.7081,0.7123,0.7179,0.7165,0.7332,0.7123,0.7332,0.7081,0.7147
1633439332,0.7109,0.7165,0.7095,0.7095,0.7081,0.7109,0.7193,0.7165,0.7318,0.7137,0.7318,0.7081,0.7147
1633439931,0.7109,0.7165,0.7095,0.7095,0.7081,0.7109,0.7193,0.7151,0.7318,0.7137,0.7318,0.7081,0.7145
1633439932,0.7109,0.7165,0.7109,0.7081,0.7081,0.7109,0.7193,0.7151,0.7318,0.7123,0.7318,0.7081,0.7144
1633440531,0.7109,0.7165,0.7109,0.7081,0.7081,0.7109,0.7193,0.7165,0.7318,0.7123,0.7318,0.7081,0.7145
1633440532,0.7109,0.7165,0.7109,0.7081,0.7095,0.7109,0.7193,0.7165,0.7318,0.7123,0.7318,0.7081,0.7147
1633441131,0.7109,0.7165,0.7109,0.7081,0.7095,0.7109,0.7193,0.7151,0.7318,0.7123,0.7318,0.7081,0.7145
1633441132,0.7109,0.7165,0.7109,0.7081,0.7081,0.7109,0.7179,0.7151,0.7332,0.7137,0.7332,0.7081,0.7145
1633441731,0.7095,0.7165,0.7109,0.7081,0.7081,0.7109,0.7179,0.7151,0.7332,0.7137,0.7332,0.7081,0.7144
1633441732,0.7095,0.7179,0.7109,0.7081,0.7081,0.7109,0.7193,0.7151,0.7318,0.7137,0.7318,0.7081,0.7145
1633442331,0.7109,0.7179,0.7109,0.7081,0.7081,0.7109,0.7193,0.7151,0.7318,0.7137,0.7318,0.7081,0.7147
1633442332,0.7109,0.7165,0.7123,0.7095,0.7081,0.7109,0.7179,0.7151,0.7332,0.7137,0.7332,0.7081,0.7148
1633442931,0.7095,0.7165,0.7123,0.7095,0.7081,0.7109,0.7179,0.7151,0.7332,0.7137,0.7332,0.7081,0.7147
1633442932,0.7095,0.7179,0.7109,0.7081,0.7095,0.7123,0.7193,0.7151,0.7332,0.7137,0.7332,0.7081,0.715
1633443531,0.7095,0.7179,0.7109,0.7081,0.7095,0.7123,0.7193,0.7165,0.7332,0.7137,0.7332,0.7081,0.7151
1633443532,0.7095,0.7165,0.7123,0.7081,0.7095,0.7123,0.7179,0.7165,0.7332,0.7137,0.7332,0.7081,0.715
1633444131,0.7109,0.7165,0.7123,0.7081,0.7095,0.7123,0.7179,0.7151,0.7332,0.7137,0.7332,0.7081,0.7149
1633444132,0.7109,0.7165,0.7109,0.7081,0.7095,0.7123,0.7179,0.7151,0.7318,0.7137,0.7318,0.7081,0.7147
1633444731,0.7095,0.7165,0.7109,0.7081,0.7095,0.7123,0.7179,0.7151,0.7318,0.7137,0.7318,0.7081,0.7145
1633444732,0.7095,0.7165,0.7109,0.7081,0.7095,0.7109,0.7179,0.7151,0.7318,0.7151,0.7318,0.7081,0.7145
1633445331,0.7109,0.7165,0.7109,0.7081,0.7095,0.7109,0.7179,0.7151,0.7318,0.7151,0.7318,0.7081,0.7147
1633445332,0.7109,0.7165,0.7123,0.7081,0.7081,0.7123,0.7179,0.7151,0.7318,0.7137,0.7318,0.7081,0.7147
1633445931,0.7095,0.7165,0.7123,0.7081,0.7081,0.7123,0.7179,0.7151,0.7318,0.7137,0.7318,0.7081,0.7145
1633445932,0.7095,0.7179,0.7123,0.7095,0.7081,0.7109,0.7179,0.7151,0.7318,0.7137,0.7318,0.7081,0.7147
1633446531,0.7095,0.7179,0.7123,0.7095,0.7081,0.7109,0.7179,0.7151,0.7318,0.7137,0.7318,0.7081,0.7147
1633446532,0.7095,0.7165,0.7109,0.7081,0.7095,0.7109,0.7179,0.7151,0.7318,0.7137,0.7318,0.7081,0.7144
1633447131,0.7109,0.7165,0.7109,0.7081,0.7095,0.7109,0.7179,0.7165,0.7318,0.7137,0.7318,0.7081,0.7147
1633447132,0.7109,0.7165,0.7109,0.7081,0.7095,0.7109,0.7193,0.7165,0.7332,0.7151,0.7332,0.7081,0.7151
1633447731,0.7109,0.7165,0.7109,0.7081,0.7095,0.7109,0.7193,0.7165,0.7332,0.7151,0.7332,0.7081,0.7151
1633447732,0.7109,0.7165,0.7109,0.7095,0.7095,0.7109,0.7179,0.7165,0.7318,0.7151,0.7318,0.7095,0.7149
1633448331,0.7109,0.7165,0.7109,0.7095,0.7095,0.7109,0.7179,0.7165,0.7318,0.7151,0.7318,0.7095,0.7149
1633448332,0.7109,0.7165,0.7123,0.7095,0.7081,0.7123,0.7179,0.7165,0.7318,0.7151,0.7318,0.7081,0.7151
1633448931,0.7123,0.7165,0.7123,0.7095,0.7081,0.7123,0.7179,0.7151,0.7318,0.7151,0.7318,0.7081,0.7151
1633448932,0.7123,0.7165,0.7123,0.7095,0.7081,0.7123,0.7179,0.7151,0.7332,0.7165,0.7332,0.7081,0.7154
1633449531,0.7123,0.7165,0.7123,0.7095,0.7081,0.7123,0.7179,0.7165,0.7332,0.7165,0.7332,0.7081,0.7155
1633449532,0.7123,0.7179,0.7123,0.7081,0.7095,0.7109,0.7179,0.7165,0.7332,0.7151,0.7332,0.7081,0.7154
1633450131,0.7109,0.7179,0.7123,0.7081,0.7095,0.7109,0.7179,0.7151,0.7332,0.7151,0.7332,0.7081,0.7151
1633450132,0.7109,0.7165,0.7123,0.7095,0.7081,0.7109,0.7193,0.7151,0.7318,0.7151,0.7318,0.7081,0.7149
1633450731,0.7179,0.7165,0.7123,0.7095,0.7081,0.7109,0.7193,0.7151,0.7318,0.7151,0.7318,0.7081,0.7156
1633450732,0.7179,0.7165,0.7123,0.7081,0.7095,0.7123,0.7179,0.7151,0.7318,0.7151,0.7318,0.7081,0.7156
1633451331,0.7165,0.7165,0.7123,0.7081,0.7095,0.7123,0.7179,0.7151,0.7318,0.7151,0.7318,0.7081,0.7155
1633451332,0.7165,0.7165,0.7109,0.7081,0.7095,0.7123,0.7193,0.7151,0.7318,0.7151,0.7318,0.7081,0.7155
1633451931,0.7165,0.7165,0.7109,0.7081,0.7095,0.7123,0.7193,0.7304,0.7318,0.7151,0.7318,0.7081,0.717
1633451932,0.7165,0.7179,0.7123,0.7095,0.7081,0.7109,0.7179,0.7304,0.7318,0.7165,0.7318,0.7081,0.7172
1633452531,0.7179,0.7179,0.7123,0.7095,0.7081,0.7109,0.7179,0.7291,0.7318,0.7165,0.7318,0.7081,0.7172
1633452532,0.7179,0.7165,0.7123,0.7081,0.7095,0.7109,0.7179,0.7291,0.7332,0.7151,0.7332,0.7081,0.717
1633453131,0.7165,0.7165,0.7123,0.7081,0.7095,0.7109,0.7179,0.7304,0.7332,0.7151,0.7332,0.7081,0.717
1633453132,0.7165,0.7165,0.7109,0.7081,0.7081,0.7109,0.7179,0.7304,0.7318,0.7165,0.7318,0.7081,0.7168
1633453731,0.7179,0.7165,0.7109,0.7081,0.7081,0.7109,0.7179,0.7304,0.7318,0.7165,0.7318,0.7081,0.7169
1633453732,0.7179,0.7179,0.7109,0.7081,0.7081,0.7123,0.7193,0.7304,0.7332,0.7151,0.7332,0.7081,0.7173
1633454331,0.7179,0.7179,0.7109,0.7081,0.7081,0.7123,0.7193,0.7304,0.7332,0.7151,0.7332,0.7081,0.7173
1633454332,0.7179,0.7165,0.7109,0.7081,0.7109,0.7109,0.7179,0.7304,0.7332,0.7151,0.7332,0.7081,0.7172
1633454931,0.7179,0.7165,0.7109,0.7081,0.7109,0.7109,0.7179,0.7291,0.7332,0.7151,0.7332,0.7081,0.717
1633454932,0.7179,0.7179,0.7109,0.7081,0.7095,0.7123,0.7179,0.7291,0.7318,0.7151,0.7318,0.7081,0.717
1633455531,0.7179,0.7179,0.7109,0.7081,0.7095,0.7123,0.7179,0.7304,0.7318,0.7151,0.7318,0.7081,0.7172
1633455532,0.7179,0.7165,0.7109,0.7095,0.7109,0.7123,0.7193,0.7304,0.7332,0.7165,0.7332,0.7095,0.7177
1633456131,0.7165,0.7165,0.7109,0.7095,0.7109,0.7123,0.7193,0.7291,0.7332,0.7165,0.7332,0.7095,0.7175
1633456132,0.7165,0.7165,0.7123,0.7095,0.7109,0.7109,0.7193,0.7291,0.7318,0.7151,0.7318,0.7095,0.7172
1633456731,0.7179,0.7165,0.7123,0.7095,0.7109,0.7109,0.7193,0.7304,0.7318,0.7151,0.7318,0.7095,0.7175
1633456732,0.7179,0.7165,0.7123,0.7095,0.7095,0.7123,0.7179,0.7304,0.7332,0.7151,0.7332,0.7095,0.7175
1633457331,0.7165,0.7165,0.7123,0.7095,0.7095,0.7123,0.7179,0.7304,0.7332,0.7151,0.7332,0.7095,0.7173
1633457332,0.7165,0.7179,0.7109,0.7081,0.7109,0.7109,0.7193,0.7304,0.7332,0.7151,0.7332,0.7081,0.7173
1633457931,0.7165,0.7179,0.7109,0.7081,0.7109,0.7109,0.7193,0.7304,0.7332,0.7151,0.7332,0.7081,0.7173
1633457932,0.7165,0.7165,0.7109,0.7081,0.7095,0.7137,0.7193,0.7304,0.7332,0.7165,0.7332,0.7081,0.7175
