timestamp,ati3,ati5,ati4,ati8,ati9,ati2,ati7,ati6,ati1,ati0,max,min,avg
0,0.0086,0.0086,0.0086,0.0086,0.0086,0.0086,0.0086,0.0086,0.0086,0.0086,0.0086,0.0086,0.0086
3,0.2682,0.0086,0.2682,0.0086,0.0086,0.2682,0.0086,0.0086,0.2682,0.2682,0.2682,0.0086,0.1384
4,0.4464,0.2682,0.4099,0.2682,0.2682,0.4485,0.2682,0.2682,0.4678,0.397,0.4678,0.2682,0.3511
5,0.5258,0.4485,0.4914,0.4249,0.4721,0.4807,0.4227,0.3948,0.5129,0.4528,0.5258,0.3948,0.4627
6,0.5472,0.485,0.5129,0.4785,0.5193,0.5236,0.485,0.4378,0.5494,0.4957,0.5494,0.4378,0.5034
7,0.573,0.5193,0.5258,0.5215,0.5579,0.5343,0.5258,0.5043,0.5815,0.5408,0.5815,0.5043,0.5384
8,0.5966,0.5601,0.5386,0.5601,0.5944,0.5472,0.5429,0.5515,0.5944,0.5451,0.5966,0.5386,0.5631
9,0.6202,0.588,0.5815,0.5901,0.6052,0.603,0.5579,0.5579,0.6116,0.6052,0.6202,0.5579,0.5921
10,0.633,0.6073,0.5987,0.603,0.6309,0.6137,0.5815,0.5815,0.6159,0.6137,0.633,0.5815,0.6079
11,0.6352,0.6094,0.6009,0.6116,0.6459,0.6159,0.5966,0.588,0.6266,0.6159,0.6459,0.588,0.6146
12,0.6438,0.618,0.6052,0.6137,0.6524,0.6352,0.5966,0.5944,0.6309,0.6202,0.6524,0.5944,0.621
13,0.6438,0.6266,0.6052,0.6137,0.6652,0.6459,0.6137,0.5987,0.6373,0.6223,0.6652,0.5987,0.6272
14,0.6481,0.633,0.6202,0.6245,0.6781,0.6588,0.6159,0.6094,0.6502,0.6245,0.6781,0.6094,0.6363
15,0.6502,0.633,0.6266,0.6245,0.6867,0.6609,0.618,0.6116,0.6524,0.6352,0.6867,0.6116,0.6399
16,0.6524,0.6373,0.6352,0.6245,0.6888,0.6674,0.6245,0.6202,0.6588,0.6438,0.6888,0.6202,0.6453
17,0.6545,0.6395,0.6352,0.6245,0.6931,0.6674,0.6245,0.6416,0.6888,0.6438,0.6931,0.6245,0.6513
18,0.6545,0.6438,0.6352,0.6266,0.6996,0.6674,0.6288,0.6524,0.6888,0.6481,0.6996,0.6266,0.6545
19,0.6609,0.6652,0.6395,0.6309,0.6996,0.6674,0.6288,0.6631,0.6888,0.6481,0.6996,0.6288,0.6592
20,0.6652,0.6652,0.6416,0.6309,0.6996,0.6674,0.633,0.6695,0.6888,0.6524,0.6996,0.6309,0.6614
21,0.6674,0.6652,0.6459,0.6309,0.6996,0.6695,0.633,0.676,0.6888,0.6524,0.6996,0.6309,0.6629
22,0.6674,0.6931,0.6459,0.6352,0.6996,0.6695,0.6502,0.6845,0.6931,0.6588,0.6996,0.6352,0.6697
23,0.6674,0.6953,0.6459,0.6395,0.6996,0.6867,0.6524,0.6867,0.6931,0.6609,0.6996,0.6395,0.6727
24,0.6674,0.6953,0.6459,0.6717,0.706,0.6867,0.6545,0.6888,0.7017,0.6652,0.706,0.6459,0.6783
25,0.6674,0.6953,0.6459,0.6803,0.706,0.691,0.6545,0.6888,0.7039,0.6674,0.706,0.6459,0.68
26,0.6674,0.6953,0.6459,0.6824,0.706,0.691,0.6567,0.6931,0.7039,0.6674,0.706,0.6459,0.6809
27,0.6717,0.7103,0.6459,0.6824,0.7082,0.6953,0.6588,0.6931,0.7039,0.6674,0.7103,0.6459,0.6837
28,0.6781,0.7103,0.6459,0.6867,0.7103,0.7017,0.6588,0.6931,0.7039,0.6738,0.7103,0.6459,0.6863
29,0.6781,0.7103,0.6738,0.6888,0.7103,0.7039,0.6609,0.6931,0.7039,0.6738,0.7103,0.6609,0.6897
30,0.6824,0.7103,0.6738,0.6888,0.7124,0.7039,0.6609,0.6931,0.7082,0.676,0.7124,0.6609,0.691
31,0.6824,0.7124,0.6738,0.6888,0.7124,0.706,0.6631,0.6931,0.7103,0.6781,0.7124,0.6631,0.692
32,0.6824,0.7124,0.676,0.6931,0.7124,0.706,0.6631,0.6974,0.7103,0.6781,0.7124,0.6631,0.6931
33,0.6824,0.7124,0.676,0.6931,0.7124,0.706,0.6674,0.6974,0.7103,0.6781,0.7124,0.6674,0.6935
34,0.6845,0.7124,0.676,0.6931,0.7124,0.706,0.6674,0.6974,0.7103,0.6781,0.7124,0.6674,0.6938
35,0.6845,0.7124,0.676,0.6953,0.7124,0.706,0.6674,0.6996,0.7146,0.6781,0.7146,0.6674,0.6946
36,0.6845,0.7146,0.676,0.6953,0.7167,0.706,0.6674,0.6996,0.7146,0.6781,0.7167,0.6674,0.6953
37,0.6867,0.7146,0.676,0.6953,0.7167,0.7082,0.6674,0.6996,0.7167,0.6803,0.7167,0.6674,0.6962
38,0.6867,0.7167,0.676,0.6953,0.721,0.7082,0.6674,0.6996,0.7189,0.6974,0.721,0.6674,0.6987
39,0.6867,0.7167,0.691,0.6953,0.721,0.7082,0.6717,0.6996,0.7189,0.6974,0.721,0.6717,0.7006
40,0.6888,0.7167,0.691,0.6953,0.7253,0.7082,0.6717,0.6996,0.7189,0.6996,0.7253,0.6717,0.7015
41,0.6888,0.7167,0.691,0.6953,0.7275,0.7082,0.6738,0.6996,0.7189,0.6996,0.7275,0.6738,0.7019
42,0.6888,0.7167,0.691,0.6953,0.7296,0.7082,0.676,0.6996,0.7189,0.6996,0.7296,0.676,0.7024
43,0.691,0.7167,0.691,0.6974,0.7339,0.7082,0.676,0.7017,0.7189,0.7017,0.7339,0.676,0.7036
44,0.691,0.721,0.6953,0.7017,0.7382,0.7082,0.676,0.706,0.721,0.7017,0.7382,0.676,0.706
45,0.706,0.721,0.6953,0.7017,0.7382,0.7082,0.676,0.7082,0.721,0.7039,0.7382,0.676,0.7079
46,0.7082,0.721,0.6974,0.7017,0.7382,0.7103,0.676,0.7082,0.721,0.7082,0.7382,0.676,0.709
47,0.7082,0.7275,0.6974,0.706,0.7382,0.7103,0.676,0.7082,0.721,0.7082,0.7382,0.676,0.7101
48,0.7103,0.7275,0.6974,0.706,0.7382,0.7146,0.676,0.7082,0.721,0.7082,0.7382,0.676,0.7107
49,0.7146,0.7275,0.6974,0.7082,0.7382,0.7146,0.676,0.7082,0.721,0.7124,0.7382,0.676,0.7118
50,0.7146,0.7275,0.6996,0.7082,0.7382,0.721,0.6781,0.7103,0.721,0.7124,0.7382,0.6781,0.7131
51,0.7146,0.7275,0.6996,0.7082,0.7382,0.721,0.6781,0.7103,0.721,0.7124,0.7382,0.6781,0.7131
52,0.7146,0.7275,0.6996,0.7082,0.7382,0.721,0.6781,0.7146,0.721,0.7124,0.7382,0.6781,0.7135
53,0.7146,0.7296,0.7039,0.7082,0.7382,0.721,0.6781,0.7146,0.721,0.7146,0.7382,0.6781,0.7144
54,0.7167,0.7296,0.7039,0.7103,0.7382,0.721,0.6781,0.7146,0.721,0.7146,0.7382,0.6781,0.7148
55,0.7167,0.7296,0.706,0.7103,0.7382,0.721,0.6781,0.7167,0.7253,0.7167,0.7382,0.6781,0.7159
56,0.7167,0.7318,0.706,0.7103,0.7382,0.721,0.6824,0.7167,0.7275,0.7167,0.7382,0.6824,0.7167
57,0.7167,0.7318,0.7103,0.7103,0.7382,0.721,0.6824,0.7167,0.7318,0.7167,0.7382,0.6824,0.7176
58,0.7167,0.7318,0.7103,0.7103,0.7382,0.721,0.6845,0.7189,0.7318,0.7167,0.7382,0.6845,0.718
59,0.7167,0.7318,0.7103,0.7103,0.7382,0.7232,0.6867,0.721,0.7339,0.7189,0.7382,0.6867,0.7191
60,0.7167,0.7318,0.7103,0.7103,0.7403,0.7296,0.6867,0.7232,0.7339,0.7189,0.7403,0.6867,0.7202
61,0.7167,0.7318,0.7103,0.7103,0.7403,0.7318,0.6867,0.7232,0.7339,0.7189,0.7403,0.6867,0.7204
62,0.7167,0.7318,0.7103,0.7103,0.7403,0.7318,0.6867,0.7232,0.7339,0.721,0.7403,0.6867,0.7206
63,0.7167,0.7318,0.7124,0.7103,0.7403,0.7318,0.7103,0.7232,0.7339,0.721,0.7403,0.7103,0.7232
64,0.7167,0.7318,0.7146,0.7103,0.7403,0.7339,0.7124,0.7232,0.7339,0.721,0.7403,0.7103,0.7238
65,0.7167,0.7318,0.7146,0.7232,0.7403,0.7339,0.7124,0.7275,0.7339,0.721,0.7403,0.7124,0.7255
66,0.7167,0.7318,0.7146,0.7232,0.7403,0.7339,0.7124,0.7275,0.7361,0.721,0.7403,0.7124,0.7258
67,0.7189,0.7318,0.7189,0.7232,0.7403,0.7361,0.7146,0.7275,0.7361,0.7232,0.7403,0.7146,0.7271
68,0.7189,0.7318,0.7189,0.7232,0.7446,0.7382,0.7146,0.7275,0.7361,0.7232,0.7446,0.7146,0.7277
69,0.7189,0.7318,0.7189,0.7232,0.7446,0.7403,0.7146,0.7275,0.7361,0.7232,0.7446,0.7146,0.7279
70,0.7253,0.7339,0.7189,0.7232,0.7446,0.7425,0.7167,0.7275,0.7361,0.7232,0.7446,0.7167,0.7292
71,0.7253,0.7339,0.7189,0.7232,0.7446,0.7425,0.7167,0.7318,0.7361,0.7232,0.7446,0.7167,0.7296
72,0.7253,0.7339,0.721,0.7253,0.7446,0.7425,0.7167,0.7361,0.7361,0.7232,0.7446,0.7167,0.7305
73,0.7253,0.7339,0.721,0.7253,0.7446,0.7425,0.7167,0.7361,0.7361,0.7232,0.7446,0.7167,0.7305
74,0.7253,0.7339,0.721,0.7253,0.7446,0.7425,0.7167,0.7361,0.7361,0.7232,0.7446,0.7167,0.7305
75,0.7253,0.7361,0.7253,0.7253,0.7446,0.7425,0.7167,0.7361,0.7361,0.7232,0.7446,0.7167,0.7311
76,0.7253,0.7361,0.7253,0.7253,0.7446,0.7425,0.7167,0.7361,0.7361,0.7253,0.7446,0.7167,0.7313
77,0.7253,0.7361,0.7275,0.7253,0.7468,0.7425,0.7189,0.7361,0.7361,0.7253,0.7468,0.7189,0.732
78,0.7296,0.7361,0.7275,0.7253,0.7468,0.7425,0.7189,0.7361,0.7361,0.7275,0.7468,0.7189,0.7326
79,0.7296,0.7403,0.7318,0.7253,0.7468,0.7446,0.7189,0.7361,0.7361,0.7275,0.7468,0.7189,0.7337
80,0.7318,0.7403,0.7318,0.7253,0.7468,0.7468,0.7189,0.7361,0.7361,0.7275,0.7468,0.7189,0.7341
81,0.7318,0.7403,0.7318,0.7253,0.7468,0.7468,0.7189,0.7361,0.7361,0.7275,0.7468,0.7189,0.7341
82,0.7318,0.7403,0.7361,0.7253,0.7468,0.7511,0.721,0.7361,0.7361,0.7275,0.7511,0.721,0.7352
83,0.7318,0.7403,0.7361,0.7253,0.7468,0.7511,0.721,0.7361,0.7361,0.7296,0.7511,0.721,0.7354
84,0.7318,0.7403,0.7361,0.7253,0.7468,0.7511,0.721,0.7361,0.7361,0.7296,0.7511,0.721,0.7354
85,0.7318,0.7425,0.7361,0.7253,0.7468,0.7511,0.721,0.7361,0.7361,0.7296,0.7511,0.721,0.7356
86,0.7339,0.7425,0.7361,0.7253,0.7468,0.7511,0.721,0.7361,0.7361,0.7296,0.7511,0.721,0.7358
87,0.7339,0.7425,0.7361,0.7253,0.7468,0.7511,0.721,0.7361,0.7361,0.7296,0.7511,0.721,0.7358
88,0.7339,0.7425,0.7361,0.7253,0.7468,0.7511,0.721,0.7361,0.7361,0.7296,0.7511,0.721,0.7358
89,0.7339,0.7468,0.7361,0.7253,0.7468,0.7511,0.721,0.7361,0.7361,0.7296,0.7511,0.721,0.7363
90,0.7382,0.7468,0.7361,0.7253,0.7511,0.7511,0.721,0.7361,0.7361,0.7296,0.7511,0.721,0.7371
91,0.7382,0.7468,0.7361,0.7253,0.7511,0.7532,0.721,0.7361,0.7361,0.7296,0.7532,0.721,0.7373
92,0.7382,0.7468,0.7361,0.7253,0.7511,0.7532,0.721,0.7361,0.7361,0.7318,0.7532,0.721,0.7376
93,0.7382,0.7468,0.7361,0.7275,0.7511,0.7575,0.721,0.7361,0.7361,0.7339,0.7575,0.721,0.7384
94,0.7382,0.7468,0.7361,0.7296,0.7511,0.7575,0.721,0.7361,0.7361,0.7339,0.7575,0.721,0.7386
95,0.7382,0.7468,0.7361,0.7296,0.7532,0.7575,0.721,0.7361,0.7361,0.7339,0.7575,0.721,0.7389
96,0.7382,0.7468,0.7361,0.7296,0.7532,0.7575,0.7232,0.7361,0.7361,0.7382,0.7575,0.7232,0.7395
97,0.7382,0.7468,0.7361,0.7296,0.7532,0.7575,0.7232,0.7382,0.7361,0.7382,0.7575,0.7232,0.7397
98,0.7382,0.7468,0.7361,0.7296,0.7532,0.7575,0.7275,0.7382,0.7361,0.7382,0.7575,0.7275,0.7401
99,0.7382,0.7468,0.7361,0.7296,0.7532,0.7575,0.7275,0.7382,0.7361,0.7382,0.7575,0.7275,0.7401
100,0.7403,0.7468,0.7361,0.7339,0.7532,0.7575,0.7275,0.7382,0.7361,0.7382,0.7575,0.7275,0.7408
101,0.7425,0.7489,0.7382,0.7339,0.7532,0.7597,0.7275,0.7382,0.7361,0.7382,0.7597,0.7275,0.7416
102,0.7425,0.7489,0.7425,0.7339,0.7532,0.7597,0.7275,0.7382,0.7361,0.7382,0.7597,0.7275,0.7421
103,0.7425,0.7489,0.7425,0.7339,0.7532,0.7597,0.7275,0.7382,0.7361,0.7382,0.7597,0.7275,0.7421
104,0.7425,0.7511,0.7425,0.7339,0.7532,0.7597,0.7275,0.7382,0.7382,0.7382,0.7597,0.7275,0.7425
105,0.7425,0.7511,0.7425,0.7361,0.7532,0.7597,0.7275,0.7382,0.7382,0.7382,0.7597,0.7275,0.7427
106,0.7425,0.7511,0.7425,0.7361,0.7554,0.7597,0.7275,0.7382,0.7382,0.7382,0.7597,0.7275,0.7429
107,0.7446,0.7532,0.7446,0.7361,0.7554,0.7597,0.7275,0.7382,0.7382,0.7403,0.7597,0.7275,0.7438
108,0.7489,0.7532,0.7446,0.7403,0.7554,0.7597,0.7275,0.7382,0.7382,0.7425,0.7597,0.7275,0.7449
109,0.7489,0.7532,0.7446,0.7403,0.7554,0.7597,0.7275,0.7382,0.7382,0.7446,0.7597,0.7275,0.7451
110,0.7489,0.7554,0.7446,0.7403,0.7554,0.7597,0.7403,0.7382,0.7382,0.7446,0.7597,0.7382,0.7466
111,0.7489,0.7597,0.7446,0.7403,0.7554,0.7618,0.7403,0.7382,0.7382,0.7446,0.7618,0.7382,0.7472
112,0.7489,0.7597,0.7446,0.7403,0.7554,0.7618,0.7403,0.7382,0.7382,0.7446,0.7618,0.7382,0.7472
113,0.7511,0.7597,0.7446,0.7403,0.7554,0.7618,0.7403,0.7382,0.7382,0.7446,0.7618,0.7382,0.7474
114,0.7511,0.7597,0.7446,0.7425,0.7554,0.7618,0.7425,0.7382,0.7382,0.7446,0.7618,0.7382,0.7479
115,0.7511,0.7597,0.7446,0.7425,0.7597,0.7618,0.7425,0.7382,0.7382,0.7446,0.7618,0.7382,0.7483
116,0.7511,0.7597,0.7446,0.7446,0.7597,0.7618,0.7425,0.7382,0.7382,0.7446,0.7618,0.7382,0.7485
117,0.7511,0.7597,0.7468,0.7446,0.7597,0.7618,0.7425,0.7382,0.7382,0.7446,0.7618,0.7382,0.7487
118,0.7511,0.7597,0.7468,0.7446,0.7597,0.7618,0.7425,0.7382,0.7382,0.7446,0.7618,0.7382,0.7487
119,0.7511,0.7597,0.7468,0.7468,0.7597,0.7618,0.7425,0.7382,0.7403,0.7446,0.7618,0.7382,0.7491
120,0.7511,0.7597,0.7468,0.7468,0.7597,0.7618,0.7489,0.7382,0.7403,0.7446,0.7618,0.7382,0.7498
121,0.7511,0.7597,0.7468,0.7468,0.7597,0.7618,0.7489,0.7382,0.7403,0.7446,0.7618,0.7382,0.7498
122,0.7511,0.7597,0.7468,0.7489,0.7597,0.7618,0.7489,0.7382,0.7403,0.7446,0.7618,0.7382,0.75
123,0.7511,0.7597,0.7468,0.7489,0.7597,0.7618,0.7489,0.7382,0.7403,0.7446,0.7618,0.7382,0.75
124,0.7511,0.7597,0.7489,0.7489,0.7639,0.7618,0.7489,0.7382,0.7403,0.7446,0.7639,0.7382,0.7506
125,0.7511,0.7597,0.7489,0.7489,0.7639,0.7618,0.7489,0.7425,0.7403,0.7446,0.7639,0.7403,0.7511
126,0.7511,0.7597,0.7489,0.7489,0.7682,0.7639,0.7511,0.7425,0.7403,0.7446,0.7682,0.7403,0.7519
127,0.7511,0.7597,0.7511,0.7489,0.7682,0.7639,0.7532,0.7425,0.7403,0.7446,0.7682,0.7403,0.7523
128,0.7511,0.7618,0.7511,0.7511,0.7682,0.7639,0.7554,0.7425,0.7403,0.7446,0.7682,0.7403,0.753
129,0.7511,0.7618,0.7511,0.7532,0.7682,0.7639,0.7554,0.7425,0.7403,0.7446,0.7682,0.7403,0.7532
130,0.7511,0.7704,0.7511,0.7532,0.7682,0.7639,0.7554,0.7425,0.7403,0.7468,0.7704,0.7403,0.7543
131,0.7511,0.7704,0.7511,0.7532,0.7682,0.7639,0.7554,0.7425,0.7403,0.7468,0.7704,0.7403,0.7543
132,0.7511,0.7704,0.7511,0.7532,0.7682,0.7639,0.7554,0.7446,0.7403,0.7468,0.7704,0.7403,0.7545
133,0.7511,0.7704,0.7511,0.7532,0.7725,0.7639,0.7554,0.7446,0.7403,0.7468,0.7725,0.7403,0.7549
134,0.7511,0.7704,0.7511,0.7532,0.7725,0.7639,0.7554,0.7446,0.7403,0.7468,0.7725,0.7403,0.7549
135,0.7511,0.7704,0.7511,0.7532,0.7747,0.7661,0.7554,0.7446,0.7403,0.7468,0.7747,0.7403,0.7554
136,0.7511,0.7704,0.7511,0.7532,0.7747,0.7661,0.7554,0.7446,0.7403,0.7468,0.7747,0.7403,0.7554
137,0.7511,0.7704,0.7511,0.7532,0.7747,0.7661,0.7554,0.7468,0.7403,0.7468,0.7747,0.7403,0.7556
138,0.7511,0.7704,0.7511,0.7554,0.7768,0.7661,0.7554,0.7468,0.7403,0.7468,0.7768,0.7403,0.756
139,0.7511,0.7725,0.7511,0.7597,0.7768,0.7661,0.7554,0.7511,0.7403,0.7468,0.7768,0.7403,0.7571
140,0.7511,0.7725,0.7532,0.7597,0.779,0.7661,0.7554,0.7511,0.7403,0.7468,0.779,0.7403,0.7575
141,0.7511,0.7725,0.7532,0.7597,0.779,0.7661,0.7554,0.7511,0.7403,0.7489,0.779,0.7403,0.7577
142,0.7511,0.7725,0.7532,0.7597,0.779,0.7661,0.7554,0.7511,0.7403,0.7489,0.779,0.7403,0.7577
143,0.7511,0.7725,0.7532,0.7597,0.779,0.7661,0.7554,0.7511,0.7403,0.7489,0.779,0.7403,0.7577
144,0.7511,0.7725,0.7532,0.7597,0.779,0.7661,0.7554,0.7532,0.7403,0.7489,0.779,0.7403,0.7579
145,0.7511,0.7725,0.7532,0.7597,0.779,0.7661,0.7554,0.7532,0.7403,0.7489,0.779,0.7403,0.7579
146,0.7511,0.7725,0.7532,0.7597,0.7811,0.7682,0.7597,0.7554,0.7403,0.7532,0.7811,0.7403,0.7594
147,0.7511,0.7725,0.7532,0.7597,0.7811,0.7682,0.7597,0.7618,0.7403,0.7532,0.7811,0.7403,0.7601
148,0.7511,0.7725,0.7532,0.7618,0.7811,0.7747,0.7597,0.7618,0.7403,0.7532,0.7811,0.7403,0.7609
149,0.7511,0.7725,0.7532,0.7618,0.7833,0.7747,0.7597,0.7618,0.7403,0.7532,0.7833,0.7403,0.7612
150,0.7511,0.7747,0.7532,0.7618,0.7833,0.7747,0.7597,0.7618,0.7403,0.7554,0.7833,0.7403,0.7616
151,0.7511,0.7747,0.7532,0.7618,0.7833,0.7747,0.7597,0.7618,0.7403,0.7554,0.7833,0.7403,0.7616
152,0.7511,0.7747,0.7532,0.7618,0.7833,0.7747,0.7597,0.7618,0.7403,0.7554,0.7833,0.7403,0.7616
153,0.7511,0.7747,0.7532,0.7618,0.7833,0.7747,0.7597,0.7661,0.7403,0.7554,0.7833,0.7403,0.762
154,0.7511,0.7747,0.7532,0.7618,0.7833,0.7768,0.7597,0.7661,0.7403,0.7554,0.7833,0.7403,0.7622
155,0.7554,0.7747,0.7532,0.7618,0.7833,0.7768,0.7597,0.7661,0.7403,0.7554,0.7833,0.7403,0.7627
156,0.7575,0.7747,0.7532,0.7618,0.7833,0.7768,0.7597,0.7661,0.7403,0.7554,0.7833,0.7403,0.7629
157,0.7575,0.7747,0.7532,0.7618,0.7833,0.7768,0.7597,0.7661,0.7403,0.7554,0.7833,0.7403,0.7629
158,0.7575,0.7747,0.7532,0.7618,0.7833,0.7768,0.7597,0.7661,0.7403,0.7618,0.7833,0.7403,0.7635
159,0.7575,0.779,0.7532,0.7618,0.7833,0.7768,0.7597,0.7682,0.7403,0.7618,0.7833,0.7403,0.7642
160,0.7575,0.779,0.7532,0.7661,0.7876,0.7768,0.7597,0.7682,0.7403,0.7618,0.7876,0.7403,0.765
161,0.7575,0.779,0.7532,0.7704,0.7876,0.7768,0.7597,0.7682,0.7403,0.7618,0.7876,0.7403,0.7654
162,0.7575,0.779,0.7532,0.7704,0.7897,0.779,0.7597,0.7682,0.7403,0.7618,0.7897,0.7403,0.7659
163,0.7575,0.7811,0.7532,0.7704,0.7897,0.779,0.7597,0.7682,0.7403,0.7618,0.7897,0.7403,0.7661
164,0.7575,0.7811,0.7532,0.7704,0.7897,0.779,0.7597,0.7704,0.7403,0.7618,0.7897,0.7403,0.7663
165,0.7575,0.7811,0.7532,0.7704,0.7897,0.779,0.7597,0.7704,0.7403,0.7618,0.7897,0.7403,0.7663
166,0.7575,0.7811,0.7532,0.7704,0.7897,0.779,0.7597,0.7704,0.7403,0.7618,0.7897,0.7403,0.7663
167,0.7575,0.7811,0.7532,0.7704,0.7897,0.7811,0.7597,0.7704,0.7403,0.7618,0.7897,0.7403,0.7665
168,0.7575,0.7833,0.7532,0.7704,0.7918,0.7811,0.7597,0.7704,0.7425,0.7618,0.7918,0.7425,0.7672
169,0.7575,0.7833,0.7532,0.7704,0.7918,0.7833,0.7597,0.7704,0.7468,0.7618,0.7918,0.7468,0.7678
170,0.7575,0.7833,0.7532,0.7704,0.7918,0.7833,0.7597,0.7704,0.7468,0.7618,0.7918,0.7468,0.7678
171,0.7575,0.7854,0.7532,0.7704,0.7918,0.7833,0.7597,0.7704,0.7468,0.7618,0.7918,0.7468,0.768
172,0.7575,0.7854,0.7532,0.7704,0.7918,0.7833,0.7597,0.7704,0.7468,0.7618,0.7918,0.7468,0.768
173,0.7575,0.7897,0.7554,0.7704,0.7918,0.7833,0.7597,0.7704,0.7468,0.7618,0.7918,0.7468,0.7687
174,0.7575,0.7897,0.7575,0.7704,0.794,0.7833,0.7597,0.7725,0.7468,0.7618,0.794,0.7468,0.7693
175,0.7575,0.7897,0.7575,0.7704,0.794,0.7833,0.7597,0.7725,0.7511,0.7618,0.794,0.7511,0.7698
176,0.7575,0.7897,0.7597,0.7704,0.7961,0.7833,0.7597,0.7725,0.7511,0.7618,0.7961,0.7511,0.7702
177,0.7575,0.7897,0.7597,0.7725,0.7961,0.7833,0.7597,0.7725,0.7511,0.7618,0.7961,0.7511,0.7704
178,0.7575,0.7897,0.7597,0.7725,0.7961,0.7833,0.7597,0.7725,0.7511,0.7639,0.7961,0.7511,0.7706
179,0.7575,0.7897,0.7618,0.7725,0.7961,0.7833,0.7597,0.7725,0.7511,0.7639,0.7961,0.7511,0.7708
180,0.7597,0.7897,0.7618,0.7725,0.7961,0.7876,0.7618,0.7747,0.7511,0.7639,0.7961,0.7511,0.7719
181,0.7597,0.7897,0.7618,0.7725,0.7983,0.7876,0.7618,0.7747,0.7511,0.7639,0.7983,0.7511,0.7721
182,0.7597,0.7897,0.7639,0.7725,0.7983,0.7876,0.7618,0.7747,0.7511,0.7639,0.7983,0.7511,0.7723
183,0.7597,0.7897,0.7661,0.7725,0.7983,0.7876,0.7618,0.7747,0.7511,0.7639,0.7983,0.7511,0.7725
184,0.7618,0.7897,0.7682,0.7725,0.7983,0.7876,0.7618,0.7747,0.7511,0.7639,0.7983,0.7511,0.773
185,0.7618,0.7897,0.7682,0.7725,0.7983,0.7876,0.7639,0.7747,0.7511,0.7639,0.7983,0.7511,0.7732
186,0.7618,0.7897,0.7704,0.7725,0.7983,0.7876,0.7661,0.7747,0.7511,0.7639,0.7983,0.7511,0.7736
187,0.7618,0.7897,0.7704,0.7725,0.7983,0.7876,0.7661,0.7747,0.7511,0.7639,0.7983,0.7511,0.7736
188,0.7618,0.7897,0.7704,0.7725,0.7983,0.7876,0.7661,0.7747,0.7511,0.7639,0.7983,0.7511,0.7736
189,0.7618,0.7897,0.7704,0.7725,0.7983,0.7876,0.7661,0.7747,0.7511,0.7639,0.7983,0.7511,0.7736
190,0.7618,0.7897,0.7704,0.7725,0.7983,0.7876,0.7661,0.7747,0.7511,0.7639,0.7983,0.7511,0.7736
191,0.7618,0.7897,0.7704,0.7747,0.7983,0.7876,0.7661,0.7747,0.7511,0.7639,0.7983,0.7511,0.7738
192,0.7618,0.7897,0.7704,0.7747,0.7983,0.7876,0.7661,0.7747,0.7511,0.7639,0.7983,0.7511,0.7738
193,0.7618,0.7897,0.7704,0.7768,0.7983,0.7876,0.7704,0.7747,0.7511,0.7639,0.7983,0.7511,0.7745
194,0.7618,0.7897,0.7704,0.7768,0.7983,0.7876,0.7704,0.7768,0.7511,0.7639,0.7983,0.7511,0.7747
195,0.7618,0.7897,0.7704,0.7768,0.7983,0.7876,0.7704,0.779,0.7511,0.7639,0.7983,0.7511,0.7749
196,0.7618,0.7897,0.7704,0.7768,0.7983,0.7876,0.7725,0.779,0.7554,0.7639,0.7983,0.7554,0.7755
197,0.7618,0.7918,0.7704,0.7768,0.7983,0.7876,0.7725,0.7811,0.7554,0.7639,0.7983,0.7554,0.776
198,0.7618,0.7918,0.7704,0.779,0.7983,0.7876,0.7725,0.7811,0.7554,0.7639,0.7983,0.7554,0.7762
199,0.7618,0.7918,0.7725,0.779,0.7983,0.7876,0.7725,0.7811,0.7554,0.7639,0.7983,0.7554,0.7764
200,0.7618,0.7918,0.7725,0.7811,0.7983,0.7876,0.7725,0.7811,0.7554,0.7639,0.7983,0.7554,0.7766
201,0.7618,0.7918,0.7725,0.7811,0.7983,0.7876,0.7725,0.7811,0.7554,0.7639,0.7983,0.7554,0.7766
202,0.7639,0.7918,0.7725,0.7811,0.7983,0.7876,0.7725,0.7811,0.7554,0.7639,0.7983,0.7554,0.7768
203,0.7639,0.7918,0.7725,0.7811,0.7983,0.7876,0.7747,0.7811,0.7554,0.7639,0.7983,0.7554,0.777
204,0.7639,0.7918,0.7725,0.7811,0.7983,0.7876,0.7747,0.7811,0.7554,0.7639,0.7983,0.7554,0.777
205,0.7639,0.7918,0.7725,0.7833,0.7983,0.7876,0.7747,0.7811,0.7554,0.7639,0.7983,0.7554,0.7773
206,0.7639,0.7918,0.7725,0.7833,0.7983,0.7876,0.7747,0.7811,0.7554,0.7639,0.7983,0.7554,0.7773
207,0.7639,0.7918,0.7725,0.7833,0.7983,0.7876,0.779,0.7811,0.7554,0.7639,0.7983,0.7554,0.7777
208,0.7639,0.7918,0.7725,0.7833,0.7983,0.7876,0.779,0.7811,0.7554,0.7639,0.7983,0.7554,0.7777
209,0.7639,0.7918,0.7725,0.7833,0.7983,0.7876,0.779,0.7811,0.7554,0.7639,0.7983,0.7554,0.7777
210,0.7639,0.7918,0.7725,0.7833,0.7983,0.7876,0.779,0.7811,0.7554,0.7639,0.7983,0.7554,0.7777
211,0.7639,0.7961,0.7725,0.7833,0.7983,0.7876,0.779,0.7811,0.7554,0.7639,0.7983,0.7554,0.7781
212,0.7639,0.7961,0.7725,0.7833,0.7983,0.7876,0.779,0.7811,0.7554,0.7639,0.7983,0.7554,0.7781
213,0.7639,0.7961,0.7725,0.7833,0.7983,0.7876,0.7811,0.7811,0.7554,0.7639,0.7983,0.7554,0.7783
214,0.7639,0.7961,0.7725,0.7833,0.7983,0.7876,0.7811,0.7811,0.7554,0.7639,0.7983,0.7554,0.7783
215,0.7639,0.7961,0.7725,0.7833,0.7983,0.7876,0.7833,0.7811,0.7554,0.7639,0.7983,0.7554,0.7785
216,0.7639,0.7961,0.7725,0.7833,0.7983,0.7876,0.7833,0.7811,0.7554,0.7639,0.7983,0.7554,0.7785
217,0.7639,0.7961,0.7725,0.7876,0.7983,0.7876,0.7833,0.7811,0.7575,0.7639,0.7983,0.7575,0.7792
218,0.7639,0.7961,0.7725,0.7876,0.7983,0.7876,0.7833,0.7811,0.7575,0.7639,0.7983,0.7575,0.7792
219,0.7661,0.7961,0.7725,0.7876,0.7983,0.7876,0.7854,0.7811,0.7575,0.7639,0.7983,0.7575,0.7796
220,0.7661,0.7961,0.7725,0.7876,0.8004,0.7876,0.7876,0.7811,0.7575,0.7639,0.8004,0.7575,0.78
221,0.7661,0.7961,0.7725,0.7876,0.8026,0.7876,0.7897,0.7854,0.7575,0.7639,0.8026,0.7575,0.7809
222,0.7661,0.7961,0.7747,0.7876,0.8026,0.7876,0.7897,0.7854,0.7575,0.7639,0.8026,0.7575,0.7811
223,0.7682,0.7961,0.7747,0.7876,0.8026,0.7876,0.7897,0.7854,0.7575,0.7639,0.8026,0.7575,0.7813
224,0.7704,0.7961,0.7747,0.7876,0.8026,0.7876,0.7897,0.7854,0.7575,0.7639,0.8026,0.7575,0.7815
225,0.7704,0.7961,0.7747,0.7876,0.8026,0.7876,0.7897,0.7854,0.7575,0.7639,0.8026,0.7575,0.7815
226,0.7704,0.7961,0.7747,0.7876,0.8026,0.7876,0.7918,0.7854,0.7597,0.7639,0.8026,0.7597,0.782
227,0.7704,0.7961,0.7747,0.7876,0.8026,0.7876,0.7918,0.7854,0.7597,0.7639,0.8026,0.7597,0.782
228,0.7704,0.7961,0.7747,0.7876,0.8026,0.7876,0.7918,0.7854,0.7597,0.7639,0.8026,0.7597,0.782
229,0.7704,0.7961,0.7768,0.7876,0.8047,0.7876,0.7918,0.7854,0.7597,0.7639,0.8047,0.7597,0.7824
230,0.7704,0.7961,0.7768,0.7876,0.8047,0.7876,0.794,0.7854,0.7618,0.7639,0.8047,0.7618,0.7828
231,0.7704,0.7961,0.7768,0.7876,0.8047,0.7876,0.794,0.7876,0.7618,0.7661,0.8047,0.7618,0.7833
232,0.7704,0.7961,0.7768,0.7876,0.8047,0.7876,0.794,0.7876,0.7618,0.7661,0.8047,0.7618,0.7833
233,0.7704,0.7983,0.7768,0.7876,0.8047,0.7876,0.794,0.7876,0.7639,0.7661,0.8047,0.7639,0.7837
234,0.7704,0.7983,0.7768,0.7876,0.8047,0.7876,0.794,0.7876,0.7661,0.7682,0.8047,0.7661,0.7841
235,0.7704,0.7983,0.7768,0.7876,0.8047,0.7876,0.794,0.7876,0.7661,0.7682,0.8047,0.7661,0.7841
236,0.7704,0.7983,0.779,0.7876,0.8047,0.7876,0.7983,0.7876,0.7661,0.7682,0.8047,0.7661,0.7848
237,0.7725,0.7983,0.779,0.7897,0.8047,0.7876,0.7983,0.7876,0.7704,0.7682,0.8047,0.7682,0.7856
238,0.7725,0.7983,0.779,0.7897,0.8047,0.7876,0.7983,0.7897,0.7704,0.7682,0.8047,0.7682,0.7858
239,0.7725,0.7983,0.779,0.7918,0.8047,0.7876,0.7983,0.7897,0.7747,0.7682,0.8047,0.7682,0.7865
240,0.7725,0.7983,0.779,0.7918,0.8047,0.7876,0.7983,0.7897,0.7747,0.7682,0.8047,0.7682,0.7865
241,0.7725,0.7983,0.779,0.7918,0.8047,0.7876,0.7983,0.7897,0.7747,0.7682,0.8047,0.7682,0.7865
242,0.7725,0.7983,0.779,0.7918,0.8047,0.7876,0.7983,0.7897,0.7747,0.7682,0.8047,0.7682,0.7865
243,0.7725,0.7983,0.779,0.7918,0.809,0.7876,0.7983,0.7897,0.7747,0.7682,0.809,0.7682,0.7869
244,0.7747,0.7983,0.779,0.7918,0.809,0.7876,0.7983,0.7918,0.7747,0.7682,0.809,0.7682,0.7873
245,0.7747,0.7983,0.779,0.7918,0.809,0.7876,0.7983,0.7918,0.7747,0.7682,0.809,0.7682,0.7873
246,0.7747,0.7983,0.779,0.7918,0.809,0.7876,0.7983,0.7918,0.7747,0.7682,0.809,0.7682,0.7873
247,0.7747,0.7983,0.779,0.7918,0.809,0.7876,0.7983,0.7918,0.7747,0.7682,0.809,0.7682,0.7873
248,0.7768,0.7983,0.779,0.7918,0.809,0.7876,0.7983,0.7918,0.7768,0.7682,0.809,0.7682,0.7878
249,0.7768,0.7983,0.779,0.7918,0.809,0.7876,0.7983,0.7918,0.7768,0.7682,0.809,0.7682,0.7878
250,0.7768,0.7983,0.779,0.7918,0.809,0.7876,0.8004,0.7918,0.7768,0.7682,0.809,0.7682,0.788
251,0.7768,0.7983,0.779,0.7918,0.809,0.7876,0.8004,0.7918,0.7768,0.7704,0.809,0.7704,0.7882
252,0.7768,0.7983,0.779,0.7918,0.809,0.7876,0.8004,0.7918,0.7768,0.7704,0.809,0.7704,0.7882
253,0.7768,0.7983,0.779,0.7918,0.809,0.7876,0.8026,0.7918,0.7768,0.7704,0.809,0.7704,0.7884
254,0.7768,0.7983,0.779,0.7918,0.809,0.7897,0.8026,0.7918,0.7768,0.7704,0.809,0.7704,0.7886
255,0.7768,0.7983,0.779,0.7918,0.809,0.7897,0.8026,0.7918,0.779,0.7704,0.809,0.7704,0.7888
256,0.7768,0.7983,0.779,0.7918,0.809,0.7897,0.8047,0.7918,0.779,0.7704,0.809,0.7704,0.7891
257,0.7768,0.7983,0.779,0.7918,0.809,0.7897,0.8047,0.7918,0.779,0.7704,0.809,0.7704,0.7891
258,0.7768,0.7983,0.779,0.7918,0.809,0.7897,0.8047,0.7918,0.779,0.7704,0.809,0.7704,0.7891
259,0.7768,0.7983,0.779,0.7918,0.809,0.7897,0.8047,0.7918,0.779,0.7704,0.809,0.7704,0.7891
260,0.7768,0.7983,0.779,0.7918,0.809,0.7897,0.809,0.7918,0.779,0.7704,0.809,0.7704,0.7895
261,0.7768,0.7983,0.779,0.794,0.809,0.7897,0.809,0.7918,0.779,0.7704,0.809,0.7704,0.7897
262,0.7768,0.7983,0.779,0.794,0.809,0.7897,0.809,0.7918,0.779,0.7704,0.809,0.7704,0.7897
263,0.7768,0.7983,0.779,0.7961,0.809,0.7897,0.8112,0.7918,0.779,0.7704,0.8112,0.7704,0.7901
264,0.7768,0.7983,0.7811,0.7961,0.809,0.7897,0.8133,0.7918,0.779,0.7704,0.8133,0.7704,0.7905
265,0.7768,0.7983,0.7811,0.7961,0.809,0.7897,0.8133,0.7918,0.779,0.7704,0.8133,0.7704,0.7905
266,0.7768,0.8004,0.7811,0.7961,0.809,0.7918,0.8133,0.7918,0.779,0.7704,0.8133,0.7704,0.791
267,0.7768,0.8004,0.7811,0.7961,0.8112,0.7918,0.8133,0.7918,0.779,0.7704,0.8133,0.7704,0.7912
268,0.7768,0.8004,0.7811,0.7961,0.8112,0.7918,0.8133,0.7918,0.779,0.7704,0.8133,0.7704,0.7912
269,0.7768,0.8004,0.7811,0.7961,0.8112,0.7918,0.8133,0.7918,0.779,0.7704,0.8133,0.7704,0.7912
270,0.7768,0.8004,0.7811,0.7961,0.8112,0.7918,0.8133,0.7918,0.779,0.7704,0.8133,0.7704,0.7912
271,0.7768,0.8004,0.7811,0.7961,0.8112,0.7918,0.8133,0.7918,0.779,0.7704,0.8133,0.7704,0.7912
272,0.7768,0.8004,0.7833,0.7961,0.8112,0.7918,0.8133,0.7918,0.779,0.7704,0.8133,0.7704,0.7914
273,0.7768,0.8004,0.7833,0.7961,0.8112,0.7918,0.8133,0.7918,0.779,0.7704,0.8133,0.7704,0.7914
274,0.7768,0.8004,0.7833,0.7961,0.8112,0.7918,0.8133,0.7918,0.779,0.7704,0.8133,0.7704,0.7914
275,0.7768,0.8004,0.7833,0.7961,0.8112,0.7918,0.8133,0.7918,0.779,0.7704,0.8133,0.7704,0.7914
276,0.7768,0.8004,0.7833,0.7983,0.8112,0.7918,0.8176,0.7918,0.779,0.7704,0.8176,0.7704,0.7921
277,0.7768,0.8004,0.7833,0.7983,0.8112,0.7918,0.8176,0.7918,0.779,0.7704,0.8176,0.7704,0.7921
278,0.7768,0.8004,0.7833,0.7983,0.8112,0.7918,0.8176,0.7918,0.779,0.7704,0.8176,0.7704,0.7921
279,0.7768,0.8004,0.7833,0.8004,0.8112,0.7918,0.8176,0.7918,0.779,0.7704,0.8176,0.7704,0.7923
280,0.7768,0.8004,0.7833,0.8004,0.8112,0.7918,0.8176,0.7918,0.779,0.7704,0.8176,0.7704,0.7923
281,0.7768,0.8004,0.7833,0.8004,0.8112,0.7918,0.8176,0.7918,0.779,0.7704,0.8176,0.7704,0.7923
282,0.7768,0.8004,0.7833,0.8004,0.8112,0.7918,0.8176,0.7918,0.779,0.7704,0.8176,0.7704,0.7923
283,0.7768,0.8004,0.7833,0.8004,0.8112,0.7918,0.8176,0.7918,0.779,0.7704,0.8176,0.7704,0.7923
284,0.7768,0.8026,0.7833,0.8004,0.8112,0.7918,0.8176,0.7918,0.779,0.7704,0.8176,0.7704,0.7925
285,0.7768,0.8047,0.7833,0.8004,0.8112,0.7918,0.8176,0.7918,0.779,0.7704,0.8176,0.7704,0.7927
286,0.7768,0.8047,0.7833,0.8004,0.8112,0.7918,0.8176,0.7918,0.779,0.7704,0.8176,0.7704,0.7927
287,0.7768,0.8047,0.7833,0.8004,0.8112,0.7918,0.8176,0.7918,0.779,0.7704,0.8176,0.7704,0.7927
288,0.7768,0.8047,0.7833,0.8004,0.8112,0.7918,0.8176,0.7918,0.779,0.7704,0.8176,0.7704,0.7927
289,0.7768,0.8047,0.7833,0.8004,0.8112,0.7918,0.8176,0.7918,0.779,0.7725,0.8176,0.7725,0.7929
290,0.7768,0.8047,0.7833,0.8004,0.8112,0.7918,0.8176,0.7918,0.779,0.7725,0.8176,0.7725,0.7929
291,0.7768,0.8047,0.7833,0.8004,0.8112,0.7918,0.8176,0.7918,0.779,0.7725,0.8176,0.7725,0.7929
292,0.7768,0.8047,0.7833,0.8004,0.8112,0.7918,0.8176,0.7918,0.779,0.7725,0.8176,0.7725,0.7929
293,0.7768,0.8047,0.7833,0.8004,0.8112,0.7918,0.8176,0.7918,0.779,0.7747,0.8176,0.7747,0.7931
294,0.7768,0.8047,0.7833,0.8004,0.8112,0.7918,0.8176,0.7918,0.779,0.7747,0.8176,0.7747,0.7931
295,0.7768,0.8047,0.7833,0.8004,0.8112,0.7918,0.8176,0.7918,0.779,0.7768,0.8176,0.7768,0.7933
296,0.7768,0.8047,0.7833,0.8004,0.8112,0.7918,0.8176,0.7918,0.779,0.7768,0.8176,0.7768,0.7933
297,0.7768,0.8047,0.7833,0.8004,0.8112,0.7918,0.8176,0.7918,0.779,0.7768,0.8176,0.7768,0.7933
298,0.7768,0.8047,0.7833,0.8004,0.8112,0.7918,0.8176,0.7918,0.779,0.7768,0.8176,0.7768,0.7933
299,0.7768,0.8047,0.7854,0.8004,0.8112,0.7918,0.8176,0.7918,0.779,0.7768,0.8176,0.7768,0.7935
300,0.7768,0.8047,0.7854,0.8004,0.8112,0.7918,0.8176,0.7918,0.779,0.7768,0.8176,0.7768,0.7935
301,0.7768,0.8047,0.7876,0.8004,0.8112,0.7918,0.8176,0.7918,0.779,0.7768,0.8176,0.7768,0.7938
302,0.7768,0.8047,0.7876,0.8004,0.8112,0.7918,0.8176,0.7961,0.779,0.7768,0.8176,0.7768,0.7942
303,0.7768,0.8047,0.7876,0.8004,0.8112,0.7918,0.8176,0.7961,0.779,0.7768,0.8176,0.7768,0.7942
304,0.7768,0.8047,0.7876,0.8004,0.8112,0.7918,0.8176,0.7961,0.779,0.7768,0.8176,0.7768,0.7942
305,0.7768,0.8047,0.7876,0.8004,0.8112,0.7918,0.8176,0.7961,0.779,0.7768,0.8176,0.7768,0.7942
306,0.7768,0.8047,0.7876,0.8004,0.8112,0.7918,0.8176,0.7961,0.779,0.7768,0.8176,0.7768,0.7942
307,0.7768,0.8047,0.7876,0.8004,0.8112,0.7918,0.8176,0.8004,0.779,0.7768,0.8176,0.7768,0.7946
308,0.7768,0.8047,0.7897,0.8004,0.8112,0.7918,0.8197,0.8004,0.779,0.7768,0.8197,0.7768,0.795
309,0.7768,0.8047,0.794,0.8004,0.8112,0.7918,0.8197,0.8004,0.779,0.7768,0.8197,0.7768,0.7955
310,0.779,0.8047,0.794,0.8004,0.8112,0.7918,0.8197,0.8004,0.779,0.7768,0.8197,0.7768,0.7957
311,0.779,0.8047,0.794,0.8004,0.8112,0.7918,0.8197,0.8004,0.779,0.7768,0.8197,0.7768,0.7957
312,0.779,0.8047,0.794,0.8004,0.8112,0.7918,0.8197,0.8004,0.779,0.7768,0.8197,0.7768,0.7957
313,0.779,0.8047,0.794,0.8004,0.8112,0.7918,0.8197,0.8004,0.779,0.7768,0.8197,0.7768,0.7957
314,0.779,0.8047,0.794,0.8004,0.8112,0.7918,0.8197,0.8004,0.779,0.7768,0.8197,0.7768,0.7957
315,0.779,0.8047,0.794,0.8004,0.8133,0.7918,0.8197,0.8004,0.779,0.7768,0.8197,0.7768,0.7959
316,0.779,0.8047,0.794,0.8004,0.8133,0.7918,0.8197,0.8004,0.779,0.7768,0.8197,0.7768,0.7959
317,0.779,0.8047,0.794,0.8004,0.8133,0.7918,0.8197,0.8004,0.779,0.7768,0.8197,0.7768,0.7959
318,0.779,0.8047,0.794,0.8004,0.8133,0.7918,0.8197,0.8004,0.779,0.779,0.8197,0.779,0.7961
319,0.779,0.809,0.794,0.8004,0.8133,0.7918,0.8197,0.8004,0.779,0.779,0.8197,0.779,0.7966
320,0.779,0.809,0.794,0.8004,0.8133,0.7918,0.8197,0.8004,0.779,0.779,0.8197,0.779,0.7966
321,0.779,0.809,0.794,0.8004,0.8133,0.7918,0.8197,0.8004,0.779,0.779,0.8197,0.779,0.7966
322,0.779,0.809,0.794,0.8004,0.8133,0.7918,0.8197,0.8004,0.779,0.779,0.8197,0.779,0.7966
323,0.779,0.809,0.794,0.8004,0.8133,0.7918,0.8197,0.8004,0.779,0.779,0.8197,0.779,0.7966
324,0.779,0.809,0.794,0.8004,0.8133,0.7918,0.8197,0.8004,0.779,0.779,0.8197,0.779,0.7966
325,0.779,0.809,0.794,0.8004,0.8133,0.7918,0.8197,0.8004,0.779,0.779,0.8197,0.779,0.7966
326,0.779,0.809,0.794,0.8026,0.8133,0.7918,0.8197,0.8004,0.779,0.779,0.8197,0.779,0.7968
327,0.779,0.809,0.794,0.8026,0.8133,0.7918,0.8197,0.8004,0.779,0.779,0.8197,0.779,0.7968
328,0.779,0.809,0.794,0.8026,0.8133,0.7918,0.8197,0.8004,0.779,0.779,0.8197,0.779,0.7968
329,0.779,0.809,0.794,0.8026,0.8133,0.7918,0.8197,0.8004,0.779,0.779,0.8197,0.779,0.7968
330,0.779,0.809,0.794,0.8026,0.8133,0.7918,0.8197,0.8004,0.779,0.779,0.8197,0.779,0.7968
331,0.779,0.809,0.794,0.8026,0.8133,0.7918,0.8197,0.8004,0.7833,0.779,0.8197,0.779,0.7972
332,0.779,0.809,0.794,0.8026,0.8133,0.7918,0.8197,0.8004,0.7833,0.779,0.8197,0.779,0.7972
333,0.779,0.809,0.794,0.8026,0.8133,0.7918,0.8197,0.8004,0.7833,0.779,0.8197,0.779,0.7972
334,0.779,0.809,0.794,0.8026,0.8133,0.7918,0.8197,0.8004,0.7833,0.779,0.8197,0.779,0.7972
335,0.779,0.809,0.794,0.8026,0.8133,0.7918,0.8197,0.8004,0.7833,0.779,0.8197,0.779,0.7972
336,0.779,0.809,0.794,0.8026,0.8133,0.7918,0.8197,0.8004,0.7833,0.7811,0.8197,0.779,0.7974
337,0.779,0.809,0.794,0.8026,0.8133,0.7918,0.8197,0.8004,0.7833,0.7811,0.8197,0.779,0.7974
338,0.7811,0.809,0.7961,0.8026,0.8133,0.7918,0.8197,0.8004,0.7833,0.7811,0.8197,0.7811,0.7978
339,0.7811,0.809,0.7961,0.8026,0.8133,0.7918,0.8197,0.8004,0.7833,0.7811,0.8197,0.7811,0.7978
340,0.7854,0.809,0.7961,0.8026,0.8133,0.7918,0.8197,0.8004,0.7833,0.7811,0.8197,0.7811,0.7983
341,0.7854,0.809,0.7961,0.8026,0.8133,0.7918,0.8197,0.8004,0.7833,0.7811,0.8197,0.7811,0.7983
342,0.7854,0.8112,0.7961,0.8026,0.8133,0.7918,0.8197,0.8004,0.7854,0.7811,0.8197,0.7811,0.7987
343,0.7854,0.8112,0.7961,0.8026,0.8133,0.7918,0.8197,0.8004,0.7854,0.7811,0.8197,0.7811,0.7987
344,0.7854,0.8112,0.7961,0.8026,0.8133,0.7918,0.8197,0.8004,0.7854,0.7811,0.8197,0.7811,0.7987
345,0.7854,0.8112,0.7961,0.8026,0.8133,0.7918,0.8197,0.8004,0.7854,0.7811,0.8197,0.7811,0.7987
346,0.7854,0.8112,0.7961,0.8026,0.8133,0.7918,0.8197,0.8004,0.7854,0.7811,0.8197,0.7811,0.7987
347,0.7854,0.8112,0.7961,0.8026,0.8133,0.7918,0.8197,0.8004,0.7854,0.7811,0.8197,0.7811,0.7987
348,0.7854,0.8112,0.7961,0.8026,0.8133,0.7918,0.8197,0.8004,0.7854,0.7811,0.8197,0.7811,0.7987
349,0.7854,0.8112,0.7961,0.8026,0.8133,0.7918,0.8197,0.8004,0.7854,0.7811,0.8197,0.7811,0.7987
350,0.7854,0.8112,0.7961,0.8026,0.8133,0.7918,0.8197,0.8004,0.7854,0.7811,0.8197,0.7811,0.7987
351,0.7854,0.8112,0.7961,0.8026,0.8133,0.7918,0.8197,0.8004,0.7854,0.7811,0.8197,0.7811,0.7987
352,0.7854,0.8112,0.7961,0.8026,0.8133,0.7918,0.8197,0.8004,0.7854,0.7811,0.8197,0.7811,0.7987
353,0.7854,0.8112,0.7961,0.8026,0.8155,0.7918,0.8197,0.8004,0.7854,0.7811,0.8197,0.7811,0.7989
354,0.7854,0.8112,0.7961,0.8026,0.8155,0.7918,0.8197,0.8004,0.7854,0.7811,0.8197,0.7811,0.7989
355,0.7854,0.8112,0.7961,0.8026,0.8155,0.794,0.8197,0.8004,0.7854,0.7811,0.8197,0.7811,0.7991
356,0.7854,0.8112,0.7961,0.8026,0.8155,0.794,0.8219,0.8004,0.7854,0.7811,0.8219,0.7811,0.7994
357,0.7854,0.8112,0.7961,0.8026,0.8155,0.794,0.8219,0.8004,0.7876,0.7854,0.8219,0.7854,0.8
358,0.7854,0.8112,0.7961,0.8026,0.8155,0.794,0.8219,0.8004,0.7897,0.7854,0.8219,0.7854,0.8002
359,0.7854,0.8112,0.7961,0.8026,0.8155,0.794,0.8219,0.8004,0.7897,0.7854,0.8219,0.7854,0.8002
360,0.7854,0.8112,0.7961,0.8026,0.8155,0.794,0.8219,0.8004,0.7897,0.7854,0.8219,0.7854,0.8002
361,0.7854,0.8133,0.7961,0.8026,0.8155,0.794,0.8219,0.8004,0.7897,0.7854,0.8219,0.7854,0.8004
362,0.7854,0.8133,0.7961,0.8026,0.8155,0.794,0.8219,0.8004,0.7897,0.7854,0.8219,0.7854,0.8004
363,0.7854,0.8133,0.7961,0.8026,0.8155,0.794,0.8219,0.8004,0.7897,0.7854,0.8219,0.7854,0.8004
364,0.7854,0.8133,0.7961,0.8026,0.8155,0.794,0.8219,0.8004,0.7897,0.7854,0.8219,0.7854,0.8004
365,0.7854,0.8133,0.7961,0.8026,0.8155,0.794,0.8219,0.8004,0.7897,0.7854,0.8219,0.7854,0.8004
366,0.7854,0.8133,0.7961,0.8026,0.8155,0.794,0.8219,0.8004,0.7897,0.7854,0.8219,0.7854,0.8004
367,0.7854,0.8133,0.7961,0.8026,0.8155,0.794,0.8219,0.8004,0.7897,0.7854,0.8219,0.7854,0.8004
368,0.7854,0.8133,0.7961,0.8026,0.8155,0.794,0.8219,0.8004,0.7897,0.7897,0.8219,0.7854,0.8009
369,0.7854,0.8133,0.7961,0.8026,0.8155,0.794,0.8219,0.8004,0.7897,0.7897,0.8219,0.7854,0.8009
370,0.7854,0.8133,0.7961,0.8026,0.8155,0.794,0.8219,0.8004,0.7897,0.7897,0.8219,0.7854,0.8009
371,0.7854,0.8155,0.7961,0.8026,0.8155,0.794,0.8219,0.8004,0.7897,0.7897,0.8219,0.7854,0.8011
372,0.7854,0.8155,0.7961,0.8026,0.8155,0.794,0.8219,0.8004,0.7897,0.7897,0.8219,0.7854,0.8011
373,0.7854,0.8155,0.7961,0.8026,0.8155,0.794,0.8219,0.8004,0.7897,0.7897,0.8219,0.7854,0.8011
374,0.7854,0.8155,0.7961,0.8026,0.8155,0.794,0.8219,0.8004,0.7897,0.7897,0.8219,0.7854,0.8011
375,0.7854,0.8155,0.7961,0.8026,0.8155,0.794,0.8219,0.8004,0.7897,0.7897,0.8219,0.7854,0.8011
376,0.7854,0.8155,0.7961,0.8026,0.8155,0.794,0.8219,0.8004,0.7897,0.7897,0.8219,0.7854,0.8011
377,0.7854,0.8155,0.7961,0.8026,0.8155,0.794,0.8219,0.8004,0.7897,0.7897,0.8219,0.7854,0.8011
378,0.7854,0.8155,0.7961,0.8026,0.8155,0.794,0.8219,0.8004,0.7897,0.7897,0.8219,0.7854,0.8011
379,0.7854,0.8155,0.7961,0.8026,0.8155,0.794,0.8219,0.8004,0.7897,0.7897,0.8219,0.7854,0.8011
380,0.7854,0.8155,0.7961,0.8026,0.8155,0.794,0.8219,0.8004,0.7897,0.7897,0.8219,0.7854,0.8011
381,0.7854,0.8155,0.7961,0.8026,0.8155,0.794,0.8219,0.8004,0.7897,0.7897,0.8219,0.7854,0.8011
382,0.7854,0.8155,0.7961,0.8026,0.8155,0.794,0.8219,0.8004,0.7897,0.7897,0.8219,0.7854,0.8011
383,0.7854,0.8155,0.7961,0.8026,0.8155,0.794,0.824,0.8004,0.7897,0.7897,0.824,0.7854,0.8013
384,0.7854,0.8155,0.7961,0.8026,0.8155,0.794,0.824,0.8004,0.7897,0.7897,0.824,0.7854,0.8013
385,0.7854,0.8155,0.7961,0.8026,0.8155,0.794,0.824,0.8004,0.7897,0.7897,0.824,0.7854,0.8013
386,0.7854,0.8155,0.7961,0.8026,0.8155,0.7961,0.824,0.8004,0.7897,0.7897,0.824,0.7854,0.8015
387,0.7854,0.8155,0.7961,0.8026,0.8155,0.7961,0.824,0.8004,0.7897,0.7897,0.824,0.7854,0.8015
388,0.7854,0.8155,0.7961,0.8069,0.8155,0.7961,0.824,0.8004,0.7897,0.7897,0.824,0.7854,0.8019
389,0.7854,0.8155,0.7961,0.8069,0.8155,0.7961,0.824,0.8026,0.7897,0.794,0.824,0.7854,0.8026
390,0.7897,0.8155,0.7961,0.8069,0.8155,0.7961,0.824,0.8026,0.7897,0.794,0.824,0.7897,0.803
391,0.7897,0.8155,0.7961,0.8069,0.8155,0.8004,0.824,0.8026,0.7897,0.7983,0.824,0.7897,0.8039
392,0.7897,0.8155,0.7961,0.8069,0.8155,0.8004,0.824,0.8026,0.7897,0.7983,0.824,0.7897,0.8039
393,0.7897,0.8155,0.7961,0.8069,0.8155,0.8004,0.824,0.8026,0.7897,0.7983,0.824,0.7897,0.8039
394,0.7897,0.8155,0.7961,0.8069,0.8155,0.8004,0.824,0.8026,0.7897,0.7983,0.824,0.7897,0.8039
395,0.7897,0.8155,0.7961,0.8069,0.8155,0.8004,0.824,0.8026,0.7897,0.7983,0.824,0.7897,0.8039
396,0.7897,0.8155,0.7961,0.8069,0.8155,0.8004,0.824,0.8026,0.7897,0.7983,0.824,0.7897,0.8039
397,0.7897,0.8155,0.7961,0.8069,0.8155,0.8004,0.824,0.8026,0.7897,0.8026,0.824,0.7897,0.8043
398,0.7897,0.8155,0.7961,0.8069,0.8155,0.8004,0.824,0.8026,0.7897,0.8026,0.824,0.7897,0.8043
399,0.7897,0.8155,0.7961,0.8069,0.8155,0.8004,0.824,0.8026,0.7897,0.8026,0.824,0.7897,0.8043
400,0.7897,0.8155,0.7961,0.8069,0.8155,0.8004,0.824,0.8026,0.7897,0.8026,0.824,0.7897,0.8043
401,0.7897,0.8155,0.7961,0.8069,0.8155,0.8004,0.824,0.8026,0.7897,0.8026,0.824,0.7897,0.8043
402,0.7897,0.8155,0.7961,0.8069,0.8155,0.8004,0.824,0.8026,0.7897,0.8026,0.824,0.7897,0.8043
403,0.7897,0.8155,0.7961,0.8069,0.8155,0.8004,0.824,0.8026,0.7897,0.8047,0.824,0.7897,0.8045
404,0.7897,0.8155,0.7961,0.8069,0.8155,0.8004,0.824,0.8026,0.7897,0.8047,0.824,0.7897,0.8045
405,0.7897,0.8155,0.7961,0.8069,0.8155,0.8004,0.824,0.8047,0.7897,0.8047,0.824,0.7897,0.8047
406,0.7897,0.8155,0.7961,0.8069,0.8155,0.8004,0.824,0.8047,0.7897,0.8047,0.824,0.7897,0.8047
407,0.7897,0.8155,0.7961,0.8069,0.8155,0.8004,0.824,0.8047,0.7897,0.8047,0.824,0.7897,0.8047
408,0.7897,0.8155,0.7961,0.8069,0.8155,0.8004,0.824,0.8047,0.7897,0.8047,0.824,0.7897,0.8047
409,0.7897,0.8155,0.7961,0.8069,0.8155,0.8004,0.824,0.8047,0.7897,0.8047,0.824,0.7897,0.8047
410,0.7897,0.8155,0.7961,0.8069,0.8155,0.8004,0.824,0.8047,0.7897,0.8047,0.824,0.7897,0.8047
411,0.7897,0.8155,0.7961,0.8069,0.8155,0.8004,0.824,0.8047,0.7897,0.8047,0.824,0.7897,0.8047
412,0.7897,0.8155,0.7961,0.8069,0.8155,0.8004,0.824,0.8047,0.7897,0.8069,0.824,0.7897,0.8049
413,0.7897,0.8155,0.7961,0.8069,0.8155,0.8004,0.824,0.8047,0.7897,0.8069,0.824,0.7897,0.8049
414,0.7897,0.8155,0.7961,0.8069,0.8155,0.8004,0.824,0.8047,0.7897,0.8069,0.824,0.7897,0.8049
415,0.7897,0.8155,0.7961,0.8069,0.8155,0.8004,0.824,0.8047,0.7897,0.8069,0.824,0.7897,0.8049
416,0.7897,0.8155,0.7961,0.8069,0.8176,0.8004,0.824,0.8047,0.7897,0.8069,0.824,0.7897,0.8051
417,0.7897,0.8155,0.7961,0.8069,0.8176,0.8004,0.824,0.8047,0.7897,0.8069,0.824,0.7897,0.8051
418,0.7897,0.8155,0.7961,0.8069,0.8176,0.8004,0.824,0.8047,0.7897,0.8069,0.824,0.7897,0.8051
419,0.7897,0.8155,0.7961,0.8069,0.8176,0.8004,0.824,0.8047,0.7897,0.8069,0.824,0.7897,0.8051
420,0.7897,0.8155,0.7961,0.8069,0.8176,0.8004,0.824,0.8047,0.7897,0.8069,0.824,0.7897,0.8051
421,0.7897,0.8155,0.7961,0.8069,0.8176,0.8004,0.824,0.8047,0.7897,0.8069,0.824,0.7897,0.8051
422,0.7897,0.8155,0.7961,0.8069,0.8176,0.8004,0.824,0.8047,0.7897,0.8069,0.824,0.7897,0.8051
423,0.7897,0.8155,0.7961,0.8069,0.8176,0.8004,0.824,0.8069,0.7897,0.8069,0.824,0.7897,0.8054
424,0.7897,0.8155,0.7961,0.8069,0.8176,0.8004,0.824,0.8069,0.7897,0.8069,0.824,0.7897,0.8054
425,0.7897,0.8155,0.7961,0.8069,0.8197,0.8004,0.824,0.8069,0.7897,0.8069,0.824,0.7897,0.8056
426,0.7897,0.8155,0.7961,0.8069,0.8197,0.8004,0.824,0.8069,0.7897,0.8069,0.824,0.7897,0.8056
427,0.7897,0.8155,0.7961,0.8069,0.8197,0.8004,0.824,0.8069,0.7897,0.8069,0.824,0.7897,0.8056
428,0.7897,0.8155,0.7961,0.8069,0.8197,0.8004,0.824,0.8069,0.7897,0.8069,0.824,0.7897,0.8056
429,0.7897,0.8155,0.7961,0.8112,0.8197,0.8004,0.824,0.8069,0.7897,0.8069,0.824,0.7897,0.806
430,0.7897,0.8155,0.7961,0.8112,0.8219,0.8004,0.824,0.8069,0.7897,0.8069,0.824,0.7897,0.8062
431,0.7897,0.8155,0.7961,0.8112,0.8219,0.8004,0.824,0.8069,0.7897,0.8069,0.824,0.7897,0.8062
432,0.7897,0.8155,0.7961,0.8112,0.8219,0.8004,0.824,0.8069,0.7897,0.8069,0.824,0.7897,0.8062
433,0.7897,0.8155,0.7961,0.8112,0.8219,0.8004,0.824,0.8069,0.7897,0.8069,0.824,0.7897,0.8062
434,0.7897,0.8155,0.7961,0.8112,0.8219,0.8004,0.824,0.8069,0.7897,0.8069,0.824,0.7897,0.8062
435,0.7897,0.8155,0.7961,0.8112,0.8219,0.8004,0.824,0.8069,0.7897,0.8069,0.824,0.7897,0.8062
436,0.7897,0.8155,0.7961,0.8112,0.8219,0.8004,0.824,0.8069,0.7897,0.8069,0.824,0.7897,0.8062
437,0.7897,0.8155,0.7961,0.8112,0.8219,0.8004,0.824,0.8069,0.7897,0.8069,0.824,0.7897,0.8062
438,0.7897,0.8155,0.7961,0.8112,0.8219,0.8004,0.824,0.8069,0.7897,0.8069,0.824,0.7897,0.8062
439,0.7897,0.8155,0.7961,0.8133,0.8219,0.8026,0.824,0.8069,0.7897,0.8069,0.824,0.7897,0.8067
440,0.7897,0.8155,0.7961,0.8155,0.8219,0.8026,0.824,0.8069,0.7897,0.8069,0.824,0.7897,0.8069
441,0.7897,0.8176,0.7961,0.8155,0.8219,0.8026,0.824,0.8069,0.7897,0.8069,0.824,0.7897,0.8071
442,0.7897,0.8176,0.7961,0.8197,0.8219,0.8026,0.824,0.8069,0.7897,0.8069,0.824,0.7897,0.8075
443,0.7897,0.8176,0.7961,0.8197,0.8219,0.8026,0.824,0.8069,0.7897,0.8069,0.824,0.7897,0.8075
444,0.7897,0.8176,0.7961,0.8197,0.8219,0.8026,0.824,0.8069,0.7897,0.8069,0.824,0.7897,0.8075
445,0.7897,0.8176,0.7961,0.8197,0.8219,0.8026,0.824,0.8069,0.7897,0.8069,0.824,0.7897,0.8075
446,0.7897,0.8176,0.7961,0.8197,0.8219,0.8026,0.824,0.8069,0.7897,0.8069,0.824,0.7897,0.8075
447,0.7897,0.8176,0.7961,0.8197,0.824,0.8026,0.824,0.8069,0.7897,0.8069,0.824,0.7897,0.8077
448,0.7897,0.8176,0.7961,0.8197,0.824,0.8026,0.824,0.8069,0.7897,0.8069,0.824,0.7897,0.8077
449,0.7897,0.8176,0.7961,0.8197,0.824,0.8026,0.824,0.8069,0.7897,0.8069,0.824,0.7897,0.8077
450,0.7897,0.8176,0.7961,0.8197,0.824,0.8026,0.824,0.8069,0.7897,0.8069,0.824,0.7897,0.8077
451,0.7897,0.8176,0.7961,0.8197,0.824,0.8026,0.824,0.8069,0.7897,0.8069,0.824,0.7897,0.8077
452,0.7897,0.8176,0.7961,0.8197,0.824,0.8026,0.824,0.8069,0.7897,0.8069,0.824,0.7897,0.8077
453,0.7897,0.8176,0.7961,0.8197,0.824,0.8026,0.824,0.8069,0.7897,0.8069,0.824,0.7897,0.8077
454,0.7897,0.8176,0.7961,0.8197,0.824,0.8026,0.824,0.8069,0.7897,0.8069,0.824,0.7897,0.8077
455,0.7897,0.8176,0.7961,0.8197,0.824,0.8026,0.824,0.8069,0.7897,0.8069,0.824,0.7897,0.8077
456,0.7897,0.8176,0.7961,0.8197,0.824,0.8026,0.824,0.8069,0.7897,0.8069,0.824,0.7897,0.8077
457,0.7897,0.8176,0.7961,0.8197,0.824,0.8026,0.824,0.8069,0.7897,0.8069,0.824,0.7897,0.8077
458,0.7897,0.8176,0.7961,0.8197,0.824,0.8026,0.824,0.8069,0.7897,0.8069,0.824,0.7897,0.8077
459,0.7897,0.8176,0.7961,0.8197,0.824,0.8026,0.824,0.8069,0.7897,0.8069,0.824,0.7897,0.8077
460,0.7897,0.8176,0.7961,0.8197,0.824,0.8069,0.824,0.8069,0.7897,0.8069,0.824,0.7897,0.8082
461,0.7897,0.8176,0.7961,0.8197,0.824,0.809,0.824,0.8069,0.7897,0.8069,0.824,0.7897,0.8084
462,0.7897,0.8176,0.7961,0.8197,0.824,0.809,0.824,0.8069,0.7897,0.8069,0.824,0.7897,0.8084
463,0.7897,0.8176,0.7961,0.8197,0.824,0.809,0.824,0.8069,0.7897,0.8069,0.824,0.7897,0.8084
464,0.7897,0.8176,0.7961,0.8197,0.824,0.809,0.824,0.8069,0.7897,0.8069,0.824,0.7897,0.8084
465,0.7897,0.8176,0.7961,0.8197,0.824,0.809,0.824,0.8069,0.7897,0.8069,0.824,0.7897,0.8084
466,0.7897,0.8176,0.7961,0.8197,0.824,0.809,0.824,0.8069,0.7897,0.8069,0.824,0.7897,0.8084
467,0.7897,0.8176,0.7961,0.8197,0.824,0.809,0.824,0.8069,0.7897,0.8069,0.824,0.7897,0.8084
468,0.7897,0.8176,0.7961,0.8197,0.824,0.809,0.824,0.8069,0.7897,0.8069,0.824,0.7897,0.8084
469,0.7897,0.8176,0.7961,0.8197,0.824,0.809,0.824,0.8069,0.7897,0.8069,0.824,0.7897,0.8084
470,0.7897,0.8176,0.7961,0.8197,0.824,0.809,0.824,0.8069,0.7897,0.8069,0.824,0.7897,0.8084
471,0.7897,0.8176,0.7961,0.8197,0.824,0.809,0.824,0.8069,0.7897,0.8069,0.824,0.7897,0.8084
472,0.7897,0.8176,0.7961,0.8197,0.824,0.809,0.824,0.8069,0.7897,0.8069,0.824,0.7897,0.8084
473,0.7897,0.8176,0.7961,0.8197,0.824,0.809,0.824,0.8069,0.7897,0.8069,0.824,0.7897,0.8084
474,0.7897,0.8176,0.7961,0.8197,0.824,0.809,0.824,0.8069,0.7897,0.8069,0.824,0.7897,0.8084
475,0.7897,0.8176,0.7961,0.8197,0.824,0.809,0.824,0.8069,0.7897,0.8069,0.824,0.7897,0.8084
476,0.7897,0.8176,0.7961,0.8197,0.824,0.809,0.824,0.8069,0.7897,0.8069,0.824,0.7897,0.8084
477,0.7897,0.8176,0.7961,0.8197,0.824,0.809,0.824,0.8069,0.7897,0.8069,0.824,0.7897,0.8084
478,0.7897,0.8176,0.7961,0.8197,0.824,0.809,0.824,0.8069,0.7897,0.8069,0.824,0.7897,0.8084
479,0.7897,0.8176,0.7961,0.8197,0.824,0.809,0.824,0.8069,0.7897,0.8069,0.824,0.7897,0.8084
480,0.7897,0.8176,0.7961,0.8197,0.824,0.809,0.824,0.8069,0.7897,0.8069,0.824,0.7897,0.8084
481,0.7897,0.8176,0.7961,0.8197,0.824,0.809,0.824,0.8069,0.7897,0.8069,0.824,0.7897,0.8084
482,0.7897,0.8176,0.7961,0.8197,0.824,0.809,0.824,0.8069,0.7897,0.8069,0.824,0.7897,0.8084
483,0.7897,0.8176,0.7961,0.8197,0.824,0.809,0.824,0.8069,0.7897,0.8069,0.824,0.7897,0.8084
484,0.7897,0.8176,0.7961,0.8197,0.824,0.809,0.824,0.8069,0.7897,0.8069,0.824,0.7897,0.8084
485,0.7897,0.8176,0.7961,0.8197,0.824,0.809,0.824,0.8069,0.7897,0.8069,0.824,0.7897,0.8084
486,0.7897,0.8176,0.7961,0.8197,0.824,0.809,0.824,0.8069,0.7897,0.8069,0.824,0.7897,0.8084
487,0.7897,0.8176,0.7961,0.8197,0.824,0.809,0.824,0.8069,0.7897,0.8069,0.824,0.7897,0.8084
488,0.7897,0.8176,0.7961,0.8197,0.824,0.809,0.824,0.8069,0.7897,0.8069,0.824,0.7897,0.8084
489,0.7897,0.8176,0.7961,0.8197,0.824,0.809,0.824,0.8069,0.7897,0.8069,0.824,0.7897,0.8084
490,0.7897,0.8176,0.7961,0.8197,0.824,0.809,0.824,0.8069,0.7918,0.8069,0.824,0.7897,0.8086
491,0.7897,0.8176,0.7961,0.8197,0.824,0.809,0.824,0.8069,0.7918,0.8069,0.824,0.7897,0.8086
492,0.7897,0.8176,0.7961,0.8197,0.824,0.809,0.824,0.8069,0.7918,0.8069,0.824,0.7897,0.8086
493,0.7897,0.8176,0.7961,0.8197,0.824,0.809,0.824,0.8069,0.7918,0.8069,0.824,0.7897,0.8086
494,0.7897,0.8176,0.7961,0.8197,0.824,0.809,0.824,0.8069,0.7918,0.8069,0.824,0.7897,0.8086
495,0.7897,0.8176,0.7961,0.8197,0.824,0.809,0.824,0.8069,0.7918,0.8069,0.824,0.7897,0.8086
496,0.7897,0.8176,0.7961,0.8197,0.824,0.809,0.824,0.8069,0.7918,0.8069,0.824,0.7897,0.8086
497,0.7897,0.8176,0.7961,0.8197,0.824,0.809,0.824,0.8069,0.7918,0.8069,0.824,0.7897,0.8086
498,0.7897,0.8176,0.7961,0.8197,0.824,0.809,0.824,0.8069,0.7918,0.8069,0.824,0.7897,0.8086
499,0.7897,0.8176,0.7961,0.8197,0.824,0.809,0.824,0.8069,0.7918,0.8069,0.824,0.7897,0.8086
500,0.7897,0.8176,0.7961,0.8197,0.824,0.809,0.824,0.809,0.7918,0.8069,0.824,0.7897,0.8088
501,0.7897,0.8176,0.7961,0.8197,0.824,0.809,0.824,0.809,0.7918,0.8069,0.824,0.7897,0.8088
502,0.7897,0.8176,0.7961,0.8197,0.824,0.809,0.824,0.809,0.7918,0.8069,0.824,0.7897,0.8088
503,0.7918,0.8176,0.7961,0.8197,0.824,0.809,0.824,0.809,0.7918,0.8069,0.824,0.7918,0.809
504,0.7918,0.8176,0.7961,0.8197,0.824,0.809,0.824,0.8112,0.7918,0.8069,0.824,0.7918,0.8092
505,0.7918,0.8176,0.7961,0.8197,0.824,0.809,0.824,0.8112,0.7918,0.8069,0.824,0.7918,0.8092
506,0.7918,0.8176,0.7961,0.8197,0.824,0.809,0.824,0.8112,0.7918,0.8069,0.824,0.7918,0.8092
507,0.7918,0.8176,0.7961,0.8197,0.824,0.809,0.824,0.8112,0.7918,0.8069,0.824,0.7918,0.8092
508,0.7918,0.8176,0.7961,0.8197,0.824,0.809,0.824,0.8112,0.7918,0.8069,0.824,0.7918,0.8092
509,0.7918,0.8176,0.7961,0.8197,0.824,0.809,0.824,0.8112,0.7918,0.8069,0.824,0.7918,0.8092
510,0.7918,0.8176,0.7961,0.8197,0.824,0.809,0.824,0.8112,0.7918,0.8069,0.824,0.7918,0.8092
511,0.7918,0.8176,0.7961,0.8197,0.824,0.809,0.824,0.8112,0.7918,0.8069,0.824,0.7918,0.8092
512,0.7918,0.8176,0.7961,0.8197,0.824,0.809,0.824,0.8133,0.7918,0.8069,0.824,0.7918,0.8094
513,0.794,0.8176,0.7961,0.8197,0.824,0.809,0.824,0.8133,0.7918,0.8069,0.824,0.7918,0.8096
514,0.794,0.8176,0.7961,0.8197,0.824,0.809,0.824,0.8133,0.7918,0.8069,0.824,0.7918,0.8096
515,0.794,0.8176,0.7961,0.8197,0.824,0.809,0.824,0.8133,0.7918,0.8069,0.824,0.7918,0.8096
516,0.794,0.8176,0.7961,0.8197,0.824,0.809,0.824,0.8133,0.7918,0.8069,0.824,0.7918,0.8096
517,0.794,0.8176,0.7961,0.8197,0.824,0.809,0.824,0.8133,0.7918,0.8069,0.824,0.7918,0.8096
518,0.794,0.8176,0.7961,0.8197,0.824,0.809,0.824,0.8133,0.7918,0.8069,0.824,0.7918,0.8096
519,0.794,0.8176,0.7961,0.8197,0.824,0.809,0.824,0.8133,0.7918,0.8069,0.824,0.7918,0.8096
520,0.794,0.8176,0.7961,0.8197,0.824,0.809,0.824,0.8133,0.7918,0.8069,0.824,0.7918,0.8096
521,0.794,0.8176,0.7961,0.8197,0.824,0.809,0.824,0.8155,0.7918,0.8069,0.824,0.7918,0.8099
522,0.794,0.8176,0.7961,0.8197,0.824,0.809,0.824,0.8155,0.7918,0.8069,0.824,0.7918,0.8099
523,0.794,0.8176,0.7961,0.8197,0.824,0.809,0.824,0.8155,0.7918,0.8069,0.824,0.7918,0.8099
524,0.794,0.8176,0.7961,0.8197,0.824,0.809,0.824,0.8155,0.7918,0.8069,0.824,0.7918,0.8099
525,0.794,0.8176,0.7961,0.8197,0.824,0.809,0.824,0.8155,0.7918,0.8069,0.824,0.7918,0.8099
526,0.794,0.8176,0.7961,0.8197,0.824,0.809,0.824,0.8155,0.7918,0.8069,0.824,0.7918,0.8099
527,0.794,0.8176,0.7961,0.8197,0.824,0.809,0.824,0.8155,0.7918,0.8069,0.824,0.7918,0.8099
528,0.794,0.8176,0.7961,0.8197,0.824,0.809,0.824,0.8155,0.7918,0.8069,0.824,0.7918,0.8099
529,0.794,0.8176,0.7961,0.8197,0.824,0.809,0.824,0.8155,0.7918,0.8069,0.824,0.7918,0.8099
530,0.794,0.8176,0.7961,0.8197,0.824,0.809,0.824,0.8155,0.7918,0.8069,0.824,0.7918,0.8099
531,0.794,0.8176,0.7961,0.8197,0.824,0.809,0.824,0.8155,0.7918,0.8069,0.824,0.7918,0.8099
532,0.794,0.8176,0.7961,0.8197,0.824,0.809,0.824,0.8155,0.7918,0.809,0.824,0.7918,0.8101
533,0.794,0.8176,0.7961,0.8197,0.824,0.809,0.824,0.8155,0.7918,0.809,0.824,0.7918,0.8101
534,0.794,0.8176,0.7961,0.8219,0.824,0.809,0.824,0.8155,0.7918,0.809,0.824,0.7918,0.8103
535,0.794,0.8176,0.7961,0.8219,0.824,0.809,0.824,0.8155,0.7918,0.809,0.824,0.7918,0.8103
536,0.794,0.8176,0.7961,0.8219,0.824,0.8112,0.824,0.8155,0.7918,0.809,0.824,0.7918,0.8105
537,0.794,0.8176,0.7961,0.8219,0.824,0.8112,0.824,0.8155,0.7918,0.809,0.824,0.7918,0.8105
538,0.7983,0.8176,0.7961,0.8219,0.824,0.8112,0.824,0.8155,0.7918,0.809,0.824,0.7918,0.8109
539,0.7983,0.8197,0.7961,0.8219,0.824,0.8112,0.824,0.8155,0.7918,0.809,0.824,0.7918,0.8111
540,0.7983,0.8197,0.7961,0.8219,0.824,0.8112,0.824,0.8155,0.7918,0.809,0.824,0.7918,0.8111
541,0.7983,0.8197,0.7961,0.8219,0.824,0.8112,0.824,0.8155,0.7918,0.809,0.824,0.7918,0.8111
542,0.7983,0.8197,0.7961,0.8219,0.824,0.8112,0.824,0.8155,0.7918,0.809,0.824,0.7918,0.8111
543,0.7983,0.8197,0.7961,0.8219,0.824,0.8112,0.824,0.8155,0.7918,0.809,0.824,0.7918,0.8111
544,0.7983,0.8197,0.7961,0.8219,0.824,0.8112,0.824,0.8155,0.7918,0.809,0.824,0.7918,0.8111
545,0.7983,0.8197,0.7961,0.8219,0.824,0.8112,0.824,0.8155,0.7918,0.809,0.824,0.7918,0.8111
546,0.7983,0.8197,0.7961,0.824,0.824,0.8112,0.8262,0.8155,0.7918,0.809,0.8262,0.7918,0.8116
547,0.7983,0.8197,0.7961,0.824,0.824,0.8112,0.8262,0.8155,0.7918,0.809,0.8262,0.7918,0.8116
548,0.7983,0.8197,0.7961,0.824,0.824,0.8112,0.8262,0.8155,0.7918,0.809,0.8262,0.7918,0.8116
549,0.7983,0.8197,0.7961,0.824,0.824,0.8112,0.8262,0.8155,0.7918,0.809,0.8262,0.7918,0.8116
550,0.7983,0.8197,0.7961,0.824,0.824,0.8112,0.8262,0.8155,0.7918,0.809,0.8262,0.7918,0.8116
551,0.7983,0.824,0.7961,0.824,0.824,0.8112,0.8262,0.8155,0.7918,0.809,0.8262,0.7918,0.812
552,0.7983,0.824,0.7961,0.824,0.824,0.8112,0.8262,0.8155,0.7918,0.809,0.8262,0.7918,0.812
553,0.7983,0.824,0.7961,0.824,0.824,0.8112,0.8262,0.8155,0.7918,0.809,0.8262,0.7918,0.812
554,0.7983,0.824,0.7961,0.824,0.824,0.8112,0.8262,0.8155,0.7918,0.809,0.8262,0.7918,0.812
555,0.7983,0.824,0.7961,0.824,0.824,0.8112,0.8262,0.8155,0.7918,0.809,0.8262,0.7918,0.812
556,0.7983,0.824,0.7961,0.824,0.824,0.8133,0.8262,0.8155,0.7918,0.809,0.8262,0.7918,0.8122
557,0.7983,0.824,0.7961,0.824,0.824,0.8133,0.8262,0.8155,0.7918,0.809,0.8262,0.7918,0.8122
558,0.7983,0.824,0.7961,0.824,0.824,0.8133,0.8262,0.8155,0.7918,0.809,0.8262,0.7918,0.8122
559,0.8004,0.824,0.7961,0.824,0.824,0.8155,0.8262,0.8155,0.7918,0.809,0.8262,0.7918,0.8126
560,0.8004,0.824,0.7961,0.824,0.824,0.8155,0.8262,0.8155,0.7918,0.809,0.8262,0.7918,0.8126
561,0.8004,0.824,0.7961,0.824,0.824,0.8155,0.8262,0.8155,0.7918,0.809,0.8262,0.7918,0.8126
562,0.8004,0.824,0.7961,0.824,0.824,0.8155,0.8262,0.8155,0.7918,0.809,0.8262,0.7918,0.8126
563,0.8004,0.824,0.7961,0.824,0.824,0.8155,0.8262,0.8155,0.7918,0.809,0.8262,0.7918,0.8126
564,0.8004,0.824,0.7961,0.824,0.824,0.8155,0.8262,0.8155,0.7918,0.809,0.8262,0.7918,0.8126
565,0.8004,0.824,0.7961,0.824,0.824,0.8155,0.8262,0.8155,0.7918,0.809,0.8262,0.7918,0.8126
566,0.8004,0.824,0.7961,0.824,0.824,0.8155,0.8262,0.8155,0.7918,0.809,0.8262,0.7918,0.8126
567,0.8004,0.824,0.7961,0.824,0.824,0.8155,0.8262,0.8155,0.7918,0.809,0.8262,0.7918,0.8126
568,0.8004,0.824,0.7961,0.824,0.824,0.8176,0.8262,0.8155,0.7918,0.809,0.8262,0.7918,0.8129
569,0.8004,0.824,0.7961,0.824,0.824,0.8176,0.8262,0.8155,0.7918,0.809,0.8262,0.7918,0.8129
570,0.8004,0.824,0.7961,0.824,0.824,0.8176,0.8262,0.8155,0.7918,0.809,0.8262,0.7918,0.8129
571,0.8004,0.824,0.7961,0.824,0.824,0.8176,0.8262,0.8155,0.7918,0.809,0.8262,0.7918,0.8129
572,0.8004,0.824,0.7961,0.824,0.824,0.8176,0.8262,0.8155,0.7918,0.809,0.8262,0.7918,0.8129
573,0.8004,0.824,0.7961,0.824,0.824,0.8176,0.8262,0.8155,0.7918,0.809,0.8262,0.7918,0.8129
574,0.8004,0.824,0.7961,0.824,0.824,0.8176,0.8262,0.8155,0.7918,0.809,0.8262,0.7918,0.8129
575,0.8004,0.824,0.7961,0.824,0.824,0.8176,0.8262,0.8155,0.7918,0.809,0.8262,0.7918,0.8129
576,0.8004,0.824,0.7961,0.824,0.824,0.8176,0.8262,0.8155,0.7918,0.809,0.8262,0.7918,0.8129
577,0.8004,0.824,0.7961,0.824,0.824,0.8176,0.8262,0.8155,0.7918,0.809,0.8262,0.7918,0.8129
578,0.8004,0.824,0.7961,0.824,0.824,0.8176,0.8262,0.8155,0.7918,0.809,0.8262,0.7918,0.8129
579,0.8004,0.824,0.7961,0.824,0.824,0.8176,0.8262,0.8155,0.7918,0.809,0.8262,0.7918,0.8129
580,0.8004,0.824,0.7961,0.824,0.824,0.8176,0.8262,0.8155,0.7918,0.809,0.8262,0.7918,0.8129
581,0.8004,0.824,0.7961,0.824,0.824,0.8176,0.8262,0.8155,0.7918,0.809,0.8262,0.7918,0.8129
582,0.8004,0.824,0.7961,0.824,0.824,0.8176,0.8262,0.8155,0.7918,0.8112,0.8262,0.7918,0.8131
583,0.8004,0.824,0.7961,0.824,0.824,0.8176,0.8262,0.8155,0.7918,0.8112,0.8262,0.7918,0.8131
584,0.8004,0.824,0.7961,0.824,0.824,0.8176,0.8262,0.8155,0.7918,0.8112,0.8262,0.7918,0.8131
585,0.8004,0.824,0.7961,0.824,0.824,0.8176,0.8262,0.8155,0.7918,0.8112,0.8262,0.7918,0.8131
586,0.8004,0.824,0.7961,0.824,0.824,0.8176,0.8262,0.8155,0.7918,0.8112,0.8262,0.7918,0.8131
587,0.8004,0.824,0.7961,0.824,0.824,0.8176,0.8262,0.8155,0.7918,0.8112,0.8262,0.7918,0.8131
588,0.8004,0.824,0.7961,0.824,0.824,0.8176,0.8262,0.8155,0.7918,0.8112,0.8262,0.7918,0.8131
589,0.8004,0.824,0.7961,0.824,0.824,0.8176,0.8262,0.8155,0.7918,0.8112,0.8262,0.7918,0.8131
590,0.8004,0.824,0.7961,0.824,0.824,0.8176,0.8262,0.8155,0.7918,0.8133,0.8262,0.7918,0.8133
591,0.8004,0.824,0.7961,0.824,0.824,0.8176,0.8262,0.8155,0.7918,0.8133,0.8262,0.7918,0.8133
592,0.8004,0.824,0.7961,0.824,0.824,0.8176,0.8262,0.8155,0.794,0.8133,0.8262,0.794,0.8135
593,0.8004,0.824,0.7961,0.824,0.824,0.8176,0.8262,0.8155,0.794,0.8133,0.8262,0.794,0.8135
594,0.8004,0.824,0.7961,0.824,0.824,0.8176,0.8262,0.8155,0.794,0.8133,0.8262,0.794,0.8135
595,0.8004,0.824,0.7961,0.824,0.824,0.8176,0.8262,0.8155,0.794,0.8133,0.8262,0.794,0.8135
596,0.8004,0.824,0.7961,0.824,0.824,0.8176,0.8262,0.8155,0.794,0.8133,0.8262,0.794,0.8135
597,0.8004,0.824,0.7961,0.824,0.824,0.8176,0.8262,0.8155,0.794,0.8133,0.8262,0.794,0.8135
598,0.8004,0.824,0.7961,0.824,0.824,0.8176,0.8262,0.8155,0.794,0.8133,0.8262,0.794,0.8135
599,0.8004,0.824,0.7961,0.824,0.824,0.8176,0.8262,0.8155,0.794,0.8133,0.8262,0.794,0.8135
600,0.8026,0.824,0.7961,0.824,0.824,0.8176,0.8262,0.8155,0.794,0.8133,0.8262,0.794,0.8137
601,0.8026,0.824,0.7961,0.824,0.824,0.8176,0.8262,0.8176,0.794,0.8133,0.8262,0.794,0.8139
602,0.8026,0.824,0.7961,0.824,0.824,0.8176,0.8262,0.8176,0.794,0.8133,0.8262,0.794,0.8139
603,0.8026,0.824,0.7961,0.824,0.824,0.8197,0.8262,0.8176,0.794,0.8133,0.8262,0.794,0.8141
604,0.8026,0.824,0.7961,0.824,0.824,0.8197,0.8262,0.8176,0.794,0.8133,0.8262,0.794,0.8141
605,0.8026,0.824,0.7961,0.824,0.824,0.8197,0.8262,0.8176,0.794,0.8133,0.8262,0.794,0.8141
606,0.8026,0.824,0.7961,0.824,0.824,0.8197,0.8262,0.8176,0.794,0.8133,0.8262,0.794,0.8141
607,0.8026,0.824,0.7961,0.824,0.824,0.8197,0.8262,0.8176,0.794,0.8133,0.8262,0.794,0.8141
608,0.8026,0.824,0.7961,0.824,0.824,0.8197,0.8262,0.8176,0.794,0.8133,0.8262,0.794,0.8141
609,0.8026,0.824,0.7961,0.824,0.824,0.8197,0.8262,0.8176,0.794,0.8133,0.8262,0.794,0.8141
610,0.8026,0.824,0.7961,0.824,0.824,0.8197,0.8262,0.8176,0.794,0.8133,0.8262,0.794,0.8141
611,0.8026,0.824,0.7961,0.824,0.824,0.8197,0.8262,0.8176,0.794,0.8133,0.8262,0.794,0.8141
612,0.8026,0.824,0.7961,0.824,0.824,0.8197,0.8262,0.8176,0.794,0.8133,0.8262,0.794,0.8141
613,0.8026,0.824,0.7961,0.824,0.824,0.8197,0.8262,0.8176,0.794,0.8133,0.8262,0.794,0.8141
614,0.8026,0.824,0.7961,0.824,0.824,0.8197,0.8262,0.8176,0.794,0.8133,0.8262,0.794,0.8141
615,0.8026,0.824,0.7961,0.824,0.824,0.8197,0.8262,0.8176,0.794,0.8133,0.8262,0.794,0.8141
616,0.8026,0.824,0.7961,0.824,0.824,0.8197,0.8262,0.8176,0.794,0.8133,0.8262,0.794,0.8141
617,0.8026,0.824,0.7961,0.824,0.824,0.8197,0.8262,0.8176,0.794,0.8133,0.8262,0.794,0.8141
618,0.8026,0.824,0.7961,0.824,0.824,0.8197,0.8262,0.8176,0.794,0.8133,0.8262,0.794,0.8141
619,0.8026,0.824,0.7961,0.824,0.824,0.8197,0.8262,0.8176,0.794,0.8133,0.8262,0.794,0.8141
620,0.8026,0.824,0.7961,0.824,0.824,0.824,0.8262,0.8176,0.794,0.8133,0.8262,0.794,0.8146
621,0.8026,0.824,0.7961,0.824,0.824,0.824,0.8262,0.8176,0.7961,0.8133,0.8262,0.7961,0.8148
622,0.8026,0.824,0.7961,0.824,0.824,0.824,0.8262,0.8176,0.7961,0.8133,0.8262,0.7961,0.8148
623,0.8026,0.824,0.7961,0.824,0.824,0.824,0.8262,0.8176,0.7961,0.8133,0.8262,0.7961,0.8148
624,0.8026,0.824,0.7961,0.824,0.824,0.824,0.8262,0.8176,0.7961,0.8133,0.8262,0.7961,0.8148
625,0.8026,0.824,0.7961,0.824,0.824,0.824,0.8262,0.8176,0.7961,0.8133,0.8262,0.7961,0.8148
626,0.8026,0.824,0.7961,0.824,0.824,0.824,0.8262,0.8176,0.7961,0.8176,0.8262,0.7961,0.8152
627,0.8026,0.824,0.7961,0.824,0.824,0.824,0.8262,0.8176,0.7961,0.8176,0.8262,0.7961,0.8152
628,0.8026,0.824,0.7961,0.824,0.824,0.824,0.8262,0.8176,0.7961,0.8176,0.8262,0.7961,0.8152
629,0.8026,0.824,0.7961,0.824,0.824,0.824,0.8262,0.8176,0.7961,0.8176,0.8262,0.7961,0.8152
630,0.8026,0.824,0.7961,0.824,0.824,0.824,0.8262,0.8176,0.7961,0.8176,0.8262,0.7961,0.8152
631,0.8026,0.824,0.7961,0.824,0.824,0.824,0.8262,0.8176,0.7961,0.8176,0.8262,0.7961,0.8152
632,0.8026,0.824,0.7961,0.824,0.824,0.824,0.8262,0.8176,0.7961,0.8176,0.8262,0.7961,0.8152
633,0.8026,0.824,0.7961,0.824,0.824,0.824,0.8262,0.8176,0.7961,0.8176,0.8262,0.7961,0.8152
634,0.8026,0.824,0.7961,0.824,0.824,0.824,0.8262,0.8176,0.7961,0.8197,0.8262,0.7961,0.8154
635,0.8026,0.824,0.7961,0.824,0.824,0.824,0.8262,0.8176,0.7961,0.8197,0.8262,0.7961,0.8154
636,0.8026,0.824,0.7961,0.824,0.824,0.824,0.8262,0.8176,0.7961,0.8197,0.8262,0.7961,0.8154
637,0.8026,0.824,0.7961,0.824,0.824,0.824,0.8262,0.8176,0.7961,0.8197,0.8262,0.7961,0.8154
638,0.8026,0.824,0.7961,0.824,0.824,0.824,0.8262,0.8176,0.7961,0.8197,0.8262,0.7961,0.8154
639,0.8026,0.824,0.7961,0.824,0.824,0.824,0.8262,0.8176,0.7961,0.8197,0.8262,0.7961,0.8154
640,0.8026,0.824,0.7961,0.824,0.824,0.824,0.8262,0.8176,0.7961,0.8197,0.8262,0.7961,0.8154
641,0.8026,0.824,0.7961,0.824,0.824,0.8262,0.8262,0.8176,0.7983,0.8197,0.8262,0.7961,0.8159
642,0.8026,0.824,0.7961,0.824,0.824,0.8262,0.8262,0.8176,0.7983,0.8197,0.8262,0.7961,0.8159
643,0.8026,0.824,0.7961,0.824,0.824,0.8262,0.8262,0.8176,0.7983,0.8197,0.8262,0.7961,0.8159
644,0.8026,0.824,0.7961,0.824,0.824,0.8262,0.8262,0.8176,0.7983,0.8197,0.8262,0.7961,0.8159
645,0.8026,0.824,0.7961,0.824,0.824,0.8262,0.8262,0.8176,0.7983,0.8197,0.8262,0.7961,0.8159
646,0.8026,0.824,0.7961,0.824,0.824,0.8262,0.8262,0.8176,0.7983,0.8197,0.8262,0.7961,0.8159
647,0.8026,0.824,0.7961,0.824,0.824,0.8262,0.8262,0.8176,0.7983,0.8197,0.8262,0.7961,0.8159
648,0.8026,0.824,0.7961,0.824,0.824,0.8262,0.8262,0.8176,0.7983,0.8197,0.8262,0.7961,0.8159
649,0.8026,0.824,0.7961,0.824,0.824,0.8262,0.8262,0.8176,0.7983,0.8197,0.8262,0.7961,0.8159
650,0.8026,0.824,0.7961,0.824,0.824,0.8262,0.8262,0.8176,0.7983,0.8197,0.8262,0.7961,0.8159
651,0.8026,0.824,0.7961,0.824,0.824,0.8262,0.8262,0.8176,0.7983,0.8197,0.8262,0.7961,0.8159
652,0.8026,0.824,0.7961,0.824,0.824,0.8262,0.8262,0.8176,0.7983,0.8197,0.8262,0.7961,0.8159
653,0.8026,0.824,0.7961,0.824,0.824,0.8262,0.8262,0.8176,0.7983,0.8197,0.8262,0.7961,0.8159
654,0.8026,0.824,0.7961,0.824,0.824,0.8262,0.8262,0.8176,0.7983,0.8197,0.8262,0.7961,0.8159
655,0.8026,0.824,0.7961,0.824,0.824,0.8262,0.8262,0.8176,0.7983,0.8197,0.8262,0.7961,0.8159
656,0.8026,0.824,0.7961,0.824,0.824,0.8262,0.8262,0.8176,0.7983,0.8197,0.8262,0.7961,0.8159
657,0.8026,0.824,0.7961,0.824,0.824,0.8262,0.8262,0.8176,0.7983,0.8197,0.8262,0.7961,0.8159
658,0.8026,0.824,0.7961,0.824,0.824,0.8262,0.8262,0.8176,0.7983,0.8197,0.8262,0.7961,0.8159
659,0.8026,0.824,0.7961,0.824,0.824,0.8262,0.8262,0.8176,0.7983,0.8197,0.8262,0.7961,0.8159
660,0.8026,0.824,0.7961,0.824,0.824,0.8262,0.8262,0.8176,0.7983,0.8197,0.8262,0.7961,0.8159
661,0.8026,0.824,0.7961,0.824,0.824,0.8262,0.8262,0.8176,0.7983,0.8197,0.8262,0.7961,0.8159
662,0.8026,0.824,0.7961,0.824,0.824,0.8262,0.8262,0.8176,0.7983,0.8197,0.8262,0.7961,0.8159
663,0.8026,0.824,0.7961,0.824,0.824,0.8262,0.8262,0.8176,0.7983,0.8197,0.8262,0.7961,0.8159
1239,0.8026,0.824,0.7961,0.824,0.824,0.8262,0.8326,0.8176,0.7983,0.8197,0.8326,0.7961,0.8165
1243,0.8026,0.824,0.7961,0.8305,0.824,0.8262,0.8326,0.8176,0.7983,0.8197,0.8326,0.7961,0.8172
1244,0.8026,0.824,0.7961,0.8305,0.824,0.8262,0.8326,0.8326,0.7983,0.8197,0.8326,0.7961,0.8187
1246,0.8219,0.8283,0.7961,0.8305,0.824,0.8262,0.8326,0.8326,0.7983,0.8197,0.8326,0.7961,0.821
1247,0.8219,0.8283,0.7961,0.8305,0.8326,0.8262,0.8326,0.8326,0.7983,0.8197,0.8326,0.7961,0.8219
1256,0.8219,0.8283,0.7961,0.8305,0.8326,0.8262,0.8326,0.8326,0.7983,0.8197,0.8326,0.7961,0.8219
1260,0.8219,0.8283,0.7961,0.8305,0.8326,0.8262,0.8326,0.8326,0.7983,0.8326,0.8326,0.7961,0.8232
1263,0.8219,0.8283,0.7961,0.8305,0.8326,0.8262,0.8326,0.8326,0.8176,0.8326,0.8326,0.7961,0.8251
1839,0.8219,0.8283,0.7961,0.8305,0.8326,0.8262,0.8326,0.8326,0.8176,0.8326,0.8326,0.7961,0.8251
1843,0.8219,0.8283,0.7961,0.8326,0.8326,0.8262,0.8326,0.8326,0.8176,0.8326,0.8326,0.7961,0.8253
1844,0.8219,0.8283,0.7961,0.8326,0.8326,0.8262,0.8326,0.8326,0.8176,0.8326,0.8326,0.7961,0.8253
1846,0.8326,0.8305,0.7961,0.8326,0.8326,0.8262,0.8326,0.8326,0.8176,0.8326,0.8326,0.7961,0.8266
1847,0.8326,0.8305,0.7961,0.8326,0.8326,0.8262,0.8326,0.8326,0.8176,0.8326,0.8326,0.7961,0.8266
1856,0.8326,0.8305,0.7961,0.8326,0.8326,0.8326,0.8326,0.8326,0.8176,0.8326,0.8326,0.7961,0.8272
1860,0.8326,0.8305,0.7961,0.8326,0.8326,0.8326,0.8326,0.8326,0.8176,0.8326,0.8326,0.7961,0.8272
1863,0.8326,0.8305,0.7961,0.8326,0.8326,0.8326,0.8326,0.8326,0.8305,0.8326,0.8326,0.7961,0.8285
2439,0.8326,0.8305,0.7961,0.8326,0.8326,0.8326,0.8326,0.8326,0.8305,0.8326,0.8326,0.7961,0.8285
2443,0.8326,0.8305,0.7961,0.8326,0.8326,0.8326,0.8326,0.8326,0.8305,0.8326,0.8326,0.7961,0.8285
2444,0.8326,0.8305,0.7961,0.8326,0.8326,0.8326,0.8326,0.8326,0.8305,0.8326,0.8326,0.7961,0.8285
2446,0.8326,0.8305,0.7961,0.8326,0.8326,0.8326,0.8326,0.8326,0.8305,0.8326,0.8326,0.7961,0.8285
2447,0.8326,0.8305,0.7961,0.8326,0.8326,0.8326,0.8326,0.8326,0.8305,0.8326,0.8326,0.7961,0.8285
2456,0.8326,0.8305,0.7961,0.8326,0.8326,0.8326,0.8326,0.8326,0.8305,0.8326,0.8326,0.7961,0.8285
2460,0.8326,0.8305,0.7961,0.8326,0.8326,0.8326,0.8326,0.8326,0.8305,0.8326,0.8326,0.7961,0.8285
2463,0.8326,0.8305,0.7961,0.8326,0.8326,0.8326,0.8326,0.8326,0.8305,0.8326,0.8326,0.7961,0.8285
3039,0.8326,0.8305,0.7961,0.8326,0.8326,0.8326,0.8326,0.8326,0.8305,0.8326,0.8326,0.7961,0.8285
3043,0.8326,0.8305,0.7961,0.8326,0.8326,0.8326,0.8326,0.8326,0.8305,0.8326,0.8326,0.7961,0.8285
3044,0.8326,0.8305,0.7961,0.8326,0.8326,0.8326,0.8326,0.8326,0.8305,0.8326,0.8326,0.7961,0.8285
3046,0.8326,0.8305,0.7961,0.8326,0.8326,0.8326,0.8326,0.8326,0.8305,0.8326,0.8326,0.7961,0.8285
3047,0.8326,0.8305,0.7961,0.8326,0.8326,0.8326,0.8326,0.8326,0.8305,0.8326,0.8326,0.7961,0.8285
3056,0.8326,0.8305,0.7961,0.8326,0.8326,0.8326,0.8326,0.8326,0.8305,0.8326,0.8326,0.7961,0.8285
3060,0.8326,0.8305,0.7961,0.8326,0.8326,0.8326,0.8326,0.8326,0.8305,0.8326,0.8326,0.7961,0.8285
3063,0.8326,0.8305,0.7961,0.8326,0.8326,0.8326,0.8326,0.8326,0.8326,0.8326,0.8326,0.7961,0.8287
3639,0.8326,0.8305,0.7961,0.8326,0.8326,0.8326,0.8326,0.8326,0.8326,0.8326,0.8326,0.7961,0.8287
3643,0.8326,0.8305,0.7961,0.8326,0.8326,0.8326,0.8326,0.8326,0.8326,0.8326,0.8326,0.7961,0.8287
3644,0.8326,0.8305,0.7961,0.8326,0.8326,0.8326,0.8326,0.8326,0.8326,0.8326,0.8326,0.7961,0.8287
3646,0.8326,0.8305,0.7961,0.8326,0.8326,0.8326,0.8326,0.8326,0.8326,0.8326,0.8326,0.7961,0.8287
3647,0.8326,0.8305,0.7961,0.8326,0.8326,0.8326,0.8326,0.8326,0.8326,0.8326,0.8326,0.7961,0.8287
3656,0.8326,0.8305,0.7961,0.8326,0.8326,0.8326,0.8326,0.8326,0.8326,0.8326,0.8326,0.7961,0.8287
3660,0.8326,0.8305,0.7961,0.8326,0.8326,0.8326,0.8326,0.8326,0.8326,0.8326,0.8326,0.7961,0.8287
3663,0.8326,0.8305,0.7961,0.8326,0.8326,0.8326,0.8326,0.8326,0.8326,0.8326,0.8326,0.7961,0.8287
4243,0.8326,0.8305,0.7961,0.8326,0.8326,0.8326,0.8326,0.8326,0.8326,0.8326,0.8326,0.7961,0.8287
4244,0.8326,0.8305,0.7961,0.8326,0.8326,0.8326,0.8326,0.8326,0.8326,0.8326,0.8326,0.7961,0.8287
4246,0.8326,0.8305,0.7961,0.8326,0.8326,0.8326,0.8326,0.8326,0.8326,0.8326,0.8326,0.7961,0.8287
4248,0.8326,0.8305,0.7961,0.8326,0.8326,0.8326,0.8326,0.8326,0.8326,0.8326,0.8326,0.7961,0.8287
4256,0.8326,0.8305,0.7961,0.8326,0.8326,0.8326,0.8326,0.8326,0.8326,0.8326,0.8326,0.7961,0.8287
4260,0.8326,0.8305,0.7961,0.8326,0.8326,0.8326,0.8326,0.8326,0.8326,0.8326,0.8326,0.7961,0.8287
4263,0.8326,0.8305,0.7961,0.8326,0.8326,0.8326,0.8326,0.8326,0.8326,0.8326,0.8326,0.7961,0.8287
4843,0.8326,0.8305,0.7961,0.8326,0.8326,0.8326,0.8326,0.8326,0.8326,0.8326,0.8326,0.7961,0.8287
4844,0.8326,0.8305,0.7961,0.8326,0.8326,0.8326,0.8326,0.8326,0.8326,0.8326,0.8326,0.7961,0.8287
4846,0.8326,0.8305,0.7961,0.8326,0.8326,0.8326,0.8326,0.8326,0.8326,0.8326,0.8326,0.7961,0.8287
4848,0.8326,0.8305,0.7961,0.8326,0.8326,0.8326,0.8326,0.8326,0.8326,0.8326,0.8326,0.7961,0.8287
4860,0.8326,0.8305,0.7961,0.8326,0.8326,0.8326,0.8326,0.8326,0.8326,0.8326,0.8326,0.7961,0.8287
4863,0.8326,0.8305,0.7961,0.8326,0.8326,0.8326,0.8326,0.8326,0.8326,0.8326,0.8326,0.7961,0.8287
5443,0.8326,0.8305,0.7961,0.8326,0.8326,0.8326,0.8326,0.8326,0.8326,0.8326,0.8326,0.7961,0.8287
5446,0.8326,0.8305,0.7961,0.8326,0.8326,0.8326,0.8326,0.8326,0.8326,0.8326,0.8326,0.7961,0.8287
5448,0.8326,0.8305,0.7961,0.8326,0.8326,0.8326,0.8326,0.8326,0.8326,0.8326,0.8326,0.7961,0.8287
5460,0.8326,0.8305,0.7961,0.8326,0.8326,0.8326,0.8326,0.8326,0.8326,0.8326,0.8326,0.7961,0.8287
5463,0.8326,0.8305,0.7961,0.8326,0.8326,0.8326,0.8326,0.8326,0.8326,0.8326,0.8326,0.7961,0.8287
6043,0.8326,0.8305,0.7961,0.8326,0.8326,0.8326,0.8326,0.8326,0.8326,0.8326,0.8326,0.7961,0.8287
6046,0.8326,0.8305,0.7961,0.8326,0.8326,0.8326,0.8326,0.8326,0.8326,0.8326,0.8326,0.7961,0.8287
6048,0.8326,0.8305,0.7961,0.8326,0.8326,0.8326,0.8326,0.8326,0.8326,0.8326,0.8326,0.7961,0.8287
6060,0.8326,0.8305,0.7961,0.8326,0.8326,0.8326,0.8326,0.8326,0.8326,0.8326,0.8326,0.7961,0.8287
6063,0.8326,0.8305,0.7961,0.8326,0.8326,0.8326,0.8326,0.8326,0.8326,0.8326,0.8326,0.7961,0.8287
6643,0.8326,0.8305,0.7961,0.8326,0.8326,0.8326,0.8326,0.8326,0.8326,0.8326,0.8326,0.7961,0.8287
6646,0.8326,0.8305,0.7961,0.8326,0.8326,0.8326,0.8326,0.8326,0.8326,0.8326,0.8326,0.7961,0.8287
6648,0.8326,0.8305,0.7961,0.8326,0.8326,0.8326,0.8326,0.8326,0.8326,0.8326,0.8326,0.7961,0.8287
6663,0.8326,0.8305,0.7961,0.8326,0.8326,0.8326,0.8326,0.8326,0.8326,0.8326,0.8326,0.7961,0.8287
7243,0.8326,0.8305,0.7961,0.8326,0.8326,0.8326,0.8326,0.8326,0.8326,0.8326,0.8326,0.7961,0.8287
7246,0.8326,0.8305,0.7961,0.8326,0.8326,0.8326,0.8326,0.8326,0.8326,0.8326,0.8326,0.7961,0.8287
7248,0.8326,0.8305,0.7961,0.8326,0.8326,0.8326,0.8326,0.8326,0.8326,0.8326,0.8326,0.7961,0.8287
7263,0.8326,0.8305,0.7961,0.8326,0.8326,0.8326,0.8326,0.8326,0.8326,0.8326,0.8326,0.7961,0.8287
7843,0.8326,0.8305,0.7961,0.8326,0.8326,0.8326,0.8326,0.8326,0.8326,0.8326,0.8326,0.7961,0.8287
7846,0.8326,0.8305,0.7961,0.8326,0.8326,0.8326,0.8326,0.8326,0.8326,0.8326,0.8326,0.7961,0.8287
7848,0.8326,0.8305,0.7961,0.8326,0.8326,0.8326,0.8326,0.8326,0.8326,0.8326,0.8326,0.7961,0.8287
7863,0.8326,0.8305,0.7961,0.8326,0.8326,0.8326,0.8326,0.8326,0.8326,0.8326,0.8326,0.7961,0.8287
8443,0.8326,0.8305,0.7961,0.8326,0.8326,0.8326,0.8326,0.8326,0.8326,0.8326,0.8326,0.7961,0.8287
8446,0.8326,0.8305,0.7961,0.8326,0.8326,0.8326,0.8326,0.8326,0.8326,0.8326,0.8326,0.7961,0.8287
8448,0.8326,0.8305,0.7961,0.8326,0.8326,0.8326,0.8326,0.8326,0.8326,0.8326,0.8326,0.7961,0.8287
8463,0.8326,0.8305,0.7961,0.8326,0.8326,0.8326,0.8326,0.8326,0.8326,0.8326,0.8326,0.7961,0.8287
9043,0.8326,0.8305,0.7961,0.8326,0.8326,0.8326,0.8326,0.8326,0.8326,0.8326,0.8326,0.7961,0.8287
9046,0.8326,0.8305,0.7961,0.8326,0.8326,0.8326,0.8326,0.8326,0.8326,0.8326,0.8326,0.7961,0.8287
9063,0.8326,0.8305,0.7961,0.8326,0.8326,0.8326,0.8326,0.8326,0.8326,0.8326,0.8326,0.7961,0.8287
9646,0.8326,0.8305,0.7961,0.8326,0.8326,0.8326,0.8326,0.8326,0.8326,0.8326,0.8326,0.7961,0.8287
9663,0.8326,0.8305,0.7961,0.8326,0.8326,0.8326,0.8326,0.8326,0.8326,0.8326,0.8326,0.7961,0.8287
10246,0.8326,0.8305,0.7961,0.8326,0.8326,0.8326,0.8326,0.8326,0.8326,0.8326,0.8326,0.7961,0.8287
10263,0.8326,0.8305,0.7961,0.8326,0.8326,0.8326,0.8326,0.8326,0.8326,0.8326,0.8326,0.7961,0.8287
10846,0.8326,0.8305,0.7961,0.8326,0.8326,0.8326,0.8326,0.8326,0.8326,0.8326,0.8326,0.7961,0.8287
10863,0.8326,0.8305,0.7961,0.8326,0.8326,0.8326,0.8326,0.8326,0.8326,0.8326,0.8326,0.7961,0.8287
11446,0.8326,0.8305,0.7961,0.8326,0.8326,0.8326,0.8326,0.8326,0.8326,0.8326,0.8326,0.7961,0.8287
11463,0.8326,0.8305,0.7961,0.8326,0.8326,0.8326,0.8326,0.8326,0.8326,0.8326,0.8326,0.7961,0.8287
12046,0.8326,0.8305,0.7961,0.8326,0.8326,0.8326,0.8326,0.8326,0.8326,0.8326,0.8326,0.7961,0.8287
12063,0.8326,0.8305,0.7961,0.8326,0.8326,0.8326,0.8326,0.8326,0.8326,0.8326,0.8326,0.7961,0.8287
12646,0.8326,0.8305,0.7961,0.8326,0.8326,0.8326,0.8326,0.8326,0.8326,0.8326,0.8326,0.7961,0.8287
12663,0.8326,0.8305,0.7961,0.8326,0.8326,0.8326,0.8326,0.8326,0.8326,0.8326,0.8326,0.7961,0.8287
13246,0.8326,0.8305,0.7961,0.8326,0.8326,0.8326,0.8326,0.8326,0.8326,0.8326,0.8326,0.7961,0.8287
13263,0.8326,0.8305,0.7961,0.8326,0.8326,0.8326,0.8326,0.8326,0.8326,0.8326,0.8326,0.7961,0.8287
13846,0.8326,0.8305,0.7961,0.8326,0.8326,0.8326,0.8326,0.8326,0.8326,0.8326,0.8326,0.7961,0.8287
13863,0.8326,0.8305,0.7961,0.8326,0.8326,0.8326,0.8326,0.8326,0.8326,0.8326,0.8326,0.7961,0.8287
14446,0.8326,0.8305,0.7961,0.8326,0.8326,0.8326,0.8326,0.8326,0.8326,0.8326,0.8326,0.7961,0.8287
14463,0.8326,0.8305,0.7961,0.8326,0.8326,0.8326,0.8326,0.8326,0.8326,0.8326,0.8326,0.7961,0.8287
15046,0.8326,0.8305,0.7961,0.8326,0.8326,0.8326,0.8326,0.8326,0.8326,0.8326,0.8326,0.7961,0.8287
15063,0.8326,0.8305,0.7961,0.8326,0.8326,0.8326,0.8326,0.8326,0.8326,0.8326,0.8326,0.7961,0.8287
15646,0.8326,0.8305,0.7961,0.8326,0.8326,0.8326,0.8326,0.8326,0.8326,0.8326,0.8326,0.7961,0.8287
15663,0.8326,0.8305,0.7961,0.8326,0.8326,0.8326,0.8326,0.8326,0.8326,0.8326,0.8326,0.7961,0.8287
16246,0.8326,0.8305,0.7961,0.8326,0.8326,0.8326,0.8326,0.8326,0.8326,0.8326,0.8326,0.7961,0.8287
16263,0.8326,0.8305,0.7961,0.8326,0.8326,0.8326,0.8326,0.8326,0.8326,0.8326,0.8326,0.7961,0.8287
16846,0.8326,0.8305,0.7961,0.8326,0.8326,0.8326,0.8326,0.8326,0.8326,0.8326,0.8326,0.7961,0.8287
16863,0.8326,0.8305,0.7961,0.8326,0.8326,0.8326,0.8326,0.8326,0.8326,0.8326,0.8326,0.7961,0.8287
17446,0.8326,0.8305,0.7961,0.8326,0.8326,0.8326,0.8326,0.8326,0.8326,0.8326,0.8326,0.7961,0.8287
17463,0.8326,0.8305,0.7961,0.8326,0.8326,0.8326,0.8326,0.8326,0.8326,0.8326,0.8326,0.7961,0.8287
18046,0.8326,0.8305,0.7961,0.8326,0.8326,0.8326,0.8326,0.8326,0.8326,0.8326,0.8326,0.7961,0.8287
18063,0.8326,0.8305,0.7961,0.8326,0.8326,0.8326,0.8326,0.8326,0.8326,0.8326,0.8326,0.7961,0.8287
18646,0.8326,0.8305,0.7961,0.8326,0.8326,0.8326,0.8326,0.8326,0.8326,0.8326,0.8326,0.7961,0.8287
18663,0.8326,0.8305,0.7961,0.8326,0.8326,0.8326,0.8326,0.8326,0.8326,0.8326,0.8326,0.7961,0.8287
19246,0.8326,0.8305,0.7961,0.8326,0.8326,0.8326,0.8326,0.8326,0.8326,0.8326,0.8326,0.7961,0.8287
19263,0.8326,0.8305,0.7961,0.8326,0.8326,0.8326,0.8326,0.8326,0.8326,0.8326,0.8326,0.7961,0.8287
19846,0.8326,0.8305,0.7961,0.8326,0.8326,0.8326,0.8326,0.8326,0.8326,0.8326,0.8326,0.7961,0.8287
19863,0.8326,0.8305,0.7961,0.8326,0.8326,0.8326,0.8326,0.8326,0.8326,0.8326,0.8326,0.7961,0.8287
20446,0.8326,0.8305,0.7961,0.8326,0.8326,0.8326,0.8326,0.8326,0.8326,0.8326,0.8326,0.7961,0.8287
20463,0.8326,0.8305,0.7961,0.8326,0.8326,0.8326,0.8326,0.8326,0.8326,0.8326,0.8326,0.7961,0.8287
21046,0.8326,0.8305,0.7961,0.8326,0.8326,0.8326,0.8326,0.8326,0.8326,0.8326,0.8326,0.7961,0.8287
21063,0.8326,0.8305,0.7961,0.8326,0.8326,0.8326,0.8326,0.8326,0.8326,0.8326,0.8326,0.7961,0.8287
21646,0.8326,0.8305,0.7961,0.8326,0.8326,0.8326,0.8326,0.8326,0.8326,0.8326,0.8326,0.7961,0.8287
21663,0.8326,0.8305,0.7961,0.8326,0.8326,0.8326,0.8326,0.8326,0.8326,0.8326,0.8326,0.7961,0.8287
22246,0.8326,0.8305,0.7961,0.8326,0.8326,0.8326,0.8326,0.8326,0.8326,0.8326,0.8326,0.7961,0.8287
22263,0.8326,0.8305,0.7961,0.8326,0.8326,0.8326,0.8326,0.8326,0.8326,0.8326,0.8326,0.7961,0.8287
22846,0.8326,0.8305,0.7961,0.8326,0.8326,0.8326,0.8326,0.8326,0.8326,0.8326,0.8326,0.7961,0.8287
23446,0.8326,0.8305,0.7961,0.8326,0.8326,0.8326,0.8326,0.8326,0.8326,0.8326,0.8326,0.7961,0.8287
24046,0.8326,0.8305,0.7961,0.8326,0.8326,0.8326,0.8326,0.8326,0.8326,0.8326,0.8326,0.7961,0.8287
24646,0.8326,0.8305,0.7961,0.8326,0.8326,0.8326,0.8326,0.8326,0.8326,0.8326,0.8326,0.7961,0.8287
25246,0.8326,0.8305,0.7961,0.8326,0.8326,0.8326,0.8326,0.8326,0.8326,0.8326,0.8326,0.7961,0.8287
25846,0.8326,0.8305,0.7961,0.8326,0.8326,0.8326,0.8326,0.8326,0.8326,0.8326,0.8326,0.7961,0.8287
26446,0.8326,0.8305,0.7961,0.8326,0.8326,0.8326,0.8326,0.8326,0.8326,0.8326,0.8326,0.7961,0.8287
27046,0.8326,0.8305,0.7961,0.8326,0.8326,0.8326,0.8326,0.8326,0.8326,0.8326,0.8326,0.7961,0.8287
27646,0.8326,0.8305,0.7961,0.8326,0.8326,0.8326,0.8326,0.8326,0.8326,0.8326,0.8326,0.7961,0.8287
28246,0.8326,0.8305,0.7961,0.8326,0.8326,0.8326,0.8326,0.8326,0.8326,0.8326,0.8326,0.7961,0.8287
28846,0.8326,0.8305,0.7961,0.8326,0.8326,0.8326,0.8326,0.8326,0.8326,0.8326,0.8326,0.7961,0.8287
29446,0.8326,0.8305,0.7961,0.8326,0.8326,0.8326,0.8326,0.8326,0.8326,0.8326,0.8326,0.7961,0.8287
30046,0.8326,0.8305,0.7961,0.8326,0.8326,0.8326,0.8326,0.8326,0.8326,0.8326,0.8326,0.7961,0.8287
30646,0.8326,0.8305,0.7961,0.8326,0.8326,0.8326,0.8326,0.8326,0.8326,0.8326,0.8326,0.7961,0.8287
31246,0.8326,0.8305,0.7961,0.8326,0.8326,0.8326,0.8326,0.8326,0.8326,0.8326,0.8326,0.7961,0.8287
31846,0.8326,0.8305,0.7961,0.8326,0.8326,0.8326,0.8326,0.8326,0.8326,0.8326,0.8326,0.7961,0.8287
32446,0.8326,0.8305,0.7961,0.8326,0.8326,0.8326,0.8326,0.8326,0.8326,0.8326,0.8326,0.7961,0.8287
33046,0.8326,0.8305,0.7961,0.8326,0.8326,0.8326,0.8326,0.8326,0.8326,0.8326,0.8326,0.7961,0.8287
33646,0.8326,0.8305,0.7961,0.8326,0.8326,0.8326,0.8326,0.8326,0.8326,0.8326,0.8326,0.7961,0.8287
34246,0.8326,0.8305,0.7961,0.8326,0.8326,0.8326,0.8326,0.8326,0.8326,0.8326,0.8326,0.7961,0.8287
34846,0.8326,0.8305,0.7961,0.8326,0.8326,0.8326,0.8326,0.8326,0.8326,0.8326,0.8326,0.7961,0.8287
35446,0.8326,0.8305,0.7961,0.8326,0.8326,0.8326,0.8326,0.8326,0.8326,0.8326,0.8326,0.7961,0.8287
36046,0.8326,0.8305,0.7961,0.8326,0.8326,0.8326,0.8326,0.8326,0.8326,0.8326,0.8326,0.7961,0.8287
36646,0.8326,0.8305,0.7961,0.8326,0.8326,0.8326,0.8326,0.8326,0.8326,0.8326,0.8326,0.7961,0.8287
37246,0.8326,0.8305,0.7961,0.8326,0.8326,0.8326,0.8326,0.8326,0.8326,0.8326,0.8326,0.7961,0.8287
37846,0.8326,0.8305,0.7961,0.8326,0.8326,0.8326,0.8326,0.8326,0.8326,0.8326,0.8326,0.7961,0.8287
38447,0.8326,0.8305,0.7961,0.8326,0.8326,0.8326,0.8326,0.8326,0.8326,0.8326,0.8326,0.7961,0.8287
39047,0.8326,0.8305,0.7961,0.8326,0.8326,0.8326,0.8326,0.8326,0.8326,0.8326,0.8326,0.7961,0.8287
39647,0.8326,0.8305,0.7961,0.8326,0.8326,0.8326,0.8326,0.8326,0.8326,0.8326,0.8326,0.7961,0.8287
40247,0.8326,0.8305,0.7961,0.8326,0.8326,0.8326,0.8326,0.8326,0.8326,0.8326,0.8326,0.7961,0.8287
40847,0.8326,0.8305,0.7961,0.8326,0.8326,0.8326,0.8326,0.8326,0.8326,0.8326,0.8326,0.7961,0.8287
41447,0.8326,0.8305,0.7961,0.8326,0.8326,0.8326,0.8326,0.8326,0.8326,0.8326,0.8326,0.7961,0.8287
42047,0.8326,0.8305,0.7961,0.8326,0.8326,0.8326,0.8326,0.8326,0.8326,0.8326,0.8326,0.7961,0.8287
42647,0.8326,0.8305,0.7961,0.8326,0.8326,0.8326,0.8326,0.8326,0.8326,0.8326,0.8326,0.7961,0.8287
43247,0.8326,0.8305,0.7961,0.8326,0.8326,0.8326,0.8326,0.8326,0.8326,0.8326,0.8326,0.7961,0.8287
