timestamp,ehci2,ehci5,ehci1,ehci6,ehci4,ehci0,ehci9,ehci8,ehci3,ehci7,max,min,avg
0,0.0573,0.0573,0.0573,0.0573,0.0573,0.0573,0.0573,0.0573,0.0573,0.0573,0.0573,0.0573,0.0573
4,0.1006,0.1006,0.1006,0.1006,0.1006,0.1006,0.1006,0.1006,0.1006,0.1006,0.1006,0.1006,0.1006
5,0.1564,0.1034,0.1145,0.102,0.1103,0.1047,0.1383,0.1634,0.1089,0.1047,0.1634,0.102,0.1207
6,0.1662,0.1047,0.1173,0.1089,0.1131,0.1089,0.1494,0.1634,0.1704,0.1131,0.1704,0.1047,0.1315
7,0.1662,0.1061,0.1229,0.1159,0.1173,0.162,0.1522,0.1746,0.176,0.1201,0.176,0.1061,0.1413
8,0.1997,0.1145,0.1257,0.1187,0.1173,0.1676,0.155,0.1969,0.1885,0.1257,0.1997,0.1145,0.151
9,0.2179,0.1159,0.1257,0.1187,0.1173,0.1746,0.155,0.1969,0.1927,0.1285,0.2179,0.1159,0.1543
10,0.2179,0.1201,0.1257,0.1187,0.1215,0.1746,0.155,0.1969,0.1927,0.1313,0.2179,0.1187,0.1554
11,0.2193,0.1243,0.1341,0.1522,0.1243,0.1746,0.1578,0.1983,0.1927,0.1313,0.2193,0.1243,0.1609
12,0.2193,0.1243,0.183,0.1522,0.1271,0.1774,0.1606,0.1983,0.1927,0.1774,0.2193,0.1243,0.1712
13,0.2193,0.1271,0.183,0.1522,0.1913,0.1774,0.1606,0.2346,0.1955,0.1774,0.2346,0.1271,0.1818
14,0.2291,0.1299,0.1844,0.1592,0.1941,0.1802,0.1606,0.2346,0.1955,0.1802,0.2346,0.1299,0.1848
15,0.2332,0.1299,0.1844,0.1592,0.1941,0.1802,0.1606,0.2346,0.2039,0.1872,0.2346,0.1299,0.1867
16,0.2332,0.1299,0.1844,0.1592,0.1941,0.1885,0.1606,0.2458,0.2039,0.1872,0.2458,0.1299,0.1887
17,0.2332,0.1299,0.1899,0.1592,0.1941,0.1885,0.162,0.2486,0.2123,0.1872,0.2486,0.1299,0.1905
18,0.2332,0.1327,0.1941,0.1592,0.1941,0.1885,0.162,0.2486,0.2123,0.1885,0.2486,0.1327,0.1913
19,0.2332,0.1788,0.2095,0.1592,0.1941,0.1885,0.162,0.2486,0.2137,0.2165,0.2486,0.1592,0.2004
20,0.2332,0.1788,0.2095,0.1592,0.1941,0.1885,0.162,0.2486,0.2137,0.2165,0.2486,0.1592,0.2004
21,0.2374,0.1816,0.2095,0.1592,0.1941,0.1899,0.162,0.25,0.2137,0.2165,0.25,0.1592,0.2014
22,0.2374,0.1816,0.2095,0.2095,0.1941,0.1913,0.162,0.25,0.2137,0.2165,0.25,0.162,0.2066
23,0.2374,0.1816,0.2095,0.2165,0.1941,0.1913,0.162,0.25,0.2137,0.2458,0.25,0.162,0.2102
24,0.2374,0.1858,0.2123,0.2165,0.1955,0.1913,0.162,0.25,0.2137,0.2556,0.2556,0.162,0.212
25,0.2374,0.1858,0.2123,0.2165,0.1983,0.1941,0.162,0.25,0.2137,0.2626,0.2626,0.162,0.2133
26,0.2374,0.1872,0.2123,0.2165,0.1983,0.2053,0.162,0.25,0.2137,0.2626,0.2626,0.162,0.2145
27,0.2374,0.1969,0.2123,0.2165,0.1983,0.2067,0.169,0.2584,0.2137,0.2626,0.2626,0.169,0.2172
28,0.2374,0.1969,0.2123,0.2249,0.1983,0.2123,0.169,0.2584,0.2137,0.2626,0.2626,0.169,0.2186
29,0.2374,0.1969,0.2151,0.2249,0.1983,0.2193,0.1718,0.2584,0.2137,0.2626,0.2626,0.1718,0.2198
30,0.2374,0.1969,0.2151,0.2277,0.1983,0.2193,0.1718,0.2584,0.2137,0.2654,0.2654,0.1718,0.2204
31,0.2374,0.1969,0.2151,0.2318,0.1983,0.2193,0.1718,0.2584,0.2137,0.2654,0.2654,0.1718,0.2208
32,0.2514,0.1969,0.2151,0.2346,0.1983,0.2193,0.1718,0.2584,0.2137,0.2654,0.2654,0.1718,0.2225
33,0.2514,0.1969,0.2151,0.2346,0.2011,0.2193,0.1718,0.2584,0.2137,0.2654,0.2654,0.1718,0.2228
34,0.2542,0.2011,0.2151,0.2346,0.2011,0.2193,0.1718,0.2584,0.2137,0.2654,0.2654,0.1718,0.2235
35,0.2542,0.2039,0.2151,0.2346,0.2095,0.2193,0.1718,0.2584,0.2235,0.2654,0.2654,0.1718,0.2256
36,0.2542,0.2039,0.2151,0.2346,0.2095,0.2193,0.1718,0.2584,0.2235,0.2654,0.2654,0.1718,0.2256
37,0.257,0.2039,0.2151,0.2346,0.2095,0.2193,0.1718,0.2584,0.2235,0.2654,0.2654,0.1718,0.2258
38,0.257,0.2277,0.2151,0.2346,0.2095,0.2193,0.1718,0.2849,0.2235,0.2654,0.2849,0.1718,0.2309
39,0.257,0.2277,0.2151,0.2346,0.2095,0.2193,0.1718,0.2849,0.2235,0.2737,0.2849,0.1718,0.2317
40,0.257,0.2277,0.2151,0.2346,0.2235,0.2193,0.2011,0.2849,0.2235,0.2737,0.2849,0.2011,0.236
41,0.257,0.2277,0.2151,0.2346,0.2235,0.2193,0.2011,0.2849,0.2235,0.2737,0.2849,0.2011,0.236
42,0.2668,0.2277,0.2151,0.2346,0.2235,0.2193,0.2011,0.2849,0.2263,0.2737,0.2849,0.2011,0.2373
43,0.2668,0.2277,0.2151,0.2346,0.2235,0.2193,0.2011,0.2849,0.2263,0.2737,0.2849,0.2011,0.2373
44,0.2668,0.2277,0.2151,0.2346,0.2235,0.2193,0.2011,0.2891,0.2263,0.2737,0.2891,0.2011,0.2377
45,0.2668,0.2277,0.2151,0.2346,0.2235,0.2193,0.2011,0.2891,0.2263,0.2737,0.2891,0.2011,0.2377
46,0.2668,0.2277,0.2235,0.2346,0.2332,0.2193,0.2039,0.2891,0.2263,0.2737,0.2891,0.2039,0.2398
47,0.2668,0.2277,0.2235,0.2346,0.2332,0.2193,0.2039,0.2891,0.2263,0.2737,0.2891,0.2039,0.2398
48,0.2668,0.2277,0.2235,0.2346,0.2332,0.2193,0.2039,0.2891,0.2263,0.2737,0.2891,0.2039,0.2398
49,0.2668,0.2277,0.2235,0.2346,0.2332,0.2193,0.2039,0.2891,0.2277,0.2737,0.2891,0.2039,0.2399
50,0.2668,0.257,0.2235,0.2346,0.2332,0.2193,0.2039,0.2919,0.2277,0.2779,0.2919,0.2039,0.2436
51,0.2668,0.257,0.2235,0.2346,0.2332,0.2193,0.2039,0.2919,0.2277,0.2779,0.2919,0.2039,0.2436
52,0.2668,0.2584,0.2528,0.2346,0.2332,0.2193,0.2039,0.2919,0.2277,0.2779,0.2919,0.2039,0.2466
53,0.2668,0.2584,0.2528,0.2346,0.2332,0.2193,0.2039,0.2919,0.2277,0.2779,0.2919,0.2039,0.2466
54,0.2737,0.2584,0.2528,0.2346,0.2332,0.2193,0.2039,0.2919,0.2277,0.2849,0.2919,0.2039,0.248
55,0.2751,0.2584,0.2528,0.2346,0.2332,0.2193,0.2235,0.2919,0.2277,0.2849,0.2919,0.2193,0.2501
56,0.2751,0.2584,0.2528,0.2346,0.2332,0.2193,0.2263,0.2919,0.2277,0.2849,0.2919,0.2193,0.2504
57,0.2751,0.2584,0.2528,0.2346,0.2332,0.2193,0.2263,0.2919,0.2277,0.2849,0.2919,0.2193,0.2504
58,0.2751,0.2654,0.2528,0.2346,0.2332,0.2193,0.2263,0.2919,0.2277,0.2849,0.2919,0.2193,0.2511
59,0.2751,0.2654,0.2528,0.2346,0.2332,0.2193,0.2263,0.2975,0.2277,0.2849,0.2975,0.2193,0.2517
60,0.2751,0.2654,0.2528,0.2346,0.2332,0.2193,0.2263,0.2975,0.2277,0.2849,0.2975,0.2193,0.2517
61,0.2751,0.2654,0.2528,0.2346,0.2332,0.2193,0.2263,0.2975,0.2332,0.2849,0.2975,0.2193,0.2522
62,0.2751,0.2654,0.2528,0.2346,0.2346,0.2193,0.2263,0.2975,0.2332,0.2849,0.2975,0.2193,0.2524
63,0.2751,0.2654,0.2528,0.2346,0.2346,0.2193,0.2263,0.2975,0.2332,0.2849,0.2975,0.2193,0.2524
64,0.2751,0.2654,0.2584,0.2346,0.2346,0.2193,0.2304,0.2975,0.2332,0.2849,0.2975,0.2193,0.2533
65,0.2751,0.2654,0.2584,0.2346,0.2346,0.2207,0.2304,0.2975,0.2332,0.2877,0.2975,0.2207,0.2538
66,0.2751,0.2709,0.2709,0.2346,0.2346,0.2207,0.2304,0.2975,0.2332,0.2877,0.2975,0.2207,0.2556
67,0.2751,0.2709,0.2709,0.2346,0.2346,0.2207,0.2304,0.2975,0.2332,0.2877,0.2975,0.2207,0.2556
68,0.2751,0.2709,0.2709,0.2346,0.2346,0.2207,0.2304,0.2989,0.2332,0.2877,0.2989,0.2207,0.2557
69,0.2751,0.2709,0.2709,0.2346,0.2346,0.2207,0.2304,0.2989,0.2332,0.2877,0.2989,0.2207,0.2557
70,0.2751,0.2709,0.2709,0.2346,0.2402,0.2207,0.2304,0.2989,0.2332,0.2877,0.2989,0.2207,0.2563
71,0.2751,0.2709,0.2709,0.2346,0.2402,0.2207,0.2304,0.2989,0.2332,0.2877,0.2989,0.2207,0.2563
72,0.2751,0.2709,0.2709,0.236,0.2402,0.2235,0.2304,0.2989,0.2332,0.2877,0.2989,0.2235,0.2567
73,0.2765,0.2709,0.2709,0.236,0.2458,0.2235,0.2304,0.2989,0.2332,0.2877,0.2989,0.2235,0.2574
74,0.2779,0.2709,0.2709,0.236,0.2458,0.2235,0.2304,0.2989,0.2332,0.2877,0.2989,0.2235,0.2575
75,0.2779,0.2709,0.2709,0.236,0.2458,0.2235,0.2304,0.2989,0.2332,0.2877,0.2989,0.2235,0.2575
76,0.2779,0.2751,0.2709,0.236,0.2458,0.2235,0.2304,0.2989,0.2332,0.2877,0.2989,0.2235,0.2579
77,0.2779,0.2751,0.2709,0.236,0.2458,0.2235,0.2304,0.2989,0.2332,0.2877,0.2989,0.2235,0.2579
78,0.2779,0.2751,0.2723,0.236,0.2458,0.2235,0.2304,0.2989,0.2598,0.2877,0.2989,0.2235,0.2607
79,0.2779,0.2779,0.2723,0.236,0.2458,0.2235,0.2304,0.2989,0.2598,0.2877,0.2989,0.2235,0.261
80,0.2779,0.2779,0.2723,0.236,0.2458,0.2235,0.2304,0.2989,0.2598,0.2877,0.2989,0.2235,0.261
81,0.2779,0.2779,0.2723,0.236,0.2458,0.2235,0.2304,0.2989,0.2598,0.2877,0.2989,0.2235,0.261
82,0.2779,0.2779,0.2723,0.2458,0.2458,0.2235,0.2304,0.2989,0.2598,0.2877,0.2989,0.2235,0.262
83,0.2793,0.2779,0.2751,0.2458,0.2779,0.2235,0.2304,0.2989,0.2696,0.2877,0.2989,0.2235,0.2666
84,0.2793,0.2779,0.2751,0.2458,0.2793,0.2235,0.2304,0.2989,0.2696,0.2877,0.2989,0.2235,0.2667
85,0.2793,0.2779,0.2751,0.2458,0.2793,0.2235,0.2304,0.3003,0.2696,0.2891,0.3003,0.2235,0.267
86,0.2793,0.2779,0.2751,0.2542,0.2793,0.2235,0.2304,0.3003,0.2696,0.2891,0.3003,0.2235,0.2679
87,0.2835,0.2779,0.2751,0.2542,0.2821,0.2235,0.2332,0.3003,0.2696,0.2891,0.3003,0.2235,0.2689
88,0.2835,0.2779,0.2779,0.2542,0.2821,0.2235,0.2402,0.3003,0.2696,0.2891,0.3003,0.2235,0.2698
89,0.2835,0.2779,0.2779,0.2542,0.2821,0.2235,0.2402,0.3003,0.2696,0.2891,0.3003,0.2235,0.2698
90,0.2835,0.2779,0.2779,0.2542,0.2821,0.2235,0.2402,0.3003,0.2696,0.2891,0.3003,0.2235,0.2698
91,0.2835,0.2779,0.2807,0.2542,0.2821,0.2235,0.2402,0.3003,0.2751,0.2891,0.3003,0.2235,0.2707
92,0.2835,0.2779,0.2807,0.2542,0.2849,0.2235,0.2402,0.3003,0.2751,0.2891,0.3003,0.2235,0.2709
93,0.2835,0.2779,0.2807,0.2542,0.2849,0.2472,0.2402,0.3003,0.2751,0.2891,0.3003,0.2402,0.2733
94,0.2835,0.2779,0.2807,0.2542,0.2849,0.2472,0.2402,0.3003,0.2779,0.2891,0.3003,0.2402,0.2736
95,0.2835,0.2779,0.2807,0.2542,0.2849,0.2472,0.2402,0.3003,0.2779,0.2891,0.3003,0.2402,0.2736
96,0.2835,0.2779,0.2807,0.2542,0.2891,0.2472,0.2402,0.3003,0.2779,0.2891,0.3003,0.2402,0.274
97,0.2835,0.2779,0.2807,0.2542,0.2891,0.2472,0.2402,0.3003,0.2779,0.2891,0.3003,0.2402,0.274
98,0.2835,0.2779,0.2807,0.2542,0.2891,0.2472,0.2402,0.3003,0.2779,0.2891,0.3003,0.2402,0.274
99,0.2835,0.2779,0.2807,0.2542,0.2891,0.2472,0.2444,0.3003,0.2779,0.2891,0.3003,0.2444,0.2744
100,0.2835,0.2779,0.2807,0.2542,0.2891,0.2472,0.2444,0.3003,0.2779,0.2891,0.3003,0.2444,0.2744
101,0.2835,0.2779,0.2807,0.2542,0.2891,0.2472,0.2444,0.3003,0.2779,0.2891,0.3003,0.2444,0.2744
102,0.2835,0.2779,0.2807,0.2542,0.2891,0.2737,0.2444,0.3003,0.2779,0.2891,0.3003,0.2444,0.2771
103,0.2835,0.2779,0.2807,0.2542,0.2891,0.2737,0.2444,0.3003,0.2779,0.2891,0.3003,0.2444,0.2771
104,0.2835,0.2779,0.2807,0.2584,0.2891,0.2737,0.2444,0.3003,0.2779,0.2891,0.3003,0.2444,0.2775
105,0.2835,0.2779,0.2807,0.2584,0.2919,0.2737,0.2444,0.3003,0.2779,0.2891,0.3003,0.2444,0.2778
106,0.2835,0.2779,0.2807,0.2584,0.2919,0.2737,0.2444,0.3003,0.2779,0.2891,0.3003,0.2444,0.2778
107,0.2835,0.2849,0.2807,0.2584,0.2919,0.2751,0.2444,0.3003,0.2779,0.2891,0.3003,0.2444,0.2786
108,0.2835,0.2849,0.2807,0.2584,0.2919,0.2751,0.2444,0.3031,0.2779,0.2891,0.3031,0.2444,0.2789
109,0.2863,0.2849,0.2807,0.2584,0.2919,0.2751,0.2444,0.3031,0.2779,0.2891,0.3031,0.2444,0.2792
110,0.2863,0.2849,0.2807,0.2584,0.2919,0.2751,0.2444,0.3031,0.2779,0.2891,0.3031,0.2444,0.2792
111,0.2863,0.2849,0.2807,0.2584,0.2919,0.2751,0.2444,0.3031,0.2779,0.2891,0.3031,0.2444,0.2792
112,0.2863,0.2849,0.2807,0.2584,0.2919,0.2751,0.2444,0.3031,0.2779,0.2891,0.3031,0.2444,0.2792
113,0.2863,0.2849,0.2807,0.2584,0.2919,0.2751,0.2709,0.3031,0.2779,0.2891,0.3031,0.2584,0.2818
114,0.2877,0.2849,0.2807,0.2584,0.2919,0.2751,0.2709,0.3031,0.2779,0.2891,0.3031,0.2584,0.282
115,0.2877,0.2849,0.2807,0.2584,0.2919,0.2751,0.2709,0.3031,0.2779,0.2905,0.3031,0.2584,0.2821
116,0.2877,0.2849,0.2807,0.2584,0.2919,0.2751,0.2709,0.3031,0.2779,0.2905,0.3031,0.2584,0.2821
117,0.2877,0.2849,0.2807,0.2598,0.2919,0.2751,0.2709,0.3031,0.2779,0.2905,0.3031,0.2598,0.2823
118,0.2877,0.2849,0.2807,0.2598,0.2919,0.2751,0.2709,0.3031,0.2779,0.2905,0.3031,0.2598,0.2823
119,0.2877,0.2849,0.2807,0.2598,0.2919,0.2751,0.2709,0.3031,0.2779,0.2933,0.3031,0.2598,0.2825
120,0.2877,0.2849,0.2807,0.2598,0.2919,0.2751,0.2709,0.3031,0.2779,0.3073,0.3073,0.2598,0.2839
121,0.2877,0.2849,0.2807,0.2598,0.2919,0.2751,0.2709,0.3031,0.2779,0.3073,0.3073,0.2598,0.2839
122,0.2877,0.2849,0.2807,0.2598,0.2919,0.2751,0.2709,0.3031,0.2779,0.3073,0.3073,0.2598,0.2839
123,0.2877,0.2849,0.2807,0.2598,0.2919,0.2751,0.2709,0.3031,0.2779,0.3073,0.3073,0.2598,0.2839
124,0.2877,0.2849,0.2807,0.2598,0.2919,0.2751,0.2709,0.3031,0.2779,0.3073,0.3073,0.2598,0.2839
125,0.2877,0.2849,0.2807,0.2598,0.2919,0.2751,0.2709,0.3031,0.2779,0.3073,0.3073,0.2598,0.2839
126,0.2933,0.2849,0.2807,0.2612,0.2919,0.2751,0.2709,0.3031,0.2779,0.3073,0.3073,0.2612,0.2846
127,0.2933,0.2849,0.2807,0.2612,0.2919,0.2751,0.2709,0.3031,0.2779,0.3073,0.3073,0.2612,0.2846
128,0.2933,0.2849,0.2807,0.2612,0.2919,0.2751,0.2849,0.3031,0.2779,0.3073,0.3073,0.2612,0.286
129,0.2933,0.2849,0.2807,0.2612,0.2919,0.2751,0.2849,0.3031,0.2779,0.3073,0.3073,0.2612,0.286
130,0.2933,0.2863,0.2807,0.2612,0.2919,0.2751,0.2849,0.3031,0.2793,0.3073,0.3073,0.2612,0.2863
131,0.2933,0.2863,0.2807,0.2612,0.2919,0.2751,0.2849,0.3031,0.2793,0.3073,0.3073,0.2612,0.2863
132,0.2933,0.2863,0.2807,0.2612,0.2919,0.2751,0.2849,0.3031,0.2793,0.3073,0.3073,0.2612,0.2863
133,0.2933,0.2863,0.2807,0.2612,0.2919,0.2751,0.2849,0.3031,0.3226,0.3073,0.3226,0.2612,0.2906
134,0.2933,0.2863,0.2807,0.2612,0.2919,0.2751,0.2849,0.3045,0.3226,0.3073,0.3226,0.2612,0.2908
135,0.2933,0.2863,0.2807,0.2612,0.2919,0.2751,0.2849,0.3045,0.3226,0.3073,0.3226,0.2612,0.2908
136,0.2933,0.2863,0.2807,0.2612,0.2919,0.2751,0.2849,0.3045,0.3226,0.3073,0.3226,0.2612,0.2908
137,0.2933,0.2863,0.2807,0.2612,0.2919,0.2751,0.2849,0.3045,0.3226,0.3073,0.3226,0.2612,0.2908
138,0.2933,0.2863,0.2877,0.2612,0.2919,0.2751,0.2849,0.3045,0.3226,0.3087,0.3226,0.2612,0.2916
139,0.2933,0.2863,0.2877,0.2612,0.2919,0.2751,0.2863,0.3045,0.3226,0.3087,0.3226,0.2612,0.2918
140,0.2933,0.2863,0.2877,0.2612,0.2919,0.2779,0.2863,0.3045,0.3226,0.3087,0.3226,0.2612,0.292
141,0.2933,0.2863,0.2877,0.2612,0.2919,0.2779,0.2863,0.3045,0.3226,0.3087,0.3226,0.2612,0.292
142,0.2933,0.2863,0.2877,0.2612,0.2919,0.2807,0.2863,0.3045,0.3226,0.3087,0.3226,0.2612,0.2923
143,0.2933,0.2863,0.2877,0.3115,0.2919,0.2807,0.2863,0.3045,0.3226,0.3087,0.3226,0.2807,0.2974
144,0.2933,0.2863,0.2877,0.3115,0.2919,0.2807,0.2863,0.3045,0.3226,0.3087,0.3226,0.2807,0.2974
145,0.2933,0.2863,0.2877,0.317,0.2919,0.2807,0.2863,0.3045,0.3226,0.3087,0.3226,0.2807,0.2979
146,0.2933,0.2863,0.2877,0.317,0.2919,0.2807,0.2863,0.3045,0.3226,0.3087,0.3226,0.2807,0.2979
147,0.2933,0.2863,0.2877,0.317,0.2919,0.2807,0.2863,0.3045,0.3226,0.3087,0.3226,0.2807,0.2979
148,0.2933,0.2863,0.2877,0.317,0.2919,0.2807,0.2863,0.3045,0.3226,0.3087,0.3226,0.2807,0.2979
149,0.2933,0.2863,0.2877,0.317,0.2919,0.2807,0.2891,0.3045,0.3226,0.3087,0.3226,0.2807,0.2982
150,0.2933,0.2863,0.2877,0.317,0.2919,0.2807,0.2891,0.3045,0.3226,0.3087,0.3226,0.2807,0.2982
151,0.2933,0.2863,0.2877,0.317,0.2919,0.2807,0.2891,0.3045,0.3226,0.3087,0.3226,0.2807,0.2982
152,0.2933,0.2863,0.2877,0.317,0.2919,0.2807,0.2891,0.3045,0.3268,0.3087,0.3268,0.2807,0.2986
153,0.2933,0.2863,0.2877,0.317,0.2919,0.2807,0.2891,0.3045,0.3268,0.3087,0.3268,0.2807,0.2986
154,0.2933,0.2863,0.2877,0.317,0.2919,0.2807,0.2891,0.3045,0.3268,0.3087,0.3268,0.2807,0.2986
155,0.2933,0.2863,0.2877,0.317,0.2919,0.2807,0.2891,0.3045,0.3268,0.3575,0.3575,0.2807,0.3035
156,0.2933,0.2863,0.2877,0.3184,0.2919,0.2807,0.2891,0.3045,0.3268,0.3575,0.3575,0.2807,0.3036
157,0.2933,0.2961,0.2877,0.3184,0.2919,0.2807,0.2891,0.3045,0.3268,0.3575,0.3575,0.2807,0.3046
158,0.2933,0.2961,0.2877,0.3184,0.2919,0.2807,0.2891,0.3045,0.3366,0.3575,0.3575,0.2807,0.3056
159,0.2933,0.2961,0.2877,0.3184,0.2919,0.2807,0.2891,0.3045,0.3366,0.3575,0.3575,0.2807,0.3056
160,0.2933,0.2961,0.2877,0.3184,0.2919,0.2807,0.2891,0.3045,0.3366,0.3575,0.3575,0.2807,0.3056
161,0.2933,0.2961,0.2877,0.3184,0.2919,0.2807,0.2891,0.3045,0.3366,0.3575,0.3575,0.2807,0.3056
162,0.2933,0.3017,0.2877,0.3184,0.2919,0.2807,0.2891,0.3045,0.3366,0.3575,0.3575,0.2807,0.3061
163,0.2933,0.3017,0.2877,0.3184,0.2919,0.2807,0.2891,0.3045,0.3366,0.3575,0.3575,0.2807,0.3061
164,0.2933,0.3017,0.2877,0.3184,0.2919,0.2807,0.2891,0.3045,0.3366,0.3575,0.3575,0.2807,0.3061
165,0.2933,0.3017,0.2877,0.3184,0.2919,0.2807,0.2891,0.3045,0.3366,0.3575,0.3575,0.2807,0.3061
166,0.2933,0.3017,0.2877,0.3184,0.2919,0.2807,0.2905,0.3045,0.3366,0.3575,0.3575,0.2807,0.3063
167,0.2933,0.3017,0.2877,0.3184,0.2919,0.2807,0.2905,0.3045,0.3366,0.3575,0.3575,0.2807,0.3063
168,0.2933,0.3017,0.2877,0.3184,0.2919,0.2807,0.2905,0.3045,0.3366,0.3575,0.3575,0.2807,0.3063
169,0.2933,0.3017,0.2877,0.3184,0.2919,0.2807,0.2905,0.3045,0.3366,0.3575,0.3575,0.2807,0.3063
170,0.2933,0.3017,0.2877,0.3184,0.2919,0.2807,0.2905,0.3045,0.3366,0.3575,0.3575,0.2807,0.3063
171,0.2933,0.3017,0.2877,0.3184,0.2919,0.2807,0.2905,0.3045,0.3366,0.3589,0.3589,0.2807,0.3064
172,0.2961,0.3017,0.2877,0.3184,0.3464,0.2807,0.2947,0.3045,0.3366,0.3589,0.3589,0.2807,0.3126
173,0.2961,0.3017,0.2877,0.3184,0.3464,0.2807,0.2947,0.3045,0.3366,0.3603,0.3603,0.2807,0.3127
174,0.2961,0.3017,0.2877,0.3184,0.3464,0.2807,0.2947,0.3045,0.3366,0.3631,0.3631,0.2807,0.313
175,0.2961,0.3017,0.2877,0.3184,0.3464,0.2807,0.2947,0.3045,0.3394,0.3631,0.3631,0.2807,0.3133
176,0.2961,0.3017,0.2933,0.3184,0.3464,0.2807,0.2947,0.3045,0.3394,0.3631,0.3631,0.2807,0.3138
177,0.2961,0.3017,0.2933,0.3184,0.3464,0.2807,0.2947,0.3045,0.3394,0.3631,0.3631,0.2807,0.3138
178,0.2961,0.3017,0.2933,0.3184,0.3464,0.2807,0.2947,0.3045,0.3394,0.3631,0.3631,0.2807,0.3138
179,0.2961,0.3017,0.2933,0.3184,0.3464,0.2807,0.2947,0.3045,0.3394,0.3631,0.3631,0.2807,0.3138
180,0.2961,0.3017,0.2933,0.3184,0.3464,0.2807,0.2947,0.3073,0.3394,0.3631,0.3631,0.2807,0.3141
181,0.2961,0.3017,0.2933,0.3184,0.3464,0.2807,0.2947,0.3073,0.3394,0.3631,0.3631,0.2807,0.3141
182,0.2961,0.3017,0.2933,0.3184,0.3464,0.2807,0.2947,0.3073,0.3394,0.3631,0.3631,0.2807,0.3141
183,0.2961,0.3017,0.2933,0.3184,0.3464,0.2807,0.2947,0.3073,0.3394,0.3631,0.3631,0.2807,0.3141
184,0.2961,0.3017,0.2933,0.3184,0.3506,0.2807,0.2947,0.3073,0.3394,0.3631,0.3631,0.2807,0.3145
185,0.2961,0.3017,0.2933,0.3184,0.3506,0.2807,0.2947,0.3073,0.3394,0.3631,0.3631,0.2807,0.3145
186,0.2961,0.3017,0.2933,0.3184,0.3506,0.2807,0.2947,0.3073,0.3422,0.3631,0.3631,0.2807,0.3148
187,0.2961,0.3017,0.2933,0.3184,0.3506,0.2807,0.2947,0.3073,0.3422,0.3631,0.3631,0.2807,0.3148
188,0.2961,0.3017,0.2933,0.3184,0.3506,0.2821,0.2947,0.3073,0.3422,0.3631,0.3631,0.2821,0.315
189,0.2961,0.3017,0.2989,0.345,0.3506,0.2821,0.2947,0.3073,0.3422,0.3631,0.3631,0.2821,0.3182
190,0.2961,0.3017,0.2989,0.345,0.3506,0.2821,0.2947,0.3073,0.3422,0.3631,0.3631,0.2821,0.3182
191,0.2961,0.3017,0.2989,0.345,0.3506,0.2821,0.2947,0.3073,0.3422,0.3631,0.3631,0.2821,0.3182
192,0.2961,0.3017,0.2989,0.345,0.3506,0.2821,0.2947,0.3073,0.3422,0.3631,0.3631,0.2821,0.3182
193,0.2961,0.3017,0.2989,0.345,0.3506,0.2821,0.2947,0.3073,0.3422,0.3631,0.3631,0.2821,0.3182
194,0.2961,0.3017,0.2989,0.345,0.3506,0.2821,0.2947,0.3073,0.3422,0.3631,0.3631,0.2821,0.3182
195,0.2961,0.3017,0.2989,0.345,0.3506,0.2821,0.2947,0.3073,0.3422,0.3631,0.3631,0.2821,0.3182
196,0.2961,0.3017,0.2989,0.345,0.3506,0.2821,0.2947,0.3073,0.3422,0.3631,0.3631,0.2821,0.3182
197,0.2961,0.3017,0.2989,0.345,0.3506,0.2821,0.2947,0.3073,0.3422,0.3645,0.3645,0.2821,0.3183
198,0.2961,0.3017,0.2989,0.345,0.3506,0.2821,0.2947,0.3073,0.3422,0.3645,0.3645,0.2821,0.3183
199,0.2961,0.3017,0.2989,0.345,0.3506,0.2821,0.2947,0.3073,0.3422,0.3645,0.3645,0.2821,0.3183
200,0.2961,0.3017,0.2989,0.345,0.3506,0.2821,0.2947,0.3073,0.3422,0.3645,0.3645,0.2821,0.3183
201,0.2961,0.3017,0.2989,0.345,0.3506,0.2821,0.2947,0.3073,0.3422,0.3645,0.3645,0.2821,0.3183
202,0.2961,0.3017,0.2989,0.345,0.3506,0.2821,0.2947,0.3073,0.3422,0.3645,0.3645,0.2821,0.3183
203,0.2961,0.3017,0.2989,0.345,0.3506,0.2821,0.2947,0.3073,0.3422,0.3645,0.3645,0.2821,0.3183
204,0.2961,0.3017,0.3031,0.345,0.3506,0.2821,0.2947,0.3073,0.3422,0.3645,0.3645,0.2821,0.3187
205,0.2961,0.3017,0.3031,0.345,0.3506,0.2821,0.2947,0.3073,0.3422,0.3645,0.3645,0.2821,0.3187
206,0.2961,0.3017,0.3031,0.345,0.3506,0.2821,0.2947,0.3073,0.3422,0.3645,0.3645,0.2821,0.3187
207,0.2961,0.3045,0.3031,0.345,0.3506,0.2821,0.2947,0.3073,0.3422,0.3645,0.3645,0.2821,0.319
208,0.2961,0.3045,0.3031,0.345,0.3506,0.2821,0.2947,0.3073,0.3422,0.3645,0.3645,0.2821,0.319
209,0.2961,0.3045,0.3031,0.345,0.3506,0.2821,0.2947,0.3073,0.3422,0.3645,0.3645,0.2821,0.319
210,0.2961,0.3045,0.3031,0.345,0.3506,0.2821,0.2947,0.3073,0.3422,0.3645,0.3645,0.2821,0.319
211,0.2961,0.3045,0.3031,0.345,0.3506,0.2821,0.2947,0.3073,0.3422,0.3645,0.3645,0.2821,0.319
212,0.2961,0.3045,0.3031,0.345,0.3506,0.2821,0.2947,0.3073,0.3422,0.3645,0.3645,0.2821,0.319
213,0.2975,0.3045,0.3031,0.345,0.3506,0.2821,0.2947,0.3073,0.3422,0.3645,0.3645,0.2821,0.3192
214,0.2975,0.3045,0.3031,0.345,0.3506,0.2821,0.2947,0.3073,0.3422,0.3645,0.3645,0.2821,0.3192
215,0.2975,0.3045,0.3031,0.345,0.3506,0.2821,0.2947,0.3073,0.3422,0.3645,0.3645,0.2821,0.3192
216,0.2975,0.3045,0.3031,0.345,0.3506,0.2821,0.2947,0.3073,0.3422,0.3645,0.3645,0.2821,0.3192
217,0.2975,0.3045,0.3031,0.345,0.352,0.2821,0.2947,0.3073,0.3422,0.3645,0.3645,0.2821,0.3193
218,0.2975,0.3045,0.3031,0.345,0.352,0.2821,0.2947,0.3073,0.3422,0.3645,0.3645,0.2821,0.3193
219,0.2975,0.3045,0.3031,0.345,0.352,0.2821,0.2947,0.3073,0.3422,0.3645,0.3645,0.2821,0.3193
220,0.2975,0.3045,0.3031,0.345,0.352,0.2821,0.2947,0.3073,0.3422,0.3645,0.3645,0.2821,0.3193
221,0.2975,0.3045,0.3031,0.345,0.352,0.2821,0.2947,0.3073,0.3422,0.3645,0.3645,0.2821,0.3193
222,0.2975,0.3045,0.3031,0.345,0.3603,0.2821,0.2947,0.3073,0.3422,0.3645,0.3645,0.2821,0.3201
223,0.2975,0.3045,0.3031,0.345,0.3603,0.2821,0.2947,0.3073,0.3422,0.3645,0.3645,0.2821,0.3201
224,0.2975,0.3045,0.3031,0.345,0.3603,0.2821,0.2947,0.3073,0.3422,0.3645,0.3645,0.2821,0.3201
225,0.2975,0.3045,0.3031,0.345,0.3603,0.2821,0.2947,0.3073,0.3422,0.3645,0.3645,0.2821,0.3201
226,0.2975,0.3045,0.3031,0.345,0.3603,0.2821,0.2947,0.3073,0.3422,0.3645,0.3645,0.2821,0.3201
227,0.2975,0.3045,0.3031,0.345,0.3603,0.2821,0.2947,0.3073,0.3422,0.3645,0.3645,0.2821,0.3201
228,0.2975,0.3045,0.3031,0.345,0.3603,0.2821,0.2947,0.3073,0.3422,0.3645,0.3645,0.2821,0.3201
229,0.2975,0.3045,0.3031,0.345,0.3603,0.2821,0.2947,0.3073,0.3422,0.3645,0.3645,0.2821,0.3201
230,0.2975,0.3045,0.3031,0.345,0.3603,0.2821,0.2947,0.3073,0.3422,0.3645,0.3645,0.2821,0.3201
231,0.2975,0.3045,0.3031,0.345,0.3603,0.2821,0.2947,0.3073,0.3422,0.3645,0.3645,0.2821,0.3201
232,0.2975,0.3045,0.3031,0.345,0.3603,0.2863,0.2947,0.3073,0.3422,0.3645,0.3645,0.2863,0.3205
233,0.2975,0.3045,0.3031,0.345,0.3603,0.2863,0.2947,0.3073,0.3422,0.3645,0.3645,0.2863,0.3205
234,0.2975,0.3045,0.3031,0.345,0.3603,0.2863,0.2947,0.3073,0.3422,0.3645,0.3645,0.2863,0.3205
235,0.2989,0.3045,0.3031,0.3478,0.3603,0.2863,0.2947,0.3073,0.3422,0.3645,0.3645,0.2863,0.321
236,0.2989,0.3045,0.3031,0.3478,0.3603,0.2863,0.2947,0.3073,0.3422,0.3645,0.3645,0.2863,0.321
237,0.2989,0.3045,0.3031,0.3478,0.3603,0.2863,0.2947,0.3073,0.3422,0.3645,0.3645,0.2863,0.321
238,0.2989,0.3045,0.3031,0.3478,0.3603,0.2863,0.2947,0.3073,0.3422,0.3645,0.3645,0.2863,0.321
239,0.2989,0.3045,0.3031,0.3478,0.3603,0.2863,0.2947,0.3073,0.3422,0.3645,0.3645,0.2863,0.321
240,0.2989,0.3045,0.3031,0.3478,0.3603,0.2863,0.2947,0.3073,0.3422,0.3659,0.3659,0.2863,0.3211
241,0.2989,0.3045,0.3031,0.3478,0.3603,0.2863,0.2947,0.3073,0.3422,0.3659,0.3659,0.2863,0.3211
242,0.2989,0.3045,0.3031,0.3478,0.3603,0.2863,0.2947,0.3073,0.3422,0.3659,0.3659,0.2863,0.3211
243,0.2989,0.3045,0.3031,0.3478,0.3603,0.2863,0.2947,0.3073,0.3422,0.3659,0.3659,0.2863,0.3211
244,0.2989,0.3045,0.3031,0.3478,0.3603,0.2863,0.2947,0.3073,0.3422,0.3659,0.3659,0.2863,0.3211
245,0.2989,0.3045,0.3031,0.3478,0.3603,0.2863,0.2947,0.3073,0.3422,0.3659,0.3659,0.2863,0.3211
246,0.2989,0.3045,0.3031,0.3478,0.3603,0.2863,0.2947,0.3073,0.3422,0.3659,0.3659,0.2863,0.3211
247,0.2989,0.3045,0.3031,0.3478,0.3603,0.2863,0.2947,0.3073,0.3422,0.3659,0.3659,0.2863,0.3211
248,0.2989,0.3045,0.3045,0.3478,0.3603,0.2863,0.2947,0.3073,0.3422,0.3659,0.3659,0.2863,0.3212
249,0.2989,0.3045,0.3045,0.3492,0.3603,0.2863,0.2947,0.3073,0.3422,0.3659,0.3659,0.2863,0.3214
250,0.2989,0.3045,0.3547,0.3492,0.3603,0.2863,0.2947,0.3073,0.3422,0.3659,0.3659,0.2863,0.3264
251,0.2989,0.3045,0.3547,0.3492,0.3603,0.2863,0.2947,0.3073,0.3422,0.3659,0.3659,0.2863,0.3264
252,0.2989,0.3045,0.3547,0.3492,0.3603,0.2863,0.2947,0.3073,0.3422,0.3659,0.3659,0.2863,0.3264
253,0.2989,0.3045,0.3547,0.3492,0.3603,0.2863,0.2947,0.3073,0.3422,0.3659,0.3659,0.2863,0.3264
254,0.2989,0.3045,0.3547,0.3492,0.3603,0.2863,0.2947,0.3073,0.3422,0.3659,0.3659,0.2863,0.3264
255,0.2989,0.3045,0.3547,0.3492,0.3603,0.2863,0.2947,0.3073,0.3422,0.3659,0.3659,0.2863,0.3264
256,0.2989,0.3045,0.3547,0.3575,0.3603,0.2863,0.2947,0.3073,0.3422,0.3659,0.3659,0.2863,0.3272
257,0.2989,0.3045,0.3547,0.3575,0.3603,0.2863,0.2947,0.3073,0.3422,0.3659,0.3659,0.2863,0.3272
258,0.2989,0.3045,0.3547,0.3575,0.3603,0.2863,0.2947,0.3073,0.3422,0.3659,0.3659,0.2863,0.3272
259,0.2989,0.3045,0.3547,0.3575,0.3603,0.2863,0.2947,0.3073,0.3422,0.3659,0.3659,0.2863,0.3272
260,0.2989,0.3045,0.3547,0.3575,0.3603,0.2863,0.2947,0.3073,0.3422,0.3659,0.3659,0.2863,0.3272
261,0.2989,0.3045,0.3547,0.3575,0.3603,0.2863,0.2947,0.3073,0.3422,0.3659,0.3659,0.2863,0.3272
262,0.2989,0.3045,0.3547,0.3575,0.3603,0.2863,0.2947,0.3073,0.3422,0.3659,0.3659,0.2863,0.3272
263,0.2989,0.3045,0.3547,0.3575,0.3603,0.2863,0.2947,0.3073,0.3422,0.3659,0.3659,0.2863,0.3272
264,0.2989,0.3045,0.3547,0.3575,0.3603,0.2863,0.2947,0.3073,0.3422,0.3659,0.3659,0.2863,0.3272
265,0.2989,0.3045,0.3547,0.3575,0.3603,0.2863,0.2947,0.3073,0.3422,0.3659,0.3659,0.2863,0.3272
266,0.2989,0.3045,0.3547,0.3575,0.3603,0.2863,0.2947,0.3073,0.3422,0.3659,0.3659,0.2863,0.3272
267,0.2989,0.3045,0.3547,0.3575,0.3603,0.2863,0.2947,0.3073,0.3422,0.3659,0.3659,0.2863,0.3272
268,0.2989,0.3045,0.3547,0.3575,0.3603,0.2863,0.2947,0.3073,0.3422,0.3659,0.3659,0.2863,0.3272
269,0.2989,0.3045,0.3547,0.3575,0.3603,0.2863,0.2947,0.3073,0.3422,0.3659,0.3659,0.2863,0.3272
270,0.2989,0.3045,0.3547,0.3575,0.3603,0.2863,0.2947,0.3073,0.3422,0.3659,0.3659,0.2863,0.3272
271,0.2989,0.3045,0.3547,0.3575,0.3603,0.2863,0.2947,0.3073,0.3422,0.3659,0.3659,0.2863,0.3272
272,0.2989,0.3045,0.3547,0.3575,0.3603,0.2863,0.2947,0.3073,0.3422,0.3659,0.3659,0.2863,0.3272
273,0.2989,0.3045,0.3547,0.3575,0.3603,0.2863,0.2947,0.3073,0.3422,0.3659,0.3659,0.2863,0.3272
274,0.2989,0.3045,0.3547,0.3589,0.3603,0.2863,0.2947,0.3073,0.3422,0.3659,0.3659,0.2863,0.3274
275,0.2989,0.3045,0.3547,0.3589,0.3603,0.2863,0.2947,0.3073,0.3422,0.3659,0.3659,0.2863,0.3274
276,0.2989,0.3045,0.3547,0.3589,0.3603,0.2863,0.2947,0.3073,0.3422,0.3659,0.3659,0.2863,0.3274
277,0.2989,0.3045,0.3547,0.3589,0.3603,0.2863,0.2947,0.3073,0.3422,0.3659,0.3659,0.2863,0.3274
278,0.2989,0.3045,0.3547,0.3589,0.3603,0.2863,0.2947,0.3073,0.3422,0.3659,0.3659,0.2863,0.3274
279,0.2989,0.3045,0.3547,0.3589,0.3603,0.2863,0.2947,0.3073,0.3422,0.3659,0.3659,0.2863,0.3274
280,0.2989,0.3045,0.3547,0.3589,0.3603,0.2863,0.3366,0.3073,0.3422,0.3659,0.3659,0.2863,0.3316
281,0.2989,0.3045,0.3561,0.3589,0.3617,0.2863,0.3366,0.3073,0.3422,0.3659,0.3659,0.2863,0.3318
282,0.2989,0.3045,0.3561,0.3589,0.3617,0.2863,0.3366,0.3073,0.3422,0.3659,0.3659,0.2863,0.3318
283,0.2989,0.3045,0.3561,0.3589,0.3617,0.2863,0.3366,0.3073,0.3422,0.3659,0.3659,0.2863,0.3318
284,0.2989,0.3045,0.3561,0.3589,0.3617,0.331,0.3366,0.3073,0.3422,0.3659,0.3659,0.2989,0.3363
285,0.2989,0.3045,0.3561,0.3589,0.3617,0.331,0.3366,0.3073,0.3422,0.3659,0.3659,0.2989,0.3363
286,0.2989,0.3045,0.3561,0.3589,0.3617,0.331,0.3366,0.3073,0.3422,0.3659,0.3659,0.2989,0.3363
287,0.2989,0.3045,0.3561,0.3589,0.3617,0.331,0.3366,0.3073,0.3422,0.3659,0.3659,0.2989,0.3363
288,0.2989,0.3045,0.3561,0.3589,0.3617,0.331,0.3366,0.3073,0.3422,0.3659,0.3659,0.2989,0.3363
289,0.2989,0.3045,0.3561,0.3589,0.3617,0.331,0.3366,0.3073,0.3422,0.3659,0.3659,0.2989,0.3363
290,0.2989,0.3045,0.3561,0.3589,0.3617,0.331,0.3366,0.3073,0.3422,0.3659,0.3659,0.2989,0.3363
291,0.2989,0.3045,0.3561,0.3589,0.3617,0.331,0.3366,0.3073,0.3422,0.3659,0.3659,0.2989,0.3363
292,0.2989,0.3045,0.3561,0.3589,0.3617,0.331,0.3366,0.3073,0.3422,0.3659,0.3659,0.2989,0.3363
293,0.2989,0.3687,0.3561,0.3589,0.3617,0.331,0.3366,0.3073,0.3422,0.3659,0.3687,0.2989,0.3427
294,0.2989,0.3687,0.3561,0.3589,0.3617,0.331,0.3366,0.3073,0.3422,0.3659,0.3687,0.2989,0.3427
295,0.2989,0.3687,0.3561,0.3589,0.3617,0.331,0.3408,0.3073,0.3422,0.3659,0.3687,0.2989,0.3432
296,0.2989,0.3687,0.3561,0.3589,0.3617,0.331,0.3408,0.3073,0.3422,0.3659,0.3687,0.2989,0.3432
297,0.2989,0.3687,0.3561,0.3589,0.3617,0.331,0.3408,0.3073,0.3422,0.3659,0.3687,0.2989,0.3432
298,0.3031,0.3687,0.3561,0.3589,0.3617,0.331,0.3408,0.3073,0.3422,0.405,0.405,0.3031,0.3475
299,0.3031,0.3687,0.3561,0.3589,0.3617,0.331,0.3408,0.3073,0.3422,0.405,0.405,0.3031,0.3475
300,0.3031,0.3687,0.3561,0.3589,0.3617,0.331,0.3408,0.3073,0.3422,0.405,0.405,0.3031,0.3475
301,0.3031,0.3687,0.3561,0.3589,0.3617,0.331,0.3408,0.3073,0.3422,0.405,0.405,0.3031,0.3475
302,0.3031,0.3687,0.3561,0.3589,0.3617,0.331,0.3408,0.3073,0.3422,0.405,0.405,0.3031,0.3475
303,0.3031,0.3687,0.3561,0.3589,0.3617,0.331,0.3408,0.3073,0.3422,0.405,0.405,0.3031,0.3475
304,0.3031,0.3687,0.3561,0.3589,0.3617,0.331,0.3408,0.3073,0.3422,0.405,0.405,0.3031,0.3475
305,0.3031,0.3701,0.3561,0.3589,0.3617,0.331,0.3408,0.3073,0.3422,0.405,0.405,0.3031,0.3476
306,0.3031,0.3701,0.3561,0.3589,0.3617,0.331,0.3408,0.3073,0.3422,0.405,0.405,0.3031,0.3476
307,0.3031,0.3701,0.3561,0.3589,0.3617,0.331,0.3408,0.3073,0.3422,0.405,0.405,0.3031,0.3476
308,0.3031,0.3701,0.3561,0.3589,0.3617,0.331,0.3408,0.3073,0.3422,0.405,0.405,0.3031,0.3476
309,0.3031,0.3701,0.3561,0.3589,0.3617,0.331,0.3422,0.3073,0.3422,0.405,0.405,0.3031,0.3478
310,0.3031,0.3701,0.3561,0.3589,0.3617,0.331,0.3422,0.3073,0.3422,0.405,0.405,0.3031,0.3478
311,0.3031,0.3701,0.3561,0.3589,0.3617,0.331,0.3422,0.3073,0.3422,0.405,0.405,0.3031,0.3478
312,0.3031,0.3701,0.3561,0.3589,0.3617,0.331,0.3422,0.3073,0.3422,0.405,0.405,0.3031,0.3478
313,0.3031,0.3701,0.3561,0.3589,0.3617,0.331,0.3422,0.3073,0.3422,0.405,0.405,0.3031,0.3478
314,0.3031,0.3701,0.3561,0.3589,0.3617,0.331,0.3422,0.3073,0.3422,0.405,0.405,0.3031,0.3478
315,0.3031,0.3701,0.3561,0.3589,0.3617,0.331,0.3422,0.3073,0.3422,0.405,0.405,0.3031,0.3478
316,0.3031,0.3701,0.3561,0.3589,0.3617,0.331,0.3422,0.3073,0.3422,0.405,0.405,0.3031,0.3478
317,0.3031,0.3701,0.3561,0.3589,0.3617,0.331,0.3422,0.3073,0.3422,0.405,0.405,0.3031,0.3478
318,0.3031,0.3701,0.3561,0.3589,0.3617,0.331,0.3422,0.3073,0.3422,0.405,0.405,0.3031,0.3478
319,0.3031,0.3701,0.3561,0.3589,0.3617,0.338,0.3422,0.3073,0.3422,0.405,0.405,0.3031,0.3485
320,0.3031,0.3701,0.3561,0.3589,0.3617,0.338,0.3422,0.3073,0.3422,0.405,0.405,0.3031,0.3485
321,0.3031,0.3701,0.3561,0.3589,0.3617,0.338,0.3422,0.3073,0.3422,0.405,0.405,0.3031,0.3485
322,0.3031,0.3701,0.3561,0.3589,0.3617,0.338,0.3422,0.3073,0.3422,0.405,0.405,0.3031,0.3485
323,0.3031,0.3701,0.3561,0.3589,0.3617,0.338,0.3422,0.3073,0.3422,0.405,0.405,0.3031,0.3485
324,0.3031,0.3701,0.3561,0.3589,0.3617,0.338,0.3422,0.3073,0.3422,0.405,0.405,0.3031,0.3485
325,0.3031,0.3701,0.3561,0.3589,0.3617,0.338,0.3422,0.3073,0.3464,0.405,0.405,0.3031,0.3489
326,0.3031,0.3701,0.3561,0.3589,0.3617,0.338,0.3422,0.3073,0.3464,0.405,0.405,0.3031,0.3489
327,0.3031,0.3701,0.3561,0.3589,0.3617,0.338,0.3422,0.3073,0.3464,0.405,0.405,0.3031,0.3489
328,0.3031,0.3701,0.3561,0.3589,0.3617,0.338,0.3422,0.3073,0.3464,0.405,0.405,0.3031,0.3489
329,0.3031,0.3701,0.3561,0.3589,0.3617,0.338,0.3422,0.3073,0.3464,0.405,0.405,0.3031,0.3489
330,0.3031,0.3701,0.3561,0.3589,0.3617,0.338,0.3422,0.3073,0.3464,0.405,0.405,0.3031,0.3489
331,0.3031,0.3701,0.3561,0.3589,0.3617,0.338,0.3422,0.3073,0.3464,0.405,0.405,0.3031,0.3489
332,0.3031,0.3701,0.3561,0.3589,0.3617,0.338,0.3422,0.3073,0.3464,0.405,0.405,0.3031,0.3489
333,0.3031,0.3701,0.3561,0.3589,0.3617,0.338,0.3422,0.3073,0.3464,0.405,0.405,0.3031,0.3489
334,0.3031,0.3701,0.3561,0.3589,0.3617,0.338,0.3422,0.3073,0.3464,0.405,0.405,0.3031,0.3489
335,0.3031,0.3701,0.3561,0.3589,0.3617,0.338,0.3422,0.3073,0.3464,0.405,0.405,0.3031,0.3489
336,0.3031,0.3701,0.3561,0.3589,0.3617,0.338,0.3422,0.3073,0.3464,0.405,0.405,0.3031,0.3489
337,0.3031,0.3701,0.3561,0.3589,0.3617,0.338,0.3422,0.3073,0.3464,0.405,0.405,0.3031,0.3489
338,0.3031,0.3701,0.3561,0.3589,0.3617,0.338,0.3422,0.3073,0.3464,0.405,0.405,0.3031,0.3489
339,0.3031,0.3701,0.3561,0.3589,0.3617,0.338,0.3422,0.3073,0.3464,0.405,0.405,0.3031,0.3489
340,0.3031,0.3701,0.3561,0.3589,0.3617,0.338,0.3422,0.3073,0.3464,0.405,0.405,0.3031,0.3489
341,0.3031,0.3701,0.3561,0.3589,0.3617,0.3645,0.3422,0.3073,0.3464,0.405,0.405,0.3031,0.3515
342,0.3031,0.3701,0.3561,0.3589,0.3617,0.3645,0.3422,0.3073,0.3464,0.405,0.405,0.3031,0.3515
343,0.3031,0.3701,0.3561,0.3589,0.3617,0.3645,0.3422,0.3073,0.3464,0.405,0.405,0.3031,0.3515
344,0.3031,0.3701,0.3561,0.3589,0.3617,0.3645,0.3422,0.3073,0.3464,0.405,0.405,0.3031,0.3515
345,0.3031,0.3701,0.3561,0.3589,0.3617,0.3645,0.3422,0.3073,0.3464,0.405,0.405,0.3031,0.3515
346,0.3031,0.3701,0.3561,0.3589,0.3617,0.3645,0.3422,0.3073,0.3464,0.405,0.405,0.3031,0.3515
347,0.3031,0.3701,0.3561,0.3589,0.3631,0.3645,0.3422,0.3073,0.3464,0.405,0.405,0.3031,0.3517
348,0.3031,0.3701,0.3561,0.3589,0.3631,0.3645,0.3436,0.3073,0.3464,0.405,0.405,0.3031,0.3518
349,0.3031,0.3701,0.3561,0.3589,0.3631,0.3645,0.3436,0.3073,0.3464,0.405,0.405,0.3031,0.3518
350,0.3031,0.3715,0.3561,0.3589,0.3631,0.3645,0.3436,0.3073,0.3464,0.405,0.405,0.3031,0.3519
351,0.3031,0.3715,0.3561,0.3589,0.3631,0.3645,0.3464,0.3073,0.3464,0.405,0.405,0.3031,0.3522
352,0.3031,0.3715,0.3561,0.3589,0.3631,0.3645,0.3464,0.3073,0.3464,0.405,0.405,0.3031,0.3522
353,0.3031,0.3715,0.3561,0.3589,0.3631,0.3645,0.3464,0.3073,0.3464,0.405,0.405,0.3031,0.3522
354,0.3031,0.3715,0.3561,0.3589,0.3631,0.3645,0.3464,0.3073,0.3464,0.405,0.405,0.3031,0.3522
355,0.3031,0.3715,0.3561,0.3589,0.3631,0.3645,0.3464,0.3073,0.3464,0.405,0.405,0.3031,0.3522
356,0.3031,0.3715,0.3561,0.3589,0.3631,0.3645,0.3464,0.3073,0.3464,0.405,0.405,0.3031,0.3522
357,0.3031,0.3715,0.3561,0.3589,0.3631,0.3645,0.3464,0.3073,0.3464,0.405,0.405,0.3031,0.3522
358,0.3031,0.3715,0.3561,0.3589,0.3631,0.3645,0.3464,0.3073,0.3464,0.405,0.405,0.3031,0.3522
359,0.3031,0.3715,0.3561,0.3589,0.3631,0.3645,0.3464,0.3073,0.3464,0.405,0.405,0.3031,0.3522
360,0.3031,0.3715,0.3561,0.3589,0.3631,0.3645,0.3464,0.3073,0.3464,0.405,0.405,0.3031,0.3522
361,0.3031,0.3715,0.3561,0.3589,0.3631,0.3645,0.3464,0.3073,0.3464,0.405,0.405,0.3031,0.3522
362,0.3031,0.3715,0.3561,0.3589,0.3631,0.3645,0.3464,0.3073,0.3464,0.405,0.405,0.3031,0.3522
363,0.3031,0.3715,0.3561,0.3589,0.3631,0.3645,0.3464,0.3073,0.3464,0.405,0.405,0.3031,0.3522
364,0.3031,0.3715,0.3561,0.3589,0.3631,0.3645,0.3464,0.3073,0.3464,0.405,0.405,0.3031,0.3522
365,0.3031,0.3715,0.3561,0.3589,0.3631,0.3645,0.3464,0.3073,0.3464,0.405,0.405,0.3031,0.3522
366,0.3031,0.3715,0.3561,0.3589,0.3631,0.3645,0.3464,0.3073,0.3464,0.405,0.405,0.3031,0.3522
367,0.3031,0.3715,0.3561,0.3589,0.3631,0.3645,0.3464,0.3073,0.3464,0.405,0.405,0.3031,0.3522
368,0.3031,0.3715,0.3561,0.3589,0.3631,0.3645,0.3464,0.3073,0.3464,0.4064,0.4064,0.3031,0.3524
369,0.3031,0.3715,0.3561,0.3589,0.3631,0.3645,0.3464,0.3073,0.3464,0.405,0.405,0.3031,0.3522
370,0.3031,0.3715,0.3561,0.3589,0.3631,0.3645,0.3464,0.3073,0.3464,0.405,0.405,0.3031,0.3522
371,0.3031,0.3715,0.3561,0.3589,0.3631,0.3645,0.3464,0.3073,0.3464,0.405,0.405,0.3031,0.3522
372,0.3031,0.3715,0.3561,0.3589,0.3631,0.3645,0.3464,0.3073,0.3464,0.405,0.405,0.3031,0.3522
373,0.3031,0.3715,0.3561,0.3589,0.3631,0.3645,0.3464,0.3073,0.3464,0.405,0.405,0.3031,0.3522
374,0.3031,0.3715,0.3561,0.3617,0.3631,0.3645,0.3464,0.3073,0.3464,0.405,0.405,0.3031,0.3525
375,0.3031,0.3715,0.3561,0.3617,0.3631,0.3645,0.3464,0.3073,0.3464,0.405,0.405,0.3031,0.3525
376,0.3031,0.3715,0.3561,0.3617,0.3631,0.3645,0.3464,0.3073,0.3478,0.405,0.405,0.3031,0.3526
377,0.3031,0.3715,0.3561,0.3617,0.3631,0.3645,0.3464,0.3073,0.3478,0.405,0.405,0.3031,0.3526
378,0.3031,0.3715,0.3561,0.3617,0.3631,0.3645,0.3464,0.3073,0.3478,0.405,0.405,0.3031,0.3526
379,0.3073,0.3715,0.3561,0.3617,0.3631,0.3645,0.3464,0.3073,0.3478,0.405,0.405,0.3073,0.3531
380,0.3073,0.3715,0.3561,0.3617,0.3631,0.3645,0.3464,0.3073,0.3478,0.405,0.405,0.3073,0.3531
381,0.3073,0.3715,0.3561,0.3617,0.3631,0.3701,0.3464,0.3073,0.3478,0.405,0.405,0.3073,0.3536
382,0.3073,0.3715,0.3561,0.3617,0.3631,0.3701,0.3464,0.3073,0.3478,0.405,0.405,0.3073,0.3536
383,0.3073,0.3715,0.3561,0.3617,0.3631,0.3701,0.3464,0.3073,0.3478,0.4106,0.4106,0.3073,0.3542
384,0.3073,0.3715,0.3561,0.3617,0.3631,0.3701,0.3464,0.3073,0.3478,0.4106,0.4106,0.3073,0.3542
385,0.3073,0.3715,0.3561,0.3617,0.3631,0.3701,0.3464,0.3073,0.3478,0.4106,0.4106,0.3073,0.3542
386,0.3073,0.3715,0.3561,0.3617,0.3631,0.3701,0.3464,0.3073,0.3478,0.4162,0.4162,0.3073,0.3548
387,0.3073,0.3715,0.3561,0.3617,0.3631,0.3701,0.3464,0.3073,0.3478,0.4218,0.4218,0.3073,0.3553
388,0.3073,0.3715,0.3561,0.3617,0.3631,0.3701,0.3464,0.3073,0.3478,0.4218,0.4218,0.3073,0.3553
389,0.3073,0.3715,0.3561,0.3617,0.3631,0.3701,0.3464,0.3073,0.3478,0.4218,0.4218,0.3073,0.3553
390,0.3073,0.3715,0.3561,0.3617,0.3631,0.3701,0.3464,0.3073,0.3478,0.4218,0.4218,0.3073,0.3553
391,0.3073,0.3715,0.3561,0.3631,0.3631,0.3701,0.3534,0.3073,0.3478,0.4218,0.4218,0.3073,0.3562
392,0.3073,0.3715,0.3561,0.3631,0.3631,0.3701,0.3534,0.3073,0.3478,0.4218,0.4218,0.3073,0.3562
393,0.3073,0.3715,0.3561,0.3631,0.3631,0.3701,0.3534,0.3073,0.3478,0.4218,0.4218,0.3073,0.3562
394,0.3073,0.3715,0.3561,0.3631,0.3631,0.3729,0.3534,0.3073,0.3478,0.4218,0.4218,0.3073,0.3564
395,0.3073,0.3715,0.3561,0.3631,0.3631,0.3729,0.3534,0.3073,0.3478,0.4218,0.4218,0.3073,0.3564
396,0.3073,0.3715,0.3561,0.3631,0.3631,0.3729,0.3534,0.3073,0.3478,0.4218,0.4218,0.3073,0.3564
397,0.3073,0.3715,0.3561,0.3631,0.3631,0.3729,0.3534,0.3073,0.3478,0.4218,0.4218,0.3073,0.3564
398,0.3073,0.3715,0.3561,0.3631,0.3631,0.3729,0.3534,0.3073,0.3478,0.4218,0.4218,0.3073,0.3564
399,0.3073,0.3715,0.3561,0.3631,0.3631,0.3729,0.3534,0.3073,0.3478,0.4218,0.4218,0.3073,0.3564
400,0.3073,0.3715,0.3561,0.3631,0.3631,0.3729,0.3534,0.3073,0.3478,0.4218,0.4218,0.3073,0.3564
401,0.3073,0.3715,0.3561,0.3631,0.3631,0.3729,0.3534,0.3073,0.3478,0.4218,0.4218,0.3073,0.3564
402,0.3073,0.3715,0.3561,0.3631,0.3631,0.3729,0.3534,0.3073,0.3478,0.4218,0.4218,0.3073,0.3564
403,0.3073,0.3715,0.3561,0.3631,0.3631,0.3729,0.3534,0.3073,0.3478,0.4218,0.4218,0.3073,0.3564
404,0.3073,0.3715,0.3561,0.3631,0.3631,0.3729,0.3534,0.3073,0.3478,0.4218,0.4218,0.3073,0.3564
405,0.3073,0.3715,0.3561,0.3631,0.3631,0.3729,0.3534,0.3073,0.3478,0.4218,0.4218,0.3073,0.3564
406,0.3073,0.3715,0.3561,0.3631,0.3631,0.3729,0.3534,0.3073,0.3478,0.4218,0.4218,0.3073,0.3564
407,0.3073,0.3715,0.3561,0.3631,0.3659,0.3729,0.3534,0.3073,0.3478,0.4218,0.4218,0.3073,0.3567
408,0.3073,0.3715,0.3561,0.3631,0.3659,0.3729,0.3534,0.3073,0.3478,0.4218,0.4218,0.3073,0.3567
409,0.3073,0.3715,0.3575,0.3631,0.3659,0.3729,0.3534,0.3073,0.3478,0.4218,0.4218,0.3073,0.3569
410,0.3073,0.3715,0.3561,0.3631,0.3659,0.3729,0.3534,0.3073,0.3478,0.4218,0.4218,0.3073,0.3567
411,0.3073,0.3715,0.3561,0.3631,0.3659,0.3729,0.3534,0.3073,0.3478,0.4218,0.4218,0.3073,0.3567
412,0.3073,0.3715,0.3561,0.3631,0.3673,0.3729,0.3534,0.3073,0.3478,0.4218,0.4218,0.3073,0.3569
413,0.3073,0.3715,0.3561,0.3631,0.3673,0.3729,0.3534,0.3073,0.3478,0.4218,0.4218,0.3073,0.3569
414,0.3073,0.3715,0.3561,0.3631,0.3673,0.3729,0.3534,0.3073,0.3478,0.4218,0.4218,0.3073,0.3569
415,0.3073,0.3715,0.3561,0.3631,0.3673,0.3729,0.3534,0.3073,0.3478,0.4218,0.4218,0.3073,0.3569
416,0.3073,0.3715,0.3561,0.3631,0.3673,0.3729,0.3534,0.3073,0.3478,0.4218,0.4218,0.3073,0.3569
417,0.3073,0.3715,0.3561,0.3631,0.3673,0.3729,0.3534,0.3073,0.3478,0.4218,0.4218,0.3073,0.3569
418,0.3073,0.3715,0.3561,0.3631,0.3673,0.3729,0.3534,0.3073,0.3478,0.4218,0.4218,0.3073,0.3569
419,0.3073,0.3715,0.3561,0.3631,0.3673,0.3729,0.3534,0.3073,0.3478,0.4218,0.4218,0.3073,0.3569
420,0.3073,0.3715,0.3561,0.3631,0.3673,0.3729,0.3534,0.3073,0.3478,0.4218,0.4218,0.3073,0.3569
421,0.3073,0.3715,0.3561,0.3631,0.3673,0.4385,0.3534,0.3073,0.3478,0.4218,0.4385,0.3073,0.3634
422,0.3073,0.3715,0.3561,0.3631,0.3673,0.4385,0.3534,0.3073,0.3478,0.4218,0.4385,0.3073,0.3634
423,0.3073,0.3729,0.3561,0.3631,0.3673,0.4385,0.3534,0.3073,0.3478,0.4218,0.4385,0.3073,0.3636
424,0.3073,0.3729,0.3561,0.3631,0.3673,0.4385,0.3534,0.3073,0.3478,0.4218,0.4385,0.3073,0.3636
425,0.3073,0.3771,0.3561,0.3631,0.3673,0.4385,0.3534,0.3073,0.3478,0.4218,0.4385,0.3073,0.364
426,0.3073,0.3771,0.3561,0.3631,0.3673,0.4385,0.3534,0.3073,0.3478,0.4218,0.4385,0.3073,0.364
427,0.3073,0.3771,0.3561,0.3631,0.3673,0.4385,0.3534,0.3073,0.3478,0.4218,0.4385,0.3073,0.364
428,0.3073,0.3771,0.3561,0.3631,0.3673,0.4385,0.3534,0.3073,0.3478,0.4218,0.4385,0.3073,0.364
429,0.3073,0.3771,0.3561,0.3631,0.3673,0.4385,0.3534,0.3073,0.3478,0.4218,0.4385,0.3073,0.364
430,0.3073,0.3771,0.3561,0.3631,0.3673,0.4385,0.3534,0.3073,0.3478,0.4218,0.4385,0.3073,0.364
431,0.3073,0.3771,0.3561,0.3631,0.3673,0.4385,0.3534,0.3073,0.3478,0.4218,0.4385,0.3073,0.364
432,0.3073,0.3771,0.3561,0.3631,0.3673,0.4385,0.3534,0.3073,0.3478,0.4218,0.4385,0.3073,0.364
433,0.3073,0.3771,0.3561,0.3631,0.3673,0.4385,0.3534,0.3073,0.3478,0.4218,0.4385,0.3073,0.364
434,0.3073,0.3771,0.3561,0.3631,0.3673,0.4385,0.3534,0.3073,0.3478,0.4218,0.4385,0.3073,0.364
435,0.3073,0.3771,0.3561,0.3631,0.3673,0.4385,0.3534,0.3073,0.3478,0.4218,0.4385,0.3073,0.364
436,0.3073,0.3771,0.3561,0.3631,0.3673,0.4385,0.3534,0.3073,0.3478,0.4832,0.4832,0.3073,0.3701
437,0.3073,0.3771,0.3561,0.3631,0.3673,0.4385,0.3534,0.3073,0.3478,0.4832,0.4832,0.3073,0.3701
438,0.3073,0.3771,0.3561,0.3631,0.3673,0.4385,0.3534,0.3073,0.3478,0.4832,0.4832,0.3073,0.3701
439,0.3073,0.3771,0.3561,0.3631,0.3673,0.4385,0.3547,0.3073,0.3478,0.4832,0.4832,0.3073,0.3702
440,0.3073,0.3771,0.3561,0.3631,0.3673,0.4385,0.3547,0.3073,0.3478,0.4832,0.4832,0.3073,0.3702
441,0.3073,0.3771,0.3561,0.3631,0.3673,0.4399,0.3547,0.3073,0.3478,0.4832,0.4832,0.3073,0.3704
442,0.3073,0.3771,0.3561,0.3631,0.3673,0.4399,0.3547,0.3073,0.3478,0.4832,0.4832,0.3073,0.3704
443,0.3073,0.3771,0.3561,0.3631,0.3673,0.4399,0.3547,0.3073,0.3478,0.4832,0.4832,0.3073,0.3704
444,0.3073,0.3771,0.3561,0.3631,0.3673,0.4399,0.3547,0.3073,0.3478,0.4832,0.4832,0.3073,0.3704
445,0.3073,0.3771,0.3561,0.3631,0.3673,0.4399,0.3547,0.3073,0.3478,0.4832,0.4832,0.3073,0.3704
446,0.3073,0.3771,0.3561,0.3631,0.3673,0.4399,0.3547,0.3073,0.3478,0.4832,0.4832,0.3073,0.3704
447,0.3073,0.3771,0.3561,0.3631,0.3673,0.4399,0.3547,0.3073,0.3478,0.4832,0.4832,0.3073,0.3704
448,0.3073,0.3771,0.3561,0.3631,0.3673,0.4399,0.3547,0.3073,0.3478,0.4832,0.4832,0.3073,0.3704
449,0.3073,0.3771,0.3561,0.3631,0.3673,0.4399,0.3547,0.3073,0.3478,0.4832,0.4832,0.3073,0.3704
450,0.3073,0.3771,0.3561,0.3631,0.3673,0.4399,0.3547,0.3073,0.3478,0.4832,0.4832,0.3073,0.3704
451,0.3073,0.3771,0.3561,0.3631,0.3673,0.4399,0.3547,0.3073,0.3478,0.4832,0.4832,0.3073,0.3704
452,0.3073,0.3771,0.3561,0.3631,0.3673,0.4399,0.3547,0.3073,0.3478,0.4832,0.4832,0.3073,0.3704
453,0.3073,0.3771,0.3561,0.3631,0.3673,0.4399,0.3547,0.3073,0.3478,0.4832,0.4832,0.3073,0.3704
454,0.3073,0.3771,0.3939,0.3631,0.3673,0.4399,0.3547,0.3073,0.3478,0.4832,0.4832,0.3073,0.3742
455,0.3073,0.3771,0.3939,0.3631,0.3673,0.4399,0.3547,0.3073,0.3478,0.4832,0.4832,0.3073,0.3742
456,0.3073,0.3771,0.3939,0.3631,0.3673,0.4399,0.3547,0.3073,0.3478,0.4832,0.4832,0.3073,0.3742
457,0.3073,0.3771,0.3939,0.3631,0.3673,0.4399,0.3547,0.3073,0.3478,0.4832,0.4832,0.3073,0.3742
458,0.3073,0.3771,0.3939,0.3631,0.3673,0.4399,0.3547,0.3073,0.3478,0.4832,0.4832,0.3073,0.3742
459,0.3073,0.3771,0.3939,0.3631,0.3673,0.4399,0.3547,0.3073,0.3478,0.4832,0.4832,0.3073,0.3742
460,0.3073,0.3771,0.3939,0.3631,0.3673,0.4399,0.3547,0.3073,0.3478,0.4832,0.4832,0.3073,0.3742
461,0.3073,0.3771,0.3939,0.3631,0.3673,0.4399,0.3547,0.3073,0.3478,0.4832,0.4832,0.3073,0.3742
462,0.3073,0.3771,0.3939,0.3631,0.3673,0.4399,0.3547,0.3073,0.3478,0.4832,0.4832,0.3073,0.3742
463,0.3073,0.3771,0.3939,0.3631,0.3673,0.4399,0.3547,0.3073,0.3478,0.4832,0.4832,0.3073,0.3742
464,0.3073,0.3771,0.3939,0.3631,0.3673,0.4399,0.3547,0.3073,0.3478,0.4832,0.4832,0.3073,0.3742
465,0.3073,0.3771,0.3939,0.3631,0.3673,0.4399,0.3547,0.3073,0.3478,0.4832,0.4832,0.3073,0.3742
466,0.3073,0.3771,0.3939,0.3631,0.3673,0.4399,0.3547,0.3073,0.3478,0.4832,0.4832,0.3073,0.3742
467,0.3073,0.3771,0.3939,0.3631,0.3673,0.4399,0.3547,0.3073,0.3478,0.4832,0.4832,0.3073,0.3742
468,0.3073,0.3771,0.3939,0.3631,0.3673,0.4399,0.3547,0.3073,0.3478,0.4832,0.4832,0.3073,0.3742
469,0.3073,0.3771,0.3939,0.3631,0.3673,0.4399,0.3547,0.3073,0.3478,0.4832,0.4832,0.3073,0.3742
470,0.3073,0.3771,0.3939,0.3631,0.3673,0.4399,0.3547,0.3073,0.3478,0.4832,0.4832,0.3073,0.3742
471,0.3073,0.3771,0.3939,0.3631,0.3673,0.4399,0.3547,0.3073,0.3478,0.4832,0.4832,0.3073,0.3742
472,0.3073,0.3771,0.3939,0.3631,0.3673,0.4399,0.3547,0.3073,0.3478,0.4832,0.4832,0.3073,0.3742
473,0.3073,0.3771,0.3939,0.3631,0.3673,0.4399,0.3547,0.3073,0.3478,0.4832,0.4832,0.3073,0.3742
474,0.3073,0.3771,0.3939,0.3631,0.3673,0.4399,0.3547,0.3073,0.3478,0.4832,0.4832,0.3073,0.3742
475,0.3073,0.3771,0.3939,0.3631,0.3673,0.4399,0.3547,0.3073,0.3478,0.4832,0.4832,0.3073,0.3742
476,0.3073,0.3771,0.3939,0.3631,0.3673,0.4399,0.3547,0.3073,0.3478,0.4832,0.4832,0.3073,0.3742
477,0.3073,0.3771,0.3939,0.3631,0.3673,0.4399,0.3547,0.3073,0.3478,0.4832,0.4832,0.3073,0.3742
478,0.3073,0.3771,0.3939,0.3631,0.3673,0.4399,0.3547,0.3073,0.3478,0.4832,0.4832,0.3073,0.3742
479,0.3073,0.3771,0.3939,0.3631,0.3673,0.4399,0.3547,0.3073,0.3478,0.4832,0.4832,0.3073,0.3742
480,0.3073,0.3771,0.3939,0.3631,0.3673,0.4399,0.3547,0.3073,0.3478,0.4832,0.4832,0.3073,0.3742
481,0.3073,0.3771,0.3939,0.3631,0.3673,0.4399,0.3547,0.3073,0.3478,0.4832,0.4832,0.3073,0.3742
482,0.3073,0.3771,0.3939,0.3631,0.3673,0.4399,0.3547,0.3073,0.3478,0.4832,0.4832,0.3073,0.3742
483,0.3073,0.3771,0.3939,0.3631,0.3673,0.4399,0.3547,0.3073,0.3478,0.4832,0.4832,0.3073,0.3742
484,0.3073,0.3771,0.3939,0.3631,0.3673,0.4399,0.3547,0.3073,0.3478,0.4832,0.4832,0.3073,0.3742
485,0.3073,0.3771,0.3939,0.3631,0.3673,0.4399,0.3547,0.3073,0.3478,0.4832,0.4832,0.3073,0.3742
486,0.3073,0.3771,0.3939,0.3631,0.3673,0.4399,0.3547,0.3073,0.3478,0.4832,0.4832,0.3073,0.3742
487,0.3073,0.3771,0.3939,0.3631,0.3673,0.4399,0.3547,0.3073,0.3478,0.4832,0.4832,0.3073,0.3742
488,0.3073,0.3771,0.3939,0.3631,0.3673,0.4399,0.3547,0.3073,0.3478,0.4832,0.4832,0.3073,0.3742
489,0.3073,0.3771,0.3939,0.3631,0.3673,0.4399,0.3547,0.3073,0.3478,0.4832,0.4832,0.3073,0.3742
490,0.3073,0.3771,0.3939,0.3631,0.3673,0.4399,0.3547,0.3073,0.3478,0.4832,0.4832,0.3073,0.3742
491,0.3073,0.3771,0.3939,0.3631,0.3687,0.4399,0.3547,0.3073,0.3478,0.4832,0.4832,0.3073,0.3743
492,0.3073,0.3771,0.3939,0.3631,0.3687,0.4399,0.3547,0.3073,0.3478,0.4832,0.4832,0.3073,0.3743
493,0.3073,0.3771,0.3939,0.3631,0.3687,0.4399,0.3547,0.3073,0.3478,0.4832,0.4832,0.3073,0.3743
494,0.3073,0.3771,0.3939,0.3631,0.3687,0.4399,0.3547,0.3073,0.3478,0.4832,0.4832,0.3073,0.3743
495,0.3073,0.3771,0.3939,0.3631,0.3687,0.4399,0.3547,0.3073,0.3478,0.4832,0.4832,0.3073,0.3743
496,0.3073,0.3771,0.3939,0.3631,0.3687,0.4399,0.3547,0.3073,0.3478,0.4832,0.4832,0.3073,0.3743
497,0.3073,0.3771,0.3939,0.3631,0.3687,0.4399,0.3547,0.3073,0.3478,0.4832,0.4832,0.3073,0.3743
498,0.3073,0.3771,0.3939,0.3631,0.3687,0.4399,0.3547,0.3073,0.3478,0.4832,0.4832,0.3073,0.3743
499,0.3073,0.3771,0.3939,0.3631,0.3687,0.4399,0.3547,0.3073,0.3478,0.4832,0.4832,0.3073,0.3743
500,0.3073,0.3771,0.3939,0.3631,0.3687,0.4399,0.3547,0.3073,0.3478,0.4832,0.4832,0.3073,0.3743
501,0.3073,0.3771,0.3939,0.3631,0.3687,0.4399,0.3547,0.3073,0.3478,0.4832,0.4832,0.3073,0.3743
502,0.3073,0.3771,0.3939,0.3631,0.3687,0.4399,0.3547,0.3073,0.3478,0.4832,0.4832,0.3073,0.3743
503,0.3073,0.3771,0.3939,0.3631,0.3687,0.4399,0.3547,0.3073,0.3478,0.4832,0.4832,0.3073,0.3743
504,0.3073,0.3785,0.3939,0.3631,0.3687,0.4399,0.3547,0.3073,0.3478,0.4832,0.4832,0.3073,0.3744
505,0.3073,0.3785,0.3939,0.3631,0.3687,0.4399,0.3547,0.3073,0.3478,0.4832,0.4832,0.3073,0.3744
506,0.3073,0.3785,0.3939,0.3631,0.3687,0.4399,0.3547,0.3073,0.3478,0.4832,0.4832,0.3073,0.3744
507,0.3073,0.3785,0.3939,0.3631,0.3687,0.4399,0.3547,0.3073,0.3478,0.4832,0.4832,0.3073,0.3744
508,0.3073,0.3785,0.3939,0.3631,0.3687,0.4399,0.3547,0.3073,0.3478,0.4832,0.4832,0.3073,0.3744
509,0.3087,0.3785,0.3939,0.3631,0.3687,0.4399,0.3547,0.3073,0.3478,0.4832,0.4832,0.3073,0.3746
510,0.3101,0.3785,0.3939,0.3631,0.3687,0.4399,0.3547,0.3073,0.3478,0.4832,0.4832,0.3073,0.3747
511,0.3101,0.3785,0.3939,0.3631,0.3687,0.4399,0.3547,0.3073,0.3478,0.4832,0.4832,0.3073,0.3747
512,0.3101,0.3785,0.3939,0.3631,0.3687,0.4399,0.3547,0.3073,0.3478,0.4832,0.4832,0.3073,0.3747
513,0.3101,0.3785,0.3939,0.3631,0.3687,0.4399,0.3547,0.3073,0.3478,0.4832,0.4832,0.3073,0.3747
514,0.3101,0.3785,0.3939,0.3631,0.3687,0.4399,0.3547,0.3073,0.3478,0.4832,0.4832,0.3073,0.3747
515,0.3101,0.3785,0.3939,0.3631,0.3687,0.4399,0.3547,0.3087,0.3478,0.4832,0.4832,0.3087,0.3749
516,0.3101,0.3785,0.3939,0.3631,0.3687,0.4399,0.3547,0.3087,0.3478,0.4832,0.4832,0.3087,0.3749
517,0.3101,0.3785,0.3939,0.3631,0.3687,0.4399,0.3547,0.3087,0.3478,0.4832,0.4832,0.3087,0.3749
518,0.3101,0.3785,0.3939,0.3631,0.3687,0.4399,0.3547,0.3087,0.3478,0.4832,0.4832,0.3087,0.3749
519,0.3101,0.3785,0.3939,0.3631,0.3687,0.4399,0.3547,0.3087,0.3478,0.4832,0.4832,0.3087,0.3749
520,0.3101,0.3785,0.3939,0.3631,0.3687,0.4399,0.3547,0.3087,0.3478,0.4832,0.4832,0.3087,0.3749
521,0.3101,0.3785,0.3939,0.3631,0.3687,0.4399,0.3547,0.3087,0.3478,0.4832,0.4832,0.3087,0.3749
522,0.3101,0.3785,0.3939,0.3631,0.3687,0.4399,0.3547,0.3087,0.3478,0.4832,0.4832,0.3087,0.3749
523,0.3101,0.3785,0.3939,0.3645,0.3687,0.4399,0.3547,0.3087,0.3478,0.4832,0.4832,0.3087,0.375
524,0.3101,0.3785,0.3939,0.3645,0.3687,0.4399,0.3547,0.3087,0.3478,0.4832,0.4832,0.3087,0.375
525,0.3101,0.3785,0.3939,0.3645,0.3687,0.4399,0.3547,0.3087,0.3492,0.4832,0.4832,0.3087,0.3751
526,0.3101,0.3785,0.3939,0.3645,0.3687,0.4399,0.3547,0.3087,0.3492,0.4832,0.4832,0.3087,0.3751
527,0.3101,0.3785,0.3939,0.3645,0.3687,0.4399,0.3547,0.3087,0.3492,0.4832,0.4832,0.3087,0.3751
528,0.3101,0.3785,0.3939,0.3645,0.3687,0.4399,0.3547,0.3087,0.3492,0.4832,0.4832,0.3087,0.3751
529,0.3101,0.3785,0.3939,0.3645,0.3687,0.4399,0.3547,0.3087,0.3492,0.4832,0.4832,0.3087,0.3751
530,0.3101,0.3785,0.3939,0.3645,0.3687,0.4399,0.3547,0.3087,0.3492,0.4832,0.4832,0.3087,0.3751
531,0.3101,0.3785,0.3939,0.3645,0.3687,0.4399,0.3547,0.3087,0.3492,0.4832,0.4832,0.3087,0.3751
532,0.3101,0.3785,0.3939,0.3645,0.3687,0.4399,0.3547,0.3087,0.3492,0.4832,0.4832,0.3087,0.3751
533,0.3101,0.3785,0.3953,0.3645,0.3687,0.4399,0.3547,0.3087,0.3492,0.4832,0.4832,0.3087,0.3753
534,0.3101,0.3785,0.3953,0.3645,0.3687,0.4399,0.3547,0.3087,0.3492,0.4832,0.4832,0.3087,0.3753
535,0.3101,0.3785,0.3953,0.3645,0.3687,0.4399,0.3547,0.3087,0.3492,0.4832,0.4832,0.3087,0.3753
536,0.3101,0.3785,0.3953,0.3645,0.3687,0.4399,0.3547,0.3087,0.3492,0.4832,0.4832,0.3087,0.3753
537,0.3101,0.3785,0.3953,0.3645,0.3687,0.4399,0.3547,0.3087,0.3492,0.4832,0.4832,0.3087,0.3753
538,0.3101,0.3785,0.3953,0.3645,0.3687,0.4399,0.3547,0.3087,0.3492,0.4832,0.4832,0.3087,0.3753
539,0.3101,0.3785,0.3953,0.3645,0.3687,0.4399,0.3547,0.3087,0.3492,0.4832,0.4832,0.3087,0.3753
540,0.3101,0.3785,0.3953,0.3645,0.3687,0.4399,0.3547,0.3087,0.3492,0.4832,0.4832,0.3087,0.3753
541,0.3101,0.3785,0.3953,0.3645,0.3687,0.4399,0.3547,0.3087,0.3492,0.4832,0.4832,0.3087,0.3753
542,0.3101,0.3785,0.3953,0.3645,0.3687,0.4399,0.3547,0.3087,0.3492,0.4832,0.4832,0.3087,0.3753
543,0.3101,0.3785,0.3953,0.3645,0.3687,0.4399,0.3547,0.3087,0.3492,0.4832,0.4832,0.3087,0.3753
544,0.3101,0.3785,0.3953,0.3645,0.3687,0.4399,0.3547,0.3087,0.3492,0.4832,0.4832,0.3087,0.3753
545,0.3101,0.3785,0.3953,0.3645,0.3687,0.4399,0.3547,0.3087,0.3492,0.4832,0.4832,0.3087,0.3753
546,0.3101,0.3785,0.3953,0.3645,0.3687,0.4399,0.3547,0.3087,0.3492,0.4832,0.4832,0.3087,0.3753
547,0.3101,0.3785,0.3953,0.3645,0.3687,0.4399,0.3547,0.3087,0.3492,0.4832,0.4832,0.3087,0.3753
548,0.3101,0.3785,0.3953,0.3645,0.3687,0.4399,0.3547,0.3087,0.3492,0.4832,0.4832,0.3087,0.3753
549,0.3101,0.3785,0.3953,0.3645,0.3687,0.4399,0.3547,0.3087,0.3492,0.4832,0.4832,0.3087,0.3753
550,0.3101,0.3785,0.3953,0.3645,0.3687,0.4399,0.3547,0.3087,0.3492,0.4832,0.4832,0.3087,0.3753
551,0.3101,0.3799,0.3953,0.3645,0.3687,0.4399,0.3547,0.3087,0.3492,0.4832,0.4832,0.3087,0.3754
552,0.3101,0.3785,0.3953,0.3645,0.3687,0.4399,0.3547,0.3087,0.3492,0.4832,0.4832,0.3087,0.3753
553,0.3101,0.3785,0.3953,0.3645,0.3687,0.4399,0.3547,0.3087,0.3492,0.4832,0.4832,0.3087,0.3753
554,0.3101,0.3785,0.3953,0.3645,0.3687,0.4399,0.3547,0.3087,0.3492,0.4832,0.4832,0.3087,0.3753
555,0.3101,0.3785,0.3953,0.3645,0.3687,0.4399,0.3547,0.3087,0.3547,0.4832,0.4832,0.3087,0.3758
556,0.3101,0.3785,0.3953,0.3645,0.3687,0.4399,0.3547,0.3087,0.3492,0.4832,0.4832,0.3087,0.3753
557,0.3101,0.3785,0.3953,0.3645,0.3687,0.4399,0.3547,0.3087,0.3492,0.4832,0.4832,0.3087,0.3753
558,0.3101,0.3785,0.3953,0.3645,0.3687,0.4399,0.3547,0.3087,0.3492,0.4832,0.4832,0.3087,0.3753
559,0.3101,0.3785,0.3953,0.3645,0.3687,0.4399,0.3547,0.3087,0.3492,0.4832,0.4832,0.3087,0.3753
560,0.3101,0.3785,0.3953,0.3645,0.3687,0.4399,0.3547,0.3087,0.3492,0.4832,0.4832,0.3087,0.3753
561,0.3101,0.3785,0.3966,0.3645,0.3687,0.4399,0.3547,0.3101,0.3492,0.4832,0.4832,0.3101,0.3756
562,0.3101,0.3785,0.3966,0.3645,0.3687,0.4399,0.3547,0.3101,0.3492,0.4832,0.4832,0.3101,0.3756
563,0.3101,0.3785,0.3966,0.3645,0.3687,0.4399,0.3547,0.3101,0.3492,0.4832,0.4832,0.3101,0.3756
564,0.3101,0.3785,0.3966,0.3645,0.3687,0.4399,0.3547,0.3101,0.3492,0.4832,0.4832,0.3101,0.3756
565,0.3101,0.3785,0.3966,0.3645,0.3687,0.4399,0.3547,0.3101,0.3492,0.4832,0.4832,0.3101,0.3756
566,0.3101,0.3785,0.3966,0.3645,0.3687,0.4399,0.3547,0.3101,0.3492,0.4832,0.4832,0.3101,0.3756
567,0.3101,0.3785,0.3966,0.3645,0.3687,0.4399,0.3547,0.3101,0.3492,0.4832,0.4832,0.3101,0.3756
568,0.3101,0.3785,0.3966,0.3645,0.3687,0.4399,0.3547,0.3101,0.3492,0.4832,0.4832,0.3101,0.3756
569,0.3101,0.3785,0.3966,0.3645,0.3687,0.4399,0.3547,0.3101,0.3492,0.4832,0.4832,0.3101,0.3756
570,0.3101,0.3785,0.3966,0.3645,0.3687,0.4399,0.3547,0.3101,0.3492,0.4832,0.4832,0.3101,0.3756
571,0.3101,0.3785,0.3966,0.3645,0.3687,0.4399,0.3547,0.3101,0.3492,0.4832,0.4832,0.3101,0.3756
572,0.3101,0.3785,0.3966,0.3645,0.3687,0.4399,0.3547,0.3101,0.3492,0.4832,0.4832,0.3101,0.3756
573,0.3101,0.3785,0.3966,0.3645,0.3687,0.4399,0.3547,0.3101,0.3492,0.4832,0.4832,0.3101,0.3756
574,0.3101,0.3785,0.3966,0.3645,0.3687,0.4399,0.3547,0.3101,0.3492,0.4832,0.4832,0.3101,0.3756
575,0.3101,0.3785,0.3966,0.3645,0.3687,0.4399,0.3547,0.3101,0.3492,0.4832,0.4832,0.3101,0.3756
576,0.3101,0.3785,0.3966,0.3645,0.3701,0.4399,0.3547,0.3101,0.3492,0.4832,0.4832,0.3101,0.3757
577,0.3101,0.3785,0.3966,0.3645,0.3687,0.4399,0.3547,0.3101,0.3492,0.4832,0.4832,0.3101,0.3756
578,0.3101,0.3785,0.3966,0.3645,0.3687,0.4399,0.3547,0.3101,0.3492,0.4832,0.4832,0.3101,0.3756
579,0.3101,0.3785,0.3966,0.3645,0.3687,0.4399,0.3547,0.3101,0.3492,0.4832,0.4832,0.3101,0.3756
580,0.3101,0.3785,0.3966,0.3645,0.3687,0.4399,0.3547,0.3101,0.3492,0.4832,0.4832,0.3101,0.3756
581,0.3101,0.3785,0.3966,0.3645,0.3687,0.4399,0.3547,0.3101,0.3492,0.4832,0.4832,0.3101,0.3756
582,0.3101,0.3785,0.3966,0.3645,0.3687,0.4399,0.3547,0.3101,0.3492,0.4832,0.4832,0.3101,0.3756
583,0.3101,0.3785,0.3966,0.3645,0.3687,0.4399,0.3547,0.3101,0.3492,0.4832,0.4832,0.3101,0.3756
584,0.3101,0.3785,0.3966,0.3645,0.3687,0.4399,0.3547,0.3101,0.3492,0.4832,0.4832,0.3101,0.3756
585,0.3101,0.3785,0.3966,0.3645,0.3687,0.4399,0.3547,0.3101,0.3492,0.4832,0.4832,0.3101,0.3756
586,0.3101,0.3785,0.3966,0.3645,0.3687,0.4399,0.3547,0.3101,0.3492,0.4832,0.4832,0.3101,0.3756
587,0.3101,0.3785,0.3966,0.3645,0.3687,0.4399,0.3547,0.3101,0.3492,0.4832,0.4832,0.3101,0.3756
588,0.3101,0.3785,0.3966,0.3645,0.3687,0.4399,0.3547,0.3101,0.3492,0.4832,0.4832,0.3101,0.3756
589,0.3101,0.4036,0.3966,0.3645,0.3687,0.4399,0.3547,0.3101,0.3492,0.4832,0.4832,0.3101,0.3781
590,0.3101,0.4036,0.3966,0.3645,0.3687,0.4399,0.3547,0.3101,0.3492,0.4832,0.4832,0.3101,0.3781
591,0.3101,0.4036,0.3966,0.3645,0.3687,0.4399,0.3547,0.3101,0.3492,0.4832,0.4832,0.3101,0.3781
592,0.3101,0.405,0.3966,0.3645,0.3687,0.4399,0.3547,0.3101,0.3492,0.4832,0.4832,0.3101,0.3782
593,0.3101,0.4036,0.3966,0.3645,0.3687,0.4399,0.3547,0.3101,0.3492,0.4832,0.4832,0.3101,0.3781
594,0.3101,0.4036,0.3966,0.3645,0.3687,0.4399,0.3547,0.3101,0.3492,0.4832,0.4832,0.3101,0.3781
595,0.3101,0.4036,0.3966,0.3645,0.3687,0.4399,0.3547,0.3101,0.3492,0.4832,0.4832,0.3101,0.3781
596,0.3101,0.4036,0.3966,0.3645,0.3687,0.4399,0.3547,0.3101,0.3492,0.4832,0.4832,0.3101,0.3781
597,0.3101,0.4036,0.3966,0.3645,0.3687,0.4399,0.3547,0.3101,0.3492,0.4832,0.4832,0.3101,0.3781
598,0.3101,0.4036,0.3966,0.3645,0.3687,0.4399,0.3547,0.3101,0.3492,0.4832,0.4832,0.3101,0.3781
599,0.3101,0.4036,0.3966,0.3645,0.3687,0.4399,0.3547,0.3101,0.3492,0.4832,0.4832,0.3101,0.3781
600,0.3101,0.4036,0.3966,0.3645,0.3687,0.4399,0.3547,0.3101,0.3492,0.4832,0.4832,0.3101,0.3781
601,0.3101,0.4036,0.3966,0.3645,0.3687,0.4399,0.3547,0.3101,0.3492,0.4832,0.4832,0.3101,0.3781
602,0.3101,0.4036,0.3966,0.3645,0.3687,0.4399,0.3547,0.3101,0.3492,0.4832,0.4832,0.3101,0.3781
603,0.3101,0.4036,0.3966,0.3645,0.3687,0.4399,0.3547,0.3101,0.3492,0.4832,0.4832,0.3101,0.3781
604,0.3101,0.4036,0.3966,0.3645,0.3687,0.4399,0.3547,0.3101,0.3492,0.4832,0.4832,0.3101,0.3781
605,0.3101,0.4036,0.3966,0.3645,0.3687,0.4399,0.3547,0.3101,0.3492,0.4832,0.4832,0.3101,0.3781
606,0.3101,0.4036,0.3966,0.3645,0.3687,0.4399,0.3547,0.3101,0.3492,0.4832,0.4832,0.3101,0.3781
607,0.3101,0.4036,0.3966,0.3645,0.3687,0.4399,0.3547,0.3101,0.3492,0.4832,0.4832,0.3101,0.3781
608,0.3101,0.4036,0.3966,0.3645,0.3687,0.4399,0.3547,0.3101,0.3492,0.4832,0.4832,0.3101,0.3781
1208,0.3198,0.405,0.4022,0.4106,0.4148,0.4763,0.3994,0.405,0.4022,0.493,0.493,0.3198,0.4128
1808,0.4008,0.405,0.405,0.4106,0.4888,0.4832,0.3994,0.405,0.4832,0.4944,0.4944,0.3994,0.4375
2408,0.4106,0.4064,0.4162,0.4106,0.4902,0.4846,0.4008,0.4064,0.4916,0.4944,0.4944,0.4008,0.4412
3008,0.4106,0.4064,0.4176,0.4106,0.4902,0.4944,0.4008,0.4064,0.4916,0.5,0.5,0.4008,0.4429
3608,0.4134,0.4064,0.419,0.4106,0.4902,0.4944,0.4008,0.4064,0.493,0.5,0.5,0.4008,0.4434
4208,0.4134,0.4064,0.4818,0.4106,0.4902,0.4944,0.4008,0.4064,0.493,0.5028,0.5028,0.4008,0.45
4808,0.4134,0.4064,0.4846,0.419,0.4916,0.4972,0.4008,0.4064,0.493,0.5028,0.5028,0.4008,0.4515
5408,0.4134,0.4204,0.4846,0.4218,0.5056,0.4972,0.4008,0.4064,0.493,0.5196,0.5196,0.4008,0.4563
6008,0.4902,0.4246,0.4888,0.4218,0.5209,0.4972,0.4008,0.4064,0.493,0.5293,0.5293,0.4008,0.4673
6608,0.4902,0.4721,0.4902,0.4218,0.5209,0.4972,0.4008,0.4134,0.493,0.5293,0.5293,0.4008,0.4729
7208,0.4902,0.4763,0.4902,0.4218,0.5209,0.5028,0.4008,0.5014,0.4972,0.5293,0.5293,0.4008,0.4831
7808,0.4902,0.4804,0.4902,0.4218,0.5209,0.5028,0.4106,0.5014,0.4972,0.5293,0.5293,0.4106,0.4845
8408,0.5014,0.4804,0.4902,0.4902,0.5209,0.5028,0.4106,0.5014,0.4972,0.5293,0.5293,0.4106,0.4924
9008,0.507,0.4804,0.4958,0.5,0.5209,0.5028,0.4721,0.5014,0.4972,0.5293,0.5293,0.4721,0.5007
9608,0.507,0.5154,0.4958,0.5112,0.5209,0.5028,0.5098,0.5042,0.4972,0.5293,0.5293,0.4958,0.5094
10208,0.507,0.5237,0.4958,0.5098,0.5209,0.5028,0.5223,0.5042,0.4972,0.5293,0.5293,0.4958,0.5113
10808,0.507,0.5363,0.5209,0.5265,0.5209,0.5028,0.5223,0.5042,0.4972,0.5293,0.5363,0.4972,0.5167
11408,0.507,0.5363,0.5279,0.5265,0.5209,0.5028,0.5223,0.5084,0.4972,0.5293,0.5363,0.4972,0.5179
12008,0.507,0.5363,0.5279,0.5279,0.5209,0.5028,0.5223,0.5084,0.4972,0.5293,0.5363,0.4972,0.518
12608,0.507,0.5391,0.5279,0.5307,0.5209,0.5028,0.5223,0.5084,0.4972,0.5293,0.5391,0.4972,0.5186
13208,0.507,0.5419,0.5279,0.5307,0.5209,0.5028,0.5223,0.5084,0.4972,0.5377,0.5419,0.4972,0.5197
13808,0.507,0.5601,0.5279,0.5405,0.5209,0.5028,0.5223,0.5084,0.4972,0.5377,0.5601,0.4972,0.5225
14408,0.507,0.5601,0.5279,0.5405,0.5209,0.5028,0.5223,0.5084,0.4972,0.5377,0.5601,0.4972,0.5225
15008,0.507,0.5601,0.5279,0.5405,0.5209,0.5028,0.5223,0.5084,0.4972,0.5377,0.5601,0.4972,0.5225
15608,0.507,0.5601,0.5279,0.5405,0.5209,0.5028,0.5223,0.5084,0.4972,0.5391,0.5601,0.4972,0.5226
16208,0.507,0.5601,0.5279,0.5405,0.5447,0.5028,0.5223,0.5084,0.5154,0.5391,0.5601,0.5028,0.5268
16808,0.507,0.5601,0.5279,0.5405,0.5447,0.5028,0.5223,0.514,0.5154,0.5461,0.5601,0.5028,0.5281
17408,0.507,0.5615,0.5279,0.5405,0.5489,0.5028,0.5223,0.5209,0.5209,0.5475,0.5615,0.5028,0.53
18008,0.507,0.5628,0.5377,0.5405,0.5489,0.5028,0.5223,0.5209,0.5251,0.5475,0.5628,0.5028,0.5315
18608,0.507,0.5628,0.5377,0.5405,0.5489,0.5028,0.5223,0.5209,0.5251,0.5475,0.5628,0.5028,0.5315
19208,0.507,0.5628,0.5377,0.5405,0.5545,0.5028,0.5223,0.5209,0.5251,0.5503,0.5628,0.5028,0.5324
19808,0.507,0.5628,0.5377,0.5447,0.5545,0.5028,0.5223,0.5209,0.5251,0.5503,0.5628,0.5028,0.5328
20408,0.507,0.5628,0.5391,0.5447,0.5545,0.5028,0.5279,0.5209,0.5251,0.5503,0.5628,0.5028,0.5335
21008,0.507,0.5628,0.5391,0.5447,0.5559,0.5028,0.5321,0.5209,0.5251,0.5517,0.5628,0.5028,0.5342
21608,0.5223,0.5628,0.5391,0.5447,0.5559,0.5028,0.5363,0.5209,0.5251,0.5531,0.5628,0.5028,0.5363
22208,0.5223,0.5628,0.5391,0.5447,0.5573,0.5028,0.5363,0.5209,0.5251,0.5531,0.5628,0.5028,0.5364
22808,0.5223,0.5628,0.5391,0.5447,0.5573,0.5028,0.5363,0.5209,0.5251,0.5601,0.5628,0.5028,0.5371
23408,0.5223,0.5628,0.5391,0.5447,0.5573,0.5028,0.5363,0.5209,0.5251,0.5601,0.5628,0.5028,0.5371
24008,0.5223,0.5628,0.5405,0.5447,0.5573,0.5028,0.5363,0.5209,0.5251,0.5601,0.5628,0.5028,0.5373
24608,0.5223,0.5642,0.5405,0.5447,0.5587,0.5028,0.5363,0.5223,0.5251,0.5601,0.5642,0.5028,0.5377
25208,0.5223,0.5656,0.5405,0.5461,0.5587,0.5028,0.5363,0.5363,0.5251,0.5601,0.5656,0.5028,0.5394
25808,0.5223,0.5656,0.5405,0.5461,0.5587,0.5028,0.5363,0.5391,0.5251,0.5601,0.5656,0.5028,0.5397
26408,0.5223,0.5656,0.5419,0.5461,0.5587,0.507,0.5363,0.5391,0.5251,0.5601,0.5656,0.507,0.5402
27008,0.5223,0.5656,0.5419,0.5461,0.5587,0.5084,0.5363,0.5391,0.5251,0.5601,0.5656,0.5084,0.5404
27608,0.5223,0.5656,0.5419,0.5461,0.5587,0.5084,0.5475,0.5391,0.5251,0.5601,0.5656,0.5084,0.5415
28208,0.5223,0.5656,0.5419,0.5461,0.5587,0.5084,0.5475,0.5391,0.5251,0.5601,0.5656,0.5084,0.5415
28808,0.5223,0.5656,0.5419,0.5461,0.5587,0.5084,0.5503,0.5391,0.5251,0.5601,0.5656,0.5084,0.5418
29408,0.5321,0.5656,0.5419,0.5461,0.5587,0.5084,0.5503,0.5461,0.5251,0.5601,0.5656,0.5084,0.5434
30008,0.5335,0.5754,0.5419,0.5461,0.5587,0.5084,0.5503,0.5461,0.5251,0.5601,0.5754,0.5084,0.5446
30608,0.5335,0.5754,0.5419,0.5461,0.5587,0.5084,0.5503,0.5461,0.5251,0.5601,0.5754,0.5084,0.5446
31208,0.5335,0.5754,0.5419,0.5461,0.5587,0.5084,0.5503,0.5559,0.5251,0.5601,0.5754,0.5084,0.5455
31808,0.5335,0.5754,0.5419,0.5461,0.5587,0.5084,0.5503,0.5559,0.5251,0.5601,0.5754,0.5084,0.5455
32408,0.5335,0.5754,0.5419,0.5461,0.5587,0.5084,0.5503,0.5573,0.5349,0.5601,0.5754,0.5084,0.5467
33008,0.5335,0.5754,0.5419,0.5461,0.5628,0.5084,0.5503,0.5573,0.5349,0.5601,0.5754,0.5084,0.5471
33608,0.5335,0.5754,0.5419,0.5461,0.5628,0.5084,0.5503,0.5573,0.5349,0.5601,0.5754,0.5084,0.5471
34208,0.5335,0.5754,0.5419,0.5461,0.5628,0.5084,0.5503,0.5573,0.5349,0.5601,0.5754,0.5084,0.5471
34808,0.5335,0.5754,0.5419,0.5461,0.5628,0.5084,0.5503,0.5573,0.5349,0.5601,0.5754,0.5084,0.5471
35408,0.5335,0.5754,0.5419,0.5461,0.5628,0.5084,0.5503,0.5642,0.5349,0.5601,0.5754,0.5084,0.5478
36008,0.5335,0.5754,0.5419,0.5461,0.5628,0.5084,0.5503,0.5642,0.5349,0.5601,0.5754,0.5084,0.5478
36608,0.5335,0.5754,0.5419,0.5461,0.5628,0.5084,0.5503,0.5642,0.5349,0.5601,0.5754,0.5084,0.5478
37208,0.5335,0.5754,0.5419,0.5461,0.5628,0.5084,0.5503,0.5642,0.5349,0.5601,0.5754,0.5084,0.5478
37808,0.5335,0.5754,0.5419,0.5461,0.5628,0.5084,0.5503,0.5656,0.5349,0.5601,0.5754,0.5084,0.5479
38408,0.5363,0.5754,0.5419,0.5461,0.5628,0.5084,0.5503,0.5656,0.5349,0.5601,0.5754,0.5084,0.5482
39008,0.5433,0.5754,0.5419,0.5461,0.5628,0.5084,0.5503,0.5656,0.5349,0.5601,0.5754,0.5084,0.5489
39608,0.5433,0.5754,0.5419,0.5461,0.5628,0.5084,0.5503,0.5656,0.5349,0.5601,0.5754,0.5084,0.5489
40208,0.5433,0.5754,0.5419,0.5475,0.5628,0.5349,0.5503,0.5656,0.5349,0.5601,0.5754,0.5349,0.5517
40808,0.5433,0.5754,0.5419,0.5475,0.5628,0.5391,0.5503,0.5656,0.5349,0.5601,0.5754,0.5349,0.5521
41408,0.5433,0.5754,0.5419,0.5475,0.5628,0.5391,0.5517,0.5656,0.5349,0.5601,0.5754,0.5349,0.5522
42008,0.5433,0.5754,0.5419,0.5475,0.5628,0.5391,0.5517,0.5684,0.5349,0.5601,0.5754,0.5349,0.5525
42608,0.5433,0.5754,0.5419,0.5475,0.5628,0.5391,0.5517,0.5684,0.5363,0.5601,0.5754,0.5363,0.5526
43208,0.5433,0.5754,0.5419,0.5475,0.5628,0.5461,0.5517,0.5684,0.5363,0.5601,0.5754,0.5363,0.5534
43808,0.5433,0.5754,0.5419,0.5475,0.5628,0.5461,0.5517,0.5684,0.5363,0.5601,0.5754,0.5363,0.5534
44408,0.5433,0.5754,0.5419,0.5475,0.5628,0.5461,0.5517,0.5684,0.5377,0.5601,0.5754,0.5377,0.5535
45008,0.5433,0.5754,0.5489,0.5475,0.5628,0.5461,0.5531,0.5684,0.5377,0.5601,0.5754,0.5377,0.5543
45608,0.5433,0.5754,0.5489,0.5475,0.5628,0.5461,0.5517,0.5684,0.5377,0.5601,0.5754,0.5377,0.5542
46208,0.5433,0.5754,0.5489,0.5475,0.5698,0.5461,0.5517,0.5684,0.5377,0.5601,0.5754,0.5377,0.5549
46808,0.5475,0.5754,0.5489,0.5475,0.5698,0.5461,0.5517,0.5684,0.5377,0.5601,0.5754,0.5377,0.5553
47408,0.5475,0.5754,0.5489,0.5475,0.5698,0.5517,0.5517,0.5684,0.5377,0.5601,0.5754,0.5377,0.5559
48008,0.5475,0.5754,0.5489,0.5475,0.5698,0.5517,0.5517,0.5684,0.5377,0.5628,0.5754,0.5377,0.5561
48608,0.5656,0.5754,0.5489,0.5475,0.5698,0.5545,0.5517,0.5684,0.5377,0.5628,0.5754,0.5377,0.5582
49208,0.5656,0.5796,0.5489,0.5475,0.5698,0.5545,0.5517,0.5684,0.5377,0.5628,0.5796,0.5377,0.5586
49209,0.5656,0.5796,0.5489,0.5475,0.5698,0.5545,0.5517,0.5684,0.5377,0.5628,0.5796,0.5377,0.5586
49808,0.5656,0.5796,0.5489,0.5475,0.5712,0.5545,0.5517,0.5684,0.5377,0.5628,0.5796,0.5377,0.5588
49809,0.5656,0.5796,0.5489,0.5475,0.5712,0.5545,0.5517,0.5684,0.5377,0.5628,0.5796,0.5377,0.5588
50408,0.5656,0.5796,0.5489,0.5475,0.5698,0.5545,0.5517,0.5684,0.5377,0.5628,0.5796,0.5377,0.5586
50409,0.5656,0.5796,0.5489,0.5475,0.5698,0.5545,0.5517,0.5684,0.5377,0.5628,0.5796,0.5377,0.5586
51008,0.5656,0.5796,0.5489,0.5475,0.5698,0.5545,0.5517,0.5684,0.5377,0.5628,0.5796,0.5377,0.5586
51009,0.5656,0.5796,0.5489,0.5475,0.5698,0.5545,0.5517,0.5684,0.5377,0.5628,0.5796,0.5377,0.5586
51608,0.5656,0.5796,0.5489,0.5475,0.5698,0.5545,0.5517,0.5684,0.5377,0.5628,0.5796,0.5377,0.5586
51609,0.5656,0.5796,0.5489,0.5475,0.5698,0.5545,0.5517,0.5684,0.5377,0.5628,0.5796,0.5377,0.5586
52208,0.5656,0.5796,0.5489,0.5475,0.5698,0.5545,0.5517,0.5684,0.5377,0.5628,0.5796,0.5377,0.5586
52209,0.5656,0.5796,0.5489,0.5545,0.5698,0.5545,0.5517,0.5684,0.5377,0.5628,0.5796,0.5377,0.5594
52808,0.5656,0.5796,0.5489,0.5545,0.5698,0.5545,0.5517,0.5684,0.5377,0.5628,0.5796,0.5377,0.5594
52809,0.5656,0.5796,0.5489,0.5545,0.5698,0.5545,0.5517,0.5684,0.5377,0.5628,0.5796,0.5377,0.5594
53408,0.5656,0.5796,0.5489,0.5545,0.5698,0.5573,0.5517,0.5684,0.5377,0.5628,0.5796,0.5377,0.5596
53409,0.5656,0.5796,0.5489,0.5545,0.5698,0.5573,0.5517,0.5684,0.5377,0.5628,0.5796,0.5377,0.5596
54008,0.5656,0.5796,0.5489,0.5545,0.5698,0.5573,0.5517,0.5684,0.5377,0.5628,0.5796,0.5377,0.5596
54009,0.5656,0.5796,0.5489,0.5545,0.5698,0.5573,0.5517,0.5684,0.5377,0.5628,0.5796,0.5377,0.5596
54608,0.5656,0.5796,0.5489,0.5545,0.5698,0.5573,0.5517,0.5684,0.5377,0.5628,0.5796,0.5377,0.5596
54609,0.5656,0.5796,0.5489,0.5545,0.5698,0.5573,0.5517,0.5684,0.5377,0.5628,0.5796,0.5377,0.5596
55208,0.5698,0.5796,0.5489,0.5545,0.5698,0.5573,0.5517,0.5684,0.5377,0.5628,0.5796,0.5377,0.5601
55209,0.5698,0.5796,0.5489,0.5545,0.5698,0.5573,0.5517,0.5684,0.5377,0.5628,0.5796,0.5377,0.5601
55808,0.5698,0.5796,0.5489,0.5545,0.5698,0.5573,0.5517,0.5684,0.5377,0.5628,0.5796,0.5377,0.5601
55809,0.5698,0.5796,0.5489,0.5545,0.5698,0.5573,0.5517,0.5684,0.5377,0.5628,0.5796,0.5377,0.5601
56408,0.5698,0.5796,0.5489,0.5545,0.5698,0.5573,0.5517,0.5684,0.5377,0.5628,0.5796,0.5377,0.5601
56409,0.5698,0.5796,0.5489,0.5545,0.5698,0.5573,0.5517,0.5684,0.5377,0.5642,0.5796,0.5377,0.5602
57008,0.5698,0.5796,0.5489,0.5545,0.5698,0.5573,0.5517,0.5684,0.5489,0.5642,0.5796,0.5489,0.5613
57009,0.5698,0.5796,0.5489,0.5545,0.5698,0.5573,0.5517,0.5684,0.5489,0.5628,0.5796,0.5489,0.5612
57608,0.574,0.5796,0.5489,0.5545,0.5698,0.5573,0.5517,0.5684,0.5517,0.5628,0.5796,0.5489,0.5619
57609,0.574,0.5796,0.5489,0.5545,0.5698,0.5573,0.5517,0.5684,0.5517,0.5628,0.5796,0.5489,0.5619
58208,0.574,0.5796,0.5489,0.5545,0.5698,0.5573,0.5517,0.5684,0.5517,0.5628,0.5796,0.5489,0.5619
58209,0.574,0.5796,0.5489,0.5545,0.5698,0.5573,0.5517,0.5684,0.5517,0.5628,0.5796,0.5489,0.5619
58808,0.574,0.5796,0.5489,0.5545,0.5698,0.5573,0.5517,0.5684,0.5517,0.5628,0.5796,0.5489,0.5619
58809,0.574,0.5796,0.5489,0.5545,0.5698,0.5573,0.5517,0.5684,0.5517,0.5628,0.5796,0.5489,0.5619
59408,0.574,0.5796,0.5489,0.5545,0.5698,0.5573,0.5517,0.5684,0.5517,0.5628,0.5796,0.5489,0.5619
59409,0.574,0.5796,0.5489,0.5545,0.5698,0.5573,0.5517,0.5684,0.5517,0.5628,0.5796,0.5489,0.5619
60008,0.574,0.5796,0.5489,0.5545,0.5698,0.5573,0.5517,0.5684,0.5531,0.5628,0.5796,0.5489,0.562
60009,0.5782,0.5796,0.5489,0.5545,0.5698,0.5573,0.5517,0.5684,0.5531,0.5642,0.5796,0.5489,0.5626
60608,0.5782,0.5796,0.5489,0.5545,0.5698,0.5573,0.5517,0.5684,0.5531,0.5642,0.5796,0.5489,0.5626
60609,0.5796,0.5796,0.5489,0.5545,0.5698,0.5573,0.5517,0.5684,0.5531,0.5642,0.5796,0.5489,0.5627
61208,0.5796,0.5796,0.5489,0.5545,0.5698,0.5573,0.5517,0.5684,0.5531,0.5642,0.5796,0.5489,0.5627
61209,0.5796,0.5796,0.5489,0.5545,0.5698,0.5573,0.5517,0.5684,0.5531,0.5642,0.5796,0.5489,0.5627
61808,0.5796,0.5796,0.5489,0.5545,0.5698,0.5573,0.5517,0.5684,0.5531,0.5642,0.5796,0.5489,0.5627
61809,0.5796,0.5796,0.5489,0.5545,0.5698,0.5573,0.5517,0.5684,0.5531,0.5642,0.5796,0.5489,0.5627
62408,0.5796,0.5796,0.5489,0.5545,0.5698,0.5573,0.5517,0.5684,0.5531,0.5642,0.5796,0.5489,0.5627
62409,0.5796,0.581,0.5489,0.5545,0.5698,0.5573,0.5517,0.5684,0.5531,0.5642,0.581,0.5489,0.5629
63008,0.5796,0.581,0.5489,0.5545,0.5698,0.5573,0.5517,0.5684,0.5531,0.5642,0.581,0.5489,0.5629
63009,0.5796,0.5796,0.5489,0.5545,0.5698,0.5573,0.5517,0.5684,0.5531,0.5642,0.5796,0.5489,0.5627
63608,0.5796,0.5796,0.5489,0.5545,0.5698,0.5573,0.5517,0.5684,0.5531,0.5642,0.5796,0.5489,0.5627
63609,0.5796,0.5796,0.5489,0.5545,0.5698,0.5573,0.5517,0.5684,0.5531,0.5642,0.5796,0.5489,0.5627
64208,0.5796,0.5796,0.5489,0.5545,0.5698,0.5615,0.5517,0.5684,0.5545,0.5642,0.5796,0.5489,0.5633
64209,0.5796,0.5796,0.5489,0.5545,0.5698,0.5615,0.5517,0.5684,0.5545,0.5642,0.5796,0.5489,0.5633
64808,0.5796,0.5796,0.5489,0.5545,0.5698,0.5615,0.5517,0.5684,0.5545,0.5642,0.5796,0.5489,0.5633
64809,0.5796,0.5796,0.5489,0.5545,0.5698,0.5615,0.5517,0.5684,0.5545,0.5642,0.5796,0.5489,0.5633
65408,0.5796,0.5796,0.5489,0.5545,0.5698,0.5615,0.5517,0.5684,0.5573,0.5642,0.5796,0.5489,0.5635
65409,0.5796,0.5796,0.5489,0.5545,0.5698,0.5615,0.5517,0.5684,0.5573,0.5642,0.5796,0.5489,0.5635
66008,0.5796,0.5796,0.5489,0.5545,0.5698,0.5615,0.5517,0.5684,0.5573,0.5642,0.5796,0.5489,0.5635
66009,0.5796,0.5796,0.5489,0.5545,0.5698,0.5615,0.5517,0.5684,0.5573,0.5642,0.5796,0.5489,0.5635
66608,0.5796,0.5796,0.5489,0.5545,0.5698,0.5615,0.5517,0.5684,0.5573,0.5642,0.5796,0.5489,0.5635
66609,0.5796,0.5796,0.5489,0.5545,0.5698,0.5615,0.5517,0.5684,0.5573,0.5642,0.5796,0.5489,0.5635
67208,0.5796,0.5796,0.5489,0.5545,0.5698,0.5642,0.5517,0.5684,0.5573,0.5642,0.5796,0.5489,0.5638
67209,0.5796,0.5796,0.5489,0.5545,0.5698,0.5642,0.5517,0.5684,0.5573,0.5642,0.5796,0.5489,0.5638
67809,0.5796,0.5796,0.5489,0.5545,0.5698,0.5642,0.5517,0.5684,0.5573,0.5642,0.5796,0.5489,0.5638
68409,0.5796,0.5796,0.5489,0.5545,0.5698,0.5642,0.5517,0.5684,0.5573,0.5642,0.5796,0.5489,0.5638
69009,0.5796,0.5796,0.5489,0.5545,0.5698,0.5642,0.5517,0.5684,0.5573,0.5642,0.5796,0.5489,0.5638
69609,0.5796,0.5796,0.5489,0.5545,0.5698,0.5642,0.5517,0.5684,0.5573,0.5642,0.5796,0.5489,0.5638
70209,0.5796,0.5796,0.5489,0.5545,0.5698,0.5642,0.5517,0.5684,0.5573,0.5642,0.5796,0.5489,0.5638
70809,0.581,0.5796,0.5489,0.5545,0.5698,0.5642,0.5517,0.5684,0.5573,0.5642,0.581,0.5489,0.564
71409,0.5796,0.5796,0.5489,0.5545,0.5698,0.5642,0.5517,0.5684,0.5573,0.5642,0.5796,0.5489,0.5638
72009,0.5796,0.5796,0.5489,0.5545,0.5726,0.5642,0.5517,0.5684,0.5573,0.5642,0.5796,0.5489,0.5641
72609,0.5796,0.5796,0.5517,0.5545,0.5726,0.5642,0.5517,0.5684,0.5573,0.5642,0.5796,0.5517,0.5644
73209,0.5796,0.5796,0.5517,0.5545,0.5726,0.5642,0.5517,0.5684,0.5573,0.5642,0.5796,0.5517,0.5644
73809,0.5796,0.5796,0.5517,0.5545,0.5726,0.5642,0.5517,0.5684,0.5573,0.5642,0.5796,0.5517,0.5644
74409,0.5796,0.5796,0.5517,0.5545,0.5726,0.5642,0.5517,0.5684,0.5573,0.5642,0.5796,0.5517,0.5644
75009,0.5796,0.5796,0.5531,0.5545,0.5726,0.5642,0.5517,0.5684,0.5573,0.5642,0.5796,0.5517,0.5645
75609,0.5796,0.5796,0.5531,0.5545,0.5726,0.5642,0.5517,0.5684,0.5573,0.5642,0.5796,0.5517,0.5645
76209,0.5796,0.5796,0.5531,0.5545,0.5726,0.5642,0.5517,0.5684,0.5573,0.5642,0.5796,0.5517,0.5645
76809,0.5796,0.5796,0.5531,0.5545,0.5726,0.5642,0.5517,0.5684,0.5573,0.5642,0.5796,0.5517,0.5645
77409,0.5796,0.5796,0.5531,0.5545,0.5726,0.5642,0.5517,0.5684,0.5573,0.5642,0.5796,0.5517,0.5645
78009,0.5796,0.5796,0.5531,0.5545,0.5726,0.5642,0.5517,0.5684,0.5573,0.5642,0.5796,0.5517,0.5645
78609,0.5796,0.5796,0.5531,0.5545,0.5726,0.5642,0.5517,0.5684,0.5573,0.5642,0.5796,0.5517,0.5645
79209,0.5796,0.5796,0.5531,0.5545,0.5726,0.5642,0.5517,0.5684,0.5573,0.5642,0.5796,0.5517,0.5645
79809,0.5796,0.5796,0.5531,0.5545,0.5726,0.5642,0.5517,0.5684,0.5573,0.5642,0.5796,0.5517,0.5645
80409,0.5796,0.5796,0.5531,0.5545,0.5726,0.5642,0.5517,0.5684,0.5573,0.5642,0.5796,0.5517,0.5645
81009,0.5796,0.5796,0.5531,0.5545,0.5726,0.5642,0.5517,0.5684,0.5573,0.5642,0.5796,0.5517,0.5645
81609,0.5796,0.5796,0.5531,0.5545,0.5726,0.5642,0.5517,0.5684,0.5573,0.5642,0.5796,0.5517,0.5645
82209,0.5796,0.5796,0.5531,0.5545,0.5726,0.5642,0.5517,0.5684,0.5573,0.5642,0.5796,0.5517,0.5645
82809,0.5796,0.5796,0.5531,0.5545,0.5726,0.5642,0.5517,0.5684,0.5573,0.5642,0.5796,0.5517,0.5645
83409,0.5796,0.5796,0.5531,0.5545,0.5726,0.5642,0.5517,0.5684,0.5573,0.5642,0.5796,0.5517,0.5645
84009,0.5796,0.5796,0.5531,0.5545,0.5726,0.5642,0.5517,0.5684,0.5573,0.5642,0.5796,0.5517,0.5645
84609,0.5796,0.5796,0.5531,0.5545,0.5726,0.5642,0.5517,0.5684,0.5573,0.5642,0.5796,0.5517,0.5645
85209,0.5796,0.5796,0.5531,0.5545,0.5726,0.5642,0.5517,0.5684,0.5573,0.5642,0.5796,0.5517,0.5645
85809,0.5796,0.5796,0.5531,0.5545,0.5726,0.5642,0.5517,0.5684,0.5573,0.5642,0.5796,0.5517,0.5645
