timestamp,ne20009,ne20005,ne20008,ne20002,ne20004,ne20000,ne20003,ne20001,ne20006,ne20007,max,min,avg
0,0.0091,0.0091,0.0091,0.0091,0.0091,0.0091,0.0091,0.0091,0.0091,0.0091,0.0091,0.0091,0.0091
3,0.0091,0.05,0.0091,0.05,0.05,0.05,0.05,0.05,0.05,0.0091,0.05,0.0091,0.0377
4,0.05,0.6773,0.05,0.65,0.6227,0.7,0.55,0.7682,0.5455,0.05,0.7682,0.05,0.4664
5,0.6955,0.8409,0.7364,0.7864,0.7182,0.7409,0.6682,0.85,0.7091,0.5182,0.85,0.5182,0.7264
6,0.8045,0.8545,0.8636,0.8773,0.7182,0.7591,0.6864,0.8682,0.7091,0.5864,0.8773,0.5864,0.7727
7,0.8682,0.8727,0.8682,0.8818,0.8045,0.7636,0.6955,0.8773,0.7682,0.6545,0.8818,0.6545,0.8055
8,0.8818,0.8909,0.8727,0.8864,0.85,0.7864,0.8182,0.8773,0.85,0.6909,0.8909,0.6909,0.8405
9,0.8864,0.8955,0.8773,0.8909,0.8727,0.7864,0.8409,0.8864,0.8636,0.75,0.8955,0.75,0.855
10,0.8864,0.8955,0.8773,0.8909,0.8864,0.8,0.8409,0.8864,0.8636,0.8409,0.8955,0.8,0.8668
11,0.8864,0.8955,0.8773,0.8909,0.8864,0.8091,0.8409,0.8864,0.8636,0.8455,0.8955,0.8091,0.8682
12,0.8864,0.8955,0.8818,0.8909,0.8864,0.8091,0.8727,0.8864,0.8636,0.8636,0.8955,0.8091,0.8736
13,0.8864,0.8955,0.8818,0.8909,0.8864,0.8136,0.8727,0.8864,0.8727,0.8682,0.8955,0.8136,0.8755
14,0.8864,0.8955,0.8818,0.8909,0.8864,0.8136,0.8727,0.8864,0.8727,0.8682,0.8955,0.8136,0.8755
15,0.8864,0.8955,0.8864,0.8909,0.8909,0.8455,0.8773,0.8864,0.8727,0.8682,0.8955,0.8455,0.88
16,0.8864,0.8955,0.8864,0.8909,0.8909,0.8455,0.8773,0.8864,0.8727,0.8818,0.8955,0.8455,0.8814
17,0.8864,0.8955,0.8864,0.8909,0.8909,0.85,0.8773,0.8864,0.8773,0.8818,0.8955,0.85,0.8823
18,0.8864,0.8955,0.8864,0.8909,0.8909,0.8545,0.8773,0.8864,0.8773,0.8818,0.8955,0.8545,0.8827
19,0.8864,0.8955,0.8864,0.8909,0.8909,0.8636,0.8773,0.9,0.8773,0.8818,0.9,0.8636,0.885
20,0.8864,0.8955,0.8864,0.8909,0.8909,0.8682,0.8773,0.9,0.8773,0.8864,0.9,0.8682,0.8859
21,0.8864,0.8955,0.8864,0.8909,0.8909,0.8682,0.8773,0.9,0.8773,0.8864,0.9,0.8682,0.8859
22,0.8864,0.8955,0.8864,0.8909,0.8909,0.8727,0.8909,0.9,0.8773,0.8864,0.9,0.8727,0.8877
23,0.8864,0.8955,0.8864,0.8909,0.8909,0.8727,0.8909,0.9,0.8773,0.8864,0.9,0.8727,0.8877
24,0.8864,0.8955,0.8864,0.8909,0.8909,0.8773,0.8909,0.9,0.8773,0.8864,0.9,0.8773,0.8882
25,0.8864,0.8955,0.8864,0.8909,0.8909,0.8773,0.8909,0.9,0.8773,0.8864,0.9,0.8773,0.8882
26,0.8864,0.8955,0.8864,0.8909,0.8909,0.8773,0.8909,0.9,0.8773,0.8864,0.9,0.8773,0.8882
27,0.8864,0.8955,0.8864,0.8909,0.8909,0.8773,0.8909,0.9,0.8773,0.8864,0.9,0.8773,0.8882
28,0.8864,0.8955,0.8864,0.8909,0.8909,0.8773,0.8909,0.9,0.8773,0.8864,0.9,0.8773,0.8882
29,0.8864,0.8955,0.8864,0.8909,0.8909,0.8773,0.8909,0.9,0.8773,0.8864,0.9,0.8773,0.8882
30,0.8864,0.8955,0.8864,0.8909,0.8955,0.8773,0.8909,0.9,0.8773,0.8864,0.9,0.8773,0.8887
31,0.8864,0.8955,0.8864,0.8909,0.8955,0.8818,0.8909,0.9,0.8773,0.8864,0.9,0.8773,0.8891
32,0.8864,0.8955,0.8864,0.8909,0.8955,0.8818,0.8909,0.9,0.8773,0.8864,0.9,0.8773,0.8891
33,0.8864,0.9,0.8864,0.8909,0.8955,0.8818,0.8909,0.9,0.8773,0.8864,0.9,0.8773,0.8896
34,0.8864,0.9,0.8864,0.8909,0.8955,0.8818,0.8909,0.9,0.8773,0.8909,0.9,0.8773,0.89
35,0.8864,0.9,0.8864,0.8909,0.8955,0.8818,0.8909,0.9,0.8773,0.8909,0.9,0.8773,0.89
36,0.8864,0.9,0.8864,0.8909,0.8955,0.8818,0.8909,0.9,0.8773,0.8909,0.9,0.8773,0.89
37,0.8864,0.9,0.8864,0.8909,0.8955,0.8818,0.8909,0.9,0.8773,0.9,0.9,0.8773,0.8909
38,0.8864,0.9,0.8864,0.8909,0.8955,0.8818,0.8955,0.9,0.8773,0.9,0.9,0.8773,0.8914
39,0.8864,0.9,0.8864,0.8955,0.8955,0.8818,0.8955,0.9,0.8773,0.9,0.9,0.8773,0.8918
40,0.8864,0.9,0.8864,0.8955,0.8955,0.8818,0.8955,0.9045,0.8773,0.9,0.9045,0.8773,0.8923
41,0.8864,0.9,0.8864,0.8955,0.8955,0.8818,0.8955,0.9045,0.8773,0.9,0.9045,0.8773,0.8923
42,0.8864,0.9,0.8864,0.8955,0.8955,0.8818,0.8955,0.9045,0.8773,0.9,0.9045,0.8773,0.8923
43,0.8864,0.9,0.8864,0.8955,0.8955,0.8818,0.8955,0.9045,0.8773,0.9,0.9045,0.8773,0.8923
44,0.8864,0.9,0.8864,0.8955,0.8955,0.8818,0.8955,0.9045,0.8773,0.9,0.9045,0.8773,0.8923
45,0.8864,0.9,0.8864,0.8955,0.8955,0.8818,0.8955,0.9045,0.8773,0.9,0.9045,0.8773,0.8923
46,0.8864,0.9,0.8864,0.8955,0.8955,0.8818,0.8955,0.9045,0.8773,0.9,0.9045,0.8773,0.8923
47,0.8864,0.9,0.8864,0.8955,0.8955,0.8818,0.8955,0.9045,0.8773,0.9,0.9045,0.8773,0.8923
48,0.8864,0.9,0.8864,0.8955,0.8955,0.8818,0.8955,0.9045,0.8773,0.9,0.9045,0.8773,0.8923
49,0.8864,0.9,0.8864,0.8955,0.8955,0.8818,0.8955,0.9045,0.8773,0.9,0.9045,0.8773,0.8923
50,0.8864,0.9,0.8864,0.8955,0.8955,0.8818,0.8955,0.9045,0.8773,0.9,0.9045,0.8773,0.8923
51,0.8864,0.9,0.8864,0.8955,0.8955,0.8818,0.8955,0.9045,0.8773,0.9,0.9045,0.8773,0.8923
52,0.8864,0.9,0.8864,0.8955,0.8955,0.8818,0.8955,0.9045,0.8773,0.9,0.9045,0.8773,0.8923
53,0.8864,0.9,0.8864,0.8955,0.8955,0.8818,0.8955,0.9045,0.8773,0.9,0.9045,0.8773,0.8923
54,0.8864,0.9,0.8864,0.8955,0.8955,0.8818,0.8955,0.9045,0.8773,0.9,0.9045,0.8773,0.8923
55,0.8864,0.9,0.8864,0.8955,0.8955,0.8818,0.8955,0.9045,0.8773,0.9,0.9045,0.8773,0.8923
56,0.8864,0.9,0.8864,0.8955,0.8955,0.8818,0.8955,0.9045,0.8773,0.9,0.9045,0.8773,0.8923
57,0.8864,0.9,0.8864,0.8955,0.8955,0.8818,0.8955,0.9045,0.8773,0.9,0.9045,0.8773,0.8923
58,0.8864,0.9,0.8864,0.8955,0.8955,0.8818,0.8955,0.9045,0.8773,0.9,0.9045,0.8773,0.8923
59,0.8864,0.9,0.8864,0.8955,0.8955,0.8818,0.8955,0.9045,0.8773,0.9,0.9045,0.8773,0.8923
60,0.8864,0.9,0.8864,0.8955,0.8955,0.8818,0.8955,0.9045,0.8773,0.9,0.9045,0.8773,0.8923
61,0.8864,0.9,0.8864,0.8955,0.8955,0.8818,0.8955,0.9045,0.8773,0.9,0.9045,0.8773,0.8923
62,0.8864,0.9,0.8864,0.8955,0.8955,0.8818,0.8955,0.9045,0.8773,0.9,0.9045,0.8773,0.8923
63,0.8864,0.9,0.8864,0.8955,0.8955,0.8818,0.8955,0.9045,0.8773,0.9,0.9045,0.8773,0.8923
64,0.8864,0.9,0.8864,0.8955,0.8955,0.8818,0.8955,0.9045,0.8773,0.9,0.9045,0.8773,0.8923
65,0.8864,0.9,0.8864,0.8955,0.8955,0.8818,0.8955,0.9045,0.8773,0.9,0.9045,0.8773,0.8923
66,0.8864,0.9,0.8864,0.8955,0.8955,0.8818,0.8955,0.9045,0.8773,0.9,0.9045,0.8773,0.8923
67,0.8864,0.9,0.8864,0.8955,0.8955,0.8818,0.8955,0.9045,0.8773,0.9,0.9045,0.8773,0.8923
68,0.8864,0.9,0.8864,0.8955,0.8955,0.8818,0.8955,0.9045,0.8773,0.9,0.9045,0.8773,0.8923
69,0.8864,0.9,0.8864,0.8955,0.8955,0.8818,0.8955,0.9045,0.8773,0.9,0.9045,0.8773,0.8923
70,0.8864,0.9,0.8955,0.9045,0.8955,0.8818,0.8955,0.9045,0.8773,0.9,0.9045,0.8773,0.8941
71,0.8864,0.9,0.8955,0.9045,0.8955,0.8818,0.8955,0.9045,0.8773,0.9,0.9045,0.8773,0.8941
72,0.8864,0.9,0.8955,0.9045,0.8955,0.8818,0.8955,0.9045,0.8773,0.9,0.9045,0.8773,0.8941
73,0.8864,0.9,0.8955,0.9045,0.8955,0.8818,0.8955,0.9045,0.8773,0.9,0.9045,0.8773,0.8941
74,0.8864,0.9,0.8955,0.9045,0.8955,0.8818,0.8955,0.9045,0.8773,0.9,0.9045,0.8773,0.8941
75,0.8864,0.9,0.8955,0.9045,0.8955,0.8818,0.8955,0.9045,0.8773,0.9,0.9045,0.8773,0.8941
76,0.8864,0.9,0.8955,0.9045,0.8955,0.8818,0.8955,0.9045,0.8773,0.9,0.9045,0.8773,0.8941
77,0.8864,0.9,0.8955,0.9045,0.8955,0.8818,0.8955,0.9045,0.8773,0.9,0.9045,0.8773,0.8941
78,0.8864,0.9,0.8955,0.9045,0.8955,0.8818,0.8955,0.9045,0.8773,0.9,0.9045,0.8773,0.8941
79,0.8864,0.9,0.8955,0.9045,0.8955,0.9,0.8955,0.9045,0.8773,0.9,0.9045,0.8773,0.8959
80,0.8864,0.9,0.8955,0.9045,0.8955,0.9,0.8955,0.9045,0.8773,0.9,0.9045,0.8773,0.8959
81,0.8864,0.9,0.8955,0.9045,0.8955,0.9,0.8955,0.9045,0.8773,0.9,0.9045,0.8773,0.8959
82,0.8909,0.9,0.8955,0.9045,0.8955,0.9,0.8955,0.9045,0.8773,0.9,0.9045,0.8773,0.8964
83,0.8909,0.9,0.8955,0.9045,0.8955,0.9,0.8955,0.9045,0.8773,0.9,0.9045,0.8773,0.8964
84,0.8909,0.9,0.8955,0.9045,0.8955,0.9,0.8955,0.9045,0.8773,0.9,0.9045,0.8773,0.8964
85,0.8909,0.9,0.8955,0.9045,0.8955,0.9,0.8955,0.9045,0.8773,0.9,0.9045,0.8773,0.8964
86,0.8909,0.9,0.8955,0.9045,0.8955,0.9,0.8955,0.9045,0.8773,0.9,0.9045,0.8773,0.8964
87,0.8909,0.9,0.8955,0.9091,0.8955,0.9,0.8955,0.9045,0.8773,0.9,0.9091,0.8773,0.8968
88,0.8909,0.9,0.8955,0.9091,0.8955,0.9,0.8955,0.9045,0.8773,0.9,0.9091,0.8773,0.8968
89,0.8909,0.9,0.8955,0.9091,0.8955,0.9,0.8955,0.9045,0.8773,0.9,0.9091,0.8773,0.8968
90,0.8909,0.9,0.8955,0.9091,0.8955,0.9,0.8955,0.9045,0.8773,0.9,0.9091,0.8773,0.8968
91,0.8909,0.9,0.8955,0.9091,0.8955,0.9,0.8955,0.9045,0.8773,0.9,0.9091,0.8773,0.8968
92,0.8909,0.9,0.8955,0.9091,0.8955,0.9,0.8955,0.9045,0.8773,0.9,0.9091,0.8773,0.8968
93,0.8909,0.9,0.8955,0.9091,0.8955,0.9,0.8955,0.9045,0.8773,0.9,0.9091,0.8773,0.8968
94,0.8909,0.9,0.8955,0.9091,0.8955,0.9,0.8955,0.9045,0.8773,0.9,0.9091,0.8773,0.8968
95,0.8909,0.9,0.8955,0.9091,0.8955,0.9,0.8955,0.9045,0.8773,0.9,0.9091,0.8773,0.8968
96,0.8909,0.9,0.8955,0.9091,0.8955,0.9,0.8955,0.9045,0.8773,0.9,0.9091,0.8773,0.8968
97,0.8909,0.9,0.8955,0.9091,0.8955,0.9,0.8955,0.9045,0.8773,0.9,0.9091,0.8773,0.8968
98,0.8909,0.9,0.8955,0.9091,0.8955,0.9,0.8955,0.9045,0.8864,0.9,0.9091,0.8864,0.8977
99,0.8909,0.9,0.8955,0.9091,0.8955,0.9,0.8955,0.9045,0.8909,0.9,0.9091,0.8909,0.8982
100,0.8909,0.9,0.8955,0.9091,0.8955,0.9,0.8955,0.9045,0.8909,0.9,0.9091,0.8909,0.8982
101,0.8909,0.9,0.8955,0.9091,0.8955,0.9,0.8955,0.9045,0.8909,0.9,0.9091,0.8909,0.8982
102,0.8909,0.9,0.8955,0.9091,0.8955,0.9,0.8955,0.9045,0.8909,0.9,0.9091,0.8909,0.8982
103,0.8909,0.9,0.8955,0.9091,0.8955,0.9,0.8955,0.9045,0.8909,0.9,0.9091,0.8909,0.8982
104,0.8909,0.9,0.8955,0.9091,0.8955,0.9,0.8955,0.9045,0.8909,0.9,0.9091,0.8909,0.8982
105,0.8909,0.9,0.8955,0.9091,0.8955,0.9,0.8955,0.9045,0.8909,0.9,0.9091,0.8909,0.8982
106,0.8909,0.9,0.8955,0.9091,0.8955,0.9,0.8955,0.9045,0.8909,0.9,0.9091,0.8909,0.8982
107,0.8909,0.9,0.8955,0.9091,0.8955,0.9,0.8955,0.9045,0.8909,0.9,0.9091,0.8909,0.8982
108,0.8909,0.9,0.8955,0.9091,0.8955,0.9,0.8955,0.9045,0.8909,0.9,0.9091,0.8909,0.8982
109,0.8909,0.9,0.8955,0.9091,0.8955,0.9045,0.8955,0.9045,0.8909,0.9,0.9091,0.8909,0.8986
110,0.8909,0.9,0.8955,0.9091,0.8955,0.9045,0.8955,0.9045,0.8909,0.9,0.9091,0.8909,0.8986
111,0.8909,0.9,0.8955,0.9091,0.8955,0.9045,0.8955,0.9045,0.8909,0.9,0.9091,0.8909,0.8986
112,0.8909,0.9,0.8955,0.9091,0.8955,0.9045,0.8955,0.9045,0.8909,0.9,0.9091,0.8909,0.8986
113,0.8909,0.9,0.8955,0.9091,0.8955,0.9045,0.8955,0.9045,0.8909,0.9,0.9091,0.8909,0.8986
114,0.8909,0.9,0.8955,0.9091,0.8955,0.9045,0.8955,0.9136,0.8909,0.9,0.9136,0.8909,0.8995
115,0.8955,0.9,0.8955,0.9091,0.8955,0.9045,0.8955,0.9136,0.8909,0.9,0.9136,0.8909,0.9
116,0.8955,0.9,0.8955,0.9091,0.8955,0.9045,0.8955,0.9136,0.8909,0.9,0.9136,0.8909,0.9
117,0.8955,0.9,0.8955,0.9091,0.8955,0.9045,0.8955,0.9136,0.8909,0.9,0.9136,0.8909,0.9
118,0.8955,0.9,0.8955,0.9091,0.8955,0.9045,0.8955,0.9136,0.8909,0.9,0.9136,0.8909,0.9
119,0.8955,0.9,0.8955,0.9091,0.8955,0.9045,0.8955,0.9136,0.8909,0.9,0.9136,0.8909,0.9
120,0.8955,0.9,0.8955,0.9091,0.8955,0.9045,0.8955,0.9136,0.8909,0.9,0.9136,0.8909,0.9
121,0.8955,0.9,0.8955,0.9091,0.8955,0.9045,0.8955,0.9136,0.8909,0.9,0.9136,0.8909,0.9
122,0.8955,0.9,0.8955,0.9091,0.8955,0.9045,0.8955,0.9136,0.8909,0.9,0.9136,0.8909,0.9
123,0.8955,0.9,0.8955,0.9091,0.8955,0.9045,0.8955,0.9136,0.8909,0.9,0.9136,0.8909,0.9
124,0.8955,0.9,0.8955,0.9091,0.8955,0.9045,0.8955,0.9136,0.8909,0.9,0.9136,0.8909,0.9
125,0.8955,0.9,0.8955,0.9091,0.8955,0.9045,0.8955,0.9136,0.8909,0.9,0.9136,0.8909,0.9
126,0.8955,0.9,0.8955,0.9091,0.8955,0.9045,0.8955,0.9136,0.8909,0.9,0.9136,0.8909,0.9
127,0.8955,0.9136,0.8955,0.9091,0.8955,0.9045,0.8955,0.9136,0.8909,0.9,0.9136,0.8909,0.9014
128,0.8955,0.9136,0.8955,0.9091,0.8955,0.9045,0.8955,0.9136,0.8909,0.9,0.9136,0.8909,0.9014
129,0.8955,0.9136,0.8955,0.9091,0.8955,0.9045,0.8955,0.9136,0.8909,0.9,0.9136,0.8909,0.9014
130,0.8955,0.9136,0.8955,0.9091,0.8955,0.9045,0.8955,0.9136,0.8909,0.9,0.9136,0.8909,0.9014
131,0.8955,0.9136,0.8955,0.9091,0.8955,0.9045,0.8955,0.9136,0.8955,0.9,0.9136,0.8955,0.9018
132,0.8955,0.9136,0.8955,0.9091,0.8955,0.9045,0.8955,0.9136,0.8955,0.9,0.9136,0.8955,0.9018
133,0.8955,0.9136,0.8955,0.9091,0.8955,0.9045,0.8955,0.9136,0.8955,0.9,0.9136,0.8955,0.9018
134,0.8955,0.9136,0.8955,0.9091,0.8955,0.9045,0.8955,0.9136,0.8955,0.9,0.9136,0.8955,0.9018
135,0.8955,0.9136,0.8955,0.9091,0.8955,0.9045,0.8955,0.9136,0.8955,0.9,0.9136,0.8955,0.9018
136,0.8955,0.9136,0.8955,0.9091,0.8955,0.9045,0.8955,0.9136,0.8955,0.9,0.9136,0.8955,0.9018
137,0.8955,0.9136,0.8955,0.9091,0.8955,0.9045,0.8955,0.9136,0.8955,0.9,0.9136,0.8955,0.9018
138,0.8955,0.9136,0.8955,0.9091,0.8955,0.9045,0.8955,0.9227,0.8955,0.9,0.9227,0.8955,0.9027
139,0.8955,0.9136,0.8955,0.9091,0.8955,0.9045,0.8955,0.9227,0.8955,0.9,0.9227,0.8955,0.9027
140,0.8955,0.9136,0.8955,0.9091,0.8955,0.9045,0.8955,0.9227,0.8955,0.9,0.9227,0.8955,0.9027
141,0.8955,0.9136,0.8955,0.9091,0.8955,0.9045,0.8955,0.9227,0.8955,0.9,0.9227,0.8955,0.9027
142,0.8955,0.9136,0.8955,0.9091,0.8955,0.9045,0.8955,0.9227,0.8955,0.9,0.9227,0.8955,0.9027
143,0.8955,0.9136,0.8955,0.9091,0.8955,0.9045,0.8955,0.9227,0.8955,0.9,0.9227,0.8955,0.9027
144,0.8955,0.9136,0.8955,0.9091,0.8955,0.9045,0.8955,0.9227,0.8955,0.9,0.9227,0.8955,0.9027
145,0.8955,0.9136,0.8955,0.9091,0.8955,0.9045,0.8955,0.9227,0.8955,0.9,0.9227,0.8955,0.9027
146,0.8955,0.9136,0.8955,0.9091,0.8955,0.9045,0.8955,0.9227,0.8955,0.9,0.9227,0.8955,0.9027
147,0.8955,0.9136,0.8955,0.9091,0.8955,0.9045,0.8955,0.9227,0.8955,0.9,0.9227,0.8955,0.9027
148,0.8955,0.9136,0.8955,0.9091,0.8955,0.9045,0.8955,0.9227,0.8955,0.9,0.9227,0.8955,0.9027
149,0.8955,0.9136,0.8955,0.9091,0.8955,0.9045,0.8955,0.9227,0.8955,0.9,0.9227,0.8955,0.9027
150,0.8955,0.9136,0.8955,0.9091,0.8955,0.9045,0.8955,0.9227,0.8955,0.9,0.9227,0.8955,0.9027
151,0.8955,0.9136,0.8955,0.9091,0.8955,0.9045,0.8955,0.9227,0.8955,0.9,0.9227,0.8955,0.9027
152,0.8955,0.9136,0.8955,0.9091,0.8955,0.9045,0.8955,0.9227,0.8955,0.9,0.9227,0.8955,0.9027
153,0.8955,0.9136,0.8955,0.9091,0.8955,0.9045,0.8955,0.9227,0.8955,0.9,0.9227,0.8955,0.9027
154,0.8955,0.9136,0.8955,0.9091,0.8955,0.9045,0.8955,0.9227,0.8955,0.9,0.9227,0.8955,0.9027
155,0.8955,0.9136,0.8955,0.9091,0.8955,0.9045,0.8955,0.9227,0.8955,0.9,0.9227,0.8955,0.9027
156,0.8955,0.9136,0.8955,0.9091,0.8955,0.9045,0.8955,0.9227,0.8955,0.9,0.9227,0.8955,0.9027
157,0.8955,0.9136,0.8955,0.9091,0.8955,0.9045,0.8955,0.9227,0.8955,0.9,0.9227,0.8955,0.9027
158,0.8955,0.9136,0.8955,0.9091,0.8955,0.9045,0.8955,0.9227,0.8955,0.9,0.9227,0.8955,0.9027
159,0.8955,0.9136,0.8955,0.9091,0.8955,0.9045,0.8955,0.9227,0.8955,0.9,0.9227,0.8955,0.9027
160,0.8955,0.9136,0.8955,0.9091,0.8955,0.9045,0.8955,0.9227,0.8955,0.9,0.9227,0.8955,0.9027
161,0.8955,0.9136,0.8955,0.9091,0.8955,0.9045,0.8955,0.9227,0.8955,0.9,0.9227,0.8955,0.9027
162,0.8955,0.9136,0.8955,0.9091,0.8955,0.9045,0.8955,0.9227,0.8955,0.9,0.9227,0.8955,0.9027
163,0.8955,0.9136,0.8955,0.9091,0.8955,0.9045,0.8955,0.9227,0.8955,0.9,0.9227,0.8955,0.9027
164,0.8955,0.9136,0.8955,0.9091,0.8955,0.9045,0.8955,0.9227,0.8955,0.9,0.9227,0.8955,0.9027
165,0.8955,0.9136,0.8955,0.9091,0.8955,0.9045,0.8955,0.9227,0.8955,0.9,0.9227,0.8955,0.9027
166,0.8955,0.9136,0.8955,0.9091,0.8955,0.9045,0.8955,0.9227,0.8955,0.9,0.9227,0.8955,0.9027
167,0.8955,0.9136,0.8955,0.9091,0.8955,0.9045,0.8955,0.9227,0.8955,0.9,0.9227,0.8955,0.9027
168,0.8955,0.9136,0.8955,0.9091,0.8955,0.9045,0.8955,0.9227,0.8955,0.9,0.9227,0.8955,0.9027
169,0.8955,0.9136,0.8955,0.9091,0.8955,0.9045,0.8955,0.9227,0.8955,0.9,0.9227,0.8955,0.9027
170,0.8955,0.9136,0.8955,0.9091,0.8955,0.9045,0.8955,0.9227,0.8955,0.9,0.9227,0.8955,0.9027
171,0.8955,0.9136,0.8955,0.9091,0.8955,0.9045,0.8955,0.9227,0.8955,0.9,0.9227,0.8955,0.9027
172,0.8955,0.9136,0.8955,0.9091,0.8955,0.9045,0.8955,0.9227,0.8955,0.9,0.9227,0.8955,0.9027
173,0.8955,0.9136,0.8955,0.9091,0.8955,0.9045,0.8955,0.9227,0.8955,0.9,0.9227,0.8955,0.9027
174,0.8955,0.9136,0.8955,0.9091,0.8955,0.9045,0.8955,0.9227,0.9,0.9,0.9227,0.8955,0.9032
175,0.8955,0.9136,0.8955,0.9091,0.8955,0.9045,0.8955,0.9227,0.9,0.9,0.9227,0.8955,0.9032
176,0.8955,0.9136,0.8955,0.9091,0.8955,0.9045,0.8955,0.9227,0.9,0.9,0.9227,0.8955,0.9032
177,0.8955,0.9136,0.8955,0.9091,0.8955,0.9045,0.8955,0.9227,0.9,0.9,0.9227,0.8955,0.9032
178,0.8955,0.9136,0.8955,0.9091,0.8955,0.9045,0.8955,0.9227,0.9,0.9,0.9227,0.8955,0.9032
179,0.8955,0.9136,0.8955,0.9091,0.8955,0.9045,0.8955,0.9227,0.9,0.9,0.9227,0.8955,0.9032
180,0.8955,0.9136,0.8955,0.9091,0.8955,0.9045,0.8955,0.9227,0.9,0.9,0.9227,0.8955,0.9032
181,0.8955,0.9136,0.8955,0.9091,0.8955,0.9045,0.8955,0.9227,0.9,0.9,0.9227,0.8955,0.9032
182,0.8955,0.9136,0.8955,0.9091,0.8955,0.9045,0.8955,0.9227,0.9,0.9,0.9227,0.8955,0.9032
183,0.8955,0.9136,0.8955,0.9091,0.8955,0.9045,0.8955,0.9227,0.9,0.9,0.9227,0.8955,0.9032
184,0.8955,0.9136,0.8955,0.9091,0.8955,0.9045,0.8955,0.9227,0.9,0.9,0.9227,0.8955,0.9032
185,0.8955,0.9136,0.8955,0.9091,0.8955,0.9045,0.8955,0.9227,0.9,0.9,0.9227,0.8955,0.9032
186,0.8955,0.9136,0.8955,0.9091,0.8955,0.9045,0.8955,0.9227,0.9,0.9,0.9227,0.8955,0.9032
187,0.8955,0.9136,0.8955,0.9091,0.8955,0.9045,0.8955,0.9227,0.9,0.9,0.9227,0.8955,0.9032
188,0.8955,0.9136,0.8955,0.9091,0.8955,0.9045,0.8955,0.9227,0.9,0.9,0.9227,0.8955,0.9032
189,0.8955,0.9136,0.8955,0.9091,0.8955,0.9045,0.8955,0.9227,0.9,0.9,0.9227,0.8955,0.9032
190,0.8955,0.9136,0.8955,0.9091,0.8955,0.9045,0.8955,0.9227,0.9,0.9,0.9227,0.8955,0.9032
191,0.8955,0.9136,0.8955,0.9091,0.8955,0.9045,0.8955,0.9227,0.9,0.9,0.9227,0.8955,0.9032
192,0.8955,0.9136,0.8955,0.9091,0.8955,0.9045,0.8955,0.9227,0.9,0.9,0.9227,0.8955,0.9032
193,0.8955,0.9136,0.8955,0.9091,0.8955,0.9045,0.8955,0.9227,0.9,0.9,0.9227,0.8955,0.9032
194,0.8955,0.9136,0.8955,0.9091,0.8955,0.9045,0.8955,0.9227,0.9,0.9,0.9227,0.8955,0.9032
195,0.8955,0.9136,0.8955,0.9091,0.8955,0.9045,0.8955,0.9227,0.9,0.9,0.9227,0.8955,0.9032
196,0.8955,0.9136,0.8955,0.9091,0.8955,0.9045,0.8955,0.9227,0.9,0.9,0.9227,0.8955,0.9032
197,0.8955,0.9136,0.8955,0.9091,0.8955,0.9045,0.8955,0.9227,0.9,0.9,0.9227,0.8955,0.9032
198,0.8955,0.9136,0.8955,0.9091,0.8955,0.9045,0.8955,0.9227,0.9,0.9,0.9227,0.8955,0.9032
199,0.8955,0.9136,0.8955,0.9091,0.8955,0.9045,0.8955,0.9227,0.9,0.9,0.9227,0.8955,0.9032
200,0.8955,0.9136,0.8955,0.9091,0.8955,0.9045,0.8955,0.9227,0.9,0.9,0.9227,0.8955,0.9032
201,0.8955,0.9136,0.8955,0.9091,0.8955,0.9045,0.8955,0.9227,0.9,0.9,0.9227,0.8955,0.9032
202,0.8955,0.9136,0.8955,0.9091,0.8955,0.9045,0.8955,0.9227,0.9,0.9,0.9227,0.8955,0.9032
203,0.8955,0.9136,0.8955,0.9091,0.8955,0.9045,0.8955,0.9227,0.9,0.9,0.9227,0.8955,0.9032
204,0.8955,0.9136,0.8955,0.9091,0.8955,0.9045,0.8955,0.9227,0.9,0.9,0.9227,0.8955,0.9032
205,0.8955,0.9136,0.8955,0.9091,0.9045,0.9045,0.8955,0.9227,0.9,0.9,0.9227,0.8955,0.9041
206,0.8955,0.9136,0.8955,0.9091,0.9045,0.9045,0.8955,0.9227,0.9,0.9,0.9227,0.8955,0.9041
207,0.8955,0.9136,0.8955,0.9091,0.9045,0.9045,0.8955,0.9227,0.9,0.9,0.9227,0.8955,0.9041
208,0.8955,0.9136,0.8955,0.9091,0.9045,0.9045,0.8955,0.9227,0.9,0.9,0.9227,0.8955,0.9041
209,0.8955,0.9136,0.8955,0.9091,0.9045,0.9045,0.8955,0.9318,0.9,0.9,0.9318,0.8955,0.905
210,0.9045,0.9136,0.8955,0.9091,0.9045,0.9045,0.8955,0.9318,0.9,0.9,0.9318,0.8955,0.9059
211,0.9045,0.9136,0.8955,0.9091,0.9045,0.9045,0.8955,0.9318,0.9,0.9,0.9318,0.8955,0.9059
212,0.9045,0.9136,0.8955,0.9091,0.9045,0.9045,0.8955,0.9318,0.9,0.9,0.9318,0.8955,0.9059
213,0.9045,0.9136,0.8955,0.9091,0.9045,0.9045,0.8955,0.9318,0.9,0.9,0.9318,0.8955,0.9059
214,0.9045,0.9136,0.8955,0.9091,0.9045,0.9045,0.8955,0.9318,0.9,0.9,0.9318,0.8955,0.9059
215,0.9045,0.9136,0.8955,0.9091,0.9045,0.9045,0.8955,0.9318,0.9,0.9,0.9318,0.8955,0.9059
216,0.9045,0.9136,0.8955,0.9091,0.9045,0.9045,0.8955,0.9318,0.9,0.9,0.9318,0.8955,0.9059
217,0.9045,0.9136,0.8955,0.9091,0.9045,0.9045,0.8955,0.9318,0.9,0.9,0.9318,0.8955,0.9059
218,0.9045,0.9136,0.8955,0.9091,0.9045,0.9045,0.8955,0.9318,0.9,0.9,0.9318,0.8955,0.9059
219,0.9045,0.9136,0.8955,0.9091,0.9045,0.9045,0.8955,0.9318,0.9,0.9,0.9318,0.8955,0.9059
220,0.9045,0.9136,0.8955,0.9091,0.9045,0.9045,0.8955,0.9318,0.9,0.9,0.9318,0.8955,0.9059
221,0.9045,0.9136,0.8955,0.9091,0.9045,0.9045,0.8955,0.9318,0.9,0.9,0.9318,0.8955,0.9059
222,0.9045,0.9136,0.8955,0.9091,0.9045,0.9045,0.8955,0.9318,0.9,0.9,0.9318,0.8955,0.9059
223,0.9045,0.9136,0.8955,0.9091,0.9045,0.9045,0.8955,0.9318,0.9,0.9,0.9318,0.8955,0.9059
224,0.9045,0.9136,0.8955,0.9091,0.9045,0.9045,0.8955,0.9318,0.9,0.9,0.9318,0.8955,0.9059
225,0.9045,0.9136,0.8955,0.9091,0.9045,0.9045,0.8955,0.9318,0.9,0.9,0.9318,0.8955,0.9059
226,0.9045,0.9136,0.8955,0.9091,0.9045,0.9045,0.8955,0.9318,0.9,0.9,0.9318,0.8955,0.9059
227,0.9045,0.9136,0.8955,0.9091,0.9045,0.9045,0.8955,0.9318,0.9,0.9,0.9318,0.8955,0.9059
228,0.9045,0.9136,0.8955,0.9091,0.9045,0.9045,0.8955,0.9318,0.9,0.9,0.9318,0.8955,0.9059
229,0.9045,0.9136,0.8955,0.9091,0.9045,0.9045,0.8955,0.9318,0.9,0.9,0.9318,0.8955,0.9059
230,0.9045,0.9136,0.8955,0.9091,0.9045,0.9045,0.8955,0.9318,0.9,0.9,0.9318,0.8955,0.9059
231,0.9045,0.9136,0.8955,0.9091,0.9045,0.9045,0.8955,0.9318,0.9,0.9,0.9318,0.8955,0.9059
232,0.9045,0.9136,0.8955,0.9091,0.9045,0.9045,0.8955,0.9318,0.9,0.9,0.9318,0.8955,0.9059
233,0.9045,0.9136,0.8955,0.9091,0.9045,0.9045,0.8955,0.9318,0.9,0.9,0.9318,0.8955,0.9059
234,0.9045,0.9136,0.8955,0.9091,0.9045,0.9045,0.8955,0.9318,0.9,0.9,0.9318,0.8955,0.9059
235,0.9045,0.9136,0.8955,0.9091,0.9045,0.9045,0.8955,0.9318,0.9,0.9,0.9318,0.8955,0.9059
236,0.9045,0.9136,0.8955,0.9091,0.9045,0.9045,0.8955,0.9318,0.9,0.9,0.9318,0.8955,0.9059
237,0.9045,0.9136,0.8955,0.9091,0.9045,0.9045,0.8955,0.9318,0.9,0.9,0.9318,0.8955,0.9059
238,0.9045,0.9136,0.8955,0.9091,0.9045,0.9045,0.8955,0.9318,0.9,0.9,0.9318,0.8955,0.9059
239,0.9045,0.9136,0.8955,0.9091,0.9045,0.9045,0.8955,0.9318,0.9,0.9,0.9318,0.8955,0.9059
240,0.9045,0.9136,0.8955,0.9091,0.9045,0.9045,0.8955,0.9318,0.9,0.9,0.9318,0.8955,0.9059
241,0.9045,0.9136,0.8955,0.9091,0.9045,0.9045,0.8955,0.9318,0.9,0.9,0.9318,0.8955,0.9059
242,0.9045,0.9136,0.8955,0.9091,0.9045,0.9045,0.8955,0.9318,0.9,0.9,0.9318,0.8955,0.9059
243,0.9045,0.9136,0.8955,0.9091,0.9045,0.9045,0.8955,0.9318,0.9,0.9,0.9318,0.8955,0.9059
244,0.9045,0.9136,0.8955,0.9091,0.9045,0.9045,0.8955,0.9318,0.9,0.9,0.9318,0.8955,0.9059
245,0.9045,0.9136,0.8955,0.9091,0.9045,0.9045,0.8955,0.9318,0.9,0.9,0.9318,0.8955,0.9059
246,0.9045,0.9136,0.8955,0.9091,0.9045,0.9045,0.8955,0.9318,0.9,0.9,0.9318,0.8955,0.9059
247,0.9045,0.9136,0.8955,0.9091,0.9045,0.9045,0.8955,0.9318,0.9,0.9,0.9318,0.8955,0.9059
248,0.9045,0.9136,0.8955,0.9091,0.9045,0.9045,0.8955,0.9318,0.9,0.9,0.9318,0.8955,0.9059
249,0.9045,0.9136,0.8955,0.9091,0.9045,0.9045,0.8955,0.9318,0.9,0.9,0.9318,0.8955,0.9059
250,0.9045,0.9136,0.8955,0.9091,0.9045,0.9045,0.8955,0.9318,0.9,0.9,0.9318,0.8955,0.9059
251,0.9045,0.9136,0.8955,0.9091,0.9045,0.9045,0.8955,0.9318,0.9,0.9,0.9318,0.8955,0.9059
252,0.9045,0.9136,0.8955,0.9091,0.9045,0.9045,0.8955,0.9318,0.9,0.9,0.9318,0.8955,0.9059
253,0.9045,0.9136,0.8955,0.9091,0.9045,0.9045,0.8955,0.9318,0.9,0.9,0.9318,0.8955,0.9059
254,0.9045,0.9136,0.8955,0.9091,0.9045,0.9045,0.8955,0.9318,0.9,0.9,0.9318,0.8955,0.9059
255,0.9045,0.9136,0.8955,0.9091,0.9045,0.9045,0.8955,0.9318,0.9,0.9,0.9318,0.8955,0.9059
256,0.9045,0.9136,0.8955,0.9091,0.9045,0.9045,0.8955,0.9318,0.9,0.9,0.9318,0.8955,0.9059
257,0.9045,0.9136,0.8955,0.9091,0.9045,0.9045,0.8955,0.9318,0.9,0.9,0.9318,0.8955,0.9059
258,0.9045,0.9136,0.8955,0.9091,0.9045,0.9045,0.8955,0.9318,0.9,0.9,0.9318,0.8955,0.9059
259,0.9045,0.9136,0.8955,0.9091,0.9045,0.9045,0.8955,0.9318,0.9,0.9,0.9318,0.8955,0.9059
260,0.9045,0.9136,0.8955,0.9091,0.9045,0.9045,0.8955,0.9318,0.9,0.9,0.9318,0.8955,0.9059
261,0.9045,0.9136,0.8955,0.9091,0.9045,0.9045,0.8955,0.9318,0.9,0.9,0.9318,0.8955,0.9059
262,0.9045,0.9136,0.8955,0.9091,0.9045,0.9045,0.8955,0.9318,0.9,0.9,0.9318,0.8955,0.9059
263,0.9045,0.9136,0.8955,0.9091,0.9045,0.9045,0.8955,0.9318,0.9,0.9,0.9318,0.8955,0.9059
264,0.9045,0.9136,0.8955,0.9091,0.9045,0.9045,0.8955,0.9318,0.9,0.9,0.9318,0.8955,0.9059
265,0.9045,0.9136,0.8955,0.9091,0.9045,0.9045,0.8955,0.9318,0.9,0.9,0.9318,0.8955,0.9059
266,0.9045,0.9136,0.8955,0.9091,0.9045,0.9045,0.8955,0.9318,0.9,0.9,0.9318,0.8955,0.9059
267,0.9045,0.9136,0.8955,0.9091,0.9045,0.9045,0.8955,0.9318,0.9,0.9,0.9318,0.8955,0.9059
268,0.9045,0.9136,0.8955,0.9091,0.9045,0.9045,0.8955,0.9318,0.9,0.9,0.9318,0.8955,0.9059
269,0.9045,0.9136,0.8955,0.9091,0.9045,0.9045,0.8955,0.9318,0.9,0.9,0.9318,0.8955,0.9059
270,0.9045,0.9136,0.8955,0.9091,0.9045,0.9045,0.8955,0.9318,0.9,0.9,0.9318,0.8955,0.9059
271,0.9045,0.9136,0.8955,0.9091,0.9045,0.9045,0.8955,0.9318,0.9,0.9,0.9318,0.8955,0.9059
272,0.9045,0.9136,0.8955,0.9091,0.9045,0.9045,0.8955,0.9318,0.9,0.9,0.9318,0.8955,0.9059
273,0.9045,0.9136,0.8955,0.9091,0.9045,0.9045,0.8955,0.9318,0.9,0.9,0.9318,0.8955,0.9059
274,0.9045,0.9136,0.8955,0.9091,0.9045,0.9045,0.8955,0.9318,0.9,0.9,0.9318,0.8955,0.9059
275,0.9045,0.9136,0.8955,0.9091,0.9045,0.9045,0.8955,0.9318,0.9,0.9,0.9318,0.8955,0.9059
276,0.9045,0.9136,0.8955,0.9091,0.9045,0.9045,0.8955,0.9318,0.9,0.9,0.9318,0.8955,0.9059
277,0.9045,0.9136,0.8955,0.9091,0.9045,0.9045,0.8955,0.9318,0.9,0.9,0.9318,0.8955,0.9059
278,0.9045,0.9136,0.8955,0.9091,0.9045,0.9045,0.8955,0.9318,0.9091,0.9,0.9318,0.8955,0.9068
279,0.9045,0.9136,0.8955,0.9091,0.9045,0.9045,0.8955,0.9318,0.9091,0.9,0.9318,0.8955,0.9068
280,0.9045,0.9136,0.8955,0.9091,0.9045,0.9045,0.8955,0.9318,0.9091,0.9,0.9318,0.8955,0.9068
281,0.9045,0.9136,0.8955,0.9091,0.9045,0.9045,0.8955,0.9318,0.9091,0.9,0.9318,0.8955,0.9068
282,0.9045,0.9136,0.8955,0.9091,0.9045,0.9045,0.8955,0.9318,0.9091,0.9,0.9318,0.8955,0.9068
283,0.9045,0.9136,0.8955,0.9091,0.9045,0.9045,0.8955,0.9318,0.9091,0.9,0.9318,0.8955,0.9068
284,0.9045,0.9136,0.8955,0.9091,0.9045,0.9045,0.8955,0.9318,0.9091,0.9,0.9318,0.8955,0.9068
285,0.9045,0.9136,0.8955,0.9091,0.9045,0.9045,0.8955,0.9318,0.9091,0.9,0.9318,0.8955,0.9068
286,0.9045,0.9136,0.8955,0.9091,0.9045,0.9045,0.8955,0.9318,0.9091,0.9,0.9318,0.8955,0.9068
287,0.9045,0.9136,0.8955,0.9091,0.9045,0.9045,0.8955,0.9318,0.9091,0.9,0.9318,0.8955,0.9068
288,0.9045,0.9136,0.8955,0.9091,0.9045,0.9045,0.8955,0.9318,0.9091,0.9,0.9318,0.8955,0.9068
289,0.9045,0.9136,0.8955,0.9091,0.9045,0.9045,0.8955,0.9318,0.9091,0.9,0.9318,0.8955,0.9068
290,0.9045,0.9136,0.8955,0.9091,0.9045,0.9045,0.8955,0.9318,0.9091,0.9,0.9318,0.8955,0.9068
291,0.9045,0.9136,0.8955,0.9091,0.9045,0.9045,0.8955,0.9318,0.9091,0.9,0.9318,0.8955,0.9068
292,0.9045,0.9136,0.8955,0.9091,0.9045,0.9045,0.8955,0.9318,0.9091,0.9,0.9318,0.8955,0.9068
293,0.9045,0.9136,0.8955,0.9091,0.9045,0.9045,0.8955,0.9318,0.9091,0.9,0.9318,0.8955,0.9068
294,0.9045,0.9136,0.8955,0.9091,0.9045,0.9045,0.8955,0.9318,0.9091,0.9,0.9318,0.8955,0.9068
295,0.9045,0.9136,0.8955,0.9091,0.9045,0.9045,0.8955,0.9318,0.9091,0.9,0.9318,0.8955,0.9068
296,0.9045,0.9136,0.8955,0.9091,0.9045,0.9045,0.8955,0.9318,0.9091,0.9,0.9318,0.8955,0.9068
297,0.9045,0.9136,0.8955,0.9091,0.9045,0.9045,0.8955,0.9318,0.9091,0.9,0.9318,0.8955,0.9068
298,0.9045,0.9136,0.8955,0.9091,0.9045,0.9045,0.8955,0.9318,0.9091,0.9,0.9318,0.8955,0.9068
299,0.9045,0.9136,0.8955,0.9091,0.9045,0.9045,0.8955,0.9318,0.9091,0.9,0.9318,0.8955,0.9068
300,0.9045,0.9136,0.8955,0.9091,0.9045,0.9045,0.8955,0.9318,0.9091,0.9,0.9318,0.8955,0.9068
301,0.9045,0.9136,0.8955,0.9091,0.9045,0.9045,0.8955,0.9318,0.9091,0.9,0.9318,0.8955,0.9068
302,0.9045,0.9136,0.8955,0.9091,0.9045,0.9045,0.8955,0.9318,0.9091,0.9,0.9318,0.8955,0.9068
303,0.9045,0.9136,0.8955,0.9091,0.9045,0.9045,0.8955,0.9318,0.9091,0.9,0.9318,0.8955,0.9068
304,0.9045,0.9136,0.8955,0.9091,0.9045,0.9045,0.8955,0.9318,0.9091,0.9,0.9318,0.8955,0.9068
305,0.9045,0.9136,0.8955,0.9091,0.9045,0.9045,0.8955,0.9318,0.9091,0.9,0.9318,0.8955,0.9068
306,0.9045,0.9136,0.8955,0.9091,0.9045,0.9045,0.8955,0.9318,0.9091,0.9,0.9318,0.8955,0.9068
307,0.9045,0.9136,0.8955,0.9091,0.9045,0.9045,0.8955,0.9318,0.9091,0.9,0.9318,0.8955,0.9068
308,0.9045,0.9136,0.8955,0.9091,0.9045,0.9045,0.8955,0.9318,0.9091,0.9,0.9318,0.8955,0.9068
309,0.9045,0.9136,0.8955,0.9091,0.9045,0.9045,0.8955,0.9318,0.9136,0.9,0.9318,0.8955,0.9073
310,0.9045,0.9136,0.8955,0.9091,0.9045,0.9045,0.8955,0.9318,0.9136,0.9,0.9318,0.8955,0.9073
311,0.9045,0.9136,0.8955,0.9091,0.9045,0.9045,0.8955,0.9318,0.9136,0.9,0.9318,0.8955,0.9073
312,0.9045,0.9136,0.8955,0.9091,0.9045,0.9045,0.8955,0.9318,0.9136,0.9,0.9318,0.8955,0.9073
313,0.9045,0.9136,0.8955,0.9091,0.9045,0.9045,0.8955,0.9318,0.9136,0.9,0.9318,0.8955,0.9073
314,0.9045,0.9136,0.8955,0.9091,0.9045,0.9045,0.8955,0.9318,0.9136,0.9,0.9318,0.8955,0.9073
315,0.9045,0.9136,0.8955,0.9091,0.9045,0.9045,0.8955,0.9318,0.9136,0.9,0.9318,0.8955,0.9073
316,0.9045,0.9136,0.8955,0.9091,0.9045,0.9045,0.8955,0.9318,0.9136,0.9,0.9318,0.8955,0.9073
317,0.9045,0.9136,0.8955,0.9091,0.9045,0.9045,0.8955,0.9318,0.9136,0.9,0.9318,0.8955,0.9073
318,0.9045,0.9136,0.8955,0.9091,0.9045,0.9045,0.8955,0.9318,0.9136,0.9,0.9318,0.8955,0.9073
319,0.9045,0.9136,0.8955,0.9091,0.9045,0.9045,0.8955,0.9318,0.9136,0.9,0.9318,0.8955,0.9073
320,0.9045,0.9136,0.8955,0.9091,0.9045,0.9045,0.8955,0.9318,0.9136,0.9,0.9318,0.8955,0.9073
321,0.9045,0.9136,0.8955,0.9091,0.9045,0.9045,0.8955,0.9318,0.9136,0.9,0.9318,0.8955,0.9073
322,0.9045,0.9136,0.8955,0.9091,0.9045,0.9045,0.8955,0.9318,0.9136,0.9,0.9318,0.8955,0.9073
323,0.9045,0.9136,0.8955,0.9091,0.9045,0.9045,0.8955,0.9318,0.9136,0.9,0.9318,0.8955,0.9073
324,0.9045,0.9136,0.8955,0.9091,0.9045,0.9045,0.8955,0.9318,0.9136,0.9,0.9318,0.8955,0.9073
325,0.9045,0.9136,0.8955,0.9091,0.9045,0.9045,0.8955,0.9318,0.9136,0.9,0.9318,0.8955,0.9073
326,0.9045,0.9136,0.8955,0.9091,0.9045,0.9045,0.8955,0.9318,0.9136,0.9,0.9318,0.8955,0.9073
327,0.9045,0.9136,0.8955,0.9091,0.9045,0.9045,0.8955,0.9318,0.9136,0.9,0.9318,0.8955,0.9073
328,0.9045,0.9136,0.8955,0.9091,0.9045,0.9045,0.8955,0.9318,0.9136,0.9,0.9318,0.8955,0.9073
329,0.9045,0.9136,0.8955,0.9091,0.9045,0.9045,0.8955,0.9318,0.9136,0.9,0.9318,0.8955,0.9073
330,0.9045,0.9136,0.8955,0.9091,0.9045,0.9045,0.8955,0.9318,0.9136,0.9,0.9318,0.8955,0.9073
331,0.9045,0.9136,0.8955,0.9136,0.9045,0.9045,0.8955,0.9318,0.9136,0.9,0.9318,0.8955,0.9077
332,0.9045,0.9136,0.8955,0.9136,0.9045,0.9045,0.8955,0.9318,0.9136,0.9,0.9318,0.8955,0.9077
333,0.9045,0.9136,0.8955,0.9136,0.9045,0.9045,0.8955,0.9318,0.9136,0.9,0.9318,0.8955,0.9077
334,0.9045,0.9136,0.8955,0.9136,0.9045,0.9045,0.8955,0.9318,0.9136,0.9,0.9318,0.8955,0.9077
335,0.9045,0.9136,0.8955,0.9136,0.9045,0.9045,0.8955,0.9318,0.9136,0.9,0.9318,0.8955,0.9077
336,0.9045,0.9136,0.8955,0.9136,0.9045,0.9045,0.8955,0.9318,0.9136,0.9,0.9318,0.8955,0.9077
337,0.9045,0.9136,0.8955,0.9136,0.9045,0.9045,0.8955,0.9318,0.9136,0.9,0.9318,0.8955,0.9077
338,0.9045,0.9136,0.8955,0.9136,0.9045,0.9045,0.8955,0.9318,0.9136,0.9,0.9318,0.8955,0.9077
339,0.9045,0.9136,0.8955,0.9136,0.9045,0.9045,0.8955,0.9318,0.9136,0.9,0.9318,0.8955,0.9077
340,0.9045,0.9136,0.8955,0.9136,0.9045,0.9045,0.8955,0.9318,0.9136,0.9,0.9318,0.8955,0.9077
341,0.9045,0.9136,0.8955,0.9136,0.9045,0.9045,0.8955,0.9318,0.9136,0.9,0.9318,0.8955,0.9077
342,0.9045,0.9136,0.8955,0.9136,0.9045,0.9045,0.8955,0.9318,0.9136,0.9,0.9318,0.8955,0.9077
343,0.9045,0.9136,0.8955,0.9136,0.9045,0.9045,0.8955,0.9318,0.9136,0.9,0.9318,0.8955,0.9077
344,0.9045,0.9136,0.8955,0.9136,0.9045,0.9045,0.8955,0.9318,0.9136,0.9,0.9318,0.8955,0.9077
345,0.9045,0.9136,0.8955,0.9136,0.9045,0.9045,0.8955,0.9318,0.9136,0.9,0.9318,0.8955,0.9077
346,0.9045,0.9136,0.8955,0.9136,0.9045,0.9045,0.8955,0.9318,0.9136,0.9,0.9318,0.8955,0.9077
347,0.9045,0.9136,0.8955,0.9136,0.9045,0.9045,0.8955,0.9318,0.9136,0.9,0.9318,0.8955,0.9077
348,0.9045,0.9136,0.8955,0.9136,0.9045,0.9045,0.8955,0.9318,0.9136,0.9,0.9318,0.8955,0.9077
349,0.9045,0.9136,0.8955,0.9136,0.9045,0.9045,0.8955,0.9318,0.9136,0.9,0.9318,0.8955,0.9077
350,0.9045,0.9136,0.8955,0.9136,0.9045,0.9045,0.8955,0.9318,0.9136,0.9,0.9318,0.8955,0.9077
351,0.9045,0.9136,0.8955,0.9136,0.9045,0.9045,0.8955,0.9318,0.9136,0.9,0.9318,0.8955,0.9077
352,0.9045,0.9136,0.8955,0.9136,0.9045,0.9045,0.8955,0.9318,0.9136,0.9,0.9318,0.8955,0.9077
353,0.9045,0.9136,0.8955,0.9136,0.9045,0.9045,0.8955,0.9318,0.9136,0.9,0.9318,0.8955,0.9077
354,0.9045,0.9136,0.8955,0.9136,0.9045,0.9045,0.8955,0.9318,0.9136,0.9,0.9318,0.8955,0.9077
355,0.9045,0.9136,0.8955,0.9136,0.9045,0.9045,0.8955,0.9318,0.9136,0.9,0.9318,0.8955,0.9077
356,0.9045,0.9136,0.8955,0.9136,0.9045,0.9045,0.8955,0.9318,0.9136,0.9,0.9318,0.8955,0.9077
357,0.9045,0.9136,0.8955,0.9136,0.9045,0.9045,0.8955,0.9318,0.9136,0.9,0.9318,0.8955,0.9077
358,0.9045,0.9136,0.8955,0.9136,0.9045,0.9045,0.8955,0.9318,0.9136,0.9,0.9318,0.8955,0.9077
359,0.9045,0.9136,0.8955,0.9136,0.9045,0.9045,0.8955,0.9318,0.9136,0.9,0.9318,0.8955,0.9077
360,0.9045,0.9136,0.8955,0.9136,0.9045,0.9045,0.8955,0.9318,0.9136,0.9,0.9318,0.8955,0.9077
361,0.9045,0.9136,0.8955,0.9136,0.9045,0.9045,0.8955,0.9318,0.9136,0.9,0.9318,0.8955,0.9077
362,0.9045,0.9136,0.8955,0.9136,0.9045,0.9045,0.8955,0.9318,0.9136,0.9,0.9318,0.8955,0.9077
363,0.9045,0.9136,0.8955,0.9136,0.9045,0.9045,0.8955,0.9318,0.9136,0.9,0.9318,0.8955,0.9077
364,0.9045,0.9136,0.8955,0.9136,0.9045,0.9045,0.8955,0.9318,0.9136,0.9,0.9318,0.8955,0.9077
365,0.9045,0.9136,0.8955,0.9136,0.9045,0.9045,0.8955,0.9318,0.9136,0.9,0.9318,0.8955,0.9077
366,0.9045,0.9136,0.8955,0.9136,0.9045,0.9045,0.8955,0.9318,0.9136,0.9,0.9318,0.8955,0.9077
367,0.9045,0.9136,0.8955,0.9136,0.9045,0.9045,0.8955,0.9318,0.9136,0.9,0.9318,0.8955,0.9077
368,0.9045,0.9136,0.8955,0.9136,0.9045,0.9045,0.8955,0.9318,0.9136,0.9,0.9318,0.8955,0.9077
369,0.9045,0.9136,0.8955,0.9136,0.9045,0.9045,0.8955,0.9318,0.9136,0.9,0.9318,0.8955,0.9077
370,0.9045,0.9136,0.8955,0.9136,0.9045,0.9045,0.8955,0.9318,0.9136,0.9,0.9318,0.8955,0.9077
371,0.9045,0.9136,0.8955,0.9136,0.9045,0.9045,0.8955,0.9318,0.9136,0.9,0.9318,0.8955,0.9077
372,0.9045,0.9136,0.8955,0.9136,0.9045,0.9045,0.8955,0.9318,0.9136,0.9,0.9318,0.8955,0.9077
373,0.9045,0.9136,0.8955,0.9136,0.9045,0.9045,0.8955,0.9318,0.9136,0.9,0.9318,0.8955,0.9077
374,0.9045,0.9136,0.8955,0.9136,0.9045,0.9045,0.8955,0.9318,0.9136,0.9,0.9318,0.8955,0.9077
375,0.9045,0.9136,0.8955,0.9136,0.9045,0.9045,0.8955,0.9318,0.9136,0.9,0.9318,0.8955,0.9077
376,0.9045,0.9136,0.8955,0.9136,0.9045,0.9182,0.8955,0.9318,0.9136,0.9,0.9318,0.8955,0.9091
377,0.9045,0.9136,0.8955,0.9136,0.9045,0.9182,0.8955,0.9318,0.9136,0.9,0.9318,0.8955,0.9091
378,0.9045,0.9136,0.8955,0.9136,0.9045,0.9182,0.8955,0.9318,0.9136,0.9,0.9318,0.8955,0.9091
379,0.9045,0.9136,0.8955,0.9136,0.9045,0.9182,0.8955,0.9318,0.9136,0.9,0.9318,0.8955,0.9091
380,0.9045,0.9136,0.8955,0.9136,0.9045,0.9182,0.8955,0.9318,0.9136,0.9,0.9318,0.8955,0.9091
381,0.9045,0.9136,0.8955,0.9136,0.9045,0.9182,0.8955,0.9318,0.9136,0.9,0.9318,0.8955,0.9091
382,0.9045,0.9136,0.8955,0.9136,0.9045,0.9182,0.8955,0.9318,0.9136,0.9,0.9318,0.8955,0.9091
383,0.9045,0.9136,0.8955,0.9136,0.9045,0.9182,0.8955,0.9318,0.9136,0.9,0.9318,0.8955,0.9091
384,0.9045,0.9136,0.8955,0.9136,0.9045,0.9182,0.8955,0.9318,0.9136,0.9,0.9318,0.8955,0.9091
385,0.9045,0.9136,0.8955,0.9136,0.9045,0.9182,0.8955,0.9318,0.9136,0.9,0.9318,0.8955,0.9091
386,0.9045,0.9136,0.8955,0.9136,0.9045,0.9182,0.8955,0.9318,0.9136,0.9,0.9318,0.8955,0.9091
387,0.9045,0.9136,0.8955,0.9136,0.9045,0.9182,0.8955,0.9318,0.9136,0.9,0.9318,0.8955,0.9091
388,0.9045,0.9136,0.8955,0.9136,0.9045,0.9182,0.8955,0.9318,0.9136,0.9,0.9318,0.8955,0.9091
389,0.9045,0.9136,0.8955,0.9136,0.9045,0.9182,0.8955,0.9318,0.9136,0.9,0.9318,0.8955,0.9091
390,0.9045,0.9136,0.8955,0.9136,0.9045,0.9182,0.8955,0.9318,0.9136,0.9,0.9318,0.8955,0.9091
391,0.9045,0.9136,0.8955,0.9136,0.9045,0.9182,0.8955,0.9318,0.9136,0.9,0.9318,0.8955,0.9091
392,0.9045,0.9136,0.8955,0.9136,0.9045,0.9182,0.8955,0.9318,0.9136,0.9,0.9318,0.8955,0.9091
393,0.9045,0.9136,0.8955,0.9136,0.9045,0.9182,0.8955,0.9318,0.9136,0.9,0.9318,0.8955,0.9091
394,0.9045,0.9136,0.8955,0.9136,0.9045,0.9182,0.8955,0.9318,0.9136,0.9,0.9318,0.8955,0.9091
395,0.9045,0.9136,0.8955,0.9136,0.9045,0.9182,0.8955,0.9318,0.9136,0.9,0.9318,0.8955,0.9091
396,0.9045,0.9136,0.8955,0.9136,0.9045,0.9182,0.8955,0.9318,0.9136,0.9,0.9318,0.8955,0.9091
397,0.9045,0.9136,0.8955,0.9136,0.9045,0.9182,0.8955,0.9318,0.9136,0.9,0.9318,0.8955,0.9091
398,0.9045,0.9136,0.8955,0.9136,0.9045,0.9182,0.8955,0.9318,0.9136,0.9,0.9318,0.8955,0.9091
399,0.9045,0.9136,0.8955,0.9136,0.9045,0.9182,0.8955,0.9318,0.9136,0.9,0.9318,0.8955,0.9091
400,0.9045,0.9136,0.8955,0.9136,0.9045,0.9182,0.8955,0.9318,0.9136,0.9,0.9318,0.8955,0.9091
401,0.9045,0.9136,0.8955,0.9136,0.9045,0.9182,0.8955,0.9318,0.9136,0.9,0.9318,0.8955,0.9091
402,0.9045,0.9136,0.8955,0.9136,0.9045,0.9182,0.8955,0.9318,0.9136,0.9,0.9318,0.8955,0.9091
403,0.9045,0.9136,0.8955,0.9136,0.9045,0.9182,0.8955,0.9318,0.9136,0.9,0.9318,0.8955,0.9091
404,0.9045,0.9136,0.8955,0.9136,0.9045,0.9182,0.8955,0.9318,0.9136,0.9,0.9318,0.8955,0.9091
405,0.9045,0.9136,0.8955,0.9136,0.9045,0.9182,0.8955,0.9318,0.9136,0.9,0.9318,0.8955,0.9091
406,0.9045,0.9227,0.8955,0.9136,0.9045,0.9182,0.8955,0.9318,0.9136,0.9,0.9318,0.8955,0.91
407,0.9045,0.9227,0.8955,0.9136,0.9045,0.9182,0.8955,0.9318,0.9136,0.9,0.9318,0.8955,0.91
408,0.9045,0.9227,0.8955,0.9136,0.9045,0.9182,0.8955,0.9318,0.9136,0.9,0.9318,0.8955,0.91
409,0.9045,0.9227,0.8955,0.9136,0.9045,0.9182,0.8955,0.9318,0.9136,0.9,0.9318,0.8955,0.91
410,0.9045,0.9227,0.8955,0.9136,0.9045,0.9182,0.8955,0.9318,0.9136,0.9,0.9318,0.8955,0.91
411,0.9045,0.9227,0.8955,0.9136,0.9045,0.9182,0.8955,0.9318,0.9136,0.9,0.9318,0.8955,0.91
412,0.9045,0.9227,0.8955,0.9136,0.9045,0.9182,0.8955,0.9318,0.9136,0.9,0.9318,0.8955,0.91
413,0.9045,0.9227,0.8955,0.9136,0.9045,0.9182,0.8955,0.9318,0.9136,0.9,0.9318,0.8955,0.91
414,0.9045,0.9227,0.8955,0.9136,0.9045,0.9182,0.8955,0.9318,0.9136,0.9,0.9318,0.8955,0.91
415,0.9045,0.9227,0.8955,0.9136,0.9045,0.9182,0.8955,0.9318,0.9136,0.9,0.9318,0.8955,0.91
416,0.9045,0.9227,0.8955,0.9136,0.9045,0.9182,0.8955,0.9318,0.9136,0.9,0.9318,0.8955,0.91
417,0.9045,0.9227,0.8955,0.9136,0.9045,0.9182,0.8955,0.9318,0.9136,0.9,0.9318,0.8955,0.91
418,0.9045,0.9227,0.8955,0.9136,0.9045,0.9182,0.8955,0.9318,0.9136,0.9,0.9318,0.8955,0.91
419,0.9045,0.9227,0.8955,0.9136,0.9045,0.9182,0.8955,0.9318,0.9136,0.9,0.9318,0.8955,0.91
420,0.9045,0.9227,0.8955,0.9136,0.9045,0.9182,0.8955,0.9318,0.9136,0.9,0.9318,0.8955,0.91
421,0.9045,0.9227,0.8955,0.9136,0.9045,0.9182,0.8955,0.9318,0.9136,0.9,0.9318,0.8955,0.91
422,0.9045,0.9227,0.8955,0.9136,0.9045,0.9182,0.8955,0.9318,0.9136,0.9,0.9318,0.8955,0.91
423,0.9045,0.9227,0.8955,0.9136,0.9045,0.9182,0.8955,0.9318,0.9136,0.9,0.9318,0.8955,0.91
424,0.9045,0.9227,0.8955,0.9136,0.9045,0.9182,0.8955,0.9318,0.9136,0.9,0.9318,0.8955,0.91
425,0.9045,0.9227,0.8955,0.9136,0.9045,0.9182,0.8955,0.9318,0.9136,0.9,0.9318,0.8955,0.91
426,0.9045,0.9227,0.8955,0.9136,0.9045,0.9182,0.8955,0.9318,0.9136,0.9,0.9318,0.8955,0.91
427,0.9045,0.9227,0.8955,0.9136,0.9045,0.9182,0.8955,0.9318,0.9136,0.9,0.9318,0.8955,0.91
428,0.9045,0.9227,0.8955,0.9136,0.9045,0.9182,0.8955,0.9318,0.9136,0.9,0.9318,0.8955,0.91
429,0.9045,0.9227,0.8955,0.9136,0.9045,0.9182,0.8955,0.9318,0.9136,0.9,0.9318,0.8955,0.91
430,0.9045,0.9227,0.8955,0.9136,0.9045,0.9182,0.8955,0.9318,0.9136,0.9,0.9318,0.8955,0.91
431,0.9045,0.9227,0.8955,0.9136,0.9045,0.9182,0.8955,0.9318,0.9136,0.9,0.9318,0.8955,0.91
432,0.9045,0.9227,0.8955,0.9136,0.9045,0.9182,0.8955,0.9318,0.9136,0.9,0.9318,0.8955,0.91
433,0.9045,0.9227,0.8955,0.9136,0.9045,0.9182,0.8955,0.9318,0.9136,0.9,0.9318,0.8955,0.91
434,0.9045,0.9227,0.8955,0.9136,0.9045,0.9182,0.8955,0.9318,0.9136,0.9,0.9318,0.8955,0.91
435,0.9045,0.9227,0.8955,0.9136,0.9045,0.9182,0.8955,0.9318,0.9136,0.9,0.9318,0.8955,0.91
436,0.9045,0.9227,0.8955,0.9136,0.9045,0.9182,0.8955,0.9318,0.9136,0.9,0.9318,0.8955,0.91
437,0.9045,0.9227,0.8955,0.9136,0.9045,0.9182,0.8955,0.9318,0.9136,0.9,0.9318,0.8955,0.91
438,0.9045,0.9227,0.8955,0.9136,0.9045,0.9182,0.8955,0.9318,0.9136,0.9,0.9318,0.8955,0.91
439,0.9045,0.9227,0.8955,0.9136,0.9045,0.9182,0.8955,0.9318,0.9136,0.9,0.9318,0.8955,0.91
440,0.9045,0.9227,0.8955,0.9136,0.9045,0.9182,0.8955,0.9318,0.9136,0.9,0.9318,0.8955,0.91
441,0.9045,0.9227,0.8955,0.9136,0.9045,0.9182,0.8955,0.9318,0.9136,0.9,0.9318,0.8955,0.91
442,0.9045,0.9227,0.8955,0.9136,0.9045,0.9182,0.8955,0.9318,0.9136,0.9,0.9318,0.8955,0.91
443,0.9045,0.9227,0.8955,0.9136,0.9045,0.9182,0.8955,0.9318,0.9136,0.9,0.9318,0.8955,0.91
444,0.9045,0.9227,0.8955,0.9136,0.9045,0.9182,0.8955,0.9318,0.9136,0.9,0.9318,0.8955,0.91
445,0.9045,0.9227,0.8955,0.9136,0.9045,0.9182,0.8955,0.9318,0.9136,0.9,0.9318,0.8955,0.91
446,0.9045,0.9227,0.8955,0.9136,0.9045,0.9182,0.8955,0.9318,0.9136,0.9,0.9318,0.8955,0.91
447,0.9045,0.9227,0.8955,0.9136,0.9045,0.9182,0.8955,0.9318,0.9136,0.9,0.9318,0.8955,0.91
448,0.9045,0.9227,0.8955,0.9136,0.9045,0.9182,0.8955,0.9318,0.9136,0.9,0.9318,0.8955,0.91
449,0.9045,0.9227,0.8955,0.9136,0.9045,0.9182,0.8955,0.9318,0.9136,0.9,0.9318,0.8955,0.91
450,0.9045,0.9227,0.8955,0.9136,0.9045,0.9182,0.8955,0.9318,0.9136,0.9,0.9318,0.8955,0.91
451,0.9045,0.9227,0.8955,0.9136,0.9045,0.9182,0.8955,0.9318,0.9136,0.9,0.9318,0.8955,0.91
452,0.9045,0.9227,0.8955,0.9136,0.9045,0.9182,0.8955,0.9318,0.9136,0.9,0.9318,0.8955,0.91
453,0.9045,0.9227,0.8955,0.9136,0.9045,0.9182,0.8955,0.9318,0.9136,0.9,0.9318,0.8955,0.91
454,0.9045,0.9227,0.8955,0.9136,0.9045,0.9182,0.8955,0.9318,0.9136,0.9,0.9318,0.8955,0.91
455,0.9045,0.9227,0.8955,0.9136,0.9045,0.9182,0.8955,0.9318,0.9136,0.9,0.9318,0.8955,0.91
456,0.9045,0.9227,0.8955,0.9136,0.9045,0.9182,0.8955,0.9318,0.9136,0.9,0.9318,0.8955,0.91
457,0.9045,0.9227,0.8955,0.9136,0.9045,0.9182,0.8955,0.9318,0.9136,0.9,0.9318,0.8955,0.91
458,0.9045,0.9227,0.8955,0.9136,0.9045,0.9182,0.8955,0.9318,0.9136,0.9,0.9318,0.8955,0.91
459,0.9045,0.9227,0.8955,0.9136,0.9045,0.9182,0.8955,0.9318,0.9136,0.9,0.9318,0.8955,0.91
460,0.9045,0.9227,0.8955,0.9136,0.9045,0.9182,0.8955,0.9318,0.9136,0.9,0.9318,0.8955,0.91
461,0.9045,0.9227,0.8955,0.9136,0.9045,0.9182,0.8955,0.9318,0.9136,0.9,0.9318,0.8955,0.91
462,0.9045,0.9227,0.8955,0.9136,0.9045,0.9182,0.8955,0.9318,0.9136,0.9,0.9318,0.8955,0.91
463,0.9045,0.9227,0.8955,0.9136,0.9045,0.9182,0.8955,0.9318,0.9136,0.9,0.9318,0.8955,0.91
464,0.9045,0.9227,0.8955,0.9136,0.9045,0.9182,0.8955,0.9318,0.9136,0.9,0.9318,0.8955,0.91
465,0.9045,0.9227,0.8955,0.9136,0.9045,0.9182,0.8955,0.9318,0.9136,0.9,0.9318,0.8955,0.91
466,0.9045,0.9227,0.8955,0.9136,0.9045,0.9182,0.8955,0.9318,0.9136,0.9,0.9318,0.8955,0.91
467,0.9045,0.9227,0.8955,0.9136,0.9045,0.9182,0.8955,0.9318,0.9136,0.9,0.9318,0.8955,0.91
468,0.9045,0.9227,0.8955,0.9136,0.9045,0.9182,0.8955,0.9318,0.9136,0.9,0.9318,0.8955,0.91
469,0.9045,0.9227,0.8955,0.9136,0.9045,0.9182,0.8955,0.9318,0.9136,0.9,0.9318,0.8955,0.91
470,0.9045,0.9227,0.8955,0.9136,0.9045,0.9182,0.8955,0.9318,0.9136,0.9,0.9318,0.8955,0.91
471,0.9045,0.9227,0.8955,0.9136,0.9045,0.9182,0.8955,0.9318,0.9136,0.9,0.9318,0.8955,0.91
472,0.9045,0.9227,0.8955,0.9136,0.9045,0.9182,0.8955,0.9409,0.9136,0.9,0.9409,0.8955,0.9109
473,0.9045,0.9227,0.8955,0.9136,0.9045,0.9182,0.8955,0.9409,0.9136,0.9,0.9409,0.8955,0.9109
474,0.9045,0.9227,0.8955,0.9136,0.9045,0.9182,0.8955,0.9409,0.9136,0.9,0.9409,0.8955,0.9109
475,0.9045,0.9227,0.8955,0.9136,0.9045,0.9182,0.8955,0.9409,0.9136,0.9,0.9409,0.8955,0.9109
476,0.9045,0.9227,0.8955,0.9136,0.9045,0.9182,0.8955,0.9409,0.9136,0.9,0.9409,0.8955,0.9109
477,0.9045,0.9227,0.8955,0.9136,0.9045,0.9182,0.8955,0.9409,0.9136,0.9,0.9409,0.8955,0.9109
478,0.9045,0.9227,0.8955,0.9136,0.9045,0.9182,0.8955,0.9409,0.9136,0.9,0.9409,0.8955,0.9109
479,0.9045,0.9227,0.8955,0.9136,0.9045,0.9182,0.8955,0.9409,0.9136,0.9,0.9409,0.8955,0.9109
480,0.9045,0.9227,0.8955,0.9136,0.9045,0.9182,0.8955,0.9409,0.9136,0.9,0.9409,0.8955,0.9109
481,0.9045,0.9227,0.8955,0.9136,0.9045,0.9182,0.8955,0.9409,0.9136,0.9,0.9409,0.8955,0.9109
482,0.9045,0.9227,0.8955,0.9136,0.9045,0.9227,0.8955,0.9409,0.9136,0.9,0.9409,0.8955,0.9113
483,0.9045,0.9227,0.8955,0.9136,0.9045,0.9227,0.8955,0.9409,0.9136,0.9,0.9409,0.8955,0.9113
484,0.9045,0.9227,0.8955,0.9136,0.9045,0.9227,0.8955,0.9409,0.9136,0.9,0.9409,0.8955,0.9113
485,0.9045,0.9227,0.8955,0.9136,0.9045,0.9227,0.8955,0.9409,0.9136,0.9,0.9409,0.8955,0.9113
486,0.9045,0.9227,0.8955,0.9136,0.9045,0.9227,0.8955,0.9409,0.9136,0.9,0.9409,0.8955,0.9113
487,0.9045,0.9227,0.8955,0.9136,0.9045,0.9227,0.8955,0.9409,0.9136,0.9,0.9409,0.8955,0.9113
488,0.9045,0.9227,0.8955,0.9136,0.9045,0.9227,0.8955,0.9409,0.9136,0.9,0.9409,0.8955,0.9113
489,0.9045,0.9227,0.8955,0.9136,0.9045,0.9227,0.8955,0.9409,0.9136,0.9,0.9409,0.8955,0.9113
490,0.9045,0.9227,0.8955,0.9136,0.9045,0.9227,0.8955,0.9409,0.9136,0.9,0.9409,0.8955,0.9113
491,0.9045,0.9227,0.8955,0.9136,0.9045,0.9227,0.8955,0.9409,0.9136,0.9,0.9409,0.8955,0.9113
492,0.9045,0.9227,0.8955,0.9136,0.9045,0.9227,0.8955,0.9409,0.9136,0.9,0.9409,0.8955,0.9113
493,0.9045,0.9227,0.8955,0.9136,0.9045,0.9227,0.8955,0.9409,0.9136,0.9,0.9409,0.8955,0.9113
494,0.9045,0.9227,0.8955,0.9136,0.9045,0.9227,0.8955,0.9409,0.9136,0.9,0.9409,0.8955,0.9113
495,0.9045,0.9227,0.8955,0.9136,0.9045,0.9227,0.8955,0.9409,0.9136,0.9,0.9409,0.8955,0.9113
496,0.9045,0.9227,0.8955,0.9136,0.9045,0.9227,0.8955,0.9409,0.9136,0.9,0.9409,0.8955,0.9113
497,0.9045,0.9227,0.8955,0.9136,0.9045,0.9227,0.8955,0.9409,0.9136,0.9,0.9409,0.8955,0.9113
498,0.9045,0.9227,0.8955,0.9136,0.9045,0.9227,0.8955,0.9409,0.9136,0.9,0.9409,0.8955,0.9113
499,0.9045,0.9227,0.8955,0.9136,0.9045,0.9227,0.8955,0.9409,0.9136,0.9,0.9409,0.8955,0.9113
500,0.9045,0.9227,0.8955,0.9136,0.9045,0.9227,0.8955,0.9409,0.9136,0.9,0.9409,0.8955,0.9113
501,0.9045,0.9227,0.8955,0.9136,0.9045,0.9227,0.8955,0.9409,0.9136,0.9,0.9409,0.8955,0.9113
502,0.9045,0.9227,0.8955,0.9136,0.9045,0.9227,0.8955,0.9409,0.9136,0.9,0.9409,0.8955,0.9113
503,0.9045,0.9227,0.8955,0.9136,0.9045,0.9227,0.8955,0.9409,0.9136,0.9,0.9409,0.8955,0.9113
504,0.9045,0.9227,0.8955,0.9136,0.9045,0.9227,0.8955,0.9409,0.9136,0.9,0.9409,0.8955,0.9113
505,0.9045,0.9227,0.8955,0.9136,0.9045,0.9227,0.8955,0.9409,0.9136,0.9,0.9409,0.8955,0.9113
506,0.9045,0.9227,0.8955,0.9136,0.9045,0.9227,0.8955,0.9409,0.9136,0.9,0.9409,0.8955,0.9113
507,0.9045,0.9227,0.8955,0.9136,0.9045,0.9227,0.8955,0.9409,0.9136,0.9,0.9409,0.8955,0.9113
508,0.9045,0.9227,0.8955,0.9136,0.9045,0.9227,0.8955,0.9409,0.9136,0.9,0.9409,0.8955,0.9113
509,0.9045,0.9227,0.8955,0.9136,0.9045,0.9227,0.8955,0.9409,0.9136,0.9,0.9409,0.8955,0.9113
510,0.9045,0.9227,0.8955,0.9136,0.9045,0.9227,0.8955,0.9409,0.9136,0.9,0.9409,0.8955,0.9113
511,0.9045,0.9227,0.8955,0.9136,0.9045,0.9227,0.8955,0.9409,0.9136,0.9,0.9409,0.8955,0.9113
512,0.9045,0.9227,0.8955,0.9136,0.9045,0.9227,0.8955,0.9409,0.9136,0.9,0.9409,0.8955,0.9113
513,0.9045,0.9227,0.8955,0.9136,0.9045,0.9227,0.8955,0.9409,0.9136,0.9,0.9409,0.8955,0.9113
514,0.9045,0.9227,0.8955,0.9136,0.9045,0.9227,0.8955,0.9409,0.9136,0.9,0.9409,0.8955,0.9113
515,0.9045,0.9227,0.9045,0.9136,0.9045,0.9227,0.8955,0.9409,0.9136,0.9,0.9409,0.8955,0.9123
516,0.9045,0.9227,0.9091,0.9136,0.9045,0.9227,0.8955,0.9409,0.9136,0.9,0.9409,0.8955,0.9127
517,0.9045,0.9227,0.9091,0.9136,0.9045,0.9227,0.8955,0.9409,0.9136,0.9,0.9409,0.8955,0.9127
518,0.9045,0.9227,0.9091,0.9136,0.9045,0.9227,0.8955,0.9409,0.9136,0.9,0.9409,0.8955,0.9127
519,0.9045,0.9227,0.9091,0.9136,0.9045,0.9227,0.8955,0.9409,0.9136,0.9,0.9409,0.8955,0.9127
520,0.9045,0.9227,0.9091,0.9136,0.9045,0.9227,0.8955,0.9409,0.9136,0.9,0.9409,0.8955,0.9127
521,0.9045,0.9227,0.9091,0.9136,0.9045,0.9227,0.8955,0.9409,0.9136,0.9,0.9409,0.8955,0.9127
522,0.9045,0.9227,0.9091,0.9136,0.9045,0.9227,0.8955,0.9409,0.9136,0.9,0.9409,0.8955,0.9127
523,0.9045,0.9227,0.9091,0.9136,0.9045,0.9227,0.8955,0.9409,0.9136,0.9,0.9409,0.8955,0.9127
524,0.9045,0.9227,0.9091,0.9136,0.9045,0.9227,0.8955,0.9409,0.9136,0.9,0.9409,0.8955,0.9127
525,0.9045,0.9227,0.9091,0.9136,0.9045,0.9227,0.8955,0.9409,0.9136,0.9,0.9409,0.8955,0.9127
526,0.9045,0.9227,0.9091,0.9136,0.9045,0.9227,0.8955,0.9409,0.9136,0.9,0.9409,0.8955,0.9127
527,0.9045,0.9227,0.9091,0.9136,0.9045,0.9227,0.8955,0.9409,0.9136,0.9,0.9409,0.8955,0.9127
528,0.9045,0.9227,0.9091,0.9136,0.9045,0.9318,0.8955,0.9409,0.9136,0.9,0.9409,0.8955,0.9136
529,0.9045,0.9227,0.9091,0.9136,0.9045,0.9318,0.8955,0.9409,0.9136,0.9,0.9409,0.8955,0.9136
530,0.9045,0.9227,0.9091,0.9182,0.9045,0.9318,0.8955,0.9409,0.9136,0.9,0.9409,0.8955,0.9141
531,0.9045,0.9227,0.9091,0.9182,0.9045,0.9318,0.8955,0.9409,0.9136,0.9,0.9409,0.8955,0.9141
532,0.9045,0.9227,0.9091,0.9182,0.9045,0.9318,0.8955,0.9409,0.9136,0.9,0.9409,0.8955,0.9141
533,0.9045,0.9227,0.9091,0.9182,0.9045,0.9318,0.8955,0.9409,0.9136,0.9,0.9409,0.8955,0.9141
534,0.9045,0.9227,0.9091,0.9182,0.9045,0.9318,0.8955,0.9409,0.9136,0.9,0.9409,0.8955,0.9141
535,0.9045,0.9227,0.9091,0.9182,0.9045,0.9318,0.8955,0.9409,0.9136,0.9,0.9409,0.8955,0.9141
536,0.9045,0.9227,0.9091,0.9182,0.9045,0.9318,0.8955,0.9409,0.9136,0.9,0.9409,0.8955,0.9141
537,0.9045,0.9227,0.9091,0.9182,0.9045,0.9318,0.8955,0.9409,0.9136,0.9,0.9409,0.8955,0.9141
538,0.9045,0.9227,0.9091,0.9182,0.9045,0.9318,0.8955,0.9409,0.9136,0.9,0.9409,0.8955,0.9141
539,0.9045,0.9227,0.9091,0.9182,0.9045,0.9318,0.8955,0.9409,0.9136,0.9,0.9409,0.8955,0.9141
540,0.9045,0.9227,0.9091,0.9182,0.9091,0.9318,0.8955,0.9409,0.9136,0.9,0.9409,0.8955,0.9145
541,0.9045,0.9227,0.9091,0.9182,0.9091,0.9318,0.8955,0.9409,0.9136,0.9,0.9409,0.8955,0.9145
542,0.9045,0.9227,0.9091,0.9182,0.9091,0.9318,0.8955,0.9409,0.9136,0.9,0.9409,0.8955,0.9145
543,0.9045,0.9227,0.9091,0.9182,0.9091,0.9318,0.8955,0.9409,0.9136,0.9,0.9409,0.8955,0.9145
544,0.9045,0.9227,0.9091,0.9182,0.9091,0.9318,0.8955,0.9409,0.9136,0.9,0.9409,0.8955,0.9145
545,0.9045,0.9227,0.9091,0.9182,0.9091,0.9318,0.8955,0.9409,0.9136,0.9,0.9409,0.8955,0.9145
546,0.9045,0.9227,0.9091,0.9182,0.9091,0.9318,0.8955,0.9409,0.9136,0.9,0.9409,0.8955,0.9145
547,0.9045,0.9227,0.9091,0.9182,0.9091,0.9318,0.8955,0.9409,0.9136,0.9,0.9409,0.8955,0.9145
548,0.9045,0.9227,0.9091,0.9182,0.9091,0.9318,0.8955,0.9409,0.9136,0.9,0.9409,0.8955,0.9145
549,0.9045,0.9227,0.9091,0.9182,0.9091,0.9318,0.8955,0.9409,0.9136,0.9,0.9409,0.8955,0.9145
550,0.9045,0.9227,0.9227,0.9182,0.9091,0.9318,0.8955,0.9409,0.9136,0.9,0.9409,0.8955,0.9159
551,0.9045,0.9227,0.9227,0.9182,0.9091,0.9318,0.8955,0.9409,0.9136,0.9,0.9409,0.8955,0.9159
552,0.9045,0.9227,0.9227,0.9182,0.9091,0.9318,0.8955,0.9409,0.9136,0.9,0.9409,0.8955,0.9159
553,0.9045,0.9227,0.9227,0.9182,0.9091,0.9318,0.8955,0.9409,0.9136,0.9,0.9409,0.8955,0.9159
554,0.9045,0.9227,0.9227,0.9182,0.9091,0.9318,0.8955,0.9409,0.9136,0.9,0.9409,0.8955,0.9159
555,0.9045,0.9227,0.9227,0.9182,0.9091,0.9318,0.8955,0.9409,0.9136,0.9,0.9409,0.8955,0.9159
556,0.9045,0.9227,0.9227,0.9182,0.9091,0.9318,0.8955,0.9409,0.9136,0.9,0.9409,0.8955,0.9159
557,0.9045,0.9227,0.9227,0.9182,0.9091,0.9318,0.8955,0.9409,0.9136,0.9,0.9409,0.8955,0.9159
558,0.9045,0.9227,0.9227,0.9182,0.9091,0.9318,0.8955,0.9409,0.9136,0.9,0.9409,0.8955,0.9159
559,0.9045,0.9227,0.9227,0.9182,0.9091,0.9318,0.8955,0.9409,0.9136,0.9,0.9409,0.8955,0.9159
560,0.9045,0.9227,0.9227,0.9182,0.9091,0.9318,0.8955,0.9409,0.9136,0.9,0.9409,0.8955,0.9159
561,0.9045,0.9227,0.9227,0.9182,0.9091,0.9318,0.8955,0.9409,0.9136,0.9,0.9409,0.8955,0.9159
562,0.9045,0.9227,0.9227,0.9182,0.9091,0.9318,0.8955,0.9409,0.9136,0.9,0.9409,0.8955,0.9159
563,0.9045,0.9227,0.9227,0.9182,0.9091,0.9318,0.8955,0.9409,0.9136,0.9,0.9409,0.8955,0.9159
564,0.9045,0.9227,0.9227,0.9182,0.9091,0.9318,0.8955,0.9409,0.9136,0.9,0.9409,0.8955,0.9159
565,0.9045,0.9227,0.9227,0.9182,0.9091,0.9318,0.8955,0.9409,0.9136,0.9,0.9409,0.8955,0.9159
566,0.9045,0.9227,0.9227,0.9182,0.9091,0.9318,0.8955,0.9409,0.9136,0.9,0.9409,0.8955,0.9159
567,0.9045,0.9227,0.9227,0.9182,0.9091,0.9318,0.8955,0.9409,0.9136,0.9,0.9409,0.8955,0.9159
568,0.9045,0.9227,0.9227,0.9182,0.9091,0.9318,0.8955,0.9409,0.9136,0.9,0.9409,0.8955,0.9159
569,0.9045,0.9227,0.9227,0.9182,0.9091,0.9318,0.8955,0.9409,0.9136,0.9,0.9409,0.8955,0.9159
570,0.9045,0.9227,0.9227,0.9182,0.9091,0.9318,0.8955,0.9409,0.9136,0.9,0.9409,0.8955,0.9159
571,0.9045,0.9227,0.9227,0.9182,0.9091,0.9318,0.8955,0.9409,0.9136,0.9,0.9409,0.8955,0.9159
572,0.9045,0.9227,0.9227,0.9182,0.9091,0.9318,0.8955,0.9409,0.9136,0.9,0.9409,0.8955,0.9159
573,0.9045,0.9227,0.9227,0.9182,0.9091,0.9318,0.8955,0.9409,0.9136,0.9,0.9409,0.8955,0.9159
574,0.9045,0.9227,0.9227,0.9182,0.9091,0.9318,0.8955,0.9409,0.9136,0.9,0.9409,0.8955,0.9159
575,0.9045,0.9227,0.9227,0.9182,0.9091,0.9318,0.8955,0.9409,0.9136,0.9,0.9409,0.8955,0.9159
576,0.9045,0.9227,0.9227,0.9182,0.9091,0.9318,0.8955,0.9409,0.9136,0.9,0.9409,0.8955,0.9159
577,0.9045,0.9227,0.9227,0.9182,0.9091,0.9318,0.8955,0.9409,0.9136,0.9,0.9409,0.8955,0.9159
578,0.9045,0.9227,0.9227,0.9182,0.9091,0.9318,0.8955,0.9409,0.9136,0.9,0.9409,0.8955,0.9159
579,0.9045,0.9227,0.9227,0.9182,0.9091,0.9318,0.8955,0.9409,0.9136,0.9,0.9409,0.8955,0.9159
580,0.9045,0.9227,0.9227,0.9182,0.9091,0.9318,0.8955,0.9409,0.9136,0.9,0.9409,0.8955,0.9159
581,0.9045,0.9227,0.9227,0.9182,0.9091,0.9318,0.8955,0.9409,0.9136,0.9,0.9409,0.8955,0.9159
582,0.9045,0.9227,0.9227,0.9182,0.9091,0.9318,0.8955,0.9409,0.9136,0.9,0.9409,0.8955,0.9159
583,0.9045,0.9227,0.9227,0.9182,0.9091,0.9318,0.8955,0.9409,0.9136,0.9,0.9409,0.8955,0.9159
584,0.9045,0.9227,0.9227,0.9182,0.9091,0.9318,0.8955,0.9409,0.9136,0.9,0.9409,0.8955,0.9159
585,0.9045,0.9227,0.9227,0.9182,0.9091,0.9318,0.8955,0.9409,0.9136,0.9,0.9409,0.8955,0.9159
586,0.9045,0.9227,0.9227,0.9182,0.9091,0.9318,0.8955,0.9409,0.9136,0.9,0.9409,0.8955,0.9159
587,0.9045,0.9227,0.9227,0.9182,0.9091,0.9318,0.8955,0.9409,0.9136,0.9,0.9409,0.8955,0.9159
588,0.9045,0.9227,0.9227,0.9182,0.9091,0.9318,0.8955,0.9409,0.9136,0.9,0.9409,0.8955,0.9159
589,0.9045,0.9227,0.9227,0.9182,0.9091,0.9318,0.8955,0.9409,0.9136,0.9,0.9409,0.8955,0.9159
590,0.9045,0.9227,0.9227,0.9182,0.9091,0.9318,0.8955,0.9409,0.9136,0.9,0.9409,0.8955,0.9159
591,0.9045,0.9227,0.9227,0.9182,0.9091,0.9318,0.8955,0.9409,0.9136,0.9,0.9409,0.8955,0.9159
592,0.9045,0.9227,0.9227,0.9182,0.9091,0.9318,0.8955,0.9409,0.9136,0.9,0.9409,0.8955,0.9159
593,0.9045,0.9227,0.9227,0.9182,0.9091,0.9318,0.8955,0.9409,0.9136,0.9,0.9409,0.8955,0.9159
594,0.9045,0.9227,0.9227,0.9182,0.9091,0.9318,0.8955,0.9409,0.9136,0.9,0.9409,0.8955,0.9159
595,0.9045,0.9227,0.9227,0.9182,0.9091,0.9318,0.8955,0.9409,0.9136,0.9,0.9409,0.8955,0.9159
596,0.9045,0.9227,0.9227,0.9182,0.9091,0.9318,0.8955,0.9409,0.9136,0.9,0.9409,0.8955,0.9159
597,0.9045,0.9227,0.9227,0.9182,0.9091,0.9318,0.8955,0.9409,0.9136,0.9,0.9409,0.8955,0.9159
598,0.9045,0.9227,0.9227,0.9182,0.9091,0.9318,0.8955,0.9409,0.9227,0.9,0.9409,0.8955,0.9168
599,0.9045,0.9227,0.9227,0.9182,0.9091,0.9318,0.8955,0.9409,0.9227,0.9,0.9409,0.8955,0.9168
600,0.9045,0.9227,0.9227,0.9182,0.9091,0.9318,0.8955,0.9409,0.9227,0.9,0.9409,0.8955,0.9168
601,0.9045,0.9227,0.9227,0.9182,0.9091,0.9318,0.8955,0.9409,0.9227,0.9,0.9409,0.8955,0.9168
602,0.9045,0.9227,0.9227,0.9182,0.9091,0.9318,0.8955,0.9409,0.9227,0.9,0.9409,0.8955,0.9168
603,0.9045,0.9227,0.9227,0.9182,0.9091,0.9318,0.8955,0.9409,0.9227,0.9,0.9409,0.8955,0.9168
604,0.9045,0.9227,0.9227,0.9182,0.9091,0.9318,0.9045,0.9409,0.9227,0.9,0.9409,0.9,0.9177
605,0.9045,0.9227,0.9227,0.9182,0.9091,0.9318,0.9045,0.9409,0.9227,0.9,0.9409,0.9,0.9177
606,0.9045,0.9227,0.9227,0.9182,0.9091,0.9318,0.9045,0.9409,0.9227,0.9,0.9409,0.9,0.9177
607,0.9045,0.9227,0.9227,0.9182,0.9091,0.9318,0.9045,0.9409,0.9227,0.9,0.9409,0.9,0.9177
608,0.9045,0.9227,0.9227,0.9182,0.9091,0.9318,0.9045,0.9409,0.9227,0.9,0.9409,0.9,0.9177
1206,0.9045,0.9227,0.9227,0.9182,0.9091,0.9318,0.9045,0.9409,0.9227,0.9,0.9409,0.9,0.9177
1207,0.9273,0.9227,0.9273,0.9318,0.9227,0.9318,0.9045,0.9409,0.9318,0.9,0.9409,0.9,0.9241
1208,0.9273,0.9318,0.9273,0.9318,0.9227,0.9318,0.9045,0.9409,0.9318,0.9,0.9409,0.9,0.925
1806,0.9273,0.9318,0.9273,0.9318,0.9227,0.9318,0.9091,0.9409,0.9318,0.9,0.9409,0.9,0.9254
1807,0.9318,0.9318,0.9318,0.9318,0.9227,0.9318,0.9091,0.9409,0.9318,0.9091,0.9409,0.9091,0.9273
1808,0.9318,0.9318,0.9318,0.9318,0.9227,0.9318,0.9091,0.9409,0.9318,0.9091,0.9409,0.9091,0.9273
2406,0.9318,0.9318,0.9318,0.9318,0.9227,0.9318,0.9136,0.9409,0.9318,0.9091,0.9409,0.9091,0.9277
2407,0.9318,0.9318,0.9318,0.9318,0.9273,0.9318,0.9136,0.9409,0.9318,0.9091,0.9409,0.9091,0.9282
2408,0.9318,0.9409,0.9318,0.9318,0.9273,0.9318,0.9136,0.9409,0.9318,0.9091,0.9409,0.9091,0.9291
3006,0.9318,0.9409,0.9318,0.9318,0.9273,0.9318,0.9273,0.9409,0.9318,0.9091,0.9409,0.9091,0.9304
3007,0.9318,0.9409,0.9318,0.9318,0.9273,0.9409,0.9273,0.9409,0.9318,0.9091,0.9409,0.9091,0.9314
3008,0.9318,0.9409,0.9318,0.9318,0.9273,0.9409,0.9273,0.9409,0.9318,0.9091,0.9409,0.9091,0.9314
3606,0.9318,0.9409,0.9318,0.9318,0.9273,0.9409,0.9273,0.9409,0.9318,0.9091,0.9409,0.9091,0.9314
3607,0.9318,0.9409,0.9318,0.9318,0.9318,0.9409,0.9273,0.9409,0.9318,0.9182,0.9409,0.9182,0.9327
3608,0.9318,0.9409,0.9318,0.9318,0.9318,0.9409,0.9273,0.9409,0.9318,0.9182,0.9409,0.9182,0.9327
4206,0.9318,0.9409,0.9318,0.9318,0.9318,0.9409,0.9318,0.9409,0.9318,0.9182,0.9409,0.9182,0.9332
4207,0.9318,0.9409,0.9318,0.9318,0.9318,0.9409,0.9318,0.9409,0.9318,0.9182,0.9409,0.9182,0.9332
4208,0.9318,0.9409,0.9318,0.9318,0.9318,0.9409,0.9318,0.9409,0.9318,0.9182,0.9409,0.9182,0.9332
4806,0.9318,0.9409,0.9318,0.9318,0.9318,0.9409,0.9318,0.9409,0.9318,0.9182,0.9409,0.9182,0.9332
4807,0.9318,0.9409,0.9318,0.9318,0.9318,0.9409,0.9318,0.9409,0.9318,0.9182,0.9409,0.9182,0.9332
4808,0.9318,0.9409,0.9318,0.9318,0.9318,0.9409,0.9318,0.9409,0.9318,0.9182,0.9409,0.9182,0.9332
5406,0.9318,0.9409,0.9318,0.9318,0.9318,0.9409,0.9318,0.9409,0.9318,0.9182,0.9409,0.9182,0.9332
5407,0.9318,0.9409,0.9318,0.9318,0.9409,0.9409,0.9318,0.9409,0.9318,0.9273,0.9409,0.9273,0.935
5408,0.9318,0.9409,0.9318,0.9318,0.9409,0.9409,0.9318,0.9409,0.9318,0.9273,0.9409,0.9273,0.935
6006,0.9318,0.9409,0.9318,0.9318,0.9409,0.9409,0.9318,0.9409,0.9318,0.9273,0.9409,0.9273,0.935
6007,0.9318,0.9409,0.9318,0.9318,0.9409,0.9409,0.9318,0.9409,0.9409,0.9273,0.9409,0.9273,0.9359
6008,0.9318,0.9409,0.9318,0.9318,0.9409,0.9409,0.9318,0.9409,0.9409,0.9273,0.9409,0.9273,0.9359
6606,0.9318,0.9409,0.9318,0.9318,0.9409,0.9409,0.9318,0.9409,0.9409,0.9273,0.9409,0.9273,0.9359
6607,0.9318,0.9409,0.9318,0.9409,0.9409,0.9409,0.9318,0.9409,0.9409,0.9273,0.9409,0.9273,0.9368
6608,0.9318,0.9409,0.9318,0.9409,0.9409,0.9409,0.9318,0.9409,0.9409,0.9273,0.9409,0.9273,0.9368
7206,0.9318,0.9409,0.9318,0.9409,0.9409,0.9409,0.9318,0.9409,0.9409,0.9273,0.9409,0.9273,0.9368
7207,0.9318,0.9409,0.9318,0.9409,0.9409,0.9409,0.9318,0.9409,0.9409,0.9273,0.9409,0.9273,0.9368
7208,0.9318,0.9409,0.9318,0.9409,0.9409,0.9409,0.9318,0.9409,0.9409,0.9273,0.9409,0.9273,0.9368
7806,0.9318,0.9409,0.9318,0.9409,0.9409,0.9409,0.9318,0.9409,0.9409,0.9273,0.9409,0.9273,0.9368
7807,0.9318,0.9409,0.9318,0.9409,0.9409,0.9409,0.9318,0.9409,0.9409,0.9273,0.9409,0.9273,0.9368
7808,0.9318,0.9409,0.9318,0.9409,0.9409,0.9409,0.9318,0.9409,0.9409,0.9273,0.9409,0.9273,0.9368
8406,0.9318,0.9409,0.9318,0.9409,0.9409,0.9409,0.9318,0.9409,0.9409,0.9273,0.9409,0.9273,0.9368
8407,0.9318,0.9409,0.9318,0.9409,0.9409,0.9409,0.9318,0.9409,0.9409,0.9318,0.9409,0.9318,0.9373
8408,0.9318,0.9409,0.9318,0.9409,0.9409,0.9409,0.9318,0.9409,0.9409,0.9318,0.9409,0.9318,0.9373
9006,0.9318,0.9409,0.9318,0.9409,0.9409,0.9409,0.9318,0.9409,0.9409,0.9318,0.9409,0.9318,0.9373
9007,0.9318,0.9409,0.9318,0.9409,0.9409,0.9409,0.9318,0.9409,0.9409,0.9318,0.9409,0.9318,0.9373
9008,0.9318,0.9409,0.9318,0.9409,0.9409,0.9409,0.9318,0.9409,0.9409,0.9318,0.9409,0.9318,0.9373
9606,0.9318,0.9409,0.9318,0.9409,0.9409,0.9409,0.9318,0.9409,0.9409,0.9318,0.9409,0.9318,0.9373
9607,0.9318,0.9409,0.9318,0.9409,0.9409,0.9409,0.9318,0.9409,0.9409,0.9318,0.9409,0.9318,0.9373
9608,0.9318,0.9409,0.9318,0.9409,0.9409,0.9409,0.9318,0.9409,0.9409,0.9318,0.9409,0.9318,0.9373
10206,0.9318,0.9409,0.9318,0.9409,0.9409,0.9409,0.9318,0.9409,0.9409,0.9318,0.9409,0.9318,0.9373
10207,0.9318,0.9409,0.9318,0.9409,0.9409,0.9409,0.9318,0.9409,0.9409,0.9318,0.9409,0.9318,0.9373
10208,0.9318,0.9409,0.9318,0.9409,0.9409,0.9409,0.9318,0.9409,0.9409,0.9318,0.9409,0.9318,0.9373
10806,0.9318,0.9409,0.9318,0.9409,0.9409,0.9409,0.9318,0.9409,0.9409,0.9318,0.9409,0.9318,0.9373
10807,0.9318,0.9409,0.9318,0.9409,0.9409,0.9409,0.9318,0.9409,0.9409,0.9318,0.9409,0.9318,0.9373
10808,0.9318,0.9409,0.9318,0.9409,0.9409,0.9409,0.9318,0.9409,0.9409,0.9318,0.9409,0.9318,0.9373
11406,0.9318,0.9409,0.9318,0.9409,0.9409,0.9409,0.9318,0.9409,0.9409,0.9318,0.9409,0.9318,0.9373
11407,0.9318,0.9409,0.9318,0.9409,0.9409,0.9409,0.9318,0.9409,0.9409,0.9318,0.9409,0.9318,0.9373
11408,0.9318,0.9409,0.9318,0.9409,0.9409,0.9409,0.9318,0.9409,0.9409,0.9318,0.9409,0.9318,0.9373
12006,0.9318,0.9409,0.9318,0.9409,0.9409,0.9409,0.9318,0.9409,0.9409,0.9318,0.9409,0.9318,0.9373
12007,0.9318,0.9409,0.9318,0.9409,0.9409,0.9409,0.9318,0.9409,0.9409,0.9318,0.9409,0.9318,0.9373
12008,0.9318,0.9409,0.9318,0.9409,0.9409,0.9409,0.9318,0.9409,0.9409,0.9318,0.9409,0.9318,0.9373
12606,0.9318,0.9409,0.9318,0.9409,0.9409,0.9409,0.9318,0.9409,0.9409,0.9318,0.9409,0.9318,0.9373
12607,0.9318,0.9409,0.9318,0.9409,0.9409,0.9409,0.9318,0.9409,0.9409,0.9318,0.9409,0.9318,0.9373
12608,0.9318,0.9409,0.9318,0.9409,0.9409,0.9409,0.9318,0.9409,0.9409,0.9318,0.9409,0.9318,0.9373
13206,0.9318,0.9409,0.9318,0.9409,0.9409,0.9409,0.9318,0.9409,0.9409,0.9318,0.9409,0.9318,0.9373
13207,0.9318,0.9409,0.9318,0.9409,0.9409,0.9409,0.9318,0.9409,0.9409,0.9318,0.9409,0.9318,0.9373
13208,0.9318,0.9409,0.9318,0.9409,0.9409,0.9409,0.9318,0.9409,0.9409,0.9318,0.9409,0.9318,0.9373
13806,0.9318,0.9409,0.9318,0.9409,0.9409,0.9409,0.9318,0.9409,0.9409,0.9318,0.9409,0.9318,0.9373
13807,0.9318,0.9409,0.9318,0.9409,0.9409,0.9409,0.9318,0.9409,0.9409,0.9318,0.9409,0.9318,0.9373
13808,0.9318,0.9409,0.9318,0.9409,0.9409,0.9409,0.9318,0.9409,0.9409,0.9318,0.9409,0.9318,0.9373
14406,0.9318,0.9409,0.9318,0.9409,0.9409,0.9409,0.9318,0.9409,0.9409,0.9318,0.9409,0.9318,0.9373
14407,0.9318,0.9409,0.9409,0.9409,0.9409,0.9409,0.9318,0.9409,0.9409,0.9318,0.9409,0.9318,0.9382
14408,0.9318,0.9409,0.9409,0.9409,0.9409,0.9409,0.9318,0.9409,0.9409,0.9318,0.9409,0.9318,0.9382
15006,0.9318,0.9409,0.9409,0.9409,0.9409,0.9409,0.9318,0.9409,0.9409,0.9318,0.9409,0.9318,0.9382
15007,0.9318,0.9409,0.9409,0.9409,0.9409,0.9409,0.9318,0.9409,0.9409,0.9318,0.9409,0.9318,0.9382
15008,0.9318,0.9409,0.9409,0.9409,0.9409,0.9409,0.9318,0.9409,0.9409,0.9318,0.9409,0.9318,0.9382
15606,0.9318,0.9409,0.9409,0.9409,0.9409,0.9409,0.9318,0.9409,0.9409,0.9318,0.9409,0.9318,0.9382
15607,0.9318,0.9409,0.9409,0.9409,0.9409,0.9409,0.9318,0.9409,0.9409,0.9318,0.9409,0.9318,0.9382
15608,0.9318,0.9409,0.9409,0.9409,0.9409,0.9409,0.9318,0.9409,0.9409,0.9318,0.9409,0.9318,0.9382
16206,0.9318,0.9409,0.9409,0.9409,0.9409,0.9409,0.9318,0.9409,0.9409,0.9318,0.9409,0.9318,0.9382
16207,0.9318,0.9409,0.9409,0.9409,0.9409,0.9409,0.9318,0.9409,0.9409,0.9318,0.9409,0.9318,0.9382
16208,0.9318,0.9409,0.9409,0.9409,0.9409,0.9409,0.9318,0.9409,0.9409,0.9318,0.9409,0.9318,0.9382
16806,0.9318,0.9409,0.9409,0.9409,0.9409,0.9409,0.9318,0.9409,0.9409,0.9318,0.9409,0.9318,0.9382
16807,0.9318,0.9409,0.9409,0.9409,0.9409,0.9409,0.9318,0.9409,0.9409,0.9318,0.9409,0.9318,0.9382
16808,0.9318,0.9409,0.9409,0.9409,0.9409,0.9409,0.9318,0.9409,0.9409,0.9318,0.9409,0.9318,0.9382
17406,0.9318,0.9409,0.9409,0.9409,0.9409,0.9409,0.9318,0.9409,0.9409,0.9318,0.9409,0.9318,0.9382
17407,0.9318,0.9409,0.9409,0.9409,0.9409,0.9409,0.9318,0.9409,0.9409,0.9318,0.9409,0.9318,0.9382
17408,0.9318,0.9409,0.9409,0.9409,0.9409,0.9409,0.9318,0.9409,0.9409,0.9318,0.9409,0.9318,0.9382
18007,0.9318,0.9409,0.9409,0.9409,0.9409,0.9409,0.9318,0.9409,0.9409,0.9318,0.9409,0.9318,0.9382
18008,0.9318,0.9409,0.9409,0.9409,0.9409,0.9409,0.9318,0.9409,0.9409,0.9318,0.9409,0.9318,0.9382
18607,0.9318,0.9409,0.9409,0.9409,0.9409,0.9409,0.9318,0.9409,0.9409,0.9318,0.9409,0.9318,0.9382
18608,0.9318,0.9409,0.9409,0.9409,0.9409,0.9409,0.9318,0.9409,0.9409,0.9318,0.9409,0.9318,0.9382
19207,0.9318,0.9409,0.9409,0.9409,0.9409,0.9409,0.9318,0.9409,0.9409,0.9318,0.9409,0.9318,0.9382
19208,0.9318,0.9409,0.9409,0.9409,0.9409,0.9409,0.9318,0.9409,0.9409,0.9318,0.9409,0.9318,0.9382
19807,0.9318,0.9409,0.9409,0.9409,0.9409,0.9409,0.9318,0.9409,0.9409,0.9318,0.9409,0.9318,0.9382
19808,0.9318,0.9409,0.9409,0.9409,0.9409,0.9409,0.9318,0.9409,0.9409,0.9318,0.9409,0.9318,0.9382
20407,0.9318,0.9409,0.9409,0.9409,0.9409,0.9409,0.9318,0.9409,0.9409,0.9318,0.9409,0.9318,0.9382
20408,0.9318,0.9409,0.9409,0.9409,0.9409,0.9409,0.9318,0.9409,0.9409,0.9318,0.9409,0.9318,0.9382
21007,0.9318,0.9409,0.9409,0.9409,0.9409,0.9409,0.9318,0.9409,0.9409,0.9318,0.9409,0.9318,0.9382
21008,0.9318,0.9409,0.9409,0.9409,0.9409,0.9409,0.9318,0.9409,0.9409,0.9318,0.9409,0.9318,0.9382
21607,0.9318,0.9409,0.9409,0.9409,0.9409,0.9409,0.9318,0.9409,0.9409,0.9318,0.9409,0.9318,0.9382
21608,0.9318,0.9409,0.9409,0.9409,0.9409,0.9409,0.9318,0.9409,0.9409,0.9318,0.9409,0.9318,0.9382
22207,0.9318,0.9409,0.9409,0.9409,0.9409,0.9409,0.9318,0.9409,0.9409,0.9318,0.9409,0.9318,0.9382
22208,0.9318,0.9409,0.9409,0.9409,0.9409,0.9409,0.9318,0.9409,0.9409,0.9318,0.9409,0.9318,0.9382
22807,0.9318,0.9409,0.9409,0.9409,0.9409,0.9409,0.9318,0.9409,0.9409,0.9318,0.9409,0.9318,0.9382
22808,0.9318,0.9409,0.9409,0.9409,0.9409,0.9409,0.9318,0.9409,0.9409,0.9318,0.9409,0.9318,0.9382
23407,0.9318,0.9409,0.9409,0.9409,0.9409,0.9409,0.9318,0.9409,0.9409,0.9318,0.9409,0.9318,0.9382
23408,0.9318,0.9409,0.9409,0.9409,0.9409,0.9409,0.9318,0.9409,0.9409,0.9318,0.9409,0.9318,0.9382
24007,0.9409,0.9409,0.9409,0.9409,0.9409,0.9409,0.9318,0.9409,0.9409,0.9318,0.9409,0.9318,0.9391
24008,0.9409,0.9409,0.9409,0.9409,0.9409,0.9409,0.9318,0.9409,0.9409,0.9318,0.9409,0.9318,0.9391
24607,0.9409,0.9409,0.9409,0.9409,0.9409,0.9409,0.9318,0.9409,0.9409,0.9318,0.9409,0.9318,0.9391
24608,0.9409,0.9409,0.9409,0.9409,0.9409,0.9409,0.9318,0.9409,0.9409,0.9318,0.9409,0.9318,0.9391
25207,0.9409,0.9409,0.9409,0.9409,0.9409,0.9409,0.9318,0.9409,0.9409,0.9318,0.9409,0.9318,0.9391
25208,0.9409,0.9409,0.9409,0.9409,0.9409,0.9409,0.9318,0.9409,0.9409,0.9318,0.9409,0.9318,0.9391
25807,0.9409,0.9409,0.9409,0.9409,0.9409,0.9409,0.9318,0.9409,0.9409,0.9318,0.9409,0.9318,0.9391
25808,0.9409,0.9409,0.9409,0.9409,0.9409,0.9409,0.9318,0.9409,0.9409,0.9318,0.9409,0.9318,0.9391
26407,0.9409,0.9409,0.9409,0.9409,0.9409,0.9409,0.9318,0.9409,0.9409,0.9318,0.9409,0.9318,0.9391
26408,0.9409,0.9409,0.9409,0.9409,0.9409,0.9409,0.9318,0.9409,0.9409,0.9318,0.9409,0.9318,0.9391
27007,0.9409,0.9409,0.9409,0.9409,0.9409,0.9409,0.9318,0.9409,0.9409,0.9318,0.9409,0.9318,0.9391
27008,0.9409,0.9409,0.9409,0.9409,0.9409,0.9409,0.9318,0.9409,0.9409,0.9318,0.9409,0.9318,0.9391
27607,0.9409,0.9409,0.9409,0.9409,0.9409,0.9409,0.9318,0.9409,0.9409,0.9318,0.9409,0.9318,0.9391
27608,0.9409,0.9409,0.9409,0.9409,0.9409,0.9409,0.9318,0.9409,0.9409,0.9318,0.9409,0.9318,0.9391
28207,0.9409,0.9409,0.9409,0.9409,0.9409,0.9409,0.9318,0.9409,0.9409,0.9318,0.9409,0.9318,0.9391
28208,0.9409,0.9409,0.9409,0.9409,0.9409,0.9409,0.9318,0.9409,0.9409,0.9318,0.9409,0.9318,0.9391
28807,0.9409,0.9409,0.9409,0.9409,0.9409,0.9409,0.9318,0.9409,0.9409,0.9318,0.9409,0.9318,0.9391
28808,0.9409,0.9409,0.9409,0.9409,0.9409,0.9409,0.9318,0.9409,0.9409,0.9318,0.9409,0.9318,0.9391
29407,0.9409,0.9409,0.9409,0.9409,0.9409,0.9409,0.9318,0.9409,0.9409,0.9318,0.9409,0.9318,0.9391
29408,0.9409,0.9409,0.9409,0.9409,0.9409,0.9409,0.9318,0.9409,0.9409,0.9318,0.9409,0.9318,0.9391
30007,0.9409,0.9409,0.9409,0.9409,0.9409,0.9409,0.9318,0.9409,0.9409,0.9318,0.9409,0.9318,0.9391
30008,0.9409,0.9409,0.9409,0.9409,0.9409,0.9409,0.9318,0.9409,0.9409,0.9318,0.9409,0.9318,0.9391
30607,0.9409,0.9409,0.9409,0.9409,0.9409,0.9409,0.9318,0.9409,0.9409,0.9318,0.9409,0.9318,0.9391
30608,0.9409,0.9409,0.9409,0.9409,0.9409,0.9409,0.9318,0.9409,0.9409,0.9318,0.9409,0.9318,0.9391
31207,0.9409,0.9409,0.9409,0.9409,0.9409,0.9409,0.9318,0.9409,0.9409,0.9318,0.9409,0.9318,0.9391
31208,0.9409,0.9409,0.9409,0.9409,0.9409,0.9409,0.9318,0.9409,0.9409,0.9318,0.9409,0.9318,0.9391
31807,0.9409,0.9409,0.9409,0.9409,0.9409,0.9409,0.9318,0.9409,0.9409,0.9318,0.9409,0.9318,0.9391
31808,0.9409,0.9409,0.9409,0.9409,0.9409,0.9409,0.9318,0.9409,0.9409,0.9318,0.9409,0.9318,0.9391
32407,0.9409,0.9409,0.9409,0.9409,0.9409,0.9409,0.9318,0.9409,0.9409,0.9318,0.9409,0.9318,0.9391
32408,0.9409,0.9409,0.9409,0.9409,0.9409,0.9409,0.9318,0.9409,0.9409,0.9318,0.9409,0.9318,0.9391
33007,0.9409,0.9409,0.9409,0.9409,0.9409,0.9409,0.9318,0.9409,0.9409,0.9318,0.9409,0.9318,0.9391
33008,0.9409,0.9409,0.9409,0.9409,0.9409,0.9409,0.9318,0.9409,0.9409,0.9318,0.9409,0.9318,0.9391
33607,0.9409,0.9409,0.9409,0.9409,0.9409,0.9409,0.9318,0.9409,0.9409,0.9318,0.9409,0.9318,0.9391
33608,0.9409,0.9409,0.9409,0.9409,0.9409,0.9409,0.9318,0.9409,0.9409,0.9318,0.9409,0.9318,0.9391
34207,0.9409,0.9409,0.9409,0.9409,0.9409,0.9409,0.9318,0.9409,0.9409,0.9318,0.9409,0.9318,0.9391
34208,0.9409,0.9409,0.9409,0.9409,0.9409,0.9409,0.9318,0.9409,0.9409,0.9318,0.9409,0.9318,0.9391
34807,0.9409,0.9409,0.9409,0.9409,0.9409,0.9409,0.9318,0.9409,0.9409,0.9318,0.9409,0.9318,0.9391
34808,0.9409,0.9409,0.9409,0.9409,0.9409,0.9409,0.9318,0.9409,0.9409,0.9318,0.9409,0.9318,0.9391
35407,0.9409,0.9409,0.9409,0.9409,0.9409,0.9409,0.9318,0.9409,0.9409,0.9318,0.9409,0.9318,0.9391
35408,0.9409,0.9409,0.9409,0.9409,0.9409,0.9409,0.9318,0.9409,0.9409,0.9318,0.9409,0.9318,0.9391
36007,0.9409,0.9409,0.9409,0.9409,0.9409,0.9409,0.9318,0.9409,0.9409,0.9318,0.9409,0.9318,0.9391
36008,0.9409,0.9409,0.9409,0.9409,0.9409,0.9409,0.9318,0.9409,0.9409,0.9318,0.9409,0.9318,0.9391
36607,0.9409,0.9409,0.9409,0.9409,0.9409,0.9409,0.9318,0.9409,0.9409,0.9318,0.9409,0.9318,0.9391
36608,0.9409,0.9409,0.9409,0.9409,0.9409,0.9409,0.9318,0.9409,0.9409,0.9318,0.9409,0.9318,0.9391
37207,0.9409,0.9409,0.9409,0.9409,0.9409,0.9409,0.9318,0.9409,0.9409,0.9318,0.9409,0.9318,0.9391
37208,0.9409,0.9409,0.9409,0.9409,0.9409,0.9409,0.9318,0.9409,0.9409,0.9318,0.9409,0.9318,0.9391
37807,0.9409,0.9409,0.9409,0.9409,0.9409,0.9409,0.9318,0.9409,0.9409,0.9318,0.9409,0.9318,0.9391
37808,0.9409,0.9409,0.9409,0.9409,0.9409,0.9409,0.9318,0.9409,0.9409,0.9318,0.9409,0.9318,0.9391
38407,0.9409,0.9409,0.9409,0.9409,0.9409,0.9409,0.9318,0.9409,0.9409,0.9318,0.9409,0.9318,0.9391
38408,0.9409,0.9409,0.9409,0.9409,0.9409,0.9409,0.9318,0.9409,0.9409,0.9318,0.9409,0.9318,0.9391
39007,0.9409,0.9409,0.9409,0.9409,0.9409,0.9409,0.9318,0.9409,0.9409,0.9318,0.9409,0.9318,0.9391
39008,0.9409,0.9409,0.9409,0.9409,0.9409,0.9409,0.9318,0.9409,0.9409,0.9318,0.9409,0.9318,0.9391
39607,0.9409,0.9409,0.9409,0.9409,0.9409,0.9409,0.9318,0.9409,0.9409,0.9318,0.9409,0.9318,0.9391
39608,0.9409,0.9409,0.9409,0.9409,0.9409,0.9409,0.9318,0.9409,0.9409,0.9318,0.9409,0.9318,0.9391
40207,0.9409,0.9409,0.9409,0.9409,0.9409,0.9409,0.9318,0.9409,0.9409,0.9318,0.9409,0.9318,0.9391
40208,0.9409,0.9409,0.9409,0.9409,0.9409,0.9409,0.9318,0.9409,0.9409,0.9318,0.9409,0.9318,0.9391
40807,0.9409,0.9409,0.9409,0.9409,0.9409,0.9409,0.9318,0.9409,0.9409,0.9318,0.9409,0.9318,0.9391
40808,0.9409,0.9409,0.9409,0.9409,0.9409,0.9409,0.9318,0.9409,0.9409,0.9318,0.9409,0.9318,0.9391
41407,0.9409,0.9409,0.9409,0.9409,0.9409,0.9409,0.9318,0.9409,0.9409,0.9318,0.9409,0.9318,0.9391
41408,0.9409,0.9409,0.9409,0.9409,0.9409,0.9409,0.9318,0.9409,0.9409,0.9318,0.9409,0.9318,0.9391
42007,0.9409,0.9409,0.9409,0.9409,0.9409,0.9409,0.9318,0.9409,0.9409,0.9318,0.9409,0.9318,0.9391
42008,0.9409,0.9409,0.9409,0.9409,0.9409,0.9409,0.9318,0.9409,0.9409,0.9318,0.9409,0.9318,0.9391
42607,0.9409,0.9409,0.9409,0.9409,0.9409,0.9409,0.9318,0.9409,0.9409,0.9318,0.9409,0.9318,0.9391
42608,0.9409,0.9409,0.9409,0.9409,0.9409,0.9409,0.9318,0.9409,0.9409,0.9318,0.9409,0.9318,0.9391
43207,0.9409,0.9409,0.9409,0.9409,0.9409,0.9409,0.9318,0.9409,0.9409,0.9318,0.9409,0.9318,0.9391
43208,0.9409,0.9409,0.9409,0.9409,0.9409,0.9409,0.9318,0.9409,0.9409,0.9318,0.9409,0.9318,0.9391
43807,0.9409,0.9409,0.9409,0.9409,0.9409,0.9409,0.9318,0.9409,0.9409,0.9318,0.9409,0.9318,0.9391
43808,0.9409,0.9409,0.9409,0.9409,0.9409,0.9409,0.9318,0.9409,0.9409,0.9318,0.9409,0.9318,0.9391
44407,0.9409,0.9409,0.9409,0.9409,0.9409,0.9409,0.9318,0.9409,0.9409,0.9318,0.9409,0.9318,0.9391
44408,0.9409,0.9409,0.9409,0.9409,0.9409,0.9409,0.9318,0.9409,0.9409,0.9318,0.9409,0.9318,0.9391
45007,0.9409,0.9409,0.9409,0.9409,0.9409,0.9409,0.9318,0.9409,0.9409,0.9318,0.9409,0.9318,0.9391
45008,0.9409,0.9409,0.9409,0.9409,0.9409,0.9409,0.9318,0.9409,0.9409,0.9318,0.9409,0.9318,0.9391
45607,0.9409,0.9409,0.9409,0.9409,0.9409,0.9409,0.9318,0.9409,0.9409,0.9318,0.9409,0.9318,0.9391
45608,0.9409,0.9409,0.9409,0.9409,0.9409,0.9409,0.9318,0.9409,0.9409,0.9318,0.9409,0.9318,0.9391
46207,0.9409,0.9409,0.9409,0.9409,0.9409,0.9409,0.9318,0.9409,0.9409,0.9318,0.9409,0.9318,0.9391
46208,0.9409,0.9409,0.9409,0.9409,0.9409,0.9409,0.9318,0.9409,0.9409,0.9318,0.9409,0.9318,0.9391
46807,0.9409,0.9409,0.9409,0.9409,0.9409,0.9409,0.9318,0.9409,0.9409,0.9318,0.9409,0.9318,0.9391
46808,0.9409,0.9409,0.9409,0.9409,0.9409,0.9409,0.9318,0.9409,0.9409,0.9318,0.9409,0.9318,0.9391
47407,0.9409,0.9409,0.9409,0.9409,0.9409,0.9409,0.9318,0.9409,0.9409,0.9318,0.9409,0.9318,0.9391
47408,0.9409,0.9409,0.9409,0.9409,0.9409,0.9409,0.9318,0.9409,0.9409,0.9318,0.9409,0.9318,0.9391
48007,0.9409,0.9409,0.9409,0.9409,0.9409,0.9409,0.9318,0.9409,0.9409,0.9318,0.9409,0.9318,0.9391
48008,0.9409,0.9409,0.9409,0.9409,0.9409,0.9409,0.9318,0.9409,0.9409,0.9318,0.9409,0.9318,0.9391
48607,0.9409,0.9409,0.9409,0.9409,0.9409,0.9409,0.9318,0.9409,0.9409,0.9318,0.9409,0.9318,0.9391
48608,0.9409,0.9409,0.9409,0.9409,0.9409,0.9409,0.9318,0.9409,0.9409,0.9318,0.9409,0.9318,0.9391
49207,0.9409,0.9409,0.9409,0.9409,0.9409,0.9409,0.9318,0.9409,0.9409,0.9318,0.9409,0.9318,0.9391
49208,0.9409,0.9409,0.9409,0.9409,0.9409,0.9409,0.9318,0.9409,0.9409,0.9318,0.9409,0.9318,0.9391
49807,0.9409,0.9409,0.9409,0.9409,0.9409,0.9409,0.9318,0.9409,0.9409,0.9318,0.9409,0.9318,0.9391
49808,0.9409,0.9409,0.9409,0.9409,0.9409,0.9409,0.9318,0.9409,0.9409,0.9318,0.9409,0.9318,0.9391
50407,0.9409,0.9409,0.9409,0.9409,0.9409,0.9409,0.9318,0.9409,0.9409,0.9318,0.9409,0.9318,0.9391
50408,0.9409,0.9409,0.9409,0.9409,0.9409,0.9409,0.9318,0.9409,0.9409,0.9318,0.9409,0.9318,0.9391
51007,0.9409,0.9409,0.9409,0.9409,0.9409,0.9409,0.9318,0.9409,0.9409,0.9318,0.9409,0.9318,0.9391
51008,0.9409,0.9409,0.9409,0.9409,0.9409,0.9409,0.9318,0.9409,0.9409,0.9318,0.9409,0.9318,0.9391
51607,0.9409,0.9409,0.9409,0.9409,0.9409,0.9409,0.9318,0.9409,0.9409,0.9318,0.9409,0.9318,0.9391
51608,0.9409,0.9409,0.9409,0.9409,0.9409,0.9409,0.9318,0.9409,0.9409,0.9318,0.9409,0.9318,0.9391
52207,0.9409,0.9409,0.9409,0.9409,0.9409,0.9409,0.9318,0.9409,0.9409,0.9318,0.9409,0.9318,0.9391
52208,0.9409,0.9409,0.9409,0.9409,0.9409,0.9409,0.9318,0.9409,0.9409,0.9318,0.9409,0.9318,0.9391
52807,0.9409,0.9409,0.9409,0.9409,0.9409,0.9409,0.9409,0.9409,0.9409,0.9318,0.9409,0.9318,0.94
52808,0.9409,0.9409,0.9409,0.9409,0.9409,0.9409,0.9409,0.9409,0.9409,0.9318,0.9409,0.9318,0.94
53407,0.9409,0.9409,0.9409,0.9409,0.9409,0.9409,0.9409,0.9409,0.9409,0.9318,0.9409,0.9318,0.94
53408,0.9409,0.9409,0.9409,0.9409,0.9409,0.9409,0.9409,0.9409,0.9409,0.9318,0.9409,0.9318,0.94
54007,0.9409,0.9409,0.9409,0.9409,0.9409,0.9409,0.9409,0.9409,0.9409,0.9318,0.9409,0.9318,0.94
54008,0.9409,0.9409,0.9409,0.9409,0.9409,0.9409,0.9409,0.9409,0.9409,0.9318,0.9409,0.9318,0.94
54607,0.9409,0.9409,0.9409,0.9409,0.9409,0.9409,0.9409,0.9409,0.9409,0.9318,0.9409,0.9318,0.94
54608,0.9409,0.9409,0.9409,0.9409,0.9409,0.9409,0.9409,0.9409,0.9409,0.9318,0.9409,0.9318,0.94
55207,0.9409,0.9409,0.9409,0.9409,0.9409,0.9409,0.9409,0.9409,0.9409,0.9318,0.9409,0.9318,0.94
55208,0.9409,0.9409,0.9409,0.9409,0.9409,0.9409,0.9409,0.9409,0.9409,0.9318,0.9409,0.9318,0.94
55807,0.9409,0.9409,0.9409,0.9409,0.9409,0.9409,0.9409,0.9409,0.9409,0.9318,0.9409,0.9318,0.94
55808,0.9409,0.9409,0.9409,0.9409,0.9409,0.9409,0.9409,0.9409,0.9409,0.9318,0.9409,0.9318,0.94
56407,0.9409,0.9409,0.9409,0.9409,0.9409,0.9409,0.9409,0.9409,0.9409,0.9318,0.9409,0.9318,0.94
56408,0.9409,0.9409,0.9409,0.9409,0.9409,0.9409,0.9409,0.9409,0.9409,0.9318,0.9409,0.9318,0.94
57007,0.9409,0.9409,0.9409,0.9409,0.9409,0.9409,0.9409,0.9409,0.9409,0.9318,0.9409,0.9318,0.94
57008,0.9409,0.9409,0.9409,0.9409,0.9409,0.9409,0.9409,0.9409,0.9409,0.9318,0.9409,0.9318,0.94
57607,0.9409,0.9409,0.9409,0.9409,0.9409,0.9409,0.9409,0.9409,0.9409,0.9318,0.9409,0.9318,0.94
57608,0.9409,0.9409,0.9409,0.9409,0.9409,0.9409,0.9409,0.9409,0.9409,0.9318,0.9409,0.9318,0.94
58207,0.9409,0.9409,0.9409,0.9409,0.9409,0.9409,0.9409,0.9409,0.9409,0.9318,0.9409,0.9318,0.94
58208,0.9409,0.9409,0.9409,0.9409,0.9409,0.9409,0.9409,0.9409,0.9409,0.9318,0.9409,0.9318,0.94
58807,0.9409,0.9409,0.9409,0.9409,0.9409,0.9409,0.9409,0.9409,0.9409,0.9318,0.9409,0.9318,0.94
58808,0.9409,0.9409,0.9409,0.9409,0.9409,0.9409,0.9409,0.9409,0.9409,0.9318,0.9409,0.9318,0.94
59407,0.9409,0.9409,0.9409,0.9409,0.9409,0.9409,0.9409,0.9409,0.9409,0.9318,0.9409,0.9318,0.94
59408,0.9409,0.9409,0.9409,0.9409,0.9409,0.9409,0.9409,0.9409,0.9409,0.9318,0.9409,0.9318,0.94
60007,0.9409,0.9409,0.9409,0.9409,0.9409,0.9409,0.9409,0.9409,0.9409,0.9318,0.9409,0.9318,0.94
60008,0.9409,0.9409,0.9409,0.9409,0.9409,0.9409,0.9409,0.9409,0.9409,0.9318,0.9409,0.9318,0.94
60607,0.9409,0.9409,0.9409,0.9409,0.9409,0.9409,0.9409,0.9409,0.9409,0.9318,0.9409,0.9318,0.94
60608,0.9409,0.9409,0.9409,0.9409,0.9409,0.9409,0.9409,0.9409,0.9409,0.9318,0.9409,0.9318,0.94
61207,0.9409,0.9409,0.9409,0.9409,0.9409,0.9409,0.9409,0.9409,0.9409,0.9318,0.9409,0.9318,0.94
61208,0.9409,0.9409,0.9409,0.9409,0.9409,0.9409,0.9409,0.9409,0.9409,0.9318,0.9409,0.9318,0.94
61807,0.9409,0.9409,0.9409,0.9409,0.9409,0.9409,0.9409,0.9409,0.9409,0.9318,0.9409,0.9318,0.94
61808,0.9409,0.9409,0.9409,0.9409,0.9409,0.9409,0.9409,0.9409,0.9409,0.9318,0.9409,0.9318,0.94
62407,0.9409,0.9409,0.9409,0.9409,0.9409,0.9409,0.9409,0.9409,0.9409,0.9318,0.9409,0.9318,0.94
62408,0.9409,0.9409,0.9409,0.9409,0.9409,0.9409,0.9409,0.9409,0.9409,0.9318,0.9409,0.9318,0.94
63007,0.9409,0.9409,0.9409,0.9409,0.9409,0.9409,0.9409,0.9409,0.9409,0.9318,0.9409,0.9318,0.94
63008,0.9409,0.9409,0.9409,0.9409,0.9409,0.9409,0.9409,0.9409,0.9409,0.9318,0.9409,0.9318,0.94
63607,0.9409,0.9409,0.9409,0.9409,0.9409,0.9409,0.9409,0.9409,0.9409,0.9318,0.9409,0.9318,0.94
63608,0.9409,0.9409,0.9409,0.9409,0.9409,0.9409,0.9409,0.9409,0.9409,0.9318,0.9409,0.9318,0.94
64207,0.9409,0.9409,0.9409,0.9409,0.9409,0.9409,0.9409,0.9409,0.9409,0.9318,0.9409,0.9318,0.94
64208,0.9409,0.9409,0.9409,0.9409,0.9409,0.9409,0.9409,0.9409,0.9409,0.9318,0.9409,0.9318,0.94
64807,0.9409,0.9409,0.9409,0.9409,0.9409,0.9409,0.9409,0.9409,0.9409,0.9318,0.9409,0.9318,0.94
64808,0.9409,0.9409,0.9409,0.9409,0.9409,0.9409,0.9409,0.9409,0.9409,0.9318,0.9409,0.9318,0.94
65407,0.9409,0.9409,0.9409,0.9409,0.9409,0.9409,0.9409,0.9409,0.9409,0.9318,0.9409,0.9318,0.94
65408,0.9409,0.9409,0.9409,0.9409,0.9409,0.9409,0.9409,0.9409,0.9409,0.9318,0.9409,0.9318,0.94
66007,0.9409,0.9409,0.9409,0.9409,0.9409,0.9409,0.9409,0.9409,0.9409,0.9318,0.9409,0.9318,0.94
66008,0.9409,0.9409,0.9409,0.9409,0.9409,0.9409,0.9409,0.9409,0.9409,0.9318,0.9409,0.9318,0.94
66607,0.9409,0.9409,0.9409,0.9409,0.9409,0.9409,0.9409,0.9409,0.9409,0.9318,0.9409,0.9318,0.94
66608,0.9409,0.9409,0.9409,0.9409,0.9409,0.9409,0.9409,0.9409,0.9409,0.9318,0.9409,0.9318,0.94
67207,0.9409,0.9409,0.9409,0.9409,0.9409,0.9409,0.9409,0.9409,0.9409,0.9318,0.9409,0.9318,0.94
67208,0.9409,0.9409,0.9409,0.9409,0.9409,0.9409,0.9409,0.9409,0.9409,0.9318,0.9409,0.9318,0.94
67807,0.9409,0.9409,0.9409,0.9409,0.9409,0.9409,0.9409,0.9409,0.9409,0.9318,0.9409,0.9318,0.94
67808,0.9409,0.9409,0.9409,0.9409,0.9409,0.9409,0.9409,0.9409,0.9409,0.9318,0.9409,0.9318,0.94
68407,0.9409,0.9409,0.9409,0.9409,0.9409,0.9409,0.9409,0.9409,0.9409,0.9318,0.9409,0.9318,0.94
68408,0.9409,0.9409,0.9409,0.9409,0.9409,0.9409,0.9409,0.9409,0.9409,0.9318,0.9409,0.9318,0.94
69007,0.9409,0.9409,0.9409,0.9409,0.9409,0.9409,0.9409,0.9409,0.9409,0.9318,0.9409,0.9318,0.94
69008,0.9409,0.9409,0.9409,0.9409,0.9409,0.9409,0.9409,0.9409,0.9409,0.9318,0.9409,0.9318,0.94
69607,0.9409,0.9409,0.9409,0.9409,0.9409,0.9409,0.9409,0.9409,0.9409,0.9318,0.9409,0.9318,0.94
69608,0.9409,0.9409,0.9409,0.9409,0.9409,0.9409,0.9409,0.9409,0.9409,0.9318,0.9409,0.9318,0.94
70207,0.9409,0.9409,0.9409,0.9409,0.9409,0.9409,0.9409,0.9409,0.9409,0.9318,0.9409,0.9318,0.94
70208,0.9409,0.9409,0.9409,0.9409,0.9409,0.9409,0.9409,0.9409,0.9409,0.9318,0.9409,0.9318,0.94
70807,0.9409,0.9409,0.9409,0.9409,0.9409,0.9409,0.9409,0.9409,0.9409,0.9318,0.9409,0.9318,0.94
70808,0.9409,0.9409,0.9409,0.9409,0.9409,0.9409,0.9409,0.9409,0.9409,0.9318,0.9409,0.9318,0.94
71407,0.9409,0.9409,0.9409,0.9409,0.9409,0.9409,0.9409,0.9409,0.9409,0.9318,0.9409,0.9318,0.94
71408,0.9409,0.9409,0.9409,0.9409,0.9409,0.9409,0.9409,0.9409,0.9409,0.9318,0.9409,0.9318,0.94
72007,0.9409,0.9409,0.9409,0.9409,0.9409,0.9409,0.9409,0.9409,0.9409,0.9318,0.9409,0.9318,0.94
72008,0.9409,0.9409,0.9409,0.9409,0.9409,0.9409,0.9409,0.9409,0.9409,0.9318,0.9409,0.9318,0.94
72607,0.9409,0.9409,0.9409,0.9409,0.9409,0.9409,0.9409,0.9409,0.9409,0.9318,0.9409,0.9318,0.94
72608,0.9409,0.9409,0.9409,0.9409,0.9409,0.9409,0.9409,0.9409,0.9409,0.9318,0.9409,0.9318,0.94
73207,0.9409,0.9409,0.9409,0.9409,0.9409,0.9409,0.9409,0.9409,0.9409,0.9318,0.9409,0.9318,0.94
73208,0.9409,0.9409,0.9409,0.9409,0.9409,0.9409,0.9409,0.9409,0.9409,0.9318,0.9409,0.9318,0.94
73807,0.9409,0.9409,0.9409,0.9409,0.9409,0.9409,0.9409,0.9409,0.9409,0.9318,0.9409,0.9318,0.94
73808,0.9409,0.9409,0.9409,0.9409,0.9409,0.9409,0.9409,0.9409,0.9409,0.9318,0.9409,0.9318,0.94
74407,0.9409,0.9409,0.9409,0.9409,0.9409,0.9409,0.9409,0.9409,0.9409,0.9318,0.9409,0.9318,0.94
74408,0.9409,0.9409,0.9409,0.9409,0.9409,0.9409,0.9409,0.9409,0.9409,0.9318,0.9409,0.9318,0.94
75007,0.9409,0.9409,0.9409,0.9409,0.9409,0.9409,0.9409,0.9409,0.9409,0.9318,0.9409,0.9318,0.94
75008,0.9409,0.9409,0.9409,0.9409,0.9409,0.9409,0.9409,0.9409,0.9409,0.9318,0.9409,0.9318,0.94
75607,0.9409,0.9409,0.9409,0.9409,0.9409,0.9409,0.9409,0.9409,0.9409,0.9318,0.9409,0.9318,0.94
75608,0.9409,0.9409,0.9409,0.9409,0.9409,0.9409,0.9409,0.9409,0.9409,0.9318,0.9409,0.9318,0.94
76207,0.9409,0.9409,0.9409,0.9409,0.9409,0.9409,0.9409,0.9409,0.9409,0.9318,0.9409,0.9318,0.94
76208,0.9409,0.9409,0.9409,0.9409,0.9409,0.9409,0.9409,0.9409,0.9409,0.9318,0.9409,0.9318,0.94
76807,0.9409,0.9409,0.9409,0.9409,0.9409,0.9409,0.9409,0.9409,0.9409,0.9318,0.9409,0.9318,0.94
76808,0.9409,0.9409,0.9409,0.9409,0.9409,0.9409,0.9409,0.9409,0.9409,0.9318,0.9409,0.9318,0.94
77407,0.9409,0.9409,0.9409,0.9409,0.9409,0.9409,0.9409,0.9409,0.9409,0.9318,0.9409,0.9318,0.94
77408,0.9409,0.9409,0.9409,0.9409,0.9409,0.9409,0.9409,0.9409,0.9409,0.9318,0.9409,0.9318,0.94
78007,0.9409,0.9409,0.9409,0.9409,0.9409,0.9409,0.9409,0.9409,0.9409,0.9318,0.9409,0.9318,0.94
78008,0.9409,0.9409,0.9409,0.9409,0.9409,0.9409,0.9409,0.9409,0.9409,0.9318,0.9409,0.9318,0.94
78607,0.9409,0.9409,0.9409,0.9409,0.9409,0.9409,0.9409,0.9409,0.9409,0.9318,0.9409,0.9318,0.94
78608,0.9409,0.9409,0.9409,0.9409,0.9409,0.9409,0.9409,0.9409,0.9409,0.9318,0.9409,0.9318,0.94
79207,0.9409,0.9409,0.9409,0.9409,0.9409,0.9409,0.9409,0.9409,0.9409,0.9318,0.9409,0.9318,0.94
79208,0.9409,0.9409,0.9409,0.9409,0.9409,0.9409,0.9409,0.9409,0.9409,0.9318,0.9409,0.9318,0.94
79807,0.9409,0.9409,0.9409,0.9409,0.9409,0.9409,0.9409,0.9409,0.9409,0.9318,0.9409,0.9318,0.94
79808,0.9409,0.9409,0.9409,0.9409,0.9409,0.9409,0.9409,0.9409,0.9409,0.9318,0.9409,0.9318,0.94
80407,0.9409,0.9409,0.9409,0.9409,0.9409,0.9409,0.9409,0.9409,0.9409,0.9318,0.9409,0.9318,0.94
80408,0.9409,0.9409,0.9409,0.9409,0.9409,0.9409,0.9409,0.9409,0.9409,0.9318,0.9409,0.9318,0.94
81007,0.9409,0.9409,0.9409,0.9409,0.9409,0.9409,0.9409,0.9409,0.9409,0.9318,0.9409,0.9318,0.94
81008,0.9409,0.9409,0.9409,0.9409,0.9409,0.9409,0.9409,0.9409,0.9409,0.9318,0.9409,0.9318,0.94
81607,0.9409,0.9409,0.9409,0.9409,0.9409,0.9409,0.9409,0.9409,0.9409,0.9318,0.9409,0.9318,0.94
81608,0.9409,0.9409,0.9409,0.9409,0.9409,0.9409,0.9409,0.9409,0.9409,0.9318,0.9409,0.9318,0.94
82207,0.9409,0.9409,0.9409,0.9409,0.9409,0.9409,0.9409,0.9409,0.9409,0.9318,0.9409,0.9318,0.94
82208,0.9409,0.9409,0.9409,0.9409,0.9409,0.9409,0.9409,0.9409,0.9409,0.9318,0.9409,0.9318,0.94
82807,0.9409,0.9409,0.9409,0.9409,0.9409,0.9409,0.9409,0.9409,0.9409,0.9318,0.9409,0.9318,0.94
82808,0.9409,0.9409,0.9409,0.9409,0.9409,0.9409,0.9409,0.9409,0.9409,0.9318,0.9409,0.9318,0.94
83407,0.9409,0.9409,0.9409,0.9409,0.9409,0.9409,0.9409,0.9409,0.9409,0.9318,0.9409,0.9318,0.94
83408,0.9409,0.9409,0.9409,0.9409,0.9409,0.9409,0.9409,0.9409,0.9409,0.9318,0.9409,0.9318,0.94
84007,0.9409,0.9409,0.9409,0.9409,0.9409,0.9409,0.9409,0.9409,0.9409,0.9318,0.9409,0.9318,0.94
84008,0.9409,0.9409,0.9409,0.9409,0.9409,0.9409,0.9409,0.9409,0.9409,0.9318,0.9409,0.9318,0.94
84607,0.9409,0.9409,0.9409,0.9409,0.9409,0.9409,0.9409,0.9409,0.9409,0.9318,0.9409,0.9318,0.94
84608,0.9409,0.9409,0.9409,0.9409,0.9409,0.9409,0.9409,0.9409,0.9409,0.9318,0.9409,0.9318,0.94
85207,0.9409,0.9409,0.9409,0.9409,0.9409,0.9409,0.9409,0.9409,0.9409,0.9318,0.9409,0.9318,0.94
85208,0.9409,0.9409,0.9409,0.9409,0.9409,0.9409,0.9409,0.9409,0.9409,0.9318,0.9409,0.9318,0.94
85807,0.9409,0.9409,0.9409,0.9409,0.9409,0.9409,0.9409,0.9409,0.9409,0.9318,0.9409,0.9318,0.94
85808,0.9409,0.9409,0.9409,0.9409,0.9409,0.9409,0.9409,0.9409,0.9409,0.9318,0.9409,0.9318,0.94
