timestamp,ehci4,ehci7,ehci3,ehci6,ehci8,ehci9,ehci1,ehci2,ehci5,ehci0,max,min,avg
0,0.087,0.087,0.087,0.087,0.087,0.087,0.087,0.087,0.087,0.087,0.087,0.087,0.087
1,0.0939,0.0939,0.0939,0.0939,0.0939,0.0939,0.0939,0.0939,0.0939,0.0939,0.0939,0.0939,0.0939
2,0.0939,0.0939,0.0939,0.0939,0.0939,0.0939,0.0939,0.0939,0.0939,0.0939,0.0939,0.0939,0.0939
3,0.2735,0.0939,0.0939,0.0939,0.0939,0.0939,0.0939,0.0939,0.0939,0.0939,0.2735,0.0939,0.1119
4,0.3066,0.2983,0.0939,0.0939,0.0939,0.0939,0.0939,0.0939,0.0939,0.0939,0.3066,0.0939,0.1356
5,0.3066,0.2983,0.0939,0.0939,0.0939,0.2983,0.0939,0.3094,0.2983,0.0939,0.3094,0.0939,0.198
6,0.3066,0.3094,0.0939,0.2983,0.2983,0.3094,0.0939,0.3094,0.3094,0.0939,0.3094,0.0939,0.2423
7,0.3094,0.3122,0.3094,0.3094,0.3094,0.3094,0.3122,0.3122,0.3094,0.0939,0.3122,0.0939,0.2887
8,0.3094,0.3122,0.3094,0.3122,0.3094,0.3122,0.3122,0.3122,0.3122,0.2983,0.3122,0.2983,0.31
9,0.3094,0.3122,0.3094,0.3122,0.3094,0.3122,0.3122,0.3122,0.3122,0.3094,0.3122,0.3094,0.3111
10,0.3094,0.3122,0.3122,0.3122,0.3122,0.3122,0.3122,0.3122,0.3122,0.3094,0.3122,0.3094,0.3116
11,0.3094,0.3122,0.3122,0.3122,0.3122,0.3122,0.3122,0.3122,0.3122,0.3122,0.3122,0.3094,0.3119
12,0.3094,0.3122,0.3122,0.3122,0.3122,0.3122,0.3122,0.3122,0.3122,0.3122,0.3122,0.3094,0.3119
13,0.3094,0.3122,0.3122,0.3122,0.3122,0.3122,0.3122,0.3122,0.3122,0.3122,0.3122,0.3094,0.3119
14,0.3094,0.3122,0.3122,0.3122,0.3122,0.3122,0.3122,0.3122,0.3122,0.3122,0.3122,0.3094,0.3119
15,0.3094,0.3122,0.3122,0.3122,0.3122,0.3122,0.3122,0.3122,0.3122,0.3122,0.3122,0.3094,0.3119
16,0.3094,0.3122,0.3122,0.3122,0.3122,0.3122,0.3122,0.3122,0.3122,0.3122,0.3122,0.3094,0.3119
17,0.3094,0.3122,0.3122,0.3122,0.3122,0.3122,0.3122,0.3122,0.3122,0.3122,0.3122,0.3094,0.3119
18,0.3094,0.3122,0.3122,0.3122,0.3122,0.3122,0.3122,0.3122,0.3122,0.3122,0.3122,0.3094,0.3119
19,0.3094,0.3122,0.3122,0.3122,0.3122,0.3122,0.3122,0.3122,0.3122,0.3122,0.3122,0.3094,0.3119
20,0.3094,0.3122,0.3122,0.3122,0.3122,0.3122,0.3122,0.3122,0.3122,0.3122,0.3122,0.3094,0.3119
21,0.3094,0.3122,0.3122,0.3122,0.3122,0.3122,0.3122,0.3122,0.3122,0.3122,0.3122,0.3094,0.3119
22,0.3094,0.3122,0.3122,0.3122,0.3122,0.3122,0.3122,0.3122,0.3122,0.3122,0.3122,0.3094,0.3119
23,0.3094,0.3122,0.3122,0.3122,0.3122,0.3122,0.3122,0.3122,0.3122,0.3122,0.3122,0.3094,0.3119
24,0.3094,0.3122,0.3122,0.3122,0.3122,0.3122,0.3122,0.3122,0.3122,0.3122,0.3122,0.3094,0.3119
25,0.3094,0.3122,0.3122,0.3122,0.3122,0.3122,0.3122,0.3122,0.3122,0.3122,0.3122,0.3094,0.3119
26,0.3094,0.3122,0.3122,0.3122,0.3122,0.3122,0.3122,0.3122,0.3122,0.3122,0.3122,0.3094,0.3119
27,0.3094,0.3122,0.3122,0.3122,0.3122,0.3122,0.3122,0.3122,0.3122,0.3122,0.3122,0.3094,0.3119
28,0.3094,0.3122,0.3122,0.3122,0.3122,0.3122,0.3122,0.3122,0.3122,0.3122,0.3122,0.3094,0.3119
29,0.3094,0.3122,0.3122,0.3122,0.3122,0.3122,0.3122,0.3122,0.3122,0.3122,0.3122,0.3094,0.3119
30,0.3094,0.3122,0.3122,0.3122,0.3122,0.3122,0.3122,0.3122,0.3122,0.3122,0.3122,0.3094,0.3119
31,0.3094,0.3122,0.3122,0.3122,0.3122,0.3122,0.3122,0.3122,0.3122,0.3122,0.3122,0.3094,0.3119
32,0.3094,0.3122,0.3122,0.3122,0.3122,0.3122,0.3122,0.3122,0.3122,0.3122,0.3122,0.3094,0.3119
33,0.3094,0.3122,0.3122,0.3122,0.3122,0.3122,0.3122,0.3122,0.3122,0.3122,0.3122,0.3094,0.3119
34,0.3094,0.3122,0.3122,0.3122,0.3122,0.3122,0.3122,0.3122,0.3122,0.3122,0.3122,0.3094,0.3119
35,0.3094,0.3122,0.3122,0.3122,0.3122,0.3122,0.3122,0.3122,0.3122,0.3122,0.3122,0.3094,0.3119
36,0.3094,0.3122,0.3122,0.3122,0.3122,0.3122,0.3122,0.3122,0.3122,0.3122,0.3122,0.3094,0.3119
37,0.3094,0.3122,0.3122,0.3122,0.3122,0.3122,0.3122,0.3122,0.3122,0.3122,0.3122,0.3094,0.3119
38,0.3094,0.3122,0.3122,0.3122,0.3122,0.3122,0.3122,0.3122,0.3122,0.3122,0.3122,0.3094,0.3119
39,0.3094,0.3122,0.3122,0.3122,0.3122,0.3122,0.3122,0.3122,0.3122,0.3122,0.3122,0.3094,0.3119
40,0.3094,0.3122,0.3122,0.3122,0.3122,0.3122,0.3122,0.3122,0.3122,0.3122,0.3122,0.3094,0.3119
41,0.3094,0.3122,0.3122,0.3122,0.3122,0.3122,0.3122,0.3122,0.3122,0.3122,0.3122,0.3094,0.3119
42,0.3094,0.3122,0.3122,0.3122,0.3122,0.3122,0.3122,0.3122,0.3122,0.3122,0.3122,0.3094,0.3119
43,0.3094,0.3122,0.3122,0.3122,0.3122,0.3122,0.3122,0.3122,0.3122,0.3122,0.3122,0.3094,0.3119
44,0.3094,0.3122,0.3122,0.3122,0.3122,0.3122,0.3122,0.3122,0.3122,0.3122,0.3122,0.3094,0.3119
45,0.3094,0.3122,0.3122,0.3122,0.3122,0.3122,0.3122,0.3122,0.3122,0.3122,0.3122,0.3094,0.3119
46,0.3094,0.3122,0.3122,0.3122,0.3122,0.3122,0.3122,0.3122,0.3122,0.3122,0.3122,0.3094,0.3119
47,0.3094,0.3122,0.3122,0.3122,0.3122,0.3122,0.3122,0.3122,0.3122,0.3122,0.3122,0.3094,0.3119
48,0.3094,0.3122,0.3122,0.3122,0.3122,0.3122,0.3122,0.3122,0.3122,0.3122,0.3122,0.3094,0.3119
49,0.3094,0.3122,0.3122,0.3122,0.3122,0.3122,0.3122,0.3122,0.3122,0.3122,0.3122,0.3094,0.3119
50,0.3094,0.3122,0.3122,0.3122,0.3122,0.3122,0.3122,0.3122,0.3122,0.3122,0.3122,0.3094,0.3119
51,0.3094,0.3122,0.3122,0.3122,0.3122,0.3122,0.3122,0.3122,0.3122,0.3122,0.3122,0.3094,0.3119
52,0.3094,0.3122,0.3122,0.3122,0.3122,0.3122,0.3122,0.3122,0.3122,0.3122,0.3122,0.3094,0.3119
53,0.3094,0.3122,0.3122,0.3122,0.3122,0.3122,0.3122,0.3122,0.3122,0.3122,0.3122,0.3094,0.3119
54,0.3094,0.3122,0.3122,0.3122,0.3122,0.3122,0.3122,0.3122,0.3122,0.3122,0.3122,0.3094,0.3119
55,0.3094,0.3122,0.3122,0.3122,0.3122,0.3122,0.3122,0.3122,0.3122,0.3122,0.3122,0.3094,0.3119
56,0.3094,0.3122,0.3122,0.3122,0.3122,0.3122,0.3122,0.3122,0.3122,0.3122,0.3122,0.3094,0.3119
57,0.3094,0.3122,0.3122,0.3122,0.3122,0.3122,0.3122,0.3122,0.3122,0.3122,0.3122,0.3094,0.3119
58,0.3094,0.3122,0.3122,0.3122,0.3122,0.3122,0.3122,0.3122,0.3122,0.3122,0.3122,0.3094,0.3119
59,0.3094,0.3122,0.3122,0.3122,0.3122,0.3122,0.3122,0.3122,0.3122,0.3122,0.3122,0.3094,0.3119
60,0.3094,0.3122,0.3122,0.3122,0.3122,0.3122,0.3122,0.3122,0.3122,0.3122,0.3122,0.3094,0.3119
61,0.3094,0.3122,0.3122,0.3122,0.3122,0.3122,0.3122,0.3122,0.3122,0.3122,0.3122,0.3094,0.3119
62,0.3094,0.3122,0.3122,0.3122,0.3122,0.3122,0.3122,0.3122,0.3122,0.3122,0.3122,0.3094,0.3119
63,0.3094,0.3122,0.3122,0.3122,0.3122,0.3122,0.3122,0.3122,0.3122,0.3122,0.3122,0.3094,0.3119
64,0.3094,0.3122,0.3122,0.3122,0.3122,0.3122,0.3122,0.3122,0.3122,0.3122,0.3122,0.3094,0.3119
65,0.3094,0.3122,0.3122,0.3122,0.3122,0.3122,0.3122,0.3122,0.3122,0.3122,0.3122,0.3094,0.3119
66,0.3094,0.3122,0.3122,0.3122,0.3122,0.3122,0.3122,0.3122,0.3122,0.3122,0.3122,0.3094,0.3119
67,0.3094,0.3122,0.3122,0.3122,0.3122,0.3122,0.3122,0.3122,0.3122,0.3122,0.3122,0.3094,0.3119
68,0.3094,0.3122,0.3122,0.3122,0.3122,0.3122,0.3122,0.3122,0.3122,0.3122,0.3122,0.3094,0.3119
69,0.3094,0.3122,0.3122,0.3122,0.3122,0.3122,0.3122,0.3122,0.3122,0.3122,0.3122,0.3094,0.3119
70,0.3094,0.3122,0.3122,0.3122,0.3122,0.3122,0.3122,0.3122,0.3122,0.3122,0.3122,0.3094,0.3119
71,0.3094,0.3122,0.3122,0.3122,0.3122,0.3122,0.3122,0.3122,0.3122,0.3122,0.3122,0.3094,0.3119
72,0.3094,0.3122,0.3122,0.3122,0.3122,0.3122,0.3122,0.3122,0.3122,0.3122,0.3122,0.3094,0.3119
73,0.3094,0.3122,0.3122,0.3122,0.3122,0.3122,0.3122,0.3122,0.3122,0.3122,0.3122,0.3094,0.3119
74,0.3094,0.3122,0.3122,0.3122,0.3122,0.3122,0.3122,0.3122,0.3122,0.3122,0.3122,0.3094,0.3119
75,0.3094,0.3122,0.3122,0.3122,0.3122,0.3122,0.3122,0.3122,0.3122,0.3122,0.3122,0.3094,0.3119
76,0.3094,0.3122,0.3122,0.3122,0.3122,0.3122,0.3122,0.3122,0.3122,0.3122,0.3122,0.3094,0.3119
77,0.3094,0.3122,0.3122,0.3122,0.3122,0.3122,0.3122,0.3122,0.3122,0.3122,0.3122,0.3094,0.3119
78,0.3094,0.3122,0.3122,0.3122,0.3122,0.3122,0.3122,0.3122,0.3122,0.3122,0.3122,0.3094,0.3119
79,0.3094,0.3122,0.3122,0.3122,0.3122,0.3122,0.3122,0.3122,0.3122,0.3122,0.3122,0.3094,0.3119
80,0.3094,0.3122,0.3122,0.3122,0.3122,0.3122,0.3122,0.3122,0.3122,0.3122,0.3122,0.3094,0.3119
81,0.3094,0.3122,0.3122,0.3122,0.3122,0.3122,0.3122,0.3122,0.3122,0.3122,0.3122,0.3094,0.3119
82,0.3094,0.3122,0.3122,0.3122,0.3122,0.3122,0.3122,0.3122,0.3122,0.3122,0.3122,0.3094,0.3119
83,0.3094,0.3122,0.3122,0.3122,0.3122,0.3122,0.3122,0.3122,0.3122,0.3122,0.3122,0.3094,0.3119
84,0.3094,0.3122,0.3122,0.3122,0.3122,0.3122,0.3122,0.3122,0.3122,0.3122,0.3122,0.3094,0.3119
85,0.3094,0.3122,0.3122,0.3122,0.3122,0.3122,0.3122,0.3122,0.3122,0.3122,0.3122,0.3094,0.3119
86,0.3094,0.3122,0.3122,0.3122,0.3122,0.3122,0.3122,0.3122,0.3122,0.3122,0.3122,0.3094,0.3119
87,0.3094,0.3122,0.3122,0.3122,0.3122,0.3122,0.3122,0.3122,0.3122,0.3122,0.3122,0.3094,0.3119
88,0.3094,0.3122,0.3122,0.3122,0.3122,0.3122,0.3122,0.3122,0.3122,0.3122,0.3122,0.3094,0.3119
89,0.3094,0.3122,0.3122,0.3122,0.3122,0.3122,0.3122,0.3122,0.3122,0.3122,0.3122,0.3094,0.3119
90,0.3094,0.3122,0.3122,0.3122,0.3122,0.3122,0.3122,0.3122,0.3122,0.3122,0.3122,0.3094,0.3119
91,0.3094,0.3122,0.3122,0.3122,0.3122,0.3122,0.3122,0.3122,0.3122,0.3122,0.3122,0.3094,0.3119
92,0.3094,0.3122,0.3122,0.3122,0.3122,0.3122,0.3122,0.3122,0.3122,0.3122,0.3122,0.3094,0.3119
93,0.3094,0.3122,0.3122,0.3122,0.3122,0.3122,0.3122,0.3122,0.3122,0.3122,0.3122,0.3094,0.3119
94,0.3094,0.3122,0.3122,0.3122,0.3122,0.3122,0.3122,0.3122,0.3122,0.3122,0.3122,0.3094,0.3119
95,0.3094,0.3122,0.3122,0.3122,0.3122,0.3122,0.3122,0.3122,0.3122,0.3122,0.3122,0.3094,0.3119
96,0.3094,0.3122,0.3122,0.3122,0.3122,0.3122,0.3122,0.3122,0.3122,0.3122,0.3122,0.3094,0.3119
97,0.3094,0.3122,0.3122,0.3122,0.3122,0.3122,0.3122,0.3122,0.3122,0.3122,0.3122,0.3094,0.3119
98,0.3094,0.3122,0.3122,0.3122,0.3122,0.3122,0.3122,0.3122,0.3122,0.3122,0.3122,0.3094,0.3119
99,0.3094,0.3122,0.3122,0.3122,0.3122,0.3122,0.3122,0.3122,0.3122,0.3122,0.3122,0.3094,0.3119
100,0.3094,0.3122,0.3122,0.3122,0.3122,0.3122,0.3122,0.3122,0.3122,0.3122,0.3122,0.3094,0.3119
101,0.3094,0.3122,0.3122,0.3122,0.3122,0.3122,0.3122,0.3122,0.3122,0.3122,0.3122,0.3094,0.3119
102,0.3094,0.3122,0.3122,0.3122,0.3122,0.3122,0.3122,0.3122,0.3122,0.3122,0.3122,0.3094,0.3119
103,0.3094,0.3122,0.3122,0.3122,0.3122,0.3122,0.3122,0.3122,0.3122,0.3122,0.3122,0.3094,0.3119
104,0.3094,0.3122,0.3122,0.3122,0.3122,0.3122,0.3122,0.3122,0.3122,0.3122,0.3122,0.3094,0.3119
105,0.3094,0.3122,0.3122,0.3122,0.3122,0.3122,0.3122,0.3122,0.3122,0.3122,0.3122,0.3094,0.3119
106,0.3094,0.3122,0.3122,0.3122,0.3122,0.3122,0.3122,0.3122,0.3122,0.3122,0.3122,0.3094,0.3119
107,0.3094,0.3122,0.3122,0.3122,0.3122,0.3122,0.3122,0.3122,0.3122,0.3122,0.3122,0.3094,0.3119
108,0.3094,0.3122,0.3122,0.3122,0.3122,0.3122,0.3122,0.3122,0.3122,0.3122,0.3122,0.3094,0.3119
109,0.3094,0.3122,0.3122,0.3122,0.3122,0.3122,0.3122,0.3122,0.3122,0.3122,0.3122,0.3094,0.3119
110,0.3094,0.3122,0.3122,0.3122,0.3122,0.3122,0.3122,0.3122,0.3122,0.3122,0.3122,0.3094,0.3119
111,0.3094,0.3122,0.3122,0.3122,0.3122,0.3122,0.3122,0.3122,0.3122,0.3122,0.3122,0.3094,0.3119
112,0.3094,0.3122,0.3122,0.3122,0.3122,0.3122,0.3122,0.3122,0.3122,0.3122,0.3122,0.3094,0.3119
113,0.3094,0.3122,0.3122,0.3122,0.3122,0.3122,0.3122,0.3122,0.3122,0.3122,0.3122,0.3094,0.3119
114,0.3094,0.3122,0.3122,0.3122,0.3122,0.3122,0.3122,0.3122,0.3122,0.3122,0.3122,0.3094,0.3119
115,0.3094,0.3122,0.3122,0.3122,0.3122,0.3122,0.3122,0.3122,0.3122,0.3122,0.3122,0.3094,0.3119
116,0.3094,0.3122,0.3122,0.3122,0.3122,0.3122,0.3122,0.3122,0.3122,0.3122,0.3122,0.3094,0.3119
117,0.3094,0.3122,0.3122,0.3122,0.3122,0.3122,0.3122,0.3122,0.3122,0.3122,0.3122,0.3094,0.3119
118,0.3094,0.3122,0.3122,0.3122,0.3122,0.3122,0.3122,0.3122,0.3122,0.3122,0.3122,0.3094,0.3119
119,0.3094,0.3122,0.3122,0.3122,0.3122,0.3122,0.3122,0.3122,0.3122,0.3122,0.3122,0.3094,0.3119
120,0.3094,0.3122,0.3122,0.3122,0.3122,0.3122,0.3122,0.3122,0.3122,0.3122,0.3122,0.3094,0.3119
121,0.3094,0.3122,0.3122,0.3122,0.3122,0.3122,0.3122,0.3122,0.3122,0.3122,0.3122,0.3094,0.3119
122,0.3094,0.3122,0.3122,0.3122,0.3122,0.3122,0.3122,0.3122,0.3122,0.3122,0.3122,0.3094,0.3119
123,0.3094,0.3122,0.3122,0.3122,0.3122,0.3122,0.3122,0.3122,0.3122,0.3122,0.3122,0.3094,0.3119
124,0.3094,0.3122,0.3122,0.3122,0.3122,0.3122,0.3122,0.3122,0.3122,0.3122,0.3122,0.3094,0.3119
125,0.3094,0.3122,0.3122,0.3122,0.3122,0.3122,0.3122,0.3122,0.3122,0.3122,0.3122,0.3094,0.3119
126,0.3094,0.3122,0.3122,0.3122,0.3122,0.3122,0.3122,0.3122,0.3122,0.3122,0.3122,0.3094,0.3119
127,0.3094,0.3122,0.3122,0.3122,0.3122,0.3122,0.3122,0.3122,0.3122,0.3122,0.3122,0.3094,0.3119
128,0.3094,0.3122,0.3122,0.3122,0.3122,0.3122,0.3122,0.3122,0.3122,0.3122,0.3122,0.3094,0.3119
129,0.3094,0.3122,0.3122,0.3122,0.3122,0.3122,0.3122,0.3122,0.3122,0.3122,0.3122,0.3094,0.3119
130,0.3094,0.3122,0.3122,0.3122,0.3122,0.3122,0.3122,0.3122,0.3122,0.3122,0.3122,0.3094,0.3119
131,0.3094,0.3122,0.3122,0.3122,0.3122,0.3122,0.3122,0.3122,0.3122,0.3122,0.3122,0.3094,0.3119
132,0.3094,0.3122,0.3122,0.3122,0.3122,0.3122,0.3122,0.3122,0.3122,0.3122,0.3122,0.3094,0.3119
133,0.3094,0.3122,0.3122,0.3122,0.3122,0.3122,0.3122,0.3122,0.3122,0.3122,0.3122,0.3094,0.3119
134,0.3094,0.3122,0.3122,0.3122,0.3122,0.3122,0.3122,0.3122,0.3122,0.3122,0.3122,0.3094,0.3119
135,0.3094,0.3122,0.3122,0.3122,0.3122,0.3122,0.3122,0.3122,0.3122,0.3122,0.3122,0.3094,0.3119
136,0.3094,0.3122,0.3122,0.3122,0.3122,0.3122,0.3122,0.3122,0.3122,0.3122,0.3122,0.3094,0.3119
137,0.3094,0.3122,0.3122,0.3122,0.3122,0.3122,0.3122,0.3122,0.3122,0.3122,0.3122,0.3094,0.3119
138,0.3094,0.3122,0.3122,0.3122,0.3122,0.3122,0.3122,0.3122,0.3122,0.3122,0.3122,0.3094,0.3119
139,0.3094,0.3122,0.3122,0.3122,0.3122,0.3122,0.3122,0.3122,0.3122,0.3122,0.3122,0.3094,0.3119
140,0.3094,0.3122,0.3122,0.3122,0.3122,0.3122,0.3122,0.3122,0.3122,0.3122,0.3122,0.3094,0.3119
141,0.3094,0.3122,0.3122,0.3122,0.3122,0.3122,0.3122,0.3122,0.3122,0.3122,0.3122,0.3094,0.3119
142,0.3094,0.3122,0.3122,0.3122,0.3122,0.3122,0.3122,0.3122,0.3122,0.3122,0.3122,0.3094,0.3119
143,0.3094,0.3122,0.3122,0.3122,0.3122,0.3122,0.3122,0.3122,0.3122,0.3122,0.3122,0.3094,0.3119
144,0.3094,0.3122,0.3122,0.3122,0.3122,0.3122,0.3122,0.3122,0.3122,0.3122,0.3122,0.3094,0.3119
145,0.3094,0.3122,0.3122,0.3122,0.3122,0.3122,0.3122,0.3122,0.3122,0.3122,0.3122,0.3094,0.3119
146,0.3094,0.3122,0.3122,0.3122,0.3122,0.3122,0.3122,0.3122,0.3122,0.3122,0.3122,0.3094,0.3119
147,0.3094,0.3122,0.3122,0.3122,0.3122,0.3122,0.3122,0.3122,0.3122,0.3122,0.3122,0.3094,0.3119
148,0.3094,0.3122,0.3122,0.3122,0.3122,0.3122,0.3122,0.3122,0.3122,0.3122,0.3122,0.3094,0.3119
149,0.3094,0.3122,0.3122,0.3122,0.3122,0.3122,0.3122,0.3122,0.3122,0.3122,0.3122,0.3094,0.3119
150,0.3094,0.3122,0.3122,0.3122,0.3122,0.3122,0.3122,0.3122,0.3122,0.3122,0.3122,0.3094,0.3119
151,0.3094,0.3122,0.3122,0.3122,0.3122,0.3122,0.3122,0.3122,0.3122,0.3122,0.3122,0.3094,0.3119
152,0.3094,0.3122,0.3122,0.3122,0.3122,0.3122,0.3122,0.3122,0.3122,0.3122,0.3122,0.3094,0.3119
153,0.3094,0.3122,0.3122,0.3122,0.3122,0.3122,0.3122,0.3122,0.3122,0.3122,0.3122,0.3094,0.3119
154,0.3094,0.3122,0.3122,0.3122,0.3122,0.3122,0.3122,0.3122,0.3122,0.3122,0.3122,0.3094,0.3119
155,0.3094,0.3122,0.3122,0.3122,0.3122,0.3122,0.3122,0.3122,0.3122,0.3122,0.3122,0.3094,0.3119
156,0.3094,0.3122,0.3122,0.3122,0.3122,0.3122,0.3122,0.3122,0.3122,0.3122,0.3122,0.3094,0.3119
157,0.3094,0.3122,0.3122,0.3122,0.3122,0.3122,0.3122,0.3122,0.3122,0.3122,0.3122,0.3094,0.3119
158,0.3094,0.3122,0.3122,0.3122,0.3122,0.3122,0.3122,0.3122,0.3122,0.3122,0.3122,0.3094,0.3119
159,0.3094,0.3122,0.3122,0.3122,0.3122,0.3122,0.3122,0.3122,0.3122,0.3122,0.3122,0.3094,0.3119
160,0.3094,0.3122,0.3122,0.3122,0.3122,0.3122,0.3122,0.3122,0.3122,0.3122,0.3122,0.3094,0.3119
161,0.3094,0.3122,0.3122,0.3122,0.3122,0.3122,0.3122,0.3122,0.3122,0.3122,0.3122,0.3094,0.3119
162,0.3094,0.3122,0.3122,0.3122,0.3122,0.3122,0.3122,0.3122,0.3122,0.3122,0.3122,0.3094,0.3119
163,0.3094,0.3122,0.3122,0.3122,0.3122,0.3122,0.3122,0.3122,0.3122,0.3122,0.3122,0.3094,0.3119
164,0.3094,0.3122,0.3122,0.3122,0.3122,0.3122,0.3122,0.3122,0.3122,0.3122,0.3122,0.3094,0.3119
165,0.3094,0.3122,0.3122,0.3122,0.3122,0.3122,0.3122,0.3122,0.3122,0.3122,0.3122,0.3094,0.3119
166,0.3094,0.3122,0.3122,0.3122,0.3122,0.3122,0.3122,0.3122,0.3122,0.3122,0.3122,0.3094,0.3119
167,0.3094,0.3122,0.3122,0.3122,0.3122,0.3122,0.3122,0.3122,0.3122,0.3122,0.3122,0.3094,0.3119
168,0.3094,0.3122,0.3122,0.3122,0.3122,0.3122,0.3122,0.3122,0.3122,0.3122,0.3122,0.3094,0.3119
169,0.3094,0.3122,0.3122,0.3122,0.3122,0.3122,0.3122,0.3122,0.3122,0.3122,0.3122,0.3094,0.3119
170,0.3094,0.3122,0.3122,0.3122,0.3122,0.3122,0.3122,0.3122,0.3122,0.3122,0.3122,0.3094,0.3119
171,0.3094,0.3122,0.3122,0.3122,0.3122,0.3122,0.3122,0.3122,0.3122,0.3122,0.3122,0.3094,0.3119
172,0.3094,0.3122,0.3122,0.3122,0.3122,0.3122,0.3122,0.3122,0.3122,0.3122,0.3122,0.3094,0.3119
173,0.3094,0.3122,0.3122,0.3122,0.3122,0.3122,0.3122,0.3122,0.3122,0.3122,0.3122,0.3094,0.3119
174,0.3094,0.3122,0.3122,0.3122,0.3122,0.3122,0.3122,0.3122,0.3122,0.3122,0.3122,0.3094,0.3119
175,0.3094,0.3122,0.3122,0.3122,0.3122,0.3122,0.3122,0.3122,0.3122,0.3122,0.3122,0.3094,0.3119
176,0.3094,0.3122,0.3122,0.3122,0.3122,0.3122,0.3122,0.3122,0.3122,0.3122,0.3122,0.3094,0.3119
177,0.3094,0.3122,0.3122,0.3122,0.3122,0.3122,0.3122,0.3122,0.3122,0.3122,0.3122,0.3094,0.3119
178,0.3094,0.3122,0.3122,0.3122,0.3122,0.3122,0.3122,0.3122,0.3122,0.3122,0.3122,0.3094,0.3119
179,0.3094,0.3122,0.3122,0.3122,0.3122,0.3122,0.3122,0.3122,0.3122,0.3122,0.3122,0.3094,0.3119
180,0.3094,0.3122,0.3122,0.3122,0.3122,0.3122,0.3122,0.3122,0.3122,0.3122,0.3122,0.3094,0.3119
181,0.3094,0.3122,0.3122,0.3122,0.3122,0.3122,0.3122,0.3122,0.3122,0.3122,0.3122,0.3094,0.3119
182,0.3094,0.3122,0.3122,0.3122,0.3122,0.3122,0.3122,0.3122,0.3122,0.3122,0.3122,0.3094,0.3119
183,0.3094,0.3122,0.3122,0.3122,0.3122,0.3122,0.3122,0.3122,0.3122,0.3122,0.3122,0.3094,0.3119
184,0.3094,0.3122,0.3122,0.3122,0.3122,0.3122,0.3122,0.3122,0.3122,0.3122,0.3122,0.3094,0.3119
185,0.3094,0.3122,0.3122,0.3122,0.3122,0.3122,0.3122,0.3122,0.3122,0.3122,0.3122,0.3094,0.3119
186,0.3094,0.3122,0.3122,0.3122,0.3122,0.3122,0.3122,0.3122,0.3122,0.3122,0.3122,0.3094,0.3119
187,0.3094,0.3122,0.3122,0.3122,0.3122,0.3122,0.3122,0.3122,0.3122,0.3122,0.3122,0.3094,0.3119
188,0.3094,0.3122,0.3122,0.3122,0.3122,0.3122,0.3122,0.3122,0.3122,0.3122,0.3122,0.3094,0.3119
189,0.3094,0.3122,0.3122,0.3122,0.3122,0.3122,0.3122,0.3122,0.3122,0.3122,0.3122,0.3094,0.3119
190,0.3094,0.3122,0.3122,0.3122,0.3122,0.3122,0.3122,0.3122,0.3122,0.3122,0.3122,0.3094,0.3119
191,0.3094,0.3122,0.3122,0.3122,0.3122,0.3122,0.3122,0.3122,0.3122,0.3122,0.3122,0.3094,0.3119
192,0.3094,0.3122,0.3122,0.3122,0.3122,0.3122,0.3122,0.3122,0.3122,0.3122,0.3122,0.3094,0.3119
193,0.3094,0.3122,0.3122,0.3122,0.3122,0.3122,0.3122,0.3122,0.3122,0.3122,0.3122,0.3094,0.3119
194,0.3094,0.3122,0.3122,0.3122,0.3122,0.3122,0.3122,0.3122,0.3122,0.3122,0.3122,0.3094,0.3119
195,0.3094,0.3122,0.3122,0.3122,0.3122,0.3122,0.3122,0.3122,0.3122,0.3122,0.3122,0.3094,0.3119
196,0.3094,0.3122,0.3122,0.3122,0.3122,0.3122,0.3122,0.3122,0.3122,0.3122,0.3122,0.3094,0.3119
197,0.3094,0.3122,0.3122,0.3122,0.3122,0.3122,0.3122,0.3122,0.3122,0.3122,0.3122,0.3094,0.3119
198,0.3094,0.3122,0.3122,0.3122,0.3122,0.3122,0.3122,0.3122,0.3122,0.3122,0.3122,0.3094,0.3119
199,0.3094,0.3122,0.3122,0.3122,0.3122,0.3122,0.3122,0.3122,0.3122,0.3122,0.3122,0.3094,0.3119
200,0.3094,0.3122,0.3122,0.3122,0.3122,0.3122,0.3122,0.3122,0.3122,0.3122,0.3122,0.3094,0.3119
201,0.3094,0.3122,0.3122,0.3122,0.3122,0.3122,0.3122,0.3122,0.3122,0.3122,0.3122,0.3094,0.3119
202,0.3094,0.3122,0.3122,0.3122,0.3122,0.3122,0.3122,0.3122,0.3122,0.3122,0.3122,0.3094,0.3119
203,0.3094,0.3122,0.3122,0.3122,0.3122,0.3122,0.3122,0.3122,0.3122,0.3122,0.3122,0.3094,0.3119
204,0.3094,0.3122,0.3122,0.3122,0.3122,0.3122,0.3122,0.3122,0.3122,0.3122,0.3122,0.3094,0.3119
205,0.3094,0.3122,0.3122,0.3122,0.3122,0.3122,0.3122,0.3122,0.3122,0.3122,0.3122,0.3094,0.3119
206,0.3094,0.3122,0.3122,0.3122,0.3122,0.3122,0.3122,0.3122,0.3122,0.3122,0.3122,0.3094,0.3119
207,0.3094,0.3122,0.3122,0.3122,0.3122,0.3122,0.3122,0.3122,0.3122,0.3122,0.3122,0.3094,0.3119
208,0.3094,0.3122,0.3122,0.3122,0.3122,0.3122,0.3122,0.3122,0.3122,0.3122,0.3122,0.3094,0.3119
209,0.3094,0.3122,0.3122,0.3122,0.3122,0.3122,0.3122,0.3122,0.3122,0.3122,0.3122,0.3094,0.3119
210,0.3094,0.3122,0.3122,0.3122,0.3122,0.3122,0.3122,0.3122,0.3122,0.3122,0.3122,0.3094,0.3119
211,0.3094,0.3122,0.3122,0.3122,0.3122,0.3122,0.3122,0.3122,0.3122,0.3122,0.3122,0.3094,0.3119
212,0.3094,0.3122,0.3122,0.3122,0.3122,0.3122,0.3122,0.3122,0.3122,0.3122,0.3122,0.3094,0.3119
213,0.3094,0.3122,0.3122,0.3122,0.3122,0.3122,0.3122,0.3122,0.3122,0.3122,0.3122,0.3094,0.3119
214,0.3094,0.3122,0.3122,0.3122,0.3122,0.3122,0.3122,0.3122,0.3122,0.3122,0.3122,0.3094,0.3119
215,0.3094,0.3122,0.3122,0.3122,0.3122,0.3122,0.3122,0.3122,0.3122,0.3122,0.3122,0.3094,0.3119
216,0.3094,0.3122,0.3122,0.3122,0.3122,0.3122,0.3122,0.3122,0.3122,0.3122,0.3122,0.3094,0.3119
217,0.3094,0.3122,0.3122,0.3122,0.3122,0.3122,0.3122,0.3122,0.3122,0.3122,0.3122,0.3094,0.3119
218,0.3094,0.3122,0.3122,0.3122,0.3122,0.3122,0.3122,0.3122,0.3122,0.3122,0.3122,0.3094,0.3119
219,0.3094,0.3122,0.3122,0.3122,0.3122,0.3122,0.3122,0.3122,0.3122,0.3122,0.3122,0.3094,0.3119
220,0.3094,0.3122,0.3122,0.3122,0.3122,0.3122,0.3122,0.3122,0.3122,0.3122,0.3122,0.3094,0.3119
221,0.3094,0.3122,0.3122,0.3122,0.3122,0.3122,0.3122,0.3122,0.3122,0.3122,0.3122,0.3094,0.3119
222,0.3094,0.3122,0.3122,0.3122,0.3122,0.3122,0.3122,0.3122,0.3122,0.3122,0.3122,0.3094,0.3119
223,0.3094,0.3122,0.3122,0.3122,0.3122,0.3122,0.3122,0.3122,0.3122,0.3122,0.3122,0.3094,0.3119
224,0.3094,0.3122,0.3122,0.3122,0.3122,0.3122,0.3122,0.3122,0.3122,0.3122,0.3122,0.3094,0.3119
225,0.3094,0.3122,0.3122,0.3122,0.3122,0.3122,0.3122,0.3122,0.3122,0.3122,0.3122,0.3094,0.3119
226,0.3094,0.3122,0.3122,0.3122,0.3122,0.3122,0.3122,0.3122,0.3122,0.3122,0.3122,0.3094,0.3119
227,0.3094,0.3122,0.3122,0.3122,0.3122,0.3122,0.3122,0.3122,0.3122,0.3122,0.3122,0.3094,0.3119
228,0.3094,0.3122,0.3122,0.3122,0.3122,0.3122,0.3122,0.3122,0.3122,0.3122,0.3122,0.3094,0.3119
229,0.3094,0.3122,0.3122,0.3122,0.3122,0.3122,0.3122,0.3122,0.3122,0.3122,0.3122,0.3094,0.3119
230,0.3094,0.3122,0.3122,0.3122,0.3122,0.3122,0.3122,0.3122,0.3122,0.3122,0.3122,0.3094,0.3119
231,0.3094,0.3122,0.3122,0.3122,0.3122,0.3122,0.3122,0.3122,0.3122,0.3122,0.3122,0.3094,0.3119
232,0.3094,0.3122,0.3122,0.3122,0.3122,0.3122,0.3122,0.3122,0.3122,0.3122,0.3122,0.3094,0.3119
233,0.3094,0.3122,0.3122,0.3122,0.3122,0.3122,0.3122,0.3122,0.3122,0.3122,0.3122,0.3094,0.3119
234,0.3094,0.3122,0.3122,0.3122,0.3122,0.3122,0.3122,0.3122,0.3122,0.3122,0.3122,0.3094,0.3119
235,0.3094,0.3122,0.3122,0.3122,0.3122,0.3122,0.3122,0.3122,0.3122,0.3122,0.3122,0.3094,0.3119
236,0.3094,0.3122,0.3122,0.3122,0.3122,0.3122,0.3122,0.3122,0.3122,0.3122,0.3122,0.3094,0.3119
237,0.3094,0.3122,0.3122,0.3122,0.3122,0.3122,0.3122,0.3122,0.3122,0.3122,0.3122,0.3094,0.3119
238,0.3094,0.3122,0.3122,0.3122,0.3122,0.3122,0.3122,0.3122,0.3122,0.3122,0.3122,0.3094,0.3119
239,0.3094,0.3122,0.3122,0.3122,0.3122,0.3122,0.3122,0.3122,0.3122,0.3122,0.3122,0.3094,0.3119
240,0.3094,0.3122,0.3122,0.3122,0.3122,0.3122,0.3122,0.3122,0.3122,0.3122,0.3122,0.3094,0.3119
241,0.3094,0.3122,0.3122,0.3122,0.3122,0.3122,0.3122,0.3122,0.3122,0.3122,0.3122,0.3094,0.3119
242,0.3094,0.3122,0.3122,0.3122,0.3122,0.3122,0.3122,0.3122,0.3122,0.3122,0.3122,0.3094,0.3119
243,0.3094,0.3122,0.3122,0.3122,0.3122,0.3122,0.3122,0.3122,0.3122,0.3122,0.3122,0.3094,0.3119
244,0.3094,0.3122,0.3122,0.3122,0.3122,0.3122,0.3122,0.3122,0.3122,0.3122,0.3122,0.3094,0.3119
245,0.3094,0.3122,0.3122,0.3122,0.3122,0.3122,0.3122,0.3122,0.3122,0.3122,0.3122,0.3094,0.3119
246,0.3094,0.3122,0.3122,0.3122,0.3122,0.3122,0.3122,0.3122,0.3122,0.3122,0.3122,0.3094,0.3119
247,0.3094,0.3122,0.3122,0.3122,0.3122,0.3122,0.3122,0.3122,0.3122,0.3122,0.3122,0.3094,0.3119
248,0.3094,0.3122,0.3122,0.3122,0.3122,0.3122,0.3122,0.3122,0.3122,0.3122,0.3122,0.3094,0.3119
249,0.3094,0.3122,0.3122,0.3122,0.3122,0.3122,0.3122,0.3122,0.3122,0.3122,0.3122,0.3094,0.3119
250,0.3094,0.3122,0.3122,0.3122,0.3122,0.3122,0.3122,0.3122,0.3122,0.3122,0.3122,0.3094,0.3119
251,0.3094,0.3122,0.3122,0.3122,0.3122,0.3122,0.3122,0.3122,0.3122,0.3122,0.3122,0.3094,0.3119
252,0.3094,0.3122,0.3122,0.3122,0.3122,0.3122,0.3122,0.3122,0.3122,0.3122,0.3122,0.3094,0.3119
253,0.3094,0.3122,0.3122,0.3122,0.3122,0.3122,0.3122,0.3122,0.3122,0.3122,0.3122,0.3094,0.3119
254,0.3094,0.3122,0.3122,0.3122,0.3122,0.3122,0.3122,0.3122,0.3122,0.3122,0.3122,0.3094,0.3119
255,0.3094,0.3122,0.3122,0.3122,0.3122,0.3122,0.3122,0.3122,0.3122,0.3122,0.3122,0.3094,0.3119
256,0.3094,0.3122,0.3122,0.3122,0.3122,0.3122,0.3122,0.3122,0.3122,0.3122,0.3122,0.3094,0.3119
257,0.3094,0.3122,0.3122,0.3122,0.3122,0.3122,0.3122,0.3122,0.3122,0.3122,0.3122,0.3094,0.3119
258,0.3094,0.3122,0.3122,0.3122,0.3122,0.3122,0.3122,0.3122,0.3122,0.3122,0.3122,0.3094,0.3119
259,0.3094,0.3122,0.3122,0.3122,0.3122,0.3122,0.3122,0.3122,0.3122,0.3122,0.3122,0.3094,0.3119
260,0.3094,0.3122,0.3122,0.3122,0.3122,0.3122,0.3122,0.3122,0.3122,0.3122,0.3122,0.3094,0.3119
261,0.3094,0.3122,0.3122,0.3122,0.3122,0.3122,0.3122,0.3122,0.3122,0.3122,0.3122,0.3094,0.3119
262,0.3094,0.3122,0.3122,0.3122,0.3122,0.3122,0.3122,0.3122,0.3122,0.3122,0.3122,0.3094,0.3119
263,0.3094,0.3122,0.3122,0.3122,0.3122,0.3122,0.3122,0.3122,0.3122,0.3122,0.3122,0.3094,0.3119
264,0.3094,0.3122,0.3122,0.3122,0.3122,0.3122,0.3122,0.3122,0.3122,0.3122,0.3122,0.3094,0.3119
265,0.3094,0.3122,0.3122,0.3122,0.3122,0.3122,0.3122,0.3122,0.3122,0.3122,0.3122,0.3094,0.3119
266,0.3094,0.3122,0.3122,0.3122,0.3122,0.3122,0.3122,0.3122,0.3122,0.3122,0.3122,0.3094,0.3119
267,0.3094,0.3122,0.3122,0.3122,0.3122,0.3122,0.3122,0.3122,0.3122,0.3122,0.3122,0.3094,0.3119
268,0.3094,0.3122,0.3122,0.3122,0.3122,0.3122,0.3122,0.3122,0.3122,0.3122,0.3122,0.3094,0.3119
269,0.3094,0.3122,0.3122,0.3122,0.3122,0.3122,0.3122,0.3122,0.3122,0.3122,0.3122,0.3094,0.3119
270,0.3094,0.3122,0.3122,0.3122,0.3122,0.3122,0.3122,0.3122,0.3122,0.3122,0.3122,0.3094,0.3119
271,0.3094,0.3122,0.3122,0.3122,0.3122,0.3122,0.3122,0.3122,0.3122,0.3122,0.3122,0.3094,0.3119
272,0.3094,0.3122,0.3122,0.3122,0.3122,0.3122,0.3122,0.3122,0.3122,0.3122,0.3122,0.3094,0.3119
273,0.3094,0.3122,0.3122,0.3122,0.3122,0.3122,0.3122,0.3122,0.3122,0.3122,0.3122,0.3094,0.3119
274,0.3094,0.3122,0.3122,0.3122,0.3122,0.3122,0.3122,0.3122,0.3122,0.3122,0.3122,0.3094,0.3119
275,0.3094,0.3122,0.3122,0.3122,0.3122,0.3122,0.3122,0.3122,0.3122,0.3122,0.3122,0.3094,0.3119
276,0.3094,0.3122,0.3122,0.3122,0.3122,0.3122,0.3122,0.3122,0.3122,0.3122,0.3122,0.3094,0.3119
277,0.3094,0.3122,0.3122,0.3122,0.3122,0.3122,0.3122,0.3122,0.3122,0.3122,0.3122,0.3094,0.3119
278,0.3094,0.3122,0.3122,0.3122,0.3122,0.3122,0.3122,0.3122,0.3122,0.3122,0.3122,0.3094,0.3119
279,0.3094,0.3122,0.3122,0.3122,0.3122,0.3122,0.3122,0.3122,0.3122,0.3122,0.3122,0.3094,0.3119
280,0.3094,0.3122,0.3122,0.3122,0.3122,0.3122,0.3122,0.3122,0.3122,0.3122,0.3122,0.3094,0.3119
281,0.3094,0.3122,0.3122,0.3122,0.3122,0.3122,0.3122,0.3122,0.3122,0.3122,0.3122,0.3094,0.3119
282,0.3094,0.3122,0.3122,0.3122,0.3122,0.3122,0.3122,0.3122,0.3122,0.3122,0.3122,0.3094,0.3119
283,0.3094,0.3122,0.3122,0.3122,0.3122,0.3122,0.3122,0.3122,0.3122,0.3122,0.3122,0.3094,0.3119
284,0.3094,0.3122,0.3122,0.3122,0.3122,0.3122,0.3122,0.3122,0.3122,0.3122,0.3122,0.3094,0.3119
285,0.3094,0.3122,0.3122,0.3122,0.3122,0.3122,0.3122,0.3122,0.3122,0.3122,0.3122,0.3094,0.3119
286,0.3094,0.3122,0.3122,0.3122,0.3122,0.3122,0.3122,0.3122,0.3122,0.3122,0.3122,0.3094,0.3119
287,0.3094,0.3122,0.3122,0.3122,0.3122,0.3122,0.3122,0.3122,0.3122,0.3122,0.3122,0.3094,0.3119
288,0.3094,0.3122,0.3122,0.3122,0.3122,0.3122,0.3122,0.3122,0.3122,0.3122,0.3122,0.3094,0.3119
289,0.3094,0.3122,0.3122,0.3122,0.3122,0.3122,0.3122,0.3122,0.3122,0.3122,0.3122,0.3094,0.3119
290,0.3094,0.3122,0.3122,0.3122,0.3122,0.3122,0.3122,0.3122,0.3122,0.3122,0.3122,0.3094,0.3119
291,0.3094,0.3122,0.3122,0.3122,0.3122,0.3122,0.3122,0.3122,0.3122,0.3122,0.3122,0.3094,0.3119
292,0.3094,0.3122,0.3122,0.3122,0.3122,0.3122,0.3122,0.3122,0.3122,0.3122,0.3122,0.3094,0.3119
293,0.3094,0.3122,0.3122,0.3122,0.3122,0.3122,0.3122,0.3122,0.3122,0.3122,0.3122,0.3094,0.3119
294,0.3094,0.3122,0.3122,0.3122,0.3122,0.3122,0.3122,0.3122,0.3122,0.3122,0.3122,0.3094,0.3119
295,0.3094,0.3122,0.3122,0.3122,0.3122,0.3122,0.3122,0.3122,0.3122,0.3122,0.3122,0.3094,0.3119
296,0.3094,0.3122,0.3122,0.3122,0.3122,0.3122,0.3122,0.3122,0.3122,0.3122,0.3122,0.3094,0.3119
297,0.3094,0.3122,0.3122,0.3122,0.3122,0.3122,0.3122,0.3122,0.3122,0.3122,0.3122,0.3094,0.3119
298,0.3094,0.3122,0.3122,0.3122,0.3122,0.3122,0.3122,0.3122,0.3122,0.3122,0.3122,0.3094,0.3119
299,0.3094,0.3122,0.3122,0.3122,0.3122,0.3122,0.3122,0.3122,0.3122,0.3122,0.3122,0.3094,0.3119
300,0.3094,0.3122,0.3122,0.3122,0.3122,0.3122,0.3122,0.3122,0.3122,0.3122,0.3122,0.3094,0.3119
301,0.3094,0.3122,0.3122,0.3122,0.3122,0.3122,0.3122,0.3122,0.3122,0.3122,0.3122,0.3094,0.3119
302,0.3094,0.3122,0.3122,0.3122,0.3122,0.3122,0.3122,0.3122,0.3122,0.3122,0.3122,0.3094,0.3119
303,0.3094,0.3122,0.3122,0.3122,0.3122,0.3122,0.3122,0.3122,0.3122,0.3122,0.3122,0.3094,0.3119
304,0.3094,0.3122,0.3122,0.3122,0.3122,0.3122,0.3122,0.3122,0.3122,0.3122,0.3122,0.3094,0.3119
305,0.3094,0.3122,0.3122,0.3122,0.3122,0.3122,0.3122,0.3122,0.3122,0.3122,0.3122,0.3094,0.3119
306,0.3094,0.3122,0.3122,0.3122,0.3122,0.3122,0.3122,0.3122,0.3122,0.3122,0.3122,0.3094,0.3119
307,0.3094,0.3122,0.3122,0.3122,0.3122,0.3122,0.3122,0.3122,0.3122,0.3122,0.3122,0.3094,0.3119
308,0.3094,0.3122,0.3122,0.3122,0.3122,0.3122,0.3122,0.3122,0.3122,0.3122,0.3122,0.3094,0.3119
309,0.3094,0.3122,0.3122,0.3122,0.3122,0.3122,0.3122,0.3122,0.3122,0.3122,0.3122,0.3094,0.3119
310,0.3094,0.3122,0.3122,0.3122,0.3122,0.3122,0.3122,0.3122,0.3122,0.3122,0.3122,0.3094,0.3119
311,0.3094,0.3122,0.3122,0.3122,0.3122,0.3122,0.3122,0.3122,0.3122,0.3122,0.3122,0.3094,0.3119
312,0.3094,0.3122,0.3122,0.3122,0.3122,0.3122,0.3122,0.3122,0.3122,0.3122,0.3122,0.3094,0.3119
313,0.3094,0.3122,0.3122,0.3122,0.3122,0.3122,0.3122,0.3122,0.3122,0.3122,0.3122,0.3094,0.3119
314,0.3094,0.3122,0.3122,0.3122,0.3122,0.3122,0.3122,0.3122,0.3122,0.3122,0.3122,0.3094,0.3119
315,0.3094,0.3122,0.3122,0.3122,0.3122,0.3122,0.3122,0.3122,0.3122,0.3122,0.3122,0.3094,0.3119
316,0.3094,0.3122,0.3122,0.3122,0.3122,0.3122,0.3122,0.3122,0.3122,0.3122,0.3122,0.3094,0.3119
317,0.3094,0.3122,0.3122,0.3122,0.3122,0.3122,0.3122,0.3122,0.3122,0.3122,0.3122,0.3094,0.3119
318,0.3094,0.3122,0.3122,0.3122,0.3122,0.3122,0.3122,0.3122,0.3122,0.3122,0.3122,0.3094,0.3119
319,0.3094,0.3122,0.3122,0.3122,0.3122,0.3122,0.3122,0.3122,0.3122,0.3122,0.3122,0.3094,0.3119
320,0.3094,0.3122,0.3122,0.3122,0.3122,0.3122,0.3122,0.3122,0.3122,0.3122,0.3122,0.3094,0.3119
321,0.3094,0.3122,0.3122,0.3122,0.3122,0.3122,0.3122,0.3122,0.3122,0.3122,0.3122,0.3094,0.3119
322,0.3094,0.3122,0.3122,0.3122,0.3122,0.3122,0.3122,0.3122,0.3122,0.3122,0.3122,0.3094,0.3119
323,0.3094,0.3122,0.3122,0.3122,0.3122,0.3122,0.3122,0.3122,0.3122,0.3122,0.3122,0.3094,0.3119
324,0.3094,0.3122,0.3122,0.3122,0.3122,0.3122,0.3122,0.3122,0.3122,0.3122,0.3122,0.3094,0.3119
325,0.3094,0.3122,0.3122,0.3122,0.3122,0.3122,0.3122,0.3122,0.3122,0.3122,0.3122,0.3094,0.3119
326,0.3094,0.3122,0.3122,0.3122,0.3122,0.3122,0.3122,0.3122,0.3122,0.3122,0.3122,0.3094,0.3119
327,0.3094,0.3122,0.3122,0.3122,0.3122,0.3122,0.3122,0.3122,0.3122,0.3122,0.3122,0.3094,0.3119
328,0.3094,0.3122,0.3122,0.3122,0.3122,0.3122,0.3122,0.3122,0.3122,0.3122,0.3122,0.3094,0.3119
329,0.3094,0.3122,0.3122,0.3122,0.3122,0.3122,0.3122,0.3122,0.3122,0.3122,0.3122,0.3094,0.3119
330,0.3094,0.3122,0.3122,0.3122,0.3122,0.3122,0.3122,0.3122,0.3122,0.3122,0.3122,0.3094,0.3119
331,0.3094,0.3122,0.3122,0.3122,0.3122,0.3122,0.3122,0.3122,0.3122,0.3122,0.3122,0.3094,0.3119
332,0.3094,0.3122,0.3122,0.3122,0.3122,0.3122,0.3122,0.3122,0.3122,0.3122,0.3122,0.3094,0.3119
333,0.3094,0.3122,0.3122,0.3122,0.3122,0.3122,0.3122,0.3122,0.3122,0.3122,0.3122,0.3094,0.3119
334,0.3094,0.3122,0.3122,0.3122,0.3122,0.3122,0.3122,0.3122,0.3122,0.3122,0.3122,0.3094,0.3119
335,0.3094,0.3122,0.3122,0.3122,0.3122,0.3122,0.3122,0.3122,0.3122,0.3122,0.3122,0.3094,0.3119
336,0.3094,0.3122,0.3122,0.3122,0.3122,0.3122,0.3122,0.3122,0.3122,0.3122,0.3122,0.3094,0.3119
337,0.3094,0.3122,0.3122,0.3122,0.3122,0.3122,0.3122,0.3122,0.3122,0.3122,0.3122,0.3094,0.3119
338,0.3094,0.3122,0.3122,0.3122,0.3122,0.3122,0.3122,0.3122,0.3122,0.3122,0.3122,0.3094,0.3119
339,0.3094,0.3122,0.3122,0.3122,0.3122,0.3122,0.3122,0.3122,0.3122,0.3122,0.3122,0.3094,0.3119
340,0.3094,0.3122,0.3122,0.3122,0.3122,0.3122,0.3122,0.3122,0.3122,0.3122,0.3122,0.3094,0.3119
341,0.3094,0.3122,0.3122,0.3122,0.3122,0.3122,0.3122,0.3122,0.3122,0.3122,0.3122,0.3094,0.3119
342,0.3094,0.3122,0.3122,0.3122,0.3122,0.3122,0.3122,0.3122,0.3122,0.3122,0.3122,0.3094,0.3119
343,0.3094,0.3122,0.3122,0.3122,0.3122,0.3122,0.3122,0.3122,0.3122,0.3122,0.3122,0.3094,0.3119
344,0.3094,0.3122,0.3122,0.3122,0.3122,0.3122,0.3122,0.3122,0.3122,0.3122,0.3122,0.3094,0.3119
345,0.3094,0.3122,0.3122,0.3122,0.3122,0.3122,0.3122,0.3122,0.3122,0.3122,0.3122,0.3094,0.3119
346,0.3094,0.3122,0.3122,0.3122,0.3122,0.3122,0.3122,0.3122,0.3122,0.3122,0.3122,0.3094,0.3119
347,0.3094,0.3122,0.3122,0.3122,0.3122,0.3122,0.3122,0.3122,0.3122,0.3122,0.3122,0.3094,0.3119
348,0.3094,0.3122,0.3122,0.3122,0.3122,0.3122,0.3122,0.3122,0.3122,0.3122,0.3122,0.3094,0.3119
349,0.3094,0.3122,0.3122,0.3122,0.3122,0.3122,0.3122,0.3122,0.3122,0.3122,0.3122,0.3094,0.3119
350,0.3094,0.3122,0.3122,0.3122,0.3122,0.3122,0.3122,0.3122,0.3122,0.3122,0.3122,0.3094,0.3119
351,0.3094,0.3122,0.3122,0.3122,0.3122,0.3122,0.3122,0.3122,0.3122,0.3122,0.3122,0.3094,0.3119
352,0.3094,0.3122,0.3122,0.3122,0.3122,0.3122,0.3122,0.3122,0.3122,0.3122,0.3122,0.3094,0.3119
353,0.3094,0.3122,0.3122,0.3122,0.3122,0.3122,0.3122,0.3122,0.3122,0.3122,0.3122,0.3094,0.3119
354,0.3094,0.3122,0.3122,0.3122,0.3122,0.3122,0.3122,0.3122,0.3122,0.3122,0.3122,0.3094,0.3119
355,0.3094,0.3122,0.3122,0.3122,0.3122,0.3122,0.3122,0.3122,0.3122,0.3122,0.3122,0.3094,0.3119
356,0.3094,0.3122,0.3122,0.3122,0.3122,0.3122,0.3122,0.3122,0.3122,0.3122,0.3122,0.3094,0.3119
357,0.3094,0.3122,0.3122,0.3122,0.3122,0.3122,0.3122,0.3122,0.3122,0.3122,0.3122,0.3094,0.3119
358,0.3094,0.3122,0.3122,0.3122,0.3122,0.3122,0.3122,0.3122,0.3122,0.3122,0.3122,0.3094,0.3119
359,0.3094,0.3122,0.3122,0.3122,0.3122,0.3122,0.3122,0.3122,0.3122,0.3122,0.3122,0.3094,0.3119
360,0.3094,0.3122,0.3122,0.3122,0.3122,0.3122,0.3122,0.3122,0.3122,0.3122,0.3122,0.3094,0.3119
361,0.3094,0.3122,0.3122,0.3122,0.3122,0.3122,0.3122,0.3122,0.3122,0.3122,0.3122,0.3094,0.3119
362,0.3094,0.3122,0.3122,0.3122,0.3122,0.3122,0.3122,0.3122,0.3122,0.3122,0.3122,0.3094,0.3119
363,0.3094,0.3122,0.3122,0.3122,0.3122,0.3122,0.3122,0.3122,0.3122,0.3122,0.3122,0.3094,0.3119
364,0.3094,0.3122,0.3122,0.3122,0.3122,0.3122,0.3122,0.3122,0.3122,0.3122,0.3122,0.3094,0.3119
365,0.3094,0.3122,0.3122,0.3122,0.3122,0.3122,0.3122,0.3122,0.3122,0.3122,0.3122,0.3094,0.3119
366,0.3094,0.3122,0.3122,0.3122,0.3122,0.3122,0.3122,0.3122,0.3122,0.3122,0.3122,0.3094,0.3119
367,0.3094,0.3122,0.3122,0.3122,0.3122,0.3122,0.3122,0.3122,0.3122,0.3122,0.3122,0.3094,0.3119
368,0.3094,0.3122,0.3122,0.3122,0.3122,0.3122,0.3122,0.3122,0.3122,0.3122,0.3122,0.3094,0.3119
369,0.3094,0.3122,0.3122,0.3122,0.3122,0.3122,0.3122,0.3122,0.3122,0.3122,0.3122,0.3094,0.3119
370,0.3094,0.3122,0.3122,0.3122,0.3122,0.3122,0.3122,0.3122,0.3122,0.3122,0.3122,0.3094,0.3119
371,0.3094,0.3122,0.3122,0.3122,0.3122,0.3122,0.3122,0.3122,0.3122,0.3122,0.3122,0.3094,0.3119
372,0.3094,0.3122,0.3122,0.3122,0.3122,0.3122,0.3122,0.3122,0.3122,0.3122,0.3122,0.3094,0.3119
373,0.3094,0.3122,0.3122,0.3122,0.3122,0.3122,0.3122,0.3122,0.3122,0.3122,0.3122,0.3094,0.3119
374,0.3094,0.3122,0.3122,0.3122,0.3122,0.3122,0.3122,0.3122,0.3122,0.3122,0.3122,0.3094,0.3119
375,0.3094,0.3122,0.3122,0.3122,0.3122,0.3122,0.3122,0.3122,0.3122,0.3122,0.3122,0.3094,0.3119
376,0.3094,0.3122,0.3122,0.3122,0.3122,0.3122,0.3122,0.3122,0.3122,0.3122,0.3122,0.3094,0.3119
377,0.3094,0.3122,0.3122,0.3122,0.3122,0.3122,0.3122,0.3122,0.3122,0.3122,0.3122,0.3094,0.3119
378,0.3094,0.3122,0.3122,0.3122,0.3122,0.3122,0.3122,0.3122,0.3122,0.3122,0.3122,0.3094,0.3119
379,0.3094,0.3122,0.3122,0.3122,0.3122,0.3122,0.3122,0.3122,0.3122,0.3122,0.3122,0.3094,0.3119
380,0.3094,0.3122,0.3122,0.3122,0.3122,0.3122,0.3122,0.3122,0.3122,0.3122,0.3122,0.3094,0.3119
381,0.3094,0.3122,0.3122,0.3122,0.3122,0.3122,0.3122,0.3122,0.3122,0.3122,0.3122,0.3094,0.3119
382,0.3094,0.3122,0.3122,0.3122,0.3122,0.3122,0.3122,0.3122,0.3122,0.3122,0.3122,0.3094,0.3119
383,0.3094,0.3122,0.3122,0.3122,0.3122,0.3122,0.3122,0.3122,0.3122,0.3122,0.3122,0.3094,0.3119
384,0.3094,0.3122,0.3122,0.3122,0.3122,0.3122,0.3122,0.3122,0.3122,0.3122,0.3122,0.3094,0.3119
385,0.3094,0.3122,0.3122,0.3122,0.3122,0.3122,0.3122,0.3122,0.3122,0.3122,0.3122,0.3094,0.3119
386,0.3094,0.3122,0.3122,0.3122,0.3122,0.3122,0.3122,0.3122,0.3122,0.3122,0.3122,0.3094,0.3119
387,0.3094,0.3122,0.3122,0.3122,0.3122,0.3122,0.3122,0.3122,0.3122,0.3122,0.3122,0.3094,0.3119
388,0.3094,0.3122,0.3122,0.3122,0.3122,0.3122,0.3122,0.3122,0.3122,0.3122,0.3122,0.3094,0.3119
389,0.3094,0.3122,0.3122,0.3122,0.3122,0.3122,0.3122,0.3122,0.3122,0.3122,0.3122,0.3094,0.3119
390,0.3094,0.3122,0.3122,0.3122,0.3122,0.3122,0.3122,0.3122,0.3122,0.3122,0.3122,0.3094,0.3119
391,0.3094,0.3122,0.3122,0.3122,0.3122,0.3122,0.3122,0.3122,0.3122,0.3122,0.3122,0.3094,0.3119
392,0.3094,0.3122,0.3122,0.3122,0.3122,0.3122,0.3122,0.3122,0.3122,0.3122,0.3122,0.3094,0.3119
393,0.3094,0.3122,0.3122,0.3122,0.3122,0.3122,0.3122,0.3122,0.3122,0.3122,0.3122,0.3094,0.3119
394,0.3094,0.3122,0.3122,0.3122,0.3122,0.3122,0.3122,0.3122,0.3122,0.3122,0.3122,0.3094,0.3119
395,0.3094,0.3122,0.3122,0.3122,0.3122,0.3122,0.3122,0.3122,0.3122,0.3122,0.3122,0.3094,0.3119
396,0.3094,0.3122,0.3122,0.3122,0.3122,0.3122,0.3122,0.3122,0.3122,0.3122,0.3122,0.3094,0.3119
397,0.3094,0.3122,0.3122,0.3122,0.3122,0.3122,0.3122,0.3122,0.3122,0.3122,0.3122,0.3094,0.3119
398,0.3094,0.3122,0.3122,0.3122,0.3122,0.3122,0.3122,0.3122,0.3122,0.3122,0.3122,0.3094,0.3119
399,0.3094,0.3122,0.3122,0.3122,0.3122,0.3122,0.3122,0.3122,0.3122,0.3122,0.3122,0.3094,0.3119
400,0.3094,0.3122,0.3122,0.3122,0.3122,0.3122,0.3122,0.3122,0.3122,0.3122,0.3122,0.3094,0.3119
401,0.3094,0.3122,0.3122,0.3122,0.3122,0.3122,0.3122,0.3122,0.3122,0.3122,0.3122,0.3094,0.3119
402,0.3094,0.3122,0.3122,0.3122,0.3122,0.3122,0.3122,0.3122,0.3122,0.3122,0.3122,0.3094,0.3119
403,0.3094,0.3122,0.3122,0.3122,0.3122,0.3122,0.3122,0.3122,0.3122,0.3122,0.3122,0.3094,0.3119
404,0.3094,0.3122,0.3122,0.3122,0.3122,0.3122,0.3122,0.3122,0.3122,0.3122,0.3122,0.3094,0.3119
405,0.3094,0.3122,0.3122,0.3122,0.3122,0.3122,0.3122,0.3122,0.3122,0.3122,0.3122,0.3094,0.3119
406,0.3094,0.3122,0.3122,0.3122,0.3122,0.3122,0.3122,0.3122,0.3122,0.3122,0.3122,0.3094,0.3119
407,0.3094,0.3122,0.3122,0.3122,0.3122,0.3122,0.3122,0.3122,0.3122,0.3122,0.3122,0.3094,0.3119
408,0.3094,0.3122,0.3122,0.3122,0.3122,0.3122,0.3122,0.3122,0.3122,0.3122,0.3122,0.3094,0.3119
409,0.3094,0.3122,0.3122,0.3122,0.3122,0.3122,0.3122,0.3122,0.3122,0.3122,0.3122,0.3094,0.3119
410,0.3094,0.3122,0.3122,0.3122,0.3122,0.3122,0.3122,0.3122,0.3122,0.3122,0.3122,0.3094,0.3119
411,0.3094,0.3122,0.3122,0.3122,0.3122,0.3122,0.3122,0.3122,0.3122,0.3122,0.3122,0.3094,0.3119
412,0.3094,0.3122,0.3122,0.3122,0.3122,0.3122,0.3122,0.3122,0.3122,0.3122,0.3122,0.3094,0.3119
413,0.3094,0.3122,0.3122,0.3122,0.3122,0.3122,0.3122,0.3122,0.3122,0.3122,0.3122,0.3094,0.3119
414,0.3094,0.3122,0.3122,0.3122,0.3122,0.3122,0.3122,0.3122,0.3122,0.3122,0.3122,0.3094,0.3119
415,0.3094,0.3122,0.3122,0.3122,0.3122,0.3122,0.3122,0.3122,0.3122,0.3122,0.3122,0.3094,0.3119
416,0.3094,0.3122,0.3122,0.3122,0.3122,0.3122,0.3122,0.3122,0.3122,0.3122,0.3122,0.3094,0.3119
417,0.3094,0.3122,0.3122,0.3122,0.3122,0.3122,0.3122,0.3122,0.3122,0.3122,0.3122,0.3094,0.3119
418,0.3094,0.3122,0.3122,0.3122,0.3122,0.3122,0.3122,0.3122,0.3122,0.3122,0.3122,0.3094,0.3119
419,0.3094,0.3122,0.3122,0.3122,0.3122,0.3122,0.3122,0.3122,0.3122,0.3122,0.3122,0.3094,0.3119
420,0.3094,0.3122,0.3122,0.3122,0.3122,0.3122,0.3122,0.3122,0.3122,0.3122,0.3122,0.3094,0.3119
421,0.3094,0.3122,0.3122,0.3122,0.3122,0.3122,0.3122,0.3122,0.3122,0.3122,0.3122,0.3094,0.3119
422,0.3094,0.3122,0.3122,0.3122,0.3122,0.3122,0.3122,0.3122,0.3122,0.3122,0.3122,0.3094,0.3119
423,0.3094,0.3122,0.3122,0.3122,0.3122,0.3122,0.3122,0.3122,0.3122,0.3122,0.3122,0.3094,0.3119
424,0.3094,0.3122,0.3122,0.3122,0.3122,0.3122,0.3122,0.3122,0.3122,0.3122,0.3122,0.3094,0.3119
425,0.3094,0.3122,0.3122,0.3122,0.3122,0.3122,0.3122,0.3122,0.3122,0.3122,0.3122,0.3094,0.3119
426,0.3094,0.3122,0.3122,0.3122,0.3122,0.3122,0.3122,0.3122,0.3122,0.3122,0.3122,0.3094,0.3119
427,0.3094,0.3122,0.3122,0.3122,0.3122,0.3122,0.3122,0.3122,0.3122,0.3122,0.3122,0.3094,0.3119
428,0.3094,0.3122,0.3122,0.3122,0.3122,0.3122,0.3122,0.3122,0.3122,0.3122,0.3122,0.3094,0.3119
429,0.3094,0.3122,0.3122,0.3122,0.3122,0.3122,0.3122,0.3122,0.3122,0.3122,0.3122,0.3094,0.3119
430,0.3094,0.3122,0.3122,0.3122,0.3122,0.3122,0.3122,0.3122,0.3122,0.3122,0.3122,0.3094,0.3119
431,0.3094,0.3122,0.3122,0.3122,0.3122,0.3122,0.3122,0.3122,0.3122,0.3122,0.3122,0.3094,0.3119
432,0.3094,0.3122,0.3122,0.3122,0.3122,0.3122,0.3122,0.3122,0.3122,0.3122,0.3122,0.3094,0.3119
433,0.3094,0.3122,0.3122,0.3122,0.3122,0.3122,0.3122,0.3122,0.3122,0.3122,0.3122,0.3094,0.3119
434,0.3094,0.3122,0.3122,0.3122,0.3122,0.3122,0.3122,0.3122,0.3122,0.3122,0.3122,0.3094,0.3119
435,0.3094,0.3122,0.3122,0.3122,0.3122,0.3122,0.3122,0.3122,0.3122,0.3122,0.3122,0.3094,0.3119
436,0.3094,0.3122,0.3122,0.3122,0.3122,0.3122,0.3122,0.3122,0.3122,0.3122,0.3122,0.3094,0.3119
437,0.3094,0.3122,0.3122,0.3122,0.3122,0.3122,0.3122,0.3122,0.3122,0.3122,0.3122,0.3094,0.3119
438,0.3094,0.3122,0.3122,0.3122,0.3122,0.3122,0.3122,0.3122,0.3122,0.3122,0.3122,0.3094,0.3119
439,0.3094,0.3122,0.3122,0.3122,0.3122,0.3122,0.3122,0.3122,0.3122,0.3122,0.3122,0.3094,0.3119
440,0.3094,0.3122,0.3122,0.3122,0.3122,0.3122,0.3122,0.3122,0.3122,0.3122,0.3122,0.3094,0.3119
441,0.3094,0.3122,0.3122,0.3122,0.3122,0.3122,0.3122,0.3122,0.3122,0.3122,0.3122,0.3094,0.3119
442,0.3094,0.3122,0.3122,0.3122,0.3122,0.3122,0.3122,0.3122,0.3122,0.3122,0.3122,0.3094,0.3119
443,0.3094,0.3122,0.3122,0.3122,0.3122,0.3122,0.3122,0.3122,0.3122,0.3122,0.3122,0.3094,0.3119
444,0.3094,0.3122,0.3122,0.3122,0.3122,0.3122,0.3122,0.3122,0.3122,0.3122,0.3122,0.3094,0.3119
445,0.3094,0.3122,0.3122,0.3122,0.3122,0.3122,0.3122,0.3122,0.3122,0.3122,0.3122,0.3094,0.3119
446,0.3094,0.3122,0.3122,0.3122,0.3122,0.3122,0.3122,0.3122,0.3122,0.3122,0.3122,0.3094,0.3119
447,0.3094,0.3122,0.3122,0.3122,0.3122,0.3122,0.3122,0.3122,0.3122,0.3122,0.3122,0.3094,0.3119
448,0.3094,0.3122,0.3122,0.3122,0.3122,0.3122,0.3122,0.3122,0.3122,0.3122,0.3122,0.3094,0.3119
449,0.3094,0.3122,0.3122,0.3122,0.3122,0.3122,0.3122,0.3122,0.3122,0.3122,0.3122,0.3094,0.3119
450,0.3094,0.3122,0.3122,0.3122,0.3122,0.3122,0.3122,0.3122,0.3122,0.3122,0.3122,0.3094,0.3119
451,0.3094,0.3122,0.3122,0.3122,0.3122,0.3122,0.3122,0.3122,0.3122,0.3122,0.3122,0.3094,0.3119
452,0.3094,0.3122,0.3122,0.3122,0.3122,0.3122,0.3122,0.3122,0.3122,0.3122,0.3122,0.3094,0.3119
453,0.3094,0.3122,0.3122,0.3122,0.3122,0.3122,0.3122,0.3122,0.3122,0.3122,0.3122,0.3094,0.3119
454,0.3094,0.3122,0.3122,0.3122,0.3122,0.3122,0.3122,0.3122,0.3122,0.3122,0.3122,0.3094,0.3119
455,0.3094,0.3122,0.3122,0.3122,0.3122,0.3122,0.3122,0.3122,0.3122,0.3122,0.3122,0.3094,0.3119
456,0.3094,0.3122,0.3122,0.3122,0.3122,0.3122,0.3122,0.3122,0.3122,0.3122,0.3122,0.3094,0.3119
457,0.3094,0.3122,0.3122,0.3122,0.3122,0.3122,0.3122,0.3122,0.3122,0.3122,0.3122,0.3094,0.3119
458,0.3094,0.3122,0.3122,0.3122,0.3122,0.3122,0.3122,0.3122,0.3122,0.3122,0.3122,0.3094,0.3119
459,0.3094,0.3122,0.3122,0.3122,0.3122,0.3122,0.3122,0.3122,0.3122,0.3122,0.3122,0.3094,0.3119
460,0.3094,0.3122,0.3122,0.3122,0.3122,0.3122,0.3122,0.3122,0.3122,0.3122,0.3122,0.3094,0.3119
461,0.3094,0.3122,0.3122,0.3122,0.3122,0.3122,0.3122,0.3122,0.3122,0.3122,0.3122,0.3094,0.3119
462,0.3094,0.3122,0.3122,0.3122,0.3122,0.3122,0.3122,0.3122,0.3122,0.3122,0.3122,0.3094,0.3119
463,0.3094,0.3122,0.3122,0.3122,0.3122,0.3122,0.3122,0.3122,0.3122,0.3122,0.3122,0.3094,0.3119
464,0.3094,0.3122,0.3122,0.3122,0.3122,0.3122,0.3122,0.3122,0.3122,0.3122,0.3122,0.3094,0.3119
465,0.3094,0.3122,0.3122,0.3122,0.3122,0.3122,0.3122,0.3122,0.3122,0.3122,0.3122,0.3094,0.3119
466,0.3094,0.3122,0.3122,0.3122,0.3122,0.3122,0.3122,0.3122,0.3122,0.3122,0.3122,0.3094,0.3119
467,0.3094,0.3122,0.3122,0.3122,0.3122,0.3122,0.3122,0.3122,0.3122,0.3122,0.3122,0.3094,0.3119
468,0.3094,0.3122,0.3122,0.3122,0.3122,0.3122,0.3122,0.3122,0.3122,0.3122,0.3122,0.3094,0.3119
469,0.3094,0.3122,0.3122,0.3122,0.3122,0.3122,0.3122,0.3122,0.3122,0.3122,0.3122,0.3094,0.3119
470,0.3094,0.3122,0.3122,0.3122,0.3122,0.3122,0.3122,0.3122,0.3122,0.3122,0.3122,0.3094,0.3119
471,0.3094,0.3122,0.3122,0.3122,0.3122,0.3122,0.3122,0.3122,0.3122,0.3122,0.3122,0.3094,0.3119
472,0.3094,0.3122,0.3122,0.3122,0.3122,0.3122,0.3122,0.3122,0.3122,0.3122,0.3122,0.3094,0.3119
473,0.3094,0.3122,0.3122,0.3122,0.3122,0.3122,0.3122,0.3122,0.3122,0.3122,0.3122,0.3094,0.3119
474,0.3094,0.3122,0.3122,0.3122,0.3122,0.3122,0.3122,0.3122,0.3122,0.3122,0.3122,0.3094,0.3119
475,0.3094,0.3122,0.3122,0.3122,0.3122,0.3122,0.3122,0.3122,0.3122,0.3122,0.3122,0.3094,0.3119
476,0.3094,0.3122,0.3122,0.3122,0.3122,0.3122,0.3122,0.3122,0.3122,0.3122,0.3122,0.3094,0.3119
477,0.3094,0.3122,0.3122,0.3122,0.3122,0.3122,0.3122,0.3122,0.3122,0.3122,0.3122,0.3094,0.3119
478,0.3094,0.3122,0.3122,0.3122,0.3122,0.3122,0.3122,0.3122,0.3122,0.3122,0.3122,0.3094,0.3119
479,0.3094,0.3122,0.3122,0.3122,0.3122,0.3122,0.3122,0.3122,0.3122,0.3122,0.3122,0.3094,0.3119
480,0.3094,0.3122,0.3122,0.3122,0.3122,0.3122,0.3122,0.3122,0.3122,0.3122,0.3122,0.3094,0.3119
481,0.3094,0.3122,0.3122,0.3122,0.3122,0.3122,0.3122,0.3122,0.3122,0.3122,0.3122,0.3094,0.3119
482,0.3094,0.3122,0.3122,0.3122,0.3122,0.3122,0.3122,0.3122,0.3122,0.3122,0.3122,0.3094,0.3119
483,0.3094,0.3122,0.3122,0.3122,0.3122,0.3122,0.3122,0.3122,0.3122,0.3122,0.3122,0.3094,0.3119
484,0.3094,0.3122,0.3122,0.3122,0.3122,0.3122,0.3122,0.3122,0.3122,0.3122,0.3122,0.3094,0.3119
485,0.3094,0.3122,0.3122,0.3122,0.3122,0.3122,0.3122,0.3122,0.3122,0.3122,0.3122,0.3094,0.3119
486,0.3094,0.3122,0.3122,0.3122,0.3122,0.3122,0.3122,0.3122,0.3122,0.3122,0.3122,0.3094,0.3119
487,0.3094,0.3122,0.3122,0.3122,0.3122,0.3122,0.3122,0.3122,0.3122,0.3122,0.3122,0.3094,0.3119
488,0.3094,0.3122,0.3122,0.3122,0.3122,0.3122,0.3122,0.3122,0.3122,0.3122,0.3122,0.3094,0.3119
489,0.3094,0.3122,0.3122,0.3122,0.3122,0.3122,0.3122,0.3122,0.3122,0.3122,0.3122,0.3094,0.3119
490,0.3094,0.3122,0.3122,0.3122,0.3122,0.3122,0.3122,0.3122,0.3122,0.3122,0.3122,0.3094,0.3119
491,0.3094,0.3122,0.3122,0.3122,0.3122,0.3122,0.3122,0.3122,0.3122,0.3122,0.3122,0.3094,0.3119
492,0.3094,0.3122,0.3122,0.3122,0.3122,0.3122,0.3122,0.3122,0.3122,0.3122,0.3122,0.3094,0.3119
493,0.3094,0.3122,0.3122,0.3122,0.3122,0.3122,0.3122,0.3122,0.3122,0.3122,0.3122,0.3094,0.3119
494,0.3094,0.3122,0.3122,0.3122,0.3122,0.3122,0.3122,0.3122,0.3122,0.3122,0.3122,0.3094,0.3119
495,0.3094,0.3122,0.3122,0.3122,0.3122,0.3122,0.3122,0.3122,0.3122,0.3122,0.3122,0.3094,0.3119
496,0.3094,0.3122,0.3122,0.3122,0.3122,0.3122,0.3122,0.3122,0.3122,0.3122,0.3122,0.3094,0.3119
497,0.3094,0.3122,0.3122,0.3122,0.3122,0.3122,0.3122,0.3122,0.3122,0.3122,0.3122,0.3094,0.3119
498,0.3094,0.3122,0.3122,0.3122,0.3122,0.3122,0.3122,0.3122,0.3122,0.3122,0.3122,0.3094,0.3119
499,0.3094,0.3122,0.3122,0.3122,0.3122,0.3122,0.3122,0.3122,0.3122,0.3122,0.3122,0.3094,0.3119
500,0.3094,0.3122,0.3122,0.3122,0.3122,0.3122,0.3122,0.3122,0.3122,0.3122,0.3122,0.3094,0.3119
501,0.3094,0.3122,0.3122,0.3122,0.3122,0.3122,0.3122,0.3122,0.3122,0.3122,0.3122,0.3094,0.3119
502,0.3094,0.3122,0.3122,0.3122,0.3122,0.3122,0.3122,0.3122,0.3122,0.3122,0.3122,0.3094,0.3119
503,0.3094,0.3122,0.3122,0.3122,0.3122,0.3122,0.3122,0.3122,0.3122,0.3122,0.3122,0.3094,0.3119
504,0.3094,0.3122,0.3122,0.3122,0.3122,0.3122,0.3122,0.3122,0.3122,0.3122,0.3122,0.3094,0.3119
505,0.3094,0.3122,0.3122,0.3122,0.3122,0.3122,0.3122,0.3122,0.3122,0.3122,0.3122,0.3094,0.3119
506,0.3094,0.3122,0.3122,0.3122,0.3122,0.3122,0.3122,0.3122,0.3122,0.3122,0.3122,0.3094,0.3119
507,0.3094,0.3122,0.3122,0.3122,0.3122,0.3122,0.3122,0.3122,0.3122,0.3122,0.3122,0.3094,0.3119
508,0.3094,0.3122,0.3122,0.3122,0.3122,0.3122,0.3122,0.3122,0.3122,0.3122,0.3122,0.3094,0.3119
509,0.3094,0.3122,0.3122,0.3122,0.3122,0.3122,0.3122,0.3122,0.3122,0.3122,0.3122,0.3094,0.3119
510,0.3094,0.3122,0.3122,0.3122,0.3122,0.3122,0.3122,0.3122,0.3122,0.3122,0.3122,0.3094,0.3119
511,0.3094,0.3122,0.3122,0.3122,0.3122,0.3122,0.3122,0.3122,0.3122,0.3122,0.3122,0.3094,0.3119
512,0.3094,0.3122,0.3122,0.3122,0.3122,0.3122,0.3122,0.3122,0.3122,0.3122,0.3122,0.3094,0.3119
513,0.3094,0.3122,0.3122,0.3122,0.3122,0.3122,0.3122,0.3122,0.3122,0.3122,0.3122,0.3094,0.3119
514,0.3094,0.3122,0.3122,0.3122,0.3122,0.3122,0.3122,0.3122,0.3122,0.3122,0.3122,0.3094,0.3119
515,0.3094,0.3122,0.3122,0.3122,0.3122,0.3122,0.3122,0.3122,0.3122,0.3122,0.3122,0.3094,0.3119
516,0.3094,0.3122,0.3122,0.3122,0.3122,0.3122,0.3122,0.3122,0.3122,0.3122,0.3122,0.3094,0.3119
517,0.3094,0.3122,0.3122,0.3122,0.3122,0.3122,0.3122,0.3122,0.3122,0.3122,0.3122,0.3094,0.3119
518,0.3094,0.3122,0.3122,0.3122,0.3122,0.3122,0.3122,0.3122,0.3122,0.3122,0.3122,0.3094,0.3119
519,0.3094,0.3122,0.3122,0.3122,0.3122,0.3122,0.3122,0.3122,0.3122,0.3122,0.3122,0.3094,0.3119
520,0.3094,0.3122,0.3122,0.3122,0.3122,0.3122,0.3122,0.3122,0.3122,0.3122,0.3122,0.3094,0.3119
521,0.3094,0.3122,0.3122,0.3122,0.3122,0.3122,0.3122,0.3122,0.3122,0.3122,0.3122,0.3094,0.3119
522,0.3094,0.3122,0.3122,0.3122,0.3122,0.3122,0.3122,0.3122,0.3122,0.3122,0.3122,0.3094,0.3119
523,0.3094,0.3122,0.3122,0.3122,0.3122,0.3122,0.3122,0.3122,0.3122,0.3122,0.3122,0.3094,0.3119
524,0.3094,0.3122,0.3122,0.3122,0.3122,0.3122,0.3122,0.3122,0.3122,0.3122,0.3122,0.3094,0.3119
525,0.3094,0.3122,0.3122,0.3122,0.3122,0.3122,0.3122,0.3122,0.3122,0.3122,0.3122,0.3094,0.3119
526,0.3094,0.3122,0.3122,0.3122,0.3122,0.3122,0.3122,0.3122,0.3122,0.3122,0.3122,0.3094,0.3119
527,0.3094,0.3122,0.3122,0.3122,0.3122,0.3122,0.3122,0.3122,0.3122,0.3122,0.3122,0.3094,0.3119
528,0.3094,0.3122,0.3122,0.3122,0.3122,0.3122,0.3122,0.3122,0.3122,0.3122,0.3122,0.3094,0.3119
529,0.3094,0.3122,0.3122,0.3122,0.3122,0.3122,0.3122,0.3122,0.3122,0.3122,0.3122,0.3094,0.3119
530,0.3094,0.3122,0.3122,0.3122,0.3122,0.3122,0.3122,0.3122,0.3122,0.3122,0.3122,0.3094,0.3119
531,0.3094,0.3122,0.3122,0.3122,0.3122,0.3122,0.3122,0.3122,0.3122,0.3122,0.3122,0.3094,0.3119
532,0.3094,0.3122,0.3122,0.3122,0.3122,0.3122,0.3122,0.3122,0.3122,0.3122,0.3122,0.3094,0.3119
533,0.3094,0.3122,0.3122,0.3122,0.3122,0.3122,0.3122,0.3122,0.3122,0.3122,0.3122,0.3094,0.3119
534,0.3094,0.3122,0.3122,0.3122,0.3122,0.3122,0.3122,0.3122,0.3122,0.3122,0.3122,0.3094,0.3119
535,0.3094,0.3122,0.3122,0.3122,0.3122,0.3122,0.3122,0.3122,0.3122,0.3122,0.3122,0.3094,0.3119
536,0.3094,0.3122,0.3122,0.3122,0.3122,0.3122,0.3122,0.3122,0.3122,0.3122,0.3122,0.3094,0.3119
537,0.3094,0.3122,0.3122,0.3122,0.3122,0.3122,0.3122,0.3122,0.3122,0.3122,0.3122,0.3094,0.3119
538,0.3094,0.3122,0.3122,0.3122,0.3122,0.3122,0.3122,0.3122,0.3122,0.3122,0.3122,0.3094,0.3119
539,0.3094,0.3122,0.3122,0.3122,0.3122,0.3122,0.3122,0.3122,0.3122,0.3122,0.3122,0.3094,0.3119
540,0.3094,0.3122,0.3122,0.3122,0.3122,0.3122,0.3122,0.3122,0.3122,0.3122,0.3122,0.3094,0.3119
541,0.3094,0.3122,0.3122,0.3122,0.3122,0.3122,0.3122,0.3122,0.3122,0.3122,0.3122,0.3094,0.3119
542,0.3094,0.3122,0.3122,0.3122,0.3122,0.3122,0.3122,0.3122,0.3122,0.3122,0.3122,0.3094,0.3119
543,0.3094,0.3122,0.3122,0.3122,0.3122,0.3122,0.3122,0.3122,0.3122,0.3122,0.3122,0.3094,0.3119
544,0.3094,0.3122,0.3122,0.3122,0.3122,0.3122,0.3122,0.3122,0.3122,0.3122,0.3122,0.3094,0.3119
545,0.3094,0.3122,0.3122,0.3122,0.3122,0.3122,0.3122,0.3122,0.3122,0.3122,0.3122,0.3094,0.3119
546,0.3094,0.3122,0.3122,0.3122,0.3122,0.3122,0.3122,0.3122,0.3122,0.3122,0.3122,0.3094,0.3119
547,0.3094,0.3122,0.3122,0.3122,0.3122,0.3122,0.3122,0.3122,0.3122,0.3122,0.3122,0.3094,0.3119
548,0.3094,0.3122,0.3122,0.3122,0.3122,0.3122,0.3122,0.3122,0.3122,0.3122,0.3122,0.3094,0.3119
549,0.3094,0.3122,0.3122,0.3122,0.3122,0.3122,0.3122,0.3122,0.3122,0.3122,0.3122,0.3094,0.3119
550,0.3094,0.3122,0.3122,0.3122,0.3122,0.3122,0.3122,0.3122,0.3122,0.3122,0.3122,0.3094,0.3119
551,0.3094,0.3122,0.3122,0.3122,0.3122,0.3122,0.3122,0.3122,0.3122,0.3122,0.3122,0.3094,0.3119
552,0.3094,0.3122,0.3122,0.3122,0.3122,0.3122,0.3122,0.3122,0.3122,0.3122,0.3122,0.3094,0.3119
553,0.3094,0.3122,0.3122,0.3122,0.3122,0.3122,0.3122,0.3122,0.3122,0.3122,0.3122,0.3094,0.3119
554,0.3094,0.3122,0.3122,0.3122,0.3122,0.3122,0.3122,0.3122,0.3122,0.3122,0.3122,0.3094,0.3119
555,0.3094,0.3122,0.3122,0.3122,0.3122,0.3122,0.3122,0.3122,0.3122,0.3122,0.3122,0.3094,0.3119
556,0.3094,0.3122,0.3122,0.3122,0.3122,0.3122,0.3122,0.3122,0.3122,0.3122,0.3122,0.3094,0.3119
557,0.3094,0.3122,0.3122,0.3122,0.3122,0.3122,0.3122,0.3122,0.3122,0.3122,0.3122,0.3094,0.3119
558,0.3094,0.3122,0.3122,0.3122,0.3122,0.3122,0.3122,0.3122,0.3122,0.3122,0.3122,0.3094,0.3119
559,0.3094,0.3122,0.3122,0.3122,0.3122,0.3122,0.3122,0.3122,0.3122,0.3122,0.3122,0.3094,0.3119
560,0.3094,0.3122,0.3122,0.3122,0.3122,0.3122,0.3122,0.3122,0.3122,0.3122,0.3122,0.3094,0.3119
561,0.3094,0.3122,0.3122,0.3122,0.3122,0.3122,0.3122,0.3122,0.3122,0.3122,0.3122,0.3094,0.3119
562,0.3094,0.3122,0.3122,0.3122,0.3122,0.3122,0.3122,0.3122,0.3122,0.3122,0.3122,0.3094,0.3119
563,0.3094,0.3122,0.3122,0.3122,0.3122,0.3122,0.3122,0.3122,0.3122,0.3122,0.3122,0.3094,0.3119
564,0.3094,0.3122,0.3122,0.3122,0.3122,0.3122,0.3122,0.3122,0.3122,0.3122,0.3122,0.3094,0.3119
565,0.3094,0.3122,0.3122,0.3122,0.3122,0.3122,0.3122,0.3122,0.3122,0.3122,0.3122,0.3094,0.3119
566,0.3094,0.3122,0.3122,0.3122,0.3122,0.3122,0.3122,0.3122,0.3122,0.3122,0.3122,0.3094,0.3119
567,0.3094,0.3122,0.3122,0.3122,0.3122,0.3122,0.3122,0.3122,0.3122,0.3122,0.3122,0.3094,0.3119
568,0.3094,0.3122,0.3122,0.3122,0.3122,0.3122,0.3122,0.3122,0.3122,0.3122,0.3122,0.3094,0.3119
569,0.3094,0.3122,0.3122,0.3122,0.3122,0.3122,0.3122,0.3122,0.3122,0.3122,0.3122,0.3094,0.3119
570,0.3094,0.3122,0.3122,0.3122,0.3122,0.3122,0.3122,0.3122,0.3122,0.3122,0.3122,0.3094,0.3119
571,0.3094,0.3122,0.3122,0.3122,0.3122,0.3122,0.3122,0.3122,0.3122,0.3122,0.3122,0.3094,0.3119
572,0.3094,0.3122,0.3122,0.3122,0.3122,0.3122,0.3122,0.3122,0.3122,0.3122,0.3122,0.3094,0.3119
573,0.3094,0.3122,0.3122,0.3122,0.3122,0.3122,0.3122,0.3122,0.3122,0.3122,0.3122,0.3094,0.3119
574,0.3094,0.3122,0.3122,0.3122,0.3122,0.3122,0.3122,0.3122,0.3122,0.3122,0.3122,0.3094,0.3119
575,0.3094,0.3122,0.3122,0.3122,0.3122,0.3122,0.3122,0.3122,0.3122,0.3122,0.3122,0.3094,0.3119
576,0.3094,0.3122,0.3122,0.3122,0.3122,0.3122,0.3122,0.3122,0.3122,0.3122,0.3122,0.3094,0.3119
577,0.3094,0.3122,0.3122,0.3122,0.3122,0.3122,0.3122,0.3122,0.3122,0.3122,0.3122,0.3094,0.3119
578,0.3094,0.3122,0.3122,0.3122,0.3122,0.3122,0.3122,0.3122,0.3122,0.3122,0.3122,0.3094,0.3119
579,0.3094,0.3122,0.3122,0.3122,0.3122,0.3122,0.3122,0.3122,0.3122,0.3122,0.3122,0.3094,0.3119
580,0.3094,0.3122,0.3122,0.3122,0.3122,0.3122,0.3122,0.3122,0.3122,0.3122,0.3122,0.3094,0.3119
581,0.3094,0.3122,0.3122,0.3122,0.3122,0.3122,0.3122,0.3122,0.3122,0.3122,0.3122,0.3094,0.3119
582,0.3094,0.3122,0.3122,0.3122,0.3122,0.3122,0.3122,0.3122,0.3122,0.3122,0.3122,0.3094,0.3119
583,0.3094,0.3122,0.3122,0.3122,0.3122,0.3122,0.3122,0.3122,0.3122,0.3122,0.3122,0.3094,0.3119
584,0.3094,0.3122,0.3122,0.3122,0.3122,0.3122,0.3122,0.3122,0.3122,0.3122,0.3122,0.3094,0.3119
585,0.3094,0.3122,0.3122,0.3122,0.3122,0.3122,0.3122,0.3122,0.3122,0.3122,0.3122,0.3094,0.3119
586,0.3094,0.3122,0.3122,0.3122,0.3122,0.3122,0.3122,0.3122,0.3122,0.3122,0.3122,0.3094,0.3119
587,0.3094,0.3122,0.3122,0.3122,0.3122,0.3122,0.3122,0.3122,0.3122,0.3122,0.3122,0.3094,0.3119
588,0.3094,0.3122,0.3122,0.3122,0.3122,0.3122,0.3122,0.3122,0.3122,0.3122,0.3122,0.3094,0.3119
589,0.3094,0.3122,0.3122,0.3122,0.3122,0.3122,0.3122,0.3122,0.3122,0.3122,0.3122,0.3094,0.3119
590,0.3094,0.3122,0.3122,0.3122,0.3122,0.3122,0.3122,0.3122,0.3122,0.3122,0.3122,0.3094,0.3119
591,0.3094,0.3122,0.3122,0.3122,0.3122,0.3122,0.3122,0.3122,0.3122,0.3122,0.3122,0.3094,0.3119
592,0.3094,0.3122,0.3122,0.3122,0.3122,0.3122,0.3122,0.3122,0.3122,0.3122,0.3122,0.3094,0.3119
593,0.3094,0.3122,0.3122,0.3122,0.3122,0.3122,0.3122,0.3122,0.3122,0.3122,0.3122,0.3094,0.3119
594,0.3094,0.3122,0.3122,0.3122,0.3122,0.3122,0.3122,0.3122,0.3122,0.3122,0.3122,0.3094,0.3119
595,0.3094,0.3122,0.3122,0.3122,0.3122,0.3122,0.3122,0.3122,0.3122,0.3122,0.3122,0.3094,0.3119
596,0.3094,0.3122,0.3122,0.3122,0.3122,0.3122,0.3122,0.3122,0.3122,0.3122,0.3122,0.3094,0.3119
597,0.3094,0.3122,0.3122,0.3122,0.3122,0.3122,0.3122,0.3122,0.3122,0.3122,0.3122,0.3094,0.3119
598,0.3094,0.3122,0.3122,0.3122,0.3122,0.3122,0.3122,0.3122,0.3122,0.3122,0.3122,0.3094,0.3119
599,0.3094,0.3122,0.3122,0.3122,0.3122,0.3122,0.3122,0.3122,0.3122,0.3122,0.3122,0.3094,0.3119
600,0.3094,0.3122,0.3122,0.3122,0.3122,0.3122,0.3122,0.3122,0.3122,0.3122,0.3122,0.3094,0.3119
601,0.3094,0.3122,0.3122,0.3122,0.3122,0.3122,0.3122,0.3122,0.3122,0.3122,0.3122,0.3094,0.3119
602,0.3094,0.3122,0.3122,0.3122,0.3122,0.3122,0.3122,0.3122,0.3122,0.3122,0.3122,0.3094,0.3119
603,0.3094,0.3122,0.3122,0.3122,0.3122,0.3122,0.3122,0.3122,0.3122,0.3122,0.3122,0.3094,0.3119
604,0.3094,0.3122,0.3122,0.3122,0.3122,0.3122,0.3122,0.3122,0.3122,0.3122,0.3122,0.3094,0.3119
1204,0.3094,0.3122,0.3122,0.3122,0.3122,0.3122,0.3122,0.3122,0.3122,0.3122,0.3122,0.3094,0.3119
1804,0.3094,0.3122,0.3122,0.3122,0.3122,0.3122,0.3122,0.3122,0.3122,0.3122,0.3122,0.3094,0.3119
2404,0.3094,0.3122,0.3122,0.3122,0.3122,0.3122,0.3122,0.3122,0.3122,0.3122,0.3122,0.3094,0.3119
3004,0.3094,0.3122,0.3122,0.3122,0.3122,0.3122,0.3122,0.3122,0.3122,0.3122,0.3122,0.3094,0.3119
3604,0.3094,0.3122,0.3122,0.3122,0.3122,0.3122,0.3122,0.3122,0.3122,0.3122,0.3122,0.3094,0.3119
4204,0.3094,0.3122,0.3122,0.3122,0.3122,0.3122,0.3122,0.3122,0.3122,0.3122,0.3122,0.3094,0.3119
4205,0.3094,0.3122,0.3122,0.3122,0.3122,0.3122,0.3122,0.3122,0.3122,0.3122,0.3122,0.3094,0.3119
4804,0.3094,0.3122,0.3122,0.3122,0.3122,0.3122,0.3122,0.3122,0.3122,0.3122,0.3122,0.3094,0.3119
4805,0.3094,0.3122,0.3122,0.3122,0.3122,0.3122,0.3122,0.3122,0.3122,0.3122,0.3122,0.3094,0.3119
5404,0.3094,0.3122,0.3122,0.3122,0.3122,0.3122,0.3122,0.3122,0.3122,0.3122,0.3122,0.3094,0.3119
5405,0.3094,0.3122,0.3122,0.3122,0.3122,0.3122,0.3122,0.3122,0.3122,0.3122,0.3122,0.3094,0.3119
6004,0.3094,0.3122,0.3122,0.3122,0.3122,0.3122,0.3122,0.3122,0.3122,0.3122,0.3122,0.3094,0.3119
6005,0.3094,0.3122,0.3122,0.3122,0.3122,0.3122,0.3122,0.3122,0.3122,0.3122,0.3122,0.3094,0.3119
6604,0.3094,0.3122,0.3122,0.3122,0.3122,0.3122,0.3122,0.3122,0.3122,0.3122,0.3122,0.3094,0.3119
6605,0.3094,0.3122,0.3122,0.3122,0.3122,0.3122,0.3122,0.3122,0.3122,0.3122,0.3122,0.3094,0.3119
7204,0.3094,0.3122,0.3122,0.3122,0.3122,0.3122,0.3122,0.3122,0.3122,0.3122,0.3122,0.3094,0.3119
7205,0.3094,0.3122,0.3122,0.3122,0.3122,0.3122,0.3122,0.3122,0.3122,0.3122,0.3122,0.3094,0.3119
7804,0.3094,0.3122,0.3122,0.3122,0.3122,0.3122,0.3122,0.3122,0.3122,0.3122,0.3122,0.3094,0.3119
7805,0.3094,0.3122,0.3122,0.3122,0.3122,0.3122,0.3122,0.3122,0.3122,0.3122,0.3122,0.3094,0.3119
8404,0.3094,0.3122,0.3122,0.3122,0.3122,0.3122,0.3122,0.3122,0.3122,0.3122,0.3122,0.3094,0.3119
8405,0.3094,0.3122,0.3122,0.3122,0.3122,0.3122,0.3122,0.3122,0.3122,0.3122,0.3122,0.3094,0.3119
9004,0.3094,0.3122,0.3122,0.3122,0.3122,0.3122,0.3122,0.3122,0.3122,0.3122,0.3122,0.3094,0.3119
9005,0.3094,0.3122,0.3122,0.3122,0.3122,0.3122,0.3122,0.3122,0.3122,0.3122,0.3122,0.3094,0.3119
9604,0.3094,0.3122,0.3122,0.3122,0.3122,0.3122,0.3122,0.3122,0.3122,0.3122,0.3122,0.3094,0.3119
9605,0.3094,0.3122,0.3122,0.3122,0.3122,0.3122,0.3122,0.3122,0.3122,0.3122,0.3122,0.3094,0.3119
10204,0.3094,0.3122,0.3122,0.3122,0.3122,0.3122,0.3122,0.3122,0.3122,0.3122,0.3122,0.3094,0.3119
10205,0.3094,0.3122,0.3122,0.3122,0.3122,0.3122,0.3122,0.3122,0.3122,0.3122,0.3122,0.3094,0.3119
10804,0.3094,0.3122,0.3122,0.3122,0.3122,0.3122,0.3122,0.3122,0.3122,0.3122,0.3122,0.3094,0.3119
10805,0.3094,0.3122,0.3122,0.3122,0.3122,0.3122,0.3122,0.3122,0.3122,0.3122,0.3122,0.3094,0.3119
11404,0.3094,0.3122,0.3122,0.3122,0.3122,0.3122,0.3122,0.3122,0.3122,0.3122,0.3122,0.3094,0.3119
11405,0.3094,0.3122,0.3122,0.3122,0.3122,0.3122,0.3122,0.3122,0.3122,0.3122,0.3122,0.3094,0.3119
12004,0.3094,0.3122,0.3122,0.3122,0.3122,0.3122,0.3122,0.3122,0.3122,0.3122,0.3122,0.3094,0.3119
12005,0.3094,0.3122,0.3122,0.3122,0.3122,0.3122,0.3122,0.3122,0.3122,0.3122,0.3122,0.3094,0.3119
12604,0.3094,0.3122,0.3122,0.3122,0.3122,0.3122,0.3122,0.3122,0.3122,0.3122,0.3122,0.3094,0.3119
12605,0.3094,0.3122,0.3122,0.3122,0.3122,0.3122,0.3122,0.3122,0.3122,0.3122,0.3122,0.3094,0.3119
13204,0.3094,0.3122,0.3122,0.3122,0.3122,0.3122,0.3122,0.3122,0.3122,0.3122,0.3122,0.3094,0.3119
13205,0.3094,0.3122,0.3122,0.3122,0.3122,0.3122,0.3122,0.3122,0.3122,0.3122,0.3122,0.3094,0.3119
13804,0.3094,0.3122,0.3122,0.3122,0.3122,0.3122,0.3122,0.3122,0.3122,0.3122,0.3122,0.3094,0.3119
13805,0.3094,0.3122,0.3122,0.3122,0.3122,0.3122,0.3122,0.3122,0.3122,0.3122,0.3122,0.3094,0.3119
14404,0.3094,0.3122,0.3122,0.3122,0.3122,0.3122,0.3122,0.3122,0.3122,0.3122,0.3122,0.3094,0.3119
14405,0.3094,0.3122,0.3122,0.3122,0.3122,0.3122,0.3122,0.3122,0.3122,0.3122,0.3122,0.3094,0.3119
15004,0.3094,0.3122,0.3122,0.3122,0.3122,0.3122,0.3122,0.3122,0.3122,0.3122,0.3122,0.3094,0.3119
15005,0.3094,0.3122,0.3122,0.3122,0.3122,0.3122,0.3122,0.3122,0.3122,0.3122,0.3122,0.3094,0.3119
15604,0.3094,0.3122,0.3122,0.3122,0.3122,0.3122,0.3122,0.3122,0.3122,0.3122,0.3122,0.3094,0.3119
15605,0.3094,0.3122,0.3122,0.3122,0.3122,0.3122,0.3122,0.3122,0.3122,0.3122,0.3122,0.3094,0.3119
16204,0.3094,0.3122,0.3122,0.3122,0.3122,0.3122,0.3122,0.3122,0.3122,0.3122,0.3122,0.3094,0.3119
16205,0.3094,0.3122,0.3122,0.3122,0.3122,0.3122,0.3122,0.3122,0.3122,0.3122,0.3122,0.3094,0.3119
16804,0.3094,0.3122,0.3122,0.3122,0.3122,0.3122,0.3122,0.3122,0.3122,0.3122,0.3122,0.3094,0.3119
16805,0.3094,0.3122,0.3122,0.3122,0.3122,0.3122,0.3122,0.3122,0.3122,0.3122,0.3122,0.3094,0.3119
17404,0.3094,0.3122,0.3122,0.3122,0.3122,0.3122,0.3122,0.3122,0.3122,0.3122,0.3122,0.3094,0.3119
17405,0.3094,0.3122,0.3122,0.3122,0.3122,0.3122,0.3122,0.3122,0.3122,0.3122,0.3122,0.3094,0.3119
18004,0.3094,0.3122,0.3122,0.3122,0.3122,0.3122,0.3122,0.3122,0.3122,0.3122,0.3122,0.3094,0.3119
18005,0.3094,0.3122,0.3122,0.3122,0.3122,0.3122,0.3122,0.3122,0.3122,0.3122,0.3122,0.3094,0.3119
18604,0.3094,0.3122,0.3122,0.3122,0.3122,0.3122,0.3122,0.3122,0.3122,0.3122,0.3122,0.3094,0.3119
18605,0.3094,0.3122,0.3122,0.3122,0.3122,0.3122,0.3122,0.3122,0.3122,0.3122,0.3122,0.3094,0.3119
19204,0.3094,0.3122,0.3122,0.3122,0.3122,0.3122,0.3122,0.3122,0.3122,0.3122,0.3122,0.3094,0.3119
19205,0.3094,0.3122,0.3122,0.3122,0.3122,0.3122,0.3122,0.3122,0.3122,0.3122,0.3122,0.3094,0.3119
19804,0.3094,0.3122,0.3122,0.3122,0.3122,0.3122,0.3122,0.3122,0.3122,0.3122,0.3122,0.3094,0.3119
19805,0.3094,0.3122,0.3122,0.3122,0.3122,0.3122,0.3122,0.3122,0.3122,0.3122,0.3122,0.3094,0.3119
20404,0.3094,0.3122,0.3122,0.3122,0.3122,0.3122,0.3122,0.3122,0.3122,0.3122,0.3122,0.3094,0.3119
20405,0.3094,0.3122,0.3122,0.3122,0.3122,0.3122,0.3122,0.3122,0.3122,0.3122,0.3122,0.3094,0.3119
21004,0.3094,0.3122,0.3122,0.3122,0.3122,0.3122,0.3122,0.3122,0.3122,0.3122,0.3122,0.3094,0.3119
21005,0.3094,0.3122,0.3122,0.3122,0.3122,0.3122,0.3122,0.3122,0.3122,0.3122,0.3122,0.3094,0.3119
21604,0.3094,0.3122,0.3122,0.3122,0.3122,0.3122,0.3122,0.3122,0.3122,0.3122,0.3122,0.3094,0.3119
21605,0.3094,0.3122,0.3122,0.3122,0.3122,0.3122,0.3122,0.3122,0.3122,0.3122,0.3122,0.3094,0.3119
22204,0.3094,0.3122,0.3122,0.3122,0.3122,0.3122,0.3122,0.3122,0.3122,0.3122,0.3122,0.3094,0.3119
22205,0.3094,0.3122,0.3122,0.3122,0.3122,0.3122,0.3122,0.3122,0.3122,0.3122,0.3122,0.3094,0.3119
22804,0.3094,0.3122,0.3122,0.3122,0.3122,0.3122,0.3122,0.3122,0.3122,0.3122,0.3122,0.3094,0.3119
22805,0.3094,0.3122,0.3122,0.3122,0.3122,0.3122,0.3122,0.3122,0.3122,0.3122,0.3122,0.3094,0.3119
23404,0.3094,0.3122,0.3122,0.3122,0.3122,0.3122,0.3122,0.3122,0.3122,0.3122,0.3122,0.3094,0.3119
23405,0.3094,0.3122,0.3122,0.3122,0.3122,0.3122,0.3122,0.3122,0.3122,0.3122,0.3122,0.3094,0.3119
24004,0.3094,0.3122,0.3122,0.3122,0.3122,0.3122,0.3122,0.3122,0.3122,0.3122,0.3122,0.3094,0.3119
24005,0.3094,0.3122,0.3122,0.3122,0.3122,0.3122,0.3122,0.3122,0.3122,0.3122,0.3122,0.3094,0.3119
24604,0.3094,0.3122,0.3122,0.3122,0.3122,0.3122,0.3122,0.3122,0.3122,0.3122,0.3122,0.3094,0.3119
24605,0.3094,0.3122,0.3122,0.3122,0.3122,0.3122,0.3122,0.3122,0.3122,0.3122,0.3122,0.3094,0.3119
25204,0.3094,0.3122,0.3122,0.3122,0.3122,0.3122,0.3122,0.3122,0.3122,0.3122,0.3122,0.3094,0.3119
25205,0.3094,0.3122,0.3122,0.3122,0.3122,0.3122,0.3122,0.3122,0.3122,0.3122,0.3122,0.3094,0.3119
25804,0.3094,0.3122,0.3122,0.3122,0.3122,0.3122,0.3122,0.3122,0.3122,0.3122,0.3122,0.3094,0.3119
25805,0.3094,0.3122,0.3122,0.3122,0.3122,0.3122,0.3122,0.3122,0.3122,0.3122,0.3122,0.3094,0.3119
26404,0.3094,0.3122,0.3122,0.3122,0.3122,0.3122,0.3122,0.3122,0.3122,0.3122,0.3122,0.3094,0.3119
26405,0.3094,0.3122,0.3122,0.3122,0.3122,0.3122,0.3122,0.3122,0.3122,0.3122,0.3122,0.3094,0.3119
27004,0.3094,0.3122,0.3122,0.3122,0.3122,0.3122,0.3122,0.3122,0.3122,0.3122,0.3122,0.3094,0.3119
27005,0.3094,0.3122,0.3122,0.3122,0.3122,0.3122,0.3122,0.3122,0.3122,0.3122,0.3122,0.3094,0.3119
27604,0.3094,0.3122,0.3122,0.3122,0.3122,0.3122,0.3122,0.3122,0.3122,0.3122,0.3122,0.3094,0.3119
27605,0.3094,0.3122,0.3122,0.3122,0.3122,0.3122,0.3122,0.3122,0.3122,0.3122,0.3122,0.3094,0.3119
28204,0.3094,0.3122,0.3122,0.3122,0.3122,0.3122,0.3122,0.3122,0.3122,0.3122,0.3122,0.3094,0.3119
28205,0.3094,0.3122,0.3122,0.3122,0.3122,0.3122,0.3122,0.3122,0.3122,0.3122,0.3122,0.3094,0.3119
28804,0.3094,0.3122,0.3122,0.3122,0.3122,0.3122,0.3122,0.3122,0.3122,0.3122,0.3122,0.3094,0.3119
28805,0.3094,0.3122,0.3122,0.3122,0.3122,0.3122,0.3122,0.3122,0.3122,0.3122,0.3122,0.3094,0.3119
29404,0.3094,0.3122,0.3122,0.3122,0.3122,0.3122,0.3122,0.3122,0.3122,0.3122,0.3122,0.3094,0.3119
29405,0.3094,0.3122,0.3122,0.3122,0.3122,0.3122,0.3122,0.3122,0.3122,0.3122,0.3122,0.3094,0.3119
30004,0.3094,0.3122,0.3122,0.3122,0.3122,0.3122,0.3122,0.3122,0.3122,0.3122,0.3122,0.3094,0.3119
30005,0.3094,0.3122,0.3122,0.3122,0.3122,0.3122,0.3122,0.3122,0.3122,0.3122,0.3122,0.3094,0.3119
30604,0.3094,0.3122,0.3122,0.3122,0.3122,0.3122,0.3122,0.3122,0.3122,0.3122,0.3122,0.3094,0.3119
30605,0.3094,0.3122,0.3122,0.3122,0.3122,0.3122,0.3122,0.3122,0.3122,0.3122,0.3122,0.3094,0.3119
31204,0.3094,0.3122,0.3122,0.3122,0.3122,0.3122,0.3122,0.3122,0.3122,0.3122,0.3122,0.3094,0.3119
31205,0.3094,0.3122,0.3122,0.3122,0.3122,0.3122,0.3122,0.3122,0.3122,0.3122,0.3122,0.3094,0.3119
31804,0.3094,0.3122,0.3122,0.3122,0.3122,0.3122,0.3122,0.3122,0.3122,0.3122,0.3122,0.3094,0.3119
31805,0.3094,0.3122,0.3122,0.3122,0.3122,0.3122,0.3122,0.3122,0.3122,0.3122,0.3122,0.3094,0.3119
32404,0.3094,0.3122,0.3122,0.3122,0.3122,0.3122,0.3122,0.3122,0.3122,0.3122,0.3122,0.3094,0.3119
32405,0.3094,0.3122,0.3122,0.3122,0.3122,0.3122,0.3122,0.3122,0.3122,0.3122,0.3122,0.3094,0.3119
33004,0.3094,0.3122,0.3122,0.3122,0.3122,0.3122,0.3122,0.3122,0.3122,0.3122,0.3122,0.3094,0.3119
33005,0.3094,0.3122,0.3122,0.3122,0.3122,0.3122,0.3122,0.3122,0.3122,0.3122,0.3122,0.3094,0.3119
33604,0.3094,0.3122,0.3122,0.3122,0.3122,0.3122,0.3122,0.3122,0.3122,0.3122,0.3122,0.3094,0.3119
33605,0.3094,0.3122,0.3122,0.3122,0.3122,0.3122,0.3122,0.3122,0.3122,0.3122,0.3122,0.3094,0.3119
34204,0.3094,0.3122,0.3122,0.3122,0.3122,0.3122,0.3122,0.3122,0.3122,0.3122,0.3122,0.3094,0.3119
34205,0.3094,0.3122,0.3122,0.3122,0.3122,0.3122,0.3122,0.3122,0.3122,0.3122,0.3122,0.3094,0.3119
34804,0.3094,0.3122,0.3122,0.3122,0.3122,0.3122,0.3122,0.3122,0.3122,0.3122,0.3122,0.3094,0.3119
34805,0.3094,0.3122,0.3122,0.3122,0.3122,0.3122,0.3122,0.3122,0.3122,0.3122,0.3122,0.3094,0.3119
35404,0.3094,0.3122,0.3122,0.3122,0.3122,0.3122,0.3122,0.3122,0.3122,0.3122,0.3122,0.3094,0.3119
35405,0.3094,0.3122,0.3122,0.3122,0.3122,0.3122,0.3122,0.3122,0.3122,0.3122,0.3122,0.3094,0.3119
36004,0.3094,0.3122,0.3122,0.3122,0.3122,0.3122,0.3122,0.3122,0.3122,0.3122,0.3122,0.3094,0.3119
36005,0.3094,0.3122,0.3122,0.3122,0.3122,0.3122,0.3122,0.3122,0.3122,0.3122,0.3122,0.3094,0.3119
36604,0.3094,0.3122,0.3122,0.3122,0.3122,0.3122,0.3122,0.3122,0.3122,0.3122,0.3122,0.3094,0.3119
36605,0.3094,0.3122,0.3122,0.3122,0.3122,0.3122,0.3122,0.3122,0.3122,0.3122,0.3122,0.3094,0.3119
37204,0.3094,0.3122,0.3122,0.3122,0.3122,0.3122,0.3122,0.3122,0.3122,0.3122,0.3122,0.3094,0.3119
37205,0.3094,0.3122,0.3122,0.3122,0.3122,0.3122,0.3122,0.3122,0.3122,0.3122,0.3122,0.3094,0.3119
37804,0.3094,0.3122,0.3122,0.3122,0.3122,0.3122,0.3122,0.3122,0.3122,0.3122,0.3122,0.3094,0.3119
37805,0.3094,0.3122,0.3122,0.3122,0.3122,0.3122,0.3122,0.3122,0.3122,0.3122,0.3122,0.3094,0.3119
38404,0.3094,0.3122,0.3122,0.3122,0.3122,0.3122,0.3122,0.3122,0.3122,0.3122,0.3122,0.3094,0.3119
38405,0.3094,0.3122,0.3122,0.3122,0.3122,0.3122,0.3122,0.3122,0.3122,0.3122,0.3122,0.3094,0.3119
39004,0.3094,0.3122,0.3122,0.3122,0.3122,0.3122,0.3122,0.3122,0.3122,0.3122,0.3122,0.3094,0.3119
39005,0.3094,0.3122,0.3122,0.3122,0.3122,0.3122,0.3122,0.3122,0.3122,0.3122,0.3122,0.3094,0.3119
39604,0.3094,0.3122,0.3122,0.3122,0.3122,0.3122,0.3122,0.3122,0.3122,0.3122,0.3122,0.3094,0.3119
39605,0.3094,0.3122,0.3122,0.3122,0.3122,0.3122,0.3122,0.3122,0.3122,0.3122,0.3122,0.3094,0.3119
40204,0.3094,0.3122,0.3122,0.3122,0.3122,0.3122,0.3122,0.3122,0.3122,0.3122,0.3122,0.3094,0.3119
40205,0.3094,0.3122,0.3122,0.3122,0.3122,0.3122,0.3122,0.3122,0.3122,0.3122,0.3122,0.3094,0.3119
40804,0.3094,0.3122,0.3122,0.3122,0.3122,0.3122,0.3122,0.3122,0.3122,0.3122,0.3122,0.3094,0.3119
40805,0.3094,0.3122,0.3122,0.3122,0.3122,0.3122,0.3122,0.3122,0.3122,0.3122,0.3122,0.3094,0.3119
41404,0.3094,0.3122,0.3122,0.3122,0.3122,0.3122,0.3122,0.3122,0.3122,0.3122,0.3122,0.3094,0.3119
41405,0.3094,0.3122,0.3122,0.3122,0.3122,0.3122,0.3122,0.3122,0.3122,0.3122,0.3122,0.3094,0.3119
42004,0.3094,0.3122,0.3122,0.3122,0.3122,0.3122,0.3122,0.3122,0.3122,0.3122,0.3122,0.3094,0.3119
42005,0.3094,0.3122,0.3122,0.3122,0.3122,0.3122,0.3122,0.3122,0.3122,0.3122,0.3122,0.3094,0.3119
42604,0.3094,0.3122,0.3122,0.3122,0.3122,0.3122,0.3122,0.3122,0.3122,0.3122,0.3122,0.3094,0.3119
42605,0.3094,0.3122,0.3122,0.3122,0.3122,0.3122,0.3122,0.3122,0.3122,0.3122,0.3122,0.3094,0.3119
43204,0.3094,0.3122,0.3122,0.3122,0.3122,0.3122,0.3122,0.3122,0.3122,0.3122,0.3122,0.3094,0.3119
43205,0.3094,0.3122,0.3122,0.3122,0.3122,0.3122,0.3122,0.3122,0.3122,0.3122,0.3122,0.3094,0.3119
43804,0.3094,0.3122,0.3122,0.3122,0.3122,0.3122,0.3122,0.3122,0.3122,0.3122,0.3122,0.3094,0.3119
43805,0.3094,0.3122,0.3122,0.3122,0.3122,0.3122,0.3122,0.3122,0.3122,0.3122,0.3122,0.3094,0.3119
44404,0.3094,0.3122,0.3122,0.3122,0.3122,0.3122,0.3122,0.3122,0.3122,0.3122,0.3122,0.3094,0.3119
44405,0.3094,0.3122,0.3122,0.3122,0.3122,0.3122,0.3122,0.3122,0.3122,0.3122,0.3122,0.3094,0.3119
45004,0.3094,0.3122,0.3122,0.3122,0.3122,0.3122,0.3122,0.3122,0.3122,0.3122,0.3122,0.3094,0.3119
45005,0.3094,0.3122,0.3122,0.3122,0.3122,0.3122,0.3122,0.3122,0.3122,0.3122,0.3122,0.3094,0.3119
45604,0.3094,0.3122,0.3122,0.3122,0.3122,0.3122,0.3122,0.3122,0.3122,0.3122,0.3122,0.3094,0.3119
45605,0.3094,0.3122,0.3122,0.3122,0.3122,0.3122,0.3122,0.3122,0.3122,0.3122,0.3122,0.3094,0.3119
46204,0.3094,0.3122,0.3122,0.3122,0.3122,0.3122,0.3122,0.3122,0.3122,0.3122,0.3122,0.3094,0.3119
46205,0.3094,0.3122,0.3122,0.3122,0.3122,0.3122,0.3122,0.3122,0.3122,0.3122,0.3122,0.3094,0.3119
46804,0.3094,0.3122,0.3122,0.3122,0.3122,0.3122,0.3122,0.3122,0.3122,0.3122,0.3122,0.3094,0.3119
46805,0.3094,0.3122,0.3122,0.3122,0.3122,0.3122,0.3122,0.3122,0.3122,0.3122,0.3122,0.3094,0.3119
47404,0.3094,0.3122,0.3122,0.3122,0.3122,0.3122,0.3122,0.3122,0.3122,0.3122,0.3122,0.3094,0.3119
47405,0.3094,0.3122,0.3122,0.3122,0.3122,0.3122,0.3122,0.3122,0.3122,0.3122,0.3122,0.3094,0.3119
48004,0.3094,0.3122,0.3122,0.3122,0.3122,0.3122,0.3122,0.3122,0.3122,0.3122,0.3122,0.3094,0.3119
48005,0.3094,0.3122,0.3122,0.3122,0.3122,0.3122,0.3122,0.3122,0.3122,0.3122,0.3122,0.3094,0.3119
48604,0.3094,0.3122,0.3122,0.3122,0.3122,0.3122,0.3122,0.3122,0.3122,0.3122,0.3122,0.3094,0.3119
48605,0.3094,0.3122,0.3122,0.3122,0.3122,0.3122,0.3122,0.3122,0.3122,0.3122,0.3122,0.3094,0.3119
49204,0.3094,0.3122,0.3122,0.3122,0.3122,0.3122,0.3122,0.3122,0.3122,0.3122,0.3122,0.3094,0.3119
49205,0.3094,0.3122,0.3122,0.3122,0.3122,0.3122,0.3122,0.3122,0.3122,0.3122,0.3122,0.3094,0.3119
49804,0.3094,0.3122,0.3122,0.3122,0.3122,0.3122,0.3122,0.3122,0.3122,0.3122,0.3122,0.3094,0.3119
49805,0.3094,0.3122,0.3122,0.3122,0.3122,0.3122,0.3122,0.3122,0.3122,0.3122,0.3122,0.3094,0.3119
50404,0.3094,0.3122,0.3122,0.3122,0.3122,0.3122,0.3122,0.3122,0.3122,0.3122,0.3122,0.3094,0.3119
50405,0.3094,0.3122,0.3122,0.3122,0.3122,0.3122,0.3122,0.3122,0.3122,0.3122,0.3122,0.3094,0.3119
51004,0.3094,0.3122,0.3122,0.3122,0.3122,0.3122,0.3122,0.3122,0.3122,0.3122,0.3122,0.3094,0.3119
51005,0.3094,0.3122,0.3122,0.3122,0.3122,0.3122,0.3122,0.3122,0.3122,0.3122,0.3122,0.3094,0.3119
51604,0.3094,0.3122,0.3122,0.3122,0.3122,0.3122,0.3122,0.3122,0.3122,0.3122,0.3122,0.3094,0.3119
51605,0.3094,0.3122,0.3122,0.3122,0.3122,0.3122,0.3122,0.3122,0.3122,0.3122,0.3122,0.3094,0.3119
52204,0.3094,0.3122,0.3122,0.3122,0.3122,0.3122,0.3122,0.3122,0.3122,0.3122,0.3122,0.3094,0.3119
52205,0.3094,0.3122,0.3122,0.3122,0.3122,0.3122,0.3122,0.3122,0.3122,0.3122,0.3122,0.3094,0.3119
52804,0.3094,0.3122,0.3122,0.3122,0.3122,0.3122,0.3122,0.3122,0.3122,0.3122,0.3122,0.3094,0.3119
52805,0.3094,0.3122,0.3122,0.3122,0.3122,0.3122,0.3122,0.3122,0.3122,0.3122,0.3122,0.3094,0.3119
53404,0.3094,0.3122,0.3122,0.3122,0.3122,0.3122,0.3122,0.3122,0.3122,0.3122,0.3122,0.3094,0.3119
53405,0.3094,0.3122,0.3122,0.3122,0.3122,0.3122,0.3122,0.3122,0.3122,0.3122,0.3122,0.3094,0.3119
54004,0.3094,0.3122,0.3122,0.3122,0.3122,0.3122,0.3122,0.3122,0.3122,0.3122,0.3122,0.3094,0.3119
54005,0.3094,0.3122,0.3122,0.3122,0.3122,0.3122,0.3122,0.3122,0.3122,0.3122,0.3122,0.3094,0.3119
54604,0.3094,0.3122,0.3122,0.3122,0.3122,0.3122,0.3122,0.3122,0.3122,0.3122,0.3122,0.3094,0.3119
54605,0.3094,0.3122,0.3122,0.3122,0.3122,0.3122,0.3122,0.3122,0.3122,0.3122,0.3122,0.3094,0.3119
55204,0.3094,0.3122,0.3122,0.3122,0.3122,0.3122,0.3122,0.3122,0.3122,0.3122,0.3122,0.3094,0.3119
55205,0.3094,0.3122,0.3122,0.3122,0.3122,0.3122,0.3122,0.3122,0.3122,0.3122,0.3122,0.3094,0.3119
55804,0.3094,0.3122,0.3122,0.3122,0.3122,0.3122,0.3122,0.3122,0.3122,0.3122,0.3122,0.3094,0.3119
55805,0.3094,0.3122,0.3122,0.3122,0.3122,0.3122,0.3122,0.3122,0.3122,0.3122,0.3122,0.3094,0.3119
56404,0.3094,0.3122,0.3122,0.3122,0.3122,0.3122,0.3122,0.3122,0.3122,0.3122,0.3122,0.3094,0.3119
56405,0.3094,0.3122,0.3122,0.3122,0.3122,0.3122,0.3122,0.3122,0.3122,0.3122,0.3122,0.3094,0.3119
57004,0.3094,0.3122,0.3122,0.3122,0.3122,0.3122,0.3122,0.3122,0.3122,0.3122,0.3122,0.3094,0.3119
57005,0.3094,0.3122,0.3122,0.3122,0.3122,0.3122,0.3122,0.3122,0.3122,0.3122,0.3122,0.3094,0.3119
57604,0.3094,0.3122,0.3122,0.3122,0.3122,0.3122,0.3122,0.3122,0.3122,0.3122,0.3122,0.3094,0.3119
57605,0.3094,0.3122,0.3122,0.3122,0.3122,0.3122,0.3122,0.3122,0.3122,0.3122,0.3122,0.3094,0.3119
58204,0.3094,0.3122,0.3122,0.3122,0.3122,0.3122,0.3122,0.3122,0.3122,0.3122,0.3122,0.3094,0.3119
58205,0.3094,0.3122,0.3122,0.3122,0.3122,0.3122,0.3122,0.3122,0.3122,0.3122,0.3122,0.3094,0.3119
58804,0.3094,0.3122,0.3122,0.3122,0.3122,0.3122,0.3122,0.3122,0.3122,0.3122,0.3122,0.3094,0.3119
58805,0.3094,0.3122,0.3122,0.3122,0.3122,0.3122,0.3122,0.3122,0.3122,0.3122,0.3122,0.3094,0.3119
59404,0.3094,0.3122,0.3122,0.3122,0.3122,0.3122,0.3122,0.3122,0.3122,0.3122,0.3122,0.3094,0.3119
59405,0.3094,0.3122,0.3122,0.3122,0.3122,0.3122,0.3122,0.3122,0.3122,0.3122,0.3122,0.3094,0.3119
60004,0.3094,0.3122,0.3122,0.3122,0.3122,0.3122,0.3122,0.3122,0.3122,0.3122,0.3122,0.3094,0.3119
60005,0.3094,0.3122,0.3122,0.3122,0.3122,0.3122,0.3122,0.3122,0.3122,0.3122,0.3122,0.3094,0.3119
60604,0.3094,0.3122,0.3122,0.3122,0.3122,0.3122,0.3122,0.3122,0.3122,0.3122,0.3122,0.3094,0.3119
60605,0.3094,0.3122,0.3122,0.3122,0.3122,0.3122,0.3122,0.3122,0.3122,0.3122,0.3122,0.3094,0.3119
61204,0.3094,0.3122,0.3122,0.3122,0.3122,0.3122,0.3122,0.3122,0.3122,0.3122,0.3122,0.3094,0.3119
61205,0.3094,0.3122,0.3122,0.3122,0.3122,0.3122,0.3122,0.3122,0.3122,0.3122,0.3122,0.3094,0.3119
61804,0.3094,0.3122,0.3122,0.3122,0.3122,0.3122,0.3122,0.3122,0.3122,0.3122,0.3122,0.3094,0.3119
61805,0.3094,0.3122,0.3122,0.3122,0.3122,0.3122,0.3122,0.3122,0.3122,0.3122,0.3122,0.3094,0.3119
62404,0.3094,0.3122,0.3122,0.3122,0.3122,0.3122,0.3122,0.3122,0.3122,0.3122,0.3122,0.3094,0.3119
62405,0.3094,0.3122,0.3122,0.3122,0.3122,0.3122,0.3122,0.3122,0.3122,0.3122,0.3122,0.3094,0.3119
63004,0.3094,0.3122,0.3122,0.3122,0.3122,0.3122,0.3122,0.3122,0.3122,0.3122,0.3122,0.3094,0.3119
63005,0.3094,0.3122,0.3122,0.3122,0.3122,0.3122,0.3122,0.3122,0.3122,0.3122,0.3122,0.3094,0.3119
63604,0.3094,0.3122,0.3122,0.3122,0.3122,0.3122,0.3122,0.3122,0.3122,0.3122,0.3122,0.3094,0.3119
63605,0.3094,0.3122,0.3122,0.3122,0.3122,0.3122,0.3122,0.3122,0.3122,0.3122,0.3122,0.3094,0.3119
64204,0.3094,0.3122,0.3122,0.3122,0.3122,0.3122,0.3122,0.3122,0.3122,0.3122,0.3122,0.3094,0.3119
64205,0.3094,0.3122,0.3122,0.3122,0.3122,0.3122,0.3122,0.3122,0.3122,0.3122,0.3122,0.3094,0.3119
64804,0.3094,0.3122,0.3122,0.3122,0.3122,0.3122,0.3122,0.3122,0.3122,0.3122,0.3122,0.3094,0.3119
64805,0.3094,0.3122,0.3122,0.3122,0.3122,0.3122,0.3122,0.3122,0.3122,0.3122,0.3122,0.3094,0.3119
65404,0.3094,0.3122,0.3122,0.3122,0.3122,0.3122,0.3122,0.3122,0.3122,0.3122,0.3122,0.3094,0.3119
65405,0.3094,0.3122,0.3122,0.3122,0.3122,0.3122,0.3122,0.3122,0.3122,0.3122,0.3122,0.3094,0.3119
66004,0.3094,0.3122,0.3122,0.3122,0.3122,0.3122,0.3122,0.3122,0.3122,0.3122,0.3122,0.3094,0.3119
66005,0.3094,0.3122,0.3122,0.3122,0.3122,0.3122,0.3122,0.3122,0.3122,0.3122,0.3122,0.3094,0.3119
66604,0.3094,0.3122,0.3122,0.3122,0.3122,0.3122,0.3122,0.3122,0.3122,0.3122,0.3122,0.3094,0.3119
66605,0.3094,0.3122,0.3122,0.3122,0.3122,0.3122,0.3122,0.3122,0.3122,0.3122,0.3122,0.3094,0.3119
67204,0.3094,0.3122,0.3122,0.3122,0.3122,0.3122,0.3122,0.3122,0.3122,0.3122,0.3122,0.3094,0.3119
67205,0.3094,0.3122,0.3122,0.3122,0.3122,0.3122,0.3122,0.3122,0.3122,0.3122,0.3122,0.3094,0.3119
67804,0.3094,0.3122,0.3122,0.3122,0.3122,0.3122,0.3122,0.3122,0.3122,0.3122,0.3122,0.3094,0.3119
67805,0.3094,0.3122,0.3122,0.3122,0.3122,0.3122,0.3122,0.3122,0.3122,0.3122,0.3122,0.3094,0.3119
68404,0.3094,0.3122,0.3122,0.3122,0.3122,0.3122,0.3122,0.3122,0.3122,0.3122,0.3122,0.3094,0.3119
68405,0.3094,0.3122,0.3122,0.3122,0.3122,0.3122,0.3122,0.3122,0.3122,0.3122,0.3122,0.3094,0.3119
69004,0.3094,0.3122,0.3122,0.3122,0.3122,0.3122,0.3122,0.3122,0.3122,0.3122,0.3122,0.3094,0.3119
69005,0.3094,0.3122,0.3122,0.3122,0.3122,0.3122,0.3122,0.3122,0.3122,0.3122,0.3122,0.3094,0.3119
69604,0.3094,0.3122,0.3122,0.3122,0.3122,0.3122,0.3122,0.3122,0.3122,0.3122,0.3122,0.3094,0.3119
69605,0.3094,0.3122,0.3122,0.3122,0.3122,0.3122,0.3122,0.3122,0.3122,0.3122,0.3122,0.3094,0.3119
70204,0.3094,0.3122,0.3122,0.3122,0.3122,0.3122,0.3122,0.3122,0.3122,0.3122,0.3122,0.3094,0.3119
70205,0.3094,0.3122,0.3122,0.3122,0.3122,0.3122,0.3122,0.3122,0.3122,0.3122,0.3122,0.3094,0.3119
70804,0.3094,0.3122,0.3122,0.3122,0.3122,0.3122,0.3122,0.3122,0.3122,0.3122,0.3122,0.3094,0.3119
70805,0.3094,0.3122,0.3122,0.3122,0.3122,0.3122,0.3122,0.3122,0.3122,0.3122,0.3122,0.3094,0.3119
71404,0.3094,0.3122,0.3122,0.3122,0.3122,0.3122,0.3122,0.3122,0.3122,0.3122,0.3122,0.3094,0.3119
71405,0.3094,0.3122,0.3122,0.3122,0.3122,0.3122,0.3122,0.3122,0.3122,0.3122,0.3122,0.3094,0.3119
72004,0.3094,0.3122,0.3122,0.3122,0.3122,0.3122,0.3122,0.3122,0.3122,0.3122,0.3122,0.3094,0.3119
72005,0.3094,0.3122,0.3122,0.3122,0.3122,0.3122,0.3122,0.3122,0.3122,0.3122,0.3122,0.3094,0.3119
72604,0.3094,0.3122,0.3122,0.3122,0.3122,0.3122,0.3122,0.3122,0.3122,0.3122,0.3122,0.3094,0.3119
72605,0.3094,0.3122,0.3122,0.3122,0.3122,0.3122,0.3122,0.3122,0.3122,0.3122,0.3122,0.3094,0.3119
73204,0.3094,0.3122,0.3122,0.3122,0.3122,0.3122,0.3122,0.3122,0.3122,0.3122,0.3122,0.3094,0.3119
73205,0.3094,0.3122,0.3122,0.3122,0.3122,0.3122,0.3122,0.3122,0.3122,0.3122,0.3122,0.3094,0.3119
73804,0.3094,0.3122,0.3122,0.3122,0.3122,0.3122,0.3122,0.3122,0.3122,0.3122,0.3122,0.3094,0.3119
73805,0.3094,0.3122,0.3122,0.3122,0.3122,0.3122,0.3122,0.3122,0.3122,0.3122,0.3122,0.3094,0.3119
74404,0.3094,0.3122,0.3122,0.3122,0.3122,0.3122,0.3122,0.3122,0.3122,0.3122,0.3122,0.3094,0.3119
74405,0.3094,0.3122,0.3122,0.3122,0.3122,0.3122,0.3122,0.3122,0.3122,0.3122,0.3122,0.3094,0.3119
75004,0.3094,0.3122,0.3122,0.3122,0.3122,0.3122,0.3122,0.3122,0.3122,0.3122,0.3122,0.3094,0.3119
75005,0.3094,0.3122,0.3122,0.3122,0.3122,0.3122,0.3122,0.3122,0.3122,0.3122,0.3122,0.3094,0.3119
75604,0.3094,0.3122,0.3122,0.3122,0.3122,0.3122,0.3122,0.3122,0.3122,0.3122,0.3122,0.3094,0.3119
75605,0.3094,0.3122,0.3122,0.3122,0.3122,0.3122,0.3122,0.3122,0.3122,0.3122,0.3122,0.3094,0.3119
76204,0.3094,0.3122,0.3122,0.3122,0.3122,0.3122,0.3122,0.3122,0.3122,0.3122,0.3122,0.3094,0.3119
76205,0.3094,0.3122,0.3122,0.3122,0.3122,0.3122,0.3122,0.3122,0.3122,0.3122,0.3122,0.3094,0.3119
76804,0.3094,0.3122,0.3122,0.3122,0.3122,0.3122,0.3122,0.3122,0.3122,0.3122,0.3122,0.3094,0.3119
76805,0.3094,0.3122,0.3122,0.3122,0.3122,0.3122,0.3122,0.3122,0.3122,0.3122,0.3122,0.3094,0.3119
77404,0.3094,0.3122,0.3122,0.3122,0.3122,0.3122,0.3122,0.3122,0.3122,0.3122,0.3122,0.3094,0.3119
77405,0.3094,0.3122,0.3122,0.3122,0.3122,0.3122,0.3122,0.3122,0.3122,0.3122,0.3122,0.3094,0.3119
78004,0.3094,0.3122,0.3122,0.3122,0.3122,0.3122,0.3122,0.3122,0.3122,0.3122,0.3122,0.3094,0.3119
78005,0.3094,0.3122,0.3122,0.3122,0.3122,0.3122,0.3122,0.3122,0.3122,0.3122,0.3122,0.3094,0.3119
78604,0.3094,0.3122,0.3122,0.3122,0.3122,0.3122,0.3122,0.3122,0.3122,0.3122,0.3122,0.3094,0.3119
78605,0.3094,0.3122,0.3122,0.3122,0.3122,0.3122,0.3122,0.3122,0.3122,0.3122,0.3122,0.3094,0.3119
79204,0.3094,0.3122,0.3122,0.3122,0.3122,0.3122,0.3122,0.3122,0.3122,0.3122,0.3122,0.3094,0.3119
79205,0.3094,0.3122,0.3122,0.3122,0.3122,0.3122,0.3122,0.3122,0.3122,0.3122,0.3122,0.3094,0.3119
79804,0.3094,0.3122,0.3122,0.3122,0.3122,0.3122,0.3122,0.3122,0.3122,0.3122,0.3122,0.3094,0.3119
79805,0.3094,0.3122,0.3122,0.3122,0.3122,0.3122,0.3122,0.3122,0.3122,0.3122,0.3122,0.3094,0.3119
80404,0.3094,0.3122,0.3122,0.3122,0.3122,0.3122,0.3122,0.3122,0.3122,0.3122,0.3122,0.3094,0.3119
80405,0.3094,0.3122,0.3122,0.3122,0.3122,0.3122,0.3122,0.3122,0.3122,0.3122,0.3122,0.3094,0.3119
81004,0.3094,0.3122,0.3122,0.3122,0.3122,0.3122,0.3122,0.3122,0.3122,0.3122,0.3122,0.3094,0.3119
81005,0.3094,0.3122,0.3122,0.3122,0.3122,0.3122,0.3122,0.3122,0.3122,0.3122,0.3122,0.3094,0.3119
81604,0.3094,0.3122,0.3122,0.3122,0.3122,0.3122,0.3122,0.3122,0.3122,0.3122,0.3122,0.3094,0.3119
81605,0.3094,0.3122,0.3122,0.3122,0.3122,0.3122,0.3122,0.3122,0.3122,0.3122,0.3122,0.3094,0.3119
82204,0.3094,0.3122,0.3122,0.3122,0.3122,0.3122,0.3122,0.3122,0.3122,0.3122,0.3122,0.3094,0.3119
82205,0.3094,0.3122,0.3122,0.3122,0.3122,0.3122,0.3122,0.3122,0.3122,0.3122,0.3122,0.3094,0.3119
82804,0.3094,0.3122,0.3122,0.3122,0.3122,0.3122,0.3122,0.3122,0.3122,0.3122,0.3122,0.3094,0.3119
82805,0.3094,0.3122,0.3122,0.3122,0.3122,0.3122,0.3122,0.3122,0.3122,0.3122,0.3122,0.3094,0.3119
83404,0.3094,0.3122,0.3122,0.3122,0.3122,0.3122,0.3122,0.3122,0.3122,0.3122,0.3122,0.3094,0.3119
83405,0.3094,0.3122,0.3122,0.3122,0.3122,0.3122,0.3122,0.3122,0.3122,0.3122,0.3122,0.3094,0.3119
84004,0.3094,0.3122,0.3122,0.3122,0.3122,0.3122,0.3122,0.3122,0.3122,0.3122,0.3122,0.3094,0.3119
84005,0.3094,0.3122,0.3122,0.3122,0.3122,0.3122,0.3122,0.3122,0.3122,0.3122,0.3122,0.3094,0.3119
84604,0.3094,0.3122,0.3122,0.3122,0.3122,0.3122,0.3122,0.3122,0.3122,0.3122,0.3122,0.3094,0.3119
84605,0.3094,0.3122,0.3122,0.3122,0.3122,0.3122,0.3122,0.3122,0.3122,0.3122,0.3122,0.3094,0.3119
85204,0.3094,0.3122,0.3122,0.3122,0.3122,0.3122,0.3122,0.3122,0.3122,0.3122,0.3122,0.3094,0.3119
85205,0.3094,0.3122,0.3122,0.3122,0.3122,0.3122,0.3122,0.3122,0.3122,0.3122,0.3122,0.3094,0.3119
85804,0.3094,0.3122,0.3122,0.3122,0.3122,0.3122,0.3122,0.3122,0.3122,0.3122,0.3122,0.3094,0.3119
85805,0.3094,0.3122,0.3122,0.3122,0.3122,0.3122,0.3122,0.3122,0.3122,0.3122,0.3122,0.3094,0.3119
86404,0.3094,0.3122,0.3122,0.3122,0.3122,0.3122,0.3122,0.3122,0.3122,0.3122,0.3122,0.3094,0.3119
86405,0.3094,0.3122,0.3122,0.3122,0.3122,0.3122,0.3122,0.3122,0.3122,0.3122,0.3122,0.3094,0.3119
87004,0.3094,0.3122,0.3122,0.3122,0.3122,0.3122,0.3122,0.3122,0.3122,0.3122,0.3122,0.3094,0.3119
87005,0.3094,0.3122,0.3122,0.3122,0.3122,0.3122,0.3122,0.3122,0.3122,0.3122,0.3122,0.3094,0.3119
87604,0.3094,0.3122,0.3122,0.3122,0.3122,0.3122,0.3122,0.3122,0.3122,0.3122,0.3122,0.3094,0.3119
87605,0.3094,0.3122,0.3122,0.3122,0.3122,0.3122,0.3122,0.3122,0.3122,0.3122,0.3122,0.3094,0.3119
88204,0.3094,0.3122,0.3122,0.3122,0.3122,0.3122,0.3122,0.3122,0.3122,0.3122,0.3122,0.3094,0.3119
88205,0.3094,0.3122,0.3122,0.3122,0.3122,0.3122,0.3122,0.3122,0.3122,0.3122,0.3122,0.3094,0.3119
88804,0.3094,0.3122,0.3122,0.3122,0.3122,0.3122,0.3122,0.3122,0.3122,0.3122,0.3122,0.3094,0.3119
88805,0.3094,0.3122,0.3122,0.3122,0.3122,0.3122,0.3122,0.3122,0.3122,0.3122,0.3122,0.3094,0.3119
89404,0.3094,0.3122,0.3122,0.3122,0.3122,0.3122,0.3122,0.3122,0.3122,0.3122,0.3122,0.3094,0.3119
89405,0.3094,0.3122,0.3122,0.3122,0.3122,0.3122,0.3122,0.3122,0.3122,0.3122,0.3122,0.3094,0.3119
90004,0.3094,0.3122,0.3122,0.3122,0.3122,0.3122,0.3122,0.3122,0.3122,0.3122,0.3122,0.3094,0.3119
90005,0.3094,0.3122,0.3122,0.3122,0.3122,0.3122,0.3122,0.3122,0.3122,0.3122,0.3122,0.3094,0.3119
90604,0.3094,0.3122,0.3122,0.3122,0.3122,0.3122,0.3122,0.3122,0.3122,0.3122,0.3122,0.3094,0.3119
90605,0.3094,0.3122,0.3122,0.3122,0.3122,0.3122,0.3122,0.3122,0.3122,0.3122,0.3122,0.3094,0.3119
91204,0.3094,0.3122,0.3122,0.3122,0.3122,0.3122,0.3122,0.3122,0.3122,0.3122,0.3122,0.3094,0.3119
91205,0.3094,0.3122,0.3122,0.3122,0.3122,0.3122,0.3122,0.3122,0.3122,0.3122,0.3122,0.3094,0.3119
91804,0.3094,0.3122,0.3122,0.3122,0.3122,0.3122,0.3122,0.3122,0.3122,0.3122,0.3122,0.3094,0.3119
91805,0.3094,0.3122,0.3122,0.3122,0.3122,0.3122,0.3122,0.3122,0.3122,0.3122,0.3122,0.3094,0.3119
92404,0.3094,0.3122,0.3122,0.3122,0.3122,0.3122,0.3122,0.3122,0.3122,0.3122,0.3122,0.3094,0.3119
92405,0.3094,0.3122,0.3122,0.3122,0.3122,0.3122,0.3122,0.3122,0.3122,0.3122,0.3122,0.3094,0.3119
93004,0.3094,0.3122,0.3122,0.3122,0.3122,0.3122,0.3122,0.3122,0.3122,0.3122,0.3122,0.3094,0.3119
93005,0.3094,0.3122,0.3122,0.3122,0.3122,0.3122,0.3122,0.3122,0.3122,0.3122,0.3122,0.3094,0.3119
93604,0.3094,0.3122,0.3122,0.3122,0.3122,0.3122,0.3122,0.3122,0.3122,0.3122,0.3122,0.3094,0.3119
93605,0.3094,0.3122,0.3122,0.3122,0.3122,0.3122,0.3122,0.3122,0.3122,0.3122,0.3122,0.3094,0.3119
94204,0.3094,0.3122,0.3122,0.3122,0.3122,0.3122,0.3122,0.3122,0.3122,0.3122,0.3122,0.3094,0.3119
94205,0.3094,0.3122,0.3122,0.3122,0.3122,0.3122,0.3122,0.3122,0.3122,0.3122,0.3122,0.3094,0.3119
94804,0.3094,0.3122,0.3122,0.3122,0.3122,0.3122,0.3122,0.3122,0.3122,0.3122,0.3122,0.3094,0.3119
94805,0.3094,0.3122,0.3122,0.3122,0.3122,0.3122,0.3122,0.3122,0.3122,0.3122,0.3122,0.3094,0.3119
95404,0.3094,0.3122,0.3122,0.3122,0.3122,0.3122,0.3122,0.3122,0.3122,0.3122,0.3122,0.3094,0.3119
95405,0.3094,0.3122,0.3122,0.3122,0.3122,0.3122,0.3122,0.3122,0.3122,0.3122,0.3122,0.3094,0.3119
96004,0.3094,0.3122,0.3122,0.3122,0.3122,0.3122,0.3122,0.3122,0.3122,0.3122,0.3122,0.3094,0.3119
96005,0.3094,0.3122,0.3122,0.3122,0.3122,0.3122,0.3122,0.3122,0.3122,0.3122,0.3122,0.3094,0.3119
96604,0.3094,0.3122,0.3122,0.3122,0.3122,0.3122,0.3122,0.3122,0.3122,0.3122,0.3122,0.3094,0.3119
96605,0.3094,0.3122,0.3122,0.3122,0.3122,0.3122,0.3122,0.3122,0.3122,0.3122,0.3122,0.3094,0.3119
97204,0.3094,0.3122,0.3122,0.3122,0.3122,0.3122,0.3122,0.3122,0.3122,0.3122,0.3122,0.3094,0.3119
97205,0.3094,0.3122,0.3122,0.3122,0.3122,0.3122,0.3122,0.3122,0.3122,0.3122,0.3122,0.3094,0.3119
97804,0.3094,0.3122,0.3122,0.3122,0.3122,0.3122,0.3122,0.3122,0.3122,0.3122,0.3122,0.3094,0.3119
97805,0.3094,0.3122,0.3122,0.3122,0.3122,0.3122,0.3122,0.3122,0.3122,0.3122,0.3122,0.3094,0.3119
98404,0.3094,0.3122,0.3122,0.3122,0.3122,0.3122,0.3122,0.3122,0.3122,0.3122,0.3122,0.3094,0.3119
98405,0.3094,0.3122,0.3122,0.3122,0.3122,0.3122,0.3122,0.3122,0.3122,0.3122,0.3122,0.3094,0.3119
99004,0.3094,0.3122,0.3122,0.3122,0.3122,0.3122,0.3122,0.3122,0.3122,0.3122,0.3122,0.3094,0.3119
99005,0.3094,0.3122,0.3122,0.3122,0.3122,0.3122,0.3122,0.3122,0.3122,0.3122,0.3122,0.3094,0.3119
99605,0.3094,0.3122,0.3122,0.3122,0.3122,0.3122,0.3122,0.3122,0.3122,0.3122,0.3122,0.3094,0.3119
100205,0.3094,0.3122,0.3122,0.3122,0.3122,0.3122,0.3122,0.3122,0.3122,0.3122,0.3122,0.3094,0.3119
100805,0.3094,0.3122,0.3122,0.3122,0.3122,0.3122,0.3122,0.3122,0.3122,0.3122,0.3122,0.3094,0.3119
101405,0.3094,0.3122,0.3122,0.3122,0.3122,0.3122,0.3122,0.3122,0.3122,0.3122,0.3122,0.3094,0.3119
102005,0.3094,0.3122,0.3122,0.3122,0.3122,0.3122,0.3122,0.3122,0.3122,0.3122,0.3122,0.3094,0.3119
102605,0.3094,0.3122,0.3122,0.3122,0.3122,0.3122,0.3122,0.3122,0.3122,0.3122,0.3122,0.3094,0.3119
103205,0.3094,0.3122,0.3122,0.3122,0.3122,0.3122,0.3122,0.3122,0.3122,0.3122,0.3122,0.3094,0.3119
103805,0.3094,0.3122,0.3122,0.3122,0.3122,0.3122,0.3122,0.3122,0.3122,0.3122,0.3122,0.3094,0.3119
104405,0.3094,0.3122,0.3122,0.3122,0.3122,0.3122,0.3122,0.3122,0.3122,0.3122,0.3122,0.3094,0.3119
105005,0.3094,0.3122,0.3122,0.3122,0.3122,0.3122,0.3122,0.3122,0.3122,0.3122,0.3122,0.3094,0.3119
105605,0.3094,0.3122,0.3122,0.3122,0.3122,0.3122,0.3122,0.3122,0.3122,0.3122,0.3122,0.3094,0.3119
106205,0.3094,0.3122,0.3122,0.3122,0.3122,0.3122,0.3122,0.3122,0.3122,0.3122,0.3122,0.3094,0.3119
106805,0.3094,0.3122,0.3122,0.3122,0.3122,0.3122,0.3122,0.3122,0.3122,0.3122,0.3122,0.3094,0.3119
107405,0.3094,0.3122,0.3122,0.3122,0.3122,0.3122,0.3122,0.3122,0.3122,0.3122,0.3122,0.3094,0.3119
108005,0.3094,0.3122,0.3122,0.3122,0.3122,0.3122,0.3122,0.3122,0.3122,0.3122,0.3122,0.3094,0.3119
108605,0.3094,0.3122,0.3122,0.3122,0.3122,0.3122,0.3122,0.3122,0.3122,0.3122,0.3122,0.3094,0.3119
109205,0.3094,0.3122,0.3122,0.3122,0.3122,0.3122,0.3122,0.3122,0.3122,0.3122,0.3122,0.3094,0.3119
109805,0.3094,0.3122,0.3122,0.3122,0.3122,0.3122,0.3122,0.3122,0.3122,0.3122,0.3122,0.3094,0.3119
110405,0.3094,0.3122,0.3122,0.3122,0.3122,0.3122,0.3122,0.3122,0.3122,0.3122,0.3122,0.3094,0.3119
111005,0.3094,0.3122,0.3122,0.3122,0.3122,0.3122,0.3122,0.3122,0.3122,0.3122,0.3122,0.3094,0.3119
111605,0.3094,0.3122,0.3122,0.3122,0.3122,0.3122,0.3122,0.3122,0.3122,0.3122,0.3122,0.3094,0.3119
112205,0.3094,0.3122,0.3122,0.3122,0.3122,0.3122,0.3122,0.3122,0.3122,0.3122,0.3122,0.3094,0.3119
112805,0.3094,0.3122,0.3122,0.3122,0.3122,0.3122,0.3122,0.3122,0.3122,0.3122,0.3122,0.3094,0.3119
113405,0.3094,0.3122,0.3122,0.3122,0.3122,0.3122,0.3122,0.3122,0.3122,0.3122,0.3122,0.3094,0.3119
114005,0.3094,0.3122,0.3122,0.3122,0.3122,0.3122,0.3122,0.3122,0.3122,0.3122,0.3122,0.3094,0.3119
114605,0.3094,0.3122,0.3122,0.3122,0.3122,0.3122,0.3122,0.3122,0.3122,0.3122,0.3122,0.3094,0.3119
115205,0.3094,0.3122,0.3122,0.3122,0.3122,0.3122,0.3122,0.3122,0.3122,0.3122,0.3122,0.3094,0.3119
115805,0.3094,0.3122,0.3122,0.3122,0.3122,0.3122,0.3122,0.3122,0.3122,0.3122,0.3122,0.3094,0.3119
116405,0.3094,0.3122,0.3122,0.3122,0.3122,0.3122,0.3122,0.3122,0.3122,0.3122,0.3122,0.3094,0.3119
117005,0.3094,0.3122,0.3122,0.3122,0.3122,0.3122,0.3122,0.3122,0.3122,0.3122,0.3122,0.3094,0.3119
