timestamp,ehci9,ehci5,ehci4,ehci7,ehci0,ehci8,ehci6,ehci1,ehci2,ehci3,max,min,avg
0,0.0925,0.0925,0.0925,0.0925,0.0925,0.0925,0.0925,0.0925,0.0925,0.0925,0.0925,0.0925,0.0925
1,0.1036,0.1036,0.1036,0.1036,0.1036,0.1036,0.1036,0.1036,0.1036,0.1036,0.1036,0.1036,0.1036
2,0.1036,0.1036,0.1036,0.1036,0.1036,0.1036,0.1036,0.1036,0.1036,0.1036,0.1036,0.1036,0.1036
3,0.1036,0.1036,0.1036,0.1036,0.1036,0.1036,0.1036,0.1036,0.1036,0.1036,0.1036,0.1036,0.1036
4,0.297,0.1036,0.1036,0.1036,0.1036,0.1036,0.1036,0.1036,0.1036,0.2762,0.297,0.1036,0.1402
5,0.3122,0.1036,0.1036,0.1036,0.1036,0.1036,0.1036,0.1036,0.1036,0.3094,0.3122,0.1036,0.145
6,0.3122,0.1036,0.2942,0.297,0.1036,0.3122,0.3412,0.1036,0.1036,0.3094,0.3412,0.1036,0.2281
7,0.3122,0.297,0.3094,0.3122,0.1036,0.3122,0.3439,0.1036,0.1036,0.3094,0.3439,0.1036,0.2507
8,0.3122,0.3122,0.3094,0.3122,0.2942,0.3122,0.3439,0.1036,0.3094,0.3094,0.3439,0.1036,0.2919
9,0.3122,0.3122,0.3094,0.3122,0.3094,0.3122,0.3439,0.2983,0.3094,0.3094,0.3439,0.2983,0.3129
10,0.3122,0.3122,0.3094,0.3122,0.3094,0.3122,0.3439,0.3122,0.3094,0.3094,0.3439,0.3094,0.3143
11,0.3122,0.3122,0.3094,0.3122,0.3094,0.3122,0.3439,0.3122,0.3094,0.3094,0.3439,0.3094,0.3143
12,0.3122,0.3122,0.3094,0.3122,0.3094,0.3122,0.3439,0.3122,0.3094,0.3094,0.3439,0.3094,0.3143
13,0.3122,0.3122,0.3094,0.3122,0.3094,0.3122,0.3439,0.3122,0.3094,0.3094,0.3439,0.3094,0.3143
14,0.3122,0.3122,0.3094,0.3122,0.3094,0.3122,0.3439,0.3122,0.3094,0.3094,0.3439,0.3094,0.3143
15,0.3122,0.3122,0.3094,0.3122,0.3094,0.3122,0.3439,0.3122,0.3094,0.3094,0.3439,0.3094,0.3143
16,0.3122,0.3122,0.3094,0.3122,0.3094,0.3122,0.3439,0.3122,0.3094,0.3094,0.3439,0.3094,0.3143
17,0.3122,0.3122,0.3094,0.3122,0.3094,0.3122,0.3439,0.3122,0.3094,0.3094,0.3439,0.3094,0.3143
18,0.3122,0.3122,0.3094,0.3122,0.3094,0.3122,0.3439,0.3122,0.3094,0.3094,0.3439,0.3094,0.3143
19,0.3122,0.3122,0.3094,0.3122,0.3094,0.3122,0.3439,0.3122,0.3094,0.3094,0.3439,0.3094,0.3143
20,0.3122,0.3122,0.3094,0.3122,0.3094,0.3122,0.3439,0.3122,0.3094,0.3094,0.3439,0.3094,0.3143
21,0.3122,0.3122,0.3094,0.3122,0.3094,0.3122,0.3439,0.3122,0.3094,0.3094,0.3439,0.3094,0.3143
22,0.3122,0.3122,0.3094,0.3122,0.3094,0.3122,0.3439,0.3122,0.3094,0.3094,0.3439,0.3094,0.3143
23,0.3122,0.3122,0.3094,0.3122,0.3094,0.3122,0.3439,0.3122,0.3094,0.3094,0.3439,0.3094,0.3143
24,0.3122,0.3122,0.3094,0.3122,0.3094,0.3122,0.3439,0.3122,0.3094,0.3094,0.3439,0.3094,0.3143
25,0.3122,0.3122,0.3094,0.3122,0.3094,0.3122,0.3439,0.3122,0.3094,0.3094,0.3439,0.3094,0.3143
26,0.3122,0.3122,0.3094,0.3122,0.3094,0.3122,0.3439,0.3122,0.3094,0.3094,0.3439,0.3094,0.3143
27,0.3122,0.3122,0.3094,0.3122,0.3094,0.3122,0.3439,0.3122,0.3094,0.3094,0.3439,0.3094,0.3143
28,0.3122,0.3122,0.3094,0.3122,0.3094,0.3122,0.3439,0.3122,0.3094,0.3094,0.3439,0.3094,0.3143
29,0.3122,0.3122,0.3094,0.3122,0.3094,0.3122,0.3439,0.3122,0.3094,0.3094,0.3439,0.3094,0.3143
30,0.3122,0.3122,0.3094,0.3122,0.3094,0.3122,0.3439,0.3122,0.3094,0.3094,0.3439,0.3094,0.3143
31,0.3122,0.3122,0.3094,0.3122,0.3094,0.3122,0.3439,0.3122,0.3094,0.3094,0.3439,0.3094,0.3143
32,0.3122,0.3122,0.3094,0.3122,0.3094,0.3122,0.3439,0.3122,0.3094,0.3094,0.3439,0.3094,0.3143
33,0.3122,0.3122,0.3094,0.3122,0.3094,0.3122,0.3439,0.3122,0.3094,0.3094,0.3439,0.3094,0.3143
34,0.3122,0.3122,0.3094,0.3122,0.3094,0.3122,0.3439,0.3122,0.3094,0.3094,0.3439,0.3094,0.3143
35,0.3122,0.3122,0.3094,0.3122,0.3094,0.3122,0.3439,0.3122,0.3094,0.3094,0.3439,0.3094,0.3143
36,0.3122,0.3122,0.3094,0.3122,0.3094,0.3122,0.3439,0.3122,0.3094,0.3094,0.3439,0.3094,0.3143
37,0.3122,0.3122,0.3094,0.3122,0.3094,0.3122,0.3439,0.3122,0.3094,0.3094,0.3439,0.3094,0.3143
38,0.3122,0.3122,0.3094,0.3122,0.3094,0.3122,0.3439,0.3122,0.3094,0.3094,0.3439,0.3094,0.3143
39,0.3122,0.3122,0.3094,0.3122,0.3094,0.3122,0.3439,0.3122,0.3094,0.3094,0.3439,0.3094,0.3143
40,0.3122,0.3122,0.3094,0.3122,0.3094,0.3122,0.3439,0.3122,0.3094,0.3094,0.3439,0.3094,0.3143
41,0.3122,0.3122,0.3094,0.3122,0.3094,0.3122,0.3439,0.3122,0.3094,0.3094,0.3439,0.3094,0.3143
42,0.3122,0.3122,0.3094,0.3122,0.3094,0.3122,0.3439,0.3122,0.3094,0.3094,0.3439,0.3094,0.3143
43,0.3122,0.3122,0.3094,0.3122,0.3094,0.3122,0.3439,0.3122,0.3094,0.3094,0.3439,0.3094,0.3143
44,0.3122,0.3122,0.3094,0.3122,0.3094,0.3122,0.3439,0.3122,0.3094,0.3094,0.3439,0.3094,0.3143
45,0.3122,0.3122,0.3094,0.3122,0.3094,0.3122,0.3439,0.3122,0.3094,0.3094,0.3439,0.3094,0.3143
46,0.3122,0.3122,0.3094,0.3122,0.3094,0.3122,0.3439,0.3122,0.3094,0.3094,0.3439,0.3094,0.3143
47,0.3122,0.3122,0.3094,0.3122,0.3094,0.3122,0.3439,0.3122,0.3094,0.3094,0.3439,0.3094,0.3143
48,0.3122,0.3122,0.3094,0.3122,0.3094,0.3122,0.3439,0.3122,0.3094,0.3094,0.3439,0.3094,0.3143
49,0.3122,0.3122,0.3094,0.3122,0.3094,0.3122,0.3439,0.3122,0.3094,0.3094,0.3439,0.3094,0.3143
50,0.3122,0.3122,0.3094,0.3122,0.3094,0.3122,0.3439,0.3122,0.3094,0.3094,0.3439,0.3094,0.3143
51,0.3122,0.3122,0.3094,0.3122,0.3094,0.3122,0.3439,0.3122,0.3094,0.3094,0.3439,0.3094,0.3143
52,0.3122,0.3122,0.3094,0.3122,0.3094,0.3122,0.3439,0.3122,0.3094,0.3094,0.3439,0.3094,0.3143
53,0.3122,0.3122,0.3094,0.3122,0.3094,0.3122,0.3439,0.3122,0.3094,0.3094,0.3439,0.3094,0.3143
54,0.3122,0.3122,0.3094,0.3122,0.3094,0.3122,0.3439,0.3122,0.3094,0.3094,0.3439,0.3094,0.3143
55,0.3122,0.3122,0.3094,0.3122,0.3094,0.3122,0.3439,0.3122,0.3094,0.3094,0.3439,0.3094,0.3143
56,0.3122,0.3122,0.3094,0.3122,0.3094,0.3122,0.3439,0.3122,0.3094,0.3094,0.3439,0.3094,0.3143
57,0.3122,0.3122,0.3094,0.3122,0.3094,0.3122,0.3439,0.3122,0.3094,0.3094,0.3439,0.3094,0.3143
58,0.3122,0.3122,0.3094,0.3122,0.3094,0.3122,0.3439,0.3122,0.3094,0.3094,0.3439,0.3094,0.3143
59,0.3122,0.3122,0.3094,0.3122,0.3094,0.3122,0.3439,0.3122,0.3094,0.3094,0.3439,0.3094,0.3143
60,0.3122,0.3122,0.3094,0.3122,0.3094,0.3122,0.3439,0.3122,0.3094,0.3094,0.3439,0.3094,0.3143
61,0.3122,0.3122,0.3094,0.3122,0.3094,0.3122,0.3439,0.3122,0.3094,0.3094,0.3439,0.3094,0.3143
62,0.3122,0.3122,0.3094,0.3122,0.3094,0.3122,0.3439,0.3122,0.3094,0.3094,0.3439,0.3094,0.3143
63,0.3122,0.3122,0.3094,0.3122,0.3094,0.3122,0.3439,0.3122,0.3094,0.3094,0.3439,0.3094,0.3143
64,0.3122,0.3122,0.3094,0.3122,0.3094,0.3122,0.3439,0.3122,0.3094,0.3094,0.3439,0.3094,0.3143
65,0.3122,0.3122,0.3094,0.3122,0.3094,0.3122,0.3439,0.3122,0.3094,0.3094,0.3439,0.3094,0.3143
66,0.3122,0.3122,0.3094,0.3122,0.3094,0.3122,0.3439,0.3122,0.3094,0.3094,0.3439,0.3094,0.3143
67,0.3122,0.3122,0.3094,0.3122,0.3094,0.3122,0.3439,0.3122,0.3094,0.3094,0.3439,0.3094,0.3143
68,0.3122,0.3122,0.3094,0.3122,0.3094,0.3122,0.3439,0.3122,0.3094,0.3094,0.3439,0.3094,0.3143
69,0.3122,0.3122,0.3094,0.3122,0.3094,0.3122,0.3439,0.3122,0.3094,0.3094,0.3439,0.3094,0.3143
70,0.3122,0.3122,0.3094,0.3122,0.3094,0.3122,0.3439,0.3122,0.3094,0.3094,0.3439,0.3094,0.3143
71,0.3122,0.3122,0.3094,0.3122,0.3094,0.3122,0.3439,0.3122,0.3094,0.3094,0.3439,0.3094,0.3143
72,0.3122,0.3122,0.3094,0.3122,0.3094,0.3122,0.3439,0.3122,0.3094,0.3094,0.3439,0.3094,0.3143
73,0.3122,0.3122,0.3094,0.3122,0.3094,0.3122,0.3439,0.3122,0.3094,0.3094,0.3439,0.3094,0.3143
74,0.3122,0.3122,0.3094,0.3122,0.3094,0.3122,0.3439,0.3122,0.3094,0.3094,0.3439,0.3094,0.3143
75,0.3122,0.3122,0.3094,0.3122,0.3094,0.3122,0.3439,0.3122,0.3094,0.3094,0.3439,0.3094,0.3143
76,0.3122,0.3122,0.3094,0.3122,0.3094,0.3122,0.3439,0.3122,0.3094,0.3094,0.3439,0.3094,0.3143
77,0.3122,0.3122,0.3094,0.3122,0.3094,0.3122,0.3439,0.3122,0.3094,0.3094,0.3439,0.3094,0.3143
78,0.3122,0.3122,0.3094,0.3122,0.3094,0.3122,0.3439,0.3122,0.3094,0.3094,0.3439,0.3094,0.3143
79,0.3122,0.3122,0.3094,0.3122,0.3094,0.3122,0.3439,0.3122,0.3094,0.3094,0.3439,0.3094,0.3143
80,0.3122,0.3122,0.3094,0.3122,0.3094,0.3122,0.3439,0.3122,0.3094,0.3094,0.3439,0.3094,0.3143
81,0.3122,0.3122,0.3094,0.3122,0.3094,0.3122,0.3439,0.3122,0.3094,0.3094,0.3439,0.3094,0.3143
82,0.3122,0.3122,0.3094,0.3122,0.3094,0.3122,0.3439,0.3122,0.3094,0.3094,0.3439,0.3094,0.3143
83,0.3122,0.3122,0.3094,0.3122,0.3094,0.3122,0.3439,0.3122,0.3094,0.3094,0.3439,0.3094,0.3143
84,0.3122,0.3122,0.3094,0.3122,0.3094,0.3122,0.3439,0.3122,0.3094,0.3094,0.3439,0.3094,0.3143
85,0.3122,0.3122,0.3094,0.3122,0.3094,0.3122,0.3439,0.3122,0.3094,0.3094,0.3439,0.3094,0.3143
86,0.3122,0.3122,0.3094,0.3122,0.3094,0.3122,0.3439,0.3122,0.3094,0.3094,0.3439,0.3094,0.3143
87,0.3122,0.3122,0.3094,0.3122,0.3094,0.3122,0.3439,0.3122,0.3094,0.3094,0.3439,0.3094,0.3143
88,0.3122,0.3122,0.3094,0.3122,0.3094,0.3122,0.3439,0.3122,0.3094,0.3094,0.3439,0.3094,0.3143
89,0.3122,0.3122,0.3094,0.3122,0.3094,0.3122,0.3439,0.3122,0.3094,0.3094,0.3439,0.3094,0.3143
90,0.3122,0.3122,0.3094,0.3122,0.3094,0.3122,0.3439,0.3122,0.3094,0.3094,0.3439,0.3094,0.3143
91,0.3122,0.3122,0.3094,0.3122,0.3094,0.3122,0.3439,0.3122,0.3094,0.3094,0.3439,0.3094,0.3143
92,0.3122,0.3122,0.3094,0.3122,0.3094,0.3122,0.3439,0.3122,0.3094,0.3094,0.3439,0.3094,0.3143
93,0.3122,0.3122,0.3094,0.3122,0.3094,0.3122,0.3439,0.3122,0.3094,0.3094,0.3439,0.3094,0.3143
94,0.3122,0.3122,0.3094,0.3122,0.3094,0.3122,0.3439,0.3122,0.3094,0.3094,0.3439,0.3094,0.3143
95,0.3122,0.3122,0.3094,0.3122,0.3094,0.3122,0.3439,0.3122,0.3094,0.3094,0.3439,0.3094,0.3143
96,0.3122,0.3122,0.3094,0.3122,0.3094,0.3122,0.3439,0.3122,0.3094,0.3094,0.3439,0.3094,0.3143
97,0.3122,0.3122,0.3094,0.3122,0.3094,0.3122,0.3439,0.3122,0.3094,0.3094,0.3439,0.3094,0.3143
98,0.3122,0.3122,0.3094,0.3122,0.3094,0.3122,0.3439,0.3122,0.3094,0.3094,0.3439,0.3094,0.3143
99,0.3122,0.3122,0.3094,0.3122,0.3094,0.3122,0.3439,0.3122,0.3094,0.3094,0.3439,0.3094,0.3143
100,0.3122,0.3122,0.3094,0.3122,0.3094,0.3122,0.3439,0.3122,0.3094,0.3094,0.3439,0.3094,0.3143
101,0.3122,0.3122,0.3094,0.3122,0.3094,0.3122,0.3439,0.3122,0.3094,0.3094,0.3439,0.3094,0.3143
102,0.3122,0.3122,0.3094,0.3122,0.3094,0.3122,0.3439,0.3122,0.3094,0.3094,0.3439,0.3094,0.3143
103,0.3122,0.3122,0.3094,0.3122,0.3094,0.3122,0.3439,0.3122,0.3094,0.3094,0.3439,0.3094,0.3143
104,0.3122,0.3122,0.3094,0.3122,0.3094,0.3122,0.3439,0.3122,0.3094,0.3094,0.3439,0.3094,0.3143
105,0.3122,0.3122,0.3094,0.3122,0.3094,0.3122,0.3439,0.3122,0.3094,0.3094,0.3439,0.3094,0.3143
106,0.3122,0.3122,0.3094,0.3122,0.3094,0.3122,0.3439,0.3122,0.3094,0.3094,0.3439,0.3094,0.3143
107,0.3122,0.3122,0.3094,0.3122,0.3094,0.3122,0.3439,0.3122,0.3094,0.3094,0.3439,0.3094,0.3143
108,0.3122,0.3122,0.3094,0.3122,0.3094,0.3122,0.3439,0.3122,0.3094,0.3094,0.3439,0.3094,0.3143
109,0.3122,0.3122,0.3094,0.3122,0.3094,0.3122,0.3439,0.3122,0.3094,0.3094,0.3439,0.3094,0.3143
110,0.3122,0.3122,0.3094,0.3122,0.3094,0.3122,0.3439,0.3122,0.3094,0.3094,0.3439,0.3094,0.3143
111,0.3122,0.3122,0.3094,0.3122,0.3094,0.3122,0.3439,0.3122,0.3094,0.3094,0.3439,0.3094,0.3143
112,0.3122,0.3122,0.3094,0.3122,0.3094,0.3122,0.3439,0.3122,0.3094,0.3094,0.3439,0.3094,0.3143
113,0.3122,0.3122,0.3094,0.3122,0.3094,0.3122,0.3439,0.3122,0.3094,0.3094,0.3439,0.3094,0.3143
114,0.3122,0.3122,0.3094,0.3122,0.3094,0.3122,0.3439,0.3122,0.3094,0.3094,0.3439,0.3094,0.3143
115,0.3122,0.3122,0.3094,0.3122,0.3094,0.3122,0.3439,0.3122,0.3094,0.3094,0.3439,0.3094,0.3143
116,0.3122,0.3122,0.3094,0.3122,0.3094,0.3122,0.3439,0.3122,0.3094,0.3094,0.3439,0.3094,0.3143
117,0.3122,0.3122,0.3094,0.3122,0.3094,0.3122,0.3439,0.3122,0.3094,0.3094,0.3439,0.3094,0.3143
118,0.3122,0.3122,0.3094,0.3122,0.3094,0.3122,0.3439,0.3122,0.3094,0.3094,0.3439,0.3094,0.3143
119,0.3122,0.3122,0.3094,0.3122,0.3094,0.3122,0.3439,0.3122,0.3094,0.3094,0.3439,0.3094,0.3143
120,0.3122,0.3122,0.3094,0.3122,0.3094,0.3122,0.3439,0.3122,0.3094,0.3094,0.3439,0.3094,0.3143
121,0.3122,0.3122,0.3094,0.3122,0.3094,0.3122,0.3439,0.3122,0.3094,0.3094,0.3439,0.3094,0.3143
122,0.3122,0.3122,0.3094,0.3122,0.3094,0.3122,0.3439,0.3122,0.3094,0.3094,0.3439,0.3094,0.3143
123,0.3122,0.3122,0.3094,0.3122,0.3094,0.3122,0.3439,0.3122,0.3094,0.3094,0.3439,0.3094,0.3143
124,0.3122,0.3122,0.3094,0.3122,0.3094,0.3122,0.3439,0.3122,0.3094,0.3094,0.3439,0.3094,0.3143
125,0.3122,0.3122,0.3094,0.3122,0.3094,0.3122,0.3439,0.3122,0.3094,0.3094,0.3439,0.3094,0.3143
126,0.3122,0.3122,0.3094,0.3122,0.3094,0.3122,0.3439,0.3122,0.3094,0.3094,0.3439,0.3094,0.3143
127,0.3122,0.3122,0.3094,0.3122,0.3094,0.3122,0.3439,0.3122,0.3094,0.3094,0.3439,0.3094,0.3143
128,0.3122,0.3122,0.3094,0.3122,0.3094,0.3122,0.3439,0.3122,0.3094,0.3094,0.3439,0.3094,0.3143
129,0.3122,0.3122,0.3094,0.3122,0.3094,0.3122,0.3439,0.3122,0.3094,0.3094,0.3439,0.3094,0.3143
130,0.3122,0.3122,0.3094,0.3122,0.3094,0.3122,0.3439,0.3122,0.3094,0.3094,0.3439,0.3094,0.3143
131,0.3122,0.3122,0.3094,0.3122,0.3094,0.3122,0.3439,0.3122,0.3094,0.3094,0.3439,0.3094,0.3143
132,0.3122,0.3122,0.3094,0.3122,0.3094,0.3122,0.3439,0.3122,0.3094,0.3094,0.3439,0.3094,0.3143
133,0.3122,0.3122,0.3094,0.3122,0.3094,0.3122,0.3439,0.3122,0.3094,0.3094,0.3439,0.3094,0.3143
134,0.3122,0.3122,0.3094,0.3122,0.3094,0.3122,0.3439,0.3122,0.3094,0.3094,0.3439,0.3094,0.3143
135,0.3122,0.3122,0.3094,0.3122,0.3094,0.3122,0.3439,0.3122,0.3094,0.3094,0.3439,0.3094,0.3143
136,0.3122,0.3122,0.3094,0.3122,0.3094,0.3122,0.3439,0.3122,0.3094,0.3094,0.3439,0.3094,0.3143
137,0.3122,0.3122,0.3094,0.3122,0.3094,0.3122,0.3439,0.3122,0.3094,0.3094,0.3439,0.3094,0.3143
138,0.3122,0.3122,0.3094,0.3122,0.3094,0.3122,0.3439,0.3122,0.3094,0.3094,0.3439,0.3094,0.3143
139,0.3122,0.3122,0.3094,0.3122,0.3094,0.3122,0.3439,0.3122,0.3094,0.3094,0.3439,0.3094,0.3143
140,0.3122,0.3122,0.3094,0.3122,0.3094,0.3122,0.3439,0.3122,0.3094,0.3094,0.3439,0.3094,0.3143
141,0.3122,0.3122,0.3094,0.3122,0.3094,0.3122,0.3439,0.3122,0.3094,0.3094,0.3439,0.3094,0.3143
142,0.3122,0.3122,0.3094,0.3122,0.3094,0.3122,0.3439,0.3122,0.3094,0.3094,0.3439,0.3094,0.3143
143,0.3122,0.3122,0.3094,0.3122,0.3094,0.3122,0.3439,0.3122,0.3094,0.3094,0.3439,0.3094,0.3143
144,0.3122,0.3122,0.3094,0.3122,0.3094,0.3122,0.3439,0.3122,0.3094,0.3094,0.3439,0.3094,0.3143
145,0.3122,0.3122,0.3094,0.3122,0.3094,0.3122,0.3439,0.3122,0.3094,0.3094,0.3439,0.3094,0.3143
146,0.3122,0.3122,0.3094,0.3122,0.3094,0.3122,0.3439,0.3122,0.3094,0.3094,0.3439,0.3094,0.3143
147,0.3122,0.3122,0.3094,0.3122,0.3094,0.3122,0.3439,0.3122,0.3094,0.3094,0.3439,0.3094,0.3143
148,0.3122,0.3122,0.3094,0.3122,0.3094,0.3122,0.3439,0.3122,0.3094,0.3094,0.3439,0.3094,0.3143
149,0.3122,0.3122,0.3094,0.3122,0.3094,0.3122,0.3439,0.3122,0.3094,0.3094,0.3439,0.3094,0.3143
150,0.3122,0.3122,0.3094,0.3122,0.3094,0.3122,0.3439,0.3122,0.3094,0.3094,0.3439,0.3094,0.3143
151,0.3122,0.3122,0.3094,0.3122,0.3094,0.3122,0.3439,0.3122,0.3094,0.3094,0.3439,0.3094,0.3143
152,0.3122,0.3122,0.3094,0.3122,0.3094,0.3122,0.3439,0.3122,0.3094,0.3094,0.3439,0.3094,0.3143
153,0.3122,0.3122,0.3094,0.3122,0.3094,0.3122,0.3439,0.3122,0.3094,0.3094,0.3439,0.3094,0.3143
154,0.3122,0.3122,0.3094,0.3122,0.3094,0.3122,0.3439,0.3122,0.3094,0.3094,0.3439,0.3094,0.3143
155,0.3122,0.3122,0.3094,0.3122,0.3094,0.3122,0.3439,0.3122,0.3094,0.3094,0.3439,0.3094,0.3143
156,0.3122,0.3122,0.3094,0.3122,0.3094,0.3122,0.3439,0.3122,0.3094,0.3094,0.3439,0.3094,0.3143
157,0.3122,0.3122,0.3094,0.3122,0.3094,0.3122,0.3439,0.3122,0.3094,0.3094,0.3439,0.3094,0.3143
158,0.3122,0.3122,0.3094,0.3122,0.3094,0.3122,0.3439,0.3122,0.3094,0.3094,0.3439,0.3094,0.3143
159,0.3122,0.3122,0.3094,0.3122,0.3094,0.3122,0.3439,0.3122,0.3094,0.3094,0.3439,0.3094,0.3143
160,0.3122,0.3122,0.3094,0.3122,0.3094,0.3122,0.3439,0.3122,0.3094,0.3094,0.3439,0.3094,0.3143
161,0.3122,0.3122,0.3094,0.3122,0.3094,0.3122,0.3439,0.3122,0.3094,0.3094,0.3439,0.3094,0.3143
162,0.3122,0.3122,0.3094,0.3122,0.3094,0.3122,0.3439,0.3122,0.3094,0.3094,0.3439,0.3094,0.3143
163,0.3122,0.3122,0.3094,0.3122,0.3094,0.3122,0.3439,0.3122,0.3094,0.3094,0.3439,0.3094,0.3143
164,0.3122,0.3122,0.3094,0.3122,0.3094,0.3122,0.3439,0.3122,0.3094,0.3094,0.3439,0.3094,0.3143
165,0.3122,0.3122,0.3094,0.3122,0.3094,0.3122,0.3439,0.3122,0.3094,0.3094,0.3439,0.3094,0.3143
166,0.3122,0.3122,0.3094,0.3122,0.3094,0.3122,0.3439,0.3122,0.3094,0.3094,0.3439,0.3094,0.3143
167,0.3122,0.3122,0.3094,0.3122,0.3094,0.3122,0.3439,0.3122,0.3094,0.3094,0.3439,0.3094,0.3143
168,0.3122,0.3122,0.3094,0.3122,0.3094,0.3122,0.3439,0.3122,0.3094,0.3094,0.3439,0.3094,0.3143
169,0.3122,0.3122,0.3094,0.3122,0.3094,0.3122,0.3439,0.3122,0.3094,0.3094,0.3439,0.3094,0.3143
170,0.3122,0.3122,0.3094,0.3122,0.3094,0.3122,0.3439,0.3122,0.3094,0.3094,0.3439,0.3094,0.3143
171,0.3122,0.3122,0.3094,0.3122,0.3094,0.3122,0.3439,0.3122,0.3094,0.3094,0.3439,0.3094,0.3143
172,0.3122,0.3122,0.3094,0.3122,0.3094,0.3122,0.3439,0.3122,0.3094,0.3094,0.3439,0.3094,0.3143
173,0.3122,0.3122,0.3094,0.3122,0.3094,0.3122,0.3439,0.3122,0.3094,0.3094,0.3439,0.3094,0.3143
174,0.3122,0.3122,0.3094,0.3122,0.3094,0.3122,0.3439,0.3122,0.3094,0.3094,0.3439,0.3094,0.3143
175,0.3122,0.3122,0.3094,0.3122,0.3094,0.3122,0.3439,0.3122,0.3094,0.3094,0.3439,0.3094,0.3143
176,0.3122,0.3122,0.3094,0.3122,0.3094,0.3122,0.3439,0.3122,0.3094,0.3094,0.3439,0.3094,0.3143
177,0.3122,0.3122,0.3094,0.3122,0.3094,0.3122,0.3439,0.3122,0.3094,0.3094,0.3439,0.3094,0.3143
178,0.3122,0.3122,0.3094,0.3122,0.3094,0.3122,0.3439,0.3122,0.3094,0.3094,0.3439,0.3094,0.3143
179,0.3122,0.3122,0.3094,0.3122,0.3094,0.3122,0.3439,0.3122,0.3094,0.3094,0.3439,0.3094,0.3143
180,0.3122,0.3122,0.3094,0.3122,0.3094,0.3122,0.3439,0.3122,0.3094,0.3094,0.3439,0.3094,0.3143
181,0.3122,0.3122,0.3094,0.3122,0.3094,0.3122,0.3439,0.3122,0.3094,0.3094,0.3439,0.3094,0.3143
182,0.3122,0.3122,0.3094,0.3122,0.3094,0.3122,0.3439,0.3122,0.3094,0.3094,0.3439,0.3094,0.3143
183,0.3122,0.3122,0.3094,0.3122,0.3094,0.3122,0.3439,0.3122,0.3094,0.3094,0.3439,0.3094,0.3143
184,0.3122,0.3122,0.3094,0.3122,0.3094,0.3122,0.3439,0.3122,0.3094,0.3094,0.3439,0.3094,0.3143
185,0.3122,0.3122,0.3094,0.3122,0.3094,0.3122,0.3439,0.3122,0.3094,0.3094,0.3439,0.3094,0.3143
186,0.3122,0.3122,0.3094,0.3122,0.3094,0.3122,0.3439,0.3122,0.3094,0.3094,0.3439,0.3094,0.3143
187,0.3122,0.3122,0.3094,0.3122,0.3094,0.3122,0.3439,0.3122,0.3094,0.3094,0.3439,0.3094,0.3143
188,0.3122,0.3122,0.3094,0.3122,0.3094,0.3122,0.3439,0.3122,0.3094,0.3094,0.3439,0.3094,0.3143
189,0.3122,0.3122,0.3094,0.3122,0.3094,0.3122,0.3439,0.3122,0.3094,0.3094,0.3439,0.3094,0.3143
190,0.3122,0.3122,0.3094,0.3122,0.3094,0.3122,0.3439,0.3122,0.3094,0.3094,0.3439,0.3094,0.3143
191,0.3122,0.3122,0.3094,0.3122,0.3094,0.3122,0.3439,0.3122,0.3094,0.3094,0.3439,0.3094,0.3143
192,0.3122,0.3122,0.3094,0.3122,0.3094,0.3122,0.3439,0.3122,0.3094,0.3094,0.3439,0.3094,0.3143
193,0.3122,0.3122,0.3094,0.3122,0.3094,0.3122,0.3439,0.3122,0.3094,0.3094,0.3439,0.3094,0.3143
194,0.3122,0.3122,0.3094,0.3122,0.3094,0.3122,0.3439,0.3122,0.3094,0.3094,0.3439,0.3094,0.3143
195,0.3122,0.3122,0.3094,0.3122,0.3094,0.3122,0.3439,0.3122,0.3094,0.3094,0.3439,0.3094,0.3143
196,0.3122,0.3122,0.3094,0.3122,0.3094,0.3122,0.3439,0.3122,0.3094,0.3094,0.3439,0.3094,0.3143
197,0.3122,0.3122,0.3094,0.3122,0.3094,0.3122,0.3439,0.3122,0.3094,0.3094,0.3439,0.3094,0.3143
198,0.3122,0.3122,0.3094,0.3122,0.3094,0.3122,0.3439,0.3122,0.3094,0.3094,0.3439,0.3094,0.3143
199,0.3122,0.3122,0.3094,0.3122,0.3094,0.3122,0.3439,0.3122,0.3094,0.3094,0.3439,0.3094,0.3143
200,0.3122,0.3122,0.3094,0.3122,0.3094,0.3122,0.3439,0.3122,0.3094,0.3094,0.3439,0.3094,0.3143
201,0.3122,0.3122,0.3094,0.3122,0.3094,0.3122,0.3439,0.3122,0.3094,0.3094,0.3439,0.3094,0.3143
202,0.3122,0.3122,0.3094,0.3122,0.3094,0.3122,0.3439,0.3122,0.3094,0.3094,0.3439,0.3094,0.3143
203,0.3122,0.3122,0.3094,0.3122,0.3094,0.3122,0.3439,0.3122,0.3094,0.3094,0.3439,0.3094,0.3143
204,0.3122,0.3122,0.3094,0.3122,0.3094,0.3122,0.3439,0.3122,0.3094,0.3094,0.3439,0.3094,0.3143
205,0.3122,0.3122,0.3094,0.3122,0.3094,0.3122,0.3439,0.3122,0.3094,0.3094,0.3439,0.3094,0.3143
206,0.3122,0.3122,0.3094,0.3122,0.3094,0.3122,0.3439,0.3122,0.3094,0.3094,0.3439,0.3094,0.3143
207,0.3122,0.3122,0.3094,0.3122,0.3094,0.3122,0.3439,0.3122,0.3094,0.3094,0.3439,0.3094,0.3143
208,0.3122,0.3122,0.3094,0.3122,0.3094,0.3122,0.3439,0.3122,0.3094,0.3094,0.3439,0.3094,0.3143
209,0.3122,0.3122,0.3094,0.3122,0.3094,0.3122,0.3439,0.3122,0.3094,0.3094,0.3439,0.3094,0.3143
210,0.3122,0.3122,0.3094,0.3122,0.3094,0.3122,0.3439,0.3122,0.3094,0.3094,0.3439,0.3094,0.3143
211,0.3122,0.3122,0.3094,0.3122,0.3094,0.3122,0.3439,0.3122,0.3094,0.3094,0.3439,0.3094,0.3143
212,0.3122,0.3122,0.3094,0.3122,0.3094,0.3122,0.3439,0.3122,0.3094,0.3094,0.3439,0.3094,0.3143
213,0.3122,0.3122,0.3094,0.3122,0.3094,0.3122,0.3439,0.3122,0.3094,0.3094,0.3439,0.3094,0.3143
214,0.3122,0.3122,0.3094,0.3122,0.3094,0.3122,0.3439,0.3122,0.3094,0.3094,0.3439,0.3094,0.3143
215,0.3122,0.3122,0.3094,0.3122,0.3094,0.3122,0.3439,0.3122,0.3094,0.3094,0.3439,0.3094,0.3143
216,0.3122,0.3122,0.3094,0.3122,0.3094,0.3122,0.3439,0.3122,0.3094,0.3094,0.3439,0.3094,0.3143
217,0.3122,0.3122,0.3094,0.3122,0.3094,0.3122,0.3439,0.3122,0.3094,0.3094,0.3439,0.3094,0.3143
218,0.3122,0.3122,0.3094,0.3122,0.3094,0.3122,0.3439,0.3122,0.3094,0.3094,0.3439,0.3094,0.3143
219,0.3122,0.3122,0.3094,0.3122,0.3094,0.3122,0.3439,0.3122,0.3094,0.3094,0.3439,0.3094,0.3143
220,0.3122,0.3122,0.3094,0.3122,0.3094,0.3122,0.3439,0.3122,0.3094,0.3094,0.3439,0.3094,0.3143
221,0.3122,0.3122,0.3094,0.3122,0.3094,0.3122,0.3439,0.3122,0.3094,0.3094,0.3439,0.3094,0.3143
222,0.3122,0.3122,0.3094,0.3122,0.3094,0.3122,0.3439,0.3122,0.3094,0.3094,0.3439,0.3094,0.3143
223,0.3122,0.3122,0.3094,0.3122,0.3094,0.3122,0.3439,0.3122,0.3094,0.3094,0.3439,0.3094,0.3143
224,0.3122,0.3122,0.3094,0.3122,0.3094,0.3122,0.3439,0.3122,0.3094,0.3094,0.3439,0.3094,0.3143
225,0.3122,0.3122,0.3094,0.3122,0.3094,0.3122,0.3439,0.3122,0.3094,0.3094,0.3439,0.3094,0.3143
226,0.3122,0.3122,0.3094,0.3122,0.3094,0.3122,0.3439,0.3122,0.3094,0.3094,0.3439,0.3094,0.3143
227,0.3122,0.3122,0.3094,0.3122,0.3094,0.3122,0.3439,0.3122,0.3094,0.3094,0.3439,0.3094,0.3143
228,0.3122,0.3122,0.3094,0.3122,0.3094,0.3122,0.3439,0.3122,0.3094,0.3094,0.3439,0.3094,0.3143
229,0.3122,0.3122,0.3094,0.3122,0.3094,0.3122,0.3439,0.3122,0.3094,0.3094,0.3439,0.3094,0.3143
230,0.3122,0.3122,0.3094,0.3122,0.3094,0.3122,0.3439,0.3122,0.3094,0.3094,0.3439,0.3094,0.3143
231,0.3122,0.3122,0.3094,0.3122,0.3094,0.3122,0.3439,0.3122,0.3094,0.3094,0.3439,0.3094,0.3143
232,0.3122,0.3122,0.3094,0.3122,0.3094,0.3122,0.3439,0.3122,0.3094,0.3094,0.3439,0.3094,0.3143
233,0.3122,0.3122,0.3094,0.3122,0.3094,0.3122,0.3439,0.3122,0.3094,0.3094,0.3439,0.3094,0.3143
234,0.3122,0.3122,0.3094,0.3122,0.3094,0.3122,0.3439,0.3122,0.3094,0.3094,0.3439,0.3094,0.3143
235,0.3122,0.3122,0.3094,0.3122,0.3094,0.3122,0.3439,0.3122,0.3094,0.3094,0.3439,0.3094,0.3143
236,0.3122,0.3122,0.3094,0.3122,0.3094,0.3122,0.3439,0.3122,0.3094,0.3094,0.3439,0.3094,0.3143
237,0.3122,0.3122,0.3094,0.3122,0.3094,0.3122,0.3439,0.3122,0.3094,0.3094,0.3439,0.3094,0.3143
238,0.3122,0.3122,0.3094,0.3122,0.3094,0.3122,0.3439,0.3122,0.3094,0.3094,0.3439,0.3094,0.3143
239,0.3122,0.3122,0.3094,0.3122,0.3094,0.3122,0.3439,0.3122,0.3094,0.3094,0.3439,0.3094,0.3143
240,0.3122,0.3122,0.3094,0.3122,0.3094,0.3122,0.3439,0.3122,0.3094,0.3094,0.3439,0.3094,0.3143
241,0.3122,0.3122,0.3094,0.3122,0.3094,0.3122,0.3439,0.3122,0.3094,0.3094,0.3439,0.3094,0.3143
242,0.3122,0.3122,0.3094,0.3122,0.3094,0.3122,0.3439,0.3122,0.3094,0.3094,0.3439,0.3094,0.3143
243,0.3122,0.3122,0.3094,0.3122,0.3094,0.3122,0.3439,0.3122,0.3094,0.3094,0.3439,0.3094,0.3143
244,0.3122,0.3122,0.3094,0.3122,0.3094,0.3122,0.3439,0.3122,0.3094,0.3094,0.3439,0.3094,0.3143
245,0.3122,0.3122,0.3094,0.3122,0.3094,0.3122,0.3439,0.3122,0.3094,0.3094,0.3439,0.3094,0.3143
246,0.3122,0.3122,0.3094,0.3122,0.3094,0.3122,0.3439,0.3122,0.3094,0.3094,0.3439,0.3094,0.3143
247,0.3122,0.3122,0.3094,0.3122,0.3094,0.3122,0.3439,0.3122,0.3094,0.3094,0.3439,0.3094,0.3143
248,0.3122,0.3122,0.3094,0.3122,0.3094,0.3122,0.3439,0.3122,0.3094,0.3094,0.3439,0.3094,0.3143
249,0.3122,0.3122,0.3094,0.3122,0.3094,0.3122,0.3439,0.3122,0.3094,0.3094,0.3439,0.3094,0.3143
250,0.3122,0.3122,0.3094,0.3122,0.3094,0.3122,0.3439,0.3122,0.3094,0.3094,0.3439,0.3094,0.3143
251,0.3122,0.3122,0.3094,0.3122,0.3094,0.3122,0.3439,0.3122,0.3094,0.3094,0.3439,0.3094,0.3143
252,0.3122,0.3122,0.3094,0.3122,0.3094,0.3122,0.3439,0.3122,0.3094,0.3094,0.3439,0.3094,0.3143
253,0.3122,0.3122,0.3094,0.3122,0.3094,0.3122,0.3439,0.3122,0.3094,0.3094,0.3439,0.3094,0.3143
254,0.3122,0.3122,0.3094,0.3122,0.3094,0.3122,0.3439,0.3122,0.3094,0.3094,0.3439,0.3094,0.3143
255,0.3122,0.3122,0.3094,0.3122,0.3094,0.3122,0.3439,0.3122,0.3094,0.3094,0.3439,0.3094,0.3143
256,0.3122,0.3122,0.3094,0.3122,0.3094,0.3122,0.3439,0.3122,0.3094,0.3094,0.3439,0.3094,0.3143
257,0.3122,0.3122,0.3094,0.3122,0.3094,0.3122,0.3439,0.3122,0.3094,0.3094,0.3439,0.3094,0.3143
258,0.3122,0.3122,0.3094,0.3122,0.3094,0.3122,0.3439,0.3122,0.3094,0.3094,0.3439,0.3094,0.3143
259,0.3122,0.3122,0.3094,0.3122,0.3094,0.3122,0.3439,0.3122,0.3094,0.3094,0.3439,0.3094,0.3143
260,0.3122,0.3122,0.3094,0.3122,0.3094,0.3122,0.3439,0.3122,0.3094,0.3094,0.3439,0.3094,0.3143
261,0.3122,0.3122,0.3094,0.3122,0.3094,0.3122,0.3439,0.3122,0.3094,0.3094,0.3439,0.3094,0.3143
262,0.3122,0.3122,0.3094,0.3122,0.3094,0.3122,0.3439,0.3122,0.3094,0.3094,0.3439,0.3094,0.3143
263,0.3122,0.3122,0.3094,0.3122,0.3094,0.3122,0.3439,0.3122,0.3094,0.3094,0.3439,0.3094,0.3143
264,0.3122,0.3122,0.3094,0.3122,0.3094,0.3122,0.3439,0.3122,0.3094,0.3094,0.3439,0.3094,0.3143
265,0.3122,0.3122,0.3094,0.3122,0.3094,0.3122,0.3439,0.3122,0.3094,0.3094,0.3439,0.3094,0.3143
266,0.3122,0.3122,0.3094,0.3122,0.3094,0.3122,0.3439,0.3122,0.3094,0.3094,0.3439,0.3094,0.3143
267,0.3122,0.3122,0.3094,0.3122,0.3094,0.3122,0.3439,0.3122,0.3094,0.3094,0.3439,0.3094,0.3143
268,0.3122,0.3122,0.3094,0.3122,0.3094,0.3122,0.3439,0.3122,0.3094,0.3094,0.3439,0.3094,0.3143
269,0.3122,0.3122,0.3094,0.3122,0.3094,0.3122,0.3439,0.3122,0.3094,0.3094,0.3439,0.3094,0.3143
270,0.3122,0.3122,0.3094,0.3122,0.3094,0.3122,0.3439,0.3122,0.3094,0.3094,0.3439,0.3094,0.3143
271,0.3122,0.3122,0.3094,0.3122,0.3094,0.3122,0.3439,0.3122,0.3094,0.3094,0.3439,0.3094,0.3143
272,0.3122,0.3122,0.3094,0.3122,0.3094,0.3122,0.3439,0.3122,0.3094,0.3094,0.3439,0.3094,0.3143
273,0.3122,0.3122,0.3094,0.3122,0.3094,0.3122,0.3439,0.3122,0.3094,0.3094,0.3439,0.3094,0.3143
274,0.3122,0.3122,0.3094,0.3122,0.3094,0.3122,0.3439,0.3122,0.3094,0.3094,0.3439,0.3094,0.3143
275,0.3122,0.3122,0.3094,0.3122,0.3094,0.3122,0.3439,0.3122,0.3094,0.3094,0.3439,0.3094,0.3143
276,0.3122,0.3122,0.3094,0.3122,0.3094,0.3122,0.3439,0.3122,0.3094,0.3094,0.3439,0.3094,0.3143
277,0.3122,0.3122,0.3094,0.3122,0.3094,0.3122,0.3439,0.3122,0.3094,0.3094,0.3439,0.3094,0.3143
278,0.3122,0.3122,0.3094,0.3122,0.3094,0.3122,0.3439,0.3122,0.3094,0.3094,0.3439,0.3094,0.3143
279,0.3122,0.3122,0.3094,0.3122,0.3094,0.3122,0.3439,0.3122,0.3094,0.3094,0.3439,0.3094,0.3143
280,0.3122,0.3122,0.3094,0.3122,0.3094,0.3122,0.3439,0.3122,0.3094,0.3094,0.3439,0.3094,0.3143
281,0.3122,0.3122,0.3094,0.3122,0.3094,0.3122,0.3439,0.3122,0.3094,0.3094,0.3439,0.3094,0.3143
282,0.3122,0.3122,0.3094,0.3122,0.3094,0.3122,0.3439,0.3122,0.3094,0.3094,0.3439,0.3094,0.3143
283,0.3122,0.3122,0.3094,0.3122,0.3094,0.3122,0.3439,0.3122,0.3094,0.3094,0.3439,0.3094,0.3143
284,0.3122,0.3122,0.3094,0.3122,0.3094,0.3122,0.3439,0.3122,0.3094,0.3094,0.3439,0.3094,0.3143
285,0.3122,0.3122,0.3094,0.3122,0.3094,0.3122,0.3439,0.3122,0.3094,0.3094,0.3439,0.3094,0.3143
286,0.3122,0.3122,0.3094,0.3122,0.3094,0.3122,0.3439,0.3122,0.3094,0.3094,0.3439,0.3094,0.3143
287,0.3122,0.3122,0.3094,0.3122,0.3094,0.3122,0.3439,0.3122,0.3094,0.3094,0.3439,0.3094,0.3143
288,0.3122,0.3122,0.3094,0.3122,0.3094,0.3122,0.3439,0.3122,0.3094,0.3094,0.3439,0.3094,0.3143
289,0.3122,0.3122,0.3094,0.3122,0.3094,0.3122,0.3439,0.3122,0.3094,0.3094,0.3439,0.3094,0.3143
290,0.3122,0.3122,0.3094,0.3122,0.3094,0.3122,0.3439,0.3122,0.3094,0.3094,0.3439,0.3094,0.3143
291,0.3122,0.3122,0.3094,0.3122,0.3094,0.3122,0.3439,0.3122,0.3094,0.3094,0.3439,0.3094,0.3143
292,0.3122,0.3122,0.3094,0.3122,0.3094,0.3122,0.3439,0.3122,0.3094,0.3094,0.3439,0.3094,0.3143
293,0.3122,0.3122,0.3094,0.3122,0.3094,0.3122,0.3439,0.3122,0.3094,0.3094,0.3439,0.3094,0.3143
294,0.3122,0.3122,0.3094,0.3122,0.3094,0.3122,0.3439,0.3122,0.3094,0.3094,0.3439,0.3094,0.3143
295,0.3122,0.3122,0.3094,0.3122,0.3094,0.3122,0.3439,0.3122,0.3094,0.3094,0.3439,0.3094,0.3143
296,0.3122,0.3122,0.3094,0.3122,0.3094,0.3122,0.3439,0.3122,0.3094,0.3094,0.3439,0.3094,0.3143
297,0.3122,0.3122,0.3094,0.3122,0.3094,0.3122,0.3439,0.3122,0.3094,0.3094,0.3439,0.3094,0.3143
298,0.3122,0.3122,0.3094,0.3122,0.3094,0.3122,0.3439,0.3122,0.3094,0.3094,0.3439,0.3094,0.3143
299,0.3122,0.3122,0.3094,0.3122,0.3094,0.3122,0.3439,0.3122,0.3094,0.3094,0.3439,0.3094,0.3143
300,0.3122,0.3122,0.3094,0.3122,0.3094,0.3122,0.3439,0.3122,0.3094,0.3094,0.3439,0.3094,0.3143
301,0.3122,0.3122,0.3094,0.3122,0.3094,0.3122,0.3439,0.3122,0.3094,0.3094,0.3439,0.3094,0.3143
302,0.3122,0.3122,0.3094,0.3122,0.3094,0.3122,0.3439,0.3122,0.3094,0.3094,0.3439,0.3094,0.3143
303,0.3122,0.3122,0.3094,0.3122,0.3094,0.3122,0.3439,0.3122,0.3094,0.3094,0.3439,0.3094,0.3143
304,0.3122,0.3122,0.3094,0.3122,0.3094,0.3122,0.3439,0.3122,0.3094,0.3094,0.3439,0.3094,0.3143
305,0.3122,0.3122,0.3094,0.3122,0.3094,0.3122,0.3439,0.3122,0.3094,0.3094,0.3439,0.3094,0.3143
306,0.3122,0.3122,0.3094,0.3122,0.3094,0.3122,0.3439,0.3122,0.3094,0.3094,0.3439,0.3094,0.3143
307,0.3122,0.3122,0.3094,0.3122,0.3094,0.3122,0.3439,0.3122,0.3094,0.3094,0.3439,0.3094,0.3143
308,0.3122,0.3122,0.3094,0.3122,0.3094,0.3122,0.3439,0.3122,0.3094,0.3094,0.3439,0.3094,0.3143
309,0.3122,0.3122,0.3094,0.3122,0.3094,0.3122,0.3439,0.3122,0.3094,0.3094,0.3439,0.3094,0.3143
310,0.3122,0.3122,0.3094,0.3122,0.3094,0.3122,0.3439,0.3122,0.3094,0.3094,0.3439,0.3094,0.3143
311,0.3122,0.3122,0.3094,0.3122,0.3094,0.3122,0.3439,0.3122,0.3094,0.3094,0.3439,0.3094,0.3143
312,0.3122,0.3122,0.3094,0.3122,0.3094,0.3122,0.3439,0.3122,0.3094,0.3094,0.3439,0.3094,0.3143
313,0.3122,0.3122,0.3094,0.3122,0.3094,0.3122,0.3439,0.3122,0.3094,0.3094,0.3439,0.3094,0.3143
314,0.3122,0.3122,0.3094,0.3122,0.3094,0.3122,0.3439,0.3122,0.3094,0.3094,0.3439,0.3094,0.3143
315,0.3122,0.3122,0.3094,0.3122,0.3094,0.3122,0.3439,0.3122,0.3094,0.3094,0.3439,0.3094,0.3143
316,0.3122,0.3122,0.3094,0.3122,0.3094,0.3122,0.3439,0.3122,0.3094,0.3094,0.3439,0.3094,0.3143
317,0.3122,0.3122,0.3094,0.3122,0.3094,0.3122,0.3439,0.3122,0.3094,0.3094,0.3439,0.3094,0.3143
318,0.3122,0.3122,0.3094,0.3122,0.3094,0.3122,0.3439,0.3122,0.3094,0.3094,0.3439,0.3094,0.3143
319,0.3122,0.3122,0.3094,0.3122,0.3094,0.3122,0.3439,0.3122,0.3094,0.3094,0.3439,0.3094,0.3143
320,0.3122,0.3122,0.3094,0.3122,0.3094,0.3122,0.3439,0.3122,0.3094,0.3094,0.3439,0.3094,0.3143
321,0.3122,0.3122,0.3094,0.3122,0.3094,0.3122,0.3439,0.3122,0.3094,0.3094,0.3439,0.3094,0.3143
322,0.3122,0.3122,0.3094,0.3122,0.3094,0.3122,0.3439,0.3122,0.3094,0.3094,0.3439,0.3094,0.3143
323,0.3122,0.3122,0.3094,0.3122,0.3094,0.3122,0.3439,0.3122,0.3094,0.3094,0.3439,0.3094,0.3143
324,0.3122,0.3122,0.3094,0.3122,0.3094,0.3122,0.3439,0.3122,0.3094,0.3094,0.3439,0.3094,0.3143
325,0.3122,0.3122,0.3094,0.3122,0.3094,0.3122,0.3439,0.3122,0.3094,0.3094,0.3439,0.3094,0.3143
326,0.3122,0.3122,0.3094,0.3122,0.3094,0.3122,0.3439,0.3122,0.3094,0.3094,0.3439,0.3094,0.3143
327,0.3122,0.3122,0.3094,0.3122,0.3094,0.3122,0.3439,0.3122,0.3094,0.3094,0.3439,0.3094,0.3143
328,0.3122,0.3122,0.3094,0.3122,0.3094,0.3122,0.3439,0.3122,0.3094,0.3094,0.3439,0.3094,0.3143
329,0.3122,0.3122,0.3094,0.3122,0.3094,0.3122,0.3439,0.3122,0.3094,0.3094,0.3439,0.3094,0.3143
330,0.3122,0.3122,0.3094,0.3122,0.3094,0.3122,0.3439,0.3122,0.3094,0.3094,0.3439,0.3094,0.3143
331,0.3122,0.3122,0.3094,0.3122,0.3094,0.3122,0.3439,0.3122,0.3094,0.3094,0.3439,0.3094,0.3143
332,0.3122,0.3122,0.3094,0.3122,0.3094,0.3122,0.3439,0.3122,0.3094,0.3094,0.3439,0.3094,0.3143
333,0.3122,0.3122,0.3094,0.3122,0.3094,0.3122,0.3439,0.3122,0.3094,0.3094,0.3439,0.3094,0.3143
334,0.3122,0.3122,0.3094,0.3122,0.3094,0.3122,0.3439,0.3122,0.3094,0.3094,0.3439,0.3094,0.3143
335,0.3122,0.3122,0.3094,0.3122,0.3094,0.3122,0.3439,0.3122,0.3094,0.3094,0.3439,0.3094,0.3143
336,0.3122,0.3122,0.3094,0.3122,0.3094,0.3122,0.3439,0.3122,0.3094,0.3094,0.3439,0.3094,0.3143
337,0.3122,0.3122,0.3094,0.3122,0.3094,0.3122,0.3439,0.3122,0.3094,0.3094,0.3439,0.3094,0.3143
338,0.3122,0.3122,0.3094,0.3122,0.3094,0.3122,0.3439,0.3122,0.3094,0.3094,0.3439,0.3094,0.3143
339,0.3122,0.3122,0.3094,0.3122,0.3094,0.3122,0.3439,0.3122,0.3094,0.3094,0.3439,0.3094,0.3143
340,0.3122,0.3122,0.3094,0.3122,0.3094,0.3122,0.3439,0.3122,0.3094,0.3094,0.3439,0.3094,0.3143
341,0.3122,0.3122,0.3094,0.3122,0.3094,0.3122,0.3439,0.3122,0.3094,0.3094,0.3439,0.3094,0.3143
342,0.3122,0.3122,0.3094,0.3122,0.3094,0.3122,0.3439,0.3122,0.3094,0.3094,0.3439,0.3094,0.3143
343,0.3122,0.3122,0.3094,0.3122,0.3094,0.3122,0.3439,0.3122,0.3094,0.3094,0.3439,0.3094,0.3143
344,0.3122,0.3122,0.3094,0.3122,0.3094,0.3122,0.3439,0.3122,0.3094,0.3094,0.3439,0.3094,0.3143
345,0.3122,0.3122,0.3094,0.3122,0.3094,0.3122,0.3439,0.3122,0.3094,0.3094,0.3439,0.3094,0.3143
346,0.3122,0.3122,0.3094,0.3122,0.3094,0.3122,0.3439,0.3122,0.3094,0.3094,0.3439,0.3094,0.3143
347,0.3122,0.3122,0.3094,0.3122,0.3094,0.3122,0.3439,0.3122,0.3094,0.3094,0.3439,0.3094,0.3143
348,0.3122,0.3122,0.3094,0.3122,0.3094,0.3122,0.3439,0.3122,0.3094,0.3094,0.3439,0.3094,0.3143
349,0.3122,0.3122,0.3094,0.3122,0.3094,0.3122,0.3439,0.3122,0.3094,0.3094,0.3439,0.3094,0.3143
350,0.3122,0.3122,0.3094,0.3122,0.3094,0.3122,0.3439,0.3122,0.3094,0.3094,0.3439,0.3094,0.3143
351,0.3122,0.3122,0.3094,0.3122,0.3094,0.3122,0.3439,0.3122,0.3094,0.3094,0.3439,0.3094,0.3143
352,0.3122,0.3122,0.3094,0.3122,0.3094,0.3122,0.3439,0.3122,0.3094,0.3094,0.3439,0.3094,0.3143
353,0.3122,0.3122,0.3094,0.3122,0.3094,0.3122,0.3439,0.3122,0.3094,0.3094,0.3439,0.3094,0.3143
354,0.3122,0.3122,0.3094,0.3122,0.3094,0.3122,0.3439,0.3122,0.3094,0.3094,0.3439,0.3094,0.3143
355,0.3122,0.3122,0.3094,0.3122,0.3094,0.3122,0.3439,0.3122,0.3094,0.3094,0.3439,0.3094,0.3143
356,0.3122,0.3122,0.3094,0.3122,0.3094,0.3122,0.3439,0.3122,0.3094,0.3094,0.3439,0.3094,0.3143
357,0.3122,0.3122,0.3094,0.3122,0.3094,0.3122,0.3439,0.3122,0.3094,0.3094,0.3439,0.3094,0.3143
358,0.3122,0.3122,0.3094,0.3122,0.3094,0.3122,0.3439,0.3122,0.3094,0.3094,0.3439,0.3094,0.3143
359,0.3122,0.3122,0.3094,0.3122,0.3094,0.3122,0.3439,0.3122,0.3094,0.3094,0.3439,0.3094,0.3143
360,0.3122,0.3122,0.3094,0.3122,0.3094,0.3122,0.3439,0.3122,0.3094,0.3094,0.3439,0.3094,0.3143
361,0.3122,0.3122,0.3094,0.3122,0.3094,0.3122,0.3439,0.3122,0.3094,0.3094,0.3439,0.3094,0.3143
362,0.3122,0.3122,0.3094,0.3122,0.3094,0.3122,0.3439,0.3122,0.3094,0.3094,0.3439,0.3094,0.3143
363,0.3122,0.3122,0.3094,0.3122,0.3094,0.3122,0.3439,0.3122,0.3094,0.3094,0.3439,0.3094,0.3143
364,0.3122,0.3122,0.3094,0.3122,0.3094,0.3122,0.3439,0.3122,0.3094,0.3094,0.3439,0.3094,0.3143
365,0.3122,0.3122,0.3094,0.3122,0.3094,0.3122,0.3439,0.3122,0.3094,0.3094,0.3439,0.3094,0.3143
366,0.3122,0.3122,0.3094,0.3122,0.3094,0.3122,0.3439,0.3122,0.3094,0.3094,0.3439,0.3094,0.3143
367,0.3122,0.3122,0.3094,0.3122,0.3094,0.3122,0.3439,0.3122,0.3094,0.3094,0.3439,0.3094,0.3143
368,0.3122,0.3122,0.3094,0.3122,0.3094,0.3122,0.3439,0.3122,0.3094,0.3094,0.3439,0.3094,0.3143
369,0.3122,0.3122,0.3094,0.3122,0.3094,0.3122,0.3439,0.3122,0.3094,0.3094,0.3439,0.3094,0.3143
370,0.3122,0.3122,0.3094,0.3122,0.3094,0.3122,0.3439,0.3122,0.3094,0.3094,0.3439,0.3094,0.3143
371,0.3122,0.3122,0.3094,0.3122,0.3094,0.3122,0.3439,0.3122,0.3094,0.3094,0.3439,0.3094,0.3143
372,0.3122,0.3122,0.3094,0.3122,0.3094,0.3122,0.3439,0.3122,0.3094,0.3094,0.3439,0.3094,0.3143
373,0.3122,0.3122,0.3094,0.3122,0.3094,0.3122,0.3439,0.3122,0.3094,0.3094,0.3439,0.3094,0.3143
374,0.3122,0.3122,0.3094,0.3122,0.3094,0.3122,0.3439,0.3122,0.3094,0.3094,0.3439,0.3094,0.3143
375,0.3122,0.3122,0.3094,0.3122,0.3094,0.3122,0.3439,0.3122,0.3094,0.3094,0.3439,0.3094,0.3143
376,0.3122,0.3122,0.3094,0.3122,0.3094,0.3122,0.3439,0.3122,0.3094,0.3094,0.3439,0.3094,0.3143
377,0.3122,0.3122,0.3094,0.3122,0.3094,0.3122,0.3439,0.3122,0.3094,0.3094,0.3439,0.3094,0.3143
378,0.3122,0.3122,0.3094,0.3122,0.3094,0.3122,0.3439,0.3122,0.3094,0.3094,0.3439,0.3094,0.3143
379,0.3122,0.3122,0.3094,0.3122,0.3094,0.3122,0.3439,0.3122,0.3094,0.3094,0.3439,0.3094,0.3143
380,0.3122,0.3122,0.3094,0.3122,0.3094,0.3122,0.3439,0.3122,0.3094,0.3094,0.3439,0.3094,0.3143
381,0.3122,0.3122,0.3094,0.3122,0.3094,0.3122,0.3439,0.3122,0.3094,0.3094,0.3439,0.3094,0.3143
382,0.3122,0.3122,0.3094,0.3122,0.3094,0.3122,0.3439,0.3122,0.3094,0.3094,0.3439,0.3094,0.3143
383,0.3122,0.3122,0.3094,0.3122,0.3094,0.3122,0.3439,0.3122,0.3094,0.3094,0.3439,0.3094,0.3143
384,0.3122,0.3122,0.3094,0.3122,0.3094,0.3122,0.3439,0.3122,0.3094,0.3094,0.3439,0.3094,0.3143
385,0.3122,0.3122,0.3094,0.3122,0.3094,0.3122,0.3439,0.3122,0.3094,0.3094,0.3439,0.3094,0.3143
386,0.3122,0.3122,0.3094,0.3122,0.3094,0.3122,0.3439,0.3122,0.3094,0.3094,0.3439,0.3094,0.3143
387,0.3122,0.3122,0.3094,0.3122,0.3094,0.3122,0.3439,0.3122,0.3094,0.3094,0.3439,0.3094,0.3143
388,0.3122,0.3122,0.3094,0.3122,0.3094,0.3122,0.3439,0.3122,0.3094,0.3094,0.3439,0.3094,0.3143
389,0.3122,0.3122,0.3094,0.3122,0.3094,0.3122,0.3439,0.3122,0.3094,0.3094,0.3439,0.3094,0.3143
390,0.3122,0.3122,0.3094,0.3122,0.3094,0.3122,0.3439,0.3122,0.3094,0.3094,0.3439,0.3094,0.3143
391,0.3122,0.3122,0.3094,0.3122,0.3094,0.3122,0.3439,0.3122,0.3094,0.3094,0.3439,0.3094,0.3143
392,0.3122,0.3122,0.3094,0.3122,0.3094,0.3122,0.3439,0.3122,0.3094,0.3094,0.3439,0.3094,0.3143
393,0.3122,0.3122,0.3094,0.3122,0.3094,0.3122,0.3439,0.3122,0.3094,0.3094,0.3439,0.3094,0.3143
394,0.3122,0.3122,0.3094,0.3122,0.3094,0.3122,0.3439,0.3122,0.3094,0.3094,0.3439,0.3094,0.3143
395,0.3122,0.3122,0.3094,0.3122,0.3094,0.3122,0.3439,0.3122,0.3094,0.3094,0.3439,0.3094,0.3143
396,0.3122,0.3122,0.3094,0.3122,0.3094,0.3122,0.3439,0.3122,0.3094,0.3094,0.3439,0.3094,0.3143
397,0.3122,0.3122,0.3094,0.3122,0.3094,0.3122,0.3439,0.3122,0.3094,0.3094,0.3439,0.3094,0.3143
398,0.3122,0.3122,0.3094,0.3122,0.3094,0.3122,0.3439,0.3122,0.3094,0.3094,0.3439,0.3094,0.3143
399,0.3122,0.3122,0.3094,0.3122,0.3094,0.3122,0.3439,0.3122,0.3094,0.3094,0.3439,0.3094,0.3143
400,0.3122,0.3122,0.3094,0.3122,0.3094,0.3122,0.3439,0.3122,0.3094,0.3094,0.3439,0.3094,0.3143
401,0.3122,0.3122,0.3094,0.3122,0.3094,0.3122,0.3439,0.3122,0.3094,0.3094,0.3439,0.3094,0.3143
402,0.3122,0.3122,0.3094,0.3122,0.3094,0.3122,0.3439,0.3122,0.3094,0.3094,0.3439,0.3094,0.3143
403,0.3122,0.3122,0.3094,0.3122,0.3094,0.3122,0.3439,0.3122,0.3094,0.3094,0.3439,0.3094,0.3143
404,0.3122,0.3122,0.3094,0.3122,0.3094,0.3122,0.3439,0.3122,0.3094,0.3094,0.3439,0.3094,0.3143
405,0.3122,0.3122,0.3094,0.3122,0.3094,0.3122,0.3439,0.3122,0.3094,0.3094,0.3439,0.3094,0.3143
406,0.3122,0.3122,0.3094,0.3122,0.3094,0.3122,0.3439,0.3122,0.3094,0.3094,0.3439,0.3094,0.3143
407,0.3122,0.3122,0.3094,0.3122,0.3094,0.3122,0.3439,0.3122,0.3094,0.3094,0.3439,0.3094,0.3143
408,0.3122,0.3122,0.3094,0.3122,0.3094,0.3122,0.3439,0.3122,0.3094,0.3094,0.3439,0.3094,0.3143
409,0.3122,0.3122,0.3094,0.3122,0.3094,0.3122,0.3439,0.3122,0.3094,0.3094,0.3439,0.3094,0.3143
410,0.3122,0.3122,0.3094,0.3122,0.3094,0.3122,0.3439,0.3122,0.3094,0.3094,0.3439,0.3094,0.3143
411,0.3122,0.3122,0.3094,0.3122,0.3094,0.3122,0.3439,0.3122,0.3094,0.3094,0.3439,0.3094,0.3143
412,0.3122,0.3122,0.3094,0.3122,0.3094,0.3122,0.3439,0.3122,0.3094,0.3094,0.3439,0.3094,0.3143
413,0.3122,0.3122,0.3094,0.3122,0.3094,0.3122,0.3439,0.3122,0.3094,0.3094,0.3439,0.3094,0.3143
414,0.3122,0.3122,0.3094,0.3122,0.3094,0.3122,0.3439,0.3122,0.3094,0.3094,0.3439,0.3094,0.3143
415,0.3122,0.3122,0.3094,0.3122,0.3094,0.3122,0.3439,0.3122,0.3094,0.3094,0.3439,0.3094,0.3143
416,0.3122,0.3122,0.3094,0.3122,0.3094,0.3122,0.3439,0.3122,0.3094,0.3094,0.3439,0.3094,0.3143
417,0.3122,0.3122,0.3094,0.3122,0.3094,0.3122,0.3439,0.3122,0.3094,0.3094,0.3439,0.3094,0.3143
418,0.3122,0.3122,0.3094,0.3122,0.3094,0.3122,0.3439,0.3122,0.3094,0.3094,0.3439,0.3094,0.3143
419,0.3122,0.3122,0.3094,0.3122,0.3094,0.3122,0.3439,0.3122,0.3094,0.3094,0.3439,0.3094,0.3143
420,0.3122,0.3122,0.3094,0.3122,0.3094,0.3122,0.3439,0.3122,0.3094,0.3094,0.3439,0.3094,0.3143
421,0.3122,0.3122,0.3094,0.3122,0.3094,0.3122,0.3439,0.3122,0.3094,0.3094,0.3439,0.3094,0.3143
422,0.3122,0.3122,0.3094,0.3122,0.3094,0.3122,0.3439,0.3122,0.3094,0.3094,0.3439,0.3094,0.3143
423,0.3122,0.3122,0.3094,0.3122,0.3094,0.3122,0.3439,0.3122,0.3094,0.3094,0.3439,0.3094,0.3143
424,0.3122,0.3122,0.3094,0.3122,0.3094,0.3122,0.3439,0.3122,0.3094,0.3094,0.3439,0.3094,0.3143
425,0.3122,0.3122,0.3094,0.3122,0.3094,0.3122,0.3439,0.3122,0.3094,0.3094,0.3439,0.3094,0.3143
426,0.3122,0.3122,0.3094,0.3122,0.3094,0.3122,0.3439,0.3122,0.3094,0.3094,0.3439,0.3094,0.3143
427,0.3122,0.3122,0.3094,0.3122,0.3094,0.3122,0.3439,0.3122,0.3094,0.3094,0.3439,0.3094,0.3143
428,0.3122,0.3122,0.3094,0.3122,0.3094,0.3122,0.3439,0.3122,0.3094,0.3094,0.3439,0.3094,0.3143
429,0.3122,0.3122,0.3094,0.3122,0.3094,0.3122,0.3439,0.3122,0.3094,0.3094,0.3439,0.3094,0.3143
430,0.3122,0.3122,0.3094,0.3122,0.3094,0.3122,0.3439,0.3122,0.3094,0.3094,0.3439,0.3094,0.3143
431,0.3122,0.3122,0.3094,0.3122,0.3094,0.3122,0.3439,0.3122,0.3094,0.3094,0.3439,0.3094,0.3143
432,0.3122,0.3122,0.3094,0.3122,0.3094,0.3122,0.3439,0.3122,0.3094,0.3094,0.3439,0.3094,0.3143
433,0.3122,0.3122,0.3094,0.3122,0.3094,0.3122,0.3439,0.3122,0.3094,0.3094,0.3439,0.3094,0.3143
434,0.3122,0.3122,0.3094,0.3122,0.3094,0.3122,0.3439,0.3122,0.3094,0.3094,0.3439,0.3094,0.3143
435,0.3122,0.3122,0.3094,0.3122,0.3094,0.3122,0.3439,0.3122,0.3094,0.3094,0.3439,0.3094,0.3143
436,0.3122,0.3122,0.3094,0.3122,0.3094,0.3122,0.3439,0.3122,0.3094,0.3094,0.3439,0.3094,0.3143
437,0.3122,0.3122,0.3094,0.3122,0.3094,0.3122,0.3439,0.3122,0.3094,0.3094,0.3439,0.3094,0.3143
438,0.3122,0.3122,0.3094,0.3122,0.3094,0.3122,0.3439,0.3122,0.3094,0.3094,0.3439,0.3094,0.3143
439,0.3122,0.3122,0.3094,0.3122,0.3094,0.3122,0.3439,0.3122,0.3094,0.3094,0.3439,0.3094,0.3143
440,0.3122,0.3122,0.3094,0.3122,0.3094,0.3122,0.3439,0.3122,0.3094,0.3094,0.3439,0.3094,0.3143
441,0.3122,0.3122,0.3094,0.3122,0.3094,0.3122,0.3439,0.3122,0.3094,0.3094,0.3439,0.3094,0.3143
442,0.3122,0.3122,0.3094,0.3122,0.3094,0.3122,0.3439,0.3122,0.3094,0.3094,0.3439,0.3094,0.3143
443,0.3122,0.3122,0.3094,0.3122,0.3094,0.3122,0.3439,0.3122,0.3094,0.3094,0.3439,0.3094,0.3143
444,0.3122,0.3122,0.3094,0.3122,0.3094,0.3122,0.3439,0.3122,0.3094,0.3094,0.3439,0.3094,0.3143
445,0.3122,0.3122,0.3094,0.3122,0.3094,0.3122,0.3439,0.3122,0.3094,0.3094,0.3439,0.3094,0.3143
446,0.3122,0.3122,0.3094,0.3122,0.3094,0.3122,0.3439,0.3122,0.3094,0.3094,0.3439,0.3094,0.3143
447,0.3122,0.3122,0.3094,0.3122,0.3094,0.3122,0.3439,0.3122,0.3094,0.3094,0.3439,0.3094,0.3143
448,0.3122,0.3122,0.3094,0.3122,0.3094,0.3122,0.3439,0.3122,0.3094,0.3094,0.3439,0.3094,0.3143
449,0.3122,0.3122,0.3094,0.3122,0.3094,0.3122,0.3439,0.3122,0.3094,0.3094,0.3439,0.3094,0.3143
450,0.3122,0.3122,0.3094,0.3122,0.3094,0.3122,0.3439,0.3122,0.3094,0.3094,0.3439,0.3094,0.3143
451,0.3122,0.3122,0.3094,0.3122,0.3094,0.3122,0.3439,0.3122,0.3094,0.3094,0.3439,0.3094,0.3143
452,0.3122,0.3122,0.3094,0.3122,0.3094,0.3122,0.3439,0.3122,0.3094,0.3094,0.3439,0.3094,0.3143
453,0.3122,0.3122,0.3094,0.3122,0.3094,0.3122,0.3439,0.3122,0.3094,0.3094,0.3439,0.3094,0.3143
454,0.3122,0.3122,0.3094,0.3122,0.3094,0.3122,0.3439,0.3122,0.3094,0.3094,0.3439,0.3094,0.3143
455,0.3122,0.3122,0.3094,0.3122,0.3094,0.3122,0.3439,0.3122,0.3094,0.3094,0.3439,0.3094,0.3143
456,0.3122,0.3122,0.3094,0.3122,0.3094,0.3122,0.3439,0.3122,0.3094,0.3094,0.3439,0.3094,0.3143
457,0.3122,0.3122,0.3094,0.3122,0.3094,0.3122,0.3439,0.3122,0.3094,0.3094,0.3439,0.3094,0.3143
458,0.3122,0.3122,0.3094,0.3122,0.3094,0.3122,0.3439,0.3122,0.3094,0.3094,0.3439,0.3094,0.3143
459,0.3122,0.3122,0.3094,0.3122,0.3094,0.3122,0.3439,0.3122,0.3094,0.3094,0.3439,0.3094,0.3143
460,0.3122,0.3122,0.3094,0.3122,0.3094,0.3122,0.3439,0.3122,0.3094,0.3094,0.3439,0.3094,0.3143
461,0.3122,0.3122,0.3094,0.3122,0.3094,0.3122,0.3439,0.3122,0.3094,0.3094,0.3439,0.3094,0.3143
462,0.3122,0.3122,0.3094,0.3122,0.3094,0.3122,0.3439,0.3122,0.3094,0.3094,0.3439,0.3094,0.3143
463,0.3122,0.3122,0.3094,0.3122,0.3094,0.3122,0.3439,0.3122,0.3094,0.3094,0.3439,0.3094,0.3143
464,0.3122,0.3122,0.3094,0.3122,0.3094,0.3122,0.3439,0.3122,0.3094,0.3094,0.3439,0.3094,0.3143
465,0.3122,0.3122,0.3094,0.3122,0.3094,0.3122,0.3439,0.3122,0.3094,0.3094,0.3439,0.3094,0.3143
466,0.3122,0.3122,0.3094,0.3122,0.3094,0.3122,0.3439,0.3122,0.3094,0.3094,0.3439,0.3094,0.3143
467,0.3122,0.3122,0.3094,0.3122,0.3094,0.3122,0.3439,0.3122,0.3094,0.3094,0.3439,0.3094,0.3143
468,0.3122,0.3122,0.3094,0.3122,0.3094,0.3122,0.3439,0.3122,0.3094,0.3094,0.3439,0.3094,0.3143
469,0.3122,0.3122,0.3094,0.3122,0.3094,0.3122,0.3439,0.3122,0.3094,0.3094,0.3439,0.3094,0.3143
470,0.3122,0.3122,0.3094,0.3122,0.3094,0.3122,0.3439,0.3122,0.3094,0.3094,0.3439,0.3094,0.3143
471,0.3122,0.3122,0.3094,0.3122,0.3094,0.3122,0.3439,0.3122,0.3094,0.3094,0.3439,0.3094,0.3143
472,0.3122,0.3122,0.3094,0.3122,0.3094,0.3122,0.3439,0.3122,0.3094,0.3094,0.3439,0.3094,0.3143
473,0.3122,0.3122,0.3094,0.3122,0.3094,0.3122,0.3439,0.3122,0.3094,0.3094,0.3439,0.3094,0.3143
474,0.3122,0.3122,0.3094,0.3122,0.3094,0.3122,0.3439,0.3122,0.3094,0.3094,0.3439,0.3094,0.3143
475,0.3122,0.3122,0.3094,0.3122,0.3094,0.3122,0.3439,0.3122,0.3094,0.3094,0.3439,0.3094,0.3143
476,0.3122,0.3122,0.3094,0.3122,0.3094,0.3122,0.3439,0.3122,0.3094,0.3094,0.3439,0.3094,0.3143
477,0.3122,0.3122,0.3094,0.3122,0.3094,0.3122,0.3439,0.3122,0.3094,0.3094,0.3439,0.3094,0.3143
478,0.3122,0.3122,0.3094,0.3122,0.3094,0.3122,0.3439,0.3122,0.3094,0.3094,0.3439,0.3094,0.3143
479,0.3122,0.3122,0.3094,0.3122,0.3094,0.3122,0.3439,0.3122,0.3094,0.3094,0.3439,0.3094,0.3143
480,0.3122,0.3122,0.3094,0.3122,0.3094,0.3122,0.3439,0.3122,0.3094,0.3094,0.3439,0.3094,0.3143
481,0.3122,0.3122,0.3094,0.3122,0.3094,0.3122,0.3439,0.3122,0.3094,0.3094,0.3439,0.3094,0.3143
482,0.3122,0.3122,0.3094,0.3122,0.3094,0.3122,0.3439,0.3122,0.3094,0.3094,0.3439,0.3094,0.3143
483,0.3122,0.3122,0.3094,0.3122,0.3094,0.3122,0.3439,0.3122,0.3094,0.3094,0.3439,0.3094,0.3143
484,0.3122,0.3122,0.3094,0.3122,0.3094,0.3122,0.3439,0.3122,0.3094,0.3094,0.3439,0.3094,0.3143
485,0.3122,0.3122,0.3094,0.3122,0.3094,0.3122,0.3439,0.3122,0.3094,0.3094,0.3439,0.3094,0.3143
486,0.3122,0.3122,0.3094,0.3122,0.3094,0.3122,0.3439,0.3122,0.3094,0.3094,0.3439,0.3094,0.3143
487,0.3122,0.3122,0.3094,0.3122,0.3094,0.3122,0.3439,0.3122,0.3094,0.3094,0.3439,0.3094,0.3143
488,0.3122,0.3122,0.3094,0.3122,0.3094,0.3122,0.3439,0.3122,0.3094,0.3094,0.3439,0.3094,0.3143
489,0.3122,0.3122,0.3094,0.3122,0.3094,0.3122,0.3439,0.3122,0.3094,0.3094,0.3439,0.3094,0.3143
490,0.3122,0.3122,0.3094,0.3122,0.3094,0.3122,0.3439,0.3122,0.3094,0.3094,0.3439,0.3094,0.3143
491,0.3122,0.3122,0.3094,0.3122,0.3094,0.3122,0.3439,0.3122,0.3094,0.3094,0.3439,0.3094,0.3143
492,0.3122,0.3122,0.3094,0.3122,0.3094,0.3122,0.3439,0.3122,0.3094,0.3094,0.3439,0.3094,0.3143
493,0.3122,0.3122,0.3094,0.3122,0.3094,0.3122,0.3439,0.3122,0.3094,0.3094,0.3439,0.3094,0.3143
494,0.3122,0.3122,0.3094,0.3122,0.3094,0.3122,0.3439,0.3122,0.3094,0.3094,0.3439,0.3094,0.3143
495,0.3122,0.3122,0.3094,0.3122,0.3094,0.3122,0.3439,0.3122,0.3094,0.3094,0.3439,0.3094,0.3143
496,0.3122,0.3122,0.3094,0.3122,0.3094,0.3122,0.3439,0.3122,0.3094,0.3094,0.3439,0.3094,0.3143
497,0.3122,0.3122,0.3094,0.3122,0.3094,0.3122,0.3439,0.3122,0.3094,0.3094,0.3439,0.3094,0.3143
498,0.3122,0.3122,0.3094,0.3122,0.3094,0.3122,0.3439,0.3122,0.3094,0.3094,0.3439,0.3094,0.3143
499,0.3122,0.3122,0.3094,0.3122,0.3094,0.3122,0.3439,0.3122,0.3094,0.3094,0.3439,0.3094,0.3143
500,0.3122,0.3122,0.3094,0.3122,0.3094,0.3122,0.3439,0.3122,0.3094,0.3094,0.3439,0.3094,0.3143
501,0.3122,0.3122,0.3094,0.3122,0.3094,0.3122,0.3439,0.3122,0.3094,0.3094,0.3439,0.3094,0.3143
502,0.3122,0.3122,0.3094,0.3122,0.3094,0.3122,0.3439,0.3122,0.3094,0.3094,0.3439,0.3094,0.3143
503,0.3122,0.3122,0.3094,0.3122,0.3094,0.3122,0.3439,0.3122,0.3094,0.3094,0.3439,0.3094,0.3143
504,0.3122,0.3122,0.3094,0.3122,0.3094,0.3122,0.3439,0.3122,0.3094,0.3094,0.3439,0.3094,0.3143
505,0.3122,0.3122,0.3094,0.3122,0.3094,0.3122,0.3439,0.3122,0.3094,0.3094,0.3439,0.3094,0.3143
506,0.3122,0.3122,0.3094,0.3122,0.3094,0.3122,0.3439,0.3122,0.3094,0.3094,0.3439,0.3094,0.3143
507,0.3122,0.3122,0.3094,0.3122,0.3094,0.3122,0.3439,0.3122,0.3094,0.3094,0.3439,0.3094,0.3143
508,0.3122,0.3122,0.3094,0.3122,0.3094,0.3122,0.3439,0.3122,0.3094,0.3094,0.3439,0.3094,0.3143
509,0.3122,0.3122,0.3094,0.3122,0.3094,0.3122,0.3439,0.3122,0.3094,0.3094,0.3439,0.3094,0.3143
510,0.3122,0.3122,0.3094,0.3122,0.3094,0.3122,0.3439,0.3122,0.3094,0.3094,0.3439,0.3094,0.3143
511,0.3122,0.3122,0.3094,0.3122,0.3094,0.3122,0.3439,0.3122,0.3094,0.3094,0.3439,0.3094,0.3143
512,0.3122,0.3122,0.3094,0.3122,0.3094,0.3122,0.3439,0.3122,0.3094,0.3094,0.3439,0.3094,0.3143
513,0.3122,0.3122,0.3094,0.3122,0.3094,0.3122,0.3439,0.3122,0.3094,0.3094,0.3439,0.3094,0.3143
514,0.3122,0.3122,0.3094,0.3122,0.3094,0.3122,0.3439,0.3122,0.3094,0.3094,0.3439,0.3094,0.3143
515,0.3122,0.3122,0.3094,0.3122,0.3094,0.3122,0.3439,0.3122,0.3094,0.3094,0.3439,0.3094,0.3143
516,0.3122,0.3122,0.3094,0.3122,0.3094,0.3122,0.3439,0.3122,0.3094,0.3094,0.3439,0.3094,0.3143
517,0.3122,0.3122,0.3094,0.3122,0.3094,0.3122,0.3439,0.3122,0.3094,0.3094,0.3439,0.3094,0.3143
518,0.3122,0.3122,0.3094,0.3122,0.3094,0.3122,0.3439,0.3122,0.3094,0.3094,0.3439,0.3094,0.3143
519,0.3122,0.3122,0.3094,0.3122,0.3094,0.3122,0.3439,0.3122,0.3094,0.3094,0.3439,0.3094,0.3143
520,0.3122,0.3122,0.3094,0.3122,0.3094,0.3122,0.3439,0.3122,0.3094,0.3094,0.3439,0.3094,0.3143
521,0.3122,0.3122,0.3094,0.3122,0.3094,0.3122,0.3439,0.3122,0.3094,0.3094,0.3439,0.3094,0.3143
522,0.3122,0.3122,0.3094,0.3122,0.3094,0.3122,0.3439,0.3122,0.3094,0.3094,0.3439,0.3094,0.3143
523,0.3122,0.3122,0.3094,0.3122,0.3094,0.3122,0.3439,0.3122,0.3094,0.3094,0.3439,0.3094,0.3143
524,0.3122,0.3122,0.3094,0.3122,0.3094,0.3122,0.3439,0.3122,0.3094,0.3094,0.3439,0.3094,0.3143
525,0.3122,0.3122,0.3094,0.3122,0.3094,0.3122,0.3439,0.3122,0.3094,0.3094,0.3439,0.3094,0.3143
526,0.3122,0.3122,0.3094,0.3122,0.3094,0.3122,0.3439,0.3122,0.3094,0.3094,0.3439,0.3094,0.3143
527,0.3122,0.3122,0.3094,0.3122,0.3094,0.3122,0.3439,0.3122,0.3094,0.3094,0.3439,0.3094,0.3143
528,0.3122,0.3122,0.3094,0.3122,0.3094,0.3122,0.3439,0.3122,0.3094,0.3094,0.3439,0.3094,0.3143
529,0.3122,0.3122,0.3094,0.3122,0.3094,0.3122,0.3439,0.3122,0.3094,0.3094,0.3439,0.3094,0.3143
530,0.3122,0.3122,0.3094,0.3122,0.3094,0.3122,0.3439,0.3122,0.3094,0.3094,0.3439,0.3094,0.3143
531,0.3122,0.3122,0.3094,0.3122,0.3094,0.3122,0.3439,0.3122,0.3094,0.3094,0.3439,0.3094,0.3143
532,0.3122,0.3122,0.3094,0.3122,0.3094,0.3122,0.3439,0.3122,0.3094,0.3094,0.3439,0.3094,0.3143
533,0.3122,0.3122,0.3094,0.3122,0.3094,0.3122,0.3439,0.3122,0.3094,0.3094,0.3439,0.3094,0.3143
534,0.3122,0.3122,0.3094,0.3122,0.3094,0.3122,0.3439,0.3122,0.3094,0.3094,0.3439,0.3094,0.3143
535,0.3122,0.3122,0.3094,0.3122,0.3094,0.3122,0.3439,0.3122,0.3094,0.3094,0.3439,0.3094,0.3143
536,0.3122,0.3122,0.3094,0.3122,0.3094,0.3122,0.3439,0.3122,0.3094,0.3094,0.3439,0.3094,0.3143
537,0.3122,0.3122,0.3094,0.3122,0.3094,0.3122,0.3439,0.3122,0.3094,0.3094,0.3439,0.3094,0.3143
538,0.3122,0.3122,0.3094,0.3122,0.3094,0.3122,0.3439,0.3122,0.3094,0.3094,0.3439,0.3094,0.3143
539,0.3122,0.3122,0.3094,0.3122,0.3094,0.3122,0.3439,0.3122,0.3094,0.3094,0.3439,0.3094,0.3143
540,0.3122,0.3122,0.3094,0.3122,0.3094,0.3122,0.3439,0.3122,0.3094,0.3094,0.3439,0.3094,0.3143
541,0.3122,0.3122,0.3094,0.3122,0.3094,0.3122,0.3439,0.3122,0.3094,0.3094,0.3439,0.3094,0.3143
542,0.3122,0.3122,0.3094,0.3122,0.3094,0.3122,0.3439,0.3122,0.3094,0.3094,0.3439,0.3094,0.3143
543,0.3122,0.3122,0.3094,0.3122,0.3094,0.3122,0.3439,0.3122,0.3094,0.3094,0.3439,0.3094,0.3143
544,0.3122,0.3122,0.3094,0.3122,0.3094,0.3122,0.3439,0.3122,0.3094,0.3094,0.3439,0.3094,0.3143
545,0.3122,0.3122,0.3094,0.3122,0.3094,0.3122,0.3439,0.3122,0.3094,0.3094,0.3439,0.3094,0.3143
546,0.3122,0.3122,0.3094,0.3122,0.3094,0.3122,0.3439,0.3122,0.3094,0.3094,0.3439,0.3094,0.3143
547,0.3122,0.3122,0.3094,0.3122,0.3094,0.3122,0.3439,0.3122,0.3094,0.3094,0.3439,0.3094,0.3143
548,0.3122,0.3122,0.3094,0.3122,0.3094,0.3122,0.3439,0.3122,0.3094,0.3094,0.3439,0.3094,0.3143
549,0.3122,0.3122,0.3094,0.3122,0.3094,0.3122,0.3439,0.3122,0.3094,0.3094,0.3439,0.3094,0.3143
550,0.3122,0.3122,0.3094,0.3122,0.3094,0.3122,0.3439,0.3122,0.3094,0.3094,0.3439,0.3094,0.3143
551,0.3122,0.3122,0.3094,0.3122,0.3094,0.3122,0.3439,0.3122,0.3094,0.3094,0.3439,0.3094,0.3143
552,0.3122,0.3122,0.3094,0.3122,0.3094,0.3122,0.3439,0.3122,0.3094,0.3094,0.3439,0.3094,0.3143
553,0.3122,0.3122,0.3094,0.3122,0.3094,0.3122,0.3439,0.3122,0.3094,0.3094,0.3439,0.3094,0.3143
554,0.3122,0.3122,0.3094,0.3122,0.3094,0.3122,0.3439,0.3122,0.3094,0.3094,0.3439,0.3094,0.3143
555,0.3122,0.3122,0.3094,0.3122,0.3094,0.3122,0.3439,0.3122,0.3094,0.3094,0.3439,0.3094,0.3143
556,0.3122,0.3122,0.3094,0.3122,0.3094,0.3122,0.3439,0.3122,0.3094,0.3094,0.3439,0.3094,0.3143
557,0.3122,0.3122,0.3094,0.3122,0.3094,0.3122,0.3439,0.3122,0.3094,0.3094,0.3439,0.3094,0.3143
558,0.3122,0.3122,0.3094,0.3122,0.3094,0.3122,0.3439,0.3122,0.3094,0.3094,0.3439,0.3094,0.3143
559,0.3122,0.3122,0.3094,0.3122,0.3094,0.3122,0.3439,0.3122,0.3094,0.3094,0.3439,0.3094,0.3143
560,0.3122,0.3122,0.3094,0.3122,0.3094,0.3122,0.3439,0.3122,0.3094,0.3094,0.3439,0.3094,0.3143
561,0.3122,0.3122,0.3094,0.3122,0.3094,0.3122,0.3439,0.3122,0.3094,0.3094,0.3439,0.3094,0.3143
562,0.3122,0.3122,0.3094,0.3122,0.3094,0.3122,0.3439,0.3122,0.3094,0.3094,0.3439,0.3094,0.3143
563,0.3122,0.3122,0.3094,0.3122,0.3094,0.3122,0.3439,0.3122,0.3094,0.3094,0.3439,0.3094,0.3143
564,0.3122,0.3122,0.3094,0.3122,0.3094,0.3122,0.3439,0.3122,0.3094,0.3094,0.3439,0.3094,0.3143
565,0.3122,0.3122,0.3094,0.3122,0.3094,0.3122,0.3439,0.3122,0.3094,0.3094,0.3439,0.3094,0.3143
566,0.3122,0.3122,0.3094,0.3122,0.3094,0.3122,0.3439,0.3122,0.3094,0.3094,0.3439,0.3094,0.3143
567,0.3122,0.3122,0.3094,0.3122,0.3094,0.3122,0.3439,0.3122,0.3094,0.3094,0.3439,0.3094,0.3143
568,0.3122,0.3122,0.3094,0.3122,0.3094,0.3122,0.3439,0.3122,0.3094,0.3094,0.3439,0.3094,0.3143
569,0.3122,0.3122,0.3094,0.3122,0.3094,0.3122,0.3439,0.3122,0.3094,0.3094,0.3439,0.3094,0.3143
570,0.3122,0.3122,0.3094,0.3122,0.3094,0.3122,0.3439,0.3122,0.3094,0.3094,0.3439,0.3094,0.3143
571,0.3122,0.3122,0.3094,0.3122,0.3094,0.3122,0.3439,0.3122,0.3094,0.3094,0.3439,0.3094,0.3143
572,0.3122,0.3122,0.3094,0.3122,0.3094,0.3122,0.3439,0.3122,0.3094,0.3094,0.3439,0.3094,0.3143
573,0.3122,0.3122,0.3094,0.3122,0.3094,0.3122,0.3439,0.3122,0.3094,0.3094,0.3439,0.3094,0.3143
574,0.3122,0.3122,0.3094,0.3122,0.3094,0.3122,0.3439,0.3122,0.3094,0.3094,0.3439,0.3094,0.3143
575,0.3122,0.3122,0.3094,0.3122,0.3094,0.3122,0.3439,0.3122,0.3094,0.3094,0.3439,0.3094,0.3143
576,0.3122,0.3122,0.3094,0.3122,0.3094,0.3122,0.3439,0.3122,0.3094,0.3094,0.3439,0.3094,0.3143
577,0.3122,0.3122,0.3094,0.3122,0.3094,0.3122,0.3439,0.3122,0.3094,0.3094,0.3439,0.3094,0.3143
578,0.3122,0.3122,0.3094,0.3122,0.3094,0.3122,0.3439,0.3122,0.3094,0.3094,0.3439,0.3094,0.3143
579,0.3122,0.3122,0.3094,0.3122,0.3094,0.3122,0.3439,0.3122,0.3094,0.3094,0.3439,0.3094,0.3143
580,0.3122,0.3122,0.3094,0.3122,0.3094,0.3122,0.3439,0.3122,0.3094,0.3094,0.3439,0.3094,0.3143
581,0.3122,0.3122,0.3094,0.3122,0.3094,0.3122,0.3439,0.3122,0.3094,0.3094,0.3439,0.3094,0.3143
582,0.3122,0.3122,0.3094,0.3122,0.3094,0.3122,0.3439,0.3122,0.3094,0.3094,0.3439,0.3094,0.3143
583,0.3122,0.3122,0.3094,0.3122,0.3094,0.3122,0.3439,0.3122,0.3094,0.3094,0.3439,0.3094,0.3143
584,0.3122,0.3122,0.3094,0.3122,0.3094,0.3122,0.3439,0.3122,0.3094,0.3094,0.3439,0.3094,0.3143
585,0.3122,0.3122,0.3094,0.3122,0.3094,0.3122,0.3439,0.3122,0.3094,0.3094,0.3439,0.3094,0.3143
586,0.3122,0.3122,0.3094,0.3122,0.3094,0.3122,0.3439,0.3122,0.3094,0.3094,0.3439,0.3094,0.3143
587,0.3122,0.3122,0.3094,0.3122,0.3094,0.3122,0.3439,0.3122,0.3094,0.3094,0.3439,0.3094,0.3143
588,0.3122,0.3122,0.3094,0.3122,0.3094,0.3122,0.3439,0.3122,0.3094,0.3094,0.3439,0.3094,0.3143
589,0.3122,0.3122,0.3094,0.3122,0.3094,0.3122,0.3439,0.3122,0.3094,0.3094,0.3439,0.3094,0.3143
590,0.3122,0.3122,0.3094,0.3122,0.3094,0.3122,0.3439,0.3122,0.3094,0.3094,0.3439,0.3094,0.3143
591,0.3122,0.3122,0.3094,0.3122,0.3094,0.3122,0.3439,0.3122,0.3094,0.3094,0.3439,0.3094,0.3143
592,0.3122,0.3122,0.3094,0.3122,0.3094,0.3122,0.3439,0.3122,0.3094,0.3094,0.3439,0.3094,0.3143
593,0.3122,0.3122,0.3094,0.3122,0.3094,0.3122,0.3439,0.3122,0.3094,0.3094,0.3439,0.3094,0.3143
594,0.3122,0.3122,0.3094,0.3122,0.3094,0.3122,0.3439,0.3122,0.3094,0.3094,0.3439,0.3094,0.3143
595,0.3122,0.3122,0.3094,0.3122,0.3094,0.3122,0.3439,0.3122,0.3094,0.3094,0.3439,0.3094,0.3143
596,0.3122,0.3122,0.3094,0.3122,0.3094,0.3122,0.3439,0.3122,0.3094,0.3094,0.3439,0.3094,0.3143
597,0.3122,0.3122,0.3094,0.3122,0.3094,0.3122,0.3439,0.3122,0.3094,0.3094,0.3439,0.3094,0.3143
598,0.3122,0.3122,0.3094,0.3122,0.3094,0.3122,0.3439,0.3122,0.3094,0.3094,0.3439,0.3094,0.3143
599,0.3122,0.3122,0.3094,0.3122,0.3094,0.3122,0.3439,0.3122,0.3094,0.3094,0.3439,0.3094,0.3143
600,0.3122,0.3122,0.3094,0.3122,0.3094,0.3122,0.3439,0.3122,0.3094,0.3094,0.3439,0.3094,0.3143
601,0.3122,0.3122,0.3094,0.3122,0.3094,0.3122,0.3439,0.3122,0.3094,0.3094,0.3439,0.3094,0.3143
602,0.3122,0.3122,0.3094,0.3122,0.3094,0.3122,0.3439,0.3122,0.3094,0.3094,0.3439,0.3094,0.3143
603,0.3122,0.3122,0.3094,0.3122,0.3094,0.3122,0.3439,0.3122,0.3094,0.3094,0.3439,0.3094,0.3143
604,0.3122,0.3122,0.3094,0.3122,0.3094,0.3122,0.3439,0.3122,0.3094,0.3094,0.3439,0.3094,0.3143
1204,0.3122,0.3122,0.3094,0.3122,0.3094,0.3122,0.3439,0.3122,0.3094,0.3094,0.3439,0.3094,0.3143
1804,0.3122,0.3122,0.3094,0.3122,0.3094,0.3122,0.3439,0.3122,0.3094,0.3094,0.3439,0.3094,0.3143
2404,0.3122,0.3122,0.3094,0.3122,0.3094,0.3122,0.3439,0.3122,0.3094,0.3094,0.3439,0.3094,0.3143
3004,0.3122,0.3122,0.3094,0.3122,0.3094,0.3122,0.3439,0.3122,0.3094,0.3094,0.3439,0.3094,0.3143
3604,0.3122,0.3122,0.3094,0.3122,0.3094,0.3122,0.3439,0.3122,0.3094,0.3094,0.3439,0.3094,0.3143
4204,0.3122,0.3122,0.3094,0.3122,0.3094,0.3122,0.3439,0.3122,0.3094,0.3094,0.3439,0.3094,0.3143
4804,0.3122,0.3122,0.3094,0.3122,0.3094,0.3122,0.3439,0.3122,0.3094,0.3094,0.3439,0.3094,0.3143
