timestamp,vga0,vga8,vga6,vga3,vga4,vga9,vga1,vga7,vga5,vga2,max,min,avg
0,0.0806,0.0806,0.0806,0.0806,0.0806,0.0806,0.0806,0.0806,0.0806,0.0806,0.0806,0.0806,0.0806
1,0.1017,0.0806,0.0806,0.0806,0.0806,0.0806,0.0806,0.0806,0.0806,0.0806,0.1017,0.0806,0.0827
2,0.1464,0.0893,0.1123,0.096,0.0806,0.1017,0.0806,0.1017,0.0984,0.1156,0.1464,0.0806,0.1023
3,0.1464,0.1449,0.1416,0.1392,0.0921,0.1464,0.1464,0.1406,0.1435,0.1464,0.1464,0.0921,0.1387
4,0.1464,0.1464,0.1464,0.1444,0.1368,0.1464,0.1464,0.1464,0.1449,0.1464,0.1464,0.1368,0.1451
5,0.1464,0.1464,0.1464,0.1464,0.1382,0.1464,0.1464,0.1464,0.1464,0.1464,0.1464,0.1382,0.1456
6,0.1819,0.178,0.1464,0.1464,0.1382,0.1464,0.1464,0.1464,0.1464,0.1464,0.1819,0.1382,0.1523
7,0.1919,0.2226,0.1464,0.1464,0.1464,0.1464,0.1464,0.1464,0.1464,0.1464,0.2226,0.1464,0.1586
8,0.2342,0.2327,0.1464,0.1646,0.1507,0.1464,0.1512,0.1464,0.1464,0.1703,0.2342,0.1464,0.1689
9,0.2495,0.2423,0.1464,0.1963,0.1939,0.1871,0.2174,0.1464,0.1464,0.1948,0.2495,0.1464,0.1921
10,0.2495,0.2514,0.1464,0.2001,0.2039,0.2078,0.2524,0.1464,0.1464,0.2059,0.2524,0.1464,0.201
11,0.2495,0.2538,0.1636,0.2433,0.225,0.2078,0.2682,0.1622,0.1464,0.2582,0.2682,0.1464,0.2178
12,0.2548,0.2673,0.1751,0.2476,0.239,0.2183,0.2716,0.1943,0.1464,0.261,0.2716,0.1464,0.2275
13,0.2601,0.2778,0.1929,0.2476,0.2409,0.2543,0.2735,0.1967,0.1574,0.2692,0.2778,0.1574,0.237
14,0.2654,0.2845,0.2092,0.2476,0.2553,0.2567,0.286,0.2083,0.1665,0.2692,0.286,0.1665,0.2449
15,0.2654,0.2845,0.2596,0.2476,0.2553,0.2591,0.2913,0.251,0.2001,0.2692,0.2913,0.2001,0.2583
16,0.2654,0.2874,0.2596,0.2606,0.2601,0.2591,0.2941,0.273,0.2284,0.2826,0.2941,0.2284,0.267
17,0.2678,0.2874,0.2783,0.2634,0.3023,0.2591,0.2941,0.2879,0.2423,0.2946,0.3023,0.2423,0.2777
18,0.2726,0.2874,0.2812,0.2634,0.3196,0.2591,0.2941,0.2879,0.2433,0.3177,0.3196,0.2433,0.2826
19,0.2831,0.2874,0.3013,0.2654,0.3196,0.262,0.2941,0.2956,0.2644,0.3186,0.3196,0.262,0.2891
20,0.2855,0.2927,0.3349,0.2654,0.3239,0.2702,0.2941,0.3287,0.2668,0.3186,0.3349,0.2654,0.2981
21,0.2937,0.2951,0.3474,0.2821,0.345,0.2702,0.2994,0.3287,0.2668,0.3335,0.3474,0.2668,0.3062
22,0.2937,0.2951,0.3503,0.2989,0.345,0.2937,0.2994,0.3397,0.2668,0.3359,0.3503,0.2668,0.3119
23,0.2994,0.2951,0.3503,0.2989,0.3479,0.3061,0.2994,0.3397,0.2778,0.3517,0.3517,0.2778,0.3166
24,0.3066,0.3047,0.3522,0.3172,0.3479,0.3061,0.2994,0.3397,0.2778,0.3517,0.3522,0.2778,0.3203
25,0.3114,0.3157,0.3628,0.3172,0.3479,0.3071,0.2994,0.3397,0.2802,0.3517,0.3628,0.2802,0.3233
26,0.3407,0.3157,0.3628,0.3191,0.3479,0.3085,0.2994,0.3508,0.2802,0.3685,0.3685,0.2802,0.3294
27,0.3407,0.3249,0.3652,0.3229,0.3488,0.3085,0.2994,0.3532,0.2826,0.3724,0.3724,0.2826,0.3319
28,0.3407,0.3263,0.369,0.3244,0.3488,0.3085,0.3057,0.3661,0.2994,0.3824,0.3824,0.2994,0.3371
29,0.3421,0.3292,0.3738,0.3273,0.3488,0.3191,0.3085,0.3676,0.333,0.3824,0.3824,0.3085,0.3432
30,0.3604,0.3316,0.3796,0.3273,0.3488,0.3316,0.3143,0.3676,0.333,0.3848,0.3848,0.3143,0.3479
31,0.3604,0.3421,0.3796,0.3297,0.3488,0.3316,0.3143,0.3676,0.3354,0.3848,0.3848,0.3143,0.3494
32,0.3604,0.3512,0.3796,0.3378,0.3536,0.3316,0.3143,0.3733,0.3397,0.3848,0.3848,0.3143,0.3526
33,0.3604,0.3565,0.3829,0.3503,0.4151,0.3397,0.3143,0.3733,0.3426,0.3848,0.4151,0.3143,0.362
34,0.3604,0.3575,0.3834,0.3656,0.4175,0.3421,0.3143,0.3733,0.3426,0.3848,0.4175,0.3143,0.3641
35,0.3604,0.3575,0.3834,0.3719,0.4175,0.3421,0.3143,0.3748,0.3426,0.3848,0.4175,0.3143,0.3649
36,0.3647,0.3594,0.3935,0.3719,0.4203,0.3421,0.3143,0.3757,0.3546,0.3848,0.4203,0.3143,0.3681
37,0.3647,0.3594,0.3935,0.3719,0.4203,0.3421,0.3143,0.3824,0.3623,0.3848,0.4203,0.3143,0.3696
38,0.3647,0.3594,0.4165,0.3719,0.4203,0.3695,0.3167,0.3853,0.3623,0.3848,0.4203,0.3167,0.3751
39,0.3647,0.3594,0.4194,0.3719,0.4203,0.3728,0.3273,0.3853,0.368,0.3887,0.4203,0.3273,0.3778
40,0.3647,0.3594,0.4251,0.382,0.4203,0.3728,0.3273,0.3853,0.3719,0.3887,0.4251,0.3273,0.3798
41,0.3647,0.3594,0.4251,0.3824,0.4448,0.3752,0.3297,0.3853,0.3719,0.3901,0.4448,0.3297,0.3829
42,0.3647,0.3608,0.4299,0.3824,0.4448,0.3781,0.3345,0.3853,0.3748,0.3901,0.4448,0.3345,0.3845
43,0.381,0.3695,0.4338,0.3824,0.4448,0.3781,0.3426,0.3906,0.3748,0.3916,0.4448,0.3426,0.3889
44,0.3815,0.3695,0.4367,0.3992,0.4448,0.3781,0.3455,0.4055,0.3748,0.393,0.4448,0.3455,0.3929
45,0.3815,0.381,0.4367,0.4036,0.4549,0.381,0.3589,0.4127,0.3748,0.404,0.4549,0.3589,0.3989
46,0.3815,0.381,0.4367,0.4036,0.4549,0.4439,0.3618,0.4127,0.3748,0.417,0.4549,0.3618,0.4068
47,0.3877,0.381,0.4395,0.4036,0.4573,0.4511,0.3618,0.4127,0.3834,0.417,0.4573,0.3618,0.4095
48,0.3877,0.381,0.4395,0.4136,0.4573,0.4511,0.3618,0.4184,0.3834,0.417,0.4573,0.3618,0.4111
49,0.3877,0.381,0.441,0.4136,0.4573,0.4511,0.3618,0.4184,0.3834,0.417,0.4573,0.3618,0.4112
50,0.3877,0.381,0.441,0.4151,0.4587,0.4568,0.3618,0.4213,0.3834,0.417,0.4587,0.3618,0.4124
51,0.3906,0.381,0.441,0.4208,0.4631,0.4568,0.3618,0.4213,0.3906,0.417,0.4631,0.3618,0.4144
52,0.3906,0.381,0.441,0.4832,0.4631,0.4568,0.3618,0.4237,0.3906,0.417,0.4832,0.3618,0.4209
53,0.3906,0.381,0.4453,0.4832,0.4631,0.4568,0.3618,0.4784,0.392,0.417,0.4832,0.3618,0.4269
54,0.392,0.381,0.4453,0.4861,0.4645,0.4568,0.3618,0.4846,0.392,0.417,0.4861,0.3618,0.4281
55,0.392,0.381,0.4453,0.4861,0.4674,0.4568,0.3618,0.4846,0.4122,0.417,0.4861,0.3618,0.4304
56,0.392,0.381,0.4453,0.4938,0.4674,0.4583,0.3733,0.4918,0.4122,0.4309,0.4938,0.3733,0.4346
57,0.392,0.381,0.4463,0.4938,0.4679,0.4698,0.3733,0.4918,0.4861,0.4309,0.4938,0.3733,0.4433
58,0.392,0.381,0.4463,0.4938,0.4679,0.4755,0.3733,0.4947,0.4861,0.4309,0.4947,0.3733,0.4442
59,0.392,0.381,0.4539,0.4995,0.4679,0.4755,0.3733,0.4947,0.4861,0.4352,0.4995,0.3733,0.4459
60,0.392,0.381,0.4539,0.4995,0.4707,0.4755,0.3733,0.4947,0.4861,0.4352,0.4995,0.3733,0.4462
61,0.392,0.3824,0.4674,0.4995,0.4741,0.4755,0.3892,0.4947,0.4918,0.4352,0.4995,0.3824,0.4502
62,0.392,0.3839,0.4688,0.4995,0.4741,0.4755,0.3892,0.4947,0.4918,0.4352,0.4995,0.3839,0.4505
63,0.392,0.3839,0.4688,0.4995,0.4741,0.4755,0.4079,0.4947,0.4918,0.4352,0.4995,0.3839,0.4523
64,0.392,0.3839,0.4688,0.5005,0.4741,0.4755,0.4079,0.4947,0.4918,0.4352,0.5005,0.3839,0.4524
65,0.4064,0.3839,0.4688,0.5005,0.4741,0.4755,0.4079,0.4947,0.4918,0.4352,0.5005,0.3839,0.4539
66,0.4064,0.3839,0.4707,0.5077,0.4741,0.4755,0.4079,0.4947,0.4918,0.4352,0.5077,0.3839,0.4548
67,0.4079,0.3839,0.4707,0.5077,0.4741,0.476,0.4079,0.4947,0.4928,0.4429,0.5077,0.3839,0.4559
68,0.4079,0.3839,0.4707,0.5091,0.4741,0.476,0.4079,0.4947,0.4928,0.4429,0.5091,0.3839,0.456
69,0.4088,0.3839,0.4707,0.512,0.4741,0.4779,0.4155,0.4947,0.4928,0.4429,0.512,0.3839,0.4573
70,0.4107,0.3839,0.4707,0.512,0.4741,0.4779,0.4155,0.4947,0.4957,0.4434,0.512,0.3839,0.4579
71,0.4107,0.3839,0.4707,0.512,0.477,0.4779,0.4155,0.4947,0.5014,0.4434,0.512,0.3839,0.4587
72,0.4376,0.3839,0.4707,0.512,0.4808,0.4779,0.4175,0.4947,0.5062,0.4453,0.512,0.3839,0.4627
73,0.4376,0.3839,0.4707,0.512,0.4808,0.4779,0.4175,0.4947,0.5062,0.4453,0.512,0.3839,0.4627
74,0.4376,0.3839,0.4707,0.512,0.4808,0.4779,0.4175,0.4957,0.5106,0.4453,0.512,0.3839,0.4632
75,0.4376,0.4175,0.4707,0.5139,0.4808,0.4779,0.4175,0.4966,0.5106,0.4453,0.5139,0.4175,0.4668
76,0.4376,0.4175,0.4707,0.5139,0.4808,0.4779,0.4175,0.4966,0.5106,0.4453,0.5139,0.4175,0.4668
77,0.4391,0.4175,0.4707,0.5139,0.4808,0.4808,0.4175,0.4966,0.5106,0.4453,0.5139,0.4175,0.4673
78,0.4391,0.4175,0.5254,0.5139,0.4822,0.4808,0.4175,0.4966,0.5106,0.4453,0.5254,0.4175,0.4729
79,0.4391,0.4175,0.5254,0.5139,0.4822,0.4818,0.4175,0.4981,0.5106,0.4453,0.5254,0.4175,0.4731
80,0.4391,0.4175,0.5254,0.5139,0.4851,0.4818,0.4175,0.4981,0.5106,0.4482,0.5254,0.4175,0.4737
81,0.4391,0.4175,0.5254,0.5139,0.4851,0.4818,0.4175,0.5,0.5106,0.4482,0.5254,0.4175,0.4739
82,0.4391,0.4203,0.5254,0.5139,0.4851,0.4818,0.4722,0.5,0.5106,0.4482,0.5254,0.4203,0.4797
83,0.44,0.4203,0.5254,0.5139,0.4851,0.4832,0.4731,0.5,0.5106,0.4482,0.5254,0.4203,0.48
84,0.4415,0.4203,0.5254,0.5139,0.4851,0.4832,0.4731,0.501,0.5106,0.4482,0.5254,0.4203,0.4802
85,0.4415,0.4203,0.5254,0.5139,0.4851,0.4837,0.4731,0.501,0.512,0.4482,0.5254,0.4203,0.4804
86,0.4415,0.4203,0.5254,0.5139,0.4851,0.4837,0.4731,0.501,0.512,0.5029,0.5254,0.4203,0.4859
87,0.4415,0.4203,0.5254,0.5197,0.4851,0.4837,0.4731,0.501,0.512,0.5029,0.5254,0.4203,0.4865
88,0.4415,0.4203,0.5254,0.5197,0.4851,0.4837,0.4731,0.501,0.5154,0.5029,0.5254,0.4203,0.4868
89,0.4415,0.4203,0.5254,0.5197,0.4851,0.4837,0.4731,0.5038,0.524,0.5029,0.5254,0.4203,0.4879
90,0.4415,0.4203,0.5254,0.5197,0.4866,0.4837,0.4731,0.5038,0.524,0.5029,0.5254,0.4203,0.4881
91,0.4472,0.4218,0.5254,0.5197,0.488,0.4837,0.4731,0.5038,0.524,0.5058,0.5254,0.4218,0.4892
92,0.4472,0.4218,0.5254,0.5197,0.488,0.4909,0.4731,0.511,0.524,0.5058,0.5254,0.4218,0.4907
93,0.4472,0.4218,0.5254,0.5206,0.488,0.4909,0.4731,0.511,0.5269,0.5058,0.5269,0.4218,0.4911
94,0.4501,0.4218,0.5254,0.5206,0.488,0.4909,0.4731,0.511,0.5269,0.5058,0.5269,0.4218,0.4914
95,0.4501,0.4218,0.5254,0.5206,0.488,0.4909,0.4731,0.511,0.5269,0.5058,0.5269,0.4218,0.4914
96,0.4501,0.4299,0.5254,0.5206,0.488,0.4909,0.4731,0.511,0.5269,0.5058,0.5269,0.4299,0.4922
97,0.4501,0.4299,0.5254,0.523,0.488,0.4909,0.4731,0.511,0.5269,0.5058,0.5269,0.4299,0.4924
98,0.4501,0.4299,0.5254,0.523,0.488,0.4909,0.4731,0.511,0.5269,0.5058,0.5269,0.4299,0.4924
99,0.4501,0.4299,0.5254,0.523,0.488,0.4966,0.4731,0.511,0.5269,0.5058,0.5269,0.4299,0.493
100,0.4501,0.4299,0.5254,0.525,0.488,0.4966,0.4731,0.511,0.5269,0.5077,0.5269,0.4299,0.4934
101,0.4501,0.4299,0.5254,0.525,0.5,0.4966,0.4731,0.511,0.5269,0.5077,0.5269,0.4299,0.4946
102,0.4501,0.4299,0.5254,0.5259,0.5,0.4966,0.4731,0.511,0.5269,0.5082,0.5269,0.4299,0.4947
103,0.4501,0.4299,0.5254,0.5259,0.5019,0.4966,0.4731,0.511,0.5269,0.5082,0.5269,0.4299,0.4949
104,0.4501,0.4299,0.5264,0.5259,0.5019,0.4966,0.4731,0.511,0.5269,0.5082,0.5269,0.4299,0.495
105,0.4501,0.4299,0.5264,0.5259,0.5019,0.4966,0.4731,0.511,0.5269,0.5082,0.5269,0.4299,0.495
106,0.4501,0.4299,0.5264,0.5259,0.5019,0.4966,0.4731,0.511,0.5269,0.5082,0.5269,0.4299,0.495
107,0.4501,0.4299,0.5264,0.5259,0.5019,0.4966,0.4731,0.5154,0.5269,0.5082,0.5269,0.4299,0.4954
108,0.4501,0.4319,0.5264,0.5259,0.5019,0.4995,0.4731,0.5173,0.5269,0.5082,0.5269,0.4319,0.4961
109,0.4501,0.4319,0.5264,0.5259,0.5019,0.4995,0.4731,0.5173,0.5269,0.5082,0.5269,0.4319,0.4961
110,0.4501,0.4319,0.5264,0.5259,0.5019,0.4995,0.4731,0.5173,0.5269,0.5082,0.5269,0.4319,0.4961
111,0.4501,0.4319,0.5264,0.5259,0.5019,0.4995,0.4731,0.5173,0.5269,0.5082,0.5269,0.4319,0.4961
112,0.4506,0.4319,0.5264,0.5259,0.5091,0.4995,0.4731,0.5197,0.5269,0.5082,0.5269,0.4319,0.4971
113,0.4506,0.4319,0.5264,0.5259,0.5091,0.4995,0.4731,0.5197,0.5283,0.5082,0.5283,0.4319,0.4973
114,0.4506,0.4319,0.5264,0.5278,0.5106,0.4995,0.4731,0.5197,0.5283,0.5082,0.5283,0.4319,0.4976
115,0.4506,0.4319,0.5264,0.5278,0.5106,0.4995,0.4731,0.5317,0.5283,0.5082,0.5317,0.4319,0.4988
116,0.4506,0.4319,0.5264,0.5278,0.5106,0.4995,0.4731,0.5317,0.5283,0.5082,0.5317,0.4319,0.4988
117,0.4506,0.4319,0.5264,0.5317,0.5134,0.4995,0.4731,0.5317,0.5283,0.5082,0.5317,0.4319,0.4995
118,0.4506,0.4367,0.5274,0.5317,0.5134,0.4995,0.4731,0.5326,0.5283,0.5082,0.5326,0.4367,0.5001
119,0.4578,0.4367,0.5274,0.5326,0.5134,0.4995,0.4731,0.5326,0.5283,0.5082,0.5326,0.4367,0.501
120,0.4578,0.4424,0.5274,0.5326,0.5163,0.5096,0.4731,0.5326,0.5283,0.5082,0.5326,0.4424,0.5028
121,0.4578,0.4443,0.5302,0.5341,0.5274,0.5096,0.4731,0.5326,0.5283,0.5082,0.5341,0.4443,0.5046
122,0.4578,0.4443,0.5302,0.5369,0.5274,0.5096,0.4731,0.5326,0.5283,0.5082,0.5369,0.4443,0.5048
123,0.4578,0.4443,0.5302,0.5369,0.5274,0.5096,0.4731,0.5413,0.5283,0.5082,0.5413,0.4443,0.5057
124,0.4578,0.4443,0.5302,0.5369,0.5274,0.5096,0.4731,0.5413,0.5302,0.5082,0.5413,0.4443,0.5059
125,0.4578,0.4443,0.5302,0.5374,0.5274,0.5149,0.476,0.5413,0.5302,0.5082,0.5413,0.4443,0.5068
126,0.4578,0.4443,0.5451,0.5489,0.5321,0.5163,0.476,0.5427,0.5302,0.5082,0.5489,0.4443,0.5102
127,0.4578,0.453,0.5451,0.5489,0.5321,0.5187,0.476,0.5427,0.5302,0.5082,0.5489,0.453,0.5113
128,0.4578,0.453,0.5475,0.5489,0.5341,0.5187,0.476,0.5427,0.5302,0.5082,0.5489,0.453,0.5117
129,0.4578,0.4559,0.5475,0.5489,0.5341,0.5187,0.476,0.5427,0.5302,0.5197,0.5489,0.4559,0.5131
130,0.4578,0.4559,0.5475,0.5489,0.536,0.5187,0.476,0.5427,0.5302,0.5197,0.5489,0.4559,0.5133
131,0.4631,0.4559,0.5475,0.5489,0.5374,0.5187,0.476,0.5465,0.5302,0.5197,0.5489,0.4559,0.5144
132,0.4631,0.4559,0.5475,0.5489,0.5374,0.5187,0.476,0.5465,0.5302,0.5197,0.5489,0.4559,0.5144
133,0.4631,0.4559,0.5475,0.5489,0.5374,0.5187,0.476,0.5465,0.5302,0.5197,0.5489,0.4559,0.5144
134,0.4631,0.4578,0.5475,0.5489,0.5374,0.5187,0.476,0.5465,0.5302,0.5197,0.5489,0.4578,0.5146
135,0.4631,0.4578,0.5475,0.5489,0.5374,0.5192,0.476,0.5465,0.5321,0.5197,0.5489,0.4578,0.5148
136,0.4631,0.4578,0.5475,0.5489,0.5374,0.5192,0.476,0.5465,0.5321,0.5197,0.5489,0.4578,0.5148
137,0.4631,0.4587,0.5475,0.5489,0.5413,0.5192,0.476,0.5465,0.5321,0.5197,0.5489,0.4587,0.5153
138,0.4631,0.4587,0.5475,0.5489,0.5413,0.5192,0.4904,0.5465,0.5321,0.5197,0.5489,0.4587,0.5167
139,0.464,0.4587,0.5475,0.5489,0.5413,0.5192,0.4928,0.5465,0.5321,0.5197,0.5489,0.4587,0.5171
140,0.4659,0.4587,0.5475,0.5489,0.5413,0.5192,0.4938,0.5465,0.5321,0.5197,0.5489,0.4587,0.5174
141,0.4679,0.4587,0.5499,0.5509,0.5413,0.5192,0.4938,0.5465,0.5321,0.5197,0.5509,0.4587,0.518
142,0.4679,0.4587,0.5499,0.5509,0.5441,0.5192,0.4938,0.5513,0.5321,0.5197,0.5513,0.4587,0.5188
143,0.4688,0.4587,0.5499,0.5533,0.5441,0.5192,0.4938,0.5513,0.5321,0.5197,0.5533,0.4587,0.5191
144,0.4688,0.4587,0.5499,0.5542,0.5441,0.5192,0.4947,0.5513,0.5321,0.5197,0.5542,0.4587,0.5193
145,0.4707,0.4587,0.5499,0.5542,0.5441,0.5192,0.4947,0.5513,0.5321,0.5197,0.5542,0.4587,0.5195
146,0.4707,0.4587,0.5499,0.5542,0.5441,0.5192,0.4947,0.5513,0.5321,0.5197,0.5542,0.4587,0.5195
147,0.4707,0.4616,0.5499,0.5542,0.5485,0.5192,0.4947,0.5513,0.5321,0.5197,0.5542,0.4616,0.5202
148,0.4707,0.464,0.5499,0.5542,0.5485,0.524,0.4947,0.5513,0.5321,0.5197,0.5542,0.464,0.5209
149,0.4707,0.464,0.5499,0.5557,0.5499,0.525,0.4947,0.5513,0.5321,0.5197,0.5557,0.464,0.5213
150,0.4707,0.464,0.5499,0.5557,0.5499,0.525,0.4947,0.5513,0.5321,0.5197,0.5557,0.464,0.5213
151,0.4707,0.4702,0.5499,0.5557,0.5509,0.525,0.4947,0.5513,0.5321,0.5197,0.5557,0.4702,0.522
152,0.4707,0.4702,0.5499,0.5557,0.5509,0.525,0.4947,0.5528,0.5321,0.5216,0.5557,0.4702,0.5224
153,0.4707,0.4702,0.5499,0.5557,0.5509,0.525,0.4947,0.5528,0.5321,0.5216,0.5557,0.4702,0.5224
154,0.4707,0.4702,0.5499,0.5557,0.5509,0.5321,0.4947,0.5528,0.5321,0.5216,0.5557,0.4702,0.5231
155,0.4707,0.4702,0.5499,0.5557,0.5509,0.5321,0.4947,0.5528,0.5321,0.5216,0.5557,0.4702,0.5231
156,0.4707,0.4702,0.5499,0.5557,0.5509,0.5321,0.4947,0.5528,0.535,0.5216,0.5557,0.4702,0.5234
157,0.475,0.4702,0.5499,0.5571,0.5509,0.5321,0.4947,0.5528,0.5398,0.5216,0.5571,0.4702,0.5244
158,0.475,0.4702,0.5499,0.5571,0.5509,0.5321,0.4947,0.5528,0.5398,0.523,0.5571,0.4702,0.5245
159,0.475,0.4702,0.5499,0.5571,0.5509,0.5321,0.4966,0.5528,0.5398,0.525,0.5571,0.4702,0.5249
160,0.475,0.4702,0.5499,0.5619,0.5509,0.5341,0.4966,0.5528,0.5398,0.525,0.5619,0.4702,0.5256
161,0.475,0.4702,0.5499,0.5619,0.5509,0.5341,0.4966,0.5528,0.5422,0.5264,0.5619,0.4702,0.526
162,0.475,0.4702,0.5499,0.572,0.5509,0.5341,0.5024,0.5528,0.5422,0.5264,0.572,0.4702,0.5276
163,0.4794,0.4702,0.5499,0.572,0.5509,0.5341,0.5058,0.5528,0.5432,0.5264,0.572,0.4702,0.5285
164,0.4794,0.4702,0.5499,0.572,0.5509,0.5341,0.5058,0.5528,0.547,0.5264,0.572,0.4702,0.5288
165,0.4794,0.4702,0.5499,0.572,0.5509,0.5341,0.5058,0.5528,0.547,0.5264,0.572,0.4702,0.5288
166,0.4794,0.4702,0.5499,0.572,0.5509,0.5341,0.5058,0.5528,0.547,0.5264,0.572,0.4702,0.5288
167,0.4794,0.4712,0.5499,0.572,0.5509,0.5341,0.5058,0.5528,0.547,0.5264,0.572,0.4712,0.529
168,0.4794,0.4712,0.5499,0.572,0.5509,0.5355,0.5058,0.5528,0.547,0.5264,0.572,0.4712,0.5291
169,0.4794,0.4712,0.5499,0.572,0.5537,0.5355,0.5058,0.5528,0.5485,0.5264,0.572,0.4712,0.5295
170,0.4794,0.4731,0.5499,0.5753,0.5537,0.5355,0.5058,0.5528,0.56,0.5264,0.5753,0.4731,0.5312
171,0.4794,0.4731,0.5509,0.5753,0.5537,0.5355,0.5058,0.5528,0.56,0.5264,0.5753,0.4731,0.5313
172,0.4794,0.4731,0.5552,0.5753,0.5537,0.5355,0.512,0.5528,0.56,0.5264,0.5753,0.4731,0.5323
173,0.4832,0.4731,0.5552,0.5753,0.5537,0.5355,0.512,0.5528,0.56,0.5264,0.5753,0.4731,0.5327
174,0.4832,0.4731,0.5552,0.5753,0.5537,0.5355,0.5134,0.5528,0.56,0.5365,0.5753,0.4731,0.5339
175,0.4832,0.4736,0.5552,0.5753,0.5537,0.5355,0.5134,0.5537,0.56,0.5365,0.5753,0.4736,0.534
176,0.4832,0.4736,0.5552,0.5753,0.5537,0.5355,0.5144,0.5537,0.56,0.5365,0.5753,0.4736,0.5341
177,0.4842,0.475,0.5552,0.5753,0.5537,0.5355,0.5144,0.5542,0.56,0.5365,0.5753,0.475,0.5344
178,0.4842,0.475,0.5552,0.5753,0.5537,0.5355,0.5144,0.5542,0.56,0.5365,0.5753,0.475,0.5344
179,0.4842,0.4779,0.5552,0.5753,0.5537,0.5355,0.5144,0.5542,0.5619,0.5389,0.5753,0.4779,0.5351
180,0.4842,0.4779,0.5552,0.5753,0.5537,0.5369,0.5144,0.5542,0.5619,0.5389,0.5753,0.4779,0.5353
181,0.4842,0.4779,0.5552,0.5753,0.5537,0.5369,0.5144,0.5542,0.5619,0.5398,0.5753,0.4779,0.5353
182,0.4842,0.5326,0.5552,0.5753,0.5537,0.5369,0.5144,0.5542,0.5619,0.5398,0.5753,0.4842,0.5408
183,0.4842,0.5326,0.5552,0.5753,0.5537,0.5369,0.5144,0.5542,0.5619,0.5398,0.5753,0.4842,0.5408
184,0.4842,0.5326,0.5552,0.5753,0.5552,0.5369,0.5144,0.5542,0.5619,0.5398,0.5753,0.4842,0.541
185,0.4842,0.5326,0.5571,0.5753,0.5571,0.5369,0.5144,0.5542,0.5619,0.5398,0.5753,0.4842,0.5413
186,0.4842,0.5326,0.5571,0.5753,0.5571,0.5369,0.5144,0.5571,0.5619,0.5398,0.5753,0.4842,0.5416
187,0.4842,0.5326,0.5571,0.5753,0.5571,0.5427,0.5144,0.5571,0.5619,0.5398,0.5753,0.4842,0.5422
188,0.4842,0.5437,0.5571,0.5753,0.5571,0.5427,0.5144,0.5571,0.5619,0.5398,0.5753,0.4842,0.5433
189,0.4842,0.5437,0.5571,0.5753,0.5571,0.5427,0.5144,0.5571,0.5619,0.5398,0.5753,0.4842,0.5433
190,0.4842,0.5446,0.5571,0.5753,0.5571,0.5465,0.5144,0.5571,0.5638,0.5398,0.5753,0.4842,0.544
191,0.4842,0.5475,0.5571,0.5753,0.5571,0.5465,0.523,0.5571,0.5653,0.5398,0.5753,0.4842,0.5453
192,0.4861,0.5475,0.5571,0.5753,0.5571,0.5465,0.5345,0.5571,0.5653,0.5398,0.5753,0.4861,0.5466
193,0.4866,0.5475,0.5571,0.5753,0.5571,0.5465,0.5345,0.5571,0.5653,0.5398,0.5753,0.4866,0.5467
194,0.4866,0.5528,0.5571,0.5753,0.5571,0.5465,0.5345,0.5571,0.5653,0.5398,0.5753,0.4866,0.5472
195,0.4866,0.5528,0.5571,0.5753,0.5571,0.5465,0.5345,0.5571,0.5667,0.5398,0.5753,0.4866,0.5474
196,0.4866,0.5528,0.5571,0.5753,0.5571,0.5465,0.5345,0.5571,0.5667,0.5398,0.5753,0.4866,0.5474
197,0.4866,0.5528,0.5571,0.5753,0.5571,0.5465,0.5345,0.5571,0.5667,0.5398,0.5753,0.4866,0.5474
198,0.4866,0.5528,0.5571,0.5768,0.5585,0.5465,0.5345,0.5571,0.5667,0.5398,0.5768,0.4866,0.5476
199,0.4866,0.5528,0.5571,0.5768,0.5585,0.5489,0.5345,0.5571,0.5667,0.5398,0.5768,0.4866,0.5479
200,0.4866,0.5528,0.5571,0.5768,0.5585,0.5489,0.5345,0.5571,0.5667,0.5398,0.5768,0.4866,0.5479
201,0.4866,0.5528,0.5571,0.5768,0.5585,0.5513,0.5345,0.5571,0.5667,0.5398,0.5768,0.4866,0.5481
202,0.4866,0.5528,0.5571,0.5768,0.5585,0.5513,0.5345,0.5571,0.5667,0.5398,0.5768,0.4866,0.5481
203,0.4866,0.5528,0.5571,0.5768,0.5585,0.5513,0.5345,0.5571,0.5667,0.5398,0.5768,0.4866,0.5481
204,0.4866,0.5528,0.5571,0.5768,0.5585,0.5513,0.5345,0.5571,0.5667,0.5398,0.5768,0.4866,0.5481
205,0.4866,0.5528,0.5571,0.5768,0.56,0.5513,0.5345,0.5571,0.5667,0.5398,0.5768,0.4866,0.5483
206,0.4866,0.5528,0.5571,0.5768,0.56,0.5513,0.5345,0.5571,0.5667,0.5398,0.5768,0.4866,0.5483
207,0.4866,0.5528,0.5571,0.5777,0.56,0.5513,0.5345,0.5571,0.5667,0.5413,0.5777,0.4866,0.5485
208,0.487,0.5528,0.5571,0.5777,0.5629,0.5629,0.5345,0.5571,0.5667,0.5413,0.5777,0.487,0.55
209,0.487,0.5528,0.5571,0.5777,0.5629,0.5629,0.5345,0.5571,0.5667,0.5422,0.5777,0.487,0.5501
210,0.487,0.5528,0.5571,0.5777,0.5629,0.5629,0.5345,0.5571,0.5667,0.5465,0.5777,0.487,0.5505
211,0.487,0.5542,0.5571,0.5777,0.5629,0.5643,0.5345,0.5571,0.5681,0.5465,0.5777,0.487,0.5509
212,0.487,0.5542,0.5571,0.5777,0.5629,0.5643,0.5345,0.5571,0.5681,0.5465,0.5777,0.487,0.5509
213,0.487,0.5542,0.5571,0.5777,0.5629,0.5686,0.5355,0.5571,0.5681,0.5465,0.5777,0.487,0.5515
214,0.487,0.5542,0.5571,0.5777,0.5629,0.5686,0.5355,0.5571,0.5681,0.5465,0.5777,0.487,0.5515
215,0.487,0.5542,0.5571,0.5782,0.5629,0.5701,0.5355,0.5571,0.5681,0.5465,0.5782,0.487,0.5517
216,0.487,0.5542,0.5571,0.5782,0.5629,0.5701,0.5355,0.5571,0.5681,0.5465,0.5782,0.487,0.5517
217,0.487,0.5542,0.5571,0.5782,0.5677,0.5729,0.5355,0.5571,0.5696,0.5465,0.5782,0.487,0.5526
218,0.487,0.5542,0.5571,0.5782,0.5677,0.5729,0.5355,0.5585,0.5696,0.5494,0.5782,0.487,0.553
219,0.487,0.5542,0.5571,0.5782,0.5677,0.5729,0.5355,0.5585,0.5696,0.5494,0.5782,0.487,0.553
220,0.487,0.5542,0.5571,0.5782,0.5686,0.5729,0.5355,0.5585,0.5696,0.5494,0.5782,0.487,0.5531
221,0.487,0.5542,0.5571,0.5782,0.5686,0.5729,0.5365,0.5585,0.5696,0.5504,0.5782,0.487,0.5533
222,0.487,0.5542,0.5571,0.5782,0.5686,0.5729,0.5393,0.5643,0.5696,0.5504,0.5782,0.487,0.5542
223,0.487,0.5542,0.5571,0.5782,0.5686,0.5744,0.5393,0.5643,0.5696,0.5504,0.5782,0.487,0.5543
224,0.487,0.5542,0.5571,0.5782,0.5686,0.5744,0.5441,0.5643,0.5696,0.5504,0.5782,0.487,0.5548
225,0.487,0.5542,0.5571,0.5782,0.5686,0.5744,0.5441,0.5643,0.5696,0.5504,0.5782,0.487,0.5548
226,0.487,0.5542,0.5571,0.5782,0.5686,0.5744,0.5441,0.5643,0.5696,0.5504,0.5782,0.487,0.5548
227,0.487,0.5542,0.5571,0.5782,0.5686,0.5744,0.5441,0.5643,0.5696,0.5504,0.5782,0.487,0.5548
228,0.487,0.5542,0.5571,0.5782,0.5686,0.5744,0.5441,0.5643,0.5696,0.5504,0.5782,0.487,0.5548
229,0.487,0.5542,0.5571,0.5782,0.5686,0.5744,0.5446,0.5643,0.5696,0.5504,0.5782,0.487,0.5548
230,0.487,0.5542,0.5571,0.5782,0.5686,0.5749,0.5456,0.5643,0.5696,0.5504,0.5782,0.487,0.555
231,0.487,0.5542,0.5571,0.5825,0.5725,0.5749,0.5456,0.5643,0.5696,0.5504,0.5825,0.487,0.5558
232,0.487,0.5542,0.5571,0.5825,0.5725,0.5749,0.5456,0.5643,0.5696,0.5504,0.5825,0.487,0.5558
233,0.487,0.5542,0.5571,0.5825,0.5725,0.5749,0.5456,0.5643,0.5696,0.5504,0.5825,0.487,0.5558
234,0.487,0.5542,0.5581,0.5825,0.5725,0.5749,0.547,0.5643,0.571,0.5504,0.5825,0.487,0.5562
235,0.487,0.5542,0.5581,0.5825,0.5725,0.5749,0.547,0.5643,0.571,0.5504,0.5825,0.487,0.5562
236,0.487,0.5542,0.5609,0.5825,0.5725,0.5773,0.547,0.5643,0.571,0.5504,0.5825,0.487,0.5567
237,0.487,0.5557,0.5609,0.5825,0.5725,0.5773,0.547,0.5643,0.571,0.5504,0.5825,0.487,0.5569
238,0.487,0.5557,0.5609,0.5825,0.5725,0.5773,0.547,0.5643,0.571,0.5504,0.5825,0.487,0.5569
239,0.487,0.5557,0.5609,0.5825,0.5725,0.5773,0.547,0.5643,0.571,0.5504,0.5825,0.487,0.5569
240,0.487,0.5557,0.5609,0.584,0.5725,0.5773,0.547,0.5643,0.571,0.5504,0.584,0.487,0.557
241,0.487,0.5557,0.5609,0.584,0.5725,0.5773,0.547,0.5643,0.571,0.5504,0.584,0.487,0.557
242,0.487,0.5557,0.5609,0.584,0.5725,0.5773,0.5475,0.5643,0.571,0.5504,0.584,0.487,0.5571
243,0.487,0.5557,0.5609,0.584,0.5725,0.5773,0.5475,0.5643,0.571,0.5504,0.584,0.487,0.5571
244,0.4885,0.5566,0.5609,0.584,0.5725,0.5773,0.5475,0.5643,0.571,0.5504,0.584,0.4885,0.5573
245,0.4885,0.5566,0.5609,0.584,0.5725,0.5773,0.5475,0.5643,0.571,0.5504,0.584,0.4885,0.5573
246,0.4885,0.5566,0.5609,0.584,0.5725,0.5773,0.5475,0.5643,0.5725,0.5504,0.584,0.4885,0.5575
247,0.4885,0.5566,0.5609,0.584,0.5768,0.5773,0.5475,0.5643,0.5725,0.5504,0.584,0.4885,0.5579
248,0.4885,0.5566,0.5609,0.584,0.5768,0.5773,0.5475,0.5643,0.5725,0.5504,0.584,0.4885,0.5579
249,0.4885,0.5581,0.5619,0.584,0.5768,0.5773,0.5475,0.5643,0.5725,0.5504,0.584,0.4885,0.5581
250,0.4885,0.5581,0.5619,0.584,0.5768,0.5773,0.548,0.5643,0.5725,0.5504,0.584,0.4885,0.5582
251,0.4885,0.5581,0.5619,0.584,0.5768,0.5773,0.548,0.5643,0.5725,0.5504,0.584,0.4885,0.5582
252,0.4885,0.5585,0.5619,0.584,0.5768,0.5773,0.548,0.5643,0.5725,0.5504,0.584,0.4885,0.5582
253,0.4885,0.5585,0.5619,0.584,0.5768,0.5773,0.548,0.5643,0.5725,0.5504,0.584,0.4885,0.5582
254,0.4885,0.5585,0.5667,0.584,0.5768,0.5773,0.548,0.5643,0.5725,0.5504,0.584,0.4885,0.5587
255,0.4885,0.5605,0.5667,0.584,0.5768,0.5773,0.548,0.5643,0.5749,0.5504,0.584,0.4885,0.5591
256,0.4885,0.5605,0.5667,0.584,0.5768,0.5773,0.548,0.5643,0.5749,0.5547,0.584,0.4885,0.5596
257,0.4885,0.5605,0.5667,0.584,0.5768,0.5782,0.548,0.5643,0.5749,0.5547,0.584,0.4885,0.5597
258,0.4885,0.5605,0.5667,0.584,0.5768,0.5782,0.548,0.5643,0.5749,0.5547,0.584,0.4885,0.5597
259,0.4885,0.5619,0.5667,0.584,0.5768,0.5811,0.548,0.5643,0.5753,0.5547,0.584,0.4885,0.5601
260,0.4885,0.5633,0.5667,0.584,0.5768,0.5811,0.548,0.5643,0.5753,0.5547,0.584,0.4885,0.5603
261,0.4885,0.5633,0.5667,0.584,0.5768,0.5811,0.5494,0.5643,0.5753,0.5547,0.584,0.4885,0.5604
262,0.4885,0.5633,0.5667,0.584,0.5768,0.5811,0.5494,0.5643,0.5768,0.5547,0.584,0.4885,0.5606
263,0.4885,0.5633,0.5667,0.5859,0.5768,0.5821,0.5494,0.5643,0.5768,0.5547,0.5859,0.4885,0.5609
264,0.4885,0.5633,0.5667,0.5859,0.5768,0.5821,0.5494,0.5643,0.5768,0.5547,0.5859,0.4885,0.5609
265,0.4885,0.5648,0.5667,0.5873,0.5768,0.5821,0.5494,0.5643,0.5768,0.5547,0.5873,0.4885,0.5611
266,0.4885,0.5648,0.5667,0.5873,0.5768,0.5821,0.5494,0.5643,0.5768,0.5547,0.5873,0.4885,0.5611
267,0.4885,0.5648,0.5667,0.5873,0.5768,0.5821,0.5494,0.5643,0.5768,0.5547,0.5873,0.4885,0.5611
268,0.4885,0.5648,0.5667,0.5873,0.5768,0.5821,0.5494,0.5643,0.5768,0.5547,0.5873,0.4885,0.5611
269,0.4885,0.5648,0.5667,0.5873,0.5768,0.5821,0.5494,0.5643,0.5768,0.5547,0.5873,0.4885,0.5611
270,0.4885,0.5648,0.5667,0.5873,0.5768,0.583,0.5494,0.5643,0.5768,0.5547,0.5873,0.4885,0.5612
271,0.4885,0.5648,0.5667,0.5873,0.5768,0.583,0.5494,0.5643,0.5768,0.5552,0.5873,0.4885,0.5613
272,0.4885,0.5648,0.5667,0.5873,0.5768,0.583,0.5494,0.5643,0.5768,0.559,0.5873,0.4885,0.5617
273,0.4885,0.5648,0.5667,0.5873,0.5768,0.583,0.5494,0.5643,0.5768,0.559,0.5873,0.4885,0.5617
274,0.4899,0.5648,0.5667,0.5873,0.5768,0.583,0.5494,0.5657,0.5768,0.559,0.5873,0.4899,0.5619
275,0.5019,0.5648,0.5667,0.5873,0.5773,0.583,0.5494,0.5657,0.5768,0.559,0.5873,0.5019,0.5632
276,0.5019,0.5648,0.5667,0.5873,0.5773,0.583,0.5533,0.5657,0.5768,0.559,0.5873,0.5019,0.5636
277,0.5019,0.5648,0.5667,0.5873,0.5773,0.583,0.5533,0.5672,0.5768,0.559,0.5873,0.5019,0.5637
278,0.5019,0.5648,0.5667,0.5873,0.5773,0.583,0.5533,0.5672,0.5768,0.5638,0.5873,0.5019,0.5642
279,0.5019,0.5648,0.5667,0.5873,0.5773,0.583,0.5533,0.5672,0.5768,0.5653,0.5873,0.5019,0.5644
280,0.5019,0.5648,0.5672,0.5873,0.5773,0.583,0.5533,0.5691,0.5768,0.5667,0.5873,0.5019,0.5647
281,0.5019,0.5648,0.5672,0.5873,0.5773,0.583,0.5533,0.5691,0.5768,0.5667,0.5873,0.5019,0.5647
282,0.5019,0.5648,0.5677,0.5873,0.5773,0.5835,0.5537,0.5691,0.5768,0.5667,0.5873,0.5019,0.5649
283,0.5019,0.5648,0.5677,0.5873,0.5773,0.5835,0.5537,0.5705,0.5768,0.5667,0.5873,0.5019,0.565
284,0.5034,0.5648,0.5677,0.5873,0.5773,0.5835,0.5537,0.5705,0.5768,0.5667,0.5873,0.5034,0.5652
285,0.5034,0.5648,0.5677,0.5873,0.5773,0.5835,0.5537,0.572,0.5768,0.5667,0.5873,0.5034,0.5653
286,0.5034,0.5648,0.5677,0.5873,0.5773,0.5835,0.5537,0.572,0.5768,0.5667,0.5873,0.5034,0.5653
287,0.5034,0.5648,0.5677,0.5873,0.5773,0.5849,0.5537,0.572,0.5768,0.5667,0.5873,0.5034,0.5655
288,0.5034,0.5648,0.5677,0.5873,0.5773,0.5849,0.5537,0.572,0.5768,0.5667,0.5873,0.5034,0.5655
289,0.5034,0.5648,0.5677,0.5873,0.5773,0.5849,0.5537,0.572,0.5768,0.5667,0.5873,0.5034,0.5655
290,0.5034,0.5648,0.5677,0.5873,0.5773,0.5849,0.5537,0.572,0.5768,0.5667,0.5873,0.5034,0.5655
291,0.5034,0.5648,0.5677,0.5873,0.5773,0.5849,0.5537,0.5725,0.5768,0.5667,0.5873,0.5034,0.5655
292,0.5034,0.5648,0.5677,0.5873,0.5773,0.5849,0.5557,0.5725,0.5768,0.5667,0.5873,0.5034,0.5657
293,0.5034,0.5648,0.5677,0.5873,0.5773,0.5849,0.5557,0.5725,0.5768,0.5667,0.5873,0.5034,0.5657
294,0.5034,0.5648,0.5677,0.5873,0.5773,0.5849,0.5557,0.5725,0.5768,0.5667,0.5873,0.5034,0.5657
295,0.5034,0.5648,0.5677,0.5873,0.5773,0.5864,0.5557,0.5725,0.5768,0.5667,0.5873,0.5034,0.5659
296,0.5034,0.5648,0.5677,0.5873,0.5773,0.5864,0.5557,0.5725,0.5768,0.5667,0.5873,0.5034,0.5659
297,0.5034,0.5648,0.5677,0.5873,0.5773,0.5864,0.5557,0.5801,0.5768,0.5667,0.5873,0.5034,0.5666
298,0.5034,0.5648,0.5677,0.5873,0.5773,0.5864,0.56,0.5801,0.5768,0.5667,0.5873,0.5034,0.567
299,0.5034,0.5648,0.5677,0.5873,0.5787,0.5864,0.5614,0.5801,0.5768,0.5667,0.5873,0.5034,0.5673
300,0.5034,0.5648,0.5677,0.5873,0.5787,0.5864,0.5614,0.5801,0.5768,0.5667,0.5873,0.5034,0.5673
301,0.5048,0.5648,0.5677,0.5873,0.5787,0.5864,0.5614,0.5806,0.5768,0.5672,0.5873,0.5048,0.5676
302,0.5096,0.5648,0.5677,0.5873,0.5787,0.5864,0.5614,0.5806,0.5768,0.5672,0.5873,0.5096,0.5681
303,0.5096,0.5648,0.5677,0.5873,0.5787,0.5864,0.5614,0.5806,0.5768,0.5672,0.5873,0.5096,0.5681
304,0.5096,0.5648,0.5744,0.5878,0.5787,0.5864,0.5614,0.5806,0.5768,0.5686,0.5878,0.5096,0.5689
305,0.5096,0.5648,0.5744,0.5878,0.5787,0.5864,0.5614,0.5806,0.5768,0.5686,0.5878,0.5096,0.5689
306,0.5096,0.5648,0.5744,0.5878,0.5787,0.5864,0.5614,0.5806,0.5768,0.5686,0.5878,0.5096,0.5689
307,0.5096,0.5648,0.5744,0.5878,0.5801,0.5864,0.5614,0.5806,0.5768,0.5686,0.5878,0.5096,0.5691
308,0.5096,0.5648,0.5744,0.5878,0.5801,0.5864,0.5614,0.5806,0.5768,0.5686,0.5878,0.5096,0.5691
309,0.5096,0.5648,0.5753,0.5878,0.5801,0.5864,0.5614,0.5806,0.5768,0.5686,0.5878,0.5096,0.5691
310,0.5096,0.5667,0.5753,0.5878,0.5801,0.5864,0.5614,0.5806,0.5768,0.5686,0.5878,0.5096,0.5693
311,0.5096,0.5667,0.5753,0.5878,0.5801,0.5864,0.5614,0.5806,0.5768,0.5686,0.5878,0.5096,0.5693
312,0.5096,0.5667,0.5753,0.5878,0.5801,0.5864,0.5614,0.5806,0.5768,0.5686,0.5878,0.5096,0.5693
313,0.5096,0.5686,0.5753,0.5878,0.5801,0.5864,0.5629,0.5806,0.5768,0.5686,0.5878,0.5096,0.5697
314,0.5096,0.5686,0.5753,0.5878,0.5801,0.5864,0.5629,0.5806,0.5768,0.5686,0.5878,0.5096,0.5697
315,0.511,0.5686,0.5753,0.5878,0.5801,0.5864,0.5629,0.5806,0.5768,0.5686,0.5878,0.511,0.5698
316,0.511,0.5686,0.5753,0.5878,0.5801,0.5864,0.5629,0.5806,0.5768,0.5686,0.5878,0.511,0.5698
317,0.511,0.5686,0.5753,0.5878,0.5801,0.5864,0.5629,0.5806,0.5768,0.5686,0.5878,0.511,0.5698
318,0.511,0.5686,0.5753,0.5878,0.5801,0.5864,0.5629,0.5806,0.5768,0.5686,0.5878,0.511,0.5698
319,0.511,0.5686,0.5753,0.5878,0.5801,0.5864,0.5629,0.5806,0.5768,0.5686,0.5878,0.511,0.5698
320,0.511,0.5686,0.5753,0.5878,0.5801,0.5864,0.5629,0.5806,0.5768,0.5686,0.5878,0.511,0.5698
321,0.511,0.5729,0.5753,0.5878,0.5801,0.5864,0.5629,0.5806,0.5768,0.5696,0.5878,0.511,0.5703
322,0.511,0.5729,0.5753,0.5878,0.5816,0.5864,0.5629,0.5806,0.5768,0.5696,0.5878,0.511,0.5705
323,0.5657,0.5729,0.5753,0.5878,0.5816,0.5864,0.5629,0.5806,0.5768,0.5705,0.5878,0.5629,0.576
324,0.5657,0.5729,0.5753,0.5878,0.5816,0.5864,0.5629,0.5806,0.5768,0.5734,0.5878,0.5629,0.5763
325,0.5657,0.5729,0.5753,0.5878,0.5816,0.5864,0.5629,0.5854,0.5768,0.5734,0.5878,0.5629,0.5768
326,0.5657,0.5729,0.5753,0.5878,0.5816,0.5864,0.5629,0.5854,0.5768,0.5734,0.5878,0.5629,0.5768
327,0.5657,0.5729,0.5753,0.5878,0.5816,0.5864,0.5629,0.5854,0.5768,0.5734,0.5878,0.5629,0.5768
328,0.5667,0.5729,0.5753,0.5878,0.5816,0.5864,0.5629,0.5854,0.5768,0.5734,0.5878,0.5629,0.5769
329,0.5667,0.5729,0.5753,0.5878,0.5816,0.5864,0.5629,0.5854,0.5768,0.5734,0.5878,0.5629,0.5769
330,0.5667,0.5729,0.5753,0.5878,0.5816,0.5864,0.5629,0.5854,0.5768,0.5734,0.5878,0.5629,0.5769
331,0.5667,0.5729,0.5753,0.5878,0.5816,0.5864,0.5629,0.5854,0.5768,0.5734,0.5878,0.5629,0.5769
332,0.5667,0.5729,0.5753,0.5878,0.5816,0.5864,0.5629,0.5854,0.5768,0.5734,0.5878,0.5629,0.5769
333,0.5667,0.5729,0.5753,0.5878,0.5816,0.5864,0.5629,0.5854,0.5768,0.5734,0.5878,0.5629,0.5769
334,0.5667,0.5729,0.5753,0.5878,0.5816,0.5878,0.5629,0.5854,0.5768,0.5734,0.5878,0.5629,0.5771
335,0.5667,0.5729,0.5753,0.5878,0.5816,0.5878,0.5629,0.5854,0.5768,0.5734,0.5878,0.5629,0.5771
336,0.5667,0.5739,0.5753,0.5878,0.5816,0.5878,0.5629,0.5854,0.5768,0.5734,0.5878,0.5629,0.5772
337,0.5667,0.5739,0.5753,0.5878,0.5816,0.5883,0.5629,0.5854,0.5768,0.5734,0.5883,0.5629,0.5772
338,0.5667,0.5739,0.5753,0.5878,0.5816,0.5883,0.5629,0.5854,0.5773,0.5734,0.5883,0.5629,0.5773
339,0.5667,0.5739,0.5792,0.5878,0.5816,0.5883,0.5629,0.5854,0.5773,0.5734,0.5883,0.5629,0.5776
340,0.5667,0.5739,0.5792,0.5878,0.5816,0.5883,0.5629,0.5883,0.5773,0.5734,0.5883,0.5629,0.5779
341,0.5667,0.5739,0.5792,0.5878,0.5816,0.5883,0.5629,0.5883,0.5773,0.5734,0.5883,0.5629,0.5779
342,0.5667,0.5739,0.5792,0.5878,0.5816,0.5883,0.5629,0.5883,0.5773,0.5734,0.5883,0.5629,0.5779
343,0.5667,0.5739,0.5792,0.5878,0.5816,0.5883,0.5629,0.5883,0.5773,0.5734,0.5883,0.5629,0.5779
344,0.5667,0.5739,0.5792,0.5878,0.5816,0.5883,0.5629,0.5883,0.5773,0.5734,0.5883,0.5629,0.5779
345,0.5667,0.5739,0.5792,0.5878,0.5816,0.5883,0.5629,0.5883,0.5773,0.5734,0.5883,0.5629,0.5779
346,0.5667,0.5739,0.5792,0.5878,0.5816,0.5883,0.5629,0.5883,0.5773,0.5734,0.5883,0.5629,0.5779
347,0.5667,0.5739,0.5792,0.5878,0.5816,0.5883,0.5629,0.5897,0.5773,0.5734,0.5897,0.5629,0.5781
348,0.5667,0.5739,0.5792,0.5878,0.5816,0.5883,0.5672,0.5897,0.5773,0.5734,0.5897,0.5667,0.5785
349,0.5667,0.5739,0.5792,0.5878,0.5816,0.5883,0.5672,0.5897,0.5782,0.5763,0.5897,0.5667,0.5789
350,0.5705,0.5739,0.5792,0.5878,0.5816,0.5883,0.5672,0.5897,0.5782,0.5763,0.5897,0.5672,0.5793
351,0.5705,0.5739,0.5792,0.5883,0.5816,0.5883,0.5672,0.5897,0.5835,0.5763,0.5897,0.5672,0.5798
352,0.5705,0.5739,0.5792,0.5883,0.5816,0.5883,0.5672,0.5897,0.5835,0.5763,0.5897,0.5672,0.5798
353,0.5705,0.5739,0.5792,0.5883,0.5816,0.5883,0.5672,0.5897,0.5835,0.5763,0.5897,0.5672,0.5798
354,0.5705,0.5739,0.5792,0.5883,0.5816,0.5883,0.5672,0.5897,0.5835,0.5777,0.5897,0.5672,0.58
355,0.5705,0.5739,0.5792,0.5883,0.5816,0.5883,0.5672,0.5897,0.5835,0.5777,0.5897,0.5672,0.58
356,0.5705,0.5739,0.5792,0.5883,0.5821,0.5883,0.5672,0.5897,0.5835,0.5777,0.5897,0.5672,0.58
357,0.5705,0.5739,0.5792,0.5883,0.5821,0.5883,0.5672,0.5897,0.5835,0.5777,0.5897,0.5672,0.58
358,0.5705,0.5739,0.5792,0.5883,0.5821,0.5883,0.5672,0.5897,0.5835,0.5787,0.5897,0.5672,0.5801
359,0.5705,0.5739,0.5792,0.5883,0.5821,0.5883,0.5686,0.5897,0.5883,0.5787,0.5897,0.5686,0.5808
360,0.5705,0.5739,0.5792,0.5883,0.5821,0.5883,0.5686,0.5897,0.5883,0.5825,0.5897,0.5686,0.5811
361,0.5705,0.5739,0.5792,0.5883,0.5821,0.5883,0.5686,0.5897,0.5883,0.5825,0.5897,0.5686,0.5811
362,0.572,0.5739,0.5792,0.5883,0.5821,0.5883,0.5686,0.5897,0.5883,0.5825,0.5897,0.5686,0.5813
363,0.572,0.5744,0.5792,0.5883,0.5821,0.5893,0.5686,0.5897,0.5883,0.5825,0.5897,0.5686,0.5814
364,0.572,0.5744,0.5792,0.5883,0.5821,0.5893,0.5686,0.5897,0.5883,0.5825,0.5897,0.5686,0.5814
365,0.572,0.5744,0.5792,0.5883,0.5821,0.5893,0.5686,0.5897,0.5883,0.5825,0.5897,0.5686,0.5814
366,0.572,0.5744,0.5792,0.5883,0.5821,0.5893,0.5686,0.5897,0.5883,0.5825,0.5897,0.5686,0.5814
367,0.572,0.5744,0.5792,0.5883,0.5821,0.5893,0.5686,0.5897,0.5897,0.5825,0.5897,0.5686,0.5816
368,0.572,0.5744,0.5792,0.5883,0.5821,0.5893,0.5686,0.5897,0.5897,0.5825,0.5897,0.5686,0.5816
369,0.572,0.5744,0.5792,0.5883,0.5821,0.5893,0.5686,0.5897,0.5897,0.5825,0.5897,0.5686,0.5816
370,0.572,0.5744,0.5792,0.5883,0.5821,0.5893,0.5686,0.5897,0.5897,0.5825,0.5897,0.5686,0.5816
371,0.572,0.5744,0.5792,0.5883,0.5821,0.5897,0.5686,0.5897,0.5897,0.5825,0.5897,0.5686,0.5816
372,0.572,0.5744,0.5792,0.5883,0.5821,0.5897,0.5686,0.5897,0.5897,0.5835,0.5897,0.5686,0.5817
373,0.572,0.5744,0.5792,0.5883,0.5821,0.5897,0.5686,0.5897,0.5897,0.5835,0.5897,0.5686,0.5817
374,0.572,0.5744,0.5792,0.5883,0.5821,0.5897,0.5686,0.5897,0.5921,0.5835,0.5921,0.5686,0.582
375,0.572,0.5744,0.5792,0.5883,0.5821,0.5897,0.5686,0.5897,0.5921,0.5835,0.5921,0.5686,0.582
376,0.572,0.5744,0.5792,0.5883,0.5821,0.5897,0.5686,0.5897,0.5921,0.5835,0.5921,0.5686,0.582
377,0.572,0.5744,0.5792,0.5883,0.5821,0.5897,0.5686,0.5897,0.5921,0.5835,0.5921,0.5686,0.582
378,0.572,0.5744,0.5792,0.5883,0.5821,0.5897,0.5686,0.5897,0.5921,0.5835,0.5921,0.5686,0.582
379,0.5734,0.5744,0.5792,0.5883,0.5821,0.5897,0.5686,0.5897,0.5921,0.5835,0.5921,0.5686,0.5821
380,0.5734,0.5744,0.5792,0.5883,0.5821,0.5897,0.5686,0.5897,0.5921,0.5835,0.5921,0.5686,0.5821
381,0.5734,0.5744,0.5792,0.5883,0.5821,0.5897,0.5686,0.5897,0.5921,0.5835,0.5921,0.5686,0.5821
382,0.5734,0.5744,0.5792,0.5883,0.5821,0.5897,0.5686,0.5897,0.5921,0.5835,0.5921,0.5686,0.5821
383,0.5734,0.5744,0.5792,0.5883,0.5835,0.5897,0.5686,0.5897,0.5921,0.5835,0.5921,0.5686,0.5822
384,0.5734,0.5744,0.5792,0.5883,0.5835,0.5897,0.5686,0.5897,0.5921,0.5835,0.5921,0.5686,0.5822
385,0.5734,0.5744,0.5792,0.5883,0.5835,0.5897,0.5686,0.5897,0.5921,0.5835,0.5921,0.5686,0.5822
386,0.5734,0.5744,0.5792,0.5883,0.5835,0.5897,0.5686,0.5917,0.5921,0.5835,0.5921,0.5686,0.5824
387,0.5734,0.5744,0.5792,0.5883,0.5835,0.5897,0.5686,0.5917,0.5921,0.5835,0.5921,0.5686,0.5824
388,0.5734,0.5744,0.5792,0.5883,0.5835,0.5897,0.5686,0.5917,0.5921,0.5835,0.5921,0.5686,0.5824
389,0.5734,0.5744,0.5792,0.5883,0.5835,0.5897,0.5686,0.5921,0.5921,0.5835,0.5921,0.5686,0.5825
390,0.5734,0.5744,0.5792,0.5921,0.5835,0.5897,0.5686,0.5921,0.5921,0.5835,0.5921,0.5686,0.5829
391,0.5739,0.5744,0.5792,0.5921,0.5835,0.5897,0.5686,0.5921,0.5921,0.5835,0.5921,0.5686,0.5829
392,0.5739,0.5744,0.5792,0.5921,0.5835,0.5897,0.5686,0.5921,0.5921,0.5835,0.5921,0.5686,0.5829
393,0.5739,0.5744,0.5792,0.5921,0.5835,0.5897,0.5686,0.5921,0.5921,0.5835,0.5921,0.5686,0.5829
394,0.5739,0.5744,0.5792,0.5921,0.5835,0.5897,0.5686,0.5921,0.5921,0.5835,0.5921,0.5686,0.5829
395,0.5739,0.5744,0.5792,0.5921,0.5835,0.5897,0.5686,0.5921,0.5921,0.5835,0.5921,0.5686,0.5829
396,0.5739,0.5744,0.5792,0.5921,0.5835,0.5897,0.5686,0.5921,0.5921,0.5835,0.5921,0.5686,0.5829
397,0.5739,0.5744,0.5792,0.5921,0.5835,0.5897,0.5686,0.5921,0.5921,0.5835,0.5921,0.5686,0.5829
398,0.5739,0.5744,0.5792,0.5921,0.5835,0.5897,0.5686,0.5921,0.5921,0.5835,0.5921,0.5686,0.5829
399,0.5753,0.5744,0.5792,0.5921,0.5835,0.5897,0.5686,0.5921,0.5921,0.5849,0.5921,0.5686,0.5832
400,0.5753,0.5744,0.5792,0.5921,0.5835,0.5897,0.5686,0.5921,0.5921,0.5849,0.5921,0.5686,0.5832
401,0.5753,0.5744,0.5792,0.5921,0.5835,0.5897,0.5686,0.5921,0.5921,0.5849,0.5921,0.5686,0.5832
402,0.5753,0.5744,0.5797,0.5921,0.5835,0.5897,0.5686,0.5921,0.5921,0.5849,0.5921,0.5686,0.5832
403,0.5753,0.5744,0.5797,0.5921,0.5835,0.5897,0.5686,0.5921,0.5921,0.5849,0.5921,0.5686,0.5832
404,0.5753,0.5744,0.5797,0.5921,0.5835,0.5897,0.5686,0.5921,0.5921,0.5849,0.5921,0.5686,0.5832
405,0.5753,0.5787,0.5797,0.5921,0.5835,0.5897,0.5686,0.5921,0.5921,0.5849,0.5921,0.5686,0.5837
406,0.5753,0.5787,0.5816,0.5921,0.5835,0.5912,0.5686,0.5921,0.5921,0.5849,0.5921,0.5686,0.584
407,0.5753,0.5787,0.5816,0.5921,0.5835,0.5912,0.5686,0.5921,0.5921,0.5849,0.5921,0.5686,0.584
408,0.5753,0.5787,0.5816,0.5921,0.5835,0.5912,0.5686,0.5921,0.5921,0.5849,0.5921,0.5686,0.584
409,0.5753,0.5787,0.5816,0.5921,0.5835,0.5912,0.5686,0.5921,0.5921,0.5849,0.5921,0.5686,0.584
410,0.5753,0.5787,0.5816,0.5921,0.5835,0.5912,0.5686,0.5921,0.5921,0.5849,0.5921,0.5686,0.584
411,0.5753,0.5787,0.5816,0.5921,0.5835,0.5912,0.5686,0.5921,0.5921,0.5849,0.5921,0.5686,0.584
412,0.5768,0.5787,0.5816,0.5921,0.5835,0.5912,0.5686,0.5921,0.5921,0.5849,0.5921,0.5686,0.5842
413,0.5768,0.5787,0.5816,0.5921,0.5835,0.5912,0.5691,0.5921,0.5921,0.5849,0.5921,0.5691,0.5842
414,0.5768,0.5787,0.5816,0.5921,0.5835,0.5912,0.5691,0.5921,0.5921,0.5849,0.5921,0.5691,0.5842
415,0.5768,0.5787,0.5816,0.5921,0.5835,0.5912,0.5691,0.5921,0.5921,0.5849,0.5921,0.5691,0.5842
416,0.5768,0.5787,0.5816,0.5931,0.5835,0.5912,0.5691,0.5921,0.5921,0.5849,0.5931,0.5691,0.5843
417,0.5768,0.5787,0.5816,0.5931,0.5835,0.5912,0.5691,0.5921,0.5974,0.5849,0.5974,0.5691,0.5848
418,0.5768,0.5787,0.5816,0.5931,0.5835,0.5912,0.5691,0.5921,0.5974,0.5849,0.5974,0.5691,0.5848
419,0.5768,0.5787,0.583,0.5931,0.5835,0.5912,0.5691,0.5921,0.5974,0.5849,0.5974,0.5691,0.585
420,0.5768,0.5787,0.583,0.5931,0.5835,0.5912,0.5691,0.5921,0.5974,0.5849,0.5974,0.5691,0.585
421,0.5768,0.5787,0.583,0.5931,0.5835,0.5912,0.5691,0.5921,0.5974,0.5849,0.5974,0.5691,0.585
422,0.5768,0.5787,0.583,0.5931,0.5835,0.5912,0.5691,0.5921,0.5974,0.5849,0.5974,0.5691,0.585
423,0.5768,0.5787,0.583,0.5931,0.5835,0.5912,0.5691,0.5921,0.5974,0.5849,0.5974,0.5691,0.585
424,0.5768,0.5787,0.583,0.5931,0.5835,0.5912,0.5691,0.5921,0.5974,0.5849,0.5974,0.5691,0.585
425,0.5768,0.5787,0.583,0.5931,0.5835,0.5912,0.5691,0.5921,0.5974,0.5849,0.5974,0.5691,0.585
426,0.5768,0.5787,0.583,0.5931,0.5835,0.5912,0.5691,0.5936,0.5974,0.5849,0.5974,0.5691,0.5851
427,0.5768,0.5821,0.583,0.5931,0.5835,0.5912,0.5691,0.5936,0.5974,0.5849,0.5974,0.5691,0.5855
428,0.5768,0.5821,0.5835,0.5931,0.5835,0.5912,0.5691,0.5936,0.5974,0.5849,0.5974,0.5691,0.5855
429,0.5768,0.5821,0.5835,0.5931,0.5835,0.5912,0.5691,0.5936,0.5974,0.5849,0.5974,0.5691,0.5855
430,0.5768,0.5821,0.5835,0.5931,0.5835,0.5912,0.5691,0.5936,0.5974,0.5849,0.5974,0.5691,0.5855
431,0.5768,0.5825,0.5835,0.5931,0.5835,0.5912,0.5691,0.5936,0.5974,0.5849,0.5974,0.5691,0.5856
432,0.5768,0.5825,0.5835,0.5931,0.5835,0.5912,0.5691,0.5936,0.5974,0.5849,0.5974,0.5691,0.5856
433,0.5768,0.5849,0.5835,0.5931,0.5835,0.5912,0.5691,0.5969,0.5974,0.5849,0.5974,0.5691,0.5861
434,0.5768,0.5849,0.5835,0.5931,0.5835,0.5912,0.5691,0.5969,0.5974,0.5849,0.5974,0.5691,0.5861
435,0.5768,0.5849,0.5835,0.5931,0.5835,0.5912,0.5691,0.5969,0.5974,0.5849,0.5974,0.5691,0.5861
436,0.5768,0.5849,0.5835,0.5931,0.5835,0.5912,0.5691,0.5969,0.5974,0.5849,0.5974,0.5691,0.5861
437,0.5768,0.5849,0.5835,0.5931,0.5835,0.5912,0.5691,0.5979,0.5974,0.5849,0.5979,0.5691,0.5862
438,0.5768,0.5849,0.5835,0.5931,0.5835,0.5912,0.5691,0.5979,0.5974,0.5849,0.5979,0.5691,0.5862
439,0.5768,0.5849,0.5835,0.5931,0.5835,0.5912,0.5691,0.5979,0.5974,0.5849,0.5979,0.5691,0.5862
440,0.5768,0.5849,0.5845,0.5931,0.5835,0.5912,0.5691,0.5979,0.5974,0.5849,0.5979,0.5691,0.5863
441,0.5768,0.5849,0.5845,0.5931,0.5835,0.5912,0.5691,0.5979,0.5974,0.5849,0.5979,0.5691,0.5863
442,0.5768,0.5849,0.5845,0.5931,0.5835,0.5912,0.5691,0.5979,0.5974,0.5849,0.5979,0.5691,0.5863
443,0.5768,0.5849,0.5845,0.5931,0.5835,0.5912,0.5691,0.5979,0.5998,0.5849,0.5998,0.5691,0.5866
444,0.5768,0.5849,0.5845,0.5931,0.5835,0.5912,0.5691,0.5979,0.5998,0.5849,0.5998,0.5691,0.5866
445,0.5768,0.5849,0.5845,0.5931,0.5835,0.5912,0.5758,0.5979,0.5998,0.5849,0.5998,0.5758,0.5872
446,0.5768,0.5849,0.5845,0.5931,0.5835,0.5912,0.5758,0.5979,0.5998,0.5849,0.5998,0.5758,0.5872
447,0.5768,0.5849,0.5845,0.5931,0.5835,0.5912,0.5758,0.5979,0.5998,0.5849,0.5998,0.5758,0.5872
448,0.5768,0.5849,0.5845,0.5931,0.5835,0.5926,0.5758,0.5979,0.5998,0.5849,0.5998,0.5758,0.5874
449,0.5768,0.5849,0.5845,0.5945,0.5835,0.5926,0.5758,0.5993,0.5998,0.5849,0.5998,0.5758,0.5877
450,0.5768,0.5849,0.5845,0.5945,0.5835,0.5931,0.5758,0.5993,0.5998,0.5849,0.5998,0.5758,0.5877
451,0.5768,0.5849,0.5845,0.5945,0.5835,0.5931,0.5758,0.5993,0.5998,0.5849,0.5998,0.5758,0.5877
452,0.5768,0.5849,0.5878,0.5945,0.5835,0.5931,0.5758,0.5993,0.5998,0.5849,0.5998,0.5758,0.588
453,0.5768,0.5849,0.5878,0.5945,0.5835,0.5931,0.5758,0.5993,0.5998,0.5849,0.5998,0.5758,0.588
454,0.5768,0.5849,0.5878,0.5945,0.5835,0.5931,0.5758,0.5993,0.5998,0.5849,0.5998,0.5758,0.588
455,0.5768,0.5849,0.5878,0.5945,0.5835,0.5931,0.5758,0.5993,0.5998,0.5849,0.5998,0.5758,0.588
456,0.5768,0.5849,0.5878,0.5945,0.5835,0.5931,0.5758,0.5993,0.5998,0.5849,0.5998,0.5758,0.588
457,0.5768,0.5849,0.5878,0.5945,0.5835,0.5931,0.5758,0.5993,0.5998,0.5849,0.5998,0.5758,0.588
458,0.5768,0.5849,0.5878,0.5945,0.5835,0.5931,0.5758,0.5993,0.5998,0.5849,0.5998,0.5758,0.588
459,0.5768,0.5849,0.5878,0.5945,0.5835,0.5931,0.5758,0.5993,0.5998,0.5849,0.5998,0.5758,0.588
460,0.5768,0.5849,0.5878,0.5945,0.5835,0.5931,0.5758,0.5993,0.5998,0.5849,0.5998,0.5758,0.588
461,0.5768,0.5849,0.5878,0.5945,0.5835,0.5974,0.5758,0.5993,0.5998,0.5849,0.5998,0.5758,0.5885
462,0.5768,0.5849,0.5878,0.5945,0.5835,0.5974,0.5758,0.5993,0.5998,0.5849,0.5998,0.5758,0.5885
463,0.5768,0.5849,0.5878,0.5945,0.5835,0.5974,0.5758,0.5993,0.5998,0.5849,0.5998,0.5758,0.5885
464,0.5768,0.5849,0.5878,0.5945,0.5835,0.5974,0.5758,0.5993,0.5998,0.5849,0.5998,0.5758,0.5885
465,0.5768,0.5849,0.5878,0.5945,0.5835,0.5974,0.5758,0.5993,0.5998,0.5849,0.5998,0.5758,0.5885
466,0.5768,0.5849,0.5878,0.5945,0.5835,0.5974,0.5758,0.5993,0.5998,0.5849,0.5998,0.5758,0.5885
467,0.5768,0.5849,0.5878,0.5945,0.5835,0.5974,0.5758,0.5993,0.5998,0.5849,0.5998,0.5758,0.5885
468,0.5768,0.5849,0.5878,0.5945,0.5835,0.5974,0.5758,0.5993,0.5998,0.5849,0.5998,0.5758,0.5885
469,0.5768,0.5849,0.5878,0.5945,0.5835,0.5974,0.5758,0.5993,0.5998,0.5849,0.5998,0.5758,0.5885
470,0.5768,0.5849,0.5878,0.5945,0.5835,0.5974,0.5758,0.5993,0.5998,0.5849,0.5998,0.5758,0.5885
471,0.5768,0.5849,0.5878,0.5945,0.5835,0.5974,0.5758,0.5993,0.5998,0.5849,0.5998,0.5758,0.5885
472,0.5768,0.5849,0.5878,0.5945,0.5849,0.5974,0.5758,0.5993,0.5998,0.5849,0.5998,0.5758,0.5886
473,0.5768,0.5849,0.5878,0.5945,0.5849,0.5974,0.5758,0.5993,0.5998,0.5849,0.5998,0.5758,0.5886
474,0.5768,0.5849,0.5878,0.5945,0.5849,0.5974,0.5773,0.5993,0.5998,0.5849,0.5998,0.5768,0.5888
475,0.5768,0.5849,0.5878,0.5945,0.5849,0.5974,0.5773,0.5993,0.5998,0.5849,0.5998,0.5768,0.5888
476,0.5768,0.5849,0.5878,0.5945,0.5849,0.5974,0.5773,0.5993,0.5998,0.5849,0.5998,0.5768,0.5888
477,0.5768,0.5849,0.5878,0.5945,0.5849,0.5974,0.5773,0.5993,0.5998,0.5859,0.5998,0.5768,0.5889
478,0.5768,0.5849,0.5878,0.5945,0.5849,0.5974,0.5773,0.5993,0.5998,0.5859,0.5998,0.5768,0.5889
479,0.5768,0.5849,0.5917,0.5945,0.5849,0.5974,0.5773,0.6041,0.5998,0.5859,0.6041,0.5768,0.5897
480,0.5768,0.5849,0.5917,0.5945,0.5849,0.5974,0.5773,0.6041,0.5998,0.5859,0.6041,0.5768,0.5897
481,0.5768,0.5849,0.5917,0.5945,0.5849,0.5974,0.5773,0.6041,0.5998,0.5859,0.6041,0.5768,0.5897
482,0.5768,0.5849,0.5917,0.5945,0.5849,0.5974,0.5773,0.6041,0.5998,0.5859,0.6041,0.5768,0.5897
483,0.5768,0.5849,0.5917,0.5945,0.5849,0.5974,0.5773,0.6041,0.5998,0.5859,0.6041,0.5768,0.5897
484,0.5768,0.5849,0.5917,0.5945,0.5849,0.5974,0.5801,0.6041,0.5998,0.5859,0.6041,0.5768,0.59
485,0.5768,0.5849,0.5917,0.5945,0.5849,0.5974,0.5801,0.6041,0.5998,0.5859,0.6041,0.5768,0.59
486,0.5768,0.5849,0.5917,0.5945,0.5849,0.5974,0.5801,0.6041,0.5998,0.5859,0.6041,0.5768,0.59
487,0.5768,0.5849,0.5917,0.5945,0.5849,0.5974,0.5801,0.6041,0.5998,0.5859,0.6041,0.5768,0.59
488,0.5768,0.5854,0.5917,0.5945,0.5849,0.5974,0.5801,0.6041,0.5998,0.5859,0.6041,0.5768,0.5901
489,0.5768,0.5854,0.5917,0.5945,0.5849,0.5974,0.5801,0.6041,0.5998,0.5859,0.6041,0.5768,0.5901
490,0.5768,0.5854,0.5917,0.5945,0.5849,0.5974,0.5801,0.6041,0.5998,0.5859,0.6041,0.5768,0.5901
491,0.5768,0.5854,0.5917,0.5945,0.5849,0.5974,0.5801,0.6041,0.5998,0.5859,0.6041,0.5768,0.5901
492,0.5768,0.5854,0.5917,0.5945,0.5849,0.5974,0.5801,0.6041,0.5998,0.5859,0.6041,0.5768,0.5901
493,0.5768,0.5854,0.5917,0.5945,0.5849,0.5974,0.5801,0.6041,0.5998,0.5859,0.6041,0.5768,0.5901
494,0.5768,0.5854,0.5917,0.5945,0.5849,0.5974,0.5801,0.6041,0.5998,0.5859,0.6041,0.5768,0.5901
495,0.5768,0.5854,0.5917,0.5945,0.5849,0.5974,0.5801,0.6041,0.5998,0.5859,0.6041,0.5768,0.5901
496,0.5768,0.5854,0.5917,0.5945,0.5849,0.5974,0.5801,0.6041,0.5998,0.5859,0.6041,0.5768,0.5901
497,0.5768,0.5854,0.5917,0.5945,0.5849,0.5974,0.5816,0.6041,0.6027,0.5859,0.6041,0.5768,0.5905
498,0.5768,0.5854,0.5917,0.5945,0.5849,0.5974,0.5816,0.6041,0.6027,0.5859,0.6041,0.5768,0.5905
499,0.5768,0.5854,0.5917,0.5945,0.5854,0.5974,0.5816,0.6041,0.6027,0.5859,0.6041,0.5768,0.5905
500,0.5768,0.5854,0.5917,0.5945,0.5854,0.5974,0.5816,0.6041,0.6027,0.5859,0.6041,0.5768,0.5905
501,0.5768,0.5854,0.5917,0.5945,0.5854,0.5974,0.5816,0.6041,0.6027,0.5859,0.6041,0.5768,0.5905
502,0.5768,0.5854,0.5917,0.5945,0.5854,0.5974,0.5816,0.6041,0.6027,0.5859,0.6041,0.5768,0.5905
503,0.5768,0.5854,0.5917,0.5945,0.5854,0.5974,0.5816,0.6041,0.6027,0.5859,0.6041,0.5768,0.5905
504,0.5768,0.5854,0.5917,0.5945,0.5854,0.5974,0.5816,0.6041,0.6027,0.5859,0.6041,0.5768,0.5905
505,0.5768,0.5854,0.5917,0.5945,0.5854,0.5974,0.5816,0.6041,0.6027,0.5859,0.6041,0.5768,0.5905
506,0.5768,0.5854,0.5917,0.5945,0.5854,0.5974,0.5816,0.6041,0.6027,0.5859,0.6041,0.5768,0.5905
507,0.5768,0.5854,0.5917,0.5945,0.5854,0.5974,0.5816,0.6041,0.6027,0.5859,0.6041,0.5768,0.5905
508,0.5768,0.5854,0.5921,0.5945,0.5854,0.5974,0.5821,0.6041,0.6027,0.5859,0.6041,0.5768,0.5906
509,0.5768,0.5854,0.5921,0.5945,0.5854,0.5988,0.5821,0.6041,0.6027,0.5859,0.6041,0.5768,0.5908
510,0.5768,0.5854,0.5921,0.5945,0.5854,0.5988,0.5821,0.6041,0.6027,0.5859,0.6041,0.5768,0.5908
511,0.5768,0.5854,0.5921,0.5945,0.5854,0.5988,0.5821,0.6041,0.6027,0.5859,0.6041,0.5768,0.5908
512,0.5768,0.5854,0.5921,0.5945,0.5854,0.5988,0.5821,0.6041,0.6027,0.5859,0.6041,0.5768,0.5908
513,0.5768,0.5854,0.5921,0.5945,0.5854,0.5988,0.5821,0.6041,0.6027,0.5859,0.6041,0.5768,0.5908
514,0.5768,0.5854,0.5921,0.5945,0.5854,0.5988,0.5821,0.6041,0.6027,0.5859,0.6041,0.5768,0.5908
515,0.5768,0.5854,0.5921,0.5945,0.5854,0.5988,0.5821,0.6041,0.6065,0.5864,0.6065,0.5768,0.5912
516,0.5768,0.5854,0.5921,0.5945,0.5854,0.5988,0.5821,0.6041,0.6065,0.5864,0.6065,0.5768,0.5912
517,0.5768,0.5854,0.5921,0.5945,0.5854,0.5988,0.5821,0.6041,0.6065,0.5864,0.6065,0.5768,0.5912
518,0.5768,0.5854,0.5921,0.5945,0.5854,0.5988,0.5821,0.6041,0.6065,0.5864,0.6065,0.5768,0.5912
519,0.5768,0.5854,0.5921,0.5945,0.5854,0.5988,0.5821,0.6046,0.6065,0.5864,0.6065,0.5768,0.5913
520,0.5768,0.5854,0.5921,0.5945,0.5854,0.5988,0.5821,0.6046,0.6065,0.5864,0.6065,0.5768,0.5913
521,0.5768,0.5854,0.5926,0.5945,0.5854,0.5988,0.5821,0.6046,0.607,0.5864,0.607,0.5768,0.5914
522,0.5768,0.5854,0.5926,0.5945,0.5854,0.5988,0.5821,0.6046,0.607,0.5864,0.607,0.5768,0.5914
523,0.5768,0.5854,0.5926,0.5945,0.5854,0.5988,0.5821,0.6046,0.6075,0.5864,0.6075,0.5768,0.5914
524,0.5768,0.5854,0.5926,0.5945,0.5854,0.5988,0.5821,0.6046,0.6075,0.5864,0.6075,0.5768,0.5914
525,0.5768,0.5854,0.5926,0.5993,0.5854,0.5988,0.5821,0.6046,0.6075,0.5864,0.6075,0.5768,0.5919
526,0.5768,0.5878,0.5926,0.5993,0.5854,0.5988,0.5821,0.6046,0.6075,0.5864,0.6075,0.5768,0.5921
527,0.5768,0.5878,0.5926,0.5993,0.5854,0.5988,0.5821,0.6046,0.6075,0.5864,0.6075,0.5768,0.5921
528,0.5768,0.5878,0.5926,0.5993,0.5854,0.6003,0.5821,0.6046,0.6075,0.5864,0.6075,0.5768,0.5923
529,0.5768,0.5878,0.5926,0.5993,0.5854,0.6003,0.5821,0.6046,0.6075,0.5864,0.6075,0.5768,0.5923
530,0.5768,0.5878,0.5926,0.5993,0.5854,0.6003,0.5821,0.6046,0.6075,0.5864,0.6075,0.5768,0.5923
531,0.5768,0.5878,0.5926,0.5993,0.5854,0.6003,0.5821,0.6046,0.6075,0.5864,0.6075,0.5768,0.5923
532,0.5768,0.5878,0.5926,0.5993,0.5854,0.6003,0.5821,0.6046,0.6075,0.5864,0.6075,0.5768,0.5923
533,0.5768,0.5878,0.5926,0.5993,0.5854,0.6003,0.5821,0.6046,0.6075,0.5864,0.6075,0.5768,0.5923
534,0.5768,0.5878,0.5926,0.6008,0.5854,0.6003,0.5821,0.6046,0.6075,0.5864,0.6075,0.5768,0.5924
535,0.5768,0.5878,0.5926,0.6008,0.5854,0.6003,0.5821,0.6046,0.6084,0.5864,0.6084,0.5768,0.5925
536,0.5768,0.5878,0.5926,0.6008,0.5854,0.6003,0.5821,0.6046,0.6084,0.5864,0.6084,0.5768,0.5925
537,0.5768,0.5878,0.5926,0.6008,0.5854,0.6003,0.5821,0.6046,0.6084,0.5864,0.6084,0.5768,0.5925
538,0.5768,0.5878,0.5926,0.6008,0.5854,0.6003,0.5821,0.6046,0.6084,0.5864,0.6084,0.5768,0.5925
539,0.5768,0.5878,0.5926,0.6008,0.5854,0.6003,0.5821,0.6046,0.6084,0.5864,0.6084,0.5768,0.5925
540,0.5768,0.5878,0.5926,0.6008,0.5854,0.6003,0.5821,0.6046,0.6084,0.5864,0.6084,0.5768,0.5925
541,0.5768,0.5878,0.5926,0.6008,0.5854,0.6003,0.5821,0.6046,0.6084,0.5864,0.6084,0.5768,0.5925
542,0.5768,0.5878,0.5926,0.6008,0.5854,0.6003,0.5821,0.6046,0.6084,0.5864,0.6084,0.5768,0.5925
543,0.5768,0.5878,0.5926,0.6008,0.5854,0.6003,0.5821,0.6046,0.6084,0.5864,0.6084,0.5768,0.5925
544,0.5768,0.5878,0.5926,0.6008,0.5854,0.6075,0.5821,0.6046,0.6084,0.5864,0.6084,0.5768,0.5932
545,0.5768,0.5878,0.5926,0.6008,0.5854,0.6075,0.5821,0.6046,0.6084,0.5864,0.6084,0.5768,0.5932
546,0.5768,0.5878,0.5926,0.6008,0.5854,0.6075,0.5821,0.6046,0.6084,0.5864,0.6084,0.5768,0.5932
547,0.5768,0.5878,0.5926,0.6008,0.5854,0.6075,0.5821,0.6046,0.6084,0.5864,0.6084,0.5768,0.5932
548,0.5768,0.5878,0.5926,0.6008,0.5854,0.608,0.5821,0.6046,0.6084,0.5864,0.6084,0.5768,0.5933
549,0.5768,0.5878,0.5926,0.6008,0.5854,0.608,0.5821,0.6046,0.6084,0.5864,0.6084,0.5768,0.5933
550,0.5768,0.5878,0.5926,0.6008,0.5854,0.608,0.5821,0.6046,0.6084,0.5864,0.6084,0.5768,0.5933
551,0.5768,0.5878,0.5926,0.6008,0.5854,0.608,0.5835,0.6046,0.6084,0.5864,0.6084,0.5768,0.5934
552,0.5768,0.5878,0.5926,0.6008,0.5854,0.608,0.5835,0.6046,0.6084,0.5864,0.6084,0.5768,0.5934
553,0.5768,0.5878,0.5926,0.6036,0.5854,0.608,0.5835,0.6046,0.6084,0.5864,0.6084,0.5768,0.5937
554,0.5768,0.5878,0.5926,0.6036,0.5854,0.608,0.5835,0.6046,0.6084,0.5864,0.6084,0.5768,0.5937
555,0.5768,0.5878,0.5926,0.6036,0.5854,0.608,0.5835,0.6051,0.6084,0.5864,0.6084,0.5768,0.5938
556,0.5768,0.5878,0.5926,0.6036,0.5854,0.608,0.5835,0.6051,0.6084,0.5864,0.6084,0.5768,0.5938
557,0.5768,0.5878,0.5926,0.6036,0.5854,0.6113,0.5835,0.6051,0.6084,0.5864,0.6113,0.5768,0.5941
558,0.5768,0.5931,0.5926,0.6036,0.5854,0.6113,0.5835,0.6051,0.6084,0.5864,0.6113,0.5768,0.5946
559,0.5768,0.5931,0.5926,0.6036,0.5854,0.6113,0.5835,0.6051,0.6084,0.5864,0.6113,0.5768,0.5946
560,0.5768,0.5931,0.5926,0.6036,0.5854,0.6113,0.5835,0.6051,0.6084,0.5864,0.6113,0.5768,0.5946
561,0.5768,0.5931,0.5926,0.6036,0.5854,0.6113,0.5835,0.6051,0.6084,0.5883,0.6113,0.5768,0.5948
562,0.5768,0.5931,0.5926,0.6036,0.5854,0.6113,0.5835,0.6051,0.6084,0.5883,0.6113,0.5768,0.5948
563,0.5768,0.5931,0.5931,0.6036,0.5854,0.6113,0.5835,0.6051,0.6084,0.5883,0.6113,0.5768,0.5949
564,0.5768,0.5931,0.5931,0.6036,0.5897,0.6113,0.5835,0.6051,0.6084,0.5883,0.6113,0.5768,0.5953
565,0.5768,0.5931,0.5931,0.6036,0.5897,0.6113,0.5849,0.6051,0.6084,0.5883,0.6113,0.5768,0.5954
566,0.5768,0.5931,0.5931,0.6036,0.5897,0.6113,0.5849,0.6051,0.6084,0.5883,0.6113,0.5768,0.5954
567,0.5768,0.5931,0.5931,0.6036,0.5897,0.6113,0.5854,0.6051,0.6084,0.5883,0.6113,0.5768,0.5955
568,0.5768,0.5931,0.5931,0.6036,0.5897,0.6113,0.5854,0.6051,0.6084,0.5883,0.6113,0.5768,0.5955
569,0.5768,0.5931,0.5931,0.6036,0.5897,0.6113,0.5854,0.6051,0.6084,0.5888,0.6113,0.5768,0.5955
570,0.5768,0.5931,0.5931,0.6036,0.5897,0.6113,0.5854,0.6051,0.6084,0.5888,0.6113,0.5768,0.5955
571,0.5768,0.5931,0.5931,0.6036,0.5897,0.6113,0.5854,0.6051,0.6084,0.5888,0.6113,0.5768,0.5955
572,0.5768,0.5931,0.5931,0.6036,0.5897,0.6113,0.5854,0.6051,0.6084,0.5888,0.6113,0.5768,0.5955
573,0.5768,0.5931,0.5931,0.6036,0.5897,0.6113,0.5854,0.6051,0.6084,0.5888,0.6113,0.5768,0.5955
574,0.5768,0.5931,0.5931,0.6036,0.5897,0.6113,0.5854,0.6051,0.6084,0.5888,0.6113,0.5768,0.5955
575,0.5768,0.5931,0.5931,0.6036,0.5897,0.6113,0.5854,0.6051,0.6084,0.5888,0.6113,0.5768,0.5955
576,0.5768,0.5931,0.5931,0.6036,0.5897,0.6113,0.5854,0.6051,0.6084,0.5888,0.6113,0.5768,0.5955
577,0.5768,0.5931,0.5931,0.6036,0.5897,0.6113,0.5854,0.6051,0.6089,0.5888,0.6113,0.5768,0.5956
578,0.5768,0.5931,0.5931,0.6036,0.5897,0.6113,0.5854,0.6051,0.6089,0.5888,0.6113,0.5768,0.5956
579,0.5816,0.5931,0.5931,0.6036,0.5897,0.6113,0.5854,0.6051,0.6089,0.5888,0.6113,0.5816,0.5961
580,0.5816,0.5931,0.5931,0.6036,0.5897,0.6113,0.5854,0.6051,0.6089,0.5888,0.6113,0.5816,0.5961
581,0.5816,0.5931,0.5931,0.6036,0.5897,0.6113,0.5854,0.6051,0.6089,0.5888,0.6113,0.5816,0.5961
582,0.5821,0.5931,0.5931,0.6036,0.5897,0.6113,0.5854,0.6051,0.6089,0.5888,0.6113,0.5821,0.5961
583,0.5821,0.5931,0.5931,0.6036,0.5897,0.6113,0.5854,0.6051,0.6089,0.5888,0.6113,0.5821,0.5961
584,0.5821,0.5931,0.5931,0.6036,0.5897,0.6113,0.5854,0.6051,0.6089,0.5888,0.6113,0.5821,0.5961
585,0.5821,0.5936,0.5931,0.6036,0.5897,0.6113,0.5854,0.6051,0.6089,0.5888,0.6113,0.5821,0.5962
586,0.5821,0.5936,0.5931,0.6036,0.5897,0.6113,0.5854,0.6051,0.6089,0.5888,0.6113,0.5821,0.5962
587,0.5821,0.5936,0.5931,0.6036,0.5897,0.6113,0.5854,0.6051,0.6089,0.5888,0.6113,0.5821,0.5962
588,0.5821,0.5936,0.5931,0.6036,0.5897,0.6113,0.5854,0.6056,0.6089,0.5888,0.6113,0.5821,0.5962
589,0.5821,0.5936,0.5931,0.6036,0.5897,0.6113,0.5854,0.6056,0.6089,0.5888,0.6113,0.5821,0.5962
590,0.5821,0.5945,0.5931,0.6036,0.5897,0.6113,0.5854,0.6056,0.6089,0.5888,0.6113,0.5821,0.5963
591,0.5821,0.5945,0.5931,0.6036,0.5897,0.6113,0.5854,0.6056,0.6089,0.5888,0.6113,0.5821,0.5963
592,0.5821,0.5945,0.5931,0.6036,0.5897,0.6113,0.5854,0.6056,0.6094,0.5888,0.6113,0.5821,0.5963
593,0.5821,0.5945,0.5931,0.6036,0.5897,0.6113,0.5854,0.6056,0.6094,0.5888,0.6113,0.5821,0.5963
594,0.5821,0.5945,0.5931,0.6036,0.5897,0.6113,0.5854,0.6056,0.6094,0.5888,0.6113,0.5821,0.5963
595,0.5821,0.5945,0.5931,0.6036,0.5897,0.6113,0.5854,0.6056,0.6094,0.5888,0.6113,0.5821,0.5963
596,0.5821,0.5945,0.5931,0.6036,0.5897,0.6113,0.5854,0.6056,0.6094,0.5888,0.6113,0.5821,0.5963
597,0.5821,0.5945,0.5931,0.6036,0.5897,0.6113,0.5854,0.6056,0.6094,0.5888,0.6113,0.5821,0.5963
598,0.5821,0.5945,0.5931,0.6036,0.5897,0.6113,0.5854,0.6056,0.6094,0.5888,0.6113,0.5821,0.5963
599,0.5821,0.596,0.5931,0.6036,0.5897,0.6113,0.5854,0.6056,0.6094,0.5888,0.6113,0.5821,0.5965
600,0.5821,0.596,0.5931,0.6036,0.5931,0.6113,0.5854,0.6056,0.6094,0.5888,0.6113,0.5821,0.5968
601,0.5821,0.596,0.5931,0.6036,0.5931,0.6113,0.5854,0.6056,0.6094,0.5893,0.6113,0.5821,0.5969
602,0.5821,0.596,0.5931,0.6036,0.5931,0.6113,0.5854,0.6056,0.6094,0.5893,0.6113,0.5821,0.5969
603,0.5821,0.596,0.5931,0.6036,0.5931,0.6113,0.5854,0.6056,0.6094,0.5893,0.6113,0.5821,0.5969
604,0.5821,0.596,0.5931,0.6036,0.5931,0.6113,0.5854,0.6056,0.6094,0.5893,0.6113,0.5821,0.5969
1204,0.5964,0.6401,0.6425,0.6176,0.6147,0.6934,0.6536,0.6382,0.6382,0.6176,0.6934,0.5964,0.6352
1804,0.6694,0.6761,0.6972,0.6204,0.6296,0.7097,0.7001,0.667,0.6694,0.6296,0.7097,0.6204,0.6668
2404,0.6934,0.7198,0.7116,0.6224,0.6444,0.7534,0.7294,0.7385,0.7337,0.6847,0.7534,0.6224,0.7031
3004,0.6991,0.7457,0.7687,0.6243,0.6583,0.7855,0.7414,0.7644,0.797,0.6982,0.797,0.6243,0.7283
3604,0.7155,0.7922,0.8023,0.6377,0.7246,0.8172,0.7999,0.7869,0.8061,0.7534,0.8172,0.6377,0.7636
4204,0.7462,0.8076,0.8081,0.6555,0.7375,0.8378,0.8047,0.8013,0.8114,0.7989,0.8378,0.6555,0.7809
4804,0.7745,0.8191,0.8105,0.6607,0.7529,0.8402,0.8081,0.81,0.8215,0.8114,0.8402,0.6607,0.7909
5404,0.7965,0.8215,0.8205,0.6934,0.7884,0.8484,0.8109,0.8119,0.844,0.8282,0.8484,0.6934,0.8064
6004,0.8037,0.8369,0.8277,0.6958,0.8057,0.8484,0.8153,0.8201,0.8493,0.8388,0.8493,0.6958,0.8142
6604,0.8105,0.8431,0.834,0.7044,0.8148,0.8484,0.833,0.8249,0.8493,0.8503,0.8503,0.7044,0.8213
7204,0.8191,0.8455,0.8397,0.7102,0.8172,0.8503,0.8397,0.8306,0.8493,0.8512,0.8512,0.7102,0.8253
7804,0.8393,0.8541,0.8397,0.714,0.8229,0.8517,0.8417,0.8364,0.8575,0.8599,0.8599,0.714,0.8317
8404,0.8407,0.8613,0.8412,0.7514,0.8244,0.857,0.8417,0.8364,0.8623,0.8608,0.8623,0.7514,0.8377
9004,0.8407,0.8613,0.8503,0.7514,0.8349,0.857,0.8417,0.8383,0.8632,0.8613,0.8632,0.7514,0.84
9604,0.8407,0.8613,0.8546,0.7572,0.8359,0.857,0.844,0.8383,0.8656,0.8632,0.8656,0.7572,0.8418
10204,0.8407,0.8613,0.8546,0.7634,0.8359,0.858,0.845,0.8417,0.8656,0.8632,0.8656,0.7634,0.8429
10804,0.8421,0.8613,0.856,0.7634,0.8407,0.8642,0.8488,0.8417,0.8709,0.8637,0.8709,0.7634,0.8453
11404,0.8436,0.8623,0.856,0.7658,0.8407,0.8642,0.8488,0.8594,0.8709,0.8637,0.8709,0.7658,0.8475
12004,0.844,0.8623,0.856,0.7682,0.8407,0.8642,0.8488,0.8618,0.8709,0.8637,0.8709,0.7682,0.8481
12604,0.845,0.8623,0.8613,0.7721,0.846,0.8642,0.8488,0.8772,0.8709,0.8652,0.8772,0.7721,0.8513
13204,0.845,0.8623,0.8613,0.7826,0.846,0.8676,0.8488,0.8786,0.8709,0.8652,0.8786,0.7826,0.8528
13804,0.845,0.8623,0.8613,0.785,0.846,0.8676,0.8488,0.8786,0.8709,0.8685,0.8786,0.785,0.8534
14404,0.845,0.8623,0.8656,0.785,0.846,0.8676,0.8488,0.88,0.8709,0.8685,0.88,0.785,0.854
15004,0.845,0.8623,0.8656,0.7865,0.8469,0.8676,0.8488,0.88,0.8762,0.8848,0.8848,0.7865,0.8564
15604,0.8517,0.8623,0.882,0.7975,0.8469,0.8676,0.8498,0.88,0.8762,0.8848,0.8848,0.7975,0.8599
16204,0.8517,0.8623,0.882,0.8033,0.8469,0.8676,0.8546,0.8824,0.8762,0.8848,0.8848,0.8033,0.8612
16804,0.8517,0.8656,0.8872,0.8081,0.8512,0.8685,0.858,0.8824,0.8772,0.8848,0.8872,0.8081,0.8635
17404,0.8517,0.8656,0.8872,0.8081,0.8527,0.8848,0.858,0.8824,0.8772,0.8848,0.8872,0.8081,0.8652
17405,0.8517,0.8656,0.8872,0.8081,0.8527,0.8848,0.858,0.8824,0.8772,0.8848,0.8872,0.8081,0.8652
18004,0.8517,0.8656,0.8872,0.8095,0.8527,0.8848,0.858,0.8824,0.8772,0.8848,0.8872,0.8095,0.8654
18005,0.8517,0.8656,0.8872,0.8095,0.8527,0.8848,0.858,0.8824,0.8772,0.8848,0.8872,0.8095,0.8654
18604,0.8517,0.8656,0.8872,0.8095,0.8536,0.8848,0.858,0.8824,0.8772,0.8848,0.8872,0.8095,0.8655
18605,0.8517,0.8656,0.8872,0.8095,0.8536,0.8848,0.858,0.8824,0.8772,0.8848,0.8872,0.8095,0.8655
19204,0.8532,0.8656,0.8872,0.8095,0.8536,0.8848,0.858,0.8824,0.8772,0.8848,0.8872,0.8095,0.8656
19205,0.8532,0.8656,0.8872,0.8095,0.8536,0.8848,0.858,0.8824,0.8772,0.8848,0.8872,0.8095,0.8656
19804,0.8532,0.8656,0.8872,0.8105,0.8536,0.8848,0.858,0.8824,0.8772,0.8848,0.8872,0.8105,0.8657
19805,0.8532,0.8656,0.8872,0.8105,0.8536,0.8848,0.858,0.8824,0.8772,0.8848,0.8872,0.8105,0.8657
20404,0.8575,0.882,0.8882,0.8148,0.8536,0.8848,0.858,0.8824,0.8772,0.8848,0.8882,0.8148,0.8683
20405,0.8575,0.882,0.8882,0.8148,0.8536,0.8848,0.858,0.8824,0.8772,0.8848,0.8882,0.8148,0.8683
21004,0.8575,0.882,0.8882,0.8316,0.8536,0.8848,0.858,0.8824,0.8772,0.8848,0.8882,0.8316,0.87
21005,0.8575,0.882,0.8882,0.8316,0.8536,0.8848,0.8584,0.8824,0.8772,0.8848,0.8882,0.8316,0.87
21604,0.8575,0.882,0.8882,0.8349,0.8536,0.8848,0.8584,0.8824,0.8772,0.8848,0.8882,0.8349,0.8704
21605,0.8575,0.882,0.8882,0.8349,0.8536,0.8848,0.8748,0.8824,0.8772,0.8848,0.8882,0.8349,0.872
22204,0.8575,0.882,0.8882,0.8349,0.8536,0.8848,0.8748,0.8824,0.8772,0.8848,0.8882,0.8349,0.872
22205,0.8575,0.882,0.8882,0.8349,0.8536,0.8848,0.8748,0.8824,0.8772,0.8848,0.8882,0.8349,0.872
22804,0.8584,0.882,0.8882,0.8383,0.8536,0.8848,0.8748,0.8824,0.8772,0.8848,0.8882,0.8383,0.8724
22805,0.8584,0.882,0.8882,0.8383,0.8536,0.8848,0.8748,0.8824,0.8772,0.8848,0.8882,0.8383,0.8724
23404,0.8584,0.882,0.8882,0.8388,0.8536,0.8848,0.8748,0.8824,0.8772,0.8848,0.8882,0.8388,0.8725
23405,0.8584,0.882,0.8882,0.8388,0.8584,0.8848,0.8748,0.8824,0.8772,0.8848,0.8882,0.8388,0.873
24004,0.8632,0.882,0.8882,0.8484,0.8584,0.8848,0.8748,0.8824,0.8772,0.8848,0.8882,0.8484,0.8744
24005,0.8632,0.882,0.8882,0.8484,0.8584,0.8848,0.8776,0.8824,0.8772,0.8848,0.8882,0.8484,0.8747
24604,0.8666,0.882,0.8882,0.8484,0.8584,0.8848,0.8776,0.8824,0.8772,0.8848,0.8882,0.8484,0.875
24605,0.8666,0.882,0.8882,0.8484,0.8584,0.8848,0.8776,0.8824,0.8772,0.8848,0.8882,0.8484,0.875
25204,0.8676,0.882,0.8882,0.8484,0.8584,0.8848,0.8776,0.8839,0.8772,0.8848,0.8882,0.8484,0.8753
25205,0.8676,0.882,0.8882,0.8484,0.8584,0.8848,0.8776,0.8839,0.8772,0.8848,0.8882,0.8484,0.8753
25804,0.8676,0.882,0.8882,0.8527,0.8584,0.8848,0.8776,0.8839,0.8772,0.8848,0.8882,0.8527,0.8757
25805,0.8676,0.882,0.8882,0.8527,0.8584,0.8848,0.8776,0.8839,0.8772,0.8848,0.8882,0.8527,0.8757
26404,0.8676,0.882,0.8882,0.8527,0.8584,0.8848,0.8776,0.8839,0.8772,0.8848,0.8882,0.8527,0.8757
26405,0.8676,0.882,0.8882,0.8541,0.8584,0.8848,0.8776,0.8839,0.8772,0.8848,0.8882,0.8541,0.8759
27004,0.8676,0.882,0.8882,0.8541,0.8584,0.8848,0.8776,0.8839,0.8772,0.8848,0.8882,0.8541,0.8759
27005,0.8676,0.882,0.8882,0.8551,0.8584,0.8848,0.8776,0.8839,0.8772,0.8848,0.8882,0.8551,0.876
27604,0.8676,0.882,0.8882,0.8551,0.8584,0.8848,0.8776,0.8839,0.8772,0.8848,0.8882,0.8551,0.876
27605,0.8863,0.882,0.8882,0.8551,0.8584,0.8848,0.8776,0.8839,0.8772,0.8848,0.8882,0.8551,0.8778
28204,0.8863,0.882,0.8882,0.8551,0.8584,0.8848,0.8776,0.8839,0.8772,0.8848,0.8882,0.8551,0.8778
28205,0.8863,0.882,0.8882,0.8551,0.8584,0.8848,0.8776,0.8839,0.8772,0.8848,0.8882,0.8551,0.8778
28804,0.8863,0.882,0.8882,0.8551,0.8584,0.8848,0.8776,0.8839,0.8772,0.8848,0.8882,0.8551,0.8778
28805,0.8863,0.8829,0.8882,0.8551,0.8584,0.8848,0.8776,0.8839,0.8772,0.8848,0.8882,0.8551,0.8779
29404,0.8863,0.8829,0.8882,0.8551,0.8584,0.8848,0.8776,0.8839,0.8772,0.8848,0.8882,0.8551,0.8779
29405,0.8863,0.8829,0.8882,0.8551,0.8584,0.8872,0.8776,0.8839,0.8772,0.8848,0.8882,0.8551,0.8782
30004,0.8863,0.8829,0.8882,0.8551,0.8584,0.8872,0.8776,0.8839,0.8772,0.8848,0.8882,0.8551,0.8782
30005,0.8863,0.8829,0.8882,0.8551,0.8584,0.8872,0.8776,0.8839,0.8772,0.8848,0.8882,0.8551,0.8782
30604,0.8863,0.8829,0.8882,0.8551,0.8584,0.8872,0.8776,0.8839,0.8772,0.8848,0.8882,0.8551,0.8782
30605,0.8863,0.8829,0.8882,0.8551,0.8584,0.8872,0.8776,0.8839,0.8772,0.8848,0.8882,0.8551,0.8782
31204,0.8863,0.8829,0.8882,0.8551,0.8584,0.8872,0.8776,0.8839,0.8772,0.8848,0.8882,0.8551,0.8782
31205,0.8863,0.8829,0.8882,0.8748,0.8584,0.8872,0.8776,0.8839,0.8772,0.8848,0.8882,0.8584,0.8801
31206,0.8863,0.8829,0.8882,0.8748,0.8584,0.8872,0.8776,0.8839,0.8772,0.8848,0.8882,0.8584,0.8801
31804,0.8863,0.8829,0.8882,0.8748,0.8584,0.8872,0.8776,0.8839,0.8772,0.8848,0.8882,0.8584,0.8801
31805,0.8872,0.8853,0.8882,0.8752,0.8584,0.8872,0.8776,0.8839,0.8772,0.8848,0.8882,0.8584,0.8805
31806,0.8872,0.8853,0.8882,0.8752,0.8584,0.8872,0.8776,0.8839,0.8772,0.8848,0.8882,0.8584,0.8805
32404,0.8872,0.8853,0.8882,0.8752,0.8584,0.8872,0.8776,0.8839,0.8772,0.8848,0.8882,0.8584,0.8805
32405,0.8906,0.8882,0.8882,0.88,0.8618,0.8872,0.8776,0.8839,0.8772,0.8848,0.8906,0.8618,0.882
32406,0.8906,0.8882,0.8882,0.88,0.8618,0.8872,0.8776,0.8839,0.8772,0.8848,0.8906,0.8618,0.882
33004,0.8906,0.8882,0.8882,0.88,0.8618,0.8872,0.8776,0.8839,0.8772,0.8848,0.8906,0.8618,0.882
33005,0.8906,0.8882,0.8882,0.8829,0.8618,0.8872,0.8776,0.8839,0.8772,0.8848,0.8906,0.8618,0.8822
33006,0.8906,0.8882,0.8882,0.8829,0.8618,0.8872,0.8776,0.8839,0.8772,0.8848,0.8906,0.8618,0.8822
33604,0.8906,0.8882,0.8882,0.8829,0.8618,0.8872,0.8776,0.8839,0.8772,0.8848,0.8906,0.8618,0.8822
33605,0.8906,0.8882,0.8882,0.8829,0.8618,0.8872,0.8776,0.8839,0.8772,0.8848,0.8906,0.8618,0.8822
33606,0.8906,0.8882,0.8882,0.8829,0.8618,0.8872,0.8776,0.8839,0.8772,0.8848,0.8906,0.8618,0.8822
34204,0.8906,0.8882,0.8882,0.8829,0.8618,0.8872,0.8776,0.8839,0.8772,0.8848,0.8906,0.8618,0.8822
34205,0.8906,0.8882,0.8882,0.8829,0.8618,0.8872,0.8776,0.8839,0.8772,0.8848,0.8906,0.8618,0.8822
34206,0.8906,0.8882,0.8882,0.8829,0.8618,0.8872,0.8776,0.8839,0.8786,0.8848,0.8906,0.8618,0.8824
34804,0.8906,0.8882,0.8882,0.8829,0.8618,0.8872,0.8776,0.8839,0.8786,0.8848,0.8906,0.8618,0.8824
34805,0.8906,0.8882,0.8882,0.8829,0.8618,0.8901,0.8776,0.8839,0.8786,0.8848,0.8906,0.8618,0.8827
34806,0.8906,0.8882,0.8882,0.8829,0.881,0.8901,0.8776,0.8839,0.8786,0.8848,0.8906,0.8776,0.8846
35404,0.8906,0.8882,0.8882,0.8829,0.881,0.8901,0.8776,0.8839,0.8786,0.8848,0.8906,0.8776,0.8846
35405,0.8906,0.8882,0.8882,0.8829,0.881,0.8901,0.8776,0.8839,0.8786,0.8848,0.8906,0.8776,0.8846
35406,0.8906,0.8882,0.8882,0.8829,0.8824,0.8901,0.8776,0.8839,0.8786,0.8848,0.8906,0.8776,0.8847
36004,0.8906,0.8882,0.8882,0.8829,0.8824,0.8901,0.8776,0.8839,0.8786,0.8848,0.8906,0.8776,0.8847
36005,0.8906,0.8882,0.8882,0.8829,0.8824,0.8901,0.8776,0.8839,0.8786,0.8848,0.8906,0.8776,0.8847
36006,0.8906,0.8882,0.8882,0.8829,0.8824,0.8901,0.8776,0.8839,0.8786,0.8848,0.8906,0.8776,0.8847
36604,0.8906,0.8882,0.8882,0.8829,0.8824,0.8901,0.8776,0.8839,0.8786,0.8848,0.8906,0.8776,0.8847
36605,0.8906,0.8882,0.8882,0.8829,0.8824,0.8901,0.8776,0.8839,0.8786,0.8848,0.8906,0.8776,0.8847
36606,0.8906,0.8882,0.8882,0.8829,0.8824,0.8901,0.8776,0.8839,0.8786,0.8848,0.8906,0.8776,0.8847
37204,0.8906,0.8882,0.8882,0.8829,0.8824,0.8901,0.8776,0.8839,0.8786,0.8848,0.8906,0.8776,0.8847
37205,0.8906,0.8882,0.8882,0.8829,0.8824,0.8901,0.8776,0.8839,0.8786,0.8848,0.8906,0.8776,0.8847
37206,0.8906,0.8882,0.8882,0.8829,0.8824,0.8901,0.8776,0.8839,0.8786,0.8848,0.8906,0.8776,0.8847
37804,0.8906,0.8882,0.8882,0.8829,0.8824,0.8901,0.8776,0.8839,0.8786,0.8848,0.8906,0.8776,0.8847
37805,0.8906,0.8882,0.8882,0.8829,0.8824,0.8901,0.8776,0.8839,0.8786,0.8848,0.8906,0.8776,0.8847
37806,0.8906,0.8882,0.8882,0.8829,0.8824,0.8901,0.8776,0.8839,0.8786,0.8848,0.8906,0.8776,0.8847
38404,0.8906,0.8882,0.8882,0.8829,0.8824,0.8901,0.8776,0.8839,0.8786,0.8848,0.8906,0.8776,0.8847
38405,0.8906,0.8882,0.8882,0.8829,0.8824,0.8901,0.8776,0.8839,0.8786,0.8848,0.8906,0.8776,0.8847
38406,0.8906,0.8882,0.8882,0.8829,0.8824,0.8901,0.8776,0.8839,0.8786,0.8848,0.8906,0.8776,0.8847
39004,0.8906,0.8882,0.8882,0.8829,0.8824,0.8901,0.8776,0.8839,0.8786,0.8848,0.8906,0.8776,0.8847
39005,0.8906,0.8882,0.8882,0.8829,0.8824,0.8901,0.8776,0.8839,0.8786,0.8848,0.8906,0.8776,0.8847
39006,0.8906,0.8882,0.8882,0.8829,0.8824,0.8901,0.8776,0.8839,0.8786,0.8848,0.8906,0.8776,0.8847
39604,0.8906,0.8882,0.8882,0.8829,0.8824,0.8901,0.8776,0.8839,0.8786,0.8848,0.8906,0.8776,0.8847
39605,0.8906,0.8882,0.8882,0.8858,0.8824,0.8901,0.8776,0.8839,0.8786,0.8848,0.8906,0.8776,0.885
39606,0.8906,0.8882,0.8882,0.8858,0.8824,0.8901,0.8776,0.8839,0.8786,0.8848,0.8906,0.8776,0.885
40204,0.8906,0.8882,0.8882,0.8858,0.8824,0.8901,0.8776,0.8839,0.8786,0.8848,0.8906,0.8776,0.885
40205,0.8906,0.8882,0.8882,0.8858,0.8824,0.8901,0.8776,0.8839,0.8786,0.8848,0.8906,0.8776,0.885
40206,0.8906,0.8882,0.8882,0.8858,0.8824,0.8901,0.8776,0.8839,0.8786,0.8848,0.8906,0.8776,0.885
40804,0.8906,0.8882,0.8882,0.8858,0.8824,0.8901,0.8776,0.8839,0.8786,0.8848,0.8906,0.8776,0.885
40805,0.8906,0.8882,0.8882,0.8858,0.8824,0.8901,0.8776,0.8839,0.8786,0.8848,0.8906,0.8776,0.885
40806,0.8906,0.8882,0.8882,0.8858,0.8824,0.8901,0.8776,0.8839,0.8786,0.8848,0.8906,0.8776,0.885
41404,0.8906,0.8882,0.8882,0.8858,0.8824,0.8901,0.8776,0.8839,0.8786,0.8848,0.8906,0.8776,0.885
41405,0.8906,0.8882,0.8882,0.8858,0.8824,0.8901,0.8776,0.8839,0.8786,0.8848,0.8906,0.8776,0.885
41406,0.8906,0.8882,0.8882,0.8858,0.8824,0.8901,0.8776,0.8839,0.8786,0.8848,0.8906,0.8776,0.885
41407,0.8906,0.8882,0.8882,0.8858,0.8824,0.8901,0.8776,0.8839,0.8786,0.8848,0.8906,0.8776,0.885
42004,0.8906,0.8882,0.8882,0.8858,0.8824,0.8901,0.8776,0.8839,0.8786,0.8848,0.8906,0.8776,0.885
42005,0.8906,0.8882,0.8882,0.8882,0.8824,0.8901,0.8776,0.8839,0.8786,0.8848,0.8906,0.8776,0.8853
42006,0.8906,0.8882,0.8882,0.8882,0.8824,0.8901,0.8776,0.8839,0.8786,0.8848,0.8906,0.8776,0.8853
42007,0.8906,0.8882,0.8882,0.8882,0.8824,0.8901,0.8776,0.8839,0.8786,0.8848,0.8906,0.8776,0.8853
42604,0.8906,0.8882,0.8882,0.8882,0.8824,0.8901,0.8776,0.8839,0.8786,0.8848,0.8906,0.8776,0.8853
42605,0.8906,0.8882,0.8882,0.8882,0.8824,0.8901,0.8776,0.8839,0.8786,0.8848,0.8906,0.8776,0.8853
42606,0.8906,0.8882,0.8882,0.8882,0.8824,0.8901,0.8776,0.8839,0.8796,0.8848,0.8906,0.8776,0.8854
42607,0.8906,0.8882,0.8882,0.8882,0.8824,0.8901,0.8776,0.8839,0.8796,0.8848,0.8906,0.8776,0.8854
43204,0.8906,0.8882,0.8882,0.8882,0.8824,0.8901,0.8776,0.8839,0.8796,0.8848,0.8906,0.8776,0.8854
43205,0.8906,0.8882,0.8882,0.8882,0.8824,0.8901,0.8776,0.8839,0.8796,0.8848,0.8906,0.8776,0.8854
43206,0.8906,0.8882,0.8882,0.8882,0.8824,0.8901,0.8776,0.8839,0.8796,0.8877,0.8906,0.8776,0.8857
43207,0.8906,0.8882,0.8882,0.8882,0.8824,0.8901,0.8776,0.8839,0.8796,0.8877,0.8906,0.8776,0.8857
43804,0.8906,0.8882,0.8882,0.8882,0.8824,0.8901,0.8776,0.8839,0.8796,0.8877,0.8906,0.8776,0.8857
43805,0.8906,0.8882,0.8882,0.8882,0.8824,0.8901,0.8776,0.8839,0.8796,0.8877,0.8906,0.8776,0.8857
43806,0.8906,0.8882,0.8882,0.8882,0.8824,0.8901,0.8776,0.8839,0.8796,0.8877,0.8906,0.8776,0.8857
43807,0.8906,0.8882,0.8882,0.8882,0.8824,0.8901,0.8776,0.8839,0.8796,0.8877,0.8906,0.8776,0.8857
44404,0.8906,0.8882,0.8882,0.8882,0.8824,0.8901,0.8776,0.8839,0.8796,0.8877,0.8906,0.8776,0.8857
44405,0.8906,0.8882,0.8882,0.8882,0.8824,0.8901,0.8776,0.8839,0.8796,0.8877,0.8906,0.8776,0.8857
44406,0.8906,0.8882,0.8882,0.8882,0.8824,0.8901,0.8776,0.8839,0.8796,0.8877,0.8906,0.8776,0.8857
44407,0.8906,0.8882,0.8882,0.8882,0.8824,0.8901,0.8776,0.8839,0.8796,0.8877,0.8906,0.8776,0.8857
45004,0.8906,0.8882,0.8882,0.8882,0.8824,0.8901,0.8776,0.8839,0.8796,0.8877,0.8906,0.8776,0.8857
45005,0.8906,0.8882,0.8882,0.8882,0.8824,0.8901,0.8776,0.8839,0.8796,0.8877,0.8906,0.8776,0.8857
45006,0.8906,0.8882,0.8882,0.8882,0.8824,0.8901,0.8776,0.8839,0.8796,0.8877,0.8906,0.8776,0.8857
45007,0.8906,0.8882,0.8882,0.8882,0.8824,0.8901,0.8776,0.8839,0.8796,0.8877,0.8906,0.8776,0.8857
45604,0.8906,0.8882,0.8882,0.8882,0.8824,0.8901,0.8776,0.8839,0.8796,0.8877,0.8906,0.8776,0.8857
45605,0.8906,0.8882,0.8882,0.8882,0.8824,0.8901,0.8776,0.8839,0.8796,0.8877,0.8906,0.8776,0.8857
45606,0.8906,0.8882,0.8882,0.8882,0.8824,0.8901,0.8776,0.8839,0.8796,0.8877,0.8906,0.8776,0.8857
45607,0.8906,0.8882,0.8882,0.8882,0.8824,0.8901,0.8776,0.8839,0.8796,0.8877,0.8906,0.8776,0.8857
46204,0.8906,0.8882,0.8882,0.8882,0.8824,0.8901,0.8776,0.8839,0.8796,0.8877,0.8906,0.8776,0.8857
46205,0.8906,0.8882,0.8882,0.8892,0.8824,0.8901,0.8776,0.8839,0.8796,0.8877,0.8906,0.8776,0.8858
46206,0.8906,0.8882,0.8882,0.8892,0.8824,0.8901,0.8776,0.8839,0.8796,0.8877,0.8906,0.8776,0.8858
46207,0.8906,0.8882,0.8882,0.8892,0.8824,0.8901,0.8776,0.8839,0.8796,0.8877,0.8906,0.8776,0.8858
46804,0.8906,0.8882,0.8882,0.8892,0.8824,0.8901,0.8776,0.8839,0.8796,0.8877,0.8906,0.8776,0.8858
46805,0.8906,0.8882,0.8882,0.8892,0.8824,0.8901,0.8776,0.8839,0.8796,0.8877,0.8906,0.8776,0.8858
46806,0.8906,0.8882,0.8882,0.8892,0.8824,0.8901,0.8776,0.8839,0.8796,0.8877,0.8906,0.8776,0.8858
46807,0.8906,0.8882,0.8882,0.8892,0.8824,0.8901,0.8776,0.8839,0.8796,0.8877,0.8906,0.8776,0.8858
47404,0.8906,0.8882,0.8882,0.8892,0.8824,0.8901,0.8776,0.8839,0.8796,0.8877,0.8906,0.8776,0.8858
47405,0.8906,0.8882,0.8882,0.8892,0.8824,0.8901,0.8776,0.8839,0.8796,0.8877,0.8906,0.8776,0.8858
47406,0.8906,0.8882,0.8882,0.8892,0.8824,0.8901,0.8776,0.8839,0.8796,0.8877,0.8906,0.8776,0.8858
47407,0.8906,0.8882,0.8882,0.8892,0.8824,0.8901,0.8776,0.8839,0.8796,0.8877,0.8906,0.8776,0.8858
48005,0.8906,0.8882,0.8882,0.8892,0.8824,0.8901,0.8776,0.8839,0.8796,0.8877,0.8906,0.8776,0.8858
48006,0.8906,0.8882,0.8882,0.8892,0.8824,0.8901,0.8776,0.8839,0.8796,0.8877,0.8906,0.8776,0.8858
48007,0.8906,0.8882,0.8882,0.8892,0.8824,0.8901,0.8776,0.8839,0.8796,0.8877,0.8906,0.8776,0.8858
48605,0.8906,0.8882,0.8882,0.8892,0.8824,0.8901,0.8776,0.8839,0.8796,0.8877,0.8906,0.8776,0.8858
48606,0.8906,0.8882,0.8882,0.8892,0.8824,0.8901,0.8776,0.8839,0.8796,0.8877,0.8906,0.8776,0.8858
48607,0.8906,0.8882,0.8882,0.8892,0.8824,0.8901,0.8776,0.8839,0.8796,0.8877,0.8906,0.8776,0.8858
49205,0.8906,0.8882,0.8882,0.8892,0.8824,0.8901,0.8776,0.8839,0.8796,0.8877,0.8906,0.8776,0.8858
49206,0.8906,0.8882,0.8882,0.8892,0.8824,0.8901,0.8776,0.8839,0.8796,0.8877,0.8906,0.8776,0.8858
49207,0.8906,0.8882,0.8882,0.8892,0.8824,0.8901,0.8786,0.8839,0.8796,0.8877,0.8906,0.8786,0.8858
49805,0.8906,0.8882,0.8882,0.8892,0.8824,0.8901,0.8786,0.8839,0.8796,0.8877,0.8906,0.8786,0.8858
49806,0.8906,0.8882,0.8882,0.8892,0.8824,0.8901,0.8786,0.8839,0.8796,0.8877,0.8906,0.8786,0.8858
49807,0.8906,0.8882,0.8882,0.8892,0.8824,0.8901,0.8786,0.8839,0.8796,0.8877,0.8906,0.8786,0.8858
50405,0.8906,0.8882,0.8882,0.8892,0.8824,0.8901,0.8786,0.8839,0.8796,0.8877,0.8906,0.8786,0.8858
50406,0.8906,0.8882,0.8882,0.8892,0.8824,0.8901,0.8786,0.8839,0.8796,0.8877,0.8906,0.8786,0.8858
50407,0.8906,0.8882,0.8882,0.8892,0.8824,0.8901,0.8786,0.8839,0.8796,0.8877,0.8906,0.8786,0.8858
51005,0.8906,0.8882,0.8882,0.8892,0.8824,0.8901,0.8786,0.8839,0.8796,0.8877,0.8906,0.8786,0.8858
51006,0.8906,0.8882,0.8882,0.8892,0.8824,0.8901,0.8786,0.8839,0.8796,0.8877,0.8906,0.8786,0.8858
51007,0.8906,0.8882,0.8882,0.8892,0.8824,0.8901,0.8786,0.8839,0.8796,0.8877,0.8906,0.8786,0.8858
51605,0.8906,0.8882,0.8882,0.8892,0.8824,0.8901,0.8786,0.8839,0.8796,0.8877,0.8906,0.8786,0.8858
51606,0.8906,0.8882,0.8882,0.8906,0.8824,0.8901,0.8786,0.8839,0.8796,0.8877,0.8906,0.8786,0.886
51607,0.8906,0.8882,0.8882,0.8906,0.8824,0.8901,0.8786,0.8839,0.8796,0.8877,0.8906,0.8786,0.886
52205,0.8906,0.8882,0.8882,0.8906,0.8824,0.8901,0.8786,0.8839,0.8796,0.8877,0.8906,0.8786,0.886
52206,0.8906,0.8882,0.8882,0.8906,0.8824,0.8901,0.8786,0.8839,0.8796,0.8877,0.8906,0.8786,0.886
52207,0.8906,0.8882,0.8882,0.8906,0.8824,0.8901,0.8786,0.8839,0.8796,0.8877,0.8906,0.8786,0.886
52805,0.8906,0.8882,0.8882,0.8906,0.8824,0.8901,0.8786,0.8839,0.8796,0.8877,0.8906,0.8786,0.886
52806,0.8906,0.8882,0.8882,0.8906,0.8824,0.8901,0.8786,0.8839,0.8796,0.8877,0.8906,0.8786,0.886
52807,0.8906,0.8882,0.8882,0.8906,0.8824,0.8901,0.8786,0.8839,0.8796,0.8877,0.8906,0.8786,0.886
53405,0.8906,0.8882,0.8882,0.8906,0.8824,0.8901,0.8786,0.8839,0.8796,0.8877,0.8906,0.8786,0.886
53406,0.8906,0.8882,0.8882,0.8906,0.8824,0.8901,0.8786,0.8839,0.8796,0.8877,0.8906,0.8786,0.886
53407,0.8906,0.8882,0.8882,0.8906,0.8824,0.8901,0.8786,0.8839,0.8796,0.8877,0.8906,0.8786,0.886
53408,0.8906,0.8882,0.8882,0.8906,0.8824,0.8901,0.8786,0.8839,0.8796,0.8877,0.8906,0.8786,0.886
54005,0.8906,0.8882,0.8882,0.8906,0.8824,0.8901,0.8786,0.8839,0.8796,0.8877,0.8906,0.8786,0.886
54006,0.8906,0.8882,0.8882,0.8906,0.8824,0.8901,0.8786,0.8839,0.8796,0.8877,0.8906,0.8786,0.886
54007,0.8906,0.8882,0.8882,0.8906,0.8824,0.8901,0.8786,0.8839,0.8796,0.8877,0.8906,0.8786,0.886
54008,0.8906,0.8882,0.8882,0.8906,0.8824,0.8901,0.8786,0.8839,0.8796,0.8877,0.8906,0.8786,0.886
54605,0.8906,0.8882,0.8882,0.8906,0.8824,0.8901,0.8786,0.8839,0.8796,0.8877,0.8906,0.8786,0.886
54606,0.8906,0.8882,0.8882,0.8906,0.8824,0.8901,0.8786,0.8839,0.8796,0.8877,0.8906,0.8786,0.886
54607,0.8906,0.8882,0.8882,0.8906,0.8824,0.8901,0.8786,0.8839,0.8796,0.8877,0.8906,0.8786,0.886
54608,0.8906,0.8882,0.8882,0.8906,0.8824,0.8901,0.8786,0.8839,0.8796,0.8877,0.8906,0.8786,0.886
55205,0.8906,0.8882,0.8882,0.8906,0.8824,0.8901,0.8786,0.8839,0.8796,0.8877,0.8906,0.8786,0.886
55206,0.8906,0.8882,0.8882,0.8906,0.8824,0.8901,0.8786,0.8839,0.8796,0.8877,0.8906,0.8786,0.886
55207,0.8906,0.8882,0.8882,0.8906,0.8824,0.8901,0.8786,0.8839,0.8796,0.8877,0.8906,0.8786,0.886
55208,0.8906,0.8882,0.8882,0.8906,0.8824,0.8901,0.8786,0.8839,0.8796,0.8877,0.8906,0.8786,0.886
55805,0.8906,0.8882,0.8882,0.8906,0.8824,0.8901,0.8786,0.8839,0.8796,0.8877,0.8906,0.8786,0.886
55806,0.8906,0.8882,0.8882,0.8906,0.8824,0.8901,0.8786,0.8839,0.8796,0.8877,0.8906,0.8786,0.886
55807,0.8906,0.8882,0.8882,0.8906,0.8824,0.8901,0.8786,0.8839,0.8796,0.8877,0.8906,0.8786,0.886
55808,0.8906,0.8882,0.8882,0.8906,0.8824,0.8901,0.8786,0.8839,0.8796,0.8877,0.8906,0.8786,0.886
56405,0.8906,0.8882,0.8882,0.8906,0.8824,0.8901,0.8786,0.8839,0.8796,0.8877,0.8906,0.8786,0.886
56406,0.8906,0.8882,0.8882,0.8906,0.8824,0.8901,0.8786,0.8839,0.8796,0.8877,0.8906,0.8786,0.886
56407,0.8906,0.8882,0.8882,0.8906,0.8824,0.8901,0.8786,0.8839,0.8796,0.8877,0.8906,0.8786,0.886
56408,0.8906,0.8882,0.8882,0.8906,0.8824,0.8901,0.8786,0.8839,0.8796,0.8877,0.8906,0.8786,0.886
57005,0.8906,0.8882,0.8882,0.8906,0.8824,0.8901,0.8786,0.8839,0.8796,0.8877,0.8906,0.8786,0.886
57006,0.8906,0.8882,0.8882,0.8906,0.8824,0.8901,0.8786,0.8839,0.8796,0.8877,0.8906,0.8786,0.886
57007,0.8906,0.8882,0.8882,0.8906,0.8824,0.8901,0.8786,0.8839,0.8796,0.8877,0.8906,0.8786,0.886
57008,0.8906,0.8882,0.8882,0.8906,0.8824,0.8901,0.8786,0.8839,0.8796,0.8877,0.8906,0.8786,0.886
57605,0.8906,0.8882,0.8882,0.8906,0.8824,0.8901,0.8786,0.8839,0.8796,0.8877,0.8906,0.8786,0.886
57606,0.8906,0.8882,0.8882,0.8906,0.8824,0.8901,0.8786,0.8839,0.8796,0.8877,0.8906,0.8786,0.886
57607,0.8906,0.8882,0.8882,0.8906,0.8824,0.8901,0.8786,0.8839,0.8796,0.8877,0.8906,0.8786,0.886
57608,0.8906,0.8882,0.8882,0.8906,0.8824,0.8901,0.8786,0.8839,0.8796,0.8877,0.8906,0.8786,0.886
58205,0.8906,0.8882,0.8882,0.8906,0.8824,0.8901,0.8786,0.8839,0.8796,0.8877,0.8906,0.8786,0.886
58206,0.8906,0.8882,0.8882,0.8906,0.8824,0.8901,0.8786,0.8839,0.8796,0.8877,0.8906,0.8786,0.886
58207,0.8906,0.8882,0.8882,0.8906,0.8824,0.8901,0.8786,0.8839,0.8796,0.8877,0.8906,0.8786,0.886
58208,0.8906,0.8882,0.8882,0.8906,0.8824,0.8901,0.8786,0.8839,0.8796,0.8877,0.8906,0.8786,0.886
58805,0.8906,0.8882,0.8882,0.8906,0.8824,0.8901,0.8786,0.8839,0.8796,0.8877,0.8906,0.8786,0.886
58806,0.8906,0.8882,0.8882,0.8906,0.8824,0.8901,0.8786,0.8839,0.8796,0.8877,0.8906,0.8786,0.886
58807,0.8906,0.8882,0.8882,0.8906,0.8824,0.8901,0.8786,0.8839,0.8796,0.8877,0.8906,0.8786,0.886
58808,0.8906,0.8882,0.8882,0.8906,0.8824,0.8901,0.8786,0.8839,0.8796,0.8877,0.8906,0.8786,0.886
59405,0.8906,0.8882,0.8882,0.8906,0.8824,0.8901,0.8786,0.8839,0.8796,0.8877,0.8906,0.8786,0.886
59406,0.8906,0.8882,0.8882,0.8906,0.8824,0.8901,0.8786,0.8839,0.8796,0.8877,0.8906,0.8786,0.886
59407,0.8906,0.8882,0.8882,0.8906,0.8824,0.8901,0.8786,0.8839,0.8796,0.8877,0.8906,0.8786,0.886
59408,0.8906,0.8882,0.8882,0.8906,0.8824,0.8901,0.8786,0.8839,0.8796,0.8877,0.8906,0.8786,0.886
60005,0.8906,0.8882,0.8882,0.8906,0.8824,0.8901,0.8786,0.8839,0.8796,0.8877,0.8906,0.8786,0.886
60006,0.8906,0.8882,0.8882,0.8906,0.8824,0.8901,0.8786,0.8839,0.8796,0.8877,0.8906,0.8786,0.886
60007,0.8906,0.8882,0.8882,0.8906,0.8824,0.8901,0.8786,0.8839,0.8796,0.8877,0.8906,0.8786,0.886
60008,0.8906,0.8882,0.8882,0.8906,0.8848,0.8901,0.8786,0.8839,0.8796,0.8877,0.8906,0.8786,0.8862
60605,0.8906,0.8882,0.8882,0.8906,0.8848,0.8901,0.8786,0.8839,0.8796,0.8877,0.8906,0.8786,0.8862
60606,0.8906,0.8882,0.8882,0.8906,0.8848,0.8901,0.8786,0.8839,0.8796,0.8877,0.8906,0.8786,0.8862
60607,0.8906,0.8882,0.8882,0.8906,0.8848,0.8901,0.8786,0.8839,0.8796,0.8877,0.8906,0.8786,0.8862
60608,0.8906,0.8882,0.8882,0.8906,0.8848,0.8901,0.8786,0.8839,0.8796,0.8877,0.8906,0.8786,0.8862
61205,0.8906,0.8882,0.8882,0.8906,0.8848,0.8901,0.8786,0.8839,0.8796,0.8877,0.8906,0.8786,0.8862
61206,0.8906,0.8882,0.8882,0.8906,0.8848,0.8901,0.8786,0.8839,0.8796,0.8877,0.8906,0.8786,0.8862
61207,0.8906,0.8882,0.8882,0.8906,0.8848,0.8901,0.8786,0.8839,0.8796,0.8877,0.8906,0.8786,0.8862
61208,0.8906,0.8882,0.8882,0.8906,0.8848,0.8901,0.8786,0.8839,0.8796,0.8877,0.8906,0.8786,0.8862
61805,0.8906,0.8882,0.8882,0.8906,0.8848,0.8901,0.8786,0.8839,0.8796,0.8877,0.8906,0.8786,0.8862
61806,0.8906,0.8882,0.8882,0.8906,0.8848,0.8901,0.8786,0.8839,0.8796,0.8877,0.8906,0.8786,0.8862
61807,0.8906,0.8882,0.8882,0.8906,0.8848,0.8901,0.8786,0.8839,0.8796,0.8877,0.8906,0.8786,0.8862
61808,0.8906,0.8882,0.8882,0.8906,0.8848,0.8901,0.8786,0.8839,0.8796,0.8877,0.8906,0.8786,0.8862
62405,0.8906,0.8882,0.8882,0.8906,0.8848,0.8901,0.8786,0.8839,0.8796,0.8877,0.8906,0.8786,0.8862
62406,0.8906,0.8882,0.8882,0.8906,0.8848,0.8901,0.8786,0.8839,0.8796,0.8877,0.8906,0.8786,0.8862
62407,0.8906,0.8882,0.8882,0.8906,0.8848,0.8901,0.8786,0.8839,0.8796,0.8877,0.8906,0.8786,0.8862
62408,0.8906,0.8882,0.8882,0.8906,0.8848,0.8901,0.8786,0.8839,0.8796,0.8877,0.8906,0.8786,0.8862
63005,0.8906,0.8882,0.8882,0.8906,0.8848,0.8901,0.8786,0.8839,0.8796,0.8877,0.8906,0.8786,0.8862
63006,0.8906,0.8882,0.8882,0.8906,0.8848,0.8901,0.8786,0.8839,0.8796,0.8877,0.8906,0.8786,0.8862
63007,0.8906,0.8882,0.8882,0.8906,0.8848,0.8901,0.8786,0.8839,0.8796,0.8877,0.8906,0.8786,0.8862
63008,0.8906,0.8882,0.8882,0.8906,0.8848,0.8901,0.8786,0.8839,0.8796,0.8877,0.8906,0.8786,0.8862
63605,0.8906,0.8882,0.8882,0.8906,0.8848,0.8901,0.8786,0.8839,0.8796,0.8877,0.8906,0.8786,0.8862
63606,0.8906,0.8882,0.8882,0.8906,0.8848,0.8901,0.8786,0.8839,0.8796,0.8877,0.8906,0.8786,0.8862
63607,0.8906,0.8882,0.8882,0.8906,0.8848,0.8901,0.8786,0.8839,0.8796,0.8877,0.8906,0.8786,0.8862
63608,0.8906,0.8882,0.8882,0.8906,0.8848,0.8901,0.8786,0.8839,0.8796,0.8877,0.8906,0.8786,0.8862
64205,0.8906,0.8882,0.8882,0.8906,0.8848,0.8901,0.8786,0.8839,0.8796,0.8877,0.8906,0.8786,0.8862
64206,0.8906,0.8882,0.8882,0.8906,0.8848,0.8901,0.8786,0.8839,0.8796,0.8877,0.8906,0.8786,0.8862
64207,0.8906,0.8882,0.8882,0.8906,0.8848,0.8901,0.8786,0.8839,0.8796,0.8877,0.8906,0.8786,0.8862
64208,0.8906,0.8882,0.8882,0.8906,0.8848,0.8901,0.8786,0.8839,0.8796,0.8877,0.8906,0.8786,0.8862
64805,0.8906,0.8882,0.8882,0.8906,0.8848,0.8901,0.8786,0.8839,0.8796,0.8877,0.8906,0.8786,0.8862
64806,0.8906,0.8882,0.8882,0.8906,0.8848,0.8901,0.8786,0.8839,0.8796,0.8877,0.8906,0.8786,0.8862
64807,0.8906,0.8882,0.8882,0.8906,0.8848,0.8901,0.8786,0.8839,0.8796,0.8877,0.8906,0.8786,0.8862
64808,0.8906,0.8882,0.8882,0.8906,0.8848,0.8901,0.8786,0.8839,0.8796,0.8877,0.8906,0.8786,0.8862
65405,0.8906,0.8882,0.8882,0.8906,0.8848,0.8901,0.8786,0.8839,0.8796,0.8877,0.8906,0.8786,0.8862
65406,0.8906,0.8882,0.8882,0.8906,0.8848,0.8901,0.8786,0.8839,0.8796,0.8877,0.8906,0.8786,0.8862
65407,0.8906,0.8882,0.8882,0.8906,0.8848,0.8901,0.8786,0.8839,0.8796,0.8877,0.8906,0.8786,0.8862
65408,0.8906,0.8882,0.8882,0.8906,0.8848,0.8901,0.8786,0.8839,0.8796,0.8877,0.8906,0.8786,0.8862
65409,0.8906,0.8882,0.8882,0.8906,0.8848,0.8901,0.8786,0.8839,0.8796,0.8877,0.8906,0.8786,0.8862
66005,0.8906,0.8882,0.8882,0.8906,0.8848,0.8901,0.8786,0.8839,0.8796,0.8877,0.8906,0.8786,0.8862
66006,0.8906,0.8882,0.8882,0.8906,0.8848,0.8901,0.8786,0.8839,0.8796,0.8877,0.8906,0.8786,0.8862
66007,0.8906,0.8882,0.8882,0.8906,0.8848,0.8901,0.8786,0.8839,0.8796,0.8877,0.8906,0.8786,0.8862
66008,0.8906,0.8882,0.8882,0.8906,0.8848,0.8901,0.8786,0.8839,0.8796,0.8877,0.8906,0.8786,0.8862
66009,0.8906,0.8882,0.8882,0.8906,0.8848,0.8901,0.8786,0.8839,0.8796,0.8877,0.8906,0.8786,0.8862
66605,0.8906,0.8882,0.8882,0.8906,0.8848,0.8901,0.8786,0.8839,0.8796,0.8877,0.8906,0.8786,0.8862
66606,0.8906,0.8882,0.8882,0.8906,0.8848,0.8901,0.8786,0.8839,0.8796,0.8877,0.8906,0.8786,0.8862
66607,0.8906,0.8882,0.8882,0.8906,0.8848,0.8901,0.8786,0.8839,0.8796,0.8877,0.8906,0.8786,0.8862
66608,0.8906,0.8882,0.8882,0.8906,0.8848,0.8901,0.8786,0.8839,0.8796,0.8877,0.8906,0.8786,0.8862
66609,0.8906,0.8882,0.8882,0.8906,0.8848,0.8901,0.8786,0.8839,0.8796,0.8877,0.8906,0.8786,0.8862
67205,0.8906,0.8882,0.8882,0.8906,0.8848,0.8901,0.8786,0.8839,0.8796,0.8877,0.8906,0.8786,0.8862
67206,0.8906,0.8882,0.8882,0.8906,0.8848,0.8901,0.8786,0.8839,0.8796,0.8877,0.8906,0.8786,0.8862
67207,0.8906,0.8882,0.8882,0.8906,0.8848,0.8901,0.8786,0.8839,0.8796,0.8877,0.8906,0.8786,0.8862
67208,0.8906,0.8882,0.8882,0.8906,0.8848,0.8901,0.8786,0.8839,0.8796,0.8882,0.8906,0.8786,0.8863
67209,0.8906,0.8882,0.8882,0.8906,0.8848,0.8901,0.8786,0.8839,0.8796,0.8882,0.8906,0.8786,0.8863
67805,0.8906,0.8882,0.8882,0.8906,0.8848,0.8901,0.8786,0.8839,0.8796,0.8882,0.8906,0.8786,0.8863
67806,0.8906,0.8882,0.8882,0.8906,0.8848,0.8901,0.8786,0.8839,0.8796,0.8882,0.8906,0.8786,0.8863
67807,0.8906,0.8882,0.8882,0.8906,0.8848,0.8901,0.8786,0.8839,0.8796,0.8882,0.8906,0.8786,0.8863
67808,0.8906,0.8882,0.8882,0.8906,0.8848,0.8901,0.8786,0.8839,0.8796,0.8882,0.8906,0.8786,0.8863
67809,0.8906,0.8882,0.8882,0.8906,0.8848,0.8901,0.8786,0.8839,0.8796,0.8882,0.8906,0.8786,0.8863
68405,0.8906,0.8882,0.8882,0.8906,0.8848,0.8901,0.8786,0.8839,0.8796,0.8882,0.8906,0.8786,0.8863
68406,0.8906,0.8882,0.8882,0.8906,0.8848,0.8901,0.8786,0.8839,0.8796,0.8882,0.8906,0.8786,0.8863
68407,0.8906,0.8882,0.8882,0.8906,0.8848,0.8901,0.8786,0.8839,0.8796,0.8882,0.8906,0.8786,0.8863
68408,0.8906,0.8882,0.8882,0.8906,0.8848,0.8901,0.8786,0.8839,0.8796,0.8882,0.8906,0.8786,0.8863
68409,0.8906,0.8882,0.8882,0.8906,0.8848,0.8901,0.8786,0.8839,0.8796,0.8882,0.8906,0.8786,0.8863
69005,0.8906,0.8882,0.8882,0.8906,0.8848,0.8901,0.8786,0.8839,0.8796,0.8882,0.8906,0.8786,0.8863
69006,0.8906,0.8882,0.8882,0.8906,0.8848,0.8901,0.8786,0.8839,0.8796,0.8882,0.8906,0.8786,0.8863
69007,0.8906,0.8882,0.8882,0.8906,0.8848,0.8901,0.8786,0.8839,0.8796,0.8882,0.8906,0.8786,0.8863
69008,0.8906,0.8882,0.8882,0.8906,0.8848,0.8901,0.8786,0.8839,0.8796,0.8882,0.8906,0.8786,0.8863
69009,0.8906,0.8882,0.8882,0.8906,0.8848,0.8901,0.8786,0.8839,0.8796,0.8882,0.8906,0.8786,0.8863
69605,0.8906,0.8882,0.8882,0.8906,0.8848,0.8901,0.8786,0.8839,0.8796,0.8882,0.8906,0.8786,0.8863
69606,0.8906,0.8882,0.8882,0.8906,0.8848,0.8901,0.8786,0.8839,0.8796,0.8882,0.8906,0.8786,0.8863
69607,0.8906,0.8882,0.8882,0.8906,0.8848,0.8901,0.8786,0.8839,0.8796,0.8882,0.8906,0.8786,0.8863
69608,0.8906,0.8882,0.8882,0.8906,0.8848,0.8901,0.8786,0.8839,0.8796,0.8882,0.8906,0.8786,0.8863
69609,0.8906,0.8882,0.8882,0.8906,0.8848,0.8901,0.8786,0.8839,0.8796,0.8882,0.8906,0.8786,0.8863
70205,0.8906,0.8882,0.8882,0.8906,0.8848,0.8901,0.8786,0.8839,0.8796,0.8882,0.8906,0.8786,0.8863
70206,0.8906,0.8882,0.8882,0.8906,0.8848,0.8901,0.8786,0.8839,0.8796,0.8882,0.8906,0.8786,0.8863
70207,0.8906,0.8882,0.8882,0.8906,0.8848,0.8901,0.8786,0.8839,0.8796,0.8882,0.8906,0.8786,0.8863
70208,0.8906,0.8882,0.8882,0.8906,0.8848,0.8901,0.8786,0.8839,0.8796,0.8882,0.8906,0.8786,0.8863
70209,0.8906,0.8882,0.8882,0.8906,0.8848,0.8901,0.8786,0.8839,0.8796,0.8882,0.8906,0.8786,0.8863
70805,0.8906,0.8882,0.8882,0.8906,0.8848,0.8901,0.8786,0.8839,0.8796,0.8882,0.8906,0.8786,0.8863
70806,0.8906,0.8882,0.8882,0.8906,0.8848,0.8901,0.8786,0.8839,0.8796,0.8882,0.8906,0.8786,0.8863
70807,0.8906,0.8882,0.8882,0.8906,0.8848,0.8901,0.8786,0.8839,0.8796,0.8882,0.8906,0.8786,0.8863
70808,0.8906,0.8882,0.8882,0.8906,0.8848,0.8901,0.8786,0.8839,0.8796,0.8882,0.8906,0.8786,0.8863
70809,0.8906,0.8882,0.8882,0.8906,0.8848,0.8901,0.8786,0.8839,0.8796,0.8882,0.8906,0.8786,0.8863
71405,0.8906,0.8882,0.8882,0.8906,0.8848,0.8901,0.8786,0.8839,0.8796,0.8882,0.8906,0.8786,0.8863
71406,0.8906,0.8882,0.8882,0.8906,0.8848,0.8901,0.8786,0.8839,0.8796,0.8882,0.8906,0.8786,0.8863
71407,0.8906,0.8882,0.8882,0.8906,0.8848,0.8901,0.8786,0.8839,0.8796,0.8882,0.8906,0.8786,0.8863
71408,0.8906,0.8882,0.8882,0.8906,0.8848,0.8901,0.8786,0.8839,0.8796,0.8882,0.8906,0.8786,0.8863
71409,0.8906,0.8882,0.8882,0.8906,0.8848,0.8901,0.8786,0.8839,0.8796,0.8882,0.8906,0.8786,0.8863
72005,0.8906,0.8882,0.8882,0.8906,0.8848,0.8901,0.8786,0.8839,0.8796,0.8882,0.8906,0.8786,0.8863
72006,0.8906,0.8882,0.8882,0.8906,0.8848,0.8901,0.8786,0.8839,0.8796,0.8882,0.8906,0.8786,0.8863
72007,0.8906,0.8882,0.8882,0.8906,0.8848,0.8901,0.8786,0.8839,0.8796,0.8882,0.8906,0.8786,0.8863
72008,0.8906,0.8882,0.8882,0.8906,0.8848,0.8901,0.8786,0.8839,0.8796,0.8882,0.8906,0.8786,0.8863
72009,0.8906,0.8882,0.8882,0.8906,0.8848,0.8901,0.8786,0.8839,0.8796,0.8882,0.8906,0.8786,0.8863
72605,0.8906,0.8882,0.8882,0.8906,0.8848,0.8901,0.8786,0.8839,0.8796,0.8882,0.8906,0.8786,0.8863
72606,0.8906,0.8882,0.8882,0.8906,0.8848,0.8901,0.8786,0.8839,0.8796,0.8882,0.8906,0.8786,0.8863
72607,0.8906,0.8882,0.8882,0.8906,0.8848,0.8901,0.8786,0.8839,0.8796,0.8882,0.8906,0.8786,0.8863
72608,0.8906,0.8882,0.8882,0.8906,0.8848,0.8901,0.8786,0.8839,0.8796,0.8882,0.8906,0.8786,0.8863
72609,0.8906,0.8882,0.8882,0.8906,0.8848,0.8901,0.8786,0.8839,0.8796,0.8882,0.8906,0.8786,0.8863
73205,0.8906,0.8882,0.8882,0.8906,0.8848,0.8901,0.8786,0.8839,0.8796,0.8882,0.8906,0.8786,0.8863
73206,0.8906,0.8882,0.8882,0.8906,0.8848,0.8901,0.8786,0.8839,0.8796,0.8882,0.8906,0.8786,0.8863
73207,0.8906,0.8882,0.8882,0.8906,0.8848,0.8901,0.8786,0.8839,0.8796,0.8882,0.8906,0.8786,0.8863
73208,0.8906,0.8882,0.8882,0.8906,0.8848,0.8901,0.8786,0.8839,0.8796,0.8882,0.8906,0.8786,0.8863
73209,0.8906,0.8882,0.8882,0.8906,0.8848,0.8901,0.8786,0.8839,0.8796,0.8882,0.8906,0.8786,0.8863
73805,0.8906,0.8882,0.8882,0.8906,0.8848,0.8901,0.8786,0.8839,0.8796,0.8882,0.8906,0.8786,0.8863
73806,0.8906,0.8882,0.8882,0.8906,0.8848,0.8901,0.8786,0.8839,0.8796,0.8882,0.8906,0.8786,0.8863
73807,0.8906,0.8882,0.8882,0.8906,0.8848,0.8901,0.8786,0.8839,0.8796,0.8882,0.8906,0.8786,0.8863
73808,0.8906,0.8882,0.8882,0.8906,0.8848,0.8901,0.8786,0.8839,0.8796,0.8882,0.8906,0.8786,0.8863
73809,0.8906,0.8882,0.8882,0.8906,0.8848,0.8901,0.8786,0.8839,0.8796,0.8882,0.8906,0.8786,0.8863
74405,0.8906,0.8882,0.8882,0.8906,0.8848,0.8901,0.8786,0.8839,0.8796,0.8882,0.8906,0.8786,0.8863
74407,0.8906,0.8882,0.8882,0.8906,0.8848,0.8901,0.8786,0.8839,0.8796,0.8882,0.8906,0.8786,0.8863
74408,0.8906,0.8882,0.8882,0.8906,0.8848,0.8901,0.8786,0.8839,0.8796,0.8882,0.8906,0.8786,0.8863
74409,0.8906,0.8882,0.8882,0.8906,0.8848,0.8901,0.8786,0.8839,0.8796,0.8882,0.8906,0.8786,0.8863
75005,0.8906,0.8882,0.8882,0.8906,0.8848,0.8901,0.8786,0.8839,0.8796,0.8882,0.8906,0.8786,0.8863
75007,0.8906,0.8882,0.8882,0.8906,0.8848,0.8901,0.8786,0.8839,0.8796,0.8882,0.8906,0.8786,0.8863
75008,0.8906,0.8882,0.8882,0.8906,0.8848,0.8901,0.8786,0.8839,0.8796,0.8882,0.8906,0.8786,0.8863
75009,0.8906,0.8882,0.8882,0.8906,0.8848,0.8901,0.8786,0.8839,0.8796,0.8882,0.8906,0.8786,0.8863
75605,0.8906,0.8882,0.8882,0.8906,0.8848,0.8901,0.8786,0.8839,0.8796,0.8882,0.8906,0.8786,0.8863
75607,0.8906,0.8882,0.8882,0.8906,0.8848,0.8901,0.8786,0.8839,0.8796,0.8882,0.8906,0.8786,0.8863
75608,0.8906,0.8882,0.8882,0.8906,0.8848,0.8901,0.8786,0.8839,0.8796,0.8882,0.8906,0.8786,0.8863
75609,0.8906,0.8882,0.8882,0.8906,0.8848,0.8901,0.8786,0.8839,0.8796,0.8882,0.8906,0.8786,0.8863
76205,0.8906,0.8882,0.8882,0.8906,0.8848,0.8901,0.8786,0.8839,0.8796,0.8882,0.8906,0.8786,0.8863
76207,0.8906,0.8882,0.8882,0.8906,0.8848,0.8901,0.8786,0.8839,0.8796,0.8882,0.8906,0.8786,0.8863
76208,0.8906,0.8882,0.8882,0.8906,0.8848,0.8901,0.8786,0.8839,0.8796,0.8882,0.8906,0.8786,0.8863
76209,0.8906,0.8882,0.8882,0.8906,0.8848,0.8901,0.8786,0.8839,0.8796,0.8882,0.8906,0.8786,0.8863
76805,0.8906,0.8882,0.8882,0.8906,0.8848,0.8901,0.8786,0.8839,0.8796,0.8882,0.8906,0.8786,0.8863
76807,0.8906,0.8882,0.8882,0.8906,0.8848,0.8901,0.8786,0.8839,0.8796,0.8882,0.8906,0.8786,0.8863
76808,0.8906,0.8882,0.8882,0.8906,0.8848,0.8901,0.8786,0.8839,0.8796,0.8882,0.8906,0.8786,0.8863
76809,0.8906,0.8882,0.8882,0.8906,0.8848,0.8901,0.8786,0.8839,0.8796,0.8882,0.8906,0.8786,0.8863
77405,0.8906,0.8882,0.8882,0.8906,0.8848,0.8901,0.8786,0.8839,0.8796,0.8882,0.8906,0.8786,0.8863
77407,0.8906,0.8882,0.8882,0.8906,0.8848,0.8901,0.8786,0.8839,0.8796,0.8882,0.8906,0.8786,0.8863
77408,0.8906,0.8887,0.8882,0.8906,0.8848,0.8901,0.8786,0.8839,0.8796,0.8882,0.8906,0.8786,0.8863
77409,0.8906,0.8887,0.8882,0.8906,0.8848,0.8901,0.8786,0.8839,0.8796,0.8882,0.8906,0.8786,0.8863
77410,0.8906,0.8887,0.8882,0.8906,0.8848,0.8901,0.8786,0.8839,0.8796,0.8882,0.8906,0.8786,0.8863
78005,0.8906,0.8887,0.8882,0.8906,0.8848,0.8901,0.8786,0.8839,0.8796,0.8882,0.8906,0.8786,0.8863
78007,0.8906,0.8887,0.8882,0.8906,0.8848,0.8901,0.8786,0.8839,0.8796,0.8882,0.8906,0.8786,0.8863
78008,0.8906,0.8887,0.8882,0.8906,0.8848,0.8901,0.8786,0.8839,0.8796,0.8882,0.8906,0.8786,0.8863
78009,0.8906,0.8887,0.8882,0.8906,0.8848,0.8901,0.8786,0.8839,0.8796,0.8882,0.8906,0.8786,0.8863
78010,0.8906,0.8887,0.8882,0.8906,0.8848,0.8901,0.8786,0.8839,0.8796,0.8882,0.8906,0.8786,0.8863
78605,0.8906,0.8887,0.8882,0.8906,0.8848,0.8901,0.8786,0.8839,0.8796,0.8882,0.8906,0.8786,0.8863
78607,0.8906,0.8887,0.8882,0.8906,0.8848,0.8901,0.8786,0.8839,0.8796,0.8882,0.8906,0.8786,0.8863
78608,0.8906,0.8887,0.8882,0.8906,0.8848,0.8901,0.8786,0.8839,0.8796,0.8882,0.8906,0.8786,0.8863
78609,0.8906,0.8887,0.8882,0.8906,0.8848,0.8901,0.8786,0.8839,0.8796,0.8882,0.8906,0.8786,0.8863
78610,0.8906,0.8887,0.8882,0.8906,0.8848,0.8901,0.8786,0.8839,0.8796,0.8882,0.8906,0.8786,0.8863
79205,0.8906,0.8887,0.8882,0.8906,0.8848,0.8901,0.8786,0.8839,0.8796,0.8882,0.8906,0.8786,0.8863
79207,0.8906,0.8887,0.8882,0.8906,0.8848,0.8901,0.8786,0.8839,0.8796,0.8882,0.8906,0.8786,0.8863
79208,0.8906,0.8887,0.8882,0.8906,0.8848,0.8901,0.8786,0.8839,0.8796,0.8882,0.8906,0.8786,0.8863
79209,0.8906,0.8887,0.8882,0.8906,0.8848,0.8901,0.8786,0.8839,0.8796,0.8882,0.8906,0.8786,0.8863
79210,0.8906,0.8887,0.8882,0.8906,0.8848,0.8901,0.8786,0.8839,0.8796,0.8882,0.8906,0.8786,0.8863
79805,0.8906,0.8887,0.8882,0.8906,0.8848,0.8901,0.8786,0.8839,0.8796,0.8882,0.8906,0.8786,0.8863
79807,0.8906,0.8887,0.8882,0.8906,0.8848,0.8901,0.8786,0.8839,0.8796,0.8882,0.8906,0.8786,0.8863
79808,0.8906,0.8887,0.8882,0.8906,0.8848,0.8901,0.8786,0.8839,0.8796,0.8882,0.8906,0.8786,0.8863
79809,0.8906,0.8887,0.8882,0.8906,0.8848,0.8901,0.8786,0.8839,0.8796,0.8882,0.8906,0.8786,0.8863
79810,0.8906,0.8887,0.8882,0.8906,0.8848,0.8901,0.88,0.8839,0.8796,0.8882,0.8906,0.8796,0.8865
80405,0.8906,0.8887,0.8882,0.8906,0.8848,0.8901,0.88,0.8839,0.8796,0.8882,0.8906,0.8796,0.8865
80407,0.8906,0.8887,0.8882,0.8906,0.8848,0.8901,0.88,0.8839,0.8796,0.8882,0.8906,0.8796,0.8865
80408,0.8906,0.8887,0.8882,0.8906,0.8848,0.8901,0.88,0.8839,0.8796,0.8882,0.8906,0.8796,0.8865
80409,0.8906,0.8887,0.8882,0.8906,0.8848,0.8901,0.88,0.8839,0.8796,0.8882,0.8906,0.8796,0.8865
80410,0.8906,0.8887,0.8882,0.8906,0.8848,0.8901,0.88,0.8839,0.8796,0.8882,0.8906,0.8796,0.8865
81005,0.8906,0.8887,0.8882,0.8906,0.8848,0.8901,0.88,0.8839,0.8796,0.8882,0.8906,0.8796,0.8865
81007,0.8906,0.8887,0.8882,0.8906,0.8848,0.8901,0.88,0.8839,0.8796,0.8882,0.8906,0.8796,0.8865
81008,0.8906,0.8887,0.8882,0.8906,0.8848,0.8901,0.88,0.8839,0.8796,0.8882,0.8906,0.8796,0.8865
81009,0.8906,0.8887,0.8882,0.8906,0.8848,0.8901,0.88,0.8839,0.8796,0.8882,0.8906,0.8796,0.8865
81010,0.8906,0.8887,0.8882,0.8906,0.8848,0.8901,0.88,0.8839,0.8796,0.8882,0.8906,0.8796,0.8865
81605,0.8906,0.8887,0.8882,0.8906,0.8848,0.8901,0.88,0.8839,0.8796,0.8882,0.8906,0.8796,0.8865
81607,0.8906,0.8887,0.8882,0.8906,0.8848,0.8901,0.88,0.8839,0.8796,0.8882,0.8906,0.8796,0.8865
81608,0.8906,0.8887,0.8882,0.8906,0.8848,0.8901,0.88,0.8839,0.8796,0.8882,0.8906,0.8796,0.8865
81609,0.8906,0.8887,0.8882,0.8906,0.8848,0.8901,0.88,0.8839,0.8796,0.8882,0.8906,0.8796,0.8865
81610,0.8906,0.8887,0.8882,0.8906,0.8848,0.8901,0.88,0.8839,0.8796,0.8882,0.8906,0.8796,0.8865
82205,0.8906,0.8887,0.8882,0.8906,0.8848,0.8901,0.88,0.8839,0.8796,0.8882,0.8906,0.8796,0.8865
82207,0.8906,0.8887,0.8882,0.8906,0.8848,0.8901,0.88,0.8839,0.8796,0.8882,0.8906,0.8796,0.8865
82208,0.8906,0.8887,0.8882,0.8906,0.8848,0.8901,0.88,0.8839,0.8796,0.8882,0.8906,0.8796,0.8865
82209,0.8906,0.8887,0.8882,0.8906,0.8848,0.8901,0.88,0.8839,0.8796,0.8882,0.8906,0.8796,0.8865
82210,0.8906,0.8887,0.8882,0.8906,0.8848,0.8901,0.88,0.8839,0.8796,0.8882,0.8906,0.8796,0.8865
82805,0.8906,0.8887,0.8882,0.8906,0.8848,0.8901,0.88,0.8839,0.8796,0.8882,0.8906,0.8796,0.8865
82807,0.8906,0.8887,0.8882,0.8906,0.8848,0.8901,0.88,0.8839,0.8796,0.8882,0.8906,0.8796,0.8865
82808,0.8906,0.8887,0.8882,0.8906,0.8848,0.8901,0.88,0.8839,0.8796,0.8882,0.8906,0.8796,0.8865
82809,0.8906,0.8887,0.8882,0.8906,0.8848,0.8901,0.88,0.8839,0.8796,0.8882,0.8906,0.8796,0.8865
82810,0.8906,0.8887,0.8882,0.8906,0.8848,0.8901,0.88,0.8839,0.8796,0.8882,0.8906,0.8796,0.8865
83405,0.8906,0.8887,0.8882,0.8906,0.8848,0.8901,0.88,0.8839,0.8796,0.8882,0.8906,0.8796,0.8865
83407,0.8906,0.8887,0.8882,0.8906,0.8848,0.8901,0.88,0.8839,0.8796,0.8882,0.8906,0.8796,0.8865
83408,0.8906,0.8887,0.8882,0.8906,0.8848,0.8901,0.88,0.8839,0.8796,0.8882,0.8906,0.8796,0.8865
83409,0.8906,0.8887,0.8882,0.8906,0.8848,0.8901,0.88,0.8839,0.8796,0.8882,0.8906,0.8796,0.8865
83410,0.8906,0.8887,0.8882,0.8906,0.8848,0.8901,0.88,0.8839,0.8796,0.8882,0.8906,0.8796,0.8865
84005,0.8906,0.8887,0.8882,0.8906,0.8848,0.8901,0.88,0.8839,0.8796,0.8882,0.8906,0.8796,0.8865
84007,0.8906,0.8887,0.8882,0.8906,0.8848,0.8901,0.88,0.8839,0.8796,0.8882,0.8906,0.8796,0.8865
84008,0.8906,0.8887,0.8882,0.8906,0.8848,0.8901,0.88,0.8839,0.8796,0.8882,0.8906,0.8796,0.8865
84009,0.8906,0.8887,0.8882,0.8906,0.8848,0.8901,0.88,0.8839,0.8796,0.8882,0.8906,0.8796,0.8865
84010,0.8906,0.8887,0.8882,0.8906,0.8848,0.8901,0.88,0.8839,0.8796,0.8882,0.8906,0.8796,0.8865
84605,0.8906,0.8887,0.8882,0.8906,0.8848,0.8901,0.88,0.8839,0.8796,0.8882,0.8906,0.8796,0.8865
84607,0.8906,0.8887,0.8882,0.8906,0.8848,0.8901,0.88,0.8839,0.8796,0.8882,0.8906,0.8796,0.8865
84608,0.8906,0.8887,0.8882,0.8906,0.8848,0.8901,0.88,0.8839,0.8796,0.8882,0.8906,0.8796,0.8865
84609,0.8906,0.8887,0.8882,0.8906,0.8848,0.8901,0.88,0.8839,0.8796,0.8882,0.8906,0.8796,0.8865
84610,0.8906,0.8887,0.8882,0.8906,0.8848,0.8901,0.88,0.8839,0.8796,0.8882,0.8906,0.8796,0.8865
85205,0.8906,0.8887,0.8882,0.8906,0.8848,0.8901,0.88,0.8839,0.8796,0.8882,0.8906,0.8796,0.8865
85207,0.8906,0.8887,0.8882,0.8906,0.8848,0.8901,0.88,0.8839,0.8796,0.8882,0.8906,0.8796,0.8865
85208,0.8906,0.8887,0.8882,0.8906,0.8848,0.8901,0.88,0.8839,0.8796,0.8882,0.8906,0.8796,0.8865
85209,0.8906,0.8887,0.8882,0.8906,0.8848,0.8901,0.88,0.8839,0.8796,0.8882,0.8906,0.8796,0.8865
85210,0.8906,0.8887,0.8882,0.8906,0.8848,0.8901,0.88,0.8839,0.8796,0.8882,0.8906,0.8796,0.8865
85805,0.8906,0.8887,0.8882,0.8906,0.8848,0.8901,0.88,0.8839,0.8796,0.8882,0.8906,0.8796,0.8865
85807,0.8906,0.8887,0.8882,0.8906,0.8848,0.8901,0.88,0.8839,0.8796,0.8882,0.8906,0.8796,0.8865
85808,0.8906,0.8887,0.8882,0.8906,0.8848,0.8901,0.88,0.8839,0.8796,0.8882,0.8906,0.8796,0.8865
85809,0.8906,0.8887,0.8882,0.8906,0.8848,0.8901,0.88,0.8839,0.8796,0.8882,0.8906,0.8796,0.8865
85810,0.8906,0.8887,0.8882,0.8906,0.8848,0.8901,0.88,0.8839,0.8796,0.8882,0.8906,0.8796,0.8865
