timestamp,ehci6,ehci3,ehci9,ehci8,ehci7,ehci2,ehci0,ehci1,ehci5,ehci4,max,min,avg
0,0.0573,0.0573,0.0573,0.0573,0.0573,0.0573,0.0573,0.0573,0.0573,0.0573,0.0573,0.0573,0.0573
3,0.0573,0.0573,0.0573,0.0573,0.0573,0.0573,0.0573,0.0573,0.0573,0.0573,0.0573,0.0573,0.0573
4,0.0573,0.0852,0.0573,0.0573,0.0573,0.0573,0.0573,0.0573,0.0573,0.0573,0.0852,0.0573,0.0601
5,0.0573,0.088,0.0573,0.0573,0.0573,0.0573,0.0573,0.0573,0.0573,0.0573,0.088,0.0573,0.0604
6,0.0573,0.088,0.0573,0.0573,0.0573,0.0573,0.0573,0.0573,0.0573,0.0573,0.088,0.0573,0.0604
7,0.0573,0.0936,0.0573,0.0573,0.0573,0.0573,0.0573,0.0712,0.0573,0.0573,0.0936,0.0573,0.0623
8,0.0573,0.0936,0.0573,0.0573,0.0573,0.0573,0.0573,0.0712,0.0573,0.0573,0.0936,0.0573,0.0623
9,0.0573,0.1089,0.0573,0.0573,0.0573,0.0573,0.0573,0.0712,0.0573,0.0573,0.1089,0.0573,0.0639
10,0.0573,0.1103,0.0573,0.0573,0.0573,0.0782,0.0573,0.0754,0.0768,0.0573,0.1103,0.0573,0.0684
11,0.0573,0.1103,0.0573,0.0573,0.0573,0.0782,0.0573,0.0754,0.0768,0.0573,0.1103,0.0573,0.0684
12,0.0573,0.1103,0.0573,0.0573,0.0573,0.0782,0.0573,0.0754,0.0796,0.0573,0.1103,0.0573,0.0687
13,0.0573,0.1103,0.0573,0.0573,0.0573,0.0782,0.0573,0.0754,0.0936,0.0573,0.1103,0.0573,0.0701
14,0.0573,0.1103,0.0573,0.0573,0.0573,0.0782,0.0573,0.0754,0.0936,0.0573,0.1103,0.0573,0.0701
15,0.0573,0.1103,0.0573,0.0573,0.0573,0.081,0.0573,0.0754,0.0936,0.0573,0.1103,0.0573,0.0704
16,0.0573,0.1103,0.0573,0.0573,0.0573,0.081,0.0573,0.0754,0.0936,0.0573,0.1103,0.0573,0.0704
17,0.0573,0.1103,0.0573,0.0573,0.0573,0.081,0.0573,0.0754,0.0936,0.0573,0.1103,0.0573,0.0704
18,0.0573,0.1103,0.0573,0.0573,0.0573,0.081,0.0573,0.0754,0.0992,0.0573,0.1103,0.0573,0.071
19,0.0573,0.1103,0.0573,0.0573,0.0573,0.081,0.0573,0.0754,0.102,0.0573,0.1103,0.0573,0.0713
20,0.0573,0.1103,0.0573,0.0573,0.0573,0.081,0.0573,0.0754,0.102,0.0573,0.1103,0.0573,0.0713
21,0.0684,0.1103,0.0573,0.0573,0.0573,0.081,0.0573,0.0754,0.102,0.0573,0.1103,0.0573,0.0724
22,0.0684,0.1103,0.0573,0.0573,0.0573,0.081,0.0782,0.0754,0.102,0.0573,0.1103,0.0573,0.0745
23,0.0684,0.1103,0.0573,0.0573,0.0573,0.081,0.081,0.0754,0.102,0.0573,0.1103,0.0573,0.0747
24,0.0684,0.1243,0.0573,0.0573,0.0573,0.081,0.081,0.0754,0.102,0.0573,0.1243,0.0573,0.0761
25,0.0684,0.1243,0.0573,0.0573,0.0573,0.081,0.0852,0.0754,0.102,0.0573,0.1243,0.0573,0.0765
26,0.0684,0.1243,0.0573,0.0573,0.0573,0.081,0.081,0.0754,0.102,0.0573,0.1243,0.0573,0.0761
27,0.0684,0.1243,0.0573,0.0573,0.0573,0.0838,0.081,0.0754,0.102,0.0573,0.1243,0.0573,0.0764
28,0.0684,0.1243,0.0573,0.0573,0.0573,0.0838,0.081,0.0754,0.102,0.0573,0.1243,0.0573,0.0764
29,0.0684,0.1243,0.0573,0.0573,0.0573,0.0838,0.081,0.0754,0.1047,0.0573,0.1243,0.0573,0.0767
30,0.0684,0.1243,0.0573,0.0573,0.0573,0.0838,0.081,0.0754,0.1047,0.0573,0.1243,0.0573,0.0767
31,0.0684,0.1243,0.0573,0.0573,0.0628,0.0838,0.081,0.0754,0.1047,0.0573,0.1243,0.0573,0.0772
32,0.0684,0.1243,0.0573,0.0573,0.0628,0.0838,0.081,0.0754,0.1047,0.0573,0.1243,0.0573,0.0772
33,0.0684,0.1341,0.0573,0.0573,0.0628,0.0838,0.081,0.0754,0.1047,0.0573,0.1341,0.0573,0.0782
34,0.0684,0.1341,0.0573,0.0573,0.0628,0.0838,0.081,0.0754,0.1047,0.0573,0.1341,0.0573,0.0782
35,0.0684,0.1341,0.0573,0.0573,0.0628,0.0838,0.081,0.0754,0.1047,0.0573,0.1341,0.0573,0.0782
36,0.0684,0.1341,0.0573,0.0573,0.0628,0.0838,0.081,0.0754,0.1047,0.0573,0.1341,0.0573,0.0782
37,0.0684,0.1341,0.0573,0.0573,0.0628,0.0838,0.081,0.0754,0.1047,0.0573,0.1341,0.0573,0.0782
38,0.0684,0.1341,0.0573,0.0573,0.0628,0.0838,0.081,0.0754,0.1047,0.0573,0.1341,0.0573,0.0782
39,0.0684,0.1341,0.0573,0.0573,0.0628,0.0838,0.081,0.0754,0.1047,0.0573,0.1341,0.0573,0.0782
40,0.0684,0.1341,0.0573,0.0573,0.0628,0.0838,0.081,0.0754,0.1061,0.0573,0.1341,0.0573,0.0784
41,0.0684,0.1341,0.0573,0.0573,0.0628,0.0838,0.081,0.0754,0.1061,0.0573,0.1341,0.0573,0.0784
42,0.0684,0.1341,0.0573,0.0573,0.0628,0.0838,0.081,0.0754,0.1061,0.0573,0.1341,0.0573,0.0784
43,0.0684,0.1341,0.0573,0.0573,0.0628,0.0838,0.081,0.0754,0.1061,0.074,0.1341,0.0573,0.08
44,0.0684,0.1341,0.0573,0.0573,0.0628,0.1034,0.081,0.0754,0.1061,0.074,0.1341,0.0573,0.082
45,0.0684,0.1341,0.0573,0.0573,0.0628,0.1075,0.081,0.0754,0.1061,0.074,0.1341,0.0573,0.0824
46,0.0684,0.1341,0.0573,0.0573,0.0656,0.1075,0.081,0.0754,0.1089,0.074,0.1341,0.0573,0.0829
47,0.0684,0.1341,0.0573,0.0573,0.0656,0.1075,0.081,0.0754,0.1089,0.074,0.1341,0.0573,0.0829
48,0.0684,0.1341,0.0573,0.0573,0.0656,0.1075,0.081,0.0754,0.1089,0.074,0.1341,0.0573,0.0829
49,0.0684,0.1341,0.0573,0.0573,0.0656,0.1075,0.081,0.0754,0.1089,0.074,0.1341,0.0573,0.0829
50,0.0684,0.1341,0.0573,0.0573,0.0656,0.1075,0.095,0.0754,0.1089,0.074,0.1341,0.0573,0.0844
51,0.0684,0.1341,0.0573,0.0573,0.0656,0.1075,0.095,0.0754,0.1089,0.074,0.1341,0.0573,0.0844
52,0.0684,0.1341,0.0573,0.0573,0.0656,0.1075,0.095,0.0768,0.1089,0.074,0.1341,0.0573,0.0845
53,0.0684,0.1341,0.0573,0.0573,0.0656,0.1075,0.095,0.0768,0.1089,0.074,0.1341,0.0573,0.0845
54,0.0684,0.1341,0.0573,0.0573,0.0656,0.1075,0.095,0.0768,0.1089,0.074,0.1341,0.0573,0.0845
55,0.0684,0.1341,0.0573,0.0573,0.0656,0.1075,0.095,0.0768,0.1089,0.074,0.1341,0.0573,0.0845
56,0.0684,0.1341,0.0573,0.0573,0.0656,0.1075,0.095,0.0768,0.1089,0.074,0.1341,0.0573,0.0845
57,0.0684,0.1341,0.0573,0.0573,0.0656,0.1075,0.095,0.0768,0.1089,0.074,0.1341,0.0573,0.0845
58,0.0684,0.1341,0.0573,0.0573,0.0656,0.1075,0.095,0.0768,0.1089,0.074,0.1341,0.0573,0.0845
59,0.0684,0.1341,0.0573,0.0573,0.0656,0.1075,0.095,0.0768,0.1089,0.074,0.1341,0.0573,0.0845
60,0.0684,0.1341,0.0573,0.0573,0.0656,0.1075,0.095,0.0768,0.1089,0.074,0.1341,0.0573,0.0845
61,0.0684,0.1341,0.0573,0.0573,0.0656,0.1117,0.095,0.0768,0.1089,0.074,0.1341,0.0573,0.0849
62,0.0684,0.1341,0.0573,0.0573,0.0656,0.1117,0.095,0.0768,0.1089,0.074,0.1341,0.0573,0.0849
63,0.0684,0.1341,0.0573,0.0573,0.0656,0.1117,0.095,0.0768,0.1089,0.074,0.1341,0.0573,0.0849
64,0.0684,0.1341,0.0573,0.0573,0.0656,0.1159,0.095,0.0768,0.1089,0.074,0.1341,0.0573,0.0853
65,0.0684,0.1341,0.0684,0.0573,0.0656,0.1159,0.095,0.0768,0.1089,0.074,0.1341,0.0573,0.0864
66,0.0684,0.1341,0.0684,0.0573,0.0656,0.1159,0.095,0.0768,0.1089,0.074,0.1341,0.0573,0.0864
67,0.0684,0.1341,0.0684,0.0573,0.0656,0.1159,0.095,0.0768,0.1089,0.074,0.1341,0.0573,0.0864
68,0.0684,0.1341,0.0684,0.0573,0.0656,0.1159,0.095,0.0768,0.1131,0.074,0.1341,0.0573,0.0869
69,0.0684,0.1341,0.0684,0.0573,0.0656,0.1159,0.095,0.0768,0.1131,0.074,0.1341,0.0573,0.0869
70,0.0684,0.1341,0.0684,0.0573,0.067,0.1159,0.095,0.0768,0.1131,0.074,0.1341,0.0573,0.087
71,0.0684,0.1369,0.0684,0.0573,0.067,0.1159,0.095,0.0768,0.1131,0.074,0.1369,0.0573,0.0873
72,0.0684,0.1369,0.0684,0.0573,0.067,0.1159,0.095,0.0768,0.1131,0.074,0.1369,0.0573,0.0873
73,0.0684,0.1369,0.0684,0.0573,0.067,0.1159,0.095,0.0768,0.1131,0.074,0.1369,0.0573,0.0873
74,0.0684,0.1369,0.0684,0.0573,0.067,0.1159,0.095,0.0768,0.1131,0.0852,0.1369,0.0573,0.0884
75,0.0684,0.1369,0.0698,0.0573,0.067,0.1159,0.095,0.0768,0.1131,0.0852,0.1369,0.0573,0.0885
76,0.0684,0.1369,0.0698,0.0684,0.067,0.1159,0.095,0.0768,0.1662,0.0852,0.1662,0.067,0.095
77,0.0684,0.1369,0.0698,0.0684,0.067,0.1159,0.095,0.0768,0.1662,0.0852,0.1662,0.067,0.095
78,0.0684,0.1369,0.0698,0.0684,0.0824,0.1159,0.095,0.0768,0.1662,0.0852,0.1662,0.0684,0.0965
79,0.0684,0.1369,0.0698,0.0684,0.0824,0.1159,0.095,0.0768,0.1676,0.0852,0.1676,0.0684,0.0966
80,0.0684,0.1369,0.0698,0.0684,0.0824,0.1159,0.095,0.0768,0.1676,0.0852,0.1676,0.0684,0.0966
81,0.0684,0.1369,0.0698,0.0684,0.0824,0.1159,0.095,0.0768,0.1704,0.0852,0.1704,0.0684,0.0969
82,0.0684,0.1369,0.0698,0.0684,0.0824,0.1159,0.095,0.0768,0.1704,0.0852,0.1704,0.0684,0.0969
83,0.0684,0.1369,0.0698,0.074,0.0824,0.1159,0.095,0.0768,0.1704,0.0852,0.1704,0.0684,0.0975
84,0.0684,0.1369,0.0698,0.074,0.0824,0.1159,0.0978,0.0768,0.1704,0.0852,0.1704,0.0684,0.0978
85,0.0684,0.1369,0.0698,0.074,0.0866,0.1159,0.0978,0.0768,0.1704,0.0852,0.1704,0.0684,0.0982
86,0.0684,0.1369,0.0698,0.074,0.0866,0.1159,0.0978,0.0768,0.1704,0.0852,0.1704,0.0684,0.0982
87,0.0684,0.1369,0.0698,0.0852,0.0866,0.1159,0.0978,0.0768,0.1704,0.0852,0.1704,0.0684,0.0993
88,0.0684,0.1369,0.081,0.0852,0.0866,0.1159,0.0978,0.0768,0.1704,0.0852,0.1704,0.0684,0.1004
89,0.0684,0.1369,0.0852,0.0852,0.0866,0.1159,0.0978,0.0796,0.1704,0.0852,0.1704,0.0684,0.1011
90,0.0684,0.1397,0.0852,0.0852,0.0866,0.1159,0.0978,0.0796,0.1704,0.0852,0.1704,0.0684,0.1014
91,0.0684,0.1397,0.0852,0.0852,0.0866,0.1159,0.0978,0.0796,0.1704,0.0852,0.1704,0.0684,0.1014
92,0.0684,0.1397,0.0852,0.0852,0.0866,0.1159,0.0992,0.0796,0.1704,0.0852,0.1704,0.0684,0.1015
93,0.0684,0.1397,0.0852,0.0852,0.0866,0.1159,0.0992,0.0796,0.1704,0.0852,0.1704,0.0684,0.1015
94,0.0684,0.1397,0.0852,0.0852,0.0866,0.1159,0.0992,0.0796,0.1704,0.0852,0.1704,0.0684,0.1015
95,0.0684,0.1397,0.0852,0.0852,0.0866,0.1159,0.0992,0.0796,0.1704,0.0852,0.1704,0.0684,0.1015
96,0.0684,0.1397,0.0852,0.0852,0.0866,0.1159,0.0992,0.0796,0.1704,0.0852,0.1704,0.0684,0.1015
97,0.0684,0.1397,0.0852,0.0866,0.0894,0.1159,0.0992,0.0796,0.1704,0.0852,0.1704,0.0684,0.102
98,0.0684,0.1397,0.0852,0.0866,0.0894,0.1159,0.0992,0.0796,0.1704,0.0852,0.1704,0.0684,0.102
99,0.0684,0.1397,0.0852,0.0866,0.0894,0.1159,0.0992,0.0796,0.1704,0.0852,0.1704,0.0684,0.102
100,0.0684,0.1397,0.0852,0.0866,0.0894,0.1173,0.0992,0.0796,0.1732,0.0852,0.1732,0.0684,0.1024
101,0.0684,0.1397,0.0852,0.095,0.0894,0.1173,0.0992,0.0796,0.1732,0.0852,0.1732,0.0684,0.1032
102,0.0684,0.1397,0.0852,0.095,0.0894,0.1173,0.0992,0.0796,0.1732,0.0852,0.1732,0.0684,0.1032
103,0.0684,0.1397,0.0852,0.095,0.0992,0.1173,0.0992,0.0796,0.1732,0.0852,0.1732,0.0684,0.1042
104,0.0684,0.1397,0.0852,0.095,0.0992,0.1173,0.0992,0.0796,0.1732,0.0852,0.1732,0.0684,0.1042
105,0.0684,0.1397,0.0852,0.095,0.0992,0.1173,0.0992,0.0796,0.1732,0.0852,0.1732,0.0684,0.1042
106,0.0684,0.1397,0.0852,0.095,0.0992,0.1173,0.0992,0.0796,0.1732,0.0852,0.1732,0.0684,0.1042
107,0.0684,0.1439,0.0852,0.095,0.0992,0.1173,0.0992,0.0796,0.1732,0.0852,0.1732,0.0684,0.1046
108,0.0684,0.1439,0.0852,0.095,0.0992,0.1173,0.0992,0.0796,0.1732,0.0852,0.1732,0.0684,0.1046
109,0.0684,0.1439,0.0852,0.0964,0.0992,0.1173,0.0992,0.0796,0.1732,0.0852,0.1732,0.0684,0.1048
110,0.0684,0.1439,0.0852,0.0964,0.0992,0.1173,0.0992,0.0796,0.1732,0.0852,0.1732,0.0684,0.1048
111,0.0684,0.1439,0.0852,0.0964,0.0992,0.1173,0.0992,0.0796,0.1732,0.0866,0.1732,0.0684,0.1049
112,0.0684,0.1439,0.0852,0.0964,0.0992,0.1173,0.0992,0.0796,0.1732,0.0866,0.1732,0.0684,0.1049
113,0.0684,0.1439,0.0852,0.0964,0.0992,0.1173,0.0992,0.0796,0.1732,0.0866,0.1732,0.0684,0.1049
114,0.0684,0.1439,0.0852,0.0964,0.0992,0.1173,0.0992,0.0796,0.1732,0.0866,0.1732,0.0684,0.1049
115,0.0684,0.1439,0.0852,0.0964,0.0992,0.1173,0.0992,0.0796,0.1732,0.0866,0.1732,0.0684,0.1049
116,0.0684,0.1439,0.0852,0.0992,0.0992,0.1173,0.0992,0.0796,0.1732,0.0866,0.1732,0.0684,0.1052
117,0.0684,0.1439,0.0852,0.0992,0.0992,0.1173,0.0992,0.0796,0.1732,0.0866,0.1732,0.0684,0.1052
118,0.0684,0.1439,0.0852,0.0992,0.0992,0.1173,0.0992,0.0796,0.1732,0.0866,0.1732,0.0684,0.1052
119,0.0684,0.1439,0.0852,0.0992,0.0992,0.1173,0.0992,0.0796,0.1732,0.0866,0.1732,0.0684,0.1052
120,0.0684,0.1439,0.0852,0.0992,0.0992,0.1173,0.0992,0.0796,0.1732,0.0866,0.1732,0.0684,0.1052
121,0.0684,0.1439,0.0852,0.0992,0.0992,0.1173,0.0992,0.0796,0.1732,0.0866,0.1732,0.0684,0.1052
122,0.0684,0.1439,0.0852,0.0992,0.1034,0.1173,0.0992,0.0796,0.1732,0.0866,0.1732,0.0684,0.1056
123,0.0684,0.1439,0.0852,0.0992,0.1034,0.1173,0.0992,0.0796,0.1732,0.0866,0.1732,0.0684,0.1056
124,0.0684,0.1439,0.0852,0.0992,0.1034,0.1173,0.0992,0.0796,0.1732,0.0866,0.1732,0.0684,0.1056
125,0.0684,0.1439,0.0852,0.0992,0.1034,0.1173,0.0992,0.0796,0.1732,0.0866,0.1732,0.0684,0.1056
126,0.0684,0.1439,0.0852,0.0992,0.1034,0.1173,0.0992,0.0796,0.1732,0.0866,0.1732,0.0684,0.1056
127,0.0684,0.1439,0.0852,0.0992,0.1034,0.1173,0.0992,0.0796,0.1732,0.0866,0.1732,0.0684,0.1056
128,0.0684,0.1439,0.0852,0.0992,0.1034,0.1173,0.1006,0.0796,0.1732,0.0866,0.1732,0.0684,0.1057
129,0.0684,0.1439,0.0852,0.0992,0.1034,0.1173,0.1006,0.0796,0.1732,0.0866,0.1732,0.0684,0.1057
130,0.0684,0.1439,0.0852,0.0992,0.1034,0.1173,0.1006,0.0796,0.1732,0.0866,0.1732,0.0684,0.1057
131,0.0684,0.1439,0.0866,0.0992,0.1034,0.1173,0.1006,0.0796,0.1816,0.0866,0.1816,0.0684,0.1067
132,0.0684,0.1439,0.0866,0.0992,0.1034,0.1173,0.1006,0.0796,0.1816,0.0866,0.1816,0.0684,0.1067
133,0.0684,0.1439,0.0866,0.0992,0.1034,0.1173,0.1006,0.0796,0.1816,0.0866,0.1816,0.0684,0.1067
134,0.0684,0.1439,0.0866,0.0992,0.1034,0.1173,0.1006,0.0796,0.1816,0.0866,0.1816,0.0684,0.1067
135,0.0684,0.1439,0.0866,0.0992,0.1034,0.1173,0.1006,0.0796,0.1816,0.0866,0.1816,0.0684,0.1067
136,0.0684,0.1439,0.0866,0.0992,0.1034,0.1173,0.1006,0.0796,0.1816,0.0866,0.1816,0.0684,0.1067
137,0.0684,0.1439,0.0866,0.0992,0.1034,0.1173,0.1006,0.0796,0.1816,0.0866,0.1816,0.0684,0.1067
138,0.0684,0.1439,0.0866,0.0992,0.1034,0.1173,0.1006,0.0796,0.1816,0.0866,0.1816,0.0684,0.1067
139,0.0684,0.1439,0.0866,0.1089,0.1034,0.1173,0.102,0.0796,0.1816,0.0866,0.1816,0.0684,0.1078
140,0.0684,0.1439,0.0866,0.1089,0.1034,0.1173,0.102,0.0796,0.1816,0.0866,0.1816,0.0684,0.1078
141,0.0684,0.1439,0.0866,0.1089,0.1034,0.1173,0.102,0.0796,0.1816,0.0866,0.1816,0.0684,0.1078
142,0.0684,0.1439,0.0866,0.1089,0.1034,0.1173,0.102,0.0796,0.1816,0.0866,0.1816,0.0684,0.1078
143,0.0684,0.1439,0.0866,0.1089,0.1034,0.1173,0.102,0.0796,0.1816,0.0866,0.1816,0.0684,0.1078
144,0.0684,0.1439,0.0866,0.1089,0.1034,0.1173,0.102,0.0796,0.1927,0.0866,0.1927,0.0684,0.1089
145,0.0684,0.1439,0.0866,0.1089,0.1034,0.1173,0.102,0.0796,0.1927,0.0866,0.1927,0.0684,0.1089
146,0.0684,0.1439,0.0866,0.1089,0.1034,0.1173,0.102,0.0796,0.1927,0.0866,0.1927,0.0684,0.1089
147,0.0684,0.1439,0.0866,0.1089,0.1034,0.1173,0.102,0.0796,0.1927,0.0866,0.1927,0.0684,0.1089
148,0.0684,0.1439,0.0866,0.1089,0.1034,0.1173,0.102,0.0796,0.1927,0.0866,0.1927,0.0684,0.1089
149,0.0684,0.1439,0.0866,0.1089,0.1034,0.1173,0.1145,0.0796,0.1927,0.0866,0.1927,0.0684,0.1102
150,0.0684,0.1439,0.0866,0.1089,0.1034,0.1173,0.1145,0.0796,0.1927,0.0866,0.1927,0.0684,0.1102
151,0.0684,0.1439,0.0866,0.1089,0.1034,0.1173,0.1145,0.0796,0.1927,0.0866,0.1927,0.0684,0.1102
152,0.0684,0.1439,0.0866,0.1089,0.1034,0.1173,0.1145,0.0796,0.1927,0.0866,0.1927,0.0684,0.1102
153,0.0684,0.1439,0.0866,0.1089,0.1034,0.1173,0.1145,0.0796,0.1927,0.0866,0.1927,0.0684,0.1102
154,0.0684,0.1439,0.0866,0.1089,0.1034,0.1173,0.1145,0.0796,0.1927,0.0866,0.1927,0.0684,0.1102
155,0.0684,0.1439,0.0866,0.1089,0.1034,0.1173,0.1145,0.0796,0.1927,0.0866,0.1927,0.0684,0.1102
156,0.0684,0.1439,0.0866,0.1089,0.1034,0.1173,0.1145,0.0796,0.1927,0.0866,0.1927,0.0684,0.1102
157,0.0684,0.1439,0.0866,0.1089,0.1034,0.1173,0.1145,0.0796,0.1927,0.0866,0.1927,0.0684,0.1102
158,0.0684,0.1439,0.0866,0.1089,0.1034,0.1173,0.1145,0.0796,0.1927,0.0866,0.1927,0.0684,0.1102
159,0.0684,0.1439,0.0866,0.1089,0.1034,0.1173,0.1145,0.0796,0.1927,0.0866,0.1927,0.0684,0.1102
160,0.0684,0.1439,0.0866,0.1089,0.1034,0.1173,0.1145,0.0796,0.1927,0.0866,0.1927,0.0684,0.1102
161,0.0684,0.1439,0.0866,0.1089,0.1034,0.1173,0.1145,0.0796,0.1927,0.0866,0.1927,0.0684,0.1102
162,0.0684,0.1439,0.0866,0.1089,0.1034,0.1173,0.1145,0.0796,0.1927,0.0866,0.1927,0.0684,0.1102
163,0.0726,0.1439,0.0866,0.1089,0.1034,0.1173,0.1145,0.0796,0.1927,0.0866,0.1927,0.0726,0.1106
164,0.0726,0.1439,0.0866,0.1089,0.1034,0.1173,0.1145,0.0796,0.1927,0.0866,0.1927,0.0726,0.1106
165,0.0726,0.1439,0.0866,0.1089,0.1034,0.1173,0.1145,0.0796,0.1927,0.0866,0.1927,0.0726,0.1106
166,0.0726,0.1439,0.0866,0.1089,0.1034,0.1173,0.1145,0.0796,0.1969,0.0866,0.1969,0.0726,0.111
167,0.0754,0.1439,0.0866,0.1089,0.1034,0.1173,0.1145,0.0796,0.1969,0.0866,0.1969,0.0754,0.1113
168,0.0754,0.1439,0.0866,0.1089,0.1034,0.1173,0.1145,0.0796,0.1969,0.0866,0.1969,0.0754,0.1113
169,0.0754,0.1439,0.088,0.1089,0.1034,0.1173,0.1145,0.0796,0.1969,0.0866,0.1969,0.0754,0.1115
170,0.0754,0.1439,0.088,0.1089,0.1034,0.1173,0.1145,0.0796,0.1969,0.0866,0.1969,0.0754,0.1115
171,0.0754,0.1439,0.088,0.1089,0.1034,0.1173,0.1145,0.0796,0.1969,0.0866,0.1969,0.0754,0.1115
172,0.0754,0.1439,0.088,0.1089,0.1034,0.1173,0.1145,0.0796,0.1969,0.0866,0.1969,0.0754,0.1115
173,0.0754,0.1439,0.088,0.1089,0.1034,0.1173,0.1145,0.0796,0.1969,0.0866,0.1969,0.0754,0.1115
174,0.0754,0.1439,0.088,0.1089,0.1034,0.1173,0.1145,0.0796,0.1969,0.0866,0.1969,0.0754,0.1115
175,0.0754,0.1439,0.088,0.1089,0.1034,0.1173,0.1145,0.0796,0.1969,0.0866,0.1969,0.0754,0.1115
176,0.0754,0.1439,0.088,0.1089,0.1034,0.1173,0.1145,0.0796,0.1969,0.0866,0.1969,0.0754,0.1115
177,0.0754,0.1439,0.088,0.1089,0.1034,0.1173,0.1145,0.0796,0.1969,0.0866,0.1969,0.0754,0.1115
178,0.0754,0.1439,0.088,0.1089,0.1034,0.1173,0.1145,0.0796,0.1969,0.0866,0.1969,0.0754,0.1115
179,0.0754,0.1439,0.088,0.1089,0.1034,0.1173,0.1145,0.0796,0.1969,0.0866,0.1969,0.0754,0.1115
180,0.0754,0.1439,0.088,0.1089,0.1034,0.1173,0.1145,0.0796,0.1969,0.0866,0.1969,0.0754,0.1115
181,0.0754,0.1439,0.088,0.1089,0.1034,0.1173,0.1145,0.0796,0.1969,0.0866,0.1969,0.0754,0.1115
182,0.0754,0.1439,0.088,0.1089,0.1034,0.1173,0.1145,0.0796,0.1969,0.0866,0.1969,0.0754,0.1115
183,0.0754,0.1439,0.088,0.1089,0.1034,0.1173,0.1145,0.0796,0.2011,0.0866,0.2011,0.0754,0.1119
184,0.0754,0.1439,0.088,0.1089,0.1034,0.1173,0.1145,0.0796,0.2011,0.0866,0.2011,0.0754,0.1119
185,0.0754,0.1439,0.088,0.1089,0.1034,0.1173,0.1145,0.0796,0.2011,0.0866,0.2011,0.0754,0.1119
186,0.0754,0.1439,0.088,0.1089,0.1034,0.1173,0.1145,0.0796,0.2025,0.0866,0.2025,0.0754,0.112
187,0.0754,0.1439,0.088,0.1089,0.1034,0.1173,0.1145,0.0796,0.2025,0.0866,0.2025,0.0754,0.112
188,0.0754,0.1439,0.088,0.1089,0.1034,0.1173,0.1145,0.0796,0.2025,0.0866,0.2025,0.0754,0.112
189,0.0754,0.1439,0.088,0.1089,0.1034,0.1173,0.1145,0.0796,0.2025,0.0866,0.2025,0.0754,0.112
190,0.0754,0.1439,0.088,0.1089,0.1034,0.1173,0.1145,0.0796,0.2025,0.0866,0.2025,0.0754,0.112
191,0.0754,0.1439,0.088,0.1089,0.1034,0.1341,0.1215,0.0796,0.2025,0.0866,0.2025,0.0754,0.1144
192,0.0754,0.1439,0.088,0.1089,0.1034,0.1341,0.1215,0.0796,0.2025,0.0866,0.2025,0.0754,0.1144
193,0.0754,0.1439,0.088,0.1089,0.1034,0.1341,0.1215,0.0796,0.2025,0.0866,0.2025,0.0754,0.1144
194,0.0754,0.1439,0.088,0.1089,0.1034,0.1341,0.1215,0.0796,0.2025,0.0866,0.2025,0.0754,0.1144
195,0.0782,0.1439,0.088,0.1089,0.1034,0.1341,0.1215,0.0796,0.2025,0.0866,0.2025,0.0782,0.1147
196,0.0782,0.1439,0.088,0.1089,0.1034,0.1341,0.1327,0.0796,0.2025,0.0866,0.2025,0.0782,0.1158
197,0.0782,0.1439,0.088,0.1089,0.1034,0.1341,0.1327,0.0796,0.2025,0.0866,0.2025,0.0782,0.1158
198,0.0782,0.1439,0.088,0.1089,0.1034,0.1341,0.1327,0.0796,0.2025,0.0866,0.2025,0.0782,0.1158
199,0.0894,0.1439,0.088,0.1089,0.1034,0.1341,0.1327,0.0796,0.2025,0.0866,0.2025,0.0796,0.1169
200,0.0894,0.1439,0.088,0.1089,0.1034,0.1341,0.1327,0.0796,0.2025,0.0866,0.2025,0.0796,0.1169
201,0.0894,0.1439,0.088,0.1089,0.1034,0.1341,0.1327,0.0796,0.2025,0.0866,0.2025,0.0796,0.1169
202,0.0894,0.1439,0.088,0.1089,0.1034,0.1341,0.1327,0.0796,0.2025,0.0866,0.2025,0.0796,0.1169
203,0.0894,0.1439,0.088,0.1089,0.1034,0.1341,0.1327,0.0796,0.2025,0.0866,0.2025,0.0796,0.1169
204,0.0894,0.1439,0.088,0.1089,0.1034,0.1341,0.1327,0.0796,0.2025,0.0866,0.2025,0.0796,0.1169
205,0.0894,0.1439,0.088,0.1089,0.1034,0.1341,0.1327,0.0796,0.2025,0.0866,0.2025,0.0796,0.1169
206,0.0894,0.1439,0.088,0.1089,0.1034,0.1341,0.1327,0.0796,0.2025,0.0866,0.2025,0.0796,0.1169
207,0.0894,0.1439,0.088,0.1089,0.1034,0.1341,0.1327,0.0796,0.2025,0.0866,0.2025,0.0796,0.1169
208,0.0894,0.1439,0.088,0.1089,0.1034,0.1341,0.1355,0.0796,0.2095,0.0866,0.2095,0.0796,0.1179
209,0.0894,0.1439,0.088,0.1089,0.1034,0.1341,0.1355,0.0796,0.2095,0.0866,0.2095,0.0796,0.1179
210,0.0894,0.1439,0.088,0.1089,0.1034,0.1341,0.1355,0.0796,0.2095,0.0866,0.2095,0.0796,0.1179
211,0.0894,0.1439,0.088,0.1089,0.1034,0.1341,0.1355,0.0796,0.2095,0.0866,0.2095,0.0796,0.1179
212,0.0894,0.1439,0.0894,0.1089,0.1034,0.1341,0.1355,0.0796,0.2095,0.0866,0.2095,0.0796,0.118
213,0.0894,0.1439,0.0894,0.1089,0.1034,0.1341,0.1355,0.0796,0.2095,0.0866,0.2095,0.0796,0.118
214,0.0894,0.1439,0.0894,0.1089,0.1034,0.1341,0.1355,0.0796,0.2095,0.0866,0.2095,0.0796,0.118
215,0.0894,0.1439,0.0894,0.1089,0.1034,0.1341,0.1355,0.0796,0.2095,0.0866,0.2095,0.0796,0.118
216,0.0894,0.1439,0.0894,0.1089,0.1034,0.1341,0.1355,0.0796,0.2095,0.0866,0.2095,0.0796,0.118
217,0.0894,0.1439,0.0894,0.1089,0.1034,0.1341,0.1355,0.0796,0.2095,0.0866,0.2095,0.0796,0.118
218,0.0894,0.1439,0.0894,0.1089,0.1034,0.1341,0.1355,0.0796,0.2095,0.0866,0.2095,0.0796,0.118
219,0.0894,0.1439,0.0894,0.1089,0.1034,0.1341,0.1355,0.0796,0.2374,0.0866,0.2374,0.0796,0.1208
220,0.0894,0.1439,0.0894,0.1089,0.1034,0.1341,0.1355,0.0796,0.2374,0.0866,0.2374,0.0796,0.1208
221,0.0894,0.1439,0.0894,0.1089,0.1034,0.1341,0.1355,0.0796,0.2374,0.0866,0.2374,0.0796,0.1208
222,0.0894,0.1439,0.0894,0.1089,0.1034,0.1341,0.1355,0.0796,0.2374,0.0866,0.2374,0.0796,0.1208
223,0.0894,0.1439,0.0894,0.1089,0.1034,0.1341,0.1383,0.0796,0.2374,0.0866,0.2374,0.0796,0.1211
224,0.0894,0.1439,0.0894,0.1089,0.1034,0.1341,0.1383,0.0796,0.2374,0.0866,0.2374,0.0796,0.1211
225,0.0894,0.1439,0.0894,0.1089,0.1034,0.1341,0.1383,0.0796,0.2374,0.0866,0.2374,0.0796,0.1211
226,0.0894,0.1439,0.0894,0.1089,0.1034,0.1341,0.1383,0.0796,0.2444,0.0866,0.2444,0.0796,0.1218
227,0.0894,0.1439,0.0894,0.1089,0.1034,0.1341,0.1383,0.0796,0.2444,0.0866,0.2444,0.0796,0.1218
228,0.0894,0.1439,0.0894,0.1089,0.1034,0.1341,0.1383,0.0796,0.2444,0.0866,0.2444,0.0796,0.1218
229,0.0894,0.1439,0.0894,0.1089,0.1034,0.1341,0.1383,0.0796,0.2444,0.0866,0.2444,0.0796,0.1218
230,0.0894,0.1439,0.0894,0.1089,0.1034,0.1341,0.1383,0.0796,0.2444,0.0866,0.2444,0.0796,0.1218
231,0.0894,0.1439,0.0894,0.1089,0.1034,0.1341,0.1383,0.0796,0.2444,0.0866,0.2444,0.0796,0.1218
232,0.0894,0.1439,0.0894,0.1131,0.1034,0.1341,0.1383,0.0796,0.2444,0.0866,0.2444,0.0796,0.1222
233,0.0894,0.1439,0.0894,0.1159,0.1034,0.1341,0.1383,0.0796,0.2444,0.0866,0.2444,0.0796,0.1225
234,0.0894,0.1439,0.0894,0.1159,0.1034,0.1341,0.1383,0.0796,0.2444,0.0866,0.2444,0.0796,0.1225
235,0.0894,0.1439,0.0894,0.1159,0.1034,0.1341,0.1383,0.0796,0.2444,0.0866,0.2444,0.0796,0.1225
236,0.0894,0.1439,0.0894,0.1159,0.1034,0.1341,0.1383,0.0796,0.2444,0.095,0.2444,0.0796,0.1233
237,0.0894,0.1439,0.0894,0.1159,0.1034,0.1341,0.1383,0.0796,0.2514,0.095,0.2514,0.0796,0.124
238,0.0894,0.1439,0.0894,0.1159,0.1034,0.1341,0.1383,0.0796,0.2514,0.095,0.2514,0.0796,0.124
239,0.0894,0.1439,0.0894,0.1159,0.1034,0.1341,0.1383,0.0796,0.2514,0.095,0.2514,0.0796,0.124
240,0.0894,0.1439,0.0894,0.1159,0.1034,0.1341,0.1383,0.0796,0.2514,0.095,0.2514,0.0796,0.124
241,0.0894,0.1439,0.0894,0.1159,0.1034,0.1341,0.1383,0.0796,0.2514,0.095,0.2514,0.0796,0.124
242,0.0894,0.1439,0.0894,0.1159,0.1034,0.1341,0.1383,0.0796,0.2514,0.095,0.2514,0.0796,0.124
243,0.0894,0.1439,0.0894,0.1159,0.1034,0.1341,0.1383,0.0796,0.2514,0.095,0.2514,0.0796,0.124
244,0.0894,0.1439,0.0894,0.1159,0.1034,0.1341,0.1383,0.0796,0.2514,0.095,0.2514,0.0796,0.124
245,0.0894,0.1439,0.0894,0.1159,0.1034,0.1341,0.1383,0.0796,0.2514,0.095,0.2514,0.0796,0.124
246,0.0894,0.1439,0.0894,0.1159,0.1034,0.1341,0.1383,0.0796,0.2514,0.095,0.2514,0.0796,0.124
247,0.0894,0.1439,0.0894,0.1159,0.1034,0.1341,0.1383,0.0796,0.2514,0.095,0.2514,0.0796,0.124
248,0.0894,0.1439,0.0894,0.1159,0.1034,0.1341,0.1383,0.0796,0.2514,0.095,0.2514,0.0796,0.124
249,0.0894,0.1439,0.0894,0.1159,0.1034,0.1341,0.1383,0.0796,0.2514,0.095,0.2514,0.0796,0.124
250,0.0894,0.1439,0.0894,0.1159,0.1034,0.1341,0.1383,0.0796,0.2514,0.095,0.2514,0.0796,0.124
251,0.0894,0.1439,0.0894,0.1159,0.1034,0.1341,0.1383,0.0796,0.2514,0.095,0.2514,0.0796,0.124
252,0.0894,0.1439,0.0894,0.1159,0.1103,0.1341,0.1383,0.0796,0.2514,0.0964,0.2514,0.0796,0.1249
253,0.0894,0.1439,0.0894,0.1159,0.1103,0.1341,0.1383,0.0796,0.2514,0.0964,0.2514,0.0796,0.1249
254,0.0894,0.1439,0.0894,0.1159,0.1103,0.1341,0.1383,0.0796,0.2514,0.0964,0.2514,0.0796,0.1249
255,0.0894,0.1453,0.0894,0.1159,0.1103,0.1341,0.1383,0.0796,0.2514,0.0964,0.2514,0.0796,0.125
256,0.0894,0.1453,0.0894,0.1159,0.1103,0.1341,0.1383,0.0796,0.2514,0.0964,0.2514,0.0796,0.125
257,0.0894,0.1453,0.0894,0.1159,0.1103,0.1341,0.1383,0.0796,0.2514,0.0964,0.2514,0.0796,0.125
258,0.0894,0.1453,0.0894,0.1159,0.1103,0.1341,0.1383,0.0796,0.2514,0.0964,0.2514,0.0796,0.125
259,0.0894,0.1453,0.0894,0.1159,0.1103,0.1341,0.1383,0.0796,0.2514,0.0964,0.2514,0.0796,0.125
260,0.0894,0.1453,0.0894,0.1159,0.1103,0.1341,0.1383,0.0796,0.2514,0.0964,0.2514,0.0796,0.125
261,0.0894,0.1453,0.0894,0.1159,0.1103,0.1341,0.1383,0.0796,0.2528,0.0964,0.2528,0.0796,0.1252
262,0.1034,0.1453,0.0894,0.1159,0.1103,0.1341,0.1383,0.0796,0.2528,0.0964,0.2528,0.0796,0.1265
263,0.1034,0.1453,0.0894,0.1159,0.1103,0.1341,0.1383,0.0796,0.2528,0.0964,0.2528,0.0796,0.1265
264,0.1034,0.1453,0.0894,0.1159,0.1103,0.1341,0.1383,0.0796,0.2528,0.0964,0.2528,0.0796,0.1265
265,0.1034,0.1453,0.0894,0.1159,0.1103,0.1341,0.1383,0.0796,0.2528,0.0964,0.2528,0.0796,0.1265
266,0.1034,0.1453,0.0894,0.1159,0.1103,0.1341,0.1383,0.0796,0.2528,0.0964,0.2528,0.0796,0.1265
267,0.1034,0.1453,0.0894,0.1159,0.1103,0.1341,0.1383,0.0796,0.2528,0.0964,0.2528,0.0796,0.1265
268,0.1034,0.1453,0.0894,0.1159,0.1103,0.1341,0.1383,0.0796,0.2528,0.0964,0.2528,0.0796,0.1265
269,0.1034,0.1453,0.0894,0.1159,0.1103,0.1341,0.1383,0.0796,0.2528,0.0964,0.2528,0.0796,0.1265
270,0.1034,0.1453,0.0894,0.1159,0.1103,0.1341,0.1383,0.0796,0.2528,0.0964,0.2528,0.0796,0.1265
271,0.1034,0.1453,0.0894,0.1159,0.1103,0.1341,0.1383,0.0796,0.2528,0.0964,0.2528,0.0796,0.1265
272,0.1034,0.1453,0.0894,0.1159,0.1103,0.1341,0.1383,0.0796,0.2528,0.0964,0.2528,0.0796,0.1265
273,0.1034,0.148,0.0894,0.1159,0.1103,0.1341,0.1383,0.0796,0.2528,0.0964,0.2528,0.0796,0.1268
274,0.1034,0.148,0.0894,0.1159,0.1103,0.1341,0.1383,0.0796,0.2528,0.0964,0.2528,0.0796,0.1268
275,0.1034,0.148,0.0894,0.1159,0.1103,0.1341,0.1383,0.0796,0.2528,0.0964,0.2528,0.0796,0.1268
276,0.1034,0.148,0.0894,0.1159,0.1103,0.1341,0.1383,0.0796,0.2528,0.0964,0.2528,0.0796,0.1268
277,0.1034,0.148,0.0894,0.1159,0.1103,0.1341,0.1383,0.0796,0.2528,0.0964,0.2528,0.0796,0.1268
278,0.1034,0.148,0.0894,0.1159,0.1103,0.1341,0.1383,0.0796,0.2528,0.0964,0.2528,0.0796,0.1268
279,0.1034,0.148,0.0894,0.1159,0.1103,0.1341,0.1383,0.0796,0.2528,0.0964,0.2528,0.0796,0.1268
280,0.1034,0.1508,0.0894,0.1159,0.1103,0.1341,0.1383,0.0796,0.2528,0.0964,0.2528,0.0796,0.1271
281,0.1034,0.1508,0.0894,0.1159,0.1103,0.1341,0.1383,0.0796,0.2528,0.0964,0.2528,0.0796,0.1271
282,0.1034,0.1508,0.0894,0.1159,0.1103,0.1341,0.1383,0.0796,0.2528,0.0964,0.2528,0.0796,0.1271
283,0.1034,0.1508,0.0894,0.1159,0.1103,0.1341,0.1383,0.0796,0.2528,0.0964,0.2528,0.0796,0.1271
284,0.1034,0.1508,0.0894,0.1159,0.1103,0.1341,0.1397,0.0796,0.2528,0.0964,0.2528,0.0796,0.1272
285,0.1034,0.1508,0.0894,0.1159,0.1103,0.1341,0.1397,0.0796,0.2528,0.0964,0.2528,0.0796,0.1272
286,0.1034,0.1508,0.0894,0.1159,0.1103,0.1341,0.1397,0.0796,0.2528,0.0964,0.2528,0.0796,0.1272
287,0.1034,0.1508,0.0894,0.1159,0.1103,0.1341,0.1397,0.0796,0.2528,0.0964,0.2528,0.0796,0.1272
288,0.1034,0.1508,0.0894,0.1159,0.1103,0.1341,0.1397,0.0796,0.2528,0.0964,0.2528,0.0796,0.1272
289,0.1034,0.1508,0.0894,0.1159,0.1103,0.1341,0.1397,0.0796,0.2528,0.0964,0.2528,0.0796,0.1272
290,0.1034,0.1508,0.0894,0.1159,0.1103,0.1341,0.1397,0.0796,0.2528,0.0964,0.2528,0.0796,0.1272
291,0.1034,0.1508,0.0894,0.1159,0.1103,0.1341,0.1397,0.0796,0.2528,0.0964,0.2528,0.0796,0.1272
292,0.1034,0.1508,0.0894,0.1159,0.1103,0.1341,0.1397,0.0796,0.2528,0.0964,0.2528,0.0796,0.1272
293,0.1034,0.1508,0.0894,0.1159,0.1103,0.1341,0.1397,0.0796,0.2528,0.0964,0.2528,0.0796,0.1272
294,0.1034,0.1508,0.0894,0.1159,0.1103,0.1341,0.1397,0.0796,0.2528,0.0964,0.2528,0.0796,0.1272
295,0.1034,0.1508,0.0894,0.1159,0.1103,0.1341,0.1397,0.0796,0.2528,0.0964,0.2528,0.0796,0.1272
296,0.1034,0.1508,0.0894,0.1159,0.1103,0.1341,0.1397,0.0796,0.2528,0.0964,0.2528,0.0796,0.1272
297,0.1034,0.1508,0.0894,0.1159,0.1103,0.1341,0.1397,0.0796,0.2528,0.0964,0.2528,0.0796,0.1272
298,0.1034,0.1508,0.0894,0.1159,0.1103,0.1369,0.1397,0.0796,0.2528,0.0964,0.2528,0.0796,0.1275
299,0.1034,0.1508,0.0894,0.1159,0.1103,0.1369,0.1397,0.0796,0.2528,0.0964,0.2528,0.0796,0.1275
300,0.1034,0.1508,0.0894,0.1159,0.1103,0.1369,0.1397,0.0796,0.2528,0.0964,0.2528,0.0796,0.1275
301,0.1034,0.1508,0.0894,0.1159,0.1103,0.1369,0.1397,0.0796,0.2528,0.0964,0.2528,0.0796,0.1275
302,0.1047,0.1508,0.0894,0.1159,0.1103,0.1369,0.1397,0.0796,0.2528,0.0964,0.2528,0.0796,0.1276
303,0.1047,0.1508,0.0894,0.1159,0.1103,0.1369,0.1397,0.0894,0.2528,0.0964,0.2528,0.0894,0.1286
304,0.1047,0.1508,0.0894,0.1159,0.1103,0.1369,0.1397,0.0894,0.2528,0.0964,0.2528,0.0894,0.1286
305,0.1047,0.1508,0.0894,0.1159,0.1103,0.1369,0.1397,0.0894,0.2528,0.0964,0.2528,0.0894,0.1286
306,0.1047,0.1508,0.0894,0.1159,0.1103,0.1369,0.1397,0.0894,0.2528,0.0964,0.2528,0.0894,0.1286
307,0.1047,0.1508,0.0894,0.1159,0.1103,0.1369,0.1397,0.0894,0.2528,0.0964,0.2528,0.0894,0.1286
308,0.1047,0.1508,0.0894,0.1159,0.1103,0.1369,0.1397,0.0894,0.2528,0.0964,0.2528,0.0894,0.1286
309,0.1047,0.1508,0.0894,0.1159,0.1103,0.1369,0.1397,0.0894,0.2528,0.0964,0.2528,0.0894,0.1286
310,0.1047,0.1508,0.0894,0.1159,0.1103,0.1369,0.1397,0.0894,0.2528,0.0964,0.2528,0.0894,0.1286
311,0.1047,0.1508,0.0894,0.1159,0.1103,0.1369,0.1397,0.0894,0.2528,0.0964,0.2528,0.0894,0.1286
312,0.1047,0.1508,0.0894,0.1159,0.1103,0.1369,0.1397,0.0894,0.2528,0.0964,0.2528,0.0894,0.1286
313,0.1047,0.1508,0.0894,0.1159,0.1103,0.1369,0.1397,0.0894,0.2528,0.0964,0.2528,0.0894,0.1286
314,0.1047,0.1508,0.0894,0.1159,0.1103,0.1369,0.1397,0.0894,0.2528,0.0964,0.2528,0.0894,0.1286
315,0.1047,0.1508,0.0894,0.1159,0.1103,0.1369,0.1397,0.0894,0.2528,0.0964,0.2528,0.0894,0.1286
316,0.1047,0.1508,0.0894,0.1159,0.1103,0.1369,0.1397,0.0894,0.2528,0.0964,0.2528,0.0894,0.1286
317,0.1047,0.1508,0.0894,0.1159,0.1103,0.1369,0.1397,0.0894,0.2528,0.0964,0.2528,0.0894,0.1286
318,0.1047,0.1508,0.0894,0.1159,0.1103,0.1369,0.1397,0.0894,0.2528,0.0964,0.2528,0.0894,0.1286
319,0.1047,0.1508,0.0992,0.1159,0.1103,0.1369,0.1397,0.0894,0.2528,0.0964,0.2528,0.0894,0.1296
320,0.1047,0.1508,0.0992,0.1159,0.1103,0.1369,0.1397,0.0894,0.2528,0.0964,0.2528,0.0894,0.1296
321,0.1047,0.1508,0.0992,0.1159,0.1103,0.1369,0.1397,0.0894,0.2528,0.0964,0.2528,0.0894,0.1296
322,0.1047,0.1508,0.0992,0.1159,0.1103,0.1369,0.1397,0.0894,0.2528,0.0964,0.2528,0.0894,0.1296
323,0.1047,0.1508,0.0992,0.1159,0.1103,0.1369,0.1397,0.0894,0.2528,0.0964,0.2528,0.0894,0.1296
324,0.1047,0.1508,0.0992,0.1159,0.1103,0.1369,0.1397,0.0894,0.2528,0.0964,0.2528,0.0894,0.1296
325,0.1047,0.1508,0.0992,0.1159,0.1103,0.1369,0.1397,0.0894,0.2528,0.0964,0.2528,0.0894,0.1296
326,0.1047,0.1508,0.0992,0.1159,0.1103,0.1369,0.1397,0.0894,0.2528,0.0964,0.2528,0.0894,0.1296
327,0.1047,0.1508,0.0992,0.1159,0.1117,0.1369,0.1397,0.0894,0.2556,0.0964,0.2556,0.0894,0.13
328,0.1047,0.1508,0.0992,0.1173,0.1117,0.1369,0.1397,0.0894,0.2556,0.0964,0.2556,0.0894,0.1302
329,0.1047,0.1508,0.0992,0.1173,0.1117,0.1369,0.1397,0.0894,0.2556,0.0964,0.2556,0.0894,0.1302
330,0.1047,0.1508,0.0992,0.1173,0.1117,0.1369,0.1397,0.0894,0.2556,0.0964,0.2556,0.0894,0.1302
331,0.1047,0.1508,0.0992,0.1173,0.1117,0.1369,0.1397,0.0894,0.2556,0.0964,0.2556,0.0894,0.1302
332,0.1047,0.1508,0.0992,0.1173,0.1117,0.1369,0.1397,0.0894,0.2556,0.0964,0.2556,0.0894,0.1302
333,0.1047,0.1508,0.0992,0.1173,0.1117,0.1369,0.1397,0.0894,0.2556,0.0964,0.2556,0.0894,0.1302
334,0.1047,0.1508,0.0992,0.1173,0.1117,0.1369,0.1397,0.0894,0.2556,0.0964,0.2556,0.0894,0.1302
335,0.1047,0.1508,0.0992,0.1173,0.1117,0.1369,0.1397,0.0894,0.2556,0.0964,0.2556,0.0894,0.1302
336,0.1047,0.1508,0.0992,0.1173,0.1117,0.1369,0.1397,0.0894,0.2556,0.0964,0.2556,0.0894,0.1302
337,0.1047,0.1508,0.0992,0.1173,0.1117,0.1369,0.1397,0.0894,0.2556,0.0964,0.2556,0.0894,0.1302
338,0.1047,0.1508,0.0992,0.1173,0.1117,0.1369,0.1397,0.0894,0.2556,0.0964,0.2556,0.0894,0.1302
339,0.1047,0.1508,0.0992,0.1173,0.1117,0.1369,0.1397,0.0894,0.2556,0.0964,0.2556,0.0894,0.1302
340,0.1047,0.1508,0.0992,0.1173,0.1117,0.1369,0.1397,0.0894,0.2556,0.0964,0.2556,0.0894,0.1302
341,0.1047,0.1508,0.0992,0.1173,0.1117,0.1369,0.1397,0.0894,0.2556,0.0964,0.2556,0.0894,0.1302
342,0.1047,0.1508,0.0992,0.1173,0.1117,0.1369,0.1397,0.0894,0.2556,0.0964,0.2556,0.0894,0.1302
343,0.1047,0.1508,0.0992,0.1173,0.1117,0.1369,0.1397,0.0894,0.2556,0.0964,0.2556,0.0894,0.1302
344,0.1047,0.1508,0.0992,0.1173,0.1117,0.1369,0.1397,0.0894,0.2556,0.0964,0.2556,0.0894,0.1302
345,0.1047,0.1508,0.0992,0.1173,0.1117,0.1369,0.1397,0.0894,0.2556,0.0964,0.2556,0.0894,0.1302
346,0.1089,0.1508,0.0992,0.1173,0.1117,0.1369,0.1397,0.0894,0.2584,0.0964,0.2584,0.0894,0.1309
347,0.1089,0.1508,0.0992,0.1173,0.1117,0.1369,0.1397,0.0894,0.2584,0.0964,0.2584,0.0894,0.1309
348,0.1089,0.1508,0.0992,0.1173,0.1117,0.1369,0.1397,0.0894,0.2584,0.0964,0.2584,0.0894,0.1309
349,0.1089,0.1508,0.0992,0.1173,0.1117,0.1369,0.1397,0.0894,0.2584,0.0964,0.2584,0.0894,0.1309
350,0.1089,0.1508,0.0992,0.1173,0.1117,0.1369,0.1397,0.0894,0.2612,0.0964,0.2612,0.0894,0.1312
351,0.1089,0.1508,0.0992,0.1173,0.1117,0.1369,0.1397,0.0894,0.2612,0.0964,0.2612,0.0894,0.1312
352,0.1089,0.1508,0.0992,0.1173,0.1117,0.1369,0.1397,0.0894,0.2612,0.0964,0.2612,0.0894,0.1312
353,0.1215,0.1508,0.0992,0.1173,0.1117,0.1369,0.1397,0.0894,0.2612,0.0964,0.2612,0.0894,0.1324
354,0.1215,0.1508,0.0992,0.1173,0.1117,0.1369,0.1397,0.0894,0.2612,0.0964,0.2612,0.0894,0.1324
355,0.1215,0.1508,0.0992,0.1173,0.1117,0.1369,0.1397,0.0894,0.2612,0.0964,0.2612,0.0894,0.1324
356,0.1215,0.1508,0.0992,0.1173,0.1117,0.1369,0.1397,0.0894,0.2612,0.0964,0.2612,0.0894,0.1324
357,0.1215,0.1508,0.0992,0.1173,0.1117,0.1369,0.1397,0.0894,0.2612,0.0964,0.2612,0.0894,0.1324
358,0.1215,0.1508,0.1047,0.1243,0.1117,0.1369,0.1397,0.0894,0.2612,0.0964,0.2612,0.0894,0.1337
359,0.1215,0.1508,0.1047,0.1243,0.1117,0.1369,0.1397,0.0894,0.2612,0.0964,0.2612,0.0894,0.1337
360,0.1215,0.1508,0.1047,0.1243,0.1117,0.1369,0.1397,0.0894,0.2612,0.0964,0.2612,0.0894,0.1337
361,0.1215,0.1508,0.1047,0.1243,0.1117,0.1369,0.1397,0.0894,0.2612,0.0964,0.2612,0.0894,0.1337
362,0.1215,0.1508,0.1047,0.1243,0.1117,0.1369,0.1397,0.0894,0.2612,0.0964,0.2612,0.0894,0.1337
363,0.1215,0.1508,0.1047,0.1243,0.1117,0.1369,0.1397,0.0894,0.2612,0.0964,0.2612,0.0894,0.1337
364,0.1215,0.1508,0.1047,0.1243,0.1117,0.1369,0.1397,0.0894,0.2612,0.0964,0.2612,0.0894,0.1337
365,0.1215,0.1508,0.1047,0.1243,0.1117,0.1369,0.1397,0.0894,0.2612,0.0964,0.2612,0.0894,0.1337
366,0.1215,0.1508,0.1047,0.1243,0.1117,0.1369,0.1397,0.0894,0.2612,0.0964,0.2612,0.0894,0.1337
367,0.1215,0.1508,0.1047,0.1243,0.1117,0.1369,0.1397,0.0894,0.2612,0.0964,0.2612,0.0894,0.1337
368,0.1215,0.1508,0.1047,0.1243,0.1117,0.1369,0.1397,0.0894,0.2612,0.0964,0.2612,0.0894,0.1337
369,0.1215,0.1508,0.1047,0.1243,0.1117,0.1369,0.1397,0.0894,0.2612,0.0964,0.2612,0.0894,0.1337
370,0.1215,0.1508,0.1047,0.1243,0.1117,0.1369,0.1397,0.0894,0.2612,0.0964,0.2612,0.0894,0.1337
371,0.1215,0.1508,0.1047,0.1243,0.1117,0.1369,0.1397,0.0894,0.2612,0.0964,0.2612,0.0894,0.1337
372,0.1215,0.1508,0.1047,0.1243,0.1117,0.1369,0.1397,0.0894,0.2612,0.0964,0.2612,0.0894,0.1337
373,0.1215,0.1508,0.1047,0.1243,0.1117,0.1369,0.1397,0.0894,0.2612,0.0964,0.2612,0.0894,0.1337
374,0.1215,0.1508,0.1047,0.1243,0.1117,0.1369,0.1397,0.0894,0.2612,0.0964,0.2612,0.0894,0.1337
375,0.1215,0.1508,0.1047,0.1243,0.1117,0.1369,0.1397,0.0894,0.2612,0.0964,0.2612,0.0894,0.1337
376,0.1215,0.1508,0.1047,0.1243,0.1117,0.1369,0.1397,0.0894,0.2612,0.0964,0.2612,0.0894,0.1337
377,0.1215,0.1508,0.1047,0.1243,0.1117,0.1369,0.1397,0.0894,0.2612,0.0964,0.2612,0.0894,0.1337
378,0.1215,0.1508,0.1047,0.1243,0.1117,0.1369,0.1397,0.0894,0.2612,0.0964,0.2612,0.0894,0.1337
379,0.1215,0.1508,0.1047,0.1243,0.1117,0.1369,0.1397,0.0894,0.2612,0.0964,0.2612,0.0894,0.1337
380,0.1215,0.1508,0.1047,0.1243,0.1117,0.1369,0.1397,0.0894,0.2612,0.0964,0.2612,0.0894,0.1337
381,0.1215,0.1508,0.1047,0.1243,0.1117,0.1369,0.1397,0.0894,0.2612,0.0964,0.2612,0.0894,0.1337
382,0.1215,0.1508,0.1047,0.1243,0.1117,0.1369,0.1397,0.0894,0.2612,0.0964,0.2612,0.0894,0.1337
383,0.1215,0.1508,0.1047,0.1243,0.1117,0.1369,0.1397,0.0894,0.2612,0.0964,0.2612,0.0894,0.1337
384,0.1215,0.1508,0.1047,0.1243,0.1117,0.1369,0.1397,0.0894,0.2612,0.0964,0.2612,0.0894,0.1337
385,0.1215,0.1508,0.1047,0.1243,0.1117,0.1369,0.1397,0.0894,0.2612,0.0964,0.2612,0.0894,0.1337
386,0.1215,0.1508,0.1047,0.1243,0.1117,0.1369,0.1397,0.0894,0.2612,0.0964,0.2612,0.0894,0.1337
387,0.1215,0.1508,0.1047,0.1243,0.1117,0.1369,0.1397,0.0894,0.2612,0.1061,0.2612,0.0894,0.1346
388,0.1215,0.1508,0.1047,0.1243,0.1117,0.1369,0.1397,0.0894,0.2612,0.1061,0.2612,0.0894,0.1346
389,0.1215,0.1508,0.1047,0.1243,0.1117,0.1369,0.1397,0.0894,0.2612,0.1061,0.2612,0.0894,0.1346
390,0.1215,0.1536,0.1047,0.1243,0.1117,0.1369,0.1397,0.0894,0.2612,0.1061,0.2612,0.0894,0.1349
391,0.1215,0.1536,0.1047,0.1243,0.1117,0.1369,0.1397,0.0894,0.2612,0.1061,0.2612,0.0894,0.1349
392,0.1215,0.1536,0.1047,0.1243,0.1117,0.1369,0.1397,0.0894,0.2612,0.1061,0.2612,0.0894,0.1349
393,0.1215,0.1536,0.1047,0.1243,0.1117,0.1369,0.1397,0.0894,0.2612,0.1061,0.2612,0.0894,0.1349
394,0.1215,0.1536,0.1047,0.1243,0.1117,0.1369,0.1397,0.0894,0.2612,0.1061,0.2612,0.0894,0.1349
395,0.1215,0.2025,0.1047,0.1243,0.1117,0.1369,0.1397,0.0894,0.2612,0.1061,0.2612,0.0894,0.1398
396,0.1215,0.2025,0.1047,0.1243,0.1117,0.1369,0.1397,0.0894,0.2612,0.1061,0.2612,0.0894,0.1398
397,0.1215,0.2025,0.1047,0.1243,0.1117,0.1369,0.1397,0.0894,0.2612,0.1061,0.2612,0.0894,0.1398
398,0.1215,0.2025,0.1047,0.1243,0.1117,0.1369,0.1397,0.0894,0.2612,0.1061,0.2612,0.0894,0.1398
399,0.1215,0.2025,0.1047,0.1243,0.1117,0.1369,0.1397,0.0894,0.2612,0.1061,0.2612,0.0894,0.1398
400,0.1215,0.2025,0.1047,0.1243,0.1117,0.1369,0.1397,0.0894,0.2612,0.1061,0.2612,0.0894,0.1398
401,0.1215,0.2025,0.1047,0.1243,0.1117,0.1369,0.1397,0.0894,0.2612,0.1061,0.2612,0.0894,0.1398
402,0.1215,0.2025,0.1047,0.1243,0.1117,0.1369,0.1397,0.0894,0.2612,0.1061,0.2612,0.0894,0.1398
403,0.1215,0.2025,0.1047,0.1243,0.1117,0.1369,0.1397,0.0894,0.2612,0.1103,0.2612,0.0894,0.1402
404,0.1215,0.2025,0.1047,0.1243,0.1117,0.1369,0.1397,0.0894,0.2612,0.1103,0.2612,0.0894,0.1402
405,0.1215,0.2025,0.1047,0.1243,0.1117,0.1369,0.1397,0.0894,0.2612,0.1103,0.2612,0.0894,0.1402
406,0.1215,0.2025,0.1047,0.1243,0.1117,0.1369,0.1397,0.0894,0.2612,0.1257,0.2612,0.0894,0.1418
407,0.1215,0.2025,0.1047,0.1243,0.1117,0.1369,0.1397,0.0894,0.2612,0.1257,0.2612,0.0894,0.1418
408,0.1215,0.2025,0.1047,0.1243,0.1117,0.1369,0.1397,0.0894,0.2612,0.1257,0.2612,0.0894,0.1418
409,0.1257,0.2025,0.1047,0.1243,0.1117,0.1369,0.1397,0.0894,0.264,0.1257,0.264,0.0894,0.1425
410,0.1257,0.2025,0.1047,0.1243,0.1117,0.1369,0.1397,0.0894,0.264,0.1257,0.264,0.0894,0.1425
411,0.1257,0.2025,0.1047,0.1243,0.1117,0.1369,0.1397,0.0894,0.264,0.1257,0.264,0.0894,0.1425
412,0.1257,0.2025,0.1047,0.1243,0.1117,0.1369,0.1397,0.0894,0.264,0.1257,0.264,0.0894,0.1425
413,0.1257,0.2025,0.1047,0.1243,0.1159,0.1369,0.1397,0.0894,0.264,0.1257,0.264,0.0894,0.1429
414,0.1257,0.2025,0.1047,0.1243,0.1159,0.1369,0.1397,0.0894,0.264,0.1257,0.264,0.0894,0.1429
415,0.1257,0.2025,0.1047,0.1243,0.1159,0.1369,0.1397,0.0894,0.264,0.1257,0.264,0.0894,0.1429
416,0.1257,0.2025,0.1047,0.1243,0.1159,0.1369,0.1397,0.0894,0.264,0.1257,0.264,0.0894,0.1429
417,0.1257,0.2025,0.1047,0.1243,0.1159,0.1369,0.1397,0.0894,0.264,0.1257,0.264,0.0894,0.1429
418,0.1257,0.2025,0.1047,0.1243,0.1159,0.1369,0.1397,0.0894,0.264,0.1257,0.264,0.0894,0.1429
419,0.1257,0.2025,0.1047,0.1243,0.1159,0.1369,0.1397,0.0894,0.264,0.1257,0.264,0.0894,0.1429
420,0.1257,0.2053,0.1047,0.1285,0.1159,0.1369,0.1397,0.0894,0.264,0.1257,0.264,0.0894,0.1436
421,0.1257,0.2053,0.1047,0.1285,0.1159,0.1369,0.1397,0.0894,0.264,0.1257,0.264,0.0894,0.1436
422,0.1257,0.2053,0.1047,0.1285,0.1159,0.1369,0.1397,0.0894,0.264,0.1257,0.264,0.0894,0.1436
423,0.1257,0.2053,0.1047,0.1285,0.1159,0.1369,0.1397,0.0894,0.264,0.1257,0.264,0.0894,0.1436
424,0.1257,0.2053,0.1047,0.1285,0.1159,0.1369,0.1397,0.0894,0.264,0.1257,0.264,0.0894,0.1436
425,0.1257,0.2053,0.1047,0.1285,0.1159,0.1369,0.1397,0.0894,0.264,0.1257,0.264,0.0894,0.1436
426,0.1257,0.2053,0.1047,0.1285,0.1159,0.1369,0.1397,0.0894,0.264,0.1257,0.264,0.0894,0.1436
427,0.1257,0.2053,0.1047,0.1285,0.1159,0.1369,0.1397,0.0894,0.2654,0.1257,0.2654,0.0894,0.1437
428,0.1257,0.2053,0.1047,0.1285,0.1159,0.1369,0.1397,0.0894,0.2654,0.1257,0.2654,0.0894,0.1437
429,0.1257,0.2053,0.1047,0.1285,0.1159,0.1369,0.1397,0.0894,0.2654,0.1257,0.2654,0.0894,0.1437
430,0.1257,0.2053,0.1047,0.1285,0.1159,0.1369,0.1397,0.0894,0.2654,0.1257,0.2654,0.0894,0.1437
431,0.1257,0.2053,0.1047,0.1285,0.1159,0.1369,0.1397,0.0894,0.2654,0.1257,0.2654,0.0894,0.1437
432,0.1257,0.2053,0.1047,0.1285,0.1159,0.1369,0.1397,0.0894,0.2654,0.1257,0.2654,0.0894,0.1437
433,0.1257,0.2053,0.1047,0.1285,0.1159,0.1369,0.1397,0.0894,0.2654,0.1257,0.2654,0.0894,0.1437
434,0.1257,0.2053,0.1047,0.1285,0.1159,0.1369,0.1397,0.0894,0.2654,0.1257,0.2654,0.0894,0.1437
435,0.1257,0.2067,0.1047,0.1285,0.1159,0.1369,0.1397,0.0894,0.2654,0.1257,0.2654,0.0894,0.1439
436,0.1257,0.2067,0.1047,0.1327,0.1159,0.1369,0.1397,0.0894,0.2654,0.1257,0.2654,0.0894,0.1443
437,0.1257,0.2067,0.1047,0.1327,0.1159,0.1369,0.1397,0.0894,0.2654,0.1257,0.2654,0.0894,0.1443
438,0.1257,0.2067,0.1047,0.1327,0.1159,0.1369,0.1397,0.0894,0.2654,0.1257,0.2654,0.0894,0.1443
439,0.1257,0.2067,0.1047,0.1327,0.1159,0.1369,0.1425,0.0894,0.2654,0.1257,0.2654,0.0894,0.1446
440,0.1257,0.2067,0.1047,0.1327,0.1159,0.1369,0.1425,0.0894,0.2654,0.1257,0.2654,0.0894,0.1446
441,0.1257,0.2067,0.1047,0.1327,0.1159,0.1369,0.1425,0.0894,0.2654,0.1257,0.2654,0.0894,0.1446
442,0.1257,0.2067,0.1047,0.1327,0.1159,0.1369,0.1425,0.0894,0.2654,0.1257,0.2654,0.0894,0.1446
443,0.1257,0.2067,0.1047,0.1327,0.1159,0.1369,0.1425,0.0894,0.2654,0.1257,0.2654,0.0894,0.1446
444,0.1257,0.2067,0.1047,0.1327,0.1159,0.1369,0.1425,0.0894,0.2654,0.1257,0.2654,0.0894,0.1446
445,0.1257,0.2067,0.1047,0.1327,0.1159,0.1369,0.1425,0.0894,0.2654,0.1257,0.2654,0.0894,0.1446
446,0.1257,0.2067,0.1047,0.1327,0.1159,0.1369,0.1425,0.0894,0.2654,0.1257,0.2654,0.0894,0.1446
447,0.1257,0.2067,0.1047,0.1327,0.1159,0.1369,0.1425,0.0894,0.2654,0.1257,0.2654,0.0894,0.1446
448,0.1257,0.2067,0.1047,0.1327,0.1159,0.1369,0.1425,0.0894,0.2654,0.1257,0.2654,0.0894,0.1446
449,0.1257,0.2067,0.1047,0.1327,0.1159,0.1369,0.1425,0.0894,0.2654,0.1257,0.2654,0.0894,0.1446
450,0.1257,0.2067,0.1047,0.1327,0.1159,0.1369,0.1425,0.0894,0.2654,0.1257,0.2654,0.0894,0.1446
451,0.1257,0.2067,0.1047,0.1327,0.1159,0.1369,0.1425,0.0894,0.2654,0.1257,0.2654,0.0894,0.1446
452,0.1257,0.2067,0.1047,0.1327,0.1159,0.1369,0.1425,0.0894,0.2654,0.1257,0.2654,0.0894,0.1446
453,0.1257,0.2067,0.1047,0.1327,0.1159,0.1369,0.1425,0.0894,0.2654,0.1257,0.2654,0.0894,0.1446
454,0.1257,0.2067,0.1047,0.1327,0.1159,0.1369,0.1425,0.0894,0.2654,0.1257,0.2654,0.0894,0.1446
455,0.1257,0.2067,0.1047,0.1327,0.1159,0.1369,0.1425,0.0894,0.2654,0.1257,0.2654,0.0894,0.1446
456,0.1257,0.2067,0.1047,0.1327,0.1159,0.1369,0.1425,0.0894,0.2654,0.1257,0.2654,0.0894,0.1446
457,0.1257,0.2067,0.1047,0.1327,0.1159,0.1369,0.1425,0.0894,0.2654,0.1257,0.2654,0.0894,0.1446
458,0.1257,0.2067,0.1047,0.1327,0.1159,0.1369,0.1425,0.0894,0.2654,0.1257,0.2654,0.0894,0.1446
459,0.1257,0.2067,0.1047,0.1327,0.1159,0.1369,0.1425,0.0894,0.2654,0.1257,0.2654,0.0894,0.1446
460,0.1257,0.2067,0.1047,0.1327,0.1159,0.1369,0.1425,0.0894,0.2654,0.1257,0.2654,0.0894,0.1446
461,0.1257,0.2067,0.1047,0.1327,0.1159,0.1369,0.1425,0.0894,0.2668,0.1257,0.2668,0.0894,0.1447
462,0.1257,0.2067,0.1047,0.1327,0.1159,0.1369,0.1425,0.0894,0.2668,0.1257,0.2668,0.0894,0.1447
463,0.1257,0.2067,0.1047,0.1327,0.1159,0.1369,0.1425,0.0894,0.2668,0.1257,0.2668,0.0894,0.1447
464,0.1257,0.2067,0.1047,0.1327,0.1159,0.1369,0.1425,0.0894,0.2668,0.1257,0.2668,0.0894,0.1447
465,0.1257,0.2067,0.1047,0.1327,0.1159,0.1369,0.1425,0.0894,0.2668,0.1257,0.2668,0.0894,0.1447
466,0.1257,0.2067,0.1047,0.1327,0.1159,0.1369,0.1425,0.0894,0.2668,0.1257,0.2668,0.0894,0.1447
467,0.1257,0.2067,0.1047,0.1327,0.1159,0.1369,0.1425,0.0894,0.2668,0.1257,0.2668,0.0894,0.1447
468,0.1257,0.2067,0.1047,0.1327,0.1159,0.1369,0.1425,0.0894,0.2668,0.1257,0.2668,0.0894,0.1447
469,0.1257,0.2067,0.1047,0.1327,0.1159,0.1369,0.1425,0.0894,0.2668,0.1257,0.2668,0.0894,0.1447
470,0.1257,0.2067,0.1047,0.1327,0.1159,0.1369,0.1425,0.0894,0.2668,0.1257,0.2668,0.0894,0.1447
471,0.1257,0.2067,0.1047,0.1327,0.1159,0.1369,0.1425,0.0894,0.2668,0.1257,0.2668,0.0894,0.1447
472,0.1257,0.2067,0.1047,0.1327,0.1159,0.1369,0.1425,0.0894,0.2668,0.1257,0.2668,0.0894,0.1447
473,0.1257,0.2067,0.1047,0.1327,0.1159,0.1369,0.1425,0.0894,0.2668,0.1257,0.2668,0.0894,0.1447
474,0.1257,0.2067,0.1047,0.1327,0.1159,0.1369,0.1425,0.0894,0.2668,0.1257,0.2668,0.0894,0.1447
475,0.1257,0.2067,0.1047,0.1327,0.1159,0.1369,0.1425,0.0894,0.2668,0.1257,0.2668,0.0894,0.1447
476,0.1257,0.2067,0.1047,0.1327,0.1159,0.1369,0.1425,0.0894,0.2668,0.1257,0.2668,0.0894,0.1447
477,0.1257,0.2067,0.1047,0.1327,0.1159,0.1369,0.1425,0.0894,0.2668,0.1257,0.2668,0.0894,0.1447
478,0.1257,0.2067,0.1047,0.1327,0.1159,0.1369,0.1425,0.0894,0.2709,0.1257,0.2709,0.0894,0.1451
479,0.1257,0.2067,0.1047,0.1397,0.1159,0.1369,0.1425,0.0894,0.2709,0.1257,0.2709,0.0894,0.1458
480,0.1257,0.2067,0.1047,0.1397,0.1159,0.1369,0.1425,0.0894,0.2709,0.1257,0.2709,0.0894,0.1458
481,0.1257,0.2067,0.1047,0.1397,0.1159,0.1369,0.1425,0.0894,0.2709,0.1257,0.2709,0.0894,0.1458
482,0.1257,0.2067,0.1047,0.1397,0.1159,0.1369,0.1425,0.0894,0.2709,0.1257,0.2709,0.0894,0.1458
483,0.1257,0.2067,0.1047,0.1397,0.1159,0.1369,0.1425,0.0894,0.2709,0.1257,0.2709,0.0894,0.1458
484,0.1257,0.2067,0.1047,0.1397,0.1159,0.1369,0.1425,0.0894,0.2709,0.1257,0.2709,0.0894,0.1458
485,0.1257,0.2067,0.1047,0.1397,0.1159,0.1369,0.1425,0.0894,0.2709,0.1257,0.2709,0.0894,0.1458
486,0.1257,0.2067,0.1047,0.1397,0.1159,0.1369,0.1425,0.0894,0.2709,0.1257,0.2709,0.0894,0.1458
487,0.1257,0.2067,0.1047,0.1397,0.1159,0.1369,0.1425,0.0894,0.2709,0.1257,0.2709,0.0894,0.1458
488,0.1257,0.2067,0.1047,0.1397,0.1159,0.1369,0.1425,0.0894,0.2709,0.1299,0.2709,0.0894,0.1462
489,0.1257,0.2067,0.1047,0.1397,0.1159,0.1369,0.1425,0.0894,0.2863,0.1299,0.2863,0.0894,0.1478
490,0.1257,0.2067,0.1047,0.1397,0.1159,0.1369,0.1425,0.0894,0.2863,0.1299,0.2863,0.0894,0.1478
491,0.1257,0.2067,0.1047,0.1397,0.1159,0.1369,0.1425,0.0894,0.2863,0.1299,0.2863,0.0894,0.1478
492,0.1257,0.2067,0.1047,0.1397,0.1159,0.1369,0.1425,0.0894,0.2863,0.1299,0.2863,0.0894,0.1478
493,0.1257,0.2067,0.1047,0.1397,0.1159,0.1369,0.1425,0.0894,0.2863,0.1299,0.2863,0.0894,0.1478
494,0.1257,0.2067,0.1047,0.1397,0.1229,0.1369,0.1425,0.0894,0.2863,0.1299,0.2863,0.0894,0.1485
495,0.1257,0.2067,0.1047,0.1397,0.1229,0.1369,0.1425,0.0894,0.2863,0.1299,0.2863,0.0894,0.1485
496,0.1257,0.2067,0.1047,0.1397,0.1229,0.1369,0.1425,0.0894,0.2863,0.1299,0.2863,0.0894,0.1485
497,0.1257,0.2067,0.1047,0.1397,0.1229,0.1369,0.1425,0.0894,0.2863,0.1299,0.2863,0.0894,0.1485
498,0.1257,0.2067,0.1047,0.1397,0.1229,0.1369,0.1425,0.0894,0.2863,0.1299,0.2863,0.0894,0.1485
499,0.1257,0.2067,0.1047,0.1397,0.1229,0.1369,0.1425,0.0894,0.2863,0.1313,0.2863,0.0894,0.1486
500,0.1257,0.2067,0.1047,0.1397,0.1229,0.1369,0.1425,0.0894,0.2863,0.1313,0.2863,0.0894,0.1486
501,0.1257,0.2067,0.1047,0.1397,0.1341,0.1369,0.1425,0.0894,0.2863,0.1313,0.2863,0.0894,0.1497
502,0.1257,0.2067,0.1047,0.1397,0.1341,0.1369,0.1425,0.0894,0.2863,0.1313,0.2863,0.0894,0.1497
503,0.1257,0.2067,0.1047,0.1397,0.1341,0.1369,0.1425,0.0894,0.2891,0.1313,0.2891,0.0894,0.15
504,0.1257,0.2067,0.1047,0.1397,0.1341,0.1369,0.1425,0.0894,0.2891,0.1313,0.2891,0.0894,0.15
505,0.1257,0.2067,0.1047,0.1397,0.1341,0.1369,0.1425,0.0894,0.2891,0.1313,0.2891,0.0894,0.15
506,0.1257,0.2067,0.1047,0.1397,0.1341,0.1369,0.1425,0.0894,0.2891,0.1313,0.2891,0.0894,0.15
507,0.1257,0.2067,0.1047,0.1397,0.1341,0.1369,0.1425,0.0894,0.2891,0.1313,0.2891,0.0894,0.15
508,0.1257,0.2067,0.1047,0.1397,0.1341,0.1369,0.1425,0.0894,0.2891,0.1313,0.2891,0.0894,0.15
509,0.1257,0.2067,0.1047,0.1397,0.1341,0.1369,0.1425,0.095,0.2891,0.1313,0.2891,0.095,0.1506
510,0.1257,0.2067,0.1047,0.1397,0.1341,0.1369,0.1425,0.095,0.2891,0.1313,0.2891,0.095,0.1506
511,0.1257,0.2067,0.1047,0.1397,0.1341,0.1369,0.1425,0.095,0.2891,0.1313,0.2891,0.095,0.1506
512,0.1257,0.2067,0.1047,0.1397,0.1341,0.1369,0.1425,0.095,0.2891,0.1313,0.2891,0.095,0.1506
513,0.1257,0.2067,0.1047,0.1397,0.1341,0.1369,0.1425,0.095,0.2891,0.1313,0.2891,0.095,0.1506
514,0.1257,0.2067,0.1047,0.1397,0.1341,0.1369,0.1425,0.095,0.2891,0.1313,0.2891,0.095,0.1506
515,0.1257,0.2067,0.1047,0.1397,0.1341,0.1369,0.1425,0.095,0.2891,0.1313,0.2891,0.095,0.1506
516,0.1257,0.2067,0.1047,0.1397,0.1341,0.1369,0.1425,0.095,0.2891,0.1313,0.2891,0.095,0.1506
517,0.1257,0.2067,0.1047,0.1397,0.1341,0.1369,0.1425,0.095,0.2891,0.1313,0.2891,0.095,0.1506
518,0.1257,0.2067,0.1047,0.1397,0.1341,0.1369,0.1425,0.095,0.2891,0.1313,0.2891,0.095,0.1506
519,0.1257,0.2067,0.1047,0.1397,0.1341,0.1369,0.1425,0.095,0.2891,0.1313,0.2891,0.095,0.1506
520,0.1257,0.2067,0.1047,0.1397,0.1341,0.1369,0.1425,0.095,0.2891,0.1313,0.2891,0.095,0.1506
521,0.1257,0.2067,0.1047,0.1397,0.1341,0.1369,0.1425,0.095,0.2891,0.1313,0.2891,0.095,0.1506
522,0.1257,0.2067,0.1047,0.1397,0.1341,0.1369,0.1425,0.095,0.2891,0.1313,0.2891,0.095,0.1506
523,0.1257,0.2067,0.1047,0.1397,0.1341,0.1369,0.1425,0.095,0.2891,0.1313,0.2891,0.095,0.1506
524,0.1257,0.2067,0.1047,0.1397,0.1341,0.1369,0.1425,0.095,0.2891,0.1313,0.2891,0.095,0.1506
525,0.1257,0.2067,0.1047,0.1397,0.1341,0.1369,0.1425,0.095,0.2891,0.1313,0.2891,0.095,0.1506
526,0.1257,0.2067,0.1047,0.1397,0.1341,0.1369,0.1425,0.095,0.2891,0.1313,0.2891,0.095,0.1506
527,0.1257,0.2067,0.1047,0.1397,0.1341,0.1369,0.1425,0.095,0.2947,0.1313,0.2947,0.095,0.1511
528,0.1257,0.2067,0.1047,0.1397,0.1341,0.1369,0.1425,0.095,0.2947,0.1313,0.2947,0.095,0.1511
529,0.1257,0.2067,0.1047,0.1397,0.1341,0.1369,0.1425,0.095,0.2947,0.1313,0.2947,0.095,0.1511
530,0.1257,0.2067,0.1047,0.1397,0.1341,0.1369,0.1425,0.095,0.2947,0.1313,0.2947,0.095,0.1511
531,0.1257,0.2067,0.1047,0.1397,0.1341,0.1369,0.1425,0.095,0.2947,0.1341,0.2947,0.095,0.1514
532,0.1257,0.2067,0.1047,0.1397,0.1341,0.1369,0.1425,0.095,0.2947,0.1341,0.2947,0.095,0.1514
533,0.1257,0.2067,0.1159,0.1397,0.1341,0.1369,0.1425,0.095,0.2947,0.1341,0.2947,0.095,0.1525
534,0.1257,0.2067,0.1159,0.1397,0.1341,0.1369,0.1425,0.095,0.2947,0.1341,0.2947,0.095,0.1525
535,0.1257,0.2067,0.1159,0.1397,0.1341,0.1369,0.1425,0.095,0.2947,0.1341,0.2947,0.095,0.1525
536,0.1257,0.2081,0.1159,0.1397,0.1341,0.1369,0.1425,0.095,0.2947,0.1341,0.2947,0.095,0.1527
537,0.1257,0.2081,0.1159,0.1397,0.1341,0.1369,0.1425,0.0992,0.2947,0.1341,0.2947,0.0992,0.1531
538,0.1257,0.2081,0.1159,0.1397,0.1341,0.1369,0.1425,0.0992,0.2947,0.1341,0.2947,0.0992,0.1531
539,0.1257,0.2081,0.1159,0.1397,0.1341,0.1369,0.1425,0.0992,0.2947,0.1341,0.2947,0.0992,0.1531
540,0.1257,0.2081,0.1159,0.1397,0.1341,0.1369,0.1425,0.0992,0.2947,0.1341,0.2947,0.0992,0.1531
541,0.1257,0.2081,0.1159,0.1397,0.1341,0.1369,0.1425,0.0992,0.2947,0.1341,0.2947,0.0992,0.1531
542,0.1257,0.2081,0.1159,0.1397,0.1341,0.1369,0.1425,0.0992,0.2947,0.1341,0.2947,0.0992,0.1531
543,0.1257,0.2081,0.1159,0.1397,0.1341,0.1369,0.1425,0.0992,0.2947,0.1341,0.2947,0.0992,0.1531
544,0.1257,0.2081,0.1159,0.1397,0.1341,0.1369,0.1425,0.0992,0.2947,0.1341,0.2947,0.0992,0.1531
545,0.1257,0.2081,0.1159,0.1397,0.1341,0.1369,0.1425,0.0992,0.3003,0.1341,0.3003,0.0992,0.1536
546,0.1257,0.2081,0.1159,0.1397,0.1341,0.1369,0.1425,0.0992,0.3003,0.1341,0.3003,0.0992,0.1536
547,0.1257,0.2081,0.1159,0.1397,0.1341,0.1369,0.1425,0.0992,0.3003,0.1341,0.3003,0.0992,0.1536
548,0.1257,0.2081,0.1159,0.1397,0.1341,0.1369,0.1425,0.0992,0.3003,0.1341,0.3003,0.0992,0.1536
549,0.1257,0.2081,0.1159,0.1397,0.1341,0.1369,0.1425,0.0992,0.3003,0.1341,0.3003,0.0992,0.1536
550,0.1257,0.2081,0.1159,0.1397,0.1341,0.1369,0.1425,0.0992,0.3003,0.1341,0.3003,0.0992,0.1536
551,0.1257,0.2081,0.1159,0.1397,0.1341,0.1369,0.1425,0.0992,0.3003,0.1341,0.3003,0.0992,0.1536
552,0.1257,0.2081,0.1159,0.1397,0.1341,0.1369,0.1425,0.0992,0.3003,0.1341,0.3003,0.0992,0.1536
553,0.1257,0.2081,0.1159,0.1397,0.1341,0.1369,0.1425,0.0992,0.3003,0.1341,0.3003,0.0992,0.1536
554,0.1257,0.2081,0.1159,0.1397,0.1341,0.1369,0.1425,0.0992,0.3003,0.1341,0.3003,0.0992,0.1536
555,0.1257,0.2081,0.1159,0.1397,0.1341,0.1369,0.1425,0.0992,0.3003,0.1341,0.3003,0.0992,0.1536
556,0.1257,0.2081,0.1159,0.1397,0.1341,0.1369,0.1425,0.0992,0.3003,0.1341,0.3003,0.0992,0.1536
557,0.1257,0.2081,0.1159,0.1397,0.1341,0.1369,0.1425,0.0992,0.3003,0.1341,0.3003,0.0992,0.1536
558,0.1257,0.2081,0.1159,0.1397,0.1341,0.1369,0.1425,0.0992,0.3003,0.1341,0.3003,0.0992,0.1536
559,0.1257,0.2081,0.1159,0.1397,0.1341,0.1369,0.1425,0.0992,0.3003,0.1341,0.3003,0.0992,0.1536
560,0.1257,0.2081,0.1159,0.1397,0.1341,0.1369,0.1425,0.0992,0.3003,0.1341,0.3003,0.0992,0.1536
561,0.1257,0.2081,0.1159,0.1397,0.1341,0.1369,0.1425,0.0992,0.3003,0.1341,0.3003,0.0992,0.1536
562,0.1257,0.2081,0.1159,0.1397,0.1341,0.1369,0.1425,0.0992,0.3003,0.1341,0.3003,0.0992,0.1536
563,0.1257,0.2081,0.1159,0.1397,0.1341,0.1369,0.1425,0.0992,0.3003,0.1341,0.3003,0.0992,0.1536
564,0.1257,0.2081,0.1159,0.1397,0.1341,0.1369,0.1425,0.0992,0.3003,0.1341,0.3003,0.0992,0.1536
565,0.1257,0.2081,0.1159,0.1397,0.1341,0.1369,0.1425,0.0992,0.3003,0.1341,0.3003,0.0992,0.1536
566,0.1257,0.2081,0.1159,0.1397,0.1341,0.1369,0.1425,0.0992,0.3003,0.1341,0.3003,0.0992,0.1536
567,0.1257,0.2081,0.1159,0.1397,0.1341,0.1369,0.1425,0.0992,0.3003,0.1341,0.3003,0.0992,0.1536
568,0.1257,0.2081,0.1159,0.1397,0.1341,0.1369,0.1425,0.0992,0.3003,0.1341,0.3003,0.0992,0.1536
569,0.1257,0.2081,0.1159,0.1397,0.1341,0.1369,0.1425,0.0992,0.3003,0.1341,0.3003,0.0992,0.1536
570,0.1257,0.2081,0.1159,0.1397,0.1341,0.1369,0.1425,0.0992,0.3003,0.1341,0.3003,0.0992,0.1536
571,0.1257,0.2081,0.1159,0.1397,0.1341,0.1369,0.1425,0.0992,0.3003,0.1341,0.3003,0.0992,0.1536
572,0.1257,0.2081,0.1159,0.1397,0.1341,0.1369,0.1425,0.0992,0.3003,0.1341,0.3003,0.0992,0.1536
573,0.1257,0.2081,0.1159,0.1397,0.1341,0.1369,0.1425,0.0992,0.3003,0.1341,0.3003,0.0992,0.1536
574,0.1257,0.2081,0.1159,0.1397,0.1341,0.1369,0.1425,0.0992,0.3003,0.1341,0.3003,0.0992,0.1536
575,0.1257,0.2081,0.1159,0.1397,0.1341,0.1369,0.1425,0.0992,0.3003,0.1341,0.3003,0.0992,0.1536
576,0.1257,0.2081,0.1159,0.1397,0.1341,0.1369,0.1425,0.0992,0.3003,0.1341,0.3003,0.0992,0.1536
577,0.1257,0.2081,0.1159,0.1397,0.1341,0.1369,0.1425,0.0992,0.3003,0.1341,0.3003,0.0992,0.1536
578,0.1257,0.2081,0.1159,0.1397,0.1341,0.1369,0.1425,0.0992,0.3003,0.1341,0.3003,0.0992,0.1536
579,0.1257,0.2081,0.1159,0.1397,0.1341,0.1369,0.1425,0.0992,0.3003,0.1341,0.3003,0.0992,0.1536
580,0.1257,0.2081,0.1159,0.1397,0.1341,0.1369,0.1425,0.0992,0.3003,0.1341,0.3003,0.0992,0.1536
581,0.1257,0.2081,0.1159,0.1397,0.1341,0.1369,0.1425,0.0992,0.3003,0.1341,0.3003,0.0992,0.1536
582,0.1257,0.2081,0.1159,0.1397,0.1341,0.1369,0.1425,0.0992,0.3003,0.1341,0.3003,0.0992,0.1536
583,0.1257,0.2081,0.1159,0.1397,0.1341,0.1369,0.1425,0.0992,0.3003,0.1341,0.3003,0.0992,0.1536
584,0.1257,0.2081,0.1159,0.1397,0.1341,0.1369,0.1425,0.0992,0.3003,0.1341,0.3003,0.0992,0.1536
585,0.1257,0.2081,0.1159,0.1397,0.1341,0.1369,0.1425,0.0992,0.3003,0.1341,0.3003,0.0992,0.1536
586,0.1257,0.2081,0.1159,0.1397,0.1341,0.1369,0.1425,0.0992,0.3003,0.1341,0.3003,0.0992,0.1536
587,0.1257,0.2081,0.1159,0.1397,0.1341,0.1369,0.1425,0.0992,0.3003,0.1341,0.3003,0.0992,0.1536
588,0.1257,0.2081,0.1159,0.1397,0.1341,0.1369,0.1425,0.0992,0.3003,0.1341,0.3003,0.0992,0.1536
589,0.1257,0.2081,0.1159,0.1397,0.1341,0.1369,0.1425,0.0992,0.3003,0.1341,0.3003,0.0992,0.1536
590,0.1257,0.2081,0.1159,0.1397,0.1341,0.1369,0.1425,0.0992,0.3003,0.1341,0.3003,0.0992,0.1536
591,0.1257,0.2081,0.1159,0.1397,0.1341,0.1369,0.1425,0.0992,0.3003,0.1341,0.3003,0.0992,0.1536
592,0.1257,0.2081,0.1159,0.1397,0.1341,0.1369,0.1425,0.0992,0.3003,0.1341,0.3003,0.0992,0.1536
593,0.1257,0.2081,0.1159,0.1397,0.1341,0.1369,0.1425,0.0992,0.3003,0.1341,0.3003,0.0992,0.1536
594,0.1257,0.2081,0.1159,0.1397,0.1341,0.1369,0.1425,0.0992,0.3003,0.1341,0.3003,0.0992,0.1536
595,0.1257,0.2081,0.1159,0.1397,0.1341,0.1369,0.1425,0.0992,0.3003,0.1341,0.3003,0.0992,0.1536
596,0.1257,0.2081,0.1159,0.1397,0.1341,0.1369,0.1425,0.0992,0.3003,0.1341,0.3003,0.0992,0.1536
597,0.1257,0.2081,0.1159,0.1397,0.1341,0.1369,0.1425,0.0992,0.3003,0.1341,0.3003,0.0992,0.1536
598,0.1257,0.2081,0.1159,0.1397,0.1341,0.1369,0.1425,0.0992,0.3003,0.1341,0.3003,0.0992,0.1536
599,0.1257,0.2081,0.1159,0.1397,0.1341,0.1369,0.1425,0.0992,0.3003,0.1341,0.3003,0.0992,0.1536
600,0.1257,0.2081,0.1159,0.1397,0.1341,0.1369,0.1439,0.0992,0.3003,0.1341,0.3003,0.0992,0.1538
601,0.1257,0.2081,0.1159,0.1397,0.1341,0.1369,0.1439,0.0992,0.3003,0.1341,0.3003,0.0992,0.1538
602,0.1257,0.2081,0.1159,0.1397,0.1341,0.1369,0.1439,0.0992,0.3003,0.1341,0.3003,0.0992,0.1538
603,0.1257,0.2081,0.1159,0.1397,0.1341,0.1369,0.1439,0.0992,0.3003,0.1341,0.3003,0.0992,0.1538
604,0.1257,0.2081,0.1159,0.1397,0.1341,0.1397,0.1439,0.0992,0.3003,0.1341,0.3003,0.0992,0.1541
605,0.1257,0.2081,0.1159,0.1397,0.1341,0.1397,0.1439,0.0992,0.3003,0.1341,0.3003,0.0992,0.1541
606,0.1257,0.2081,0.1159,0.1397,0.1341,0.1397,0.1439,0.0992,0.3003,0.1341,0.3003,0.0992,0.1541
607,0.1257,0.2081,0.1159,0.1397,0.1341,0.1397,0.1439,0.0992,0.3003,0.1341,0.3003,0.0992,0.1541
608,0.1257,0.2137,0.1159,0.1397,0.1341,0.1397,0.1439,0.0992,0.3003,0.1341,0.3003,0.0992,0.1546
1207,0.1257,0.2137,0.1159,0.1397,0.1341,0.1536,0.1439,0.0992,0.4008,0.1341,0.4008,0.0992,0.1661
1208,0.1369,0.3492,0.1383,0.1578,0.1913,0.1536,0.1494,0.1355,0.4008,0.1425,0.4008,0.1355,0.1955
1807,0.1369,0.3492,0.1383,0.1578,0.1913,0.1858,0.1494,0.1355,0.4022,0.1425,0.4022,0.1355,0.1989
1808,0.1606,0.3617,0.1732,0.1927,0.2626,0.1858,0.2458,0.1397,0.4022,0.3813,0.4022,0.1397,0.2506
2407,0.1606,0.3617,0.1732,0.1927,0.2626,0.1941,0.2458,0.1397,0.405,0.3813,0.405,0.1397,0.2517
2408,0.2723,0.3841,0.1746,0.1927,0.3617,0.1941,0.2696,0.1592,0.405,0.4092,0.4092,0.1592,0.2823
3007,0.2723,0.3841,0.1746,0.1927,0.3617,0.2151,0.2696,0.1592,0.405,0.4092,0.4092,0.1592,0.2844
3008,0.3492,0.3841,0.1746,0.1955,0.3953,0.2151,0.3673,0.1606,0.405,0.4106,0.4106,0.1606,0.3057
3607,0.3492,0.3841,0.1746,0.1955,0.3953,0.2179,0.3673,0.1606,0.405,0.4106,0.4106,0.1606,0.306
3608,0.3603,0.3841,0.1746,0.1969,0.4008,0.2179,0.4022,0.176,0.405,0.4106,0.4106,0.1746,0.3128
3609,0.3603,0.3841,0.1746,0.1969,0.4008,0.2179,0.4022,0.176,0.405,0.4106,0.4106,0.1746,0.3128
4207,0.3603,0.3841,0.1746,0.1969,0.4008,0.2388,0.4022,0.176,0.412,0.4106,0.412,0.1746,0.3156
4208,0.4595,0.3841,0.1746,0.1969,0.4022,0.2388,0.4944,0.176,0.412,0.4204,0.4944,0.1746,0.3359
4209,0.4595,0.507,0.1746,0.1969,0.4022,0.2388,0.4944,0.176,0.412,0.4204,0.507,0.1746,0.3482
4807,0.4595,0.507,0.1746,0.1969,0.4022,0.2388,0.4944,0.176,0.4162,0.4204,0.507,0.1746,0.3486
4808,0.4749,0.507,0.1746,0.1969,0.412,0.2388,0.5028,0.2179,0.4162,0.4916,0.507,0.1746,0.3633
4809,0.4749,0.5154,0.1746,0.1969,0.412,0.2388,0.5028,0.2179,0.4162,0.4916,0.5154,0.1746,0.3641
5407,0.4749,0.5154,0.1746,0.1969,0.412,0.257,0.5028,0.2179,0.4162,0.4916,0.5154,0.1746,0.3659
5408,0.5168,0.5154,0.1746,0.2514,0.412,0.257,0.5251,0.2989,0.4162,0.4916,0.5251,0.1746,0.3859
5409,0.5168,0.5251,0.1746,0.2514,0.412,0.257,0.5251,0.2989,0.4162,0.4916,0.5251,0.1746,0.3869
6007,0.5168,0.5251,0.1746,0.2514,0.412,0.2975,0.5251,0.2989,0.4162,0.4916,0.5251,0.1746,0.3909
6008,0.5237,0.5251,0.1774,0.2598,0.412,0.2975,0.5251,0.3184,0.4162,0.4944,0.5251,0.1774,0.395
6009,0.5237,0.5391,0.1774,0.2598,0.412,0.2975,0.5251,0.3184,0.4162,0.4944,0.5391,0.1774,0.3964
6607,0.5237,0.5391,0.1774,0.2598,0.412,0.4022,0.5251,0.3184,0.4162,0.4944,0.5391,0.1774,0.4068
6608,0.5475,0.5391,0.1774,0.2696,0.4134,0.4022,0.5628,0.331,0.4162,0.4972,0.5628,0.1774,0.4156
6609,0.5475,0.5615,0.1774,0.2696,0.4134,0.4022,0.5628,0.331,0.4162,0.4972,0.5628,0.1774,0.4179
7207,0.5475,0.5615,0.1774,0.2696,0.4134,0.4078,0.5628,0.331,0.486,0.4972,0.5628,0.1774,0.4254
7208,0.567,0.5615,0.1802,0.2696,0.4134,0.4078,0.662,0.405,0.486,0.4986,0.662,0.1802,0.4451
7209,0.567,0.5936,0.1802,0.2696,0.4134,0.4078,0.662,0.405,0.486,0.4986,0.662,0.1802,0.4483
7807,0.567,0.5936,0.1802,0.2696,0.4134,0.4078,0.662,0.405,0.5014,0.4986,0.662,0.1802,0.4499
7808,0.5894,0.5936,0.1858,0.2961,0.4134,0.4078,0.669,0.4316,0.5014,0.5084,0.669,0.1858,0.4597
7809,0.5894,0.5992,0.1858,0.2961,0.4134,0.4078,0.669,0.4316,0.5014,0.5084,0.669,0.1858,0.4602
8407,0.5894,0.5992,0.1858,0.2961,0.4134,0.4078,0.669,0.4316,0.507,0.5084,0.669,0.1858,0.4608
8408,0.5894,0.5992,0.1885,0.3017,0.4134,0.4078,0.6802,0.4958,0.507,0.5293,0.6802,0.1885,0.4712
8409,0.5894,0.6075,0.1885,0.3017,0.4134,0.4078,0.6802,0.4958,0.507,0.5293,0.6802,0.1885,0.4721
9007,0.5894,0.6075,0.1885,0.3017,0.4134,0.4078,0.6802,0.4958,0.5209,0.5293,0.6802,0.1885,0.4735
9008,0.5908,0.6075,0.2151,0.3911,0.4134,0.4078,0.683,0.5182,0.5209,0.5293,0.683,0.2151,0.4877
9009,0.5908,0.6243,0.2151,0.3911,0.4134,0.4078,0.683,0.5182,0.5209,0.5293,0.683,0.2151,0.4894
9608,0.5922,0.6243,0.2151,0.3911,0.4134,0.4078,0.6844,0.5209,0.5223,0.5433,0.6844,0.2151,0.4915
9609,0.5922,0.6313,0.2151,0.3911,0.4134,0.4078,0.6844,0.5209,0.5223,0.5433,0.6844,0.2151,0.4922
10208,0.5964,0.6313,0.2374,0.3911,0.4134,0.412,0.6858,0.5209,0.5223,0.5475,0.6858,0.2374,0.4958
10209,0.5964,0.6313,0.2374,0.3911,0.4134,0.412,0.6858,0.5209,0.5223,0.5475,0.6858,0.2374,0.4958
10808,0.5978,0.6313,0.2402,0.3911,0.4134,0.5182,0.6885,0.5237,0.5223,0.5503,0.6885,0.2402,0.5077
10809,0.5978,0.6313,0.2402,0.3911,0.4134,0.5182,0.6885,0.5237,0.5223,0.5503,0.6885,0.2402,0.5077
11408,0.602,0.6313,0.2765,0.3953,0.4134,0.5461,0.6899,0.5377,0.5391,0.5559,0.6899,0.2765,0.5187
11409,0.602,0.6327,0.2765,0.3953,0.4134,0.5461,0.6899,0.5377,0.5391,0.5559,0.6899,0.2765,0.5189
12008,0.6061,0.6327,0.2835,0.3966,0.4134,0.5517,0.6899,0.5489,0.5559,0.5601,0.6899,0.2835,0.5239
12009,0.6061,0.6872,0.2835,0.3966,0.4134,0.5517,0.6899,0.5489,0.5559,0.5601,0.6899,0.2835,0.5293
12608,0.6061,0.6872,0.2849,0.4581,0.4679,0.5531,0.6899,0.5545,0.5587,0.5796,0.6899,0.2849,0.544
12609,0.6061,0.6899,0.2849,0.4581,0.4679,0.5531,0.6899,0.5545,0.5587,0.5796,0.6899,0.2849,0.5443
13208,0.6061,0.6899,0.2863,0.4623,0.4679,0.5559,0.6899,0.567,0.5587,0.581,0.6899,0.2863,0.5465
13209,0.6061,0.6983,0.2863,0.4623,0.4679,0.5559,0.6899,0.567,0.5587,0.581,0.6983,0.2863,0.5473
13808,0.6089,0.6983,0.3561,0.4679,0.4679,0.5559,0.6941,0.5684,0.5656,0.5824,0.6983,0.3561,0.5565
13809,0.6089,0.7011,0.3561,0.4679,0.4679,0.5559,0.6941,0.5684,0.5656,0.5824,0.7011,0.3561,0.5568
14408,0.6089,0.7011,0.3561,0.4679,0.4721,0.5573,0.6941,0.5754,0.5656,0.5838,0.7011,0.3561,0.5582
14409,0.6089,0.7039,0.3561,0.4679,0.4721,0.5573,0.6941,0.5754,0.5656,0.5838,0.7039,0.3561,0.5585
15008,0.6131,0.7039,0.3575,0.4679,0.4721,0.5587,0.6941,0.581,0.567,0.5838,0.7039,0.3575,0.5599
15009,0.6131,0.7123,0.3575,0.4679,0.4721,0.5587,0.6941,0.581,0.567,0.5838,0.7123,0.3575,0.5608
15608,0.6131,0.7123,0.3575,0.4679,0.4721,0.5587,0.6941,0.581,0.5866,0.5852,0.7123,0.3575,0.5629
15609,0.6131,0.7123,0.3575,0.4679,0.4721,0.5587,0.6941,0.581,0.5866,0.5852,0.7123,0.3575,0.5629
16208,0.6131,0.7123,0.3575,0.4679,0.4721,0.5587,0.6969,0.581,0.5866,0.5852,0.7123,0.3575,0.5631
16209,0.6131,0.7123,0.3575,0.4679,0.4721,0.5587,0.6969,0.581,0.5866,0.5852,0.7123,0.3575,0.5631
16808,0.6131,0.7123,0.3575,0.4679,0.4721,0.5628,0.6969,0.581,0.5866,0.5866,0.7123,0.3575,0.5637
16809,0.6131,0.7123,0.3575,0.4679,0.4721,0.5628,0.6969,0.581,0.5866,0.5866,0.7123,0.3575,0.5637
17408,0.6131,0.7123,0.3575,0.4679,0.4721,0.5628,0.6969,0.581,0.588,0.5866,0.7123,0.3575,0.5638
17409,0.6131,0.7123,0.3575,0.4679,0.4721,0.5628,0.6969,0.581,0.588,0.5866,0.7123,0.3575,0.5638
18008,0.6131,0.7123,0.3575,0.4679,0.4721,0.5628,0.6969,0.5978,0.588,0.5866,0.7123,0.3575,0.5655
18009,0.6131,0.7151,0.3575,0.4902,0.4721,0.5628,0.6969,0.5978,0.588,0.5866,0.7151,0.3575,0.568
18608,0.6131,0.7151,0.3575,0.4902,0.4818,0.5656,0.7025,0.5978,0.5978,0.5866,0.7151,0.3575,0.5708
18609,0.6131,0.7165,0.3575,0.5014,0.4818,0.5656,0.7025,0.5978,0.5978,0.5866,0.7165,0.3575,0.5721
19208,0.6131,0.7165,0.3575,0.5014,0.5335,0.5712,0.7025,0.5992,0.5978,0.5866,0.7165,0.3575,0.5779
19209,0.6131,0.7165,0.3729,0.507,0.5335,0.5712,0.7025,0.5992,0.5978,0.5866,0.7165,0.3729,0.58
19808,0.6131,0.7165,0.3729,0.507,0.5349,0.5754,0.7025,0.6006,0.5992,0.5866,0.7165,0.3729,0.5809
19809,0.6131,0.7165,0.3785,0.5168,0.5349,0.5754,0.7025,0.6006,0.5992,0.5866,0.7165,0.3785,0.5824
20408,0.6131,0.7165,0.3785,0.5168,0.5601,0.5754,0.7053,0.6006,0.6061,0.5866,0.7165,0.3785,0.5859
20409,0.6131,0.7165,0.3785,0.5223,0.5601,0.5754,0.7053,0.6006,0.6061,0.5866,0.7165,0.3785,0.5865
21008,0.6131,0.7165,0.3785,0.5223,0.5628,0.5754,0.7053,0.6006,0.6075,0.5866,0.7165,0.3785,0.5869
21009,0.6131,0.7179,0.3785,0.5335,0.5628,0.5754,0.7053,0.6006,0.6075,0.5866,0.7179,0.3785,0.5881
21608,0.6131,0.7179,0.3785,0.5335,0.5628,0.5754,0.7053,0.6006,0.6061,0.5866,0.7179,0.3785,0.588
21609,0.6131,0.7179,0.3827,0.5391,0.5628,0.5754,0.7053,0.6006,0.6061,0.5866,0.7179,0.3827,0.589
22208,0.6131,0.7179,0.3827,0.5391,0.5642,0.5754,0.7053,0.6006,0.6103,0.5866,0.7179,0.3827,0.5895
22209,0.6131,0.7179,0.4008,0.5391,0.5642,0.5754,0.7053,0.6006,0.6103,0.5866,0.7179,0.4008,0.5913
22808,0.6145,0.7179,0.4008,0.5391,0.574,0.5754,0.7053,0.6006,0.6383,0.5866,0.7179,0.4008,0.5952
22809,0.6145,0.7179,0.4008,0.5391,0.574,0.5754,0.7053,0.6006,0.6383,0.5866,0.7179,0.4008,0.5952
23408,0.6145,0.7179,0.4008,0.5391,0.5768,0.5796,0.7053,0.6034,0.6676,0.5866,0.7179,0.4008,0.5992
23409,0.6145,0.7193,0.4008,0.5391,0.5768,0.5796,0.7053,0.6034,0.6676,0.5866,0.7193,0.4008,0.5993
24008,0.6145,0.7193,0.4008,0.5391,0.5768,0.5852,0.7053,0.6034,0.7109,0.5908,0.7193,0.4008,0.6046
24009,0.6145,0.7193,0.4008,0.5405,0.5768,0.5852,0.7053,0.6034,0.7109,0.5908,0.7193,0.4008,0.6047
24608,0.6145,0.7193,0.4008,0.5405,0.5768,0.5852,0.7053,0.6047,0.7109,0.595,0.7193,0.4008,0.6053
24609,0.6145,0.7193,0.4008,0.5405,0.5838,0.5852,0.7053,0.6047,0.7109,0.595,0.7193,0.4008,0.606
25208,0.6145,0.7193,0.4008,0.5405,0.5838,0.6061,0.7053,0.6047,0.7109,0.5964,0.7193,0.4008,0.6082
25209,0.6145,0.7193,0.4008,0.5405,0.5936,0.6061,0.7053,0.6047,0.7109,0.5964,0.7193,0.4008,0.6092
25808,0.6145,0.7193,0.4008,0.5405,0.5936,0.6061,0.7053,0.6047,0.7123,0.5964,0.7193,0.4008,0.6094
25809,0.6145,0.7207,0.4008,0.5419,0.5978,0.6061,0.7053,0.6047,0.7123,0.5964,0.7207,0.4008,0.61
26408,0.6145,0.7207,0.4008,0.5419,0.5978,0.6061,0.7067,0.6047,0.7137,0.5964,0.7207,0.4008,0.6103
26409,0.6145,0.7207,0.4651,0.5489,0.5978,0.6061,0.7067,0.6047,0.7137,0.5964,0.7207,0.4651,0.6175
27008,0.6145,0.7207,0.4651,0.5489,0.5978,0.6061,0.7067,0.6047,0.7151,0.5978,0.7207,0.4651,0.6177
27009,0.6145,0.7207,0.4679,0.5489,0.6006,0.6061,0.7067,0.6047,0.7151,0.5978,0.7207,0.4679,0.6183
27608,0.6145,0.7207,0.4679,0.5489,0.6006,0.6075,0.7067,0.6047,0.7151,0.5978,0.7207,0.4679,0.6184
27609,0.6145,0.7207,0.4735,0.5517,0.6006,0.6075,0.7067,0.6047,0.7151,0.5978,0.7207,0.4735,0.6193
28208,0.6145,0.7207,0.4735,0.5517,0.6006,0.6075,0.7067,0.6075,0.7165,0.5992,0.7207,0.4735,0.6198
28209,0.6145,0.7207,0.4818,0.5559,0.6369,0.6075,0.7067,0.6075,0.7165,0.5992,0.7207,0.4818,0.6247
28808,0.6145,0.7207,0.4818,0.5559,0.6369,0.6117,0.7067,0.6159,0.7165,0.5992,0.7207,0.4818,0.626
28809,0.6145,0.7207,0.4986,0.5559,0.6369,0.6117,0.7067,0.6159,0.7165,0.6061,0.7207,0.4986,0.6283
29408,0.6145,0.7207,0.4986,0.5559,0.6369,0.6131,0.7067,0.6159,0.7165,0.6061,0.7207,0.4986,0.6285
29409,0.6145,0.7207,0.4986,0.5573,0.6383,0.6131,0.7067,0.6159,0.7165,0.6061,0.7207,0.4986,0.6288
30008,0.6145,0.7207,0.4986,0.5573,0.6383,0.6131,0.7067,0.6159,0.7165,0.6061,0.7207,0.4986,0.6288
30009,0.6145,0.7221,0.4986,0.5587,0.6383,0.6131,0.7067,0.6159,0.7165,0.6075,0.7221,0.4986,0.6292
30608,0.6145,0.7221,0.4986,0.5587,0.6383,0.6131,0.7067,0.6159,0.7165,0.6075,0.7221,0.4986,0.6292
30609,0.6145,0.7221,0.4986,0.5615,0.6383,0.6131,0.7067,0.6159,0.7165,0.6075,0.7221,0.4986,0.6295
31208,0.6145,0.7221,0.4986,0.5615,0.6383,0.6131,0.7067,0.6159,0.7165,0.6075,0.7221,0.4986,0.6295
31209,0.6159,0.7221,0.4986,0.5615,0.6383,0.6131,0.7067,0.6159,0.7165,0.6075,0.7221,0.4986,0.6296
31808,0.6159,0.7221,0.4986,0.5615,0.6383,0.6131,0.7067,0.6159,0.7165,0.6075,0.7221,0.4986,0.6296
31809,0.6159,0.7221,0.5251,0.5615,0.6383,0.6131,0.7081,0.6159,0.7165,0.6075,0.7221,0.5251,0.6324
32408,0.6159,0.7221,0.5251,0.5615,0.6383,0.6145,0.7081,0.6159,0.7165,0.6075,0.7221,0.5251,0.6325
32409,0.6159,0.7235,0.5293,0.5615,0.6592,0.6145,0.7081,0.6159,0.7165,0.6075,0.7235,0.5293,0.6352
33008,0.6159,0.7235,0.5293,0.5615,0.6592,0.6131,0.7081,0.6159,0.7165,0.6075,0.7235,0.5293,0.6351
33009,0.6159,0.7235,0.5503,0.5712,0.6634,0.6131,0.7081,0.6159,0.7165,0.6089,0.7235,0.5503,0.6387
33608,0.6159,0.7235,0.5503,0.5712,0.6634,0.6131,0.7081,0.6159,0.7165,0.6089,0.7235,0.5503,0.6387
33609,0.6159,0.7235,0.5615,0.5712,0.6662,0.6131,0.7081,0.6159,0.7165,0.6089,0.7235,0.5615,0.6401
34208,0.6159,0.7235,0.5615,0.5712,0.6662,0.6131,0.7081,0.6159,0.7165,0.6089,0.7235,0.5615,0.6401
34209,0.6159,0.7235,0.5615,0.5712,0.6662,0.6131,0.7081,0.6159,0.7165,0.6089,0.7235,0.5615,0.6401
34808,0.6159,0.7235,0.5615,0.5712,0.6662,0.6131,0.7081,0.6159,0.7165,0.6089,0.7235,0.5615,0.6401
34809,0.6159,0.7235,0.5615,0.5712,0.6676,0.6131,0.7081,0.6159,0.7165,0.6089,0.7235,0.5615,0.6402
34810,0.6159,0.7235,0.5615,0.5712,0.6676,0.6131,0.7081,0.6159,0.7165,0.6089,0.7235,0.5615,0.6402
35408,0.6159,0.7235,0.5615,0.5712,0.6676,0.6606,0.7081,0.6159,0.7332,0.6089,0.7332,0.5615,0.6466
35409,0.6159,0.7235,0.5656,0.5712,0.6662,0.6606,0.7081,0.6159,0.7332,0.6089,0.7332,0.5656,0.6469
35410,0.6159,0.7235,0.5656,0.5712,0.6662,0.6606,0.7081,0.6159,0.7332,0.6089,0.7332,0.5656,0.6469
36008,0.6159,0.7235,0.5656,0.5712,0.6662,0.669,0.7081,0.6159,0.7346,0.6089,0.7346,0.5656,0.6479
36009,0.6159,0.7235,0.5684,0.5712,0.6662,0.669,0.7081,0.6159,0.7346,0.6089,0.7346,0.5684,0.6482
36010,0.6159,0.7235,0.5684,0.5894,0.6662,0.669,0.7081,0.6159,0.7346,0.6089,0.7346,0.5684,0.65
36608,0.6159,0.7235,0.5684,0.5894,0.6662,0.669,0.7081,0.6159,0.7346,0.6089,0.7346,0.5684,0.65
36609,0.6173,0.7235,0.5684,0.5894,0.6676,0.669,0.7081,0.6159,0.7346,0.6089,0.7346,0.5684,0.6503
36610,0.6173,0.7235,0.5684,0.595,0.6676,0.669,0.7081,0.6159,0.7346,0.6089,0.7346,0.5684,0.6508
37208,0.6173,0.7235,0.5684,0.595,0.6676,0.669,0.7081,0.6159,0.7346,0.6089,0.7346,0.5684,0.6508
37209,0.6173,0.7235,0.5684,0.595,0.6676,0.669,0.7081,0.6159,0.7346,0.6089,0.7346,0.5684,0.6508
37210,0.6173,0.7235,0.6201,0.5964,0.6676,0.669,0.7081,0.6159,0.7346,0.6089,0.7346,0.5964,0.6561
37808,0.6173,0.7235,0.6201,0.5964,0.6676,0.6704,0.7081,0.6187,0.7346,0.6089,0.7346,0.5964,0.6566
37809,0.6173,0.7249,0.6201,0.5964,0.6676,0.6704,0.7081,0.6187,0.7346,0.6089,0.7346,0.5964,0.6567
37810,0.6173,0.7249,0.6201,0.5964,0.6676,0.6704,0.7081,0.6187,0.7346,0.6089,0.7346,0.5964,0.6567
38408,0.6173,0.7249,0.6201,0.5964,0.6676,0.6774,0.7081,0.6187,0.736,0.6089,0.736,0.5964,0.6575
38409,0.6173,0.7249,0.6201,0.5964,0.6676,0.6774,0.7081,0.6187,0.736,0.6089,0.736,0.5964,0.6575
38410,0.6173,0.7249,0.6201,0.5964,0.6676,0.6774,0.7081,0.6187,0.736,0.6089,0.736,0.5964,0.6575
39008,0.6173,0.7249,0.6201,0.5964,0.6676,0.6802,0.7081,0.6187,0.736,0.6089,0.736,0.5964,0.6578
39009,0.6173,0.7318,0.6201,0.5964,0.669,0.6802,0.7081,0.6187,0.736,0.6089,0.736,0.5964,0.6586
39010,0.6173,0.7318,0.6229,0.5964,0.669,0.6802,0.7081,0.6187,0.736,0.6089,0.736,0.5964,0.6589
39608,0.6173,0.7318,0.6229,0.5964,0.669,0.6802,0.7081,0.6187,0.7374,0.6089,0.7374,0.5964,0.6591
39609,0.6173,0.7318,0.6229,0.5964,0.669,0.6802,0.7081,0.6187,0.7374,0.6103,0.7374,0.5964,0.6592
39610,0.6173,0.7318,0.6243,0.5964,0.669,0.6802,0.7081,0.6187,0.7374,0.6103,0.7374,0.5964,0.6594
40208,0.6173,0.7318,0.6243,0.5964,0.669,0.6802,0.7081,0.6187,0.7374,0.6103,0.7374,0.5964,0.6594
40209,0.6173,0.7318,0.6243,0.5964,0.669,0.6802,0.7081,0.6187,0.7374,0.6131,0.7374,0.5964,0.6596
40210,0.6173,0.7318,0.6271,0.5964,0.669,0.6802,0.7081,0.6187,0.7374,0.6131,0.7374,0.5964,0.6599
40808,0.6173,0.7318,0.6271,0.5964,0.669,0.6802,0.7081,0.6187,0.7388,0.6131,0.7388,0.5964,0.6601
40809,0.6173,0.7332,0.6271,0.5964,0.669,0.6802,0.7081,0.6187,0.7388,0.6131,0.7388,0.5964,0.6602
40810,0.6173,0.7332,0.6285,0.5992,0.669,0.6802,0.7081,0.6187,0.7388,0.6131,0.7388,0.5992,0.6606
41408,0.6173,0.7332,0.6285,0.5992,0.669,0.6802,0.7081,0.6187,0.7416,0.6131,0.7416,0.5992,0.6609
41409,0.6173,0.7318,0.6285,0.5992,0.6704,0.6802,0.7081,0.6187,0.7416,0.6131,0.7416,0.5992,0.6609
41410,0.6173,0.7318,0.6285,0.5992,0.6704,0.6802,0.7081,0.6187,0.7416,0.6131,0.7416,0.5992,0.6609
42008,0.6173,0.7318,0.6285,0.5992,0.6704,0.6802,0.7081,0.6187,0.7416,0.6131,0.7416,0.5992,0.6609
42009,0.6173,0.7318,0.6285,0.5992,0.6704,0.6802,0.7081,0.6187,0.7416,0.6131,0.7416,0.5992,0.6609
42010,0.6173,0.7318,0.6285,0.5992,0.6704,0.6802,0.7081,0.6187,0.7416,0.6131,0.7416,0.5992,0.6609
42608,0.6173,0.7318,0.6285,0.5992,0.6704,0.6802,0.7081,0.6187,0.7416,0.6131,0.7416,0.5992,0.6609
42609,0.6173,0.7318,0.6285,0.5992,0.6718,0.6802,0.7081,0.6187,0.7416,0.6131,0.7416,0.5992,0.661
42610,0.6173,0.7318,0.6285,0.5992,0.6718,0.6802,0.7081,0.6187,0.7416,0.6131,0.7416,0.5992,0.661
43208,0.6173,0.7318,0.6285,0.5992,0.6718,0.6802,0.7081,0.6187,0.7416,0.6131,0.7416,0.5992,0.661
43209,0.6173,0.7318,0.6285,0.5992,0.6718,0.6802,0.7081,0.6187,0.7416,0.6131,0.7416,0.5992,0.661
43210,0.6173,0.7318,0.6285,0.5992,0.6718,0.6802,0.7081,0.6187,0.7416,0.6131,0.7416,0.5992,0.661
43808,0.6173,0.7318,0.6285,0.5992,0.6718,0.6816,0.7081,0.6187,0.7416,0.6131,0.7416,0.5992,0.6612
43809,0.6173,0.7472,0.6285,0.5992,0.6718,0.6816,0.7081,0.6187,0.7416,0.6131,0.7472,0.5992,0.6627
43810,0.6173,0.7472,0.6285,0.5992,0.6718,0.6816,0.7081,0.6187,0.7416,0.6131,0.7472,0.5992,0.6627
44408,0.6173,0.7472,0.6285,0.5992,0.6718,0.6816,0.7081,0.6187,0.743,0.6131,0.7472,0.5992,0.6629
44409,0.6173,0.7458,0.6285,0.5992,0.6718,0.6816,0.7081,0.6187,0.743,0.6131,0.7458,0.5992,0.6627
44410,0.6173,0.7458,0.6299,0.5992,0.6718,0.6816,0.7081,0.6187,0.743,0.6131,0.7458,0.5992,0.6629
45008,0.6173,0.7458,0.6299,0.5992,0.6718,0.6816,0.7081,0.6187,0.7458,0.6131,0.7458,0.5992,0.6631
45009,0.6173,0.7472,0.6299,0.5992,0.6774,0.6816,0.7095,0.6187,0.7458,0.6131,0.7472,0.5992,0.664
45010,0.6173,0.7472,0.6299,0.5992,0.6774,0.6816,0.7095,0.6187,0.7458,0.6131,0.7472,0.5992,0.664
45608,0.6173,0.7472,0.6299,0.5992,0.6774,0.6816,0.7095,0.6187,0.7458,0.6131,0.7472,0.5992,0.664
45609,0.6187,0.7472,0.6299,0.5992,0.6774,0.6816,0.7095,0.6187,0.7458,0.6131,0.7472,0.5992,0.6641
45610,0.6187,0.7472,0.6299,0.6089,0.6774,0.6816,0.7095,0.6187,0.7458,0.6131,0.7472,0.6089,0.6651
46208,0.6187,0.7472,0.6299,0.6089,0.6774,0.6816,0.7095,0.6187,0.7458,0.6131,0.7472,0.6089,0.6651
46209,0.6187,0.7486,0.6299,0.6089,0.6774,0.6816,0.7095,0.6187,0.7458,0.6131,0.7486,0.6089,0.6652
46210,0.6187,0.7486,0.6369,0.6089,0.6774,0.6816,0.7095,0.6187,0.7458,0.6131,0.7486,0.6089,0.6659
46808,0.6187,0.7486,0.6369,0.6089,0.6774,0.7207,0.7095,0.6187,0.7458,0.6131,0.7486,0.6089,0.6698
46809,0.6201,0.7486,0.6369,0.6089,0.6774,0.7207,0.7095,0.6187,0.7458,0.6131,0.7486,0.6089,0.67
46810,0.6201,0.7486,0.6369,0.6089,0.6774,0.7207,0.7095,0.6187,0.7458,0.6131,0.7486,0.6089,0.67
47408,0.6201,0.7486,0.6369,0.6089,0.6774,0.7235,0.7095,0.6187,0.7458,0.6131,0.7486,0.6089,0.6703
47409,0.6201,0.7486,0.6369,0.6089,0.6774,0.7235,0.7095,0.6187,0.7458,0.6145,0.7486,0.6089,0.6704
47410,0.6201,0.7486,0.6411,0.6103,0.6774,0.7235,0.7095,0.6187,0.7458,0.6145,0.7486,0.6103,0.671
48008,0.6201,0.7486,0.6411,0.6103,0.6774,0.7235,0.7095,0.6187,0.7458,0.6145,0.7486,0.6103,0.671
48009,0.6215,0.7486,0.6411,0.6103,0.6774,0.7235,0.7095,0.6187,0.7458,0.6145,0.7486,0.6103,0.6711
48010,0.6215,0.7486,0.6411,0.6131,0.6774,0.7235,0.7095,0.6187,0.7458,0.6145,0.7486,0.6131,0.6714
48608,0.6215,0.7486,0.6411,0.6131,0.6774,0.7235,0.7095,0.6187,0.7458,0.6145,0.7486,0.6131,0.6714
48609,0.6215,0.7486,0.6411,0.6131,0.6774,0.7235,0.7095,0.6187,0.7458,0.6145,0.7486,0.6131,0.6714
48610,0.6215,0.7486,0.6411,0.6131,0.6774,0.7235,0.7095,0.6187,0.7458,0.6145,0.7486,0.6131,0.6714
49208,0.6215,0.7486,0.6411,0.6131,0.6774,0.7235,0.7095,0.6187,0.7472,0.6145,0.7486,0.6131,0.6715
49209,0.6215,0.7486,0.6411,0.6131,0.6774,0.7235,0.7095,0.6187,0.7472,0.6145,0.7486,0.6131,0.6715
49210,0.6215,0.7486,0.6411,0.6145,0.6774,0.7235,0.7095,0.6187,0.7472,0.6145,0.7486,0.6145,0.6717
49808,0.6215,0.7486,0.6411,0.6145,0.6774,0.7235,0.7095,0.6187,0.7472,0.6145,0.7486,0.6145,0.6717
49809,0.6215,0.7486,0.6411,0.6145,0.6774,0.7235,0.7095,0.6201,0.7472,0.6145,0.7486,0.6145,0.6718
49810,0.6508,0.7486,0.6411,0.6145,0.6774,0.7235,0.7095,0.6201,0.7472,0.6145,0.7486,0.6145,0.6747
50408,0.6508,0.7486,0.6411,0.6145,0.6774,0.7235,0.7095,0.6201,0.7472,0.6145,0.7486,0.6145,0.6747
50409,0.6508,0.7486,0.6411,0.6145,0.6774,0.7235,0.7123,0.6201,0.7472,0.6159,0.7486,0.6145,0.6751
50410,0.6508,0.7486,0.6425,0.6145,0.6774,0.7235,0.7123,0.6201,0.7472,0.6159,0.7486,0.6145,0.6753
51008,0.6508,0.7486,0.6425,0.6145,0.6774,0.7235,0.7123,0.6201,0.7472,0.6159,0.7486,0.6145,0.6753
51009,0.6508,0.7486,0.6425,0.6145,0.6774,0.7235,0.7123,0.6201,0.7472,0.6159,0.7486,0.6145,0.6753
51010,0.6662,0.7486,0.6453,0.6145,0.7193,0.7235,0.7123,0.6201,0.7472,0.6159,0.7486,0.6145,0.6813
51608,0.6662,0.7486,0.6453,0.6145,0.7193,0.7235,0.7123,0.6201,0.7486,0.6159,0.7486,0.6145,0.6814
51609,0.6662,0.7486,0.6453,0.6145,0.7193,0.7304,0.7123,0.6201,0.7486,0.6159,0.7486,0.6145,0.6821
51610,0.6662,0.7486,0.6453,0.6145,0.7193,0.7304,0.7123,0.6201,0.7486,0.6159,0.7486,0.6145,0.6821
52208,0.6662,0.7486,0.6453,0.6145,0.7193,0.7304,0.7123,0.6201,0.7486,0.6159,0.7486,0.6145,0.6821
52209,0.6662,0.7486,0.6453,0.6145,0.7193,0.7304,0.7123,0.6201,0.7486,0.6159,0.7486,0.6145,0.6821
52210,0.6662,0.7486,0.6466,0.6145,0.7193,0.7304,0.7123,0.6201,0.7486,0.6159,0.7486,0.6145,0.6823
52808,0.6662,0.7486,0.6466,0.6145,0.7193,0.7304,0.7123,0.6201,0.7486,0.6159,0.7486,0.6145,0.6823
52809,0.6662,0.7486,0.6466,0.6145,0.7193,0.7304,0.7123,0.6201,0.7486,0.6159,0.7486,0.6145,0.6823
52810,0.6662,0.7486,0.6466,0.6955,0.7193,0.7304,0.7123,0.6201,0.7486,0.6159,0.7486,0.6159,0.6903
53408,0.6662,0.7486,0.6466,0.6955,0.7193,0.7304,0.7123,0.6201,0.7486,0.6159,0.7486,0.6159,0.6903
53409,0.6662,0.7486,0.6466,0.6955,0.7193,0.7304,0.7123,0.6201,0.7486,0.6159,0.7486,0.6159,0.6903
53410,0.6662,0.7486,0.6466,0.7025,0.7193,0.7304,0.7123,0.6201,0.7486,0.6159,0.7486,0.6159,0.691
53411,0.6662,0.7486,0.7011,0.7025,0.7193,0.7304,0.7123,0.6201,0.7486,0.6159,0.7486,0.6159,0.6965
54008,0.6662,0.7486,0.7011,0.7025,0.7193,0.7304,0.7123,0.6201,0.7486,0.6159,0.7486,0.6159,0.6965
54009,0.6662,0.7486,0.7011,0.7025,0.7193,0.7304,0.7123,0.6201,0.7486,0.6159,0.7486,0.6159,0.6965
54010,0.6662,0.7486,0.7011,0.7025,0.7193,0.7304,0.7123,0.6201,0.7486,0.6159,0.7486,0.6159,0.6965
54011,0.6662,0.7486,0.7011,0.7025,0.7193,0.7304,0.7123,0.6201,0.7486,0.6159,0.7486,0.6159,0.6965
54608,0.6662,0.7486,0.7011,0.7025,0.7193,0.7304,0.7123,0.6201,0.7486,0.6159,0.7486,0.6159,0.6965
54609,0.6662,0.7486,0.7011,0.7025,0.7193,0.7318,0.7123,0.6201,0.7486,0.6159,0.7486,0.6159,0.6966
54610,0.6662,0.7486,0.7011,0.7025,0.7193,0.7318,0.7123,0.6201,0.7486,0.6173,0.7486,0.6173,0.6968
54611,0.6662,0.7486,0.7011,0.7025,0.7193,0.7318,0.7123,0.6201,0.7486,0.6173,0.7486,0.6173,0.6968
55208,0.6662,0.7486,0.7011,0.7025,0.7193,0.7318,0.7123,0.6201,0.7486,0.6173,0.7486,0.6173,0.6968
55209,0.6662,0.7486,0.7011,0.7025,0.7193,0.7318,0.7123,0.6201,0.7486,0.6173,0.7486,0.6173,0.6968
55210,0.6662,0.7486,0.7011,0.7025,0.7193,0.7318,0.7123,0.6201,0.7486,0.6173,0.7486,0.6173,0.6968
55211,0.6662,0.7486,0.7011,0.7025,0.7193,0.7318,0.7123,0.6201,0.7486,0.6173,0.7486,0.6173,0.6968
55808,0.6662,0.7486,0.7011,0.7025,0.7193,0.7318,0.7123,0.6201,0.7486,0.6173,0.7486,0.6173,0.6968
55809,0.6662,0.7486,0.7011,0.7025,0.7193,0.7318,0.7123,0.6201,0.7486,0.6173,0.7486,0.6173,0.6968
55810,0.6662,0.7486,0.7011,0.7025,0.7193,0.7318,0.7123,0.6201,0.7486,0.6187,0.7486,0.6187,0.6969
55811,0.6662,0.7486,0.7011,0.7025,0.7193,0.7318,0.7123,0.6201,0.7486,0.6187,0.7486,0.6187,0.6969
56408,0.6662,0.7486,0.7011,0.7025,0.7193,0.7318,0.7123,0.6201,0.7486,0.6187,0.7486,0.6187,0.6969
56409,0.6662,0.7486,0.7011,0.7025,0.7193,0.7318,0.7123,0.6201,0.7486,0.6187,0.7486,0.6187,0.6969
56410,0.6662,0.7486,0.7011,0.7025,0.7193,0.7318,0.7123,0.6201,0.7486,0.6187,0.7486,0.6187,0.6969
56411,0.6662,0.7486,0.7011,0.7025,0.7193,0.7318,0.7123,0.6201,0.7486,0.6187,0.7486,0.6187,0.6969
57009,0.6662,0.7486,0.7011,0.7025,0.7193,0.7318,0.7123,0.6201,0.7486,0.6187,0.7486,0.6187,0.6969
57010,0.6662,0.7486,0.7011,0.7025,0.7193,0.7318,0.7123,0.6201,0.7486,0.6187,0.7486,0.6187,0.6969
57011,0.6662,0.7486,0.7011,0.7025,0.7193,0.7318,0.7123,0.6201,0.7486,0.6187,0.7486,0.6187,0.6969
57609,0.6662,0.7486,0.7011,0.7025,0.7193,0.7332,0.7123,0.6201,0.7486,0.6187,0.7486,0.6187,0.6971
57610,0.6662,0.7486,0.7011,0.7025,0.7193,0.7332,0.7123,0.6201,0.7486,0.6187,0.7486,0.6187,0.6971
57611,0.6662,0.7486,0.7011,0.7025,0.7193,0.7332,0.7123,0.6201,0.7486,0.6187,0.7486,0.6187,0.6971
58209,0.6662,0.7486,0.7011,0.7025,0.7193,0.7332,0.7123,0.6201,0.7486,0.6187,0.7486,0.6187,0.6971
58210,0.6662,0.7486,0.7011,0.7025,0.7193,0.7332,0.7123,0.6201,0.7486,0.6187,0.7486,0.6187,0.6971
58211,0.6662,0.7486,0.7025,0.7025,0.7193,0.7332,0.7123,0.6201,0.7486,0.6187,0.7486,0.6187,0.6972
58809,0.6662,0.7486,0.7025,0.7025,0.7193,0.7332,0.7123,0.6201,0.7486,0.6187,0.7486,0.6187,0.6972
58810,0.6662,0.7486,0.7025,0.7025,0.7193,0.7332,0.7123,0.6201,0.7486,0.6187,0.7486,0.6187,0.6972
58811,0.6662,0.7486,0.7025,0.7039,0.7193,0.7332,0.7123,0.6201,0.7486,0.6187,0.7486,0.6187,0.6973
59409,0.6662,0.7486,0.7025,0.7039,0.7193,0.7332,0.7123,0.6201,0.7486,0.6187,0.7486,0.6187,0.6973
59410,0.6662,0.7486,0.7025,0.7039,0.7193,0.7332,0.7151,0.6201,0.7486,0.6187,0.7486,0.6187,0.6976
59411,0.6662,0.7486,0.7025,0.7039,0.7193,0.7332,0.7151,0.6201,0.7486,0.6187,0.7486,0.6187,0.6976
60009,0.6662,0.7486,0.7025,0.7039,0.7193,0.736,0.7151,0.7179,0.7486,0.6187,0.7486,0.6187,0.7077
60010,0.6662,0.7486,0.7025,0.7039,0.7193,0.736,0.7165,0.7179,0.7486,0.6187,0.7486,0.6187,0.7078
60011,0.6662,0.7486,0.7025,0.7053,0.7193,0.736,0.7165,0.7179,0.7486,0.6187,0.7486,0.6187,0.708
60609,0.6662,0.7486,0.7025,0.7053,0.7193,0.736,0.7165,0.7179,0.7486,0.6187,0.7486,0.6187,0.708
60610,0.6662,0.7486,0.7025,0.7053,0.7193,0.736,0.7165,0.7179,0.7486,0.6187,0.7486,0.6187,0.708
60611,0.6662,0.7486,0.7025,0.7053,0.7193,0.736,0.7165,0.7179,0.7486,0.6187,0.7486,0.6187,0.708
61209,0.6662,0.7486,0.7025,0.7053,0.7193,0.736,0.7165,0.7179,0.7486,0.6187,0.7486,0.6187,0.708
61210,0.6662,0.7486,0.7025,0.7053,0.7193,0.736,0.7165,0.7179,0.7486,0.6187,0.7486,0.6187,0.708
61211,0.6662,0.7486,0.7025,0.7053,0.7193,0.736,0.7165,0.7179,0.7486,0.6187,0.7486,0.6187,0.708
61809,0.6662,0.7486,0.7025,0.7053,0.7193,0.736,0.7165,0.7179,0.7486,0.6187,0.7486,0.6187,0.708
61810,0.6662,0.75,0.7025,0.7053,0.7193,0.736,0.7165,0.7179,0.7486,0.6187,0.75,0.6187,0.7081
61811,0.6662,0.75,0.7025,0.7095,0.7193,0.736,0.7165,0.7179,0.7486,0.6187,0.75,0.6187,0.7085
62409,0.6662,0.75,0.7025,0.7095,0.7193,0.736,0.7165,0.7179,0.7486,0.6187,0.75,0.6187,0.7085
62410,0.6662,0.75,0.7025,0.7095,0.7193,0.736,0.7165,0.7179,0.7486,0.6187,0.75,0.6187,0.7085
62411,0.6662,0.75,0.7025,0.7095,0.7193,0.736,0.7165,0.7179,0.7486,0.6187,0.75,0.6187,0.7085
63009,0.6662,0.75,0.7025,0.7095,0.7193,0.7374,0.7165,0.7179,0.7486,0.6187,0.75,0.6187,0.7087
63010,0.6662,0.75,0.7025,0.7095,0.7193,0.7374,0.7165,0.7179,0.7486,0.6187,0.75,0.6187,0.7087
63011,0.6662,0.75,0.7025,0.7095,0.7193,0.7374,0.7165,0.7179,0.7486,0.6187,0.75,0.6187,0.7087
63609,0.6662,0.75,0.7025,0.7095,0.7193,0.7374,0.7165,0.7179,0.7486,0.6187,0.75,0.6187,0.7087
63610,0.6662,0.75,0.7025,0.7095,0.7221,0.7374,0.7165,0.7179,0.7486,0.6201,0.75,0.6201,0.7091
63611,0.6662,0.75,0.7025,0.7109,0.7221,0.7374,0.7165,0.7179,0.7486,0.6201,0.75,0.6201,0.7092
64209,0.6662,0.75,0.7025,0.7109,0.7221,0.7374,0.7165,0.7179,0.7486,0.6201,0.75,0.6201,0.7092
64210,0.6662,0.75,0.7025,0.7109,0.7221,0.7374,0.7165,0.7179,0.7486,0.6201,0.75,0.6201,0.7092
64211,0.6662,0.75,0.7025,0.7109,0.7221,0.7374,0.7165,0.7179,0.7486,0.6201,0.75,0.6201,0.7092
64809,0.6662,0.75,0.7025,0.7109,0.7221,0.7374,0.7165,0.7179,0.7486,0.6201,0.75,0.6201,0.7092
64810,0.6662,0.75,0.7025,0.7109,0.7221,0.7374,0.7165,0.7179,0.7486,0.6201,0.75,0.6201,0.7092
64811,0.6662,0.75,0.7025,0.7193,0.7221,0.7374,0.7165,0.7179,0.7486,0.6201,0.75,0.6201,0.7101
65409,0.6662,0.75,0.7025,0.7193,0.7221,0.7374,0.7165,0.7179,0.7486,0.6201,0.75,0.6201,0.7101
65410,0.6662,0.75,0.7025,0.7193,0.7221,0.7374,0.7249,0.7179,0.7486,0.6201,0.75,0.6201,0.7109
65411,0.6662,0.75,0.7025,0.7193,0.7221,0.7374,0.7249,0.7179,0.7486,0.6201,0.75,0.6201,0.7109
66009,0.6662,0.75,0.7025,0.7193,0.7221,0.7374,0.7249,0.7179,0.7486,0.6201,0.75,0.6201,0.7109
66010,0.6662,0.75,0.7025,0.7193,0.7221,0.7374,0.7249,0.7179,0.7486,0.6201,0.75,0.6201,0.7109
66011,0.6662,0.75,0.7025,0.7193,0.7221,0.7374,0.7249,0.7179,0.7486,0.6201,0.75,0.6201,0.7109
66609,0.6662,0.75,0.7025,0.7193,0.7221,0.7374,0.7249,0.7179,0.7486,0.6201,0.75,0.6201,0.7109
66610,0.6662,0.75,0.7025,0.7193,0.7221,0.7374,0.7249,0.7179,0.7486,0.6201,0.75,0.6201,0.7109
66611,0.6662,0.75,0.7025,0.7193,0.7221,0.7374,0.7249,0.7179,0.7486,0.6201,0.75,0.6201,0.7109
67209,0.6662,0.75,0.7025,0.7193,0.7221,0.7388,0.7249,0.7179,0.7486,0.6201,0.75,0.6201,0.711
67210,0.6662,0.75,0.7025,0.7193,0.7235,0.7388,0.7263,0.7179,0.7486,0.6201,0.75,0.6201,0.7113
67211,0.6662,0.75,0.7039,0.7193,0.7235,0.7388,0.7263,0.7179,0.7486,0.6201,0.75,0.6201,0.7115
67809,0.6662,0.75,0.7039,0.7193,0.7235,0.7388,0.7263,0.7179,0.7486,0.6201,0.75,0.6201,0.7115
67810,0.6662,0.75,0.7039,0.7193,0.7235,0.7388,0.7263,0.7179,0.7486,0.6201,0.75,0.6201,0.7115
67811,0.6676,0.75,0.7039,0.7193,0.7235,0.7388,0.7263,0.7179,0.7486,0.6201,0.75,0.6201,0.7116
68409,0.6676,0.75,0.7039,0.7193,0.7235,0.7388,0.7263,0.7179,0.7486,0.6201,0.75,0.6201,0.7116
68410,0.6676,0.75,0.7039,0.7193,0.7263,0.7388,0.7263,0.7179,0.7486,0.6201,0.75,0.6201,0.7119
68411,0.6676,0.75,0.7039,0.7193,0.7263,0.7388,0.7263,0.7179,0.7486,0.6201,0.75,0.6201,0.7119
69009,0.6676,0.75,0.7039,0.7193,0.7263,0.7388,0.7263,0.7179,0.7486,0.6201,0.75,0.6201,0.7119
69010,0.6676,0.75,0.7039,0.7193,0.7263,0.7388,0.7388,0.7179,0.7486,0.6201,0.75,0.6201,0.7131
69011,0.6676,0.75,0.7039,0.7207,0.7263,0.7388,0.7388,0.7179,0.7486,0.6201,0.75,0.6201,0.7133
69609,0.6676,0.75,0.7039,0.7207,0.7263,0.7388,0.7388,0.7179,0.7486,0.6201,0.75,0.6201,0.7133
69610,0.6676,0.75,0.7039,0.7207,0.7263,0.7388,0.7402,0.7179,0.7486,0.6215,0.75,0.6215,0.7136
69611,0.6676,0.75,0.7039,0.7207,0.7263,0.7388,0.7402,0.7179,0.7486,0.6215,0.75,0.6215,0.7136
70209,0.6676,0.75,0.7039,0.7207,0.7263,0.7388,0.7402,0.7179,0.7486,0.6215,0.75,0.6215,0.7136
70210,0.6676,0.75,0.7039,0.7207,0.7263,0.7388,0.7402,0.7179,0.7486,0.6215,0.75,0.6215,0.7136
70211,0.6676,0.75,0.7039,0.7207,0.7263,0.7388,0.7402,0.7179,0.7486,0.6215,0.75,0.6215,0.7136
70212,0.6676,0.75,0.7039,0.7207,0.7263,0.7388,0.7402,0.7179,0.7486,0.6215,0.75,0.6215,0.7136
70809,0.6676,0.75,0.7039,0.7207,0.7263,0.7388,0.7402,0.7179,0.7486,0.6215,0.75,0.6215,0.7136
70810,0.6676,0.75,0.7039,0.7207,0.7263,0.7388,0.7402,0.7179,0.7486,0.6215,0.75,0.6215,0.7136
70811,0.6676,0.75,0.7039,0.7207,0.7263,0.7388,0.7402,0.7179,0.7486,0.6215,0.75,0.6215,0.7136
70812,0.6676,0.75,0.7039,0.7207,0.7263,0.7388,0.7402,0.7179,0.7486,0.6215,0.75,0.6215,0.7136
71409,0.6676,0.75,0.7039,0.7207,0.7263,0.7388,0.7402,0.7179,0.7486,0.6215,0.75,0.6215,0.7136
71410,0.6676,0.75,0.7039,0.7207,0.7263,0.7388,0.7402,0.7179,0.7486,0.6215,0.75,0.6215,0.7136
71411,0.6676,0.75,0.7039,0.7221,0.7263,0.7388,0.7402,0.7179,0.7486,0.6215,0.75,0.6215,0.7137
71412,0.6676,0.75,0.7039,0.7221,0.7263,0.7388,0.7402,0.7179,0.7486,0.6215,0.75,0.6215,0.7137
72009,0.6676,0.75,0.7039,0.7221,0.7263,0.7388,0.7402,0.7179,0.7486,0.6215,0.75,0.6215,0.7137
72010,0.6676,0.75,0.7039,0.7221,0.7263,0.7388,0.7402,0.7179,0.7486,0.6215,0.75,0.6215,0.7137
72011,0.6676,0.75,0.7039,0.7249,0.7263,0.7388,0.7402,0.7179,0.7486,0.6215,0.75,0.6215,0.714
72012,0.6676,0.75,0.7039,0.7249,0.7263,0.7388,0.7402,0.7179,0.7486,0.6215,0.75,0.6215,0.714
72609,0.6676,0.75,0.7039,0.7249,0.7263,0.7388,0.7402,0.7179,0.7486,0.6215,0.75,0.6215,0.714
72610,0.6676,0.75,0.7039,0.7249,0.7277,0.7388,0.743,0.7179,0.7486,0.6215,0.75,0.6215,0.7144
72611,0.6676,0.75,0.7039,0.7249,0.7277,0.7388,0.743,0.7179,0.7486,0.6215,0.75,0.6215,0.7144
72612,0.6676,0.75,0.7039,0.7249,0.7277,0.7388,0.743,0.7179,0.7486,0.6215,0.75,0.6215,0.7144
73209,0.6676,0.75,0.7039,0.7249,0.7277,0.7388,0.743,0.7179,0.7486,0.6215,0.75,0.6215,0.7144
73210,0.6676,0.75,0.7039,0.7249,0.7263,0.7388,0.743,0.7179,0.7486,0.6215,0.75,0.6215,0.7143
73211,0.6676,0.75,0.7039,0.7249,0.7263,0.7388,0.743,0.7179,0.7486,0.6215,0.75,0.6215,0.7143
73212,0.6676,0.75,0.7039,0.7249,0.7263,0.7388,0.743,0.7179,0.7486,0.6215,0.75,0.6215,0.7143
73809,0.6676,0.75,0.7039,0.7249,0.7263,0.7388,0.743,0.7179,0.7486,0.6215,0.75,0.6215,0.7143
73810,0.6676,0.75,0.7039,0.7249,0.7263,0.7388,0.743,0.7179,0.7486,0.6215,0.75,0.6215,0.7143
73811,0.6676,0.75,0.7039,0.7249,0.7263,0.7388,0.743,0.7179,0.7486,0.6215,0.75,0.6215,0.7143
73812,0.6676,0.75,0.7039,0.7249,0.7263,0.7388,0.743,0.7179,0.7486,0.6215,0.75,0.6215,0.7143
74409,0.6676,0.75,0.7039,0.7249,0.7263,0.7388,0.743,0.7179,0.7486,0.6215,0.75,0.6215,0.7143
74410,0.6676,0.75,0.7039,0.7249,0.7291,0.7388,0.743,0.7179,0.7486,0.6215,0.75,0.6215,0.7145
74411,0.6676,0.75,0.7039,0.7249,0.7291,0.7388,0.743,0.7179,0.7486,0.6215,0.75,0.6215,0.7145
74412,0.6676,0.75,0.7039,0.7249,0.7291,0.7388,0.743,0.7179,0.7486,0.6215,0.75,0.6215,0.7145
75009,0.6676,0.75,0.7039,0.7249,0.7291,0.7388,0.743,0.7179,0.7486,0.6215,0.75,0.6215,0.7145
75010,0.6676,0.75,0.7039,0.7249,0.7291,0.7388,0.743,0.7179,0.7486,0.6215,0.75,0.6215,0.7145
75011,0.6676,0.75,0.7039,0.7249,0.7291,0.7388,0.743,0.7179,0.7486,0.6215,0.75,0.6215,0.7145
75012,0.6676,0.75,0.7039,0.7249,0.7291,0.7388,0.743,0.7179,0.7486,0.6215,0.75,0.6215,0.7145
75609,0.6676,0.75,0.7039,0.7249,0.7291,0.7388,0.743,0.7193,0.7486,0.6215,0.75,0.6215,0.7147
75610,0.6676,0.75,0.7039,0.7249,0.7291,0.7388,0.743,0.7193,0.7486,0.6215,0.75,0.6215,0.7147
75611,0.6676,0.75,0.7039,0.7249,0.7291,0.7388,0.743,0.7193,0.7486,0.6215,0.75,0.6215,0.7147
75612,0.6676,0.75,0.7039,0.7263,0.7291,0.7388,0.743,0.7193,0.7486,0.6215,0.75,0.6215,0.7148
76209,0.6676,0.75,0.7039,0.7263,0.7291,0.7458,0.743,0.7193,0.7486,0.6215,0.75,0.6215,0.7155
76210,0.6676,0.75,0.7039,0.7263,0.7291,0.7458,0.743,0.7193,0.7486,0.6215,0.75,0.6215,0.7155
76211,0.6676,0.75,0.7039,0.7263,0.7291,0.7458,0.743,0.7193,0.7486,0.6215,0.75,0.6215,0.7155
76212,0.6676,0.75,0.7039,0.7263,0.7291,0.7458,0.743,0.7193,0.7486,0.6215,0.75,0.6215,0.7155
76809,0.6676,0.75,0.7039,0.7263,0.7291,0.7458,0.743,0.7193,0.7486,0.6215,0.75,0.6215,0.7155
76810,0.6676,0.7514,0.7039,0.7263,0.7291,0.7458,0.743,0.7193,0.7486,0.6215,0.7514,0.6215,0.7157
76811,0.6676,0.7514,0.7039,0.7263,0.7291,0.7458,0.743,0.7193,0.7486,0.6215,0.7514,0.6215,0.7157
76812,0.6676,0.7514,0.7039,0.7277,0.7291,0.7458,0.743,0.7193,0.7486,0.6215,0.7514,0.6215,0.7158
77409,0.6676,0.7514,0.7039,0.7277,0.7291,0.7458,0.743,0.7193,0.7486,0.6215,0.7514,0.6215,0.7158
77410,0.6676,0.75,0.7039,0.7277,0.7291,0.7458,0.743,0.7193,0.7486,0.6215,0.75,0.6215,0.7157
77411,0.6676,0.75,0.7039,0.7277,0.7291,0.7458,0.743,0.7193,0.7486,0.6215,0.75,0.6215,0.7157
77412,0.6676,0.75,0.7039,0.7277,0.7291,0.7458,0.743,0.7193,0.7486,0.6215,0.75,0.6215,0.7157
78009,0.6676,0.75,0.7039,0.7277,0.7291,0.7458,0.743,0.7193,0.7486,0.6215,0.75,0.6215,0.7157
78010,0.6676,0.75,0.7039,0.7277,0.7291,0.7458,0.743,0.7193,0.7486,0.6215,0.75,0.6215,0.7157
78011,0.6676,0.75,0.7039,0.7277,0.7291,0.7458,0.743,0.7193,0.7486,0.6215,0.75,0.6215,0.7157
78012,0.6676,0.75,0.7039,0.7277,0.7291,0.7458,0.743,0.7193,0.7486,0.6215,0.75,0.6215,0.7157
78609,0.6676,0.75,0.7039,0.7277,0.7291,0.7458,0.743,0.7193,0.7486,0.6215,0.75,0.6215,0.7157
78610,0.6676,0.75,0.7039,0.7277,0.7291,0.7458,0.743,0.7193,0.7486,0.6215,0.75,0.6215,0.7157
78611,0.6676,0.75,0.7039,0.7277,0.7291,0.7458,0.743,0.7193,0.7486,0.6229,0.75,0.6229,0.7158
78612,0.6676,0.75,0.7039,0.7277,0.7291,0.7458,0.743,0.7193,0.7486,0.6229,0.75,0.6229,0.7158
79209,0.6676,0.75,0.7039,0.7277,0.7291,0.7458,0.743,0.7193,0.7486,0.6229,0.75,0.6229,0.7158
79210,0.6676,0.75,0.7039,0.7277,0.7291,0.7458,0.743,0.7193,0.7486,0.6229,0.75,0.6229,0.7158
79211,0.6676,0.75,0.7039,0.7277,0.7291,0.7458,0.743,0.7193,0.7486,0.6229,0.75,0.6229,0.7158
79212,0.6676,0.75,0.7039,0.7277,0.7291,0.7458,0.743,0.7193,0.7486,0.6229,0.75,0.6229,0.7158
79809,0.6676,0.75,0.7039,0.7277,0.7291,0.7458,0.743,0.7193,0.7486,0.6229,0.75,0.6229,0.7158
79810,0.6676,0.75,0.7039,0.7277,0.7291,0.7458,0.743,0.7193,0.7486,0.6229,0.75,0.6229,0.7158
79811,0.6676,0.75,0.7039,0.7277,0.7291,0.7458,0.743,0.7193,0.7486,0.6229,0.75,0.6229,0.7158
79812,0.6676,0.75,0.7039,0.7277,0.7291,0.7458,0.743,0.7193,0.7486,0.6229,0.75,0.6229,0.7158
80409,0.6676,0.75,0.7039,0.7277,0.7291,0.7458,0.743,0.7304,0.7486,0.6229,0.75,0.6229,0.7169
80410,0.6676,0.75,0.7039,0.7277,0.7291,0.7458,0.743,0.7304,0.7486,0.6229,0.75,0.6229,0.7169
80411,0.6676,0.75,0.7039,0.7277,0.7318,0.7458,0.7444,0.7304,0.7486,0.6229,0.75,0.6229,0.7173
80412,0.6676,0.75,0.7039,0.7277,0.7318,0.7458,0.7444,0.7304,0.7486,0.6229,0.75,0.6229,0.7173
81009,0.6676,0.75,0.7039,0.7277,0.7318,0.7458,0.7444,0.7304,0.7486,0.6229,0.75,0.6229,0.7173
81010,0.6676,0.75,0.7039,0.7277,0.7318,0.7458,0.7444,0.7304,0.7486,0.6229,0.75,0.6229,0.7173
81011,0.6676,0.75,0.7039,0.7277,0.7318,0.7458,0.7444,0.7304,0.7486,0.6229,0.75,0.6229,0.7173
81012,0.6676,0.75,0.7039,0.7277,0.7318,0.7458,0.7444,0.7304,0.7486,0.6229,0.75,0.6229,0.7173
81609,0.6676,0.75,0.7039,0.7277,0.7318,0.7458,0.7444,0.7304,0.75,0.6229,0.75,0.6229,0.7175
81610,0.6676,0.75,0.7039,0.7277,0.7318,0.7458,0.7444,0.7304,0.75,0.6229,0.75,0.6229,0.7175
81611,0.6676,0.75,0.7039,0.7277,0.7318,0.7458,0.7444,0.7304,0.75,0.6229,0.75,0.6229,0.7175
81612,0.6676,0.75,0.7039,0.7291,0.7318,0.7458,0.7444,0.7304,0.75,0.6229,0.75,0.6229,0.7176
82209,0.6676,0.75,0.7039,0.7291,0.7318,0.7458,0.7444,0.7304,0.7486,0.6229,0.75,0.6229,0.7175
82210,0.6676,0.75,0.7039,0.7291,0.7318,0.7458,0.7444,0.7304,0.7486,0.6229,0.75,0.6229,0.7175
82211,0.6676,0.75,0.7039,0.7291,0.7318,0.7458,0.7444,0.7304,0.7486,0.6229,0.75,0.6229,0.7175
82212,0.6676,0.75,0.7053,0.7291,0.7318,0.7458,0.7444,0.7304,0.7486,0.6229,0.75,0.6229,0.7176
82809,0.6676,0.75,0.7053,0.7291,0.7318,0.7458,0.7444,0.7304,0.7486,0.6229,0.75,0.6229,0.7176
82810,0.6676,0.75,0.7053,0.7291,0.7318,0.7458,0.7444,0.7304,0.7486,0.6229,0.75,0.6229,0.7176
82811,0.6676,0.75,0.7053,0.7291,0.7318,0.7458,0.7472,0.7304,0.7486,0.6229,0.75,0.6229,0.7179
82812,0.6676,0.75,0.7053,0.7291,0.7318,0.7458,0.7472,0.7304,0.7486,0.6229,0.75,0.6229,0.7179
83409,0.6676,0.75,0.7053,0.7291,0.7318,0.7458,0.7472,0.7304,0.7486,0.6229,0.75,0.6229,0.7179
83410,0.6676,0.75,0.7053,0.7291,0.7318,0.7458,0.7472,0.7304,0.7486,0.6229,0.75,0.6229,0.7179
83411,0.6676,0.75,0.7053,0.7291,0.7332,0.7458,0.7472,0.7304,0.7486,0.6229,0.75,0.6229,0.718
83412,0.6676,0.75,0.7053,0.7291,0.7332,0.7458,0.7472,0.7304,0.7486,0.6229,0.75,0.6229,0.718
84009,0.6676,0.75,0.7053,0.7291,0.7332,0.7458,0.7472,0.7304,0.7486,0.6229,0.75,0.6229,0.718
84010,0.6676,0.75,0.7053,0.7291,0.7332,0.7458,0.7472,0.7304,0.7486,0.6229,0.75,0.6229,0.718
84011,0.6676,0.75,0.7053,0.7291,0.7332,0.7458,0.75,0.7304,0.7486,0.6229,0.75,0.6229,0.7183
84012,0.6676,0.75,0.7053,0.7291,0.7332,0.7458,0.75,0.7304,0.7486,0.6229,0.75,0.6229,0.7183
84609,0.6676,0.75,0.7053,0.7291,0.7332,0.7458,0.75,0.7304,0.7486,0.6229,0.75,0.6229,0.7183
84610,0.6676,0.75,0.7053,0.7291,0.7332,0.7458,0.75,0.7304,0.7486,0.6229,0.75,0.6229,0.7183
84611,0.6676,0.75,0.7053,0.7291,0.7332,0.7458,0.75,0.7304,0.7486,0.6229,0.75,0.6229,0.7183
84612,0.6676,0.75,0.7053,0.7291,0.7332,0.7458,0.75,0.7304,0.7486,0.6229,0.75,0.6229,0.7183
85209,0.6676,0.75,0.7053,0.7291,0.7332,0.7458,0.75,0.7304,0.7486,0.6229,0.75,0.6229,0.7183
85210,0.6676,0.75,0.7053,0.7291,0.7332,0.7458,0.75,0.7304,0.7486,0.6229,0.75,0.6229,0.7183
85211,0.6676,0.75,0.7053,0.7291,0.7332,0.7458,0.75,0.7304,0.7486,0.6229,0.75,0.6229,0.7183
85212,0.6676,0.75,0.7053,0.7291,0.7332,0.7458,0.75,0.7304,0.7486,0.6229,0.75,0.6229,0.7183
85809,0.6676,0.75,0.7053,0.7291,0.7332,0.7472,0.75,0.7304,0.7486,0.6229,0.75,0.6229,0.7184
85810,0.6676,0.75,0.7053,0.7291,0.7332,0.7472,0.75,0.7304,0.7486,0.6229,0.75,0.6229,0.7184
85811,0.6676,0.75,0.7053,0.7291,0.7332,0.7472,0.75,0.7304,0.7486,0.6229,0.75,0.6229,0.7184
85812,0.6676,0.75,0.7053,0.7291,0.7332,0.7472,0.75,0.7304,0.7486,0.6229,0.75,0.6229,0.7184
