timestamp,xhci5,xhci9,xhci1,xhci8,xhci3,xhci0,xhci4,xhci2,xhci7,xhci6,max,min,avg
0,0.062,0.062,0.062,0.062,0.062,0.062,0.062,0.062,0.062,0.062,0.062,0.062,0.062
5,0.062,0.062,0.062,0.062,0.062,0.062,0.062,0.062,0.062,0.062,0.062,0.062,0.062
6,0.062,0.062,0.062,0.062,0.062,0.062,0.062,0.062,0.062,0.062,0.062,0.062,0.062
7,0.062,0.062,0.062,0.062,0.062,0.062,0.062,0.062,0.062,0.062,0.062,0.062,0.062
8,0.062,0.062,0.062,0.062,0.062,0.062,0.062,0.062,0.062,0.062,0.062,0.062,0.062
9,0.062,0.062,0.062,0.062,0.062,0.062,0.062,0.0793,0.062,0.062,0.0793,0.062,0.0637
10,0.062,0.062,0.062,0.0793,0.062,0.062,0.062,0.0793,0.062,0.0793,0.0793,0.062,0.0672
11,0.0793,0.0902,0.062,0.0837,0.062,0.0913,0.0967,0.0967,0.062,0.0924,0.0967,0.062,0.0816
12,0.0826,0.1033,0.062,0.1011,0.0793,0.0946,0.0967,0.0967,0.0826,0.112,0.112,0.062,0.0911
13,0.0891,0.1109,0.0696,0.1109,0.0848,0.1098,0.1043,0.1261,0.1033,0.1261,0.1261,0.0696,0.1035
14,0.1076,0.113,0.0924,0.1293,0.1228,0.125,0.1076,0.1337,0.1185,0.1272,0.1337,0.0924,0.1177
15,0.1098,0.1348,0.1185,0.138,0.1239,0.1348,0.1109,0.1348,0.1283,0.1315,0.138,0.1098,0.1265
16,0.1196,0.138,0.125,0.1424,0.1315,0.138,0.1261,0.138,0.1348,0.1348,0.1424,0.1196,0.1328
17,0.1228,0.1446,0.1304,0.1424,0.137,0.1402,0.1272,0.1391,0.137,0.138,0.1446,0.1228,0.1359
18,0.125,0.1457,0.1402,0.1435,0.1457,0.1402,0.1326,0.1424,0.137,0.1391,0.1457,0.125,0.1391
19,0.138,0.1457,0.1424,0.1457,0.1467,0.1413,0.1359,0.1435,0.1402,0.1402,0.1467,0.1359,0.142
20,0.1391,0.1457,0.1424,0.1457,0.1467,0.1413,0.1391,0.1435,0.1413,0.1424,0.1467,0.1391,0.1427
21,0.1424,0.1457,0.1446,0.1457,0.1467,0.1413,0.1391,0.1446,0.1446,0.1467,0.1467,0.1391,0.1441
22,0.1424,0.1457,0.1446,0.1457,0.1478,0.1424,0.1391,0.1457,0.1446,0.1467,0.1478,0.1391,0.1445
23,0.1424,0.1457,0.1446,0.1457,0.1478,0.1435,0.1413,0.1457,0.1446,0.1467,0.1478,0.1413,0.1448
24,0.1424,0.1467,0.1457,0.1457,0.1478,0.1446,0.1413,0.1467,0.1457,0.1467,0.1478,0.1413,0.1453
25,0.1435,0.1467,0.1467,0.1457,0.1478,0.1457,0.1435,0.1478,0.1467,0.1467,0.1478,0.1435,0.1461
26,0.1446,0.1467,0.1467,0.1457,0.1478,0.1457,0.1435,0.1478,0.1478,0.1467,0.1478,0.1435,0.1463
27,0.1478,0.1467,0.1467,0.1457,0.1478,0.1457,0.1457,0.1478,0.1609,0.1598,0.1609,0.1457,0.1495
28,0.1478,0.1543,0.1478,0.1457,0.1478,0.1457,0.1457,0.1478,0.1609,0.1598,0.1609,0.1457,0.1503
29,0.1533,0.1543,0.1478,0.15,0.1522,0.1457,0.1467,0.1685,0.1609,0.162,0.1685,0.1457,0.1541
30,0.1685,0.1543,0.1576,0.1511,0.162,0.1457,0.1467,0.1717,0.163,0.162,0.1717,0.1457,0.1583
31,0.1685,0.163,0.1576,0.1511,0.162,0.1457,0.1478,0.1728,0.1772,0.1707,0.1772,0.1457,0.1616
32,0.1685,0.1674,0.1576,0.1511,0.162,0.1457,0.1478,0.1804,0.1783,0.1707,0.1804,0.1457,0.1629
33,0.1783,0.1674,0.1576,0.1674,0.163,0.1696,0.1478,0.1815,0.1783,0.2076,0.2076,0.1478,0.1719
34,0.1783,0.1783,0.1739,0.1826,0.163,0.1696,0.1478,0.1826,0.1783,0.213,0.213,0.1478,0.1767
35,0.1783,0.1848,0.187,0.1924,0.1913,0.1696,0.1478,0.1826,0.1804,0.2141,0.2141,0.1478,0.1828
36,0.1793,0.1957,0.1913,0.1946,0.2,0.1696,0.1587,0.1826,0.1804,0.2141,0.2141,0.1587,0.1866
37,0.1891,0.1978,0.1913,0.2011,0.2,0.1728,0.1641,0.1837,0.188,0.2239,0.2239,0.1641,0.1912
38,0.1935,0.2043,0.1967,0.2043,0.2011,0.175,0.1685,0.1837,0.1891,0.2239,0.2239,0.1685,0.194
39,0.1935,0.2141,0.2022,0.2043,0.2065,0.1783,0.175,0.1989,0.1935,0.2239,0.2239,0.175,0.199
40,0.1957,0.2152,0.2043,0.2098,0.2065,0.1783,0.1772,0.2109,0.2185,0.2239,0.2239,0.1772,0.204
41,0.2011,0.2152,0.2228,0.2196,0.2163,0.1793,0.1804,0.2239,0.2283,0.2272,0.2283,0.1793,0.2114
42,0.2163,0.2163,0.2228,0.2196,0.2163,0.1826,0.1815,0.2239,0.2293,0.2315,0.2315,0.1815,0.214
43,0.2163,0.2163,0.225,0.2196,0.2163,0.1891,0.1924,0.2239,0.2315,0.2315,0.2315,0.1891,0.2162
44,0.2174,0.2207,0.2261,0.2315,0.2261,0.1946,0.1924,0.2261,0.2413,0.2326,0.2413,0.1924,0.2209
45,0.2217,0.2217,0.2315,0.2315,0.2261,0.1957,0.2011,0.2272,0.2413,0.2326,0.2413,0.1957,0.223
46,0.237,0.2217,0.2315,0.2391,0.2261,0.2011,0.2022,0.2293,0.2424,0.2348,0.2424,0.2011,0.2265
47,0.237,0.2261,0.2326,0.2391,0.2283,0.2141,0.2022,0.2293,0.2446,0.238,0.2446,0.2022,0.2291
48,0.2391,0.2261,0.2391,0.2413,0.2283,0.2141,0.2304,0.2326,0.2478,0.238,0.2478,0.2141,0.2337
49,0.2391,0.2261,0.2402,0.2413,0.2315,0.2163,0.2315,0.2337,0.2478,0.2391,0.2478,0.2163,0.2347
50,0.2391,0.2359,0.2424,0.2424,0.2348,0.2163,0.2348,0.2348,0.2478,0.2391,0.2478,0.2163,0.2367
51,0.2391,0.2359,0.2424,0.2424,0.2359,0.2163,0.2359,0.238,0.2478,0.2391,0.2478,0.2163,0.2373
52,0.2391,0.2359,0.2424,0.2424,0.2402,0.2163,0.237,0.238,0.2522,0.25,0.2522,0.2163,0.2393
53,0.2391,0.238,0.2467,0.2435,0.2402,0.2163,0.2391,0.2391,0.2533,0.25,0.2533,0.2163,0.2405
54,0.2413,0.2391,0.2522,0.25,0.2402,0.2174,0.2435,0.2435,0.2533,0.25,0.2533,0.2174,0.243
55,0.2413,0.2391,0.2522,0.25,0.2413,0.225,0.2435,0.2435,0.2533,0.25,0.2533,0.225,0.2439
56,0.2424,0.2402,0.2522,0.25,0.2435,0.225,0.2435,0.2489,0.2554,0.25,0.2554,0.225,0.2451
57,0.2424,0.2413,0.2522,0.25,0.2435,0.2261,0.2457,0.2489,0.2554,0.25,0.2554,0.2261,0.2455
58,0.2435,0.2424,0.2522,0.2533,0.2435,0.2326,0.2457,0.2489,0.2554,0.25,0.2554,0.2326,0.2467
59,0.2467,0.2424,0.2522,0.2533,0.2435,0.2348,0.2457,0.2489,0.2554,0.2511,0.2554,0.2348,0.2474
60,0.2467,0.2435,0.2533,0.2533,0.2435,0.2348,0.2457,0.25,0.2554,0.2511,0.2554,0.2348,0.2477
61,0.2467,0.2435,0.2533,0.2533,0.2435,0.2359,0.2457,0.2511,0.2554,0.2511,0.2554,0.2359,0.248
62,0.2467,0.2435,0.2543,0.2554,0.25,0.2402,0.2457,0.2511,0.2554,0.2511,0.2554,0.2402,0.2493
63,0.2467,0.2435,0.2543,0.2554,0.25,0.2402,0.2457,0.2511,0.2565,0.2522,0.2565,0.2402,0.2496
64,0.2467,0.2435,0.2565,0.2554,0.25,0.2424,0.2457,0.2522,0.2576,0.2522,0.2576,0.2424,0.2502
65,0.2543,0.2435,0.2565,0.2554,0.25,0.2489,0.2457,0.2522,0.2576,0.2522,0.2576,0.2435,0.2516
66,0.2554,0.2435,0.2565,0.2554,0.25,0.25,0.2478,0.2522,0.2576,0.2522,0.2576,0.2435,0.2521
67,0.2554,0.2435,0.2565,0.2554,0.2522,0.25,0.2478,0.2543,0.2576,0.2522,0.2576,0.2435,0.2525
68,0.2554,0.2435,0.2576,0.2565,0.2522,0.25,0.2478,0.2565,0.2587,0.2543,0.2587,0.2435,0.2533
69,0.2554,0.2467,0.2576,0.2565,0.2522,0.25,0.2478,0.2565,0.2609,0.2543,0.2609,0.2467,0.2538
70,0.2554,0.2467,0.2576,0.2565,0.2522,0.25,0.2478,0.2576,0.2609,0.2543,0.2609,0.2467,0.2539
71,0.2576,0.2467,0.2576,0.2565,0.2522,0.25,0.25,0.2576,0.2609,0.2543,0.2609,0.2467,0.2543
72,0.2587,0.2467,0.2587,0.2565,0.2522,0.25,0.25,0.2587,0.2609,0.2543,0.2609,0.2467,0.2547
73,0.2587,0.2467,0.2609,0.2565,0.2522,0.2522,0.25,0.2587,0.2609,0.2543,0.2609,0.2467,0.2551
74,0.2587,0.2467,0.2609,0.2565,0.2522,0.2522,0.25,0.2587,0.2609,0.2543,0.2609,0.2467,0.2551
75,0.2587,0.2467,0.2609,0.2565,0.2522,0.2522,0.25,0.2587,0.262,0.2543,0.262,0.2467,0.2552
76,0.2587,0.25,0.2609,0.2576,0.2522,0.2522,0.25,0.2587,0.262,0.2543,0.262,0.25,0.2557
77,0.2587,0.2543,0.2609,0.2576,0.2533,0.2543,0.25,0.2587,0.262,0.2543,0.262,0.25,0.2564
78,0.2587,0.2554,0.2609,0.2576,0.2533,0.2543,0.25,0.2587,0.262,0.2543,0.262,0.25,0.2565
79,0.2587,0.2554,0.2609,0.2576,0.2533,0.2543,0.25,0.2587,0.262,0.2543,0.262,0.25,0.2565
80,0.2587,0.2554,0.2609,0.2576,0.2543,0.2543,0.25,0.2587,0.262,0.2543,0.262,0.25,0.2566
81,0.2609,0.2554,0.2609,0.2576,0.2543,0.2543,0.25,0.2587,0.262,0.2543,0.262,0.25,0.2568
82,0.2609,0.2554,0.2609,0.2576,0.2543,0.2543,0.25,0.2587,0.262,0.2543,0.262,0.25,0.2568
83,0.2609,0.2554,0.2609,0.2576,0.2543,0.2543,0.25,0.2587,0.262,0.2543,0.262,0.25,0.2568
84,0.2609,0.2554,0.2609,0.2576,0.2543,0.2543,0.25,0.2587,0.262,0.2543,0.262,0.25,0.2568
85,0.2609,0.2554,0.2609,0.2576,0.2543,0.2543,0.25,0.2587,0.262,0.2554,0.262,0.25,0.2569
86,0.2609,0.2554,0.2609,0.2576,0.2554,0.2543,0.25,0.2587,0.262,0.2554,0.262,0.25,0.2571
87,0.2609,0.2565,0.2609,0.2576,0.2554,0.2543,0.2511,0.2587,0.262,0.2554,0.262,0.2511,0.2573
88,0.2609,0.2565,0.2609,0.2576,0.2554,0.2543,0.2511,0.2587,0.262,0.2565,0.262,0.2511,0.2574
89,0.2609,0.2576,0.2609,0.2576,0.2554,0.2543,0.2533,0.2587,0.262,0.2565,0.262,0.2533,0.2577
90,0.2609,0.2576,0.2609,0.2576,0.2554,0.2543,0.2543,0.2587,0.262,0.2565,0.262,0.2543,0.2578
91,0.2609,0.2576,0.2609,0.2587,0.2554,0.2543,0.2543,0.2587,0.262,0.2565,0.262,0.2543,0.2579
92,0.2609,0.2576,0.2609,0.2587,0.2554,0.2543,0.2543,0.2587,0.262,0.2565,0.262,0.2543,0.2579
93,0.2609,0.2576,0.2609,0.2587,0.2554,0.2543,0.2554,0.2587,0.262,0.2565,0.262,0.2543,0.258
94,0.2609,0.2576,0.2609,0.2587,0.2554,0.2543,0.2554,0.2587,0.262,0.2565,0.262,0.2543,0.258
95,0.2609,0.2576,0.2609,0.2587,0.2554,0.2543,0.2554,0.2587,0.262,0.2565,0.262,0.2543,0.258
96,0.2609,0.2576,0.2609,0.2598,0.2554,0.2554,0.2554,0.2587,0.262,0.2565,0.262,0.2554,0.2583
97,0.2609,0.2576,0.2609,0.2598,0.2554,0.2554,0.2554,0.2598,0.262,0.2565,0.262,0.2554,0.2584
98,0.262,0.2576,0.2609,0.2598,0.2554,0.2554,0.2576,0.2598,0.262,0.2565,0.262,0.2554,0.2587
99,0.262,0.2576,0.263,0.262,0.2554,0.2554,0.2576,0.2598,0.262,0.2565,0.263,0.2554,0.2591
100,0.262,0.2576,0.263,0.262,0.2554,0.2554,0.2576,0.2598,0.262,0.2565,0.263,0.2554,0.2591
101,0.262,0.2576,0.263,0.262,0.2554,0.2554,0.2576,0.2598,0.262,0.2565,0.263,0.2554,0.2591
102,0.262,0.2576,0.263,0.263,0.2554,0.2554,0.2576,0.2598,0.262,0.2565,0.263,0.2554,0.2592
103,0.262,0.2587,0.263,0.263,0.2565,0.2554,0.2576,0.2598,0.262,0.2565,0.263,0.2554,0.2595
104,0.262,0.2587,0.263,0.263,0.2565,0.2554,0.2576,0.2598,0.262,0.2565,0.263,0.2554,0.2595
105,0.262,0.2587,0.2652,0.263,0.2576,0.2554,0.2576,0.2609,0.262,0.2565,0.2652,0.2554,0.2599
106,0.2641,0.2587,0.2652,0.263,0.2587,0.2554,0.2576,0.2609,0.262,0.2565,0.2652,0.2554,0.2602
107,0.2641,0.2587,0.2652,0.263,0.2598,0.2554,0.2576,0.2609,0.262,0.2576,0.2652,0.2554,0.2604
108,0.2641,0.2587,0.2652,0.263,0.2598,0.2554,0.2576,0.2609,0.262,0.2576,0.2652,0.2554,0.2604
109,0.2641,0.2587,0.2652,0.263,0.2598,0.2554,0.2587,0.2609,0.262,0.2576,0.2652,0.2554,0.2605
110,0.2641,0.2587,0.2652,0.263,0.262,0.2554,0.2587,0.2609,0.262,0.2609,0.2652,0.2554,0.2611
111,0.2641,0.2587,0.2652,0.263,0.262,0.2554,0.2587,0.2609,0.262,0.2609,0.2652,0.2554,0.2611
112,0.2641,0.2587,0.2652,0.263,0.262,0.2554,0.2587,0.2609,0.262,0.2609,0.2652,0.2554,0.2611
113,0.2641,0.2587,0.2652,0.263,0.262,0.2554,0.2587,0.2609,0.262,0.2609,0.2652,0.2554,0.2611
114,0.2641,0.2587,0.2652,0.263,0.263,0.2554,0.2587,0.2609,0.262,0.2609,0.2652,0.2554,0.2612
115,0.2641,0.2587,0.2663,0.263,0.263,0.2554,0.2587,0.2609,0.262,0.2609,0.2663,0.2554,0.2613
116,0.2641,0.2587,0.2663,0.263,0.263,0.2554,0.2587,0.2609,0.262,0.2609,0.2663,0.2554,0.2613
117,0.2641,0.2587,0.2663,0.263,0.2652,0.2554,0.2587,0.2609,0.262,0.2609,0.2663,0.2554,0.2615
118,0.2641,0.2587,0.2663,0.2641,0.2652,0.2554,0.2587,0.2609,0.262,0.2609,0.2663,0.2554,0.2616
119,0.2641,0.2587,0.2663,0.2641,0.2652,0.2554,0.2587,0.2609,0.262,0.2609,0.2663,0.2554,0.2616
120,0.2641,0.2587,0.2663,0.2641,0.2652,0.2554,0.2587,0.2609,0.262,0.2609,0.2663,0.2554,0.2616
121,0.2641,0.2587,0.2663,0.2641,0.2652,0.2554,0.2587,0.2609,0.262,0.2609,0.2663,0.2554,0.2616
122,0.2641,0.2587,0.2663,0.2641,0.2652,0.2554,0.2587,0.2609,0.262,0.262,0.2663,0.2554,0.2617
123,0.2641,0.2587,0.2663,0.2641,0.2652,0.2554,0.2587,0.2609,0.262,0.262,0.2663,0.2554,0.2617
124,0.2641,0.2587,0.2663,0.2641,0.2652,0.2565,0.2587,0.2609,0.262,0.262,0.2663,0.2565,0.2619
125,0.2641,0.2598,0.2663,0.2641,0.2652,0.2565,0.2587,0.2609,0.262,0.262,0.2663,0.2565,0.262
126,0.2641,0.2598,0.2663,0.2641,0.2652,0.2576,0.2587,0.2609,0.262,0.262,0.2663,0.2576,0.2621
127,0.2641,0.2598,0.2663,0.2641,0.2652,0.2576,0.2587,0.2609,0.262,0.262,0.2663,0.2576,0.2621
128,0.2641,0.2598,0.2663,0.2641,0.2652,0.2576,0.2587,0.2609,0.262,0.262,0.2663,0.2576,0.2621
129,0.2641,0.2598,0.2663,0.2641,0.2652,0.2576,0.2587,0.2609,0.262,0.263,0.2663,0.2576,0.2622
130,0.2641,0.2598,0.2663,0.2641,0.2652,0.2576,0.2587,0.2609,0.262,0.263,0.2663,0.2576,0.2622
131,0.2641,0.2598,0.2663,0.2641,0.2652,0.2576,0.2587,0.2609,0.262,0.263,0.2663,0.2576,0.2622
132,0.2641,0.2598,0.2663,0.2641,0.2685,0.2576,0.2587,0.2609,0.262,0.263,0.2685,0.2576,0.2625
133,0.2641,0.262,0.2663,0.2641,0.2685,0.2576,0.2587,0.2609,0.262,0.263,0.2685,0.2576,0.2627
134,0.2652,0.262,0.2663,0.2641,0.2685,0.2587,0.2598,0.2609,0.262,0.263,0.2685,0.2587,0.263
135,0.2652,0.262,0.2674,0.2641,0.2685,0.2587,0.2598,0.2609,0.262,0.263,0.2685,0.2587,0.2632
136,0.2652,0.262,0.2674,0.2641,0.2685,0.2598,0.2598,0.2609,0.262,0.263,0.2685,0.2598,0.2633
137,0.2652,0.262,0.2685,0.2641,0.2685,0.2598,0.2598,0.2609,0.262,0.263,0.2685,0.2598,0.2634
138,0.2652,0.262,0.2685,0.2641,0.2685,0.2598,0.2598,0.2609,0.262,0.2685,0.2685,0.2598,0.2639
139,0.2652,0.262,0.2685,0.2641,0.2685,0.2598,0.2609,0.2609,0.262,0.2685,0.2685,0.2598,0.264
140,0.2652,0.262,0.2685,0.2641,0.2685,0.2598,0.2609,0.2609,0.263,0.2685,0.2685,0.2598,0.2641
141,0.2652,0.262,0.2685,0.2641,0.2685,0.2598,0.2609,0.2609,0.263,0.2685,0.2685,0.2598,0.2641
142,0.2652,0.262,0.2685,0.2641,0.2685,0.2598,0.2609,0.2609,0.263,0.2685,0.2685,0.2598,0.2641
143,0.2652,0.262,0.2685,0.2641,0.2685,0.2598,0.2609,0.2609,0.263,0.2685,0.2685,0.2598,0.2641
144,0.2652,0.262,0.2685,0.2641,0.2685,0.2598,0.2609,0.2609,0.263,0.2685,0.2685,0.2598,0.2641
145,0.2652,0.262,0.2685,0.2641,0.2685,0.2598,0.2609,0.2609,0.263,0.2696,0.2696,0.2598,0.2642
146,0.2652,0.262,0.2685,0.2641,0.2685,0.2598,0.2609,0.2609,0.263,0.2696,0.2696,0.2598,0.2642
147,0.2652,0.262,0.2685,0.2641,0.2696,0.2598,0.2609,0.2609,0.263,0.2696,0.2696,0.2598,0.2644
148,0.2652,0.262,0.2685,0.2641,0.2696,0.2598,0.2609,0.2609,0.263,0.2696,0.2696,0.2598,0.2644
149,0.2652,0.262,0.2685,0.2641,0.2696,0.2598,0.2609,0.2609,0.263,0.2696,0.2696,0.2598,0.2644
150,0.2652,0.262,0.2685,0.2641,0.2696,0.2598,0.2609,0.2609,0.263,0.2707,0.2707,0.2598,0.2645
151,0.2652,0.262,0.2685,0.2641,0.2696,0.2598,0.2609,0.2609,0.263,0.2707,0.2707,0.2598,0.2645
152,0.2652,0.262,0.2685,0.2641,0.2696,0.2598,0.2609,0.2609,0.263,0.2707,0.2707,0.2598,0.2645
153,0.2652,0.262,0.2696,0.2641,0.2696,0.2598,0.2609,0.2609,0.263,0.2707,0.2707,0.2598,0.2646
154,0.2652,0.262,0.2707,0.2641,0.2696,0.2598,0.2609,0.2609,0.263,0.2707,0.2707,0.2598,0.2647
155,0.2652,0.262,0.2707,0.2641,0.2696,0.2598,0.2609,0.2609,0.263,0.2707,0.2707,0.2598,0.2647
156,0.2663,0.262,0.2707,0.2641,0.2696,0.2609,0.2609,0.2609,0.263,0.2707,0.2707,0.2609,0.2649
157,0.2663,0.262,0.2707,0.2641,0.2696,0.2609,0.2609,0.2609,0.263,0.2707,0.2707,0.2609,0.2649
158,0.2663,0.262,0.2707,0.2641,0.2696,0.2609,0.2609,0.2609,0.263,0.2707,0.2707,0.2609,0.2649
159,0.2663,0.262,0.2707,0.2641,0.2696,0.2609,0.2609,0.2609,0.263,0.2707,0.2707,0.2609,0.2649
160,0.2663,0.262,0.2707,0.2641,0.2696,0.2609,0.2609,0.2609,0.263,0.2707,0.2707,0.2609,0.2649
161,0.2663,0.262,0.2707,0.2641,0.2696,0.2609,0.2609,0.2609,0.263,0.2707,0.2707,0.2609,0.2649
162,0.2663,0.262,0.2707,0.2641,0.2696,0.2609,0.262,0.2609,0.263,0.2707,0.2707,0.2609,0.265
163,0.2663,0.262,0.2707,0.2641,0.2696,0.2609,0.262,0.2609,0.263,0.2707,0.2707,0.2609,0.265
164,0.2663,0.262,0.2707,0.2641,0.2696,0.262,0.262,0.2609,0.263,0.2707,0.2707,0.2609,0.2651
165,0.2663,0.262,0.2707,0.2641,0.2696,0.262,0.263,0.2609,0.263,0.2707,0.2707,0.2609,0.2652
166,0.2674,0.262,0.2707,0.2641,0.2696,0.262,0.262,0.2609,0.263,0.2707,0.2707,0.2609,0.2652
167,0.2674,0.262,0.2707,0.2641,0.2696,0.262,0.262,0.2609,0.263,0.2707,0.2707,0.2609,0.2652
168,0.2674,0.262,0.2707,0.2641,0.2696,0.262,0.262,0.262,0.263,0.2707,0.2707,0.262,0.2654
169,0.2674,0.262,0.2707,0.2641,0.2717,0.262,0.262,0.262,0.263,0.2707,0.2717,0.262,0.2656
170,0.2674,0.262,0.2707,0.2641,0.2717,0.262,0.262,0.262,0.263,0.2707,0.2717,0.262,0.2656
171,0.2674,0.2641,0.2707,0.2641,0.2717,0.2641,0.262,0.262,0.263,0.2707,0.2717,0.262,0.266
172,0.2674,0.2641,0.2707,0.2641,0.2717,0.2641,0.262,0.262,0.263,0.2707,0.2717,0.262,0.266
173,0.2674,0.2641,0.2707,0.2641,0.2717,0.2641,0.262,0.262,0.263,0.2707,0.2717,0.262,0.266
174,0.2674,0.2641,0.2707,0.2641,0.2717,0.2641,0.262,0.262,0.263,0.2707,0.2717,0.262,0.266
175,0.2674,0.2652,0.2707,0.2641,0.2717,0.2652,0.262,0.262,0.263,0.2707,0.2717,0.262,0.2662
176,0.2674,0.2652,0.2707,0.2641,0.2717,0.2652,0.262,0.262,0.263,0.2707,0.2717,0.262,0.2662
177,0.2674,0.2652,0.2707,0.2641,0.2717,0.2652,0.262,0.262,0.263,0.2707,0.2717,0.262,0.2662
178,0.2674,0.2652,0.2717,0.2641,0.2717,0.2652,0.262,0.262,0.263,0.2707,0.2717,0.262,0.2663
179,0.2674,0.2652,0.2717,0.2641,0.2717,0.2652,0.262,0.262,0.263,0.2707,0.2717,0.262,0.2663
180,0.2674,0.2652,0.2717,0.2641,0.2728,0.2652,0.262,0.262,0.263,0.2707,0.2728,0.262,0.2664
181,0.2674,0.2652,0.2717,0.2641,0.2728,0.2652,0.262,0.262,0.263,0.2707,0.2728,0.262,0.2664
182,0.2674,0.2652,0.2717,0.2641,0.275,0.2652,0.262,0.262,0.263,0.2707,0.275,0.262,0.2666
183,0.2674,0.2652,0.2717,0.2641,0.275,0.2652,0.262,0.262,0.263,0.2707,0.275,0.262,0.2666
184,0.2674,0.2652,0.2717,0.2641,0.275,0.2652,0.262,0.262,0.263,0.2707,0.275,0.262,0.2666
185,0.2674,0.2652,0.2717,0.2641,0.275,0.2652,0.262,0.262,0.263,0.2707,0.275,0.262,0.2666
186,0.2674,0.2652,0.2717,0.2641,0.275,0.2652,0.262,0.262,0.263,0.2707,0.275,0.262,0.2666
187,0.2674,0.2652,0.2717,0.2641,0.2761,0.2652,0.262,0.262,0.263,0.2707,0.2761,0.262,0.2667
188,0.2674,0.2652,0.2717,0.2641,0.2761,0.2652,0.262,0.262,0.263,0.2707,0.2761,0.262,0.2667
189,0.2674,0.2652,0.2717,0.2641,0.2761,0.2652,0.262,0.262,0.263,0.2707,0.2761,0.262,0.2667
190,0.2674,0.2652,0.2717,0.2641,0.2761,0.2652,0.262,0.262,0.263,0.2707,0.2761,0.262,0.2667
191,0.2674,0.2652,0.2717,0.2641,0.2761,0.2652,0.262,0.262,0.263,0.2707,0.2761,0.262,0.2667
192,0.2674,0.2652,0.2717,0.2641,0.2761,0.2652,0.262,0.262,0.263,0.2707,0.2761,0.262,0.2667
193,0.2674,0.2652,0.2717,0.2641,0.2761,0.2652,0.262,0.262,0.263,0.2707,0.2761,0.262,0.2667
194,0.2674,0.2652,0.2717,0.2641,0.2761,0.2652,0.262,0.262,0.263,0.2707,0.2761,0.262,0.2667
195,0.2674,0.2663,0.2717,0.2641,0.2761,0.2652,0.262,0.262,0.263,0.2707,0.2761,0.262,0.2669
196,0.2674,0.2663,0.2717,0.2641,0.2761,0.2652,0.262,0.262,0.263,0.2707,0.2761,0.262,0.2669
197,0.2674,0.2663,0.2717,0.2641,0.2761,0.2652,0.262,0.262,0.263,0.2707,0.2761,0.262,0.2669
198,0.2674,0.2663,0.2717,0.2641,0.2761,0.2652,0.262,0.262,0.263,0.2707,0.2761,0.262,0.2669
199,0.2674,0.2663,0.2717,0.2652,0.2761,0.2663,0.262,0.262,0.263,0.2707,0.2761,0.262,0.2671
200,0.2674,0.2663,0.2717,0.2652,0.2761,0.2663,0.262,0.262,0.263,0.2717,0.2761,0.262,0.2672
201,0.2674,0.2663,0.2717,0.2652,0.2761,0.2663,0.262,0.262,0.263,0.2717,0.2761,0.262,0.2672
202,0.2674,0.2663,0.2717,0.2652,0.2772,0.2663,0.262,0.262,0.263,0.2717,0.2772,0.262,0.2673
203,0.2674,0.2663,0.2717,0.2652,0.2772,0.2663,0.262,0.262,0.263,0.2717,0.2772,0.262,0.2673
204,0.2674,0.2663,0.2717,0.2652,0.2772,0.2663,0.262,0.262,0.263,0.2717,0.2772,0.262,0.2673
205,0.2674,0.2663,0.2717,0.2652,0.2772,0.2663,0.262,0.262,0.263,0.2717,0.2772,0.262,0.2673
206,0.2674,0.2663,0.2717,0.2652,0.2772,0.2663,0.262,0.262,0.263,0.2717,0.2772,0.262,0.2673
207,0.2674,0.2663,0.2717,0.2652,0.2783,0.2663,0.262,0.262,0.263,0.2717,0.2783,0.262,0.2674
208,0.2674,0.2663,0.2717,0.2652,0.2783,0.2663,0.262,0.262,0.263,0.2717,0.2783,0.262,0.2674
209,0.2674,0.2663,0.2717,0.2652,0.2783,0.2663,0.262,0.262,0.263,0.2717,0.2783,0.262,0.2674
210,0.2674,0.2663,0.2717,0.2652,0.2783,0.2663,0.262,0.262,0.263,0.2717,0.2783,0.262,0.2674
211,0.2674,0.2663,0.2717,0.2652,0.2783,0.2663,0.262,0.262,0.263,0.2717,0.2783,0.262,0.2674
212,0.2674,0.2663,0.2717,0.2652,0.2783,0.2663,0.262,0.262,0.263,0.2717,0.2783,0.262,0.2674
213,0.2674,0.2663,0.2717,0.2652,0.2793,0.2663,0.262,0.262,0.263,0.2717,0.2793,0.262,0.2675
214,0.2674,0.2696,0.2717,0.2652,0.2793,0.2663,0.262,0.262,0.263,0.2717,0.2793,0.262,0.2678
215,0.2685,0.2696,0.2717,0.2652,0.2793,0.2663,0.263,0.262,0.263,0.2717,0.2793,0.262,0.268
216,0.2685,0.2707,0.2717,0.2652,0.2793,0.2663,0.263,0.262,0.263,0.2717,0.2793,0.262,0.2681
217,0.2685,0.2707,0.2717,0.2652,0.2793,0.2685,0.263,0.262,0.263,0.2717,0.2793,0.262,0.2684
218,0.2685,0.2707,0.2717,0.2663,0.2793,0.2685,0.263,0.262,0.263,0.2717,0.2793,0.262,0.2685
219,0.2685,0.2717,0.2717,0.2663,0.2793,0.2685,0.263,0.262,0.263,0.2717,0.2793,0.262,0.2686
220,0.2685,0.2717,0.2717,0.2663,0.2804,0.2685,0.263,0.263,0.263,0.2717,0.2804,0.263,0.2688
221,0.2685,0.2739,0.2717,0.2663,0.2804,0.2685,0.263,0.2652,0.263,0.2717,0.2804,0.263,0.2692
222,0.2685,0.2739,0.2717,0.2663,0.2804,0.2685,0.263,0.2652,0.263,0.2717,0.2804,0.263,0.2692
223,0.2685,0.2739,0.2717,0.2663,0.2804,0.2685,0.263,0.2652,0.263,0.2717,0.2804,0.263,0.2692
224,0.2685,0.2739,0.2717,0.2663,0.2804,0.2685,0.263,0.2652,0.263,0.2717,0.2804,0.263,0.2692
225,0.2685,0.2739,0.2717,0.2663,0.2804,0.2685,0.263,0.2652,0.263,0.2728,0.2804,0.263,0.2693
226,0.2685,0.2739,0.2717,0.2663,0.2804,0.2685,0.263,0.2652,0.263,0.2728,0.2804,0.263,0.2693
227,0.2685,0.2739,0.2717,0.2663,0.2804,0.2685,0.263,0.2652,0.263,0.2728,0.2804,0.263,0.2693
228,0.2696,0.2739,0.2717,0.2663,0.2804,0.2696,0.263,0.2652,0.263,0.2728,0.2804,0.263,0.2696
229,0.2696,0.2739,0.2717,0.2663,0.2804,0.2696,0.263,0.2652,0.263,0.2728,0.2804,0.263,0.2696
230,0.2696,0.2739,0.2717,0.2663,0.2804,0.2696,0.263,0.2652,0.263,0.2728,0.2804,0.263,0.2696
231,0.2696,0.2739,0.2717,0.2674,0.2804,0.2696,0.2641,0.2652,0.263,0.2728,0.2804,0.263,0.2698
232,0.2696,0.2739,0.2717,0.2674,0.2804,0.2696,0.2641,0.2652,0.263,0.2739,0.2804,0.263,0.2699
233,0.2696,0.275,0.2717,0.2674,0.2804,0.2696,0.2641,0.2652,0.263,0.2739,0.2804,0.263,0.27
234,0.2707,0.275,0.2717,0.2674,0.2804,0.2696,0.2641,0.2652,0.2641,0.2761,0.2804,0.2641,0.2704
235,0.2707,0.275,0.2717,0.2674,0.2804,0.2696,0.2641,0.2652,0.2641,0.2761,0.2804,0.2641,0.2704
236,0.2707,0.275,0.2717,0.2674,0.2804,0.2696,0.2641,0.2652,0.2641,0.2761,0.2804,0.2641,0.2704
237,0.2707,0.275,0.2717,0.2674,0.2804,0.2696,0.2641,0.2652,0.2641,0.2761,0.2804,0.2641,0.2704
238,0.2707,0.275,0.2717,0.2674,0.2804,0.2696,0.2641,0.2652,0.2641,0.2772,0.2804,0.2641,0.2705
239,0.2707,0.275,0.2717,0.2674,0.2804,0.2696,0.2641,0.2652,0.2641,0.2772,0.2804,0.2641,0.2705
240,0.2707,0.275,0.2717,0.2674,0.2804,0.2696,0.2641,0.2652,0.2641,0.2772,0.2804,0.2641,0.2705
241,0.2707,0.275,0.2717,0.2696,0.2804,0.2696,0.2674,0.2652,0.2641,0.2772,0.2804,0.2641,0.2711
242,0.2707,0.275,0.2717,0.2696,0.2804,0.2696,0.2674,0.2652,0.2641,0.2772,0.2804,0.2641,0.2711
243,0.2707,0.275,0.2717,0.2696,0.2804,0.2696,0.2674,0.2652,0.2641,0.2772,0.2804,0.2641,0.2711
244,0.2707,0.275,0.2717,0.2696,0.2804,0.2696,0.2674,0.2652,0.2641,0.2772,0.2804,0.2641,0.2711
245,0.2707,0.275,0.2717,0.2696,0.2804,0.2696,0.2674,0.2652,0.2641,0.2772,0.2804,0.2641,0.2711
246,0.2707,0.275,0.2717,0.2696,0.2804,0.2696,0.2674,0.2652,0.2641,0.2772,0.2804,0.2641,0.2711
247,0.2707,0.275,0.2717,0.2696,0.2804,0.2696,0.2674,0.2652,0.2641,0.2772,0.2804,0.2641,0.2711
248,0.2707,0.275,0.2717,0.2696,0.2804,0.2696,0.2674,0.2652,0.2641,0.2772,0.2804,0.2641,0.2711
249,0.2707,0.275,0.2717,0.2696,0.2804,0.2696,0.2674,0.2652,0.2641,0.2772,0.2804,0.2641,0.2711
250,0.2707,0.275,0.2739,0.2696,0.2804,0.2696,0.2674,0.2652,0.2641,0.2772,0.2804,0.2641,0.2713
251,0.2707,0.275,0.2739,0.2696,0.2804,0.2696,0.2674,0.2652,0.2641,0.2772,0.2804,0.2641,0.2713
252,0.2707,0.275,0.2739,0.2696,0.2804,0.2696,0.2674,0.2652,0.2641,0.2772,0.2804,0.2641,0.2713
253,0.2707,0.275,0.2739,0.2696,0.2804,0.2696,0.2674,0.2652,0.2641,0.2772,0.2804,0.2641,0.2713
254,0.2707,0.275,0.2739,0.2696,0.2804,0.2696,0.2674,0.2652,0.2641,0.2772,0.2804,0.2641,0.2713
255,0.2707,0.275,0.2739,0.2696,0.2804,0.2696,0.2674,0.2652,0.2641,0.2772,0.2804,0.2641,0.2713
256,0.2707,0.275,0.2739,0.2696,0.2804,0.2696,0.2674,0.2652,0.2641,0.2772,0.2804,0.2641,0.2713
257,0.2707,0.275,0.2739,0.2696,0.2804,0.2696,0.2674,0.2652,0.2641,0.2772,0.2804,0.2641,0.2713
258,0.2707,0.275,0.2739,0.2696,0.2804,0.2696,0.2728,0.2652,0.2641,0.2772,0.2804,0.2641,0.2719
259,0.2707,0.275,0.2739,0.2696,0.2804,0.2696,0.2728,0.2652,0.2641,0.2772,0.2804,0.2641,0.2719
260,0.2707,0.275,0.275,0.2696,0.2804,0.2696,0.2728,0.2652,0.2641,0.2772,0.2804,0.2641,0.272
261,0.2707,0.275,0.275,0.2696,0.2804,0.2696,0.2728,0.2652,0.2641,0.2772,0.2804,0.2641,0.272
262,0.2707,0.275,0.275,0.2696,0.2804,0.2696,0.2728,0.2652,0.2641,0.2772,0.2804,0.2641,0.272
263,0.2707,0.275,0.275,0.2696,0.2804,0.2696,0.2728,0.2652,0.2641,0.2772,0.2804,0.2641,0.272
264,0.2707,0.275,0.275,0.2696,0.2804,0.2696,0.2728,0.2663,0.2641,0.2772,0.2804,0.2641,0.2721
265,0.2707,0.275,0.275,0.2696,0.2804,0.2696,0.2728,0.2663,0.2641,0.2772,0.2804,0.2641,0.2721
266,0.2707,0.275,0.275,0.2696,0.2804,0.2696,0.2728,0.2663,0.2641,0.2772,0.2804,0.2641,0.2721
267,0.2707,0.275,0.275,0.2696,0.2804,0.2696,0.2728,0.2663,0.2641,0.2772,0.2804,0.2641,0.2721
268,0.2707,0.275,0.275,0.2696,0.2804,0.2696,0.2728,0.2663,0.2641,0.2772,0.2804,0.2641,0.2721
269,0.2707,0.275,0.275,0.2696,0.2804,0.2696,0.2728,0.2663,0.2641,0.2772,0.2804,0.2641,0.2721
270,0.2707,0.275,0.275,0.2696,0.2804,0.2696,0.2728,0.2663,0.2641,0.2772,0.2804,0.2641,0.2721
271,0.2707,0.275,0.275,0.2696,0.2804,0.2696,0.2728,0.2663,0.2641,0.2783,0.2804,0.2641,0.2722
272,0.2707,0.275,0.275,0.2696,0.2804,0.2696,0.2728,0.2663,0.2641,0.2783,0.2804,0.2641,0.2722
273,0.2707,0.275,0.275,0.2696,0.2804,0.2696,0.2728,0.2663,0.2641,0.2783,0.2804,0.2641,0.2722
274,0.2707,0.275,0.275,0.2696,0.2804,0.2696,0.2728,0.2663,0.2641,0.2783,0.2804,0.2641,0.2722
275,0.2707,0.275,0.275,0.2696,0.2804,0.2696,0.2728,0.2663,0.2674,0.2783,0.2804,0.2663,0.2725
276,0.2707,0.275,0.275,0.2696,0.2804,0.2696,0.2728,0.2663,0.2674,0.2783,0.2804,0.2663,0.2725
277,0.2707,0.275,0.275,0.2696,0.2804,0.2696,0.2728,0.2663,0.2674,0.2783,0.2804,0.2663,0.2725
278,0.2707,0.2783,0.275,0.2696,0.2804,0.2696,0.2728,0.2663,0.2674,0.2783,0.2804,0.2663,0.2728
279,0.2707,0.2783,0.275,0.2696,0.2804,0.2696,0.2728,0.2663,0.2674,0.2783,0.2804,0.2663,0.2728
280,0.2707,0.2783,0.2772,0.2696,0.2804,0.2696,0.2728,0.2663,0.2674,0.2783,0.2804,0.2663,0.2731
281,0.2707,0.2793,0.2772,0.2696,0.2804,0.2696,0.2728,0.2663,0.2674,0.2783,0.2804,0.2663,0.2732
282,0.2707,0.2793,0.2772,0.2696,0.2804,0.2696,0.2728,0.2663,0.2674,0.2783,0.2804,0.2663,0.2732
283,0.2707,0.2793,0.2772,0.2696,0.2804,0.2696,0.2728,0.2663,0.2674,0.2783,0.2804,0.2663,0.2732
284,0.2707,0.2793,0.2772,0.2696,0.2804,0.2696,0.2728,0.2663,0.2674,0.2783,0.2804,0.2663,0.2732
285,0.2707,0.2793,0.2772,0.2696,0.2804,0.2696,0.2728,0.2663,0.2674,0.2783,0.2804,0.2663,0.2732
286,0.2717,0.2793,0.2772,0.2696,0.2804,0.2696,0.2728,0.2663,0.2674,0.2783,0.2804,0.2663,0.2733
287,0.2717,0.2793,0.2772,0.2696,0.2804,0.2696,0.2728,0.2663,0.2674,0.2783,0.2804,0.2663,0.2733
288,0.2717,0.2793,0.2772,0.2696,0.2804,0.2696,0.2728,0.2663,0.2674,0.2783,0.2804,0.2663,0.2733
289,0.2717,0.2793,0.2772,0.2696,0.2804,0.2696,0.2728,0.2663,0.2674,0.2783,0.2804,0.2663,0.2733
290,0.2717,0.2793,0.2772,0.2696,0.2804,0.2696,0.2728,0.2663,0.2674,0.2783,0.2804,0.2663,0.2733
291,0.2717,0.2793,0.2772,0.2696,0.2804,0.2696,0.2728,0.2663,0.2674,0.2783,0.2804,0.2663,0.2733
292,0.2717,0.2793,0.2772,0.2696,0.2804,0.2696,0.2728,0.2674,0.2674,0.2783,0.2804,0.2674,0.2734
293,0.2717,0.2793,0.2772,0.2696,0.2804,0.2696,0.2728,0.2674,0.2674,0.2783,0.2804,0.2674,0.2734
294,0.2717,0.2793,0.2772,0.2696,0.2804,0.2696,0.2728,0.2674,0.2674,0.2783,0.2804,0.2674,0.2734
295,0.2717,0.2793,0.2772,0.2707,0.2804,0.2696,0.2728,0.2674,0.2674,0.2783,0.2804,0.2674,0.2735
296,0.2717,0.2793,0.2772,0.2707,0.2804,0.2696,0.2728,0.2674,0.2674,0.2783,0.2804,0.2674,0.2735
297,0.2717,0.2793,0.2772,0.2707,0.2804,0.2696,0.2728,0.2674,0.2674,0.2804,0.2804,0.2674,0.2737
298,0.2717,0.2793,0.2772,0.2707,0.2804,0.2696,0.2728,0.2674,0.2674,0.2804,0.2804,0.2674,0.2737
299,0.2717,0.2793,0.2772,0.2707,0.2804,0.2696,0.2728,0.2674,0.2674,0.2804,0.2804,0.2674,0.2737
300,0.2717,0.2793,0.2772,0.2707,0.2804,0.2707,0.2728,0.2674,0.2674,0.2804,0.2804,0.2674,0.2738
301,0.2717,0.2793,0.2772,0.2707,0.2804,0.2707,0.2728,0.2674,0.2674,0.2804,0.2804,0.2674,0.2738
302,0.2717,0.2793,0.2772,0.2707,0.2804,0.2707,0.2728,0.2674,0.2674,0.2804,0.2804,0.2674,0.2738
303,0.2717,0.2793,0.2772,0.2717,0.2804,0.2707,0.2728,0.2674,0.2674,0.2804,0.2804,0.2674,0.2739
304,0.2717,0.2793,0.2772,0.2717,0.2804,0.2707,0.2728,0.2674,0.2674,0.2804,0.2804,0.2674,0.2739
305,0.2717,0.2793,0.2772,0.2717,0.2804,0.2707,0.2728,0.2674,0.2674,0.2804,0.2804,0.2674,0.2739
306,0.2717,0.2793,0.2772,0.2717,0.2804,0.2707,0.2728,0.2674,0.2674,0.2804,0.2804,0.2674,0.2739
307,0.2739,0.2793,0.2772,0.2717,0.2804,0.2707,0.2728,0.2674,0.2674,0.2804,0.2804,0.2674,0.2741
308,0.2739,0.2793,0.2772,0.2717,0.2804,0.2707,0.2728,0.2674,0.2674,0.2804,0.2804,0.2674,0.2741
309,0.2739,0.2793,0.2772,0.2717,0.2804,0.2707,0.2739,0.2674,0.2674,0.2804,0.2804,0.2674,0.2742
310,0.2739,0.2793,0.2772,0.2717,0.2804,0.2707,0.2739,0.2674,0.2674,0.2804,0.2804,0.2674,0.2742
311,0.2739,0.2793,0.2772,0.2717,0.2804,0.2707,0.2739,0.2674,0.2674,0.2804,0.2804,0.2674,0.2742
312,0.2739,0.2793,0.2772,0.2717,0.2804,0.2707,0.2739,0.2674,0.2674,0.2804,0.2804,0.2674,0.2742
313,0.2739,0.2793,0.2772,0.2717,0.2804,0.2707,0.2739,0.2674,0.2674,0.2804,0.2804,0.2674,0.2742
314,0.2772,0.2793,0.2772,0.2717,0.2804,0.2707,0.2739,0.2674,0.2674,0.2804,0.2804,0.2674,0.2746
315,0.2772,0.2793,0.2772,0.2717,0.2804,0.2707,0.2739,0.2674,0.2674,0.2804,0.2804,0.2674,0.2746
316,0.2772,0.2793,0.2772,0.2717,0.2804,0.2707,0.2739,0.2674,0.2674,0.2804,0.2804,0.2674,0.2746
317,0.2772,0.2793,0.2772,0.2717,0.2804,0.2707,0.2739,0.2674,0.2674,0.2804,0.2804,0.2674,0.2746
318,0.2772,0.2793,0.2772,0.2717,0.2804,0.2707,0.2739,0.2674,0.2674,0.2804,0.2804,0.2674,0.2746
319,0.2772,0.2793,0.2772,0.2717,0.2804,0.2707,0.2739,0.2674,0.2674,0.2804,0.2804,0.2674,0.2746
320,0.2772,0.2793,0.2772,0.2717,0.2804,0.2707,0.2739,0.2674,0.2674,0.2804,0.2804,0.2674,0.2746
321,0.2772,0.2793,0.2772,0.2717,0.2804,0.2707,0.2739,0.2674,0.2674,0.2804,0.2804,0.2674,0.2746
322,0.2772,0.2793,0.2772,0.2717,0.2804,0.2707,0.2739,0.2674,0.2674,0.2804,0.2804,0.2674,0.2746
323,0.2772,0.2793,0.2772,0.2717,0.2804,0.2707,0.2739,0.2674,0.2674,0.2804,0.2804,0.2674,0.2746
324,0.2772,0.2848,0.2772,0.2717,0.2804,0.2707,0.2739,0.2674,0.2674,0.2804,0.2848,0.2674,0.2751
325,0.2783,0.2848,0.2772,0.2717,0.2804,0.2707,0.2739,0.2674,0.2674,0.2804,0.2848,0.2674,0.2752
326,0.2783,0.2848,0.2772,0.2717,0.2804,0.2707,0.2739,0.2674,0.2674,0.2804,0.2848,0.2674,0.2752
327,0.2783,0.2848,0.2772,0.2717,0.2804,0.2707,0.2739,0.2674,0.2685,0.2804,0.2848,0.2674,0.2753
328,0.2783,0.2848,0.2772,0.2717,0.2804,0.2707,0.2739,0.2674,0.2685,0.2804,0.2848,0.2674,0.2753
329,0.2783,0.2848,0.2772,0.2717,0.2804,0.2707,0.2739,0.2674,0.2685,0.2804,0.2848,0.2674,0.2753
330,0.2783,0.2848,0.2772,0.2717,0.2804,0.2707,0.2739,0.2674,0.2685,0.2804,0.2848,0.2674,0.2753
331,0.2783,0.2848,0.2772,0.2717,0.2804,0.2707,0.2739,0.2685,0.2685,0.2804,0.2848,0.2685,0.2754
332,0.2783,0.2848,0.2772,0.2717,0.2804,0.2707,0.2739,0.2685,0.2685,0.2804,0.2848,0.2685,0.2754
333,0.2783,0.2848,0.2772,0.2717,0.2804,0.2707,0.2739,0.2685,0.2685,0.2804,0.2848,0.2685,0.2754
334,0.2783,0.2848,0.2772,0.2717,0.2804,0.275,0.2739,0.2685,0.2685,0.2804,0.2848,0.2685,0.2759
335,0.2783,0.2848,0.2772,0.2717,0.2804,0.275,0.2739,0.2685,0.2685,0.2804,0.2848,0.2685,0.2759
336,0.2783,0.2848,0.2772,0.2717,0.2804,0.275,0.2739,0.2685,0.2685,0.2804,0.2848,0.2685,0.2759
337,0.2783,0.2848,0.2772,0.2717,0.2804,0.275,0.2739,0.2685,0.2685,0.2804,0.2848,0.2685,0.2759
338,0.2783,0.2848,0.2772,0.2717,0.2804,0.275,0.2739,0.2685,0.2685,0.2804,0.2848,0.2685,0.2759
339,0.2783,0.2848,0.2772,0.2717,0.2804,0.275,0.2739,0.2685,0.2685,0.2815,0.2848,0.2685,0.276
340,0.2783,0.2848,0.2772,0.2717,0.2804,0.275,0.275,0.2685,0.2685,0.2815,0.2848,0.2685,0.2761
341,0.2783,0.2848,0.2772,0.2717,0.2804,0.275,0.275,0.2685,0.2685,0.2815,0.2848,0.2685,0.2761
342,0.2783,0.2848,0.2772,0.2717,0.2804,0.275,0.275,0.2685,0.2685,0.2815,0.2848,0.2685,0.2761
343,0.2783,0.2848,0.2772,0.2717,0.2804,0.275,0.275,0.2685,0.2685,0.2815,0.2848,0.2685,0.2761
344,0.2783,0.2848,0.2772,0.2717,0.2804,0.275,0.275,0.2685,0.2685,0.2815,0.2848,0.2685,0.2761
345,0.2783,0.2848,0.2772,0.2717,0.2804,0.275,0.275,0.2685,0.2685,0.2815,0.2848,0.2685,0.2761
346,0.2783,0.2848,0.2772,0.2717,0.2804,0.275,0.275,0.2685,0.2685,0.2815,0.2848,0.2685,0.2761
347,0.2783,0.2848,0.2772,0.2717,0.2804,0.275,0.275,0.2685,0.2685,0.2815,0.2848,0.2685,0.2761
348,0.2783,0.2848,0.2772,0.2717,0.2804,0.275,0.275,0.2685,0.2717,0.2815,0.2848,0.2685,0.2764
349,0.2783,0.2848,0.2772,0.2717,0.2804,0.275,0.275,0.2685,0.2717,0.2815,0.2848,0.2685,0.2764
350,0.2783,0.2848,0.2772,0.2717,0.2804,0.275,0.275,0.2685,0.2717,0.2815,0.2848,0.2685,0.2764
351,0.2783,0.2848,0.2772,0.2717,0.2804,0.275,0.275,0.2685,0.2717,0.2815,0.2848,0.2685,0.2764
352,0.2783,0.2848,0.2772,0.2717,0.2804,0.275,0.275,0.2685,0.2717,0.2815,0.2848,0.2685,0.2764
353,0.2783,0.2848,0.2772,0.2717,0.2804,0.275,0.275,0.2685,0.2717,0.2815,0.2848,0.2685,0.2764
354,0.2783,0.2848,0.2772,0.2717,0.2804,0.275,0.275,0.2685,0.2717,0.2815,0.2848,0.2685,0.2764
355,0.2783,0.2848,0.2772,0.2717,0.2804,0.275,0.275,0.2685,0.2717,0.2815,0.2848,0.2685,0.2764
356,0.2783,0.2848,0.2772,0.2717,0.2804,0.275,0.275,0.2685,0.2717,0.2815,0.2848,0.2685,0.2764
357,0.2783,0.2848,0.2772,0.2717,0.2804,0.275,0.275,0.2685,0.2717,0.2815,0.2848,0.2685,0.2764
358,0.2783,0.2848,0.2772,0.2717,0.2804,0.275,0.275,0.2685,0.2717,0.2815,0.2848,0.2685,0.2764
359,0.2783,0.2848,0.2772,0.2717,0.2804,0.275,0.275,0.2685,0.2717,0.2815,0.2848,0.2685,0.2764
360,0.2783,0.2848,0.2772,0.2717,0.2837,0.275,0.275,0.2685,0.2717,0.2815,0.2848,0.2685,0.2767
361,0.2783,0.2848,0.2772,0.2717,0.2837,0.275,0.275,0.2685,0.2717,0.2815,0.2848,0.2685,0.2767
362,0.2783,0.2848,0.2772,0.2717,0.2837,0.275,0.275,0.2685,0.2717,0.2815,0.2848,0.2685,0.2767
363,0.2783,0.2848,0.2772,0.2717,0.2837,0.2772,0.275,0.2685,0.2717,0.2815,0.2848,0.2685,0.277
364,0.2783,0.2848,0.2772,0.2717,0.2837,0.2772,0.275,0.2685,0.2717,0.2815,0.2848,0.2685,0.277
365,0.2783,0.2848,0.2772,0.2717,0.2837,0.2772,0.275,0.2685,0.2717,0.2815,0.2848,0.2685,0.277
366,0.2783,0.2848,0.2772,0.2717,0.2837,0.2772,0.275,0.2685,0.2717,0.2815,0.2848,0.2685,0.277
367,0.2783,0.2848,0.2772,0.2717,0.2837,0.2772,0.275,0.2685,0.2717,0.2815,0.2848,0.2685,0.277
368,0.2783,0.2848,0.2772,0.2717,0.2837,0.2772,0.275,0.2685,0.2717,0.2815,0.2848,0.2685,0.277
369,0.2783,0.2848,0.2772,0.2717,0.2837,0.2772,0.275,0.2685,0.2717,0.2815,0.2848,0.2685,0.277
370,0.2783,0.2848,0.2772,0.2717,0.2837,0.2772,0.275,0.2685,0.2717,0.2815,0.2848,0.2685,0.277
371,0.2783,0.2848,0.2772,0.2717,0.2837,0.2783,0.2761,0.2685,0.2717,0.2815,0.2848,0.2685,0.2772
372,0.2783,0.2848,0.2772,0.2717,0.2837,0.2772,0.2761,0.2685,0.2717,0.2815,0.2848,0.2685,0.2771
373,0.2783,0.2848,0.2783,0.2717,0.2837,0.2772,0.2761,0.2685,0.2717,0.2815,0.2848,0.2685,0.2772
374,0.2783,0.2848,0.2783,0.2717,0.2837,0.2783,0.2761,0.2685,0.2717,0.2815,0.2848,0.2685,0.2773
375,0.2783,0.2848,0.2783,0.2717,0.2837,0.2783,0.2761,0.2685,0.2717,0.2815,0.2848,0.2685,0.2773
376,0.2783,0.2848,0.2783,0.2717,0.2837,0.2783,0.2761,0.2685,0.2717,0.2815,0.2848,0.2685,0.2773
377,0.2783,0.2848,0.2783,0.2717,0.2837,0.2783,0.2761,0.2685,0.2717,0.2815,0.2848,0.2685,0.2773
378,0.2783,0.2848,0.2783,0.2717,0.2837,0.2793,0.2761,0.2685,0.2717,0.2815,0.2848,0.2685,0.2774
379,0.2783,0.288,0.2783,0.2739,0.2837,0.2793,0.2761,0.2685,0.2717,0.2815,0.288,0.2685,0.2779
380,0.2783,0.288,0.2783,0.275,0.2837,0.2793,0.2761,0.2685,0.2717,0.2815,0.288,0.2685,0.278
381,0.2783,0.288,0.2804,0.275,0.2837,0.2793,0.2761,0.2685,0.2717,0.2815,0.288,0.2685,0.2782
382,0.2783,0.288,0.2804,0.275,0.2837,0.2793,0.2761,0.2685,0.2717,0.2815,0.288,0.2685,0.2782
383,0.2783,0.288,0.2848,0.275,0.2837,0.2793,0.2761,0.2685,0.2717,0.2815,0.288,0.2685,0.2787
384,0.2783,0.288,0.2848,0.275,0.2837,0.2793,0.2761,0.2685,0.2717,0.2815,0.288,0.2685,0.2787
385,0.2783,0.288,0.2848,0.275,0.2837,0.2793,0.2761,0.2685,0.2717,0.2815,0.288,0.2685,0.2787
386,0.2783,0.288,0.2848,0.275,0.2837,0.2793,0.2761,0.2685,0.2717,0.2815,0.288,0.2685,0.2787
387,0.2783,0.288,0.2848,0.275,0.2891,0.2793,0.2783,0.2685,0.2717,0.2815,0.2891,0.2685,0.2795
388,0.2783,0.288,0.2848,0.275,0.2891,0.2793,0.2783,0.2685,0.2717,0.2815,0.2891,0.2685,0.2795
389,0.2783,0.288,0.2848,0.275,0.2891,0.2793,0.2783,0.2685,0.2717,0.2815,0.2891,0.2685,0.2795
390,0.2783,0.288,0.2848,0.275,0.2891,0.2793,0.2783,0.2685,0.2717,0.2815,0.2891,0.2685,0.2795
391,0.2783,0.288,0.2848,0.275,0.2891,0.2793,0.2783,0.2685,0.2717,0.2815,0.2891,0.2685,0.2795
392,0.2783,0.288,0.2848,0.275,0.2891,0.2793,0.2783,0.2685,0.2717,0.2815,0.2891,0.2685,0.2795
393,0.2783,0.288,0.2848,0.275,0.2891,0.2793,0.2783,0.2685,0.2717,0.2815,0.2891,0.2685,0.2795
394,0.2783,0.288,0.2848,0.275,0.2891,0.2793,0.2783,0.2685,0.2717,0.2815,0.2891,0.2685,0.2795
395,0.2783,0.288,0.2848,0.275,0.2891,0.2793,0.2783,0.2685,0.2717,0.2815,0.2891,0.2685,0.2795
396,0.2783,0.288,0.2848,0.275,0.2891,0.2793,0.2783,0.2685,0.2717,0.2815,0.2891,0.2685,0.2795
397,0.2783,0.288,0.2848,0.275,0.2891,0.2793,0.2783,0.2685,0.2717,0.2815,0.2891,0.2685,0.2795
398,0.2783,0.288,0.2848,0.275,0.2891,0.2793,0.2783,0.2685,0.2717,0.2815,0.2891,0.2685,0.2795
399,0.2783,0.288,0.2848,0.275,0.2891,0.2793,0.2783,0.2685,0.2717,0.2815,0.2891,0.2685,0.2795
400,0.2783,0.288,0.2848,0.275,0.2891,0.2793,0.2783,0.2685,0.2728,0.2815,0.2891,0.2685,0.2796
401,0.2783,0.288,0.2848,0.275,0.2891,0.2793,0.2783,0.2685,0.2728,0.2815,0.2891,0.2685,0.2796
402,0.2783,0.288,0.2848,0.275,0.2891,0.2793,0.2783,0.2685,0.2728,0.2815,0.2891,0.2685,0.2796
403,0.2783,0.288,0.2848,0.275,0.2891,0.2793,0.2783,0.2685,0.2728,0.2815,0.2891,0.2685,0.2796
404,0.2783,0.288,0.2848,0.275,0.2891,0.2793,0.2783,0.2685,0.2728,0.2815,0.2891,0.2685,0.2796
405,0.2783,0.288,0.2848,0.275,0.2891,0.2793,0.2783,0.2685,0.2728,0.2815,0.2891,0.2685,0.2796
406,0.2783,0.288,0.2848,0.275,0.2891,0.2793,0.2783,0.2685,0.2739,0.2848,0.2891,0.2685,0.28
407,0.2783,0.288,0.2848,0.275,0.2891,0.2793,0.2783,0.2685,0.2739,0.2848,0.2891,0.2685,0.28
408,0.2783,0.288,0.2848,0.275,0.2891,0.2793,0.2783,0.2685,0.2739,0.2848,0.2891,0.2685,0.28
409,0.2783,0.288,0.2848,0.275,0.2891,0.2793,0.2783,0.2685,0.2739,0.2848,0.2891,0.2685,0.28
410,0.2783,0.288,0.2848,0.275,0.2891,0.2804,0.2783,0.2685,0.2739,0.2848,0.2891,0.2685,0.2801
411,0.2783,0.288,0.2848,0.275,0.2891,0.2804,0.2783,0.2685,0.2739,0.2848,0.2891,0.2685,0.2801
412,0.2783,0.288,0.2848,0.275,0.2891,0.2804,0.2783,0.2685,0.2739,0.2848,0.2891,0.2685,0.2801
413,0.2783,0.288,0.2848,0.275,0.2891,0.2804,0.2783,0.2685,0.2739,0.2848,0.2891,0.2685,0.2801
414,0.2783,0.288,0.2848,0.275,0.2891,0.2804,0.2783,0.2685,0.2739,0.2848,0.2891,0.2685,0.2801
415,0.2783,0.288,0.2848,0.275,0.2891,0.2804,0.2783,0.2685,0.2739,0.2848,0.2891,0.2685,0.2801
416,0.2783,0.288,0.2848,0.275,0.2891,0.2804,0.2783,0.2685,0.2739,0.2848,0.2891,0.2685,0.2801
417,0.2783,0.288,0.2848,0.275,0.2891,0.2804,0.2793,0.2696,0.2761,0.2848,0.2891,0.2696,0.2805
418,0.2783,0.288,0.2848,0.275,0.2891,0.2804,0.2793,0.2696,0.2761,0.2848,0.2891,0.2696,0.2805
419,0.2783,0.288,0.2848,0.275,0.2891,0.2804,0.2793,0.2696,0.2761,0.2848,0.2891,0.2696,0.2805
420,0.2783,0.288,0.2848,0.275,0.2891,0.2804,0.2793,0.2696,0.2761,0.2848,0.2891,0.2696,0.2805
421,0.2783,0.288,0.2848,0.275,0.2891,0.2815,0.2793,0.2696,0.2761,0.2848,0.2891,0.2696,0.2807
422,0.2783,0.288,0.2848,0.275,0.2891,0.2815,0.2793,0.2696,0.2761,0.2848,0.2891,0.2696,0.2807
423,0.2783,0.288,0.2848,0.275,0.2891,0.2815,0.2793,0.2696,0.2761,0.2848,0.2891,0.2696,0.2807
424,0.2783,0.288,0.2848,0.275,0.2891,0.2815,0.2793,0.2696,0.2761,0.2848,0.2891,0.2696,0.2807
425,0.2783,0.288,0.2848,0.275,0.2891,0.2815,0.2793,0.2696,0.2761,0.2848,0.2891,0.2696,0.2807
426,0.2783,0.288,0.2848,0.2783,0.2891,0.2815,0.2793,0.2696,0.2761,0.2848,0.2891,0.2696,0.281
427,0.2783,0.288,0.2848,0.2783,0.2891,0.2815,0.2793,0.2696,0.2761,0.2848,0.2891,0.2696,0.281
428,0.2783,0.288,0.2848,0.2783,0.2891,0.2815,0.2793,0.2696,0.2761,0.2848,0.2891,0.2696,0.281
429,0.2783,0.288,0.2848,0.2783,0.2891,0.2815,0.2793,0.2696,0.2761,0.2848,0.2891,0.2696,0.281
430,0.2783,0.288,0.2848,0.2783,0.2891,0.2815,0.2793,0.2696,0.2761,0.2848,0.2891,0.2696,0.281
431,0.2783,0.288,0.2848,0.2783,0.2891,0.2815,0.2793,0.2696,0.2761,0.2848,0.2891,0.2696,0.281
432,0.2783,0.288,0.2848,0.2783,0.2891,0.2815,0.2793,0.2696,0.2761,0.2848,0.2891,0.2696,0.281
433,0.2783,0.288,0.2848,0.2783,0.2891,0.2815,0.2793,0.2696,0.2761,0.2859,0.2891,0.2696,0.2811
434,0.2783,0.288,0.2848,0.2783,0.2891,0.2815,0.2793,0.2696,0.2761,0.2859,0.2891,0.2696,0.2811
435,0.2783,0.288,0.2848,0.2783,0.2891,0.2815,0.2793,0.2696,0.2761,0.2859,0.2891,0.2696,0.2811
436,0.2783,0.288,0.2848,0.2783,0.2891,0.2815,0.2793,0.2696,0.2761,0.2859,0.2891,0.2696,0.2811
437,0.2783,0.288,0.2848,0.2783,0.2891,0.2815,0.2793,0.2696,0.2761,0.2859,0.2891,0.2696,0.2811
438,0.2783,0.288,0.2848,0.2783,0.2891,0.2815,0.2793,0.2696,0.2761,0.2859,0.2891,0.2696,0.2811
439,0.2783,0.288,0.2848,0.2783,0.2891,0.2815,0.2793,0.2696,0.2761,0.2859,0.2891,0.2696,0.2811
440,0.2783,0.288,0.2848,0.2783,0.2891,0.2815,0.2793,0.2696,0.2772,0.2859,0.2891,0.2696,0.2812
441,0.2783,0.288,0.2848,0.2783,0.2891,0.2815,0.2793,0.2696,0.2772,0.2859,0.2891,0.2696,0.2812
442,0.2783,0.288,0.2848,0.2783,0.2891,0.2815,0.2793,0.2696,0.2772,0.2859,0.2891,0.2696,0.2812
443,0.2783,0.288,0.2848,0.2783,0.2891,0.2815,0.2793,0.2696,0.2772,0.2859,0.2891,0.2696,0.2812
444,0.2783,0.288,0.2848,0.2783,0.2891,0.2815,0.2793,0.2696,0.2772,0.2859,0.2891,0.2696,0.2812
445,0.2783,0.288,0.2848,0.2783,0.2891,0.2815,0.2793,0.2696,0.2772,0.2859,0.2891,0.2696,0.2812
446,0.2783,0.288,0.2848,0.2783,0.2891,0.2815,0.2793,0.2696,0.2772,0.2859,0.2891,0.2696,0.2812
447,0.2783,0.288,0.2848,0.2783,0.2891,0.2815,0.2793,0.2696,0.2772,0.2859,0.2891,0.2696,0.2812
448,0.2783,0.288,0.2848,0.2783,0.2891,0.2815,0.2793,0.2696,0.2772,0.2859,0.2891,0.2696,0.2812
449,0.2783,0.288,0.2848,0.2783,0.2891,0.2815,0.2793,0.2696,0.2772,0.2859,0.2891,0.2696,0.2812
450,0.2783,0.288,0.2848,0.2783,0.2891,0.2815,0.2793,0.2696,0.2772,0.2859,0.2891,0.2696,0.2812
451,0.2783,0.288,0.2848,0.2783,0.2891,0.2815,0.2793,0.2696,0.2772,0.2859,0.2891,0.2696,0.2812
452,0.2783,0.288,0.2848,0.2783,0.2891,0.2815,0.2793,0.2696,0.2772,0.2859,0.2891,0.2696,0.2812
453,0.2783,0.288,0.2848,0.2783,0.2891,0.2815,0.2793,0.2696,0.2772,0.2859,0.2891,0.2696,0.2812
454,0.2783,0.288,0.2848,0.2783,0.2891,0.2815,0.2793,0.2696,0.2772,0.2859,0.2891,0.2696,0.2812
455,0.2783,0.288,0.2848,0.2783,0.2891,0.2815,0.2793,0.2696,0.2772,0.2859,0.2891,0.2696,0.2812
456,0.2783,0.288,0.2848,0.2793,0.2891,0.2815,0.2793,0.2696,0.2772,0.2859,0.2891,0.2696,0.2813
457,0.2783,0.288,0.2848,0.2793,0.2891,0.2815,0.2793,0.2696,0.2772,0.2859,0.2891,0.2696,0.2813
458,0.2783,0.288,0.2848,0.2793,0.2891,0.2815,0.2793,0.2696,0.2772,0.2859,0.2891,0.2696,0.2813
459,0.2783,0.288,0.2848,0.2793,0.2891,0.2815,0.2793,0.2696,0.2772,0.2859,0.2891,0.2696,0.2813
460,0.2783,0.288,0.2848,0.2793,0.2891,0.2815,0.2793,0.2717,0.2772,0.2859,0.2891,0.2717,0.2815
461,0.2783,0.288,0.2848,0.2793,0.2891,0.2815,0.2793,0.2717,0.2772,0.2859,0.2891,0.2717,0.2815
462,0.2783,0.288,0.2848,0.2793,0.2891,0.2815,0.2793,0.2717,0.2772,0.2859,0.2891,0.2717,0.2815
463,0.2783,0.288,0.2848,0.2793,0.2891,0.2815,0.2793,0.2717,0.2772,0.2859,0.2891,0.2717,0.2815
464,0.2783,0.288,0.2848,0.2793,0.2891,0.2815,0.2793,0.2717,0.2772,0.2859,0.2891,0.2717,0.2815
465,0.2793,0.288,0.2848,0.2793,0.2891,0.2815,0.2793,0.2717,0.2772,0.2859,0.2891,0.2717,0.2816
466,0.2793,0.288,0.2848,0.2793,0.2891,0.2815,0.2793,0.2717,0.2772,0.2859,0.2891,0.2717,0.2816
467,0.2793,0.288,0.2848,0.2793,0.2891,0.2815,0.2793,0.2717,0.2772,0.2859,0.2891,0.2717,0.2816
468,0.2793,0.288,0.2848,0.2793,0.2891,0.2815,0.2793,0.2717,0.2772,0.2859,0.2891,0.2717,0.2816
469,0.2793,0.288,0.2848,0.2793,0.2891,0.2815,0.2793,0.2717,0.2772,0.2859,0.2891,0.2717,0.2816
470,0.2793,0.288,0.2848,0.2793,0.2891,0.2815,0.2793,0.2717,0.2772,0.2859,0.2891,0.2717,0.2816
471,0.2793,0.288,0.2848,0.2793,0.2891,0.2826,0.2793,0.2717,0.2772,0.2859,0.2891,0.2717,0.2817
472,0.2793,0.288,0.2848,0.2793,0.2891,0.2826,0.2793,0.2717,0.2772,0.2859,0.2891,0.2717,0.2817
473,0.2793,0.288,0.2848,0.2793,0.2891,0.2826,0.2793,0.2717,0.2772,0.2859,0.2891,0.2717,0.2817
474,0.2793,0.288,0.2848,0.2793,0.2891,0.2826,0.2793,0.2717,0.2772,0.2859,0.2891,0.2717,0.2817
475,0.2793,0.288,0.2848,0.2793,0.2891,0.2826,0.2793,0.2717,0.2772,0.287,0.2891,0.2717,0.2818
476,0.2793,0.288,0.2848,0.2793,0.2891,0.2826,0.2793,0.2717,0.2772,0.287,0.2891,0.2717,0.2818
477,0.2793,0.288,0.2848,0.2793,0.2891,0.2826,0.2793,0.2717,0.2772,0.287,0.2891,0.2717,0.2818
478,0.2793,0.288,0.2848,0.2793,0.2935,0.2826,0.2793,0.2717,0.2772,0.287,0.2935,0.2717,0.2823
479,0.2793,0.288,0.2848,0.2793,0.2935,0.2826,0.2793,0.2717,0.2772,0.287,0.2935,0.2717,0.2823
480,0.2793,0.288,0.2848,0.2793,0.2935,0.2826,0.2804,0.2717,0.2772,0.287,0.2935,0.2717,0.2824
481,0.2793,0.288,0.2848,0.2793,0.2935,0.2826,0.2804,0.2717,0.2772,0.287,0.2935,0.2717,0.2824
482,0.2793,0.288,0.2848,0.2793,0.2935,0.2826,0.2804,0.2717,0.2772,0.287,0.2935,0.2717,0.2824
483,0.2793,0.288,0.2848,0.2793,0.2935,0.2826,0.2804,0.2717,0.2772,0.287,0.2935,0.2717,0.2824
484,0.2793,0.288,0.2848,0.2793,0.2935,0.2826,0.2804,0.2717,0.2772,0.287,0.2935,0.2717,0.2824
485,0.2793,0.288,0.2848,0.2793,0.2935,0.2826,0.2804,0.2717,0.2772,0.287,0.2935,0.2717,0.2824
486,0.2793,0.288,0.2848,0.2793,0.2935,0.2826,0.2804,0.2717,0.2772,0.287,0.2935,0.2717,0.2824
487,0.2793,0.288,0.2848,0.2793,0.2935,0.2826,0.2804,0.2717,0.2772,0.287,0.2935,0.2717,0.2824
488,0.2793,0.288,0.2848,0.2793,0.2946,0.2826,0.2804,0.2717,0.2772,0.287,0.2946,0.2717,0.2825
489,0.2793,0.288,0.2848,0.2793,0.2946,0.2826,0.2804,0.2717,0.2772,0.287,0.2946,0.2717,0.2825
490,0.2793,0.288,0.2848,0.2793,0.2946,0.2826,0.2804,0.2717,0.2772,0.287,0.2946,0.2717,0.2825
491,0.2793,0.288,0.2848,0.2793,0.2946,0.2826,0.2804,0.2717,0.2772,0.287,0.2946,0.2717,0.2825
492,0.2793,0.288,0.2848,0.2793,0.2946,0.2826,0.2804,0.2717,0.2772,0.287,0.2946,0.2717,0.2825
493,0.2793,0.288,0.2848,0.2793,0.2946,0.2826,0.2804,0.2717,0.2772,0.287,0.2946,0.2717,0.2825
494,0.2793,0.288,0.2848,0.2804,0.2946,0.2826,0.2804,0.2717,0.2772,0.287,0.2946,0.2717,0.2826
495,0.2793,0.288,0.2848,0.2804,0.2946,0.2826,0.2804,0.2717,0.2772,0.287,0.2946,0.2717,0.2826
496,0.2793,0.288,0.2848,0.2804,0.2946,0.2826,0.2804,0.2717,0.2772,0.287,0.2946,0.2717,0.2826
497,0.2793,0.288,0.2848,0.2804,0.2946,0.2826,0.2804,0.2717,0.2793,0.287,0.2946,0.2717,0.2828
498,0.2793,0.288,0.2848,0.2804,0.2946,0.2826,0.2804,0.2717,0.2793,0.287,0.2946,0.2717,0.2828
499,0.2837,0.288,0.2848,0.2804,0.2946,0.2826,0.2804,0.2717,0.2793,0.287,0.2946,0.2717,0.2833
500,0.2837,0.288,0.2848,0.2804,0.2946,0.2826,0.2804,0.2717,0.2793,0.287,0.2946,0.2717,0.2833
501,0.2837,0.288,0.2848,0.2804,0.2946,0.2826,0.2804,0.2717,0.2793,0.287,0.2946,0.2717,0.2833
502,0.2837,0.288,0.2848,0.2804,0.2946,0.2826,0.2804,0.2717,0.2793,0.287,0.2946,0.2717,0.2833
503,0.2837,0.288,0.2848,0.2804,0.3054,0.2826,0.2804,0.2717,0.2793,0.287,0.3054,0.2717,0.2843
504,0.2837,0.288,0.2848,0.2804,0.3054,0.2826,0.2804,0.2717,0.2793,0.287,0.3054,0.2717,0.2843
505,0.2837,0.288,0.2848,0.2804,0.3054,0.2826,0.2804,0.2717,0.2793,0.287,0.3054,0.2717,0.2843
506,0.2837,0.288,0.2848,0.2804,0.3054,0.2826,0.2804,0.2717,0.2793,0.287,0.3054,0.2717,0.2843
507,0.2837,0.288,0.2848,0.2804,0.3054,0.2826,0.2804,0.2717,0.2793,0.287,0.3054,0.2717,0.2843
508,0.2837,0.288,0.2848,0.2804,0.3054,0.2826,0.2804,0.2717,0.2793,0.287,0.3054,0.2717,0.2843
509,0.2837,0.288,0.2848,0.2804,0.3054,0.2826,0.2804,0.2717,0.2793,0.287,0.3054,0.2717,0.2843
510,0.2837,0.288,0.2848,0.2804,0.3054,0.2826,0.2804,0.2728,0.2793,0.287,0.3054,0.2728,0.2844
511,0.2837,0.288,0.2848,0.2804,0.3054,0.2826,0.2804,0.2728,0.2793,0.287,0.3054,0.2728,0.2844
512,0.2837,0.288,0.2848,0.2804,0.3054,0.2826,0.2804,0.2728,0.2793,0.287,0.3054,0.2728,0.2844
513,0.2837,0.288,0.2848,0.2804,0.3054,0.2826,0.2804,0.2728,0.2793,0.287,0.3054,0.2728,0.2844
514,0.2837,0.288,0.2848,0.2848,0.3054,0.2826,0.2804,0.2728,0.2793,0.287,0.3054,0.2728,0.2849
515,0.2837,0.2913,0.2848,0.2848,0.3054,0.2826,0.2804,0.2728,0.2793,0.287,0.3054,0.2728,0.2852
516,0.2837,0.2913,0.2848,0.2848,0.3054,0.2826,0.2804,0.2728,0.2793,0.287,0.3054,0.2728,0.2852
517,0.2837,0.2913,0.2848,0.2848,0.3054,0.2826,0.2804,0.2728,0.2793,0.287,0.3054,0.2728,0.2852
518,0.2837,0.2913,0.2848,0.2848,0.3054,0.2826,0.2804,0.2728,0.2793,0.287,0.3054,0.2728,0.2852
519,0.2837,0.2913,0.2848,0.2848,0.3054,0.2826,0.2804,0.2728,0.2793,0.287,0.3054,0.2728,0.2852
520,0.2837,0.2913,0.2848,0.2848,0.3054,0.2826,0.2804,0.2728,0.2793,0.287,0.3054,0.2728,0.2852
521,0.2837,0.2913,0.2848,0.2848,0.3054,0.2826,0.2804,0.2728,0.2793,0.287,0.3054,0.2728,0.2852
522,0.2837,0.2913,0.2848,0.2848,0.3054,0.2826,0.2804,0.2728,0.2793,0.287,0.3054,0.2728,0.2852
523,0.2837,0.2913,0.2848,0.2848,0.3054,0.2826,0.2804,0.2728,0.2793,0.287,0.3054,0.2728,0.2852
524,0.2837,0.2913,0.2848,0.2848,0.3054,0.2826,0.2804,0.2728,0.2793,0.287,0.3054,0.2728,0.2852
525,0.2837,0.2913,0.2848,0.2848,0.3054,0.2826,0.2804,0.2739,0.2793,0.287,0.3054,0.2739,0.2853
526,0.2837,0.2913,0.2848,0.2848,0.3054,0.2826,0.2804,0.2739,0.2793,0.287,0.3054,0.2739,0.2853
527,0.2837,0.2913,0.2848,0.2848,0.3054,0.2826,0.2804,0.2739,0.2793,0.287,0.3054,0.2739,0.2853
528,0.2837,0.2913,0.2848,0.2848,0.3054,0.2826,0.2804,0.2739,0.2793,0.287,0.3054,0.2739,0.2853
529,0.2837,0.2913,0.2848,0.2848,0.3065,0.2826,0.2804,0.2739,0.2793,0.287,0.3065,0.2739,0.2854
530,0.2837,0.2913,0.2848,0.2848,0.3065,0.2826,0.2804,0.2739,0.2793,0.287,0.3065,0.2739,0.2854
531,0.2837,0.2913,0.2848,0.2848,0.3065,0.2826,0.2804,0.2739,0.2793,0.287,0.3065,0.2739,0.2854
532,0.2837,0.2913,0.2848,0.2848,0.3065,0.2826,0.2804,0.2739,0.2793,0.287,0.3065,0.2739,0.2854
533,0.2837,0.2913,0.2848,0.2848,0.3065,0.2826,0.2804,0.2739,0.2793,0.287,0.3065,0.2739,0.2854
534,0.2837,0.2913,0.2848,0.2848,0.3065,0.2826,0.2804,0.2739,0.2793,0.287,0.3065,0.2739,0.2854
535,0.2837,0.2913,0.2848,0.2848,0.3065,0.2826,0.2804,0.2739,0.2793,0.287,0.3065,0.2739,0.2854
536,0.2837,0.2913,0.2848,0.2848,0.3065,0.2826,0.2804,0.2739,0.2793,0.287,0.3065,0.2739,0.2854
537,0.2837,0.2913,0.2848,0.2848,0.3065,0.2826,0.2804,0.2739,0.2793,0.287,0.3065,0.2739,0.2854
538,0.2837,0.2913,0.2848,0.2848,0.3065,0.2826,0.2804,0.2739,0.2793,0.287,0.3065,0.2739,0.2854
539,0.2837,0.2913,0.2848,0.2848,0.3065,0.2826,0.2804,0.2739,0.2793,0.287,0.3065,0.2739,0.2854
540,0.2837,0.2913,0.2848,0.2848,0.3065,0.2826,0.2804,0.2739,0.2793,0.287,0.3065,0.2739,0.2854
541,0.2837,0.2913,0.2848,0.2848,0.3261,0.2826,0.2804,0.2739,0.2793,0.287,0.3261,0.2739,0.2874
542,0.2837,0.2913,0.2848,0.2848,0.3261,0.2826,0.2804,0.2783,0.2793,0.287,0.3261,0.2783,0.2878
543,0.2837,0.2913,0.2848,0.2848,0.3261,0.2826,0.2804,0.2783,0.2793,0.287,0.3261,0.2783,0.2878
544,0.2837,0.2913,0.2848,0.2848,0.3261,0.2826,0.2804,0.2783,0.2793,0.287,0.3261,0.2783,0.2878
545,0.2837,0.2913,0.2848,0.2848,0.3261,0.2826,0.2804,0.2783,0.2793,0.287,0.3261,0.2783,0.2878
546,0.2837,0.2913,0.2848,0.2848,0.3272,0.2826,0.2804,0.2783,0.2793,0.287,0.3272,0.2783,0.2879
547,0.2837,0.2913,0.2848,0.2848,0.3272,0.2826,0.2804,0.2783,0.2793,0.287,0.3272,0.2783,0.2879
548,0.2837,0.2913,0.2848,0.2848,0.3272,0.2826,0.2804,0.2783,0.2793,0.287,0.3272,0.2783,0.2879
549,0.2837,0.2913,0.2848,0.2848,0.3272,0.2826,0.2804,0.2783,0.2793,0.287,0.3272,0.2783,0.2879
550,0.2837,0.2913,0.2848,0.2848,0.3272,0.2826,0.2804,0.2783,0.2793,0.287,0.3272,0.2783,0.2879
551,0.2837,0.2913,0.2848,0.2848,0.3272,0.2826,0.2804,0.2783,0.2793,0.287,0.3272,0.2783,0.2879
552,0.2837,0.2913,0.2848,0.2848,0.3272,0.2826,0.2804,0.2783,0.2793,0.287,0.3272,0.2783,0.2879
553,0.2837,0.2913,0.2848,0.2848,0.3272,0.2826,0.2804,0.2783,0.2793,0.287,0.3272,0.2783,0.2879
554,0.2837,0.2913,0.2848,0.2848,0.3272,0.2826,0.2804,0.2783,0.2793,0.287,0.3272,0.2783,0.2879
555,0.2837,0.2913,0.2848,0.2848,0.3272,0.2826,0.2804,0.2783,0.2793,0.287,0.3272,0.2783,0.2879
556,0.2837,0.2913,0.2848,0.2848,0.3272,0.2826,0.2804,0.2783,0.2793,0.287,0.3272,0.2783,0.2879
557,0.2837,0.2913,0.2848,0.2848,0.3272,0.2826,0.2804,0.2783,0.2793,0.287,0.3272,0.2783,0.2879
558,0.2837,0.2913,0.2848,0.2848,0.3272,0.2826,0.2804,0.2783,0.2793,0.287,0.3272,0.2783,0.2879
559,0.2837,0.2913,0.2848,0.2848,0.3272,0.2826,0.2804,0.2783,0.2793,0.287,0.3272,0.2783,0.2879
560,0.2837,0.2913,0.2848,0.2848,0.3272,0.2826,0.2804,0.2783,0.2793,0.287,0.3272,0.2783,0.2879
561,0.2837,0.2913,0.2848,0.2848,0.3272,0.2826,0.2804,0.2783,0.2793,0.287,0.3272,0.2783,0.2879
562,0.2837,0.2913,0.2848,0.2848,0.3272,0.2826,0.2804,0.2783,0.2793,0.287,0.3272,0.2783,0.2879
563,0.2837,0.2913,0.2848,0.2848,0.3272,0.2826,0.2804,0.2783,0.2793,0.287,0.3272,0.2783,0.2879
564,0.2837,0.2913,0.2848,0.2848,0.3272,0.2826,0.2804,0.2783,0.2793,0.287,0.3272,0.2783,0.2879
565,0.2837,0.2913,0.2848,0.2848,0.3272,0.2826,0.2804,0.2783,0.2793,0.287,0.3272,0.2783,0.2879
566,0.2837,0.2913,0.2848,0.2848,0.3272,0.2826,0.2804,0.2783,0.2793,0.287,0.3272,0.2783,0.2879
567,0.2837,0.2913,0.2848,0.2848,0.3272,0.2826,0.2804,0.2783,0.2793,0.287,0.3272,0.2783,0.2879
568,0.2837,0.2913,0.2848,0.2848,0.3272,0.2826,0.2804,0.2783,0.2793,0.287,0.3272,0.2783,0.2879
569,0.2837,0.2913,0.2848,0.2848,0.3272,0.2826,0.2804,0.2783,0.2793,0.287,0.3272,0.2783,0.2879
570,0.2837,0.2913,0.2848,0.2848,0.3272,0.2826,0.2804,0.2783,0.2793,0.287,0.3272,0.2783,0.2879
571,0.2837,0.2913,0.2848,0.2848,0.3272,0.2826,0.2804,0.2783,0.2793,0.287,0.3272,0.2783,0.2879
572,0.2837,0.2913,0.2848,0.2848,0.3272,0.2826,0.2804,0.2783,0.2793,0.287,0.3272,0.2783,0.2879
573,0.2837,0.2913,0.2848,0.2848,0.3272,0.2826,0.2815,0.2783,0.2793,0.287,0.3272,0.2783,0.288
574,0.2837,0.2913,0.2848,0.2848,0.3272,0.2826,0.2815,0.2783,0.2793,0.287,0.3272,0.2783,0.288
575,0.2837,0.2913,0.2848,0.2848,0.3272,0.2826,0.2815,0.2783,0.2793,0.287,0.3272,0.2783,0.288
576,0.2837,0.2913,0.2848,0.2848,0.3272,0.2826,0.2815,0.2783,0.2793,0.287,0.3272,0.2783,0.288
577,0.2837,0.2913,0.2848,0.2848,0.3272,0.2826,0.2815,0.2783,0.2793,0.287,0.3272,0.2783,0.288
578,0.2837,0.2913,0.2848,0.2848,0.3272,0.2826,0.2815,0.2783,0.2793,0.287,0.3272,0.2783,0.288
579,0.2837,0.2913,0.2848,0.2848,0.3272,0.2826,0.2815,0.2783,0.2793,0.287,0.3272,0.2783,0.288
580,0.2837,0.2913,0.2848,0.2848,0.3272,0.2826,0.2815,0.2783,0.2793,0.287,0.3272,0.2783,0.288
581,0.2837,0.2913,0.2848,0.2848,0.3272,0.2826,0.2815,0.2783,0.2793,0.287,0.3272,0.2783,0.288
582,0.2837,0.2913,0.2848,0.2848,0.3272,0.2826,0.2815,0.2783,0.2793,0.287,0.3272,0.2783,0.288
583,0.2837,0.2913,0.2848,0.2848,0.3272,0.2826,0.2815,0.2783,0.2793,0.287,0.3272,0.2783,0.288
584,0.2837,0.2913,0.2848,0.2848,0.3272,0.2826,0.2815,0.2783,0.2793,0.287,0.3272,0.2783,0.288
585,0.2837,0.2924,0.2848,0.2848,0.3272,0.2826,0.2815,0.2783,0.2793,0.287,0.3272,0.2783,0.2882
586,0.2837,0.2924,0.2848,0.2848,0.3272,0.2826,0.2815,0.2783,0.2793,0.287,0.3272,0.2783,0.2882
587,0.2837,0.2924,0.2848,0.2848,0.3272,0.2826,0.2815,0.2783,0.2793,0.287,0.3272,0.2783,0.2882
588,0.2837,0.2924,0.2848,0.2848,0.3272,0.2826,0.2815,0.2783,0.2793,0.287,0.3272,0.2783,0.2882
589,0.2837,0.2924,0.2848,0.2848,0.3272,0.2826,0.2815,0.2783,0.2793,0.287,0.3272,0.2783,0.2882
590,0.2837,0.2924,0.2848,0.2848,0.3272,0.2826,0.2815,0.2783,0.2793,0.287,0.3272,0.2783,0.2882
591,0.2837,0.2924,0.2848,0.2848,0.3272,0.2826,0.2815,0.2783,0.2793,0.287,0.3272,0.2783,0.2882
592,0.2837,0.2924,0.2848,0.2848,0.3272,0.2826,0.2815,0.2783,0.2793,0.287,0.3272,0.2783,0.2882
593,0.2837,0.2924,0.2848,0.2848,0.3272,0.2826,0.2815,0.2783,0.2793,0.287,0.3272,0.2783,0.2882
594,0.2837,0.2924,0.2848,0.2848,0.3272,0.2826,0.2815,0.2783,0.2793,0.287,0.3272,0.2783,0.2882
595,0.2837,0.2924,0.2848,0.2848,0.3272,0.2826,0.2815,0.2783,0.2793,0.287,0.3272,0.2783,0.2882
596,0.2837,0.2924,0.2848,0.2848,0.3272,0.2826,0.2815,0.2783,0.2793,0.287,0.3272,0.2783,0.2882
597,0.2837,0.2924,0.2848,0.2848,0.3272,0.2826,0.2815,0.2783,0.2793,0.287,0.3272,0.2783,0.2882
598,0.2837,0.2924,0.2848,0.2848,0.3272,0.2826,0.2815,0.2783,0.2793,0.287,0.3272,0.2783,0.2882
599,0.2837,0.2924,0.2848,0.2859,0.3272,0.2826,0.2815,0.2783,0.2793,0.287,0.3272,0.2783,0.2883
600,0.2837,0.2924,0.2848,0.2859,0.3272,0.2826,0.2815,0.2783,0.2793,0.287,0.3272,0.2783,0.2883
601,0.2837,0.2924,0.2848,0.2859,0.3272,0.2826,0.2815,0.2783,0.2793,0.287,0.3272,0.2783,0.2883
602,0.2837,0.2924,0.2848,0.2859,0.3272,0.2826,0.2815,0.2783,0.2793,0.287,0.3272,0.2783,0.2883
603,0.2837,0.2924,0.2848,0.2859,0.3272,0.2826,0.2815,0.2783,0.2793,0.287,0.3272,0.2783,0.2883
604,0.2837,0.2924,0.2848,0.2859,0.3272,0.2826,0.2815,0.2783,0.2793,0.287,0.3272,0.2783,0.2883
605,0.2837,0.2924,0.2848,0.2859,0.3272,0.2826,0.2815,0.2783,0.2793,0.287,0.3272,0.2783,0.2883
606,0.2837,0.2924,0.2848,0.2859,0.3272,0.2826,0.2826,0.2783,0.2793,0.287,0.3272,0.2783,0.2884
607,0.2837,0.2924,0.2848,0.2859,0.3272,0.2826,0.2826,0.2783,0.2793,0.287,0.3272,0.2783,0.2884
608,0.2837,0.2924,0.2848,0.2859,0.3272,0.2826,0.2826,0.2783,0.2793,0.287,0.3272,0.2783,0.2884
609,0.2837,0.2924,0.2848,0.2859,0.3272,0.2826,0.2826,0.2783,0.2793,0.287,0.3272,0.2783,0.2884
1209,0.2989,0.312,0.2978,0.3011,0.3587,0.3087,0.2946,0.287,0.2859,0.2913,0.3587,0.2859,0.3036
1809,0.313,0.313,0.3098,0.3098,0.3859,0.3087,0.3304,0.2924,0.2924,0.2946,0.3859,0.2924,0.315
2409,0.313,0.3478,0.3402,0.3098,0.4011,0.3098,0.3315,0.3,0.2989,0.3043,0.4011,0.2989,0.3256
3009,0.313,0.3576,0.3489,0.3141,0.4163,0.3098,0.3511,0.3109,0.2989,0.3185,0.4163,0.2989,0.3339
3609,0.3337,0.3739,0.3533,0.3337,0.4207,0.3315,0.3707,0.3109,0.313,0.3185,0.4207,0.3109,0.346
4209,0.3337,0.3739,0.375,0.3424,0.425,0.3315,0.3913,0.3109,0.3141,0.3185,0.425,0.3109,0.3516
4809,0.337,0.3783,0.3859,0.3489,0.4272,0.338,0.4011,0.3109,0.3141,0.3185,0.4272,0.3109,0.356
5409,0.337,0.3837,0.3913,0.3576,0.4641,0.3489,0.4609,0.3109,0.3141,0.3196,0.4641,0.3109,0.3688
6009,0.3424,0.4043,0.3978,0.363,0.4717,0.3576,0.463,0.3109,0.3152,0.3196,0.4717,0.3109,0.3745
6609,0.3489,0.4163,0.4098,0.3717,0.4728,0.3728,0.4663,0.3109,0.3152,0.3196,0.4728,0.3109,0.3804
7209,0.3739,0.4196,0.4109,0.375,0.4728,0.375,0.4685,0.3304,0.3359,0.3196,0.4728,0.3196,0.3882
7809,0.3902,0.4217,0.4185,0.3761,0.4728,0.387,0.4739,0.3304,0.338,0.3196,0.4739,0.3196,0.3928
8409,0.3924,0.4283,0.4598,0.3772,0.475,0.4065,0.4783,0.3315,0.3554,0.3196,0.4783,0.3196,0.4024
9009,0.4076,0.4467,0.4641,0.3772,0.475,0.413,0.4783,0.3315,0.3641,0.3196,0.4783,0.3196,0.4077
9609,0.4152,0.4467,0.4685,0.3793,0.475,0.4152,0.4793,0.3402,0.3685,0.3196,0.4793,0.3196,0.4108
10209,0.4163,0.4467,0.4707,0.3913,0.475,0.4217,0.4793,0.3489,0.3739,0.3402,0.4793,0.3402,0.4164
10809,0.4163,0.4707,0.4739,0.3913,0.4761,0.4217,0.4837,0.3554,0.375,0.3402,0.4837,0.3402,0.4204
11409,0.4163,0.4739,0.4761,0.3913,0.4761,0.4217,0.4837,0.3576,0.3848,0.3413,0.4837,0.3413,0.4223
12009,0.4228,0.4793,0.4761,0.3957,0.4793,0.4217,0.4837,0.3576,0.3913,0.3467,0.4837,0.3467,0.4254
12609,0.425,0.4815,0.4772,0.3967,0.4793,0.4217,0.4837,0.3598,0.4511,0.3478,0.4837,0.3478,0.4324
13209,0.4261,0.4815,0.4772,0.4011,0.4793,0.4228,0.487,0.3609,0.4533,0.35,0.487,0.35,0.4339
13809,0.4272,0.4826,0.4815,0.4054,0.4793,0.4228,0.487,0.3717,0.4533,0.3511,0.487,0.3511,0.4362
13810,0.4272,0.4826,0.4815,0.4054,0.4793,0.4228,0.487,0.3717,0.463,0.3511,0.487,0.3511,0.4372
14409,0.4272,0.4837,0.4815,0.4141,0.4793,0.4228,0.487,0.375,0.463,0.3511,0.487,0.3511,0.4385
14410,0.4272,0.4837,0.4815,0.4141,0.4793,0.4228,0.487,0.375,0.4696,0.3533,0.487,0.3533,0.4394
15009,0.4272,0.4837,0.4815,0.4141,0.4793,0.4239,0.4957,0.3772,0.4696,0.3533,0.4957,0.3533,0.4405
15010,0.4272,0.4837,0.4815,0.4185,0.4793,0.4239,0.4957,0.3772,0.4717,0.3533,0.4957,0.3533,0.4412
15609,0.4293,0.4859,0.4815,0.4185,0.4804,0.4272,0.4967,0.3815,0.4717,0.3533,0.4967,0.3533,0.4426
15610,0.4293,0.4859,0.4815,0.4185,0.4804,0.4272,0.4967,0.3815,0.4728,0.3576,0.4967,0.3576,0.4431
16209,0.463,0.4859,0.4815,0.4185,0.4804,0.4304,0.4967,0.3815,0.4728,0.3576,0.4967,0.3576,0.4468
16210,0.463,0.4859,0.4815,0.4185,0.4804,0.4304,0.4967,0.3815,0.4728,0.3598,0.4967,0.3598,0.4471
16809,0.4717,0.4859,0.4815,0.4185,0.4804,0.4348,0.4967,0.3815,0.4728,0.3598,0.4967,0.3598,0.4484
16810,0.4717,0.4859,0.4815,0.4228,0.4804,0.4348,0.4967,0.3815,0.4728,0.362,0.4967,0.362,0.449
17409,0.4783,0.4967,0.4815,0.4228,0.4804,0.4348,0.4967,0.3913,0.4728,0.362,0.4967,0.362,0.4517
17410,0.4783,0.4967,0.4815,0.4228,0.4804,0.4348,0.4967,0.3913,0.4728,0.3739,0.4967,0.3739,0.4529
18009,0.4826,0.4967,0.4815,0.4228,0.4804,0.4348,0.4967,0.3913,0.4728,0.3739,0.4967,0.3739,0.4534
18010,0.4826,0.4967,0.4815,0.4228,0.4804,0.4348,0.4967,0.3913,0.4772,0.3793,0.4967,0.3793,0.4543
18609,0.4826,0.4967,0.4815,0.4228,0.4804,0.4348,0.4967,0.3935,0.4772,0.3793,0.4967,0.3793,0.4545
18610,0.4826,0.4967,0.4815,0.4228,0.4804,0.4348,0.4967,0.3935,0.4772,0.3815,0.4967,0.3815,0.4548
19209,0.4859,0.5,0.4815,0.4228,0.4804,0.4348,0.4989,0.3935,0.4772,0.3815,0.5,0.3815,0.4556
19210,0.4859,0.5,0.4815,0.4228,0.4804,0.4348,0.4989,0.3935,0.4783,0.3815,0.5,0.3815,0.4558
19809,0.4957,0.5,0.4815,0.4228,0.4804,0.4348,0.4989,0.3935,0.4783,0.3815,0.5,0.3815,0.4567
19810,0.4957,0.5,0.4826,0.425,0.4848,0.4348,0.4989,0.4022,0.4804,0.3837,0.5,0.3837,0.4588
20409,0.4957,0.5,0.4826,0.425,0.4848,0.4348,0.4989,0.4022,0.4804,0.3837,0.5,0.3837,0.4588
20410,0.4957,0.5,0.4826,0.425,0.4848,0.4348,0.5033,0.4065,0.4815,0.3837,0.5033,0.3837,0.4598
21009,0.4978,0.5,0.4826,0.425,0.4848,0.4348,0.5033,0.4065,0.4815,0.3837,0.5033,0.3837,0.46
21010,0.4978,0.5,0.4848,0.425,0.4848,0.4739,0.5087,0.4087,0.4815,0.388,0.5087,0.388,0.4653
21609,0.4978,0.5,0.4848,0.425,0.4848,0.4739,0.5087,0.4087,0.4815,0.388,0.5087,0.388,0.4653
21610,0.4978,0.5,0.4848,0.4272,0.4848,0.4772,0.5087,0.413,0.4815,0.3891,0.5087,0.3891,0.4664
22209,0.4978,0.5,0.4848,0.4272,0.4848,0.4772,0.5087,0.413,0.4815,0.3891,0.5087,0.3891,0.4664
22210,0.4978,0.5,0.4848,0.4283,0.4848,0.4783,0.5087,0.4174,0.4859,0.3891,0.5087,0.3891,0.4675
22810,0.4978,0.5054,0.4848,0.4283,0.4848,0.4826,0.5087,0.4217,0.488,0.3891,0.5087,0.3891,0.4691
23410,0.4978,0.5054,0.4848,0.4283,0.4848,0.487,0.5087,0.4217,0.4902,0.3913,0.5087,0.3913,0.47
24010,0.4989,0.5054,0.4848,0.4283,0.4848,0.487,0.5087,0.4261,0.4924,0.3913,0.5087,0.3913,0.4708
24610,0.4989,0.5087,0.4848,0.4283,0.4848,0.487,0.5087,0.4272,0.4924,0.3913,0.5087,0.3913,0.4712
25210,0.4989,0.5087,0.4848,0.4283,0.4848,0.487,0.5087,0.4272,0.4946,0.3913,0.5087,0.3913,0.4714
25810,0.5011,0.5087,0.4848,0.4304,0.4848,0.488,0.5087,0.4283,0.4957,0.3913,0.5087,0.3913,0.4722
26410,0.5011,0.5087,0.4848,0.4315,0.487,0.488,0.5087,0.4283,0.4957,0.3913,0.5087,0.3913,0.4725
26411,0.5011,0.5087,0.4848,0.4315,0.487,0.488,0.5087,0.4283,0.4957,0.3913,0.5087,0.3913,0.4725
27010,0.5011,0.5141,0.4891,0.4728,0.487,0.488,0.5087,0.4641,0.4957,0.3913,0.5141,0.3913,0.4812
27011,0.5011,0.5141,0.4891,0.4728,0.487,0.488,0.5087,0.4641,0.4978,0.3913,0.5141,0.3913,0.4814
27610,0.5011,0.5141,0.4891,0.4783,0.487,0.488,0.5087,0.4641,0.4978,0.3913,0.5141,0.3913,0.482
27611,0.5011,0.5141,0.4891,0.4783,0.487,0.488,0.5087,0.4641,0.4978,0.3913,0.5141,0.3913,0.482
28210,0.5011,0.5141,0.4891,0.4793,0.487,0.488,0.5087,0.4641,0.4978,0.3913,0.5141,0.3913,0.4821
28211,0.5011,0.5141,0.4891,0.4793,0.487,0.488,0.5087,0.4641,0.5,0.3913,0.5141,0.3913,0.4823
28810,0.5033,0.5141,0.4891,0.4804,0.487,0.488,0.5087,0.4674,0.5,0.3913,0.5141,0.3913,0.4829
28811,0.5033,0.5141,0.4891,0.4804,0.487,0.488,0.5087,0.4674,0.5,0.3913,0.5141,0.3913,0.4829
29410,0.5033,0.5152,0.4902,0.4859,0.487,0.488,0.5087,0.487,0.5,0.3924,0.5152,0.3924,0.4858
29411,0.5033,0.5152,0.4902,0.4859,0.487,0.488,0.5087,0.487,0.5,0.3924,0.5152,0.3924,0.4858
30010,0.5033,0.5152,0.4902,0.487,0.487,0.488,0.5087,0.488,0.5,0.3967,0.5152,0.3967,0.4864
30011,0.5033,0.5152,0.4902,0.487,0.487,0.488,0.5087,0.488,0.5,0.3967,0.5152,0.3967,0.4864
30610,0.5033,0.5217,0.4902,0.4891,0.487,0.488,0.5098,0.4891,0.5,0.3967,0.5217,0.3967,0.4875
30611,0.5033,0.5217,0.4902,0.4891,0.487,0.488,0.5098,0.4891,0.5,0.3967,0.5217,0.3967,0.4875
31210,0.5033,0.5217,0.4902,0.4891,0.487,0.488,0.5098,0.4924,0.5,0.3967,0.5217,0.3967,0.4878
31211,0.5033,0.5217,0.4902,0.4891,0.487,0.488,0.5098,0.4924,0.5033,0.3967,0.5217,0.3967,0.4881
31810,0.5033,0.5228,0.4902,0.4891,0.4902,0.488,0.5098,0.4935,0.5033,0.3967,0.5228,0.3967,0.4887
31811,0.5033,0.5228,0.4902,0.4957,0.4902,0.488,0.5098,0.4935,0.5033,0.3967,0.5228,0.3967,0.4894
32410,0.5033,0.5228,0.4902,0.4957,0.4902,0.488,0.5098,0.4935,0.5033,0.3989,0.5228,0.3989,0.4896
32411,0.5033,0.5228,0.4902,0.4978,0.4902,0.488,0.5098,0.4935,0.5141,0.3989,0.5228,0.3989,0.4909
33010,0.5033,0.5228,0.4902,0.4978,0.4902,0.488,0.5098,0.4935,0.5141,0.4087,0.5228,0.4087,0.4918
33011,0.5033,0.5228,0.4902,0.5,0.4902,0.488,0.5098,0.4935,0.5152,0.4087,0.5228,0.4087,0.4922
33610,0.5033,0.5228,0.4946,0.5,0.4902,0.488,0.5098,0.4946,0.5152,0.4109,0.5228,0.4109,0.4929
33611,0.5033,0.5228,0.4946,0.5,0.4902,0.488,0.5098,0.4946,0.5163,0.4109,0.5228,0.4109,0.4931
34210,0.5033,0.5228,0.4946,0.5,0.4902,0.488,0.5098,0.4946,0.5163,0.4109,0.5228,0.4109,0.4931
34211,0.5033,0.5228,0.4946,0.5,0.4902,0.488,0.5098,0.4946,0.5163,0.413,0.5228,0.413,0.4933
34810,0.5033,0.5228,0.4946,0.5,0.4957,0.488,0.5098,0.4946,0.5163,0.413,0.5228,0.413,0.4938
34811,0.5033,0.5228,0.4946,0.5,0.4957,0.488,0.5098,0.4946,0.5163,0.4174,0.5228,0.4174,0.4942
35410,0.5033,0.5228,0.4946,0.5,0.4989,0.488,0.5109,0.4946,0.5163,0.4174,0.5228,0.4174,0.4947
35411,0.5033,0.5228,0.5,0.5,0.4989,0.488,0.5109,0.4946,0.5163,0.4174,0.5228,0.4174,0.4952
36010,0.5033,0.5228,0.5,0.5,0.4989,0.488,0.5109,0.4946,0.5163,0.4174,0.5228,0.4174,0.4952
36011,0.5033,0.5228,0.5,0.5,0.4989,0.488,0.5109,0.4946,0.5207,0.4174,0.5228,0.4174,0.4957
36610,0.5033,0.5228,0.5,0.5,0.4989,0.488,0.5141,0.4946,0.5207,0.4174,0.5228,0.4174,0.496
36611,0.5033,0.5228,0.5,0.5011,0.4989,0.488,0.5141,0.4946,0.5261,0.45,0.5261,0.45,0.4999
37210,0.5033,0.5228,0.5,0.5011,0.4989,0.488,0.5141,0.4946,0.5261,0.45,0.5261,0.45,0.4999
37211,0.5033,0.5228,0.5,0.5087,0.4989,0.488,0.5141,0.4946,0.5272,0.4609,0.5272,0.4609,0.5018
37810,0.5033,0.5228,0.5,0.5087,0.4989,0.488,0.5141,0.4946,0.5272,0.4609,0.5272,0.4609,0.5018
37811,0.5033,0.5228,0.5043,0.5087,0.4989,0.488,0.5141,0.4946,0.5304,0.4609,0.5304,0.4609,0.5026
38410,0.5043,0.5228,0.5043,0.5087,0.4989,0.488,0.5141,0.4946,0.5304,0.4609,0.5304,0.4609,0.5027
38411,0.5043,0.5228,0.5043,0.5087,0.4989,0.488,0.5141,0.4946,0.5304,0.4609,0.5304,0.4609,0.5027
39010,0.5043,0.5228,0.5043,0.5087,0.4989,0.488,0.5141,0.4946,0.5304,0.4609,0.5304,0.4609,0.5027
39011,0.5043,0.5228,0.5228,0.5087,0.4989,0.488,0.5141,0.4989,0.5304,0.462,0.5304,0.462,0.5051
39610,0.5043,0.5228,0.5228,0.5087,0.4989,0.488,0.5141,0.4989,0.5304,0.462,0.5304,0.462,0.5051
39611,0.5043,0.5228,0.5228,0.5087,0.4989,0.488,0.5141,0.4989,0.5304,0.463,0.5304,0.463,0.5052
40210,0.5043,0.5228,0.5228,0.5087,0.4989,0.488,0.5141,0.4989,0.5304,0.463,0.5304,0.463,0.5052
40211,0.5043,0.5228,0.525,0.5087,0.4989,0.488,0.5141,0.4989,0.5304,0.4707,0.5304,0.4707,0.5062
40810,0.5043,0.5228,0.525,0.5087,0.4989,0.488,0.5141,0.4989,0.5304,0.4707,0.5304,0.4707,0.5062
40811,0.5043,0.5228,0.525,0.5109,0.4989,0.488,0.5141,0.4989,0.5304,0.4707,0.5304,0.4707,0.5064
41410,0.5043,0.5228,0.525,0.5109,0.4989,0.488,0.5141,0.4989,0.5304,0.4707,0.5304,0.4707,0.5064
41411,0.5043,0.5228,0.5283,0.5109,0.4989,0.488,0.5141,0.4989,0.5304,0.4717,0.5304,0.4717,0.5068
42010,0.5043,0.5228,0.5283,0.5109,0.4989,0.488,0.5141,0.4989,0.5304,0.4717,0.5304,0.4717,0.5068
42011,0.5043,0.5239,0.5283,0.5109,0.4989,0.488,0.5152,0.4989,0.5304,0.4783,0.5304,0.4783,0.5077
42610,0.5043,0.5239,0.5283,0.5109,0.4989,0.488,0.5152,0.4989,0.5304,0.4783,0.5304,0.4783,0.5077
42611,0.5043,0.5239,0.5293,0.5109,0.4989,0.488,0.5152,0.4989,0.5304,0.4815,0.5304,0.4815,0.5081
43211,0.5043,0.5239,0.5293,0.512,0.4989,0.488,0.5152,0.5011,0.5304,0.4837,0.5304,0.4837,0.5087
43811,0.5043,0.5239,0.5293,0.512,0.4989,0.488,0.5152,0.5011,0.5304,0.4837,0.5304,0.4837,0.5087
44411,0.5043,0.5239,0.5293,0.512,0.4989,0.488,0.5152,0.5011,0.5304,0.4837,0.5304,0.4837,0.5087
45011,0.5043,0.5239,0.5293,0.513,0.4989,0.488,0.5152,0.5011,0.5304,0.488,0.5304,0.488,0.5092
45611,0.5043,0.5239,0.5293,0.513,0.4989,0.488,0.5152,0.5011,0.5304,0.488,0.5304,0.488,0.5092
46211,0.5087,0.5239,0.5293,0.513,0.4989,0.488,0.5152,0.5022,0.5304,0.488,0.5304,0.488,0.5098
46811,0.5087,0.5239,0.5304,0.513,0.4989,0.488,0.5239,0.5022,0.5359,0.488,0.5359,0.488,0.5113
47411,0.5087,0.5239,0.5315,0.513,0.4989,0.488,0.5239,0.5022,0.5359,0.488,0.5359,0.488,0.5114
47412,0.5087,0.5239,0.5315,0.5163,0.4989,0.488,0.5239,0.5022,0.5359,0.488,0.5359,0.488,0.5117
48011,0.5087,0.5239,0.5315,0.5163,0.4989,0.488,0.5239,0.5022,0.5359,0.488,0.5359,0.488,0.5117
48012,0.5087,0.5239,0.5315,0.5185,0.4989,0.488,0.5239,0.5087,0.5359,0.488,0.5359,0.488,0.5126
48611,0.5098,0.5239,0.5315,0.5185,0.4989,0.488,0.5239,0.5087,0.5359,0.488,0.5359,0.488,0.5127
48612,0.5098,0.5239,0.5315,0.5185,0.4989,0.488,0.5239,0.5087,0.5359,0.488,0.5359,0.488,0.5127
49211,0.5098,0.5239,0.5315,0.5185,0.4989,0.488,0.525,0.5087,0.5359,0.4924,0.5359,0.488,0.5133
49212,0.5098,0.5239,0.5315,0.5185,0.4989,0.488,0.525,0.5087,0.5359,0.4924,0.5359,0.488,0.5133
49811,0.5098,0.5239,0.5315,0.5185,0.4989,0.488,0.525,0.5087,0.5359,0.4924,0.5359,0.488,0.5133
49812,0.5098,0.5239,0.5315,0.5185,0.4989,0.488,0.525,0.5087,0.5359,0.4924,0.5359,0.488,0.5133
50411,0.5098,0.5239,0.5315,0.5185,0.4989,0.488,0.525,0.5087,0.5359,0.4924,0.5359,0.488,0.5133
50412,0.5098,0.5239,0.5315,0.5185,0.4989,0.488,0.525,0.5087,0.5359,0.4924,0.5359,0.488,0.5133
51011,0.5098,0.5239,0.5315,0.5185,0.4989,0.488,0.525,0.5087,0.5359,0.4924,0.5359,0.488,0.5133
51012,0.5098,0.5239,0.5315,0.5185,0.4989,0.488,0.525,0.5087,0.5359,0.4924,0.5359,0.488,0.5133
51611,0.5098,0.5239,0.5315,0.5185,0.4989,0.488,0.525,0.5087,0.5359,0.4924,0.5359,0.488,0.5133
51612,0.5098,0.525,0.5315,0.5185,0.5098,0.488,0.525,0.5087,0.5359,0.4924,0.5359,0.488,0.5145
52211,0.5098,0.525,0.5315,0.5185,0.5098,0.488,0.525,0.5087,0.5359,0.4924,0.5359,0.488,0.5145
52212,0.5098,0.525,0.5315,0.5185,0.5098,0.488,0.525,0.5087,0.5359,0.4924,0.5359,0.488,0.5145
52811,0.512,0.525,0.5315,0.5185,0.5098,0.488,0.525,0.5087,0.5359,0.4924,0.5359,0.488,0.5147
52812,0.512,0.525,0.5315,0.5185,0.5098,0.488,0.525,0.5087,0.5359,0.4946,0.5359,0.488,0.5149
53411,0.512,0.525,0.5315,0.5185,0.5098,0.488,0.525,0.5087,0.5359,0.4946,0.5359,0.488,0.5149
53412,0.512,0.525,0.5326,0.5185,0.5098,0.488,0.525,0.5087,0.5359,0.4946,0.5359,0.488,0.515
54011,0.512,0.525,0.5326,0.5185,0.5098,0.4891,0.525,0.5087,0.5359,0.4946,0.5359,0.4891,0.5151
54012,0.512,0.525,0.5326,0.5185,0.5098,0.4891,0.525,0.5087,0.5359,0.4946,0.5359,0.4891,0.5151
54611,0.512,0.525,0.5326,0.5185,0.5098,0.4891,0.525,0.5087,0.5359,0.4946,0.5359,0.4891,0.5151
54612,0.512,0.525,0.5326,0.5185,0.5098,0.4891,0.525,0.5087,0.5359,0.4946,0.5359,0.4891,0.5151
55211,0.512,0.525,0.5326,0.5185,0.5098,0.4891,0.525,0.5087,0.5359,0.4946,0.5359,0.4891,0.5151
55212,0.512,0.5272,0.5326,0.5185,0.5098,0.4891,0.525,0.5087,0.5359,0.4946,0.5359,0.4891,0.5153
55811,0.512,0.5272,0.5326,0.5185,0.5098,0.4891,0.525,0.5087,0.5359,0.4946,0.5359,0.4891,0.5153
55812,0.512,0.5272,0.5326,0.5185,0.5098,0.4891,0.525,0.5087,0.5359,0.4989,0.5359,0.4891,0.5158
56411,0.512,0.5272,0.5326,0.5185,0.5098,0.4891,0.525,0.5087,0.5359,0.4989,0.5359,0.4891,0.5158
56412,0.512,0.5272,0.5326,0.5283,0.5098,0.4891,0.525,0.5087,0.537,0.5011,0.537,0.4891,0.5171
57011,0.512,0.5272,0.5326,0.5283,0.5098,0.4891,0.525,0.5087,0.537,0.5011,0.537,0.4891,0.5171
57012,0.512,0.5272,0.5326,0.5293,0.512,0.4891,0.525,0.5087,0.537,0.5011,0.537,0.4891,0.5174
57611,0.5174,0.5272,0.5326,0.5293,0.512,0.4891,0.525,0.5087,0.537,0.5011,0.537,0.4891,0.5179
57612,0.5174,0.5272,0.5326,0.5293,0.512,0.4891,0.525,0.5087,0.537,0.5043,0.537,0.4891,0.5183
58211,0.5174,0.5272,0.5326,0.5293,0.512,0.4891,0.525,0.5087,0.537,0.5043,0.537,0.4891,0.5183
58212,0.5174,0.5272,0.5326,0.5293,0.512,0.4891,0.525,0.5087,0.537,0.5043,0.537,0.4891,0.5183
58811,0.5174,0.5272,0.5326,0.5293,0.512,0.4891,0.525,0.5087,0.537,0.5043,0.537,0.4891,0.5183
58812,0.5174,0.5272,0.5326,0.5293,0.512,0.4891,0.525,0.5087,0.537,0.5043,0.537,0.4891,0.5183
59411,0.5207,0.5272,0.5326,0.5293,0.512,0.4891,0.525,0.5087,0.537,0.5043,0.537,0.4891,0.5186
59412,0.5207,0.5272,0.5326,0.5337,0.512,0.4891,0.525,0.5087,0.537,0.5043,0.537,0.4891,0.519
59413,0.5207,0.5272,0.5326,0.5337,0.512,0.4891,0.525,0.5087,0.537,0.5043,0.537,0.4891,0.519
60011,0.5207,0.5272,0.5326,0.5337,0.512,0.4891,0.525,0.5087,0.537,0.5043,0.537,0.4891,0.519
60012,0.5207,0.5272,0.5326,0.5337,0.512,0.4891,0.525,0.5087,0.537,0.5054,0.537,0.4891,0.5191
60013,0.5207,0.5272,0.5326,0.5337,0.512,0.4891,0.525,0.5087,0.537,0.5054,0.537,0.4891,0.5191
60611,0.5207,0.5272,0.5326,0.5337,0.512,0.4891,0.525,0.5087,0.537,0.5054,0.537,0.4891,0.5191
60612,0.5207,0.5272,0.5326,0.5413,0.512,0.4891,0.525,0.5087,0.537,0.5054,0.5413,0.4891,0.5199
60613,0.5207,0.5272,0.5326,0.5413,0.512,0.4891,0.525,0.5087,0.537,0.5054,0.5413,0.4891,0.5199
61212,0.5207,0.5283,0.5326,0.5424,0.512,0.4902,0.525,0.5087,0.537,0.5054,0.5424,0.4902,0.5202
61213,0.5207,0.5283,0.5326,0.5424,0.512,0.4902,0.525,0.5087,0.537,0.5054,0.5424,0.4902,0.5202
61812,0.5207,0.5283,0.5326,0.5565,0.512,0.4902,0.5261,0.5087,0.537,0.5054,0.5565,0.4902,0.5217
61813,0.5207,0.5283,0.5326,0.5565,0.512,0.4902,0.5261,0.5087,0.537,0.5054,0.5565,0.4902,0.5217
62412,0.5207,0.5283,0.5326,0.5565,0.512,0.4902,0.5261,0.5087,0.537,0.5054,0.5565,0.4902,0.5217
62413,0.5207,0.5283,0.5326,0.5565,0.512,0.4902,0.5261,0.5087,0.537,0.5054,0.5565,0.4902,0.5217
63012,0.5207,0.5283,0.5326,0.5565,0.513,0.4902,0.5261,0.5087,0.537,0.5054,0.5565,0.4902,0.5218
63013,0.5207,0.5283,0.5326,0.5565,0.513,0.4902,0.5261,0.5087,0.537,0.5054,0.5565,0.4902,0.5218
63612,0.5207,0.5283,0.5326,0.5565,0.513,0.4902,0.5261,0.5087,0.537,0.5054,0.5565,0.4902,0.5218
63613,0.5207,0.5283,0.5326,0.5565,0.513,0.4902,0.5261,0.5087,0.537,0.5054,0.5565,0.4902,0.5218
64212,0.5207,0.5283,0.5326,0.5565,0.513,0.4902,0.5261,0.5087,0.537,0.5054,0.5565,0.4902,0.5218
64213,0.5207,0.5283,0.5326,0.5565,0.513,0.4902,0.5261,0.5087,0.537,0.5054,0.5565,0.4902,0.5218
64812,0.5207,0.5283,0.5326,0.5565,0.513,0.4902,0.5261,0.5087,0.537,0.5054,0.5565,0.4902,0.5218
64813,0.5207,0.5283,0.5326,0.5565,0.513,0.4902,0.5261,0.5087,0.537,0.5054,0.5565,0.4902,0.5218
65412,0.5207,0.5283,0.5326,0.5565,0.513,0.4902,0.5261,0.5087,0.537,0.5054,0.5565,0.4902,0.5218
65413,0.5207,0.5283,0.5326,0.5565,0.513,0.4902,0.5261,0.5087,0.537,0.5054,0.5565,0.4902,0.5218
66012,0.5207,0.5283,0.5326,0.5576,0.513,0.4902,0.5261,0.5087,0.537,0.5054,0.5576,0.4902,0.522
66013,0.5207,0.5283,0.5326,0.5576,0.513,0.4902,0.5261,0.5087,0.537,0.5054,0.5576,0.4902,0.522
66612,0.5207,0.5283,0.5326,0.5587,0.513,0.4902,0.5261,0.5087,0.537,0.5054,0.5587,0.4902,0.5221
66613,0.5207,0.5283,0.5326,0.5587,0.513,0.4902,0.5261,0.5098,0.537,0.5054,0.5587,0.4902,0.5222
67212,0.5207,0.5283,0.5326,0.5609,0.513,0.4902,0.5261,0.5098,0.537,0.5054,0.5609,0.4902,0.5224
67213,0.5207,0.5283,0.5326,0.5609,0.513,0.4902,0.5261,0.5098,0.537,0.5054,0.5609,0.4902,0.5224
67812,0.5207,0.5283,0.5337,0.5609,0.513,0.4902,0.5261,0.5098,0.537,0.5054,0.5609,0.4902,0.5225
67813,0.5207,0.5283,0.5337,0.5609,0.513,0.4902,0.5261,0.5098,0.537,0.5054,0.5609,0.4902,0.5225
68412,0.5207,0.5283,0.5337,0.5609,0.513,0.4902,0.5261,0.5098,0.537,0.5054,0.5609,0.4902,0.5225
68413,0.5207,0.5283,0.5337,0.5609,0.513,0.4902,0.5261,0.5098,0.537,0.5054,0.5609,0.4902,0.5225
69012,0.5207,0.5283,0.5337,0.5609,0.513,0.4902,0.5261,0.5098,0.537,0.5054,0.5609,0.4902,0.5225
69013,0.5207,0.5283,0.5337,0.5609,0.513,0.4902,0.5261,0.5098,0.537,0.5054,0.5609,0.4902,0.5225
69612,0.5207,0.5283,0.5337,0.5609,0.513,0.4902,0.5261,0.5098,0.537,0.5054,0.5609,0.4902,0.5225
69613,0.5207,0.5283,0.5337,0.5609,0.513,0.4902,0.5261,0.5098,0.537,0.5054,0.5609,0.4902,0.5225
70212,0.5207,0.5283,0.5337,0.5609,0.513,0.4902,0.5261,0.5098,0.537,0.5054,0.5609,0.4902,0.5225
70213,0.5207,0.5283,0.5337,0.563,0.513,0.4902,0.5261,0.5098,0.537,0.5054,0.563,0.4902,0.5227
70812,0.5207,0.5283,0.5337,0.563,0.513,0.4902,0.5261,0.5098,0.537,0.5054,0.563,0.4902,0.5227
70813,0.5207,0.5283,0.5337,0.563,0.513,0.4902,0.5261,0.5098,0.537,0.5054,0.563,0.4902,0.5227
71412,0.5207,0.5283,0.5337,0.563,0.513,0.4902,0.5304,0.5098,0.537,0.5054,0.563,0.4902,0.5232
71413,0.5207,0.5283,0.5337,0.563,0.513,0.4902,0.5304,0.5098,0.537,0.5076,0.563,0.4902,0.5234
72012,0.5217,0.5283,0.5337,0.563,0.513,0.4902,0.5391,0.5098,0.537,0.5076,0.563,0.4902,0.5243
72013,0.5217,0.5283,0.5337,0.563,0.513,0.4902,0.5391,0.5098,0.537,0.5076,0.563,0.4902,0.5243
72612,0.5217,0.5283,0.5337,0.563,0.513,0.4902,0.5391,0.5098,0.537,0.5076,0.563,0.4902,0.5243
72613,0.5217,0.5283,0.5337,0.563,0.513,0.4902,0.5391,0.5098,0.537,0.5076,0.563,0.4902,0.5243
73212,0.5217,0.5283,0.5337,0.563,0.513,0.4902,0.5391,0.5098,0.537,0.5076,0.563,0.4902,0.5243
73213,0.5217,0.5283,0.5337,0.563,0.513,0.4902,0.5391,0.5098,0.537,0.5076,0.563,0.4902,0.5243
73214,0.5217,0.5283,0.5337,0.563,0.513,0.4902,0.5391,0.512,0.537,0.5076,0.563,0.4902,0.5246
73812,0.5217,0.5283,0.5337,0.563,0.513,0.4902,0.5391,0.512,0.537,0.5076,0.563,0.4902,0.5246
73813,0.5217,0.5283,0.5337,0.563,0.513,0.4902,0.5391,0.512,0.537,0.5076,0.563,0.4902,0.5246
73814,0.5217,0.5283,0.5337,0.563,0.513,0.4902,0.5391,0.512,0.537,0.5076,0.563,0.4902,0.5246
74412,0.5217,0.5283,0.5337,0.563,0.513,0.4902,0.5391,0.512,0.537,0.5076,0.563,0.4902,0.5246
74413,0.5217,0.5283,0.5337,0.563,0.513,0.4902,0.5391,0.512,0.537,0.5076,0.563,0.4902,0.5246
74414,0.5217,0.5283,0.5337,0.563,0.513,0.4902,0.5391,0.512,0.537,0.5076,0.563,0.4902,0.5246
75012,0.5217,0.5283,0.5337,0.563,0.513,0.4902,0.5391,0.512,0.537,0.5076,0.563,0.4902,0.5246
75013,0.5217,0.5283,0.5348,0.563,0.513,0.4902,0.5391,0.512,0.537,0.5076,0.563,0.4902,0.5247
75014,0.5217,0.5283,0.5348,0.563,0.513,0.4902,0.5391,0.512,0.537,0.5076,0.563,0.4902,0.5247
75612,0.5217,0.5283,0.5348,0.563,0.513,0.4902,0.5391,0.512,0.537,0.5076,0.563,0.4902,0.5247
75613,0.5217,0.5283,0.5348,0.563,0.513,0.4902,0.5391,0.512,0.537,0.5076,0.563,0.4902,0.5247
75614,0.5217,0.5283,0.5348,0.563,0.513,0.4902,0.5391,0.512,0.537,0.5076,0.563,0.4902,0.5247
76212,0.5217,0.5283,0.5348,0.563,0.513,0.4902,0.5413,0.512,0.537,0.5076,0.563,0.4902,0.5249
76213,0.5217,0.5283,0.5348,0.563,0.513,0.4924,0.5413,0.512,0.537,0.5076,0.563,0.4924,0.5251
76214,0.5217,0.5283,0.5348,0.563,0.513,0.4924,0.5413,0.512,0.537,0.5076,0.563,0.4924,0.5251
76812,0.5217,0.5283,0.5348,0.563,0.513,0.4924,0.5413,0.512,0.537,0.5076,0.563,0.4924,0.5251
76813,0.5217,0.5283,0.5348,0.563,0.513,0.4924,0.5435,0.512,0.537,0.5076,0.563,0.4924,0.5253
76814,0.5217,0.5283,0.5348,0.563,0.513,0.4924,0.5435,0.512,0.537,0.5076,0.563,0.4924,0.5253
77413,0.5217,0.5283,0.5348,0.563,0.513,0.4924,0.5446,0.512,0.537,0.5076,0.563,0.4924,0.5254
77414,0.5217,0.5283,0.5348,0.563,0.513,0.4924,0.5446,0.512,0.537,0.5076,0.563,0.4924,0.5254
78013,0.5217,0.5283,0.5348,0.563,0.513,0.4957,0.5446,0.512,0.537,0.5076,0.563,0.4957,0.5258
78014,0.5217,0.5283,0.5348,0.563,0.513,0.4957,0.5446,0.512,0.537,0.5076,0.563,0.4957,0.5258
78613,0.5217,0.5283,0.5348,0.563,0.513,0.4957,0.5446,0.512,0.537,0.5076,0.563,0.4957,0.5258
78614,0.5217,0.5283,0.5348,0.563,0.513,0.4957,0.5446,0.512,0.537,0.5076,0.563,0.4957,0.5258
79213,0.5217,0.5283,0.5359,0.563,0.513,0.4957,0.5457,0.512,0.537,0.5087,0.563,0.4957,0.5261
79214,0.5217,0.5283,0.5359,0.563,0.513,0.4957,0.5457,0.512,0.538,0.5087,0.563,0.4957,0.5262
79813,0.5217,0.5283,0.5359,0.563,0.513,0.4957,0.5457,0.512,0.538,0.5087,0.563,0.4957,0.5262
79814,0.5217,0.5283,0.5359,0.563,0.513,0.4957,0.5457,0.512,0.538,0.5087,0.563,0.4957,0.5262
80413,0.5217,0.5283,0.5359,0.563,0.513,0.4957,0.5457,0.512,0.538,0.5087,0.563,0.4957,0.5262
80414,0.5217,0.5283,0.5359,0.563,0.513,0.4957,0.5457,0.512,0.5391,0.5087,0.563,0.4957,0.5263
81013,0.5217,0.5283,0.5359,0.5641,0.513,0.4957,0.5587,0.512,0.5391,0.5087,0.5641,0.4957,0.5277
81014,0.5217,0.5283,0.5359,0.5641,0.513,0.4957,0.5587,0.512,0.5391,0.5087,0.5641,0.4957,0.5277
81613,0.5217,0.5283,0.5359,0.5641,0.513,0.4957,0.5587,0.512,0.5391,0.5087,0.5641,0.4957,0.5277
81614,0.5217,0.5283,0.5359,0.5641,0.513,0.4957,0.5587,0.512,0.5391,0.5087,0.5641,0.4957,0.5277
82213,0.5217,0.5283,0.5359,0.5641,0.513,0.4957,0.5587,0.512,0.5391,0.5087,0.5641,0.4957,0.5277
82214,0.5217,0.5283,0.5359,0.5641,0.513,0.4957,0.5587,0.512,0.5391,0.5087,0.5641,0.4957,0.5277
82813,0.5217,0.5283,0.5359,0.5641,0.513,0.4957,0.5587,0.512,0.5391,0.5087,0.5641,0.4957,0.5277
82814,0.5217,0.5283,0.5359,0.5641,0.513,0.4957,0.5587,0.512,0.5391,0.5087,0.5641,0.4957,0.5277
83413,0.5217,0.5283,0.5359,0.5641,0.513,0.4957,0.5598,0.512,0.5391,0.5087,0.5641,0.4957,0.5278
83414,0.5217,0.5304,0.5359,0.5641,0.513,0.4957,0.5598,0.512,0.5391,0.5087,0.5641,0.4957,0.528
84013,0.5217,0.5304,0.5359,0.5641,0.513,0.4957,0.5598,0.512,0.5391,0.5087,0.5641,0.4957,0.528
84014,0.5217,0.5337,0.5359,0.5641,0.513,0.4957,0.5598,0.512,0.5391,0.5087,0.5641,0.4957,0.5284
84613,0.5217,0.5337,0.5359,0.5641,0.513,0.4957,0.5598,0.512,0.5391,0.5087,0.5641,0.4957,0.5284
84614,0.5217,0.5337,0.5359,0.5641,0.513,0.4957,0.5598,0.512,0.5391,0.5087,0.5641,0.4957,0.5284
85213,0.5217,0.5337,0.5359,0.5641,0.513,0.4957,0.5598,0.512,0.5391,0.5087,0.5641,0.4957,0.5284
85214,0.5217,0.5337,0.5359,0.5641,0.513,0.4957,0.5598,0.5152,0.5435,0.5087,0.5641,0.4957,0.5291
85813,0.5217,0.5337,0.5359,0.5641,0.513,0.4957,0.5598,0.5152,0.5435,0.5087,0.5641,0.4957,0.5291
85814,0.5217,0.5337,0.5359,0.5641,0.513,0.4957,0.5598,0.5152,0.5435,0.5087,0.5641,0.4957,0.5291
85815,0.5217,0.5337,0.5359,0.5641,0.513,0.4957,0.5598,0.5163,0.5435,0.5087,0.5641,0.4957,0.5292
