timestamp,xhci8,xhci1,xhci0,xhci3,xhci4,xhci9,xhci6,xhci7,xhci2,xhci5,max,min,avg
0,0.0618,0.0618,0.0618,0.0618,0.0618,0.0618,0.0618,0.0618,0.0618,0.0618,0.0618,0.0618,0.0618
3,0.0618,0.1291,0.1291,0.0618,0.0618,0.0618,0.0618,0.0618,0.0618,0.0618,0.1291,0.0618,0.0753
4,0.1291,0.2744,0.2679,0.1291,0.1291,0.1291,0.1291,0.1291,0.1291,0.1291,0.2744,0.1291,0.1575
5,0.282,0.2874,0.2744,0.2961,0.2679,0.2842,0.2657,0.2874,0.295,0.2939,0.2961,0.2657,0.2834
6,0.2983,0.2961,0.2787,0.2972,0.2961,0.2972,0.2961,0.2993,0.2972,0.2972,0.2993,0.2787,0.2953
7,0.3004,0.2961,0.2961,0.2972,0.2972,0.2972,0.2961,0.2993,0.2972,0.2972,0.3004,0.2961,0.2974
8,0.3004,0.2972,0.2972,0.2972,0.2972,0.2972,0.2961,0.2993,0.2972,0.2972,0.3004,0.2961,0.2976
9,0.3004,0.2972,0.2972,0.2972,0.2972,0.2972,0.2961,0.3004,0.2972,0.2972,0.3004,0.2961,0.2977
10,0.3004,0.2972,0.2972,0.2972,0.2972,0.2972,0.2972,0.3004,0.2972,0.2972,0.3004,0.2972,0.2978
11,0.3004,0.2972,0.2972,0.2972,0.2972,0.2972,0.2972,0.3004,0.2972,0.2972,0.3004,0.2972,0.2978
12,0.3004,0.2972,0.2972,0.2972,0.2972,0.2972,0.2972,0.3004,0.2972,0.2972,0.3004,0.2972,0.2978
13,0.3004,0.2972,0.2972,0.2972,0.2972,0.2972,0.2972,0.3004,0.2972,0.2972,0.3004,0.2972,0.2978
14,0.3004,0.2972,0.2972,0.2972,0.2972,0.2972,0.2972,0.3004,0.2972,0.2972,0.3004,0.2972,0.2978
15,0.3004,0.2972,0.2972,0.2972,0.2972,0.2972,0.2972,0.3004,0.2972,0.2972,0.3004,0.2972,0.2978
16,0.3004,0.2972,0.2972,0.2972,0.2972,0.2972,0.2972,0.3004,0.2972,0.2972,0.3004,0.2972,0.2978
17,0.3004,0.2972,0.2972,0.2972,0.2972,0.2972,0.2972,0.3004,0.2972,0.2972,0.3004,0.2972,0.2978
18,0.3004,0.2972,0.2972,0.2972,0.2972,0.2972,0.2972,0.3004,0.2972,0.2972,0.3004,0.2972,0.2978
19,0.3004,0.2972,0.2972,0.2972,0.2972,0.2972,0.2972,0.3004,0.2972,0.2972,0.3004,0.2972,0.2978
20,0.3004,0.2972,0.2972,0.2972,0.2972,0.2972,0.2972,0.3004,0.2972,0.2972,0.3004,0.2972,0.2978
21,0.3004,0.2972,0.2972,0.2972,0.2972,0.2972,0.2972,0.3004,0.2972,0.2972,0.3004,0.2972,0.2978
22,0.3004,0.2972,0.2972,0.2972,0.2972,0.2972,0.2972,0.3004,0.2972,0.2972,0.3004,0.2972,0.2978
23,0.3004,0.2972,0.2972,0.2972,0.2972,0.2972,0.2972,0.3004,0.2972,0.2972,0.3004,0.2972,0.2978
24,0.3004,0.2972,0.2972,0.2972,0.2972,0.2972,0.2972,0.3004,0.2972,0.2972,0.3004,0.2972,0.2978
25,0.3004,0.2972,0.2972,0.2972,0.2972,0.2972,0.2972,0.3004,0.2972,0.2972,0.3004,0.2972,0.2978
26,0.3004,0.2972,0.2972,0.2972,0.2972,0.2972,0.2972,0.3004,0.2972,0.2972,0.3004,0.2972,0.2978
27,0.3004,0.2972,0.2972,0.2972,0.2972,0.2972,0.2972,0.3004,0.2972,0.2972,0.3004,0.2972,0.2978
28,0.3004,0.2972,0.2972,0.2972,0.2972,0.2972,0.2972,0.3004,0.2972,0.2972,0.3004,0.2972,0.2978
29,0.3004,0.2972,0.2972,0.2972,0.2972,0.2972,0.2972,0.3004,0.2972,0.2972,0.3004,0.2972,0.2978
30,0.3004,0.2972,0.2972,0.2972,0.2972,0.2972,0.2972,0.3004,0.2972,0.2972,0.3004,0.2972,0.2978
31,0.3004,0.2972,0.2972,0.2972,0.2972,0.2972,0.2972,0.3004,0.2972,0.2972,0.3004,0.2972,0.2978
32,0.3004,0.2972,0.2972,0.2972,0.2972,0.2972,0.2972,0.3004,0.2972,0.2972,0.3004,0.2972,0.2978
33,0.3004,0.2972,0.2972,0.2972,0.2972,0.2972,0.2972,0.3004,0.2972,0.2972,0.3004,0.2972,0.2978
34,0.3004,0.2972,0.2972,0.2972,0.2972,0.2972,0.2972,0.3004,0.2972,0.2972,0.3004,0.2972,0.2978
35,0.3004,0.2972,0.2972,0.2972,0.2972,0.2972,0.2972,0.3004,0.2972,0.2972,0.3004,0.2972,0.2978
36,0.3004,0.2972,0.2972,0.2972,0.2972,0.2972,0.2972,0.3004,0.2972,0.2972,0.3004,0.2972,0.2978
37,0.3004,0.2972,0.2972,0.2972,0.2972,0.2972,0.2972,0.3004,0.2972,0.2972,0.3004,0.2972,0.2978
38,0.3004,0.2972,0.2972,0.2972,0.2972,0.2972,0.2972,0.3004,0.2972,0.2972,0.3004,0.2972,0.2978
39,0.3004,0.2972,0.2972,0.2972,0.2972,0.2972,0.2972,0.3004,0.2972,0.2972,0.3004,0.2972,0.2978
40,0.3004,0.2972,0.2972,0.2972,0.2972,0.2972,0.2972,0.3004,0.2972,0.2972,0.3004,0.2972,0.2978
41,0.3004,0.2972,0.2972,0.2972,0.2972,0.2972,0.2972,0.3004,0.2972,0.2972,0.3004,0.2972,0.2978
42,0.3004,0.2972,0.2972,0.2972,0.2972,0.2972,0.2972,0.3004,0.2972,0.2972,0.3004,0.2972,0.2978
43,0.3004,0.2972,0.2972,0.2972,0.2972,0.2972,0.2972,0.3004,0.2972,0.2972,0.3004,0.2972,0.2978
44,0.3004,0.2972,0.2972,0.2972,0.2972,0.2972,0.2972,0.3004,0.2972,0.2972,0.3004,0.2972,0.2978
45,0.3004,0.2972,0.2972,0.2972,0.2972,0.2972,0.2972,0.3004,0.2972,0.2972,0.3004,0.2972,0.2978
46,0.3004,0.2972,0.2972,0.2972,0.2972,0.2972,0.2972,0.3004,0.2972,0.2972,0.3004,0.2972,0.2978
47,0.3004,0.2972,0.2972,0.2972,0.2972,0.2972,0.2972,0.3004,0.2972,0.2972,0.3004,0.2972,0.2978
48,0.3004,0.2972,0.2972,0.2972,0.2972,0.2972,0.2972,0.3004,0.2972,0.2972,0.3004,0.2972,0.2978
49,0.3004,0.2972,0.2972,0.2972,0.2972,0.2972,0.2972,0.3004,0.2972,0.2972,0.3004,0.2972,0.2978
50,0.3004,0.2972,0.2972,0.2972,0.2972,0.2972,0.2972,0.3004,0.2972,0.2972,0.3004,0.2972,0.2978
51,0.3004,0.2972,0.2972,0.2972,0.2972,0.2972,0.2972,0.3004,0.2972,0.2972,0.3004,0.2972,0.2978
52,0.3004,0.2972,0.2972,0.2972,0.2972,0.2972,0.2972,0.3004,0.2972,0.2972,0.3004,0.2972,0.2978
53,0.3004,0.2972,0.2972,0.2972,0.2972,0.2972,0.2972,0.3004,0.2972,0.2972,0.3004,0.2972,0.2978
54,0.3004,0.2972,0.2972,0.2972,0.2972,0.2972,0.2972,0.3004,0.2972,0.2972,0.3004,0.2972,0.2978
55,0.3004,0.2972,0.2972,0.2972,0.2972,0.2972,0.2972,0.3004,0.2972,0.2972,0.3004,0.2972,0.2978
56,0.3004,0.2972,0.2972,0.2972,0.2972,0.2972,0.2972,0.3004,0.2972,0.2972,0.3004,0.2972,0.2978
57,0.3004,0.2972,0.2972,0.2972,0.2972,0.2972,0.2972,0.3004,0.2972,0.2972,0.3004,0.2972,0.2978
58,0.3004,0.2972,0.2972,0.2972,0.2972,0.2972,0.2972,0.3004,0.2972,0.2972,0.3004,0.2972,0.2978
59,0.3004,0.2972,0.2972,0.2972,0.2972,0.2972,0.2972,0.3004,0.2972,0.2972,0.3004,0.2972,0.2978
60,0.3004,0.2972,0.2972,0.2972,0.2972,0.2972,0.2972,0.3004,0.2972,0.2972,0.3004,0.2972,0.2978
61,0.3004,0.2972,0.2972,0.2972,0.2972,0.2972,0.2972,0.3004,0.2972,0.2972,0.3004,0.2972,0.2978
62,0.3004,0.2972,0.2972,0.2972,0.2972,0.2972,0.2972,0.3004,0.2972,0.2972,0.3004,0.2972,0.2978
63,0.3004,0.2972,0.2972,0.2972,0.2972,0.2972,0.2972,0.3004,0.2972,0.2972,0.3004,0.2972,0.2978
64,0.3004,0.2972,0.2972,0.2972,0.2972,0.2972,0.2972,0.3004,0.2972,0.2972,0.3004,0.2972,0.2978
65,0.3004,0.2972,0.2972,0.2972,0.2972,0.2972,0.2972,0.3004,0.2972,0.2972,0.3004,0.2972,0.2978
66,0.3004,0.2972,0.2972,0.2972,0.2972,0.2972,0.2972,0.3004,0.2972,0.2972,0.3004,0.2972,0.2978
67,0.3004,0.2972,0.2972,0.2972,0.2972,0.2972,0.2972,0.3004,0.2972,0.2972,0.3004,0.2972,0.2978
68,0.3004,0.2972,0.2972,0.2972,0.2972,0.2972,0.2972,0.3004,0.2972,0.2972,0.3004,0.2972,0.2978
69,0.3004,0.2972,0.2972,0.2972,0.2972,0.2972,0.2972,0.3004,0.2972,0.2972,0.3004,0.2972,0.2978
70,0.3004,0.2972,0.2972,0.2972,0.2972,0.2972,0.2972,0.3004,0.2972,0.2972,0.3004,0.2972,0.2978
71,0.3004,0.2972,0.2972,0.2972,0.2972,0.2972,0.2972,0.3004,0.2972,0.2972,0.3004,0.2972,0.2978
72,0.3004,0.2972,0.2972,0.2972,0.2972,0.2972,0.2972,0.3004,0.2972,0.2972,0.3004,0.2972,0.2978
73,0.3004,0.2972,0.2972,0.2972,0.2972,0.2972,0.2972,0.3004,0.2972,0.2972,0.3004,0.2972,0.2978
74,0.3004,0.2972,0.2972,0.2972,0.2972,0.2972,0.2972,0.3004,0.2972,0.2972,0.3004,0.2972,0.2978
75,0.3004,0.2972,0.2972,0.2972,0.2972,0.2972,0.2972,0.3004,0.2972,0.2972,0.3004,0.2972,0.2978
76,0.3004,0.2972,0.2972,0.2972,0.2972,0.2972,0.2972,0.3004,0.2972,0.2972,0.3004,0.2972,0.2978
77,0.3004,0.2972,0.2972,0.2972,0.2972,0.2972,0.2972,0.3004,0.2972,0.2972,0.3004,0.2972,0.2978
78,0.3004,0.2972,0.2972,0.2972,0.2972,0.2972,0.2972,0.3004,0.2972,0.2972,0.3004,0.2972,0.2978
79,0.3004,0.2972,0.2972,0.2972,0.2972,0.2972,0.2972,0.3004,0.2972,0.2972,0.3004,0.2972,0.2978
80,0.3004,0.2972,0.2972,0.2972,0.2972,0.2972,0.2972,0.3004,0.2972,0.2972,0.3004,0.2972,0.2978
81,0.3004,0.2972,0.2972,0.2972,0.2972,0.2972,0.2972,0.3004,0.2972,0.2972,0.3004,0.2972,0.2978
82,0.3004,0.2972,0.2972,0.2972,0.2972,0.2972,0.2972,0.3004,0.2972,0.2972,0.3004,0.2972,0.2978
83,0.3004,0.2972,0.2972,0.2972,0.2972,0.2972,0.2972,0.3004,0.2972,0.2972,0.3004,0.2972,0.2978
84,0.3004,0.2972,0.2972,0.2972,0.2972,0.2972,0.2972,0.3004,0.2972,0.2972,0.3004,0.2972,0.2978
85,0.3004,0.2972,0.2972,0.2972,0.2972,0.2972,0.2972,0.3004,0.2972,0.2972,0.3004,0.2972,0.2978
86,0.3004,0.2972,0.2972,0.2972,0.2972,0.2972,0.2972,0.3004,0.2972,0.2972,0.3004,0.2972,0.2978
87,0.3004,0.2972,0.2972,0.2972,0.2972,0.2972,0.2972,0.3004,0.2972,0.2972,0.3004,0.2972,0.2978
88,0.3004,0.2972,0.2972,0.2972,0.2972,0.2972,0.2972,0.3004,0.2972,0.2972,0.3004,0.2972,0.2978
89,0.3004,0.2972,0.2972,0.2972,0.2972,0.2972,0.2972,0.3004,0.2972,0.2972,0.3004,0.2972,0.2978
90,0.3004,0.2972,0.2972,0.2972,0.2972,0.2972,0.2972,0.3004,0.2972,0.2972,0.3004,0.2972,0.2978
91,0.3004,0.2972,0.2972,0.2972,0.2972,0.2972,0.2972,0.3004,0.2972,0.2972,0.3004,0.2972,0.2978
92,0.3004,0.2972,0.2972,0.2972,0.2972,0.2972,0.2972,0.3004,0.2972,0.2972,0.3004,0.2972,0.2978
93,0.3004,0.2972,0.2972,0.2972,0.2972,0.2972,0.2972,0.3004,0.2972,0.2972,0.3004,0.2972,0.2978
94,0.3004,0.2972,0.2972,0.2972,0.2972,0.2972,0.2972,0.3004,0.2972,0.2972,0.3004,0.2972,0.2978
95,0.3004,0.2972,0.2972,0.2972,0.2972,0.2972,0.2972,0.3004,0.2972,0.2972,0.3004,0.2972,0.2978
96,0.3004,0.2972,0.2972,0.2972,0.2972,0.2972,0.2972,0.3004,0.2972,0.2972,0.3004,0.2972,0.2978
97,0.3004,0.2972,0.2972,0.2972,0.2972,0.2972,0.2972,0.3004,0.2972,0.2972,0.3004,0.2972,0.2978
98,0.3004,0.2972,0.2972,0.2972,0.2972,0.2972,0.2972,0.3004,0.2972,0.2972,0.3004,0.2972,0.2978
99,0.3004,0.2972,0.2972,0.2972,0.2972,0.2972,0.2972,0.3004,0.2972,0.2972,0.3004,0.2972,0.2978
100,0.3004,0.2972,0.2972,0.2972,0.2972,0.2972,0.2972,0.3004,0.2972,0.2972,0.3004,0.2972,0.2978
101,0.3004,0.2972,0.2972,0.2972,0.2972,0.2972,0.2972,0.3004,0.2972,0.2972,0.3004,0.2972,0.2978
102,0.3004,0.2972,0.2972,0.2972,0.2972,0.2972,0.2972,0.3004,0.2972,0.2972,0.3004,0.2972,0.2978
103,0.3004,0.2972,0.2972,0.2972,0.2972,0.2972,0.2972,0.3004,0.2972,0.2972,0.3004,0.2972,0.2978
104,0.3004,0.2972,0.2972,0.2972,0.2972,0.2972,0.2972,0.3004,0.2972,0.2972,0.3004,0.2972,0.2978
105,0.3004,0.2972,0.2972,0.2972,0.2972,0.2972,0.2972,0.3004,0.2972,0.2972,0.3004,0.2972,0.2978
106,0.3004,0.2972,0.2972,0.2972,0.2972,0.2972,0.2972,0.3004,0.2972,0.2972,0.3004,0.2972,0.2978
107,0.3004,0.2972,0.2972,0.2972,0.2972,0.2972,0.2972,0.3004,0.2972,0.2972,0.3004,0.2972,0.2978
108,0.3004,0.2972,0.2972,0.2972,0.2972,0.2972,0.2972,0.3004,0.2972,0.2972,0.3004,0.2972,0.2978
109,0.3004,0.2972,0.2972,0.2972,0.2972,0.2972,0.2972,0.3004,0.2972,0.2972,0.3004,0.2972,0.2978
110,0.3004,0.2972,0.2972,0.2972,0.2972,0.2972,0.2972,0.3004,0.2972,0.2972,0.3004,0.2972,0.2978
111,0.3004,0.2972,0.2972,0.2972,0.2972,0.2972,0.2972,0.3004,0.2972,0.2972,0.3004,0.2972,0.2978
112,0.3004,0.2972,0.2972,0.2972,0.2972,0.2972,0.2972,0.3004,0.2972,0.2972,0.3004,0.2972,0.2978
113,0.3004,0.2972,0.2972,0.2972,0.2972,0.2972,0.2972,0.3004,0.2972,0.2972,0.3004,0.2972,0.2978
114,0.3004,0.2972,0.2972,0.2972,0.2972,0.2972,0.2972,0.3004,0.2972,0.2972,0.3004,0.2972,0.2978
115,0.3004,0.2972,0.2972,0.2972,0.2972,0.2972,0.2972,0.3004,0.2972,0.2972,0.3004,0.2972,0.2978
116,0.3004,0.2972,0.2972,0.2972,0.2972,0.2972,0.2972,0.3004,0.2972,0.2972,0.3004,0.2972,0.2978
117,0.3004,0.2972,0.2972,0.2972,0.2972,0.2972,0.2972,0.3004,0.2972,0.2972,0.3004,0.2972,0.2978
118,0.3004,0.2972,0.2972,0.2972,0.2972,0.2972,0.2972,0.3004,0.2972,0.2972,0.3004,0.2972,0.2978
119,0.3004,0.2972,0.2972,0.2972,0.2972,0.2972,0.2972,0.3004,0.2972,0.2972,0.3004,0.2972,0.2978
120,0.3004,0.2972,0.2972,0.2972,0.2972,0.2972,0.2972,0.3004,0.2972,0.2972,0.3004,0.2972,0.2978
121,0.3004,0.2972,0.2972,0.2972,0.2972,0.2972,0.2972,0.3004,0.2972,0.2972,0.3004,0.2972,0.2978
122,0.3004,0.2972,0.2972,0.2972,0.2972,0.2972,0.2972,0.3004,0.2972,0.2972,0.3004,0.2972,0.2978
123,0.3004,0.2972,0.2972,0.2972,0.2972,0.2972,0.2972,0.3004,0.2972,0.2972,0.3004,0.2972,0.2978
124,0.3004,0.2972,0.2972,0.2972,0.2972,0.2972,0.2972,0.3004,0.2972,0.2972,0.3004,0.2972,0.2978
125,0.3004,0.2972,0.2972,0.2972,0.2972,0.2972,0.2972,0.3004,0.2972,0.2972,0.3004,0.2972,0.2978
126,0.3004,0.2972,0.2972,0.2972,0.2972,0.2972,0.2972,0.3004,0.2972,0.2972,0.3004,0.2972,0.2978
127,0.3004,0.2972,0.2972,0.2972,0.2972,0.2972,0.2972,0.3004,0.2972,0.2972,0.3004,0.2972,0.2978
128,0.3004,0.2972,0.2972,0.2972,0.2972,0.2972,0.2972,0.3004,0.2972,0.2972,0.3004,0.2972,0.2978
129,0.3004,0.2972,0.2972,0.2972,0.2972,0.2972,0.2972,0.3004,0.2972,0.2972,0.3004,0.2972,0.2978
130,0.3004,0.2972,0.2972,0.2972,0.2972,0.2972,0.2972,0.3004,0.2972,0.2972,0.3004,0.2972,0.2978
131,0.3004,0.2972,0.2972,0.2972,0.2972,0.2972,0.2972,0.3004,0.2972,0.2972,0.3004,0.2972,0.2978
132,0.3004,0.2972,0.2972,0.2972,0.2972,0.2972,0.2972,0.3004,0.2972,0.2972,0.3004,0.2972,0.2978
133,0.3004,0.2972,0.2972,0.2972,0.2972,0.2972,0.2972,0.3004,0.2972,0.2972,0.3004,0.2972,0.2978
134,0.3004,0.2972,0.2972,0.2972,0.2972,0.2972,0.2972,0.3004,0.2972,0.2972,0.3004,0.2972,0.2978
135,0.3004,0.2972,0.2972,0.2972,0.2972,0.2972,0.2972,0.3004,0.2972,0.2972,0.3004,0.2972,0.2978
136,0.3004,0.2972,0.2972,0.2972,0.2972,0.2972,0.2972,0.3004,0.2972,0.2972,0.3004,0.2972,0.2978
137,0.3004,0.2972,0.2972,0.2972,0.2972,0.2972,0.2972,0.3004,0.2972,0.2972,0.3004,0.2972,0.2978
138,0.3004,0.2972,0.2972,0.2972,0.2972,0.2972,0.2972,0.3004,0.2972,0.2972,0.3004,0.2972,0.2978
139,0.3004,0.2972,0.2972,0.2972,0.2972,0.2972,0.2972,0.3004,0.2972,0.2972,0.3004,0.2972,0.2978
140,0.3004,0.2972,0.2972,0.2972,0.2972,0.2972,0.2972,0.3004,0.2972,0.2972,0.3004,0.2972,0.2978
141,0.3004,0.2972,0.2972,0.2972,0.2972,0.2972,0.2972,0.3004,0.2972,0.2972,0.3004,0.2972,0.2978
142,0.3004,0.2972,0.2972,0.2972,0.2972,0.2972,0.2972,0.3004,0.2972,0.2972,0.3004,0.2972,0.2978
143,0.3004,0.2972,0.2972,0.2972,0.2972,0.2972,0.2972,0.3004,0.2972,0.2972,0.3004,0.2972,0.2978
144,0.3004,0.2972,0.2972,0.2972,0.2972,0.2972,0.2972,0.3004,0.2972,0.2972,0.3004,0.2972,0.2978
145,0.3004,0.2972,0.2972,0.2972,0.2972,0.2972,0.2972,0.3004,0.2972,0.2972,0.3004,0.2972,0.2978
146,0.3004,0.2972,0.2972,0.2972,0.2972,0.2972,0.2972,0.3004,0.2972,0.2972,0.3004,0.2972,0.2978
147,0.3004,0.2972,0.2972,0.2972,0.2972,0.2972,0.2972,0.3004,0.2972,0.2972,0.3004,0.2972,0.2978
148,0.3004,0.2972,0.2972,0.2972,0.2972,0.2972,0.2972,0.3004,0.2972,0.2972,0.3004,0.2972,0.2978
149,0.3004,0.2972,0.2972,0.2972,0.2972,0.2972,0.2972,0.3004,0.2972,0.2972,0.3004,0.2972,0.2978
150,0.3004,0.2972,0.2972,0.2972,0.2972,0.2972,0.2972,0.3004,0.2972,0.2972,0.3004,0.2972,0.2978
151,0.3004,0.2972,0.2972,0.2972,0.2972,0.2972,0.2972,0.3004,0.2972,0.2972,0.3004,0.2972,0.2978
152,0.3004,0.2972,0.2972,0.2972,0.2972,0.2972,0.2972,0.3004,0.2972,0.2972,0.3004,0.2972,0.2978
153,0.3004,0.2972,0.2972,0.2972,0.2972,0.2972,0.2972,0.3004,0.2972,0.2972,0.3004,0.2972,0.2978
154,0.3004,0.2972,0.2972,0.2972,0.2972,0.2972,0.2972,0.3004,0.2972,0.2972,0.3004,0.2972,0.2978
155,0.3004,0.2972,0.2972,0.2972,0.2972,0.2972,0.2972,0.3004,0.2972,0.2972,0.3004,0.2972,0.2978
156,0.3004,0.2972,0.2972,0.2972,0.2972,0.2972,0.2972,0.3004,0.2972,0.2972,0.3004,0.2972,0.2978
157,0.3004,0.2972,0.2972,0.2972,0.2972,0.2972,0.2972,0.3004,0.2972,0.2972,0.3004,0.2972,0.2978
158,0.3004,0.2972,0.2972,0.2972,0.2972,0.2972,0.2972,0.3004,0.2972,0.2972,0.3004,0.2972,0.2978
159,0.3004,0.2972,0.2972,0.2972,0.2972,0.2972,0.2972,0.3004,0.2972,0.2972,0.3004,0.2972,0.2978
160,0.3004,0.2972,0.2972,0.2972,0.2972,0.2972,0.2972,0.3004,0.2972,0.2972,0.3004,0.2972,0.2978
161,0.3004,0.2972,0.2972,0.2972,0.2972,0.2972,0.2972,0.3004,0.2972,0.2972,0.3004,0.2972,0.2978
162,0.3004,0.2972,0.2972,0.2972,0.2972,0.2972,0.2972,0.3004,0.2972,0.2972,0.3004,0.2972,0.2978
163,0.3004,0.2972,0.2972,0.2972,0.2972,0.2972,0.2972,0.3004,0.2972,0.2972,0.3004,0.2972,0.2978
164,0.3004,0.2972,0.2972,0.2972,0.2972,0.2972,0.2972,0.3004,0.2972,0.2972,0.3004,0.2972,0.2978
165,0.3004,0.2972,0.2972,0.2972,0.2972,0.2972,0.2972,0.3004,0.2972,0.2972,0.3004,0.2972,0.2978
166,0.3004,0.2972,0.2972,0.2972,0.2972,0.2972,0.2972,0.3004,0.2972,0.2972,0.3004,0.2972,0.2978
167,0.3004,0.2972,0.2972,0.2972,0.2972,0.2972,0.2972,0.3004,0.2972,0.2972,0.3004,0.2972,0.2978
168,0.3004,0.2972,0.2972,0.2972,0.2972,0.2972,0.2972,0.3004,0.2972,0.2972,0.3004,0.2972,0.2978
169,0.3004,0.2972,0.2972,0.2972,0.2972,0.2972,0.2972,0.3004,0.2972,0.2972,0.3004,0.2972,0.2978
170,0.3004,0.2972,0.2972,0.2972,0.2972,0.2972,0.2972,0.3004,0.2972,0.2972,0.3004,0.2972,0.2978
171,0.3004,0.2972,0.2972,0.2972,0.2972,0.2972,0.2972,0.3004,0.2972,0.2972,0.3004,0.2972,0.2978
172,0.3004,0.2972,0.2972,0.2972,0.2972,0.2972,0.2972,0.3004,0.2972,0.2972,0.3004,0.2972,0.2978
173,0.3004,0.2972,0.2972,0.2972,0.2972,0.2972,0.2972,0.3004,0.2972,0.2972,0.3004,0.2972,0.2978
174,0.3004,0.2972,0.2972,0.2972,0.2972,0.2972,0.2972,0.3004,0.2972,0.2972,0.3004,0.2972,0.2978
175,0.3004,0.2972,0.2972,0.2972,0.2972,0.2972,0.2972,0.3004,0.2972,0.2972,0.3004,0.2972,0.2978
176,0.3004,0.2972,0.2972,0.2972,0.2972,0.2972,0.2972,0.3004,0.2972,0.2972,0.3004,0.2972,0.2978
177,0.3004,0.2972,0.2972,0.2972,0.2972,0.2972,0.2972,0.3004,0.2972,0.2972,0.3004,0.2972,0.2978
178,0.3004,0.2972,0.2972,0.2972,0.2972,0.2972,0.2972,0.3004,0.2972,0.2972,0.3004,0.2972,0.2978
179,0.3004,0.2972,0.2972,0.2972,0.2972,0.2972,0.2972,0.3004,0.2972,0.2972,0.3004,0.2972,0.2978
180,0.3004,0.2972,0.2972,0.2972,0.2972,0.2972,0.2972,0.3004,0.2972,0.2972,0.3004,0.2972,0.2978
181,0.3004,0.2972,0.2972,0.2972,0.2972,0.2972,0.2972,0.3004,0.2972,0.2972,0.3004,0.2972,0.2978
182,0.3004,0.2972,0.2972,0.2972,0.2972,0.2972,0.2972,0.3004,0.2972,0.2972,0.3004,0.2972,0.2978
183,0.3004,0.2972,0.2972,0.2972,0.2972,0.2972,0.2972,0.3004,0.2972,0.2972,0.3004,0.2972,0.2978
184,0.3004,0.2972,0.2972,0.2972,0.2972,0.2972,0.2972,0.3004,0.2972,0.2972,0.3004,0.2972,0.2978
185,0.3004,0.2972,0.2972,0.2972,0.2972,0.2972,0.2972,0.3004,0.2972,0.2972,0.3004,0.2972,0.2978
186,0.3004,0.2972,0.2972,0.2972,0.2972,0.2972,0.2972,0.3004,0.2972,0.2972,0.3004,0.2972,0.2978
187,0.3004,0.2972,0.2972,0.2972,0.2972,0.2972,0.2972,0.3004,0.2972,0.2972,0.3004,0.2972,0.2978
188,0.3004,0.2972,0.2972,0.2972,0.2972,0.2972,0.2972,0.3004,0.2972,0.2972,0.3004,0.2972,0.2978
189,0.3004,0.2972,0.2972,0.2972,0.2972,0.2972,0.2972,0.3004,0.2972,0.2972,0.3004,0.2972,0.2978
190,0.3004,0.2972,0.2972,0.2972,0.2972,0.2972,0.2972,0.3004,0.2972,0.2972,0.3004,0.2972,0.2978
191,0.3004,0.2972,0.2972,0.2972,0.2972,0.2972,0.2972,0.3004,0.2972,0.2972,0.3004,0.2972,0.2978
192,0.3004,0.2972,0.2972,0.2972,0.2972,0.2972,0.2972,0.3004,0.2972,0.2972,0.3004,0.2972,0.2978
193,0.3004,0.2972,0.2972,0.2972,0.2972,0.2972,0.2972,0.3004,0.2972,0.2972,0.3004,0.2972,0.2978
194,0.3004,0.2972,0.2972,0.2972,0.2972,0.2972,0.2972,0.3004,0.2972,0.2972,0.3004,0.2972,0.2978
195,0.3004,0.2972,0.2972,0.2972,0.2972,0.2972,0.2972,0.3004,0.2972,0.2972,0.3004,0.2972,0.2978
196,0.3004,0.2972,0.2972,0.2972,0.2972,0.2972,0.2972,0.3004,0.2972,0.2972,0.3004,0.2972,0.2978
197,0.3004,0.2972,0.2972,0.2972,0.2972,0.2972,0.2972,0.3004,0.2972,0.2972,0.3004,0.2972,0.2978
198,0.3004,0.2972,0.2972,0.2972,0.2972,0.2972,0.2972,0.3004,0.2972,0.2972,0.3004,0.2972,0.2978
199,0.3004,0.2972,0.2972,0.2972,0.2972,0.2972,0.2972,0.3004,0.2972,0.2972,0.3004,0.2972,0.2978
200,0.3004,0.2972,0.2972,0.2972,0.2972,0.2972,0.2972,0.3004,0.2972,0.2972,0.3004,0.2972,0.2978
201,0.3004,0.2972,0.2972,0.2972,0.2972,0.2972,0.2972,0.3004,0.2972,0.2972,0.3004,0.2972,0.2978
202,0.3004,0.2972,0.2972,0.2972,0.2972,0.2972,0.2972,0.3004,0.2972,0.2972,0.3004,0.2972,0.2978
203,0.3004,0.2972,0.2972,0.2972,0.2972,0.2972,0.2972,0.3004,0.2972,0.2972,0.3004,0.2972,0.2978
204,0.3004,0.2972,0.2972,0.2972,0.2972,0.2972,0.2972,0.3004,0.2972,0.2972,0.3004,0.2972,0.2978
205,0.3004,0.2972,0.2972,0.2972,0.2972,0.2972,0.2972,0.3004,0.2972,0.2972,0.3004,0.2972,0.2978
206,0.3004,0.2972,0.2972,0.2972,0.2972,0.2972,0.2972,0.3004,0.2972,0.2972,0.3004,0.2972,0.2978
207,0.3004,0.2972,0.2972,0.2972,0.2972,0.2972,0.2972,0.3004,0.2972,0.2972,0.3004,0.2972,0.2978
208,0.3004,0.2972,0.2972,0.2972,0.2972,0.2972,0.2972,0.3004,0.2972,0.2972,0.3004,0.2972,0.2978
209,0.3004,0.2972,0.2972,0.2972,0.2972,0.2972,0.2972,0.3004,0.2972,0.2972,0.3004,0.2972,0.2978
210,0.3004,0.2972,0.2972,0.2972,0.2972,0.2972,0.2972,0.3004,0.2972,0.2972,0.3004,0.2972,0.2978
211,0.3004,0.2972,0.2972,0.2972,0.2972,0.2972,0.2972,0.3004,0.2972,0.2972,0.3004,0.2972,0.2978
212,0.3004,0.2972,0.2972,0.2972,0.2972,0.2972,0.2972,0.3004,0.2972,0.2972,0.3004,0.2972,0.2978
213,0.3004,0.2972,0.2972,0.2972,0.2972,0.2972,0.2972,0.3004,0.2972,0.2972,0.3004,0.2972,0.2978
214,0.3004,0.2972,0.2972,0.2972,0.2972,0.2972,0.2972,0.3004,0.2972,0.2972,0.3004,0.2972,0.2978
215,0.3004,0.2972,0.2972,0.2972,0.2972,0.2972,0.2972,0.3004,0.2972,0.2972,0.3004,0.2972,0.2978
216,0.3004,0.2972,0.2972,0.2972,0.2972,0.2972,0.2972,0.3004,0.2972,0.2972,0.3004,0.2972,0.2978
217,0.3004,0.2972,0.2972,0.2972,0.2972,0.2972,0.2972,0.3004,0.2972,0.2972,0.3004,0.2972,0.2978
218,0.3004,0.2972,0.2972,0.2972,0.2972,0.2972,0.2972,0.3004,0.2972,0.2972,0.3004,0.2972,0.2978
219,0.3004,0.2972,0.2972,0.2972,0.2972,0.2972,0.2972,0.3004,0.2972,0.2972,0.3004,0.2972,0.2978
220,0.3004,0.2972,0.2972,0.2972,0.2972,0.2972,0.2972,0.3004,0.2972,0.2972,0.3004,0.2972,0.2978
221,0.3004,0.2972,0.2972,0.2972,0.2972,0.2972,0.2972,0.3004,0.2972,0.2972,0.3004,0.2972,0.2978
222,0.3004,0.2972,0.2972,0.2972,0.2972,0.2972,0.2972,0.3004,0.2972,0.2972,0.3004,0.2972,0.2978
223,0.3004,0.2972,0.2972,0.2972,0.2972,0.2972,0.2972,0.3004,0.2972,0.2972,0.3004,0.2972,0.2978
224,0.3004,0.2972,0.2972,0.2972,0.2972,0.2972,0.2972,0.3004,0.2972,0.2972,0.3004,0.2972,0.2978
225,0.3004,0.2972,0.2972,0.2972,0.2972,0.2972,0.2972,0.3004,0.2972,0.2972,0.3004,0.2972,0.2978
226,0.3004,0.2972,0.2972,0.2972,0.2972,0.2972,0.2972,0.3004,0.2972,0.2972,0.3004,0.2972,0.2978
227,0.3004,0.2972,0.2972,0.2972,0.2972,0.2972,0.2972,0.3004,0.2972,0.2972,0.3004,0.2972,0.2978
228,0.3004,0.2972,0.2972,0.2972,0.2972,0.2972,0.2972,0.3004,0.2972,0.2972,0.3004,0.2972,0.2978
229,0.3004,0.2972,0.2972,0.2972,0.2972,0.2972,0.2972,0.3004,0.2972,0.2972,0.3004,0.2972,0.2978
230,0.3004,0.2972,0.2972,0.2972,0.2972,0.2972,0.2972,0.3004,0.2972,0.2972,0.3004,0.2972,0.2978
231,0.3004,0.2972,0.2972,0.2972,0.2972,0.2972,0.2972,0.3004,0.2972,0.2972,0.3004,0.2972,0.2978
232,0.3004,0.2972,0.2972,0.2972,0.2972,0.2972,0.2972,0.3004,0.2972,0.2972,0.3004,0.2972,0.2978
233,0.3004,0.2972,0.2972,0.2972,0.2972,0.2972,0.2972,0.3004,0.2972,0.2972,0.3004,0.2972,0.2978
234,0.3004,0.2972,0.2972,0.2972,0.2972,0.2972,0.2972,0.3004,0.2972,0.2972,0.3004,0.2972,0.2978
235,0.3004,0.2972,0.2972,0.2972,0.2972,0.2972,0.2972,0.3004,0.2972,0.2972,0.3004,0.2972,0.2978
236,0.3004,0.2972,0.2972,0.2972,0.2972,0.2972,0.2972,0.3004,0.2972,0.2972,0.3004,0.2972,0.2978
237,0.3004,0.2972,0.2972,0.2972,0.2972,0.2972,0.2972,0.3004,0.2972,0.2972,0.3004,0.2972,0.2978
238,0.3004,0.2972,0.2972,0.2972,0.2972,0.2972,0.2972,0.3004,0.2972,0.2972,0.3004,0.2972,0.2978
239,0.3004,0.2972,0.2972,0.2972,0.2972,0.2972,0.2972,0.3004,0.2972,0.2972,0.3004,0.2972,0.2978
240,0.3004,0.2972,0.2972,0.2972,0.2972,0.2972,0.2972,0.3004,0.2972,0.2972,0.3004,0.2972,0.2978
241,0.3004,0.2972,0.2972,0.2972,0.2972,0.2972,0.2972,0.3004,0.2972,0.2972,0.3004,0.2972,0.2978
242,0.3004,0.2972,0.2972,0.2972,0.2972,0.2972,0.2972,0.3004,0.2972,0.2972,0.3004,0.2972,0.2978
243,0.3004,0.2972,0.2972,0.2972,0.2972,0.2972,0.2972,0.3004,0.2972,0.2972,0.3004,0.2972,0.2978
244,0.3004,0.2972,0.2972,0.2972,0.2972,0.2972,0.2972,0.3004,0.2972,0.2972,0.3004,0.2972,0.2978
245,0.3004,0.2972,0.2972,0.2972,0.2972,0.2972,0.2972,0.3004,0.2972,0.2972,0.3004,0.2972,0.2978
246,0.3004,0.2972,0.2972,0.2972,0.2972,0.2972,0.2972,0.3004,0.2972,0.2972,0.3004,0.2972,0.2978
247,0.3004,0.2972,0.2972,0.2972,0.2972,0.2972,0.2972,0.3004,0.2972,0.2972,0.3004,0.2972,0.2978
248,0.3004,0.2972,0.2972,0.2972,0.2972,0.2972,0.2972,0.3004,0.2972,0.2972,0.3004,0.2972,0.2978
249,0.3004,0.2972,0.2972,0.2972,0.2972,0.2972,0.2972,0.3004,0.2972,0.2972,0.3004,0.2972,0.2978
250,0.3004,0.2972,0.2972,0.2972,0.2972,0.2972,0.2972,0.3004,0.2972,0.2972,0.3004,0.2972,0.2978
251,0.3004,0.2972,0.2972,0.2972,0.2972,0.2972,0.2972,0.3004,0.2972,0.2972,0.3004,0.2972,0.2978
252,0.3004,0.2972,0.2972,0.2972,0.2972,0.2972,0.2972,0.3004,0.2972,0.2972,0.3004,0.2972,0.2978
253,0.3004,0.2972,0.2972,0.2972,0.2972,0.2972,0.2972,0.3004,0.2972,0.2972,0.3004,0.2972,0.2978
254,0.3004,0.2972,0.2972,0.2972,0.2972,0.2972,0.2972,0.3004,0.2972,0.2972,0.3004,0.2972,0.2978
255,0.3004,0.2972,0.2972,0.2972,0.2972,0.2972,0.2972,0.3004,0.2972,0.2972,0.3004,0.2972,0.2978
256,0.3004,0.2972,0.2972,0.2972,0.2972,0.2972,0.2972,0.3004,0.2972,0.2972,0.3004,0.2972,0.2978
257,0.3004,0.2972,0.2972,0.2972,0.2972,0.2972,0.2972,0.3004,0.2972,0.2972,0.3004,0.2972,0.2978
258,0.3004,0.2972,0.2972,0.2972,0.2972,0.2972,0.2972,0.3004,0.2972,0.2972,0.3004,0.2972,0.2978
259,0.3004,0.2972,0.2972,0.2972,0.2972,0.2972,0.2972,0.3004,0.2972,0.2972,0.3004,0.2972,0.2978
260,0.3004,0.2972,0.2972,0.2972,0.2972,0.2972,0.2972,0.3004,0.2972,0.2972,0.3004,0.2972,0.2978
261,0.3004,0.2972,0.2972,0.2972,0.2972,0.2972,0.2972,0.3004,0.2972,0.2972,0.3004,0.2972,0.2978
262,0.3004,0.2972,0.2972,0.2972,0.2972,0.2972,0.2972,0.3004,0.2972,0.2972,0.3004,0.2972,0.2978
263,0.3004,0.2972,0.2972,0.2972,0.2972,0.2972,0.2972,0.3004,0.2972,0.2972,0.3004,0.2972,0.2978
264,0.3004,0.2972,0.2972,0.2972,0.2972,0.2972,0.2972,0.3004,0.2972,0.2972,0.3004,0.2972,0.2978
265,0.3004,0.2972,0.2972,0.2972,0.2972,0.2972,0.2972,0.3004,0.2972,0.2972,0.3004,0.2972,0.2978
266,0.3004,0.2972,0.2972,0.2972,0.2972,0.2972,0.2972,0.3004,0.2972,0.2972,0.3004,0.2972,0.2978
267,0.3004,0.2972,0.2972,0.2972,0.2972,0.2972,0.2972,0.3004,0.2972,0.2972,0.3004,0.2972,0.2978
268,0.3004,0.2972,0.2972,0.2972,0.2972,0.2972,0.2972,0.3004,0.2972,0.2972,0.3004,0.2972,0.2978
269,0.3004,0.2972,0.2972,0.2972,0.2972,0.2972,0.2972,0.3004,0.2972,0.2972,0.3004,0.2972,0.2978
270,0.3004,0.2972,0.2972,0.2972,0.2972,0.2972,0.2972,0.3004,0.2972,0.2972,0.3004,0.2972,0.2978
271,0.3004,0.2972,0.2972,0.2972,0.2972,0.2972,0.2972,0.3004,0.2972,0.2972,0.3004,0.2972,0.2978
272,0.3004,0.2972,0.2972,0.2972,0.2972,0.2972,0.2972,0.3004,0.2972,0.2972,0.3004,0.2972,0.2978
273,0.3004,0.2972,0.2972,0.2972,0.2972,0.2972,0.2972,0.3004,0.2972,0.2972,0.3004,0.2972,0.2978
274,0.3004,0.2972,0.2972,0.2972,0.2972,0.2972,0.2972,0.3004,0.2972,0.2972,0.3004,0.2972,0.2978
275,0.3004,0.2972,0.2972,0.2972,0.2972,0.2972,0.2972,0.3004,0.2972,0.2972,0.3004,0.2972,0.2978
276,0.3004,0.2972,0.2972,0.2972,0.2972,0.2972,0.2972,0.3004,0.2972,0.2972,0.3004,0.2972,0.2978
277,0.3004,0.2972,0.2972,0.2972,0.2972,0.2972,0.2972,0.3004,0.2972,0.2972,0.3004,0.2972,0.2978
278,0.3004,0.2972,0.2972,0.2972,0.2972,0.2972,0.2972,0.3004,0.2972,0.2972,0.3004,0.2972,0.2978
279,0.3004,0.2972,0.2972,0.2972,0.2972,0.2972,0.2972,0.3004,0.2972,0.2972,0.3004,0.2972,0.2978
280,0.3004,0.2972,0.2972,0.2972,0.2972,0.2972,0.2972,0.3004,0.2972,0.2972,0.3004,0.2972,0.2978
281,0.3004,0.2972,0.2972,0.2972,0.2972,0.2972,0.2972,0.3004,0.2972,0.2972,0.3004,0.2972,0.2978
282,0.3004,0.2972,0.2972,0.2972,0.2972,0.2972,0.2972,0.3004,0.2972,0.2972,0.3004,0.2972,0.2978
283,0.3004,0.2972,0.2972,0.2972,0.2972,0.2972,0.2972,0.3004,0.2972,0.2972,0.3004,0.2972,0.2978
284,0.3004,0.2972,0.2972,0.2972,0.2972,0.2972,0.2972,0.3004,0.2972,0.2972,0.3004,0.2972,0.2978
285,0.3004,0.2972,0.2972,0.2972,0.2972,0.2972,0.2972,0.3004,0.2972,0.2972,0.3004,0.2972,0.2978
286,0.3004,0.2972,0.2972,0.2972,0.2972,0.2972,0.2972,0.3004,0.2972,0.2972,0.3004,0.2972,0.2978
287,0.3004,0.2972,0.2972,0.2972,0.2972,0.2972,0.2972,0.3004,0.2972,0.2972,0.3004,0.2972,0.2978
288,0.3004,0.2972,0.2972,0.2972,0.2972,0.2972,0.2972,0.3004,0.2972,0.2972,0.3004,0.2972,0.2978
289,0.3004,0.2972,0.2972,0.2972,0.2972,0.2972,0.2972,0.3004,0.2972,0.2972,0.3004,0.2972,0.2978
290,0.3004,0.2972,0.2972,0.2972,0.2972,0.2972,0.2972,0.3004,0.2972,0.2972,0.3004,0.2972,0.2978
291,0.3004,0.2972,0.2972,0.2972,0.2972,0.2972,0.2972,0.3004,0.2972,0.2972,0.3004,0.2972,0.2978
292,0.3004,0.2972,0.2972,0.2972,0.2972,0.2972,0.2972,0.3004,0.2972,0.2972,0.3004,0.2972,0.2978
293,0.3004,0.2972,0.2972,0.2972,0.2972,0.2972,0.2972,0.3004,0.2972,0.2972,0.3004,0.2972,0.2978
294,0.3004,0.2972,0.2972,0.2972,0.2972,0.2972,0.2972,0.3004,0.2972,0.2972,0.3004,0.2972,0.2978
295,0.3004,0.2972,0.2972,0.2972,0.2972,0.2972,0.2972,0.3004,0.2972,0.2972,0.3004,0.2972,0.2978
296,0.3004,0.2972,0.2972,0.2972,0.2972,0.2972,0.2972,0.3004,0.2972,0.2972,0.3004,0.2972,0.2978
297,0.3004,0.2972,0.2972,0.2972,0.2972,0.2972,0.2972,0.3004,0.2972,0.2972,0.3004,0.2972,0.2978
298,0.3004,0.2972,0.2972,0.2972,0.2972,0.2972,0.2972,0.3004,0.2972,0.2972,0.3004,0.2972,0.2978
299,0.3004,0.2972,0.2972,0.2972,0.2972,0.2972,0.2972,0.3004,0.2972,0.2972,0.3004,0.2972,0.2978
300,0.3004,0.2972,0.2972,0.2972,0.2972,0.2972,0.2972,0.3004,0.2972,0.2972,0.3004,0.2972,0.2978
301,0.3004,0.2972,0.2972,0.2972,0.2972,0.2972,0.2972,0.3004,0.2972,0.2972,0.3004,0.2972,0.2978
302,0.3004,0.2972,0.2972,0.2972,0.2972,0.2972,0.2972,0.3004,0.2972,0.2972,0.3004,0.2972,0.2978
303,0.3004,0.2972,0.2972,0.2972,0.2972,0.2972,0.2972,0.3004,0.2972,0.2972,0.3004,0.2972,0.2978
304,0.3004,0.2972,0.2972,0.2972,0.2972,0.2972,0.2972,0.3004,0.2972,0.2972,0.3004,0.2972,0.2978
305,0.3004,0.2972,0.2972,0.2972,0.2972,0.2972,0.2972,0.3004,0.2972,0.2972,0.3004,0.2972,0.2978
306,0.3004,0.2972,0.2972,0.2972,0.2972,0.2972,0.2972,0.3004,0.2972,0.2972,0.3004,0.2972,0.2978
307,0.3004,0.2972,0.2972,0.2972,0.2972,0.2972,0.2972,0.3004,0.2972,0.2972,0.3004,0.2972,0.2978
308,0.3004,0.2972,0.2972,0.2972,0.2972,0.2972,0.2972,0.3004,0.2972,0.2972,0.3004,0.2972,0.2978
309,0.3004,0.2972,0.2972,0.2972,0.2972,0.2972,0.2972,0.3004,0.2972,0.2972,0.3004,0.2972,0.2978
310,0.3004,0.2972,0.2972,0.2972,0.2972,0.2972,0.2972,0.3004,0.2972,0.2972,0.3004,0.2972,0.2978
311,0.3004,0.2972,0.2972,0.2972,0.2972,0.2972,0.2972,0.3004,0.2972,0.2972,0.3004,0.2972,0.2978
312,0.3004,0.2972,0.2972,0.2972,0.2972,0.2972,0.2972,0.3004,0.2972,0.2972,0.3004,0.2972,0.2978
313,0.3004,0.2972,0.2972,0.2972,0.2972,0.2972,0.2972,0.3004,0.2972,0.2972,0.3004,0.2972,0.2978
314,0.3004,0.2972,0.2972,0.2972,0.2972,0.2972,0.2972,0.3004,0.2972,0.2972,0.3004,0.2972,0.2978
315,0.3004,0.2972,0.2972,0.2972,0.2972,0.2972,0.2972,0.3004,0.2972,0.2972,0.3004,0.2972,0.2978
316,0.3004,0.2972,0.2972,0.2972,0.2972,0.2972,0.2972,0.3004,0.2972,0.2972,0.3004,0.2972,0.2978
317,0.3004,0.2972,0.2972,0.2972,0.2972,0.2972,0.2972,0.3004,0.2972,0.2972,0.3004,0.2972,0.2978
318,0.3004,0.2972,0.2972,0.2972,0.2972,0.2972,0.2972,0.3004,0.2972,0.2972,0.3004,0.2972,0.2978
319,0.3004,0.2972,0.2972,0.2972,0.2972,0.2972,0.2972,0.3004,0.2972,0.2972,0.3004,0.2972,0.2978
320,0.3004,0.2972,0.2972,0.2972,0.2972,0.2972,0.2972,0.3004,0.2972,0.2972,0.3004,0.2972,0.2978
321,0.3004,0.2972,0.2972,0.2972,0.2972,0.2972,0.2972,0.3004,0.2972,0.2972,0.3004,0.2972,0.2978
322,0.3004,0.2972,0.2972,0.2972,0.2972,0.2972,0.2972,0.3004,0.2972,0.2972,0.3004,0.2972,0.2978
323,0.3004,0.2972,0.2972,0.2972,0.2972,0.2972,0.2972,0.3004,0.2972,0.2972,0.3004,0.2972,0.2978
324,0.3004,0.2972,0.2972,0.2972,0.2972,0.2972,0.2972,0.3004,0.2972,0.2972,0.3004,0.2972,0.2978
325,0.3004,0.2972,0.2972,0.2972,0.2972,0.2972,0.2972,0.3004,0.2972,0.2972,0.3004,0.2972,0.2978
326,0.3004,0.2972,0.2972,0.2972,0.2972,0.2972,0.2972,0.3004,0.2972,0.2972,0.3004,0.2972,0.2978
327,0.3004,0.2972,0.2972,0.2972,0.2972,0.2972,0.2972,0.3004,0.2972,0.2972,0.3004,0.2972,0.2978
328,0.3004,0.2972,0.2972,0.2972,0.2972,0.2972,0.2972,0.3004,0.2972,0.2972,0.3004,0.2972,0.2978
329,0.3004,0.2972,0.2972,0.2972,0.2972,0.2972,0.2972,0.3004,0.2972,0.2972,0.3004,0.2972,0.2978
330,0.3004,0.2972,0.2972,0.2972,0.2972,0.2972,0.2972,0.3004,0.2972,0.2972,0.3004,0.2972,0.2978
331,0.3004,0.2972,0.2972,0.2972,0.2972,0.2972,0.2972,0.3004,0.2972,0.2972,0.3004,0.2972,0.2978
332,0.3004,0.2972,0.2972,0.2972,0.2972,0.2972,0.2972,0.3004,0.2972,0.2972,0.3004,0.2972,0.2978
333,0.3004,0.2972,0.2972,0.2972,0.2972,0.2972,0.2972,0.3004,0.2972,0.2972,0.3004,0.2972,0.2978
334,0.3004,0.2972,0.2972,0.2972,0.2972,0.2972,0.2972,0.3004,0.2972,0.2972,0.3004,0.2972,0.2978
335,0.3004,0.2972,0.2972,0.2972,0.2972,0.2972,0.2972,0.3004,0.2972,0.2972,0.3004,0.2972,0.2978
336,0.3004,0.2972,0.2972,0.2972,0.2972,0.2972,0.2972,0.3004,0.2972,0.2972,0.3004,0.2972,0.2978
337,0.3004,0.2972,0.2972,0.2972,0.2972,0.2972,0.2972,0.3004,0.2972,0.2972,0.3004,0.2972,0.2978
338,0.3004,0.2972,0.2972,0.2972,0.2972,0.2972,0.2972,0.3004,0.2972,0.2972,0.3004,0.2972,0.2978
339,0.3004,0.2972,0.2972,0.2972,0.2972,0.2972,0.2972,0.3004,0.2972,0.2972,0.3004,0.2972,0.2978
340,0.3004,0.2972,0.2972,0.2972,0.2972,0.2972,0.2972,0.3004,0.2972,0.2972,0.3004,0.2972,0.2978
341,0.3004,0.2972,0.2972,0.2972,0.2972,0.2972,0.2972,0.3004,0.2972,0.2972,0.3004,0.2972,0.2978
342,0.3004,0.2972,0.2972,0.2972,0.2972,0.2972,0.2972,0.3004,0.2972,0.2972,0.3004,0.2972,0.2978
343,0.3004,0.2972,0.2972,0.2972,0.2972,0.2972,0.2972,0.3004,0.2972,0.2972,0.3004,0.2972,0.2978
344,0.3004,0.2972,0.2972,0.2972,0.2972,0.2972,0.2972,0.3004,0.2972,0.2972,0.3004,0.2972,0.2978
345,0.3004,0.2972,0.2972,0.2972,0.2972,0.2972,0.2972,0.3004,0.2972,0.2972,0.3004,0.2972,0.2978
346,0.3004,0.2972,0.2972,0.2972,0.2972,0.2972,0.2972,0.3004,0.2972,0.2972,0.3004,0.2972,0.2978
347,0.3004,0.2972,0.2972,0.2972,0.2972,0.2972,0.2972,0.3004,0.2972,0.2972,0.3004,0.2972,0.2978
348,0.3004,0.2972,0.2972,0.2972,0.2972,0.2972,0.2972,0.3004,0.2972,0.2972,0.3004,0.2972,0.2978
349,0.3004,0.2972,0.2972,0.2972,0.2972,0.2972,0.2972,0.3004,0.2972,0.2972,0.3004,0.2972,0.2978
350,0.3004,0.2972,0.2972,0.2972,0.2972,0.2972,0.2972,0.3004,0.2972,0.2972,0.3004,0.2972,0.2978
351,0.3004,0.2972,0.2972,0.2972,0.2972,0.2972,0.2972,0.3004,0.2972,0.2972,0.3004,0.2972,0.2978
352,0.3004,0.2972,0.2972,0.2972,0.2972,0.2972,0.2972,0.3004,0.2972,0.2972,0.3004,0.2972,0.2978
353,0.3004,0.2972,0.2972,0.2972,0.2972,0.2972,0.2972,0.3004,0.2972,0.2972,0.3004,0.2972,0.2978
354,0.3004,0.2972,0.2972,0.2972,0.2972,0.2972,0.2972,0.3004,0.2972,0.2972,0.3004,0.2972,0.2978
355,0.3004,0.2972,0.2972,0.2972,0.2972,0.2972,0.2972,0.3004,0.2972,0.2972,0.3004,0.2972,0.2978
356,0.3004,0.2972,0.2972,0.2972,0.2972,0.2972,0.2972,0.3004,0.2972,0.2972,0.3004,0.2972,0.2978
357,0.3004,0.2972,0.2972,0.2972,0.2972,0.2972,0.2972,0.3004,0.2972,0.2972,0.3004,0.2972,0.2978
358,0.3004,0.2972,0.2972,0.2972,0.2972,0.2972,0.2972,0.3004,0.2972,0.2972,0.3004,0.2972,0.2978
359,0.3004,0.2972,0.2972,0.2972,0.2972,0.2972,0.2972,0.3004,0.2972,0.2972,0.3004,0.2972,0.2978
360,0.3004,0.2972,0.2972,0.2972,0.2972,0.2972,0.2972,0.3004,0.2972,0.2972,0.3004,0.2972,0.2978
361,0.3004,0.2972,0.2972,0.2972,0.2972,0.2972,0.2972,0.3004,0.2972,0.2972,0.3004,0.2972,0.2978
362,0.3004,0.2972,0.2972,0.2972,0.2972,0.2972,0.2972,0.3004,0.2972,0.2972,0.3004,0.2972,0.2978
363,0.3004,0.2972,0.2972,0.2972,0.2972,0.2972,0.2972,0.3004,0.2972,0.2972,0.3004,0.2972,0.2978
364,0.3004,0.2972,0.2972,0.2972,0.2972,0.2972,0.2972,0.3004,0.2972,0.2972,0.3004,0.2972,0.2978
365,0.3004,0.2972,0.2972,0.2972,0.2972,0.2972,0.2972,0.3004,0.2972,0.2972,0.3004,0.2972,0.2978
366,0.3004,0.2972,0.2972,0.2972,0.2972,0.2972,0.2972,0.3004,0.2972,0.2972,0.3004,0.2972,0.2978
367,0.3004,0.2972,0.2972,0.2972,0.2972,0.2972,0.2972,0.3004,0.2972,0.2972,0.3004,0.2972,0.2978
368,0.3004,0.2972,0.2972,0.2972,0.2972,0.2972,0.2972,0.3004,0.2972,0.2972,0.3004,0.2972,0.2978
369,0.3004,0.2972,0.2972,0.2972,0.2972,0.2972,0.2972,0.3004,0.2972,0.2972,0.3004,0.2972,0.2978
370,0.3004,0.2972,0.2972,0.2972,0.2972,0.2972,0.2972,0.3004,0.2972,0.2972,0.3004,0.2972,0.2978
371,0.3004,0.2972,0.2972,0.2972,0.2972,0.2972,0.2972,0.3004,0.2972,0.2972,0.3004,0.2972,0.2978
372,0.3004,0.2972,0.2972,0.2972,0.2972,0.2972,0.2972,0.3004,0.2972,0.2972,0.3004,0.2972,0.2978
373,0.3004,0.2972,0.2972,0.2972,0.2972,0.2972,0.2972,0.3004,0.2972,0.2972,0.3004,0.2972,0.2978
374,0.3004,0.2972,0.2972,0.2972,0.2972,0.2972,0.2972,0.3004,0.2972,0.2972,0.3004,0.2972,0.2978
375,0.3004,0.2972,0.2972,0.2972,0.2972,0.2972,0.2972,0.3004,0.2972,0.2972,0.3004,0.2972,0.2978
376,0.3004,0.2972,0.2972,0.2972,0.2972,0.2972,0.2972,0.3004,0.2972,0.2972,0.3004,0.2972,0.2978
377,0.3004,0.2972,0.2972,0.2972,0.2972,0.2972,0.2972,0.3004,0.2972,0.2972,0.3004,0.2972,0.2978
378,0.3004,0.2972,0.2972,0.2972,0.2972,0.2972,0.2972,0.3004,0.2972,0.2972,0.3004,0.2972,0.2978
379,0.3004,0.2972,0.2972,0.2972,0.2972,0.2972,0.2972,0.3004,0.2972,0.2972,0.3004,0.2972,0.2978
380,0.3004,0.2972,0.2972,0.2972,0.2972,0.2972,0.2972,0.3004,0.2972,0.2972,0.3004,0.2972,0.2978
381,0.3004,0.2972,0.2972,0.2972,0.2972,0.2972,0.2972,0.3004,0.2972,0.2972,0.3004,0.2972,0.2978
382,0.3004,0.2972,0.2972,0.2972,0.2972,0.2972,0.2972,0.3004,0.2972,0.2972,0.3004,0.2972,0.2978
383,0.3004,0.2972,0.2972,0.2972,0.2972,0.2972,0.2972,0.3004,0.2972,0.2972,0.3004,0.2972,0.2978
384,0.3004,0.2972,0.2972,0.2972,0.2972,0.2972,0.2972,0.3004,0.2972,0.2972,0.3004,0.2972,0.2978
385,0.3004,0.2972,0.2972,0.2972,0.2972,0.2972,0.2972,0.3004,0.2972,0.2972,0.3004,0.2972,0.2978
386,0.3004,0.2972,0.2972,0.2972,0.2972,0.2972,0.2972,0.3004,0.2972,0.2972,0.3004,0.2972,0.2978
387,0.3004,0.2972,0.2972,0.2972,0.2972,0.2972,0.2972,0.3004,0.2972,0.2972,0.3004,0.2972,0.2978
388,0.3004,0.2972,0.2972,0.2972,0.2972,0.2972,0.2972,0.3004,0.2972,0.2972,0.3004,0.2972,0.2978
389,0.3004,0.2972,0.2972,0.2972,0.2972,0.2972,0.2972,0.3004,0.2972,0.2972,0.3004,0.2972,0.2978
390,0.3004,0.2972,0.2972,0.2972,0.2972,0.2972,0.2972,0.3004,0.2972,0.2972,0.3004,0.2972,0.2978
391,0.3004,0.2972,0.2972,0.2972,0.2972,0.2972,0.2972,0.3004,0.2972,0.2972,0.3004,0.2972,0.2978
392,0.3004,0.2972,0.2972,0.2972,0.2972,0.2972,0.2972,0.3004,0.2972,0.2972,0.3004,0.2972,0.2978
393,0.3004,0.2972,0.2972,0.2972,0.2972,0.2972,0.2972,0.3004,0.2972,0.2972,0.3004,0.2972,0.2978
394,0.3004,0.2972,0.2972,0.2972,0.2972,0.2972,0.2972,0.3004,0.2972,0.2972,0.3004,0.2972,0.2978
395,0.3004,0.2972,0.2972,0.2972,0.2972,0.2972,0.2972,0.3004,0.2972,0.2972,0.3004,0.2972,0.2978
396,0.3004,0.2972,0.2972,0.2972,0.2972,0.2972,0.2972,0.3004,0.2972,0.2972,0.3004,0.2972,0.2978
397,0.3004,0.2972,0.2972,0.2972,0.2972,0.2972,0.2972,0.3004,0.2972,0.2972,0.3004,0.2972,0.2978
398,0.3004,0.2972,0.2972,0.2972,0.2972,0.2972,0.2972,0.3004,0.2972,0.2972,0.3004,0.2972,0.2978
399,0.3004,0.2972,0.2972,0.2972,0.2972,0.2972,0.2972,0.3004,0.2972,0.2972,0.3004,0.2972,0.2978
400,0.3004,0.2972,0.2972,0.2972,0.2972,0.2972,0.2972,0.3004,0.2972,0.2972,0.3004,0.2972,0.2978
401,0.3004,0.2972,0.2972,0.2972,0.2972,0.2972,0.2972,0.3004,0.2972,0.2972,0.3004,0.2972,0.2978
402,0.3004,0.2972,0.2972,0.2972,0.2972,0.2972,0.2972,0.3004,0.2972,0.2972,0.3004,0.2972,0.2978
403,0.3004,0.2972,0.2972,0.2972,0.2972,0.2972,0.2972,0.3004,0.2972,0.2972,0.3004,0.2972,0.2978
404,0.3004,0.2972,0.2972,0.2972,0.2972,0.2972,0.2972,0.3004,0.2972,0.2972,0.3004,0.2972,0.2978
405,0.3004,0.2972,0.2972,0.2972,0.2972,0.2972,0.2972,0.3004,0.2972,0.2972,0.3004,0.2972,0.2978
406,0.3004,0.2972,0.2972,0.2972,0.2972,0.2972,0.2972,0.3004,0.2972,0.2972,0.3004,0.2972,0.2978
407,0.3004,0.2972,0.2972,0.2972,0.2972,0.2972,0.2972,0.3004,0.2972,0.2972,0.3004,0.2972,0.2978
408,0.3004,0.2972,0.2972,0.2972,0.2972,0.2972,0.2972,0.3004,0.2972,0.2972,0.3004,0.2972,0.2978
409,0.3004,0.2972,0.2972,0.2972,0.2972,0.2972,0.2972,0.3004,0.2972,0.2972,0.3004,0.2972,0.2978
410,0.3004,0.2972,0.2972,0.2972,0.2972,0.2972,0.2972,0.3004,0.2972,0.2972,0.3004,0.2972,0.2978
411,0.3004,0.2972,0.2972,0.2972,0.2972,0.2972,0.2972,0.3004,0.2972,0.2972,0.3004,0.2972,0.2978
412,0.3004,0.2972,0.2972,0.2972,0.2972,0.2972,0.2972,0.3004,0.2972,0.2972,0.3004,0.2972,0.2978
413,0.3004,0.2972,0.2972,0.2972,0.2972,0.2972,0.2972,0.3004,0.2972,0.2972,0.3004,0.2972,0.2978
414,0.3004,0.2972,0.2972,0.2972,0.2972,0.2972,0.2972,0.3004,0.2972,0.2972,0.3004,0.2972,0.2978
415,0.3004,0.2972,0.2972,0.2972,0.2972,0.2972,0.2972,0.3004,0.2972,0.2972,0.3004,0.2972,0.2978
416,0.3004,0.2972,0.2972,0.2972,0.2972,0.2972,0.2972,0.3004,0.2972,0.2972,0.3004,0.2972,0.2978
417,0.3004,0.2972,0.2972,0.2972,0.2972,0.2972,0.2972,0.3004,0.2972,0.2972,0.3004,0.2972,0.2978
418,0.3004,0.2972,0.2972,0.2972,0.2972,0.2972,0.2972,0.3004,0.2972,0.2972,0.3004,0.2972,0.2978
419,0.3004,0.2972,0.2972,0.2972,0.2972,0.2972,0.2972,0.3004,0.2972,0.2972,0.3004,0.2972,0.2978
420,0.3004,0.2972,0.2972,0.2972,0.2972,0.2972,0.2972,0.3004,0.2972,0.2972,0.3004,0.2972,0.2978
421,0.3004,0.2972,0.2972,0.2972,0.2972,0.2972,0.2972,0.3004,0.2972,0.2972,0.3004,0.2972,0.2978
422,0.3004,0.2972,0.2972,0.2972,0.2972,0.2972,0.2972,0.3004,0.2972,0.2972,0.3004,0.2972,0.2978
423,0.3004,0.2972,0.2972,0.2972,0.2972,0.2972,0.2972,0.3004,0.2972,0.2972,0.3004,0.2972,0.2978
424,0.3004,0.2972,0.2972,0.2972,0.2972,0.2972,0.2972,0.3004,0.2972,0.2972,0.3004,0.2972,0.2978
425,0.3004,0.2972,0.2972,0.2972,0.2972,0.2972,0.2972,0.3004,0.2972,0.2972,0.3004,0.2972,0.2978
426,0.3004,0.2972,0.2972,0.2972,0.2972,0.2972,0.2972,0.3004,0.2972,0.2972,0.3004,0.2972,0.2978
427,0.3004,0.2972,0.2972,0.2972,0.2972,0.2972,0.2972,0.3004,0.2972,0.2972,0.3004,0.2972,0.2978
428,0.3004,0.2972,0.2972,0.2972,0.2972,0.2972,0.2972,0.3004,0.2972,0.2972,0.3004,0.2972,0.2978
429,0.3004,0.2972,0.2972,0.2972,0.2972,0.2972,0.2972,0.3004,0.2972,0.2972,0.3004,0.2972,0.2978
430,0.3004,0.2972,0.2972,0.2972,0.2972,0.2972,0.2972,0.3004,0.2972,0.2972,0.3004,0.2972,0.2978
431,0.3004,0.2972,0.2972,0.2972,0.2972,0.2972,0.2972,0.3004,0.2972,0.2972,0.3004,0.2972,0.2978
432,0.3004,0.2972,0.2972,0.2972,0.2972,0.2972,0.2972,0.3004,0.2972,0.2972,0.3004,0.2972,0.2978
433,0.3004,0.2972,0.2972,0.2972,0.2972,0.2972,0.2972,0.3004,0.2972,0.2972,0.3004,0.2972,0.2978
434,0.3004,0.2972,0.2972,0.2972,0.2972,0.2972,0.2972,0.3004,0.2972,0.2972,0.3004,0.2972,0.2978
435,0.3004,0.2972,0.2972,0.2972,0.2972,0.2972,0.2972,0.3004,0.2972,0.2972,0.3004,0.2972,0.2978
436,0.3004,0.2972,0.2972,0.2972,0.2972,0.2972,0.2972,0.3004,0.2972,0.2972,0.3004,0.2972,0.2978
437,0.3004,0.2972,0.2972,0.2972,0.2972,0.2972,0.2972,0.3004,0.2972,0.2972,0.3004,0.2972,0.2978
438,0.3004,0.2972,0.2972,0.2972,0.2972,0.2972,0.2972,0.3004,0.2972,0.2972,0.3004,0.2972,0.2978
439,0.3004,0.2972,0.2972,0.2972,0.2972,0.2972,0.2972,0.3004,0.2972,0.2972,0.3004,0.2972,0.2978
440,0.3004,0.2972,0.2972,0.2972,0.2972,0.2972,0.2972,0.3004,0.2972,0.2972,0.3004,0.2972,0.2978
441,0.3004,0.2972,0.2972,0.2972,0.2972,0.2972,0.2972,0.3004,0.2972,0.2972,0.3004,0.2972,0.2978
442,0.3004,0.2972,0.2972,0.2972,0.2972,0.2972,0.2972,0.3004,0.2972,0.2972,0.3004,0.2972,0.2978
443,0.3004,0.2972,0.2972,0.2972,0.2972,0.2972,0.2972,0.3004,0.2972,0.2972,0.3004,0.2972,0.2978
444,0.3004,0.2972,0.2972,0.2972,0.2972,0.2972,0.2972,0.3004,0.2972,0.2972,0.3004,0.2972,0.2978
445,0.3004,0.2972,0.2972,0.2972,0.2972,0.2972,0.2972,0.3004,0.2972,0.2972,0.3004,0.2972,0.2978
446,0.3004,0.2972,0.2972,0.2972,0.2972,0.2972,0.2972,0.3004,0.2972,0.2972,0.3004,0.2972,0.2978
447,0.3004,0.2972,0.2972,0.2972,0.2972,0.2972,0.2972,0.3004,0.2972,0.2972,0.3004,0.2972,0.2978
448,0.3004,0.2972,0.2972,0.2972,0.2972,0.2972,0.2972,0.3004,0.2972,0.2972,0.3004,0.2972,0.2978
449,0.3004,0.2972,0.2972,0.2972,0.2972,0.2972,0.2972,0.3004,0.2972,0.2972,0.3004,0.2972,0.2978
450,0.3004,0.2972,0.2972,0.2972,0.2972,0.2972,0.2972,0.3004,0.2972,0.2972,0.3004,0.2972,0.2978
451,0.3004,0.2972,0.2972,0.2972,0.2972,0.2972,0.2972,0.3004,0.2972,0.2972,0.3004,0.2972,0.2978
452,0.3004,0.2972,0.2972,0.2972,0.2972,0.2972,0.2972,0.3004,0.2972,0.2972,0.3004,0.2972,0.2978
453,0.3004,0.2972,0.2972,0.2972,0.2972,0.2972,0.2972,0.3004,0.2972,0.2972,0.3004,0.2972,0.2978
454,0.3004,0.2972,0.2972,0.2972,0.2972,0.2972,0.2972,0.3004,0.2972,0.2972,0.3004,0.2972,0.2978
455,0.3004,0.2972,0.2972,0.2972,0.2972,0.2972,0.2972,0.3004,0.2972,0.2972,0.3004,0.2972,0.2978
456,0.3004,0.2972,0.2972,0.2972,0.2972,0.2972,0.2972,0.3004,0.2972,0.2972,0.3004,0.2972,0.2978
457,0.3004,0.2972,0.2972,0.2972,0.2972,0.2972,0.2972,0.3004,0.2972,0.2972,0.3004,0.2972,0.2978
458,0.3004,0.2972,0.2972,0.2972,0.2972,0.2972,0.2972,0.3004,0.2972,0.2972,0.3004,0.2972,0.2978
459,0.3004,0.2972,0.2972,0.2972,0.2972,0.2972,0.2972,0.3004,0.2972,0.2972,0.3004,0.2972,0.2978
460,0.3004,0.2972,0.2972,0.2972,0.2972,0.2972,0.2972,0.3004,0.2972,0.2972,0.3004,0.2972,0.2978
461,0.3004,0.2972,0.2972,0.2972,0.2972,0.2972,0.2972,0.3004,0.2972,0.2972,0.3004,0.2972,0.2978
462,0.3004,0.2972,0.2972,0.2972,0.2972,0.2972,0.2972,0.3004,0.2972,0.2972,0.3004,0.2972,0.2978
463,0.3004,0.2972,0.2972,0.2972,0.2972,0.2972,0.2972,0.3004,0.2972,0.2972,0.3004,0.2972,0.2978
464,0.3004,0.2972,0.2972,0.2972,0.2972,0.2972,0.2972,0.3004,0.2972,0.2972,0.3004,0.2972,0.2978
465,0.3004,0.2972,0.2972,0.2972,0.2972,0.2972,0.2972,0.3004,0.2972,0.2972,0.3004,0.2972,0.2978
466,0.3004,0.2972,0.2972,0.2972,0.2972,0.2972,0.2972,0.3004,0.2972,0.2972,0.3004,0.2972,0.2978
467,0.3004,0.2972,0.2972,0.2972,0.2972,0.2972,0.2972,0.3004,0.2972,0.2972,0.3004,0.2972,0.2978
468,0.3004,0.2972,0.2972,0.2972,0.2972,0.2972,0.2972,0.3004,0.2972,0.2972,0.3004,0.2972,0.2978
469,0.3004,0.2972,0.2972,0.2972,0.2972,0.2972,0.2972,0.3004,0.2972,0.2972,0.3004,0.2972,0.2978
470,0.3004,0.2972,0.2972,0.2972,0.2972,0.2972,0.2972,0.3004,0.2972,0.2972,0.3004,0.2972,0.2978
471,0.3004,0.2972,0.2972,0.2972,0.2972,0.2972,0.2972,0.3004,0.2972,0.2972,0.3004,0.2972,0.2978
472,0.3004,0.2972,0.2972,0.2972,0.2972,0.2972,0.2972,0.3004,0.2972,0.2972,0.3004,0.2972,0.2978
473,0.3004,0.2972,0.2972,0.2972,0.2972,0.2972,0.2972,0.3004,0.2972,0.2972,0.3004,0.2972,0.2978
474,0.3004,0.2972,0.2972,0.2972,0.2972,0.2972,0.2972,0.3004,0.2972,0.2972,0.3004,0.2972,0.2978
475,0.3004,0.2972,0.2972,0.2972,0.2972,0.2972,0.2972,0.3004,0.2972,0.2972,0.3004,0.2972,0.2978
476,0.3004,0.2972,0.2972,0.2972,0.2972,0.2972,0.2972,0.3004,0.2972,0.2972,0.3004,0.2972,0.2978
477,0.3004,0.2972,0.2972,0.2972,0.2972,0.2972,0.2972,0.3004,0.2972,0.2972,0.3004,0.2972,0.2978
478,0.3004,0.2972,0.2972,0.2972,0.2972,0.2972,0.2972,0.3004,0.2972,0.2972,0.3004,0.2972,0.2978
479,0.3004,0.2972,0.2972,0.2972,0.2972,0.2972,0.2972,0.3004,0.2972,0.2972,0.3004,0.2972,0.2978
480,0.3004,0.2972,0.2972,0.2972,0.2972,0.2972,0.2972,0.3004,0.2972,0.2972,0.3004,0.2972,0.2978
481,0.3004,0.2972,0.2972,0.2972,0.2972,0.2972,0.2972,0.3004,0.2972,0.2972,0.3004,0.2972,0.2978
482,0.3004,0.2972,0.2972,0.2972,0.2972,0.2972,0.2972,0.3004,0.2972,0.2972,0.3004,0.2972,0.2978
483,0.3004,0.2972,0.2972,0.2972,0.2972,0.2972,0.2972,0.3004,0.2972,0.2972,0.3004,0.2972,0.2978
484,0.3004,0.2972,0.2972,0.2972,0.2972,0.2972,0.2972,0.3004,0.2972,0.2972,0.3004,0.2972,0.2978
485,0.3004,0.2972,0.2972,0.2972,0.2972,0.2972,0.2972,0.3004,0.2972,0.2972,0.3004,0.2972,0.2978
486,0.3004,0.2972,0.2972,0.2972,0.2972,0.2972,0.2972,0.3004,0.2972,0.2972,0.3004,0.2972,0.2978
487,0.3004,0.2972,0.2972,0.2972,0.2972,0.2972,0.2972,0.3004,0.2972,0.2972,0.3004,0.2972,0.2978
488,0.3004,0.2972,0.2972,0.2972,0.2972,0.2972,0.2972,0.3004,0.2972,0.2972,0.3004,0.2972,0.2978
489,0.3004,0.2972,0.2972,0.2972,0.2972,0.2972,0.2972,0.3004,0.2972,0.2972,0.3004,0.2972,0.2978
490,0.3004,0.2972,0.2972,0.2972,0.2972,0.2972,0.2972,0.3004,0.2972,0.2972,0.3004,0.2972,0.2978
491,0.3004,0.2972,0.2972,0.2972,0.2972,0.2972,0.2972,0.3004,0.2972,0.2972,0.3004,0.2972,0.2978
492,0.3004,0.2972,0.2972,0.2972,0.2972,0.2972,0.2972,0.3004,0.2972,0.2972,0.3004,0.2972,0.2978
493,0.3004,0.2972,0.2972,0.2972,0.2972,0.2972,0.2972,0.3004,0.2972,0.2972,0.3004,0.2972,0.2978
494,0.3004,0.2972,0.2972,0.2972,0.2972,0.2972,0.2972,0.3004,0.2972,0.2972,0.3004,0.2972,0.2978
495,0.3004,0.2972,0.2972,0.2972,0.2972,0.2972,0.2972,0.3004,0.2972,0.2972,0.3004,0.2972,0.2978
496,0.3004,0.2972,0.2972,0.2972,0.2972,0.2972,0.2972,0.3004,0.2972,0.2972,0.3004,0.2972,0.2978
497,0.3004,0.2972,0.2972,0.2972,0.2972,0.2972,0.2972,0.3004,0.2972,0.2972,0.3004,0.2972,0.2978
498,0.3004,0.2972,0.2972,0.2972,0.2972,0.2972,0.2972,0.3004,0.2972,0.2972,0.3004,0.2972,0.2978
499,0.3004,0.2972,0.2972,0.2972,0.2972,0.2972,0.2972,0.3004,0.2972,0.2972,0.3004,0.2972,0.2978
500,0.3004,0.2972,0.2972,0.2972,0.2972,0.2972,0.2972,0.3004,0.2972,0.2972,0.3004,0.2972,0.2978
501,0.3004,0.2972,0.2972,0.2972,0.2972,0.2972,0.2972,0.3004,0.2972,0.2972,0.3004,0.2972,0.2978
502,0.3004,0.2972,0.2972,0.2972,0.2972,0.2972,0.2972,0.3004,0.2972,0.2972,0.3004,0.2972,0.2978
503,0.3004,0.2972,0.2972,0.2972,0.2972,0.2972,0.2972,0.3004,0.2972,0.2972,0.3004,0.2972,0.2978
504,0.3004,0.2972,0.2972,0.2972,0.2972,0.2972,0.2972,0.3004,0.2972,0.2972,0.3004,0.2972,0.2978
505,0.3004,0.2972,0.2972,0.2972,0.2972,0.2972,0.2972,0.3004,0.2972,0.2972,0.3004,0.2972,0.2978
506,0.3004,0.2972,0.2972,0.2972,0.2972,0.2972,0.2972,0.3004,0.2972,0.2972,0.3004,0.2972,0.2978
507,0.3004,0.2972,0.2972,0.2972,0.2972,0.2972,0.2972,0.3004,0.2972,0.2972,0.3004,0.2972,0.2978
508,0.3004,0.2972,0.2972,0.2972,0.2972,0.2972,0.2972,0.3004,0.2972,0.2972,0.3004,0.2972,0.2978
509,0.3004,0.2972,0.2972,0.2972,0.2972,0.2972,0.2972,0.3004,0.2972,0.2972,0.3004,0.2972,0.2978
510,0.3004,0.2972,0.2972,0.2972,0.2972,0.2972,0.2972,0.3004,0.2972,0.2972,0.3004,0.2972,0.2978
511,0.3004,0.2972,0.2972,0.2972,0.2972,0.2972,0.2972,0.3004,0.2972,0.2972,0.3004,0.2972,0.2978
512,0.3004,0.2972,0.2972,0.2972,0.2972,0.2972,0.2972,0.3004,0.2972,0.2972,0.3004,0.2972,0.2978
513,0.3004,0.2972,0.2972,0.2972,0.2972,0.2972,0.2972,0.3004,0.2972,0.2972,0.3004,0.2972,0.2978
514,0.3004,0.2972,0.2972,0.2972,0.2972,0.2972,0.2972,0.3004,0.2972,0.2972,0.3004,0.2972,0.2978
515,0.3004,0.2972,0.2972,0.2972,0.2972,0.2972,0.2972,0.3004,0.2972,0.2972,0.3004,0.2972,0.2978
516,0.3004,0.2972,0.2972,0.2972,0.2972,0.2972,0.2972,0.3004,0.2972,0.2972,0.3004,0.2972,0.2978
517,0.3004,0.2972,0.2972,0.2972,0.2972,0.2972,0.2972,0.3004,0.2972,0.2972,0.3004,0.2972,0.2978
518,0.3004,0.2972,0.2972,0.2972,0.2972,0.2972,0.2972,0.3004,0.2972,0.2972,0.3004,0.2972,0.2978
519,0.3004,0.2972,0.2972,0.2972,0.2972,0.2972,0.2972,0.3004,0.2972,0.2972,0.3004,0.2972,0.2978
520,0.3004,0.2972,0.2972,0.2972,0.2972,0.2972,0.2972,0.3004,0.2972,0.2972,0.3004,0.2972,0.2978
521,0.3004,0.2972,0.2972,0.2972,0.2972,0.2972,0.2972,0.3004,0.2972,0.2972,0.3004,0.2972,0.2978
522,0.3004,0.2972,0.2972,0.2972,0.2972,0.2972,0.2972,0.3004,0.2972,0.2972,0.3004,0.2972,0.2978
523,0.3004,0.2972,0.2972,0.2972,0.2972,0.2972,0.2972,0.3004,0.2972,0.2972,0.3004,0.2972,0.2978
524,0.3004,0.2972,0.2972,0.2972,0.2972,0.2972,0.2972,0.3004,0.2972,0.2972,0.3004,0.2972,0.2978
525,0.3004,0.2972,0.2972,0.2972,0.2972,0.2972,0.2972,0.3004,0.2972,0.2972,0.3004,0.2972,0.2978
526,0.3004,0.2972,0.2972,0.2972,0.2972,0.2972,0.2972,0.3004,0.2972,0.2972,0.3004,0.2972,0.2978
527,0.3004,0.2972,0.2972,0.2972,0.2972,0.2972,0.2972,0.3004,0.2972,0.2972,0.3004,0.2972,0.2978
528,0.3004,0.2972,0.2972,0.2972,0.2972,0.2972,0.2972,0.3004,0.2972,0.2972,0.3004,0.2972,0.2978
529,0.3004,0.2972,0.2972,0.2972,0.2972,0.2972,0.2972,0.3004,0.2972,0.2972,0.3004,0.2972,0.2978
530,0.3004,0.2972,0.2972,0.2972,0.2972,0.2972,0.2972,0.3004,0.2972,0.2972,0.3004,0.2972,0.2978
531,0.3004,0.2972,0.2972,0.2972,0.2972,0.2972,0.2972,0.3004,0.2972,0.2972,0.3004,0.2972,0.2978
532,0.3004,0.2972,0.2972,0.2972,0.2972,0.2972,0.2972,0.3004,0.2972,0.2972,0.3004,0.2972,0.2978
533,0.3004,0.2972,0.2972,0.2972,0.2972,0.2972,0.2972,0.3004,0.2972,0.2972,0.3004,0.2972,0.2978
534,0.3004,0.2972,0.2972,0.2972,0.2972,0.2972,0.2972,0.3004,0.2972,0.2972,0.3004,0.2972,0.2978
535,0.3004,0.2972,0.2972,0.2972,0.2972,0.2972,0.2972,0.3004,0.2972,0.2972,0.3004,0.2972,0.2978
536,0.3004,0.2972,0.2972,0.2972,0.2972,0.2972,0.2972,0.3004,0.2972,0.2972,0.3004,0.2972,0.2978
537,0.3004,0.2972,0.2972,0.2972,0.2972,0.2972,0.2972,0.3004,0.2972,0.2972,0.3004,0.2972,0.2978
538,0.3004,0.2972,0.2972,0.2972,0.2972,0.2972,0.2972,0.3004,0.2972,0.2972,0.3004,0.2972,0.2978
539,0.3004,0.2972,0.2972,0.2972,0.2972,0.2972,0.2972,0.3004,0.2972,0.2972,0.3004,0.2972,0.2978
540,0.3004,0.2972,0.2972,0.2972,0.2972,0.2972,0.2972,0.3004,0.2972,0.2972,0.3004,0.2972,0.2978
541,0.3004,0.2972,0.2972,0.2972,0.2972,0.2972,0.2972,0.3004,0.2972,0.2972,0.3004,0.2972,0.2978
542,0.3004,0.2972,0.2972,0.2972,0.2972,0.2972,0.2972,0.3004,0.2972,0.2972,0.3004,0.2972,0.2978
543,0.3004,0.2972,0.2972,0.2972,0.2972,0.2972,0.2972,0.3004,0.2972,0.2972,0.3004,0.2972,0.2978
544,0.3004,0.2972,0.2972,0.2972,0.2972,0.2972,0.2972,0.3004,0.2972,0.2972,0.3004,0.2972,0.2978
545,0.3004,0.2972,0.2972,0.2972,0.2972,0.2972,0.2972,0.3004,0.2972,0.2972,0.3004,0.2972,0.2978
546,0.3004,0.2972,0.2972,0.2972,0.2972,0.2972,0.2972,0.3004,0.2972,0.2972,0.3004,0.2972,0.2978
547,0.3004,0.2972,0.2972,0.2972,0.2972,0.2972,0.2972,0.3004,0.2972,0.2972,0.3004,0.2972,0.2978
548,0.3004,0.2972,0.2972,0.2972,0.2972,0.2972,0.2972,0.3004,0.2972,0.2972,0.3004,0.2972,0.2978
549,0.3004,0.2972,0.2972,0.2972,0.2972,0.2972,0.2972,0.3004,0.2972,0.2972,0.3004,0.2972,0.2978
550,0.3004,0.2972,0.2972,0.2972,0.2972,0.2972,0.2972,0.3004,0.2972,0.2972,0.3004,0.2972,0.2978
551,0.3004,0.2972,0.2972,0.2972,0.2972,0.2972,0.2972,0.3004,0.2972,0.2972,0.3004,0.2972,0.2978
552,0.3004,0.2972,0.2972,0.2972,0.2972,0.2972,0.2972,0.3004,0.2972,0.2972,0.3004,0.2972,0.2978
553,0.3004,0.2972,0.2972,0.2972,0.2972,0.2972,0.2972,0.3004,0.2972,0.2972,0.3004,0.2972,0.2978
554,0.3004,0.2972,0.2972,0.2972,0.2972,0.2972,0.2972,0.3004,0.2972,0.2972,0.3004,0.2972,0.2978
555,0.3004,0.2972,0.2972,0.2972,0.2972,0.2972,0.2972,0.3004,0.2972,0.2972,0.3004,0.2972,0.2978
556,0.3004,0.2972,0.2972,0.2972,0.2972,0.2972,0.2972,0.3004,0.2972,0.2972,0.3004,0.2972,0.2978
557,0.3004,0.2972,0.2972,0.2972,0.2972,0.2972,0.2972,0.3004,0.2972,0.2972,0.3004,0.2972,0.2978
558,0.3004,0.2972,0.2972,0.2972,0.2972,0.2972,0.2972,0.3004,0.2972,0.2972,0.3004,0.2972,0.2978
559,0.3004,0.2972,0.2972,0.2972,0.2972,0.2972,0.2972,0.3004,0.2972,0.2972,0.3004,0.2972,0.2978
560,0.3004,0.2972,0.2972,0.2972,0.2972,0.2972,0.2972,0.3004,0.2972,0.2972,0.3004,0.2972,0.2978
561,0.3004,0.2972,0.2972,0.2972,0.2972,0.2972,0.2972,0.3004,0.2972,0.2972,0.3004,0.2972,0.2978
562,0.3004,0.2972,0.2972,0.2972,0.2972,0.2972,0.2972,0.3004,0.2972,0.2972,0.3004,0.2972,0.2978
563,0.3004,0.2972,0.2972,0.2972,0.2972,0.2972,0.2972,0.3004,0.2972,0.2972,0.3004,0.2972,0.2978
564,0.3004,0.2972,0.2972,0.2972,0.2972,0.2972,0.2972,0.3004,0.2972,0.2972,0.3004,0.2972,0.2978
565,0.3004,0.2972,0.2972,0.2972,0.2972,0.2972,0.2972,0.3004,0.2972,0.2972,0.3004,0.2972,0.2978
566,0.3004,0.2972,0.2972,0.2972,0.2972,0.2972,0.2972,0.3004,0.2972,0.2972,0.3004,0.2972,0.2978
567,0.3004,0.2972,0.2972,0.2972,0.2972,0.2972,0.2972,0.3004,0.2972,0.2972,0.3004,0.2972,0.2978
568,0.3004,0.2972,0.2972,0.2972,0.2972,0.2972,0.2972,0.3004,0.2972,0.2972,0.3004,0.2972,0.2978
569,0.3004,0.2972,0.2972,0.2972,0.2972,0.2972,0.2972,0.3004,0.2972,0.2972,0.3004,0.2972,0.2978
570,0.3004,0.2972,0.2972,0.2972,0.2972,0.2972,0.2972,0.3004,0.2972,0.2972,0.3004,0.2972,0.2978
571,0.3004,0.2972,0.2972,0.2972,0.2972,0.2972,0.2972,0.3004,0.2972,0.2972,0.3004,0.2972,0.2978
572,0.3004,0.2972,0.2972,0.2972,0.2972,0.2972,0.2972,0.3004,0.2972,0.2972,0.3004,0.2972,0.2978
573,0.3004,0.2972,0.2972,0.2972,0.2972,0.2972,0.2972,0.3004,0.2972,0.2972,0.3004,0.2972,0.2978
574,0.3004,0.2972,0.2972,0.2972,0.2972,0.2972,0.2972,0.3004,0.2972,0.2972,0.3004,0.2972,0.2978
575,0.3004,0.2972,0.2972,0.2972,0.2972,0.2972,0.2972,0.3004,0.2972,0.2972,0.3004,0.2972,0.2978
576,0.3004,0.2972,0.2972,0.2972,0.2972,0.2972,0.2972,0.3004,0.2972,0.2972,0.3004,0.2972,0.2978
577,0.3004,0.2972,0.2972,0.2972,0.2972,0.2972,0.2972,0.3004,0.2972,0.2972,0.3004,0.2972,0.2978
578,0.3004,0.2972,0.2972,0.2972,0.2972,0.2972,0.2972,0.3004,0.2972,0.2972,0.3004,0.2972,0.2978
579,0.3004,0.2972,0.2972,0.2972,0.2972,0.2972,0.2972,0.3004,0.2972,0.2972,0.3004,0.2972,0.2978
580,0.3004,0.2972,0.2972,0.2972,0.2972,0.2972,0.2972,0.3004,0.2972,0.2972,0.3004,0.2972,0.2978
581,0.3004,0.2972,0.2972,0.2972,0.2972,0.2972,0.2972,0.3004,0.2972,0.2972,0.3004,0.2972,0.2978
582,0.3004,0.2972,0.2972,0.2972,0.2972,0.2972,0.2972,0.3004,0.2972,0.2972,0.3004,0.2972,0.2978
583,0.3004,0.2972,0.2972,0.2972,0.2972,0.2972,0.2972,0.3004,0.2972,0.2972,0.3004,0.2972,0.2978
584,0.3004,0.2972,0.2972,0.2972,0.2972,0.2972,0.2972,0.3004,0.2972,0.2972,0.3004,0.2972,0.2978
585,0.3004,0.2972,0.2972,0.2972,0.2972,0.2972,0.2972,0.3004,0.2972,0.2972,0.3004,0.2972,0.2978
586,0.3004,0.2972,0.2972,0.2972,0.2972,0.2972,0.2972,0.3004,0.2972,0.2972,0.3004,0.2972,0.2978
587,0.3004,0.2972,0.2972,0.2972,0.2972,0.2972,0.2972,0.3004,0.2972,0.2972,0.3004,0.2972,0.2978
588,0.3004,0.2972,0.2972,0.2972,0.2972,0.2972,0.2972,0.3004,0.2972,0.2972,0.3004,0.2972,0.2978
589,0.3004,0.2972,0.2972,0.2972,0.2972,0.2972,0.2972,0.3004,0.2972,0.2972,0.3004,0.2972,0.2978
590,0.3004,0.2972,0.2972,0.2972,0.2972,0.2972,0.2972,0.3004,0.2972,0.2972,0.3004,0.2972,0.2978
591,0.3004,0.2972,0.2972,0.2972,0.2972,0.2972,0.2972,0.3004,0.2972,0.2972,0.3004,0.2972,0.2978
592,0.3004,0.2972,0.2972,0.2972,0.2972,0.2972,0.2972,0.3004,0.2972,0.2972,0.3004,0.2972,0.2978
593,0.3004,0.2972,0.2972,0.2972,0.2972,0.2972,0.2972,0.3004,0.2972,0.2972,0.3004,0.2972,0.2978
594,0.3004,0.2972,0.2972,0.2972,0.2972,0.2972,0.2972,0.3004,0.2972,0.2972,0.3004,0.2972,0.2978
595,0.3004,0.2972,0.2972,0.2972,0.2972,0.2972,0.2972,0.3004,0.2972,0.2972,0.3004,0.2972,0.2978
596,0.3004,0.2972,0.2972,0.2972,0.2972,0.2972,0.2972,0.3004,0.2972,0.2972,0.3004,0.2972,0.2978
597,0.3004,0.2972,0.2972,0.2972,0.2972,0.2972,0.2972,0.3004,0.2972,0.2972,0.3004,0.2972,0.2978
598,0.3004,0.2972,0.2972,0.2972,0.2972,0.2972,0.2972,0.3004,0.2972,0.2972,0.3004,0.2972,0.2978
599,0.3004,0.2972,0.2972,0.2972,0.2972,0.2972,0.2972,0.3004,0.2972,0.2972,0.3004,0.2972,0.2978
600,0.3004,0.2972,0.2972,0.2972,0.2972,0.2972,0.2972,0.3004,0.2972,0.2972,0.3004,0.2972,0.2978
601,0.3004,0.2972,0.2972,0.2972,0.2972,0.2972,0.2972,0.3004,0.2972,0.2972,0.3004,0.2972,0.2978
602,0.3004,0.2972,0.2972,0.2972,0.2972,0.2972,0.2972,0.3004,0.2972,0.2972,0.3004,0.2972,0.2978
603,0.3004,0.2972,0.2972,0.2972,0.2972,0.2972,0.2972,0.3004,0.2972,0.2972,0.3004,0.2972,0.2978
604,0.3004,0.2972,0.2972,0.2972,0.2972,0.2972,0.2972,0.3004,0.2972,0.2972,0.3004,0.2972,0.2978
605,0.3004,0.2972,0.2972,0.2972,0.2972,0.2972,0.2972,0.3004,0.2972,0.2972,0.3004,0.2972,0.2978
606,0.3004,0.2972,0.2972,0.2972,0.2972,0.2972,0.2972,0.3004,0.2972,0.2972,0.3004,0.2972,0.2978
607,0.3004,0.2972,0.2972,0.2972,0.2972,0.2972,0.2972,0.3004,0.2972,0.2972,0.3004,0.2972,0.2978
608,0.3004,0.2972,0.2972,0.2972,0.2972,0.2972,0.2972,0.3004,0.2972,0.2972,0.3004,0.2972,0.2978
609,0.3004,0.2972,0.2972,0.2972,0.2972,0.2972,0.2972,0.3004,0.2972,0.2972,0.3004,0.2972,0.2978
1207,0.3004,0.2972,0.2972,0.2972,0.2972,0.2972,0.2972,0.3004,0.2972,0.2972,0.3004,0.2972,0.2978
1208,0.3004,0.2972,0.2972,0.2972,0.2972,0.2972,0.2972,0.3004,0.2972,0.2972,0.3004,0.2972,0.2978
1209,0.3004,0.2972,0.2972,0.2972,0.2972,0.2972,0.2972,0.3004,0.2972,0.2972,0.3004,0.2972,0.2978
1807,0.3004,0.2972,0.2972,0.2972,0.2972,0.2972,0.2972,0.3004,0.2972,0.2972,0.3004,0.2972,0.2978
1808,0.3004,0.2972,0.2972,0.2972,0.2972,0.2972,0.2972,0.3004,0.2972,0.2972,0.3004,0.2972,0.2978
1809,0.3004,0.2972,0.2972,0.2972,0.2972,0.2972,0.2972,0.3004,0.2972,0.2972,0.3004,0.2972,0.2978
2407,0.3004,0.2972,0.2972,0.2972,0.2972,0.2972,0.2972,0.3004,0.2972,0.2972,0.3004,0.2972,0.2978
2408,0.3004,0.2972,0.2972,0.2972,0.2972,0.2972,0.2972,0.3004,0.2972,0.2972,0.3004,0.2972,0.2978
2409,0.3004,0.2972,0.2972,0.2972,0.2972,0.2972,0.2972,0.3004,0.2972,0.2972,0.3004,0.2972,0.2978
3007,0.3004,0.2972,0.2972,0.2972,0.2972,0.2972,0.2972,0.3004,0.2972,0.2972,0.3004,0.2972,0.2978
3008,0.3004,0.2972,0.2972,0.2972,0.2972,0.2972,0.2972,0.3004,0.2972,0.2972,0.3004,0.2972,0.2978
3009,0.3004,0.2972,0.2972,0.2972,0.2972,0.2972,0.2972,0.3004,0.2972,0.2972,0.3004,0.2972,0.2978
3607,0.3004,0.2972,0.2972,0.2972,0.2972,0.2972,0.2972,0.3004,0.2972,0.2972,0.3004,0.2972,0.2978
3608,0.3004,0.2972,0.2972,0.2972,0.2972,0.2972,0.2972,0.3004,0.2972,0.2972,0.3004,0.2972,0.2978
3609,0.3004,0.2972,0.2972,0.2972,0.2972,0.2972,0.2972,0.3004,0.2972,0.2972,0.3004,0.2972,0.2978
4207,0.3004,0.2972,0.2972,0.2972,0.2972,0.2972,0.2972,0.3004,0.2972,0.2972,0.3004,0.2972,0.2978
4208,0.3004,0.2972,0.2972,0.2972,0.2972,0.2972,0.2972,0.3004,0.2972,0.2972,0.3004,0.2972,0.2978
4209,0.3004,0.2972,0.2972,0.2972,0.2972,0.2972,0.2972,0.3004,0.2972,0.2972,0.3004,0.2972,0.2978
