timestamp,xhci2,xhci1,xhci8,xhci7,xhci6,xhci3,xhci4,xhci0,xhci9,max,min,avg
0,0.0618,0.0618,0.0618,0.0618,0.0618,0.0618,0.0618,0.0618,0.0618,0.0618,0.0618,0.0618
4,0.1291,0.1291,0.0618,0.0618,0.1291,0.1291,0.1291,0.1291,0.0618,0.1291,0.0618,0.1067
5,0.2614,0.2625,0.1291,0.1291,0.3438,0.2798,0.2918,0.2603,0.1291,0.3438,0.1291,0.2319
6,0.2755,0.3525,0.2755,0.2679,0.3698,0.3037,0.3807,0.3633,0.2679,0.3807,0.2679,0.3174
7,0.2863,0.4349,0.2809,0.2777,0.3915,0.3091,0.4002,0.4349,0.2733,0.4349,0.2733,0.3432
8,0.2863,0.462,0.3536,0.3677,0.4588,0.3113,0.4447,0.4772,0.3536,0.4772,0.2863,0.3906
9,0.3503,0.4729,0.3796,0.4544,0.4935,0.3677,0.4469,0.5054,0.436,0.5054,0.3503,0.4341
10,0.3547,0.5629,0.3948,0.4924,0.5824,0.3785,0.5065,0.5466,0.526,0.5824,0.3547,0.4828
11,0.3568,0.5629,0.4089,0.551,0.6009,0.4469,0.5304,0.5846,0.5607,0.6009,0.3568,0.5115
12,0.3655,0.5944,0.4555,0.5586,0.6106,0.4469,0.5564,0.5976,0.5727,0.6106,0.3655,0.5287
13,0.3991,0.602,0.5521,0.5629,0.6106,0.5119,0.5607,0.615,0.6041,0.615,0.3991,0.5576
14,0.4501,0.6139,0.5597,0.5683,0.6226,0.5271,0.5868,0.6161,0.6106,0.6226,0.4501,0.5728
15,0.4729,0.6399,0.5944,0.5683,0.6247,0.5358,0.6464,0.6193,0.6236,0.6464,0.4729,0.5917
16,0.5174,0.6497,0.6052,0.5705,0.6247,0.5651,0.6584,0.6247,0.6323,0.6584,0.5174,0.6053
17,0.5705,0.6508,0.6074,0.5759,0.6247,0.5781,0.6594,0.6247,0.6356,0.6594,0.5705,0.6141
18,0.5889,0.6508,0.6117,0.5813,0.628,0.6074,0.6594,0.6258,0.6866,0.6866,0.5813,0.6267
19,0.5954,0.6941,0.6659,0.6117,0.628,0.6095,0.6616,0.628,0.6866,0.6941,0.5954,0.6423
20,0.603,0.6963,0.6681,0.615,0.6291,0.6095,0.6627,0.628,0.6985,0.6985,0.603,0.6456
21,0.6074,0.6974,0.6703,0.615,0.6312,0.6095,0.6627,0.628,0.7115,0.7115,0.6074,0.6481
22,0.6095,0.6974,0.6703,0.6193,0.6312,0.6106,0.6627,0.628,0.7267,0.7267,0.6095,0.6506
23,0.6139,0.6974,0.6887,0.6204,0.6334,0.6139,0.6627,0.6302,0.7343,0.7343,0.6139,0.655
24,0.6161,0.6974,0.692,0.6236,0.6334,0.6139,0.6659,0.6302,0.7354,0.7354,0.6139,0.6564
25,0.6161,0.6974,0.6985,0.6714,0.6529,0.6193,0.6659,0.6302,0.7375,0.7375,0.6161,0.6655
26,0.6161,0.6974,0.7017,0.6714,0.6529,0.6193,0.6681,0.6312,0.7375,0.7375,0.6161,0.6662
27,0.6193,0.705,0.7017,0.6725,0.6529,0.6193,0.6714,0.6312,0.7375,0.7375,0.6193,0.6679
28,0.6215,0.7072,0.7332,0.6725,0.6529,0.6247,0.6714,0.6312,0.7375,0.7375,0.6215,0.6725
29,0.6215,0.7072,0.7354,0.6725,0.6529,0.6247,0.6757,0.6399,0.7375,0.7375,0.6215,0.6741
30,0.6215,0.7072,0.7375,0.6768,0.6529,0.6269,0.6779,0.6399,0.7386,0.7386,0.6215,0.6755
31,0.6746,0.7072,0.7375,0.6779,0.6605,0.6269,0.6833,0.6399,0.7386,0.7386,0.6269,0.6829
32,0.6746,0.7072,0.7386,0.6779,0.7028,0.6269,0.6844,0.6399,0.7386,0.7386,0.6269,0.6879
33,0.6746,0.7072,0.7386,0.6779,0.7028,0.6269,0.6844,0.6399,0.7386,0.7386,0.6269,0.6879
34,0.679,0.7082,0.7397,0.6779,0.7028,0.6269,0.6844,0.6399,0.7451,0.7451,0.6269,0.6893
35,0.6811,0.7082,0.7408,0.679,0.7169,0.6291,0.6855,0.641,0.7451,0.7451,0.6291,0.6919
36,0.6833,0.7082,0.7408,0.679,0.7213,0.6302,0.6855,0.641,0.7451,0.7451,0.6302,0.6927
37,0.6833,0.7082,0.7408,0.679,0.7213,0.6312,0.6855,0.641,0.7451,0.7451,0.6312,0.6928
38,0.6833,0.7148,0.7408,0.68,0.7213,0.6312,0.6855,0.6432,0.7451,0.7451,0.6312,0.6939
39,0.6855,0.7213,0.7419,0.68,0.7213,0.7061,0.6887,0.6432,0.7451,0.7451,0.6432,0.7037
40,0.6985,0.7213,0.7419,0.68,0.7289,0.7093,0.6887,0.6432,0.7451,0.7451,0.6432,0.7063
41,0.6985,0.7213,0.7419,0.6811,0.7289,0.7126,0.6887,0.6432,0.7451,0.7451,0.6432,0.7068
42,0.7148,0.7213,0.7419,0.6822,0.7299,0.7126,0.6887,0.6432,0.7451,0.7451,0.6432,0.7089
43,0.7148,0.7213,0.743,0.6822,0.7299,0.7126,0.6887,0.6432,0.7473,0.7473,0.6432,0.7092
44,0.7148,0.7419,0.7462,0.6822,0.7299,0.7126,0.6887,0.6432,0.7473,0.7473,0.6432,0.7119
45,0.7158,0.7419,0.7495,0.6822,0.7299,0.7126,0.6898,0.6432,0.7473,0.7495,0.6432,0.7125
46,0.7158,0.7419,0.7495,0.6952,0.7299,0.7126,0.6898,0.6432,0.7473,0.7495,0.6432,0.7139
47,0.7158,0.7419,0.7505,0.6952,0.7299,0.7126,0.6898,0.6432,0.7473,0.7505,0.6432,0.714
48,0.7158,0.7419,0.7505,0.6952,0.7299,0.7126,0.6898,0.6974,0.7473,0.7505,0.6898,0.72
49,0.7158,0.7419,0.7527,0.6952,0.7299,0.7126,0.6898,0.6974,0.7473,0.7527,0.6898,0.7203
50,0.7158,0.7462,0.7527,0.6952,0.7343,0.7126,0.6898,0.6974,0.7473,0.7527,0.6898,0.7213
51,0.7158,0.7495,0.7527,0.6952,0.7419,0.7126,0.6898,0.7082,0.7473,0.7527,0.6898,0.7237
52,0.7158,0.7495,0.7549,0.6952,0.7419,0.7126,0.6931,0.7082,0.7473,0.7549,0.6931,0.7243
53,0.7158,0.7495,0.7549,0.6952,0.7419,0.7126,0.6931,0.7082,0.7484,0.7549,0.6931,0.7244
54,0.7278,0.7495,0.7549,0.6952,0.7419,0.7137,0.6931,0.7213,0.7484,0.7549,0.6931,0.7273
55,0.7278,0.7495,0.7581,0.6952,0.7419,0.7137,0.6931,0.7213,0.7484,0.7581,0.6931,0.7277
56,0.7278,0.7495,0.7581,0.6963,0.7419,0.7137,0.6931,0.7256,0.7495,0.7581,0.6931,0.7284
57,0.7278,0.7516,0.7581,0.6963,0.744,0.7137,0.6931,0.7256,0.7495,0.7581,0.6931,0.7289
58,0.7278,0.7516,0.7581,0.6963,0.744,0.7137,0.6931,0.7299,0.7495,0.7581,0.6931,0.7293
59,0.7278,0.7516,0.7581,0.6963,0.744,0.7137,0.6931,0.7299,0.7495,0.7581,0.6931,0.7293
60,0.7278,0.7516,0.7581,0.6963,0.744,0.7137,0.6931,0.7299,0.7495,0.7581,0.6931,0.7293
61,0.7289,0.7516,0.7581,0.6963,0.744,0.7137,0.6931,0.7321,0.7495,0.7581,0.6931,0.7297
62,0.7289,0.7516,0.7581,0.6985,0.744,0.718,0.6931,0.7321,0.7495,0.7581,0.6931,0.7304
63,0.7289,0.7516,0.7581,0.7007,0.744,0.718,0.6931,0.7321,0.756,0.7581,0.6931,0.7314
64,0.7289,0.7516,0.7581,0.7039,0.744,0.718,0.6931,0.7321,0.756,0.7581,0.6931,0.7317
65,0.7289,0.7516,0.7581,0.7039,0.744,0.718,0.6931,0.7321,0.756,0.7581,0.6931,0.7317
66,0.7321,0.7516,0.7592,0.7039,0.744,0.718,0.7039,0.7321,0.756,0.7592,0.7039,0.7334
67,0.7321,0.7516,0.7592,0.7039,0.744,0.718,0.7039,0.7321,0.756,0.7592,0.7039,0.7334
68,0.7321,0.7516,0.7614,0.7039,0.7451,0.718,0.7039,0.7321,0.756,0.7614,0.7039,0.7338
69,0.7321,0.7516,0.7614,0.7039,0.7451,0.7234,0.7039,0.7321,0.757,0.7614,0.7039,0.7345
70,0.7321,0.7516,0.7614,0.7039,0.7451,0.7234,0.7039,0.7321,0.757,0.7614,0.7039,0.7345
71,0.7375,0.7516,0.7636,0.7039,0.7451,0.7234,0.705,0.7321,0.757,0.7636,0.7039,0.7355
72,0.7375,0.7516,0.7636,0.7061,0.7451,0.7234,0.705,0.7321,0.757,0.7636,0.705,0.7357
73,0.7397,0.7527,0.7636,0.7061,0.7451,0.7234,0.705,0.7321,0.757,0.7636,0.705,0.7361
74,0.7397,0.7527,0.7636,0.7061,0.7451,0.7234,0.705,0.7321,0.757,0.7636,0.705,0.7361
75,0.7397,0.7527,0.7646,0.7061,0.7451,0.7234,0.705,0.7321,0.757,0.7646,0.705,0.7362
76,0.7397,0.7527,0.7646,0.7061,0.7451,0.7321,0.705,0.7321,0.757,0.7646,0.705,0.7372
77,0.7408,0.7527,0.7657,0.7061,0.7451,0.7321,0.705,0.7321,0.757,0.7657,0.705,0.7374
78,0.7408,0.7538,0.7657,0.7061,0.7451,0.7321,0.705,0.7321,0.757,0.7657,0.705,0.7375
79,0.7408,0.7538,0.7657,0.7061,0.7473,0.7321,0.705,0.7321,0.757,0.7657,0.705,0.7378
80,0.7408,0.7538,0.7657,0.7061,0.7473,0.7332,0.705,0.7321,0.757,0.7657,0.705,0.7379
81,0.7408,0.757,0.7657,0.7061,0.7473,0.7332,0.705,0.7321,0.757,0.7657,0.705,0.7382
82,0.7408,0.757,0.7657,0.7061,0.7473,0.7332,0.7072,0.7321,0.757,0.7657,0.7061,0.7385
83,0.7408,0.757,0.7657,0.7061,0.7473,0.7332,0.7072,0.7321,0.757,0.7657,0.7061,0.7385
84,0.7408,0.757,0.7657,0.7061,0.7473,0.7332,0.7234,0.7332,0.757,0.7657,0.7061,0.7404
85,0.7408,0.757,0.7657,0.7061,0.7484,0.7332,0.7234,0.7375,0.757,0.7657,0.7061,0.741
86,0.7473,0.757,0.7657,0.7061,0.7484,0.7332,0.7234,0.7375,0.757,0.7657,0.7061,0.7417
87,0.7473,0.757,0.7657,0.7061,0.7484,0.7332,0.7234,0.7375,0.757,0.7657,0.7061,0.7417
88,0.7473,0.757,0.7657,0.7061,0.7484,0.7332,0.7234,0.7375,0.757,0.7657,0.7061,0.7417
89,0.7484,0.757,0.7657,0.7126,0.7484,0.7332,0.7234,0.7375,0.757,0.7657,0.7126,0.7426
90,0.7484,0.757,0.7668,0.7126,0.7484,0.7332,0.7234,0.7375,0.757,0.7668,0.7126,0.7427
91,0.7484,0.757,0.7668,0.7126,0.7495,0.7332,0.7234,0.7386,0.757,0.7668,0.7126,0.7429
92,0.7484,0.757,0.7668,0.7126,0.7495,0.7332,0.7245,0.7386,0.757,0.7668,0.7126,0.7431
93,0.7484,0.757,0.7668,0.7126,0.7495,0.7332,0.7245,0.7397,0.757,0.7668,0.7126,0.7432
94,0.7484,0.757,0.7668,0.7126,0.7495,0.7332,0.7245,0.7397,0.757,0.7668,0.7126,0.7432
95,0.7484,0.757,0.7668,0.7126,0.7495,0.7332,0.7332,0.744,0.757,0.7668,0.7126,0.7446
96,0.7484,0.7592,0.7668,0.7126,0.7495,0.7332,0.7332,0.744,0.757,0.7668,0.7126,0.7449
97,0.7484,0.7592,0.7668,0.7126,0.7495,0.7332,0.7332,0.744,0.757,0.7668,0.7126,0.7449
98,0.7484,0.7592,0.7668,0.7126,0.7495,0.7332,0.7332,0.744,0.757,0.7668,0.7126,0.7449
99,0.7484,0.7592,0.7668,0.7126,0.7495,0.7332,0.7332,0.744,0.757,0.7668,0.7126,0.7449
100,0.7484,0.7592,0.7668,0.7126,0.7495,0.7332,0.7332,0.744,0.757,0.7668,0.7126,0.7449
101,0.7484,0.7592,0.7668,0.7126,0.7495,0.7332,0.7332,0.744,0.7581,0.7668,0.7126,0.745
102,0.7484,0.7592,0.7668,0.7137,0.7495,0.7332,0.7332,0.7451,0.7625,0.7668,0.7137,0.7457
103,0.7484,0.7592,0.7668,0.7137,0.7495,0.7332,0.7332,0.7451,0.7625,0.7668,0.7137,0.7457
104,0.7484,0.7592,0.7668,0.7137,0.7495,0.7332,0.7332,0.7451,0.7625,0.7668,0.7137,0.7457
105,0.7505,0.7603,0.7668,0.7137,0.7495,0.7375,0.7375,0.7451,0.7625,0.7668,0.7137,0.747
106,0.7505,0.7603,0.7668,0.7137,0.7495,0.7375,0.7375,0.7473,0.7625,0.7668,0.7137,0.7473
107,0.7527,0.7603,0.7668,0.7137,0.7495,0.7375,0.7386,0.7473,0.7625,0.7668,0.7137,0.7477
108,0.7527,0.7603,0.7668,0.7137,0.7495,0.7419,0.7386,0.7473,0.7636,0.7668,0.7137,0.7483
109,0.7527,0.7603,0.7668,0.7137,0.7495,0.7419,0.7516,0.7473,0.7636,0.7668,0.7137,0.7497
110,0.7527,0.7603,0.7668,0.7137,0.7495,0.7419,0.7538,0.7473,0.7636,0.7668,0.7137,0.75
111,0.7527,0.7603,0.7668,0.7137,0.7495,0.7419,0.7538,0.7473,0.7636,0.7668,0.7137,0.75
112,0.7527,0.7603,0.7668,0.7137,0.7495,0.7419,0.7538,0.7473,0.7636,0.7668,0.7137,0.75
113,0.7527,0.7603,0.7668,0.7137,0.7495,0.7419,0.7538,0.7473,0.7636,0.7668,0.7137,0.75
114,0.7527,0.7625,0.7668,0.7137,0.7495,0.7419,0.7538,0.7484,0.7636,0.7668,0.7137,0.7503
115,0.7527,0.7625,0.7668,0.7137,0.7495,0.7419,0.7538,0.7484,0.7636,0.7668,0.7137,0.7503
116,0.7549,0.7625,0.7668,0.7137,0.7495,0.7419,0.7538,0.7484,0.7636,0.7668,0.7137,0.7506
117,0.7549,0.7625,0.7668,0.7137,0.7495,0.7419,0.7538,0.7484,0.7657,0.7668,0.7137,0.7508
118,0.7549,0.7625,0.7668,0.7137,0.7495,0.7419,0.7538,0.7484,0.7657,0.7668,0.7137,0.7508
119,0.7549,0.7625,0.7668,0.7137,0.7495,0.7419,0.7538,0.7484,0.7657,0.7668,0.7137,0.7508
120,0.756,0.7625,0.7668,0.7137,0.7495,0.7419,0.7538,0.7484,0.7657,0.7668,0.7137,0.7509
121,0.756,0.7625,0.7668,0.7137,0.7505,0.7419,0.7538,0.7484,0.7657,0.7668,0.7137,0.751
122,0.756,0.7625,0.7668,0.7137,0.7505,0.7419,0.7538,0.7484,0.7657,0.7668,0.7137,0.751
123,0.756,0.7625,0.7668,0.7137,0.7505,0.7419,0.7538,0.7484,0.7657,0.7668,0.7137,0.751
124,0.756,0.7625,0.7668,0.7191,0.7505,0.7419,0.756,0.7484,0.7657,0.7668,0.7191,0.7519
125,0.757,0.7625,0.7668,0.7278,0.7505,0.7419,0.756,0.7484,0.7657,0.7668,0.7278,0.753
126,0.757,0.7625,0.7668,0.7278,0.7505,0.7495,0.756,0.7484,0.7657,0.7668,0.7278,0.7538
127,0.757,0.7625,0.7668,0.7278,0.7505,0.7495,0.756,0.7484,0.7657,0.7668,0.7278,0.7538
128,0.757,0.7625,0.7668,0.731,0.7505,0.7495,0.756,0.7484,0.7657,0.7668,0.731,0.7542
129,0.757,0.7625,0.7668,0.731,0.7505,0.7495,0.756,0.7484,0.7657,0.7668,0.731,0.7542
130,0.757,0.7625,0.7668,0.731,0.7505,0.7495,0.756,0.7484,0.7657,0.7668,0.731,0.7542
131,0.757,0.7668,0.7668,0.731,0.7505,0.7495,0.756,0.7484,0.7657,0.7668,0.731,0.7546
132,0.757,0.7668,0.7668,0.731,0.7505,0.7495,0.756,0.7484,0.7668,0.7668,0.731,0.7548
133,0.757,0.7668,0.7668,0.7321,0.7505,0.7495,0.756,0.7484,0.7668,0.7668,0.7321,0.7549
134,0.7581,0.7668,0.7668,0.7321,0.7505,0.7516,0.757,0.7484,0.7668,0.7668,0.7321,0.7553
135,0.7581,0.7668,0.7668,0.7321,0.7505,0.7516,0.7614,0.7484,0.7668,0.7668,0.7321,0.7558
136,0.7581,0.7668,0.7668,0.7321,0.7505,0.7516,0.7614,0.7484,0.7668,0.7668,0.7321,0.7558
137,0.7581,0.7668,0.7668,0.7321,0.7505,0.7516,0.7614,0.7484,0.7668,0.7668,0.7321,0.7558
138,0.7581,0.7668,0.7668,0.7321,0.7505,0.7516,0.7614,0.7484,0.7668,0.7668,0.7321,0.7558
139,0.7581,0.7668,0.7668,0.7321,0.7505,0.7516,0.7614,0.7484,0.7668,0.7668,0.7321,0.7558
140,0.7581,0.7668,0.7668,0.7321,0.7505,0.7516,0.7614,0.7484,0.7668,0.7668,0.7321,0.7558
141,0.7581,0.7668,0.7668,0.7386,0.7505,0.7516,0.7614,0.7484,0.7668,0.7668,0.7386,0.7566
142,0.7581,0.7668,0.7668,0.7386,0.7505,0.7516,0.7614,0.7484,0.7668,0.7668,0.7386,0.7566
143,0.7581,0.7668,0.7668,0.7386,0.7505,0.7516,0.7614,0.7484,0.7668,0.7668,0.7386,0.7566
144,0.7592,0.7668,0.7668,0.7386,0.7505,0.7516,0.7614,0.7484,0.7668,0.7668,0.7386,0.7567
145,0.7592,0.7668,0.7668,0.7386,0.7505,0.7516,0.7614,0.7484,0.7668,0.7668,0.7386,0.7567
146,0.7592,0.7668,0.7668,0.7386,0.7505,0.7516,0.7614,0.7484,0.7668,0.7668,0.7386,0.7567
147,0.7592,0.7668,0.7668,0.7397,0.7505,0.7516,0.7614,0.7484,0.7668,0.7668,0.7397,0.7568
148,0.7592,0.7668,0.7668,0.7397,0.7505,0.7516,0.7614,0.7484,0.7668,0.7668,0.7397,0.7568
149,0.7603,0.7701,0.7668,0.7397,0.7505,0.7516,0.7614,0.7484,0.7668,0.7701,0.7397,0.7573
150,0.7603,0.7701,0.7668,0.7397,0.7505,0.7516,0.7614,0.7484,0.7668,0.7701,0.7397,0.7573
151,0.7603,0.7701,0.7668,0.7397,0.7505,0.7516,0.7614,0.7484,0.7668,0.7701,0.7397,0.7573
152,0.7603,0.7701,0.7668,0.744,0.7505,0.7516,0.7614,0.7484,0.7668,0.7701,0.744,0.7578
153,0.7603,0.7701,0.7668,0.744,0.7527,0.7516,0.7614,0.7484,0.7668,0.7701,0.744,0.758
154,0.7603,0.7701,0.7668,0.744,0.7527,0.7516,0.7614,0.7484,0.7668,0.7701,0.744,0.758
155,0.7603,0.7701,0.7668,0.744,0.7527,0.7516,0.7614,0.7484,0.7668,0.7701,0.744,0.758
156,0.7603,0.7701,0.7668,0.744,0.7527,0.7516,0.7625,0.7484,0.7668,0.7701,0.744,0.7581
157,0.7603,0.7701,0.7668,0.744,0.7527,0.7516,0.7625,0.7516,0.7668,0.7701,0.744,0.7585
158,0.7603,0.7701,0.7668,0.744,0.7527,0.7538,0.7625,0.7516,0.7668,0.7701,0.744,0.7587
159,0.7603,0.7701,0.7668,0.744,0.7527,0.7538,0.7625,0.7516,0.7668,0.7701,0.744,0.7587
160,0.7603,0.7701,0.7668,0.744,0.7527,0.7538,0.7625,0.7516,0.7668,0.7701,0.744,0.7587
161,0.7603,0.7701,0.7668,0.744,0.7527,0.7538,0.7625,0.7516,0.7668,0.7701,0.744,0.7587
162,0.7603,0.7701,0.7668,0.744,0.7527,0.7538,0.7625,0.7516,0.7668,0.7701,0.744,0.7587
163,0.7603,0.7701,0.7668,0.744,0.7527,0.7538,0.7625,0.7516,0.7668,0.7701,0.744,0.7587
164,0.7603,0.7701,0.7668,0.744,0.7527,0.7538,0.7625,0.7516,0.7668,0.7701,0.744,0.7587
165,0.7603,0.7701,0.7668,0.744,0.7527,0.7592,0.7625,0.7516,0.7668,0.7701,0.744,0.7593
166,0.7603,0.7701,0.7668,0.744,0.7527,0.7592,0.7625,0.7516,0.7668,0.7701,0.744,0.7593
167,0.7603,0.7701,0.7668,0.744,0.7527,0.7614,0.7625,0.7516,0.7668,0.7701,0.744,0.7596
168,0.7603,0.7701,0.7668,0.744,0.7527,0.7614,0.7625,0.7516,0.7668,0.7701,0.744,0.7596
169,0.7603,0.7701,0.7679,0.744,0.7527,0.7614,0.7625,0.7538,0.7668,0.7701,0.744,0.7599
170,0.7603,0.7701,0.7679,0.744,0.7527,0.7614,0.7625,0.7538,0.7679,0.7701,0.744,0.7601
171,0.7603,0.7701,0.7679,0.744,0.7527,0.7614,0.7625,0.7538,0.7679,0.7701,0.744,0.7601
172,0.7603,0.7701,0.7679,0.744,0.7527,0.7614,0.7625,0.7538,0.7679,0.7701,0.744,0.7601
173,0.7603,0.7701,0.7679,0.744,0.7527,0.7614,0.7625,0.7549,0.7679,0.7701,0.744,0.7602
174,0.7603,0.7701,0.7679,0.744,0.7527,0.7614,0.7625,0.7549,0.7679,0.7701,0.744,0.7602
175,0.7603,0.7701,0.7679,0.744,0.7527,0.7657,0.7625,0.7549,0.7679,0.7701,0.744,0.7607
176,0.7603,0.7701,0.7711,0.744,0.7527,0.7657,0.7625,0.7549,0.7679,0.7711,0.744,0.761
177,0.7603,0.7701,0.7711,0.744,0.7527,0.7657,0.7625,0.7549,0.7679,0.7711,0.744,0.761
178,0.7603,0.7701,0.7711,0.744,0.7527,0.7657,0.7625,0.7549,0.7679,0.7711,0.744,0.761
179,0.7646,0.7701,0.7711,0.7516,0.7527,0.7657,0.7625,0.7549,0.7679,0.7711,0.7516,0.7623
180,0.7646,0.7701,0.7711,0.7516,0.7527,0.7657,0.7625,0.7549,0.7679,0.7711,0.7516,0.7623
181,0.7646,0.7701,0.7733,0.7516,0.7527,0.7668,0.7625,0.7549,0.7679,0.7733,0.7516,0.7627
182,0.7646,0.7701,0.7733,0.7516,0.7527,0.7668,0.7625,0.7549,0.7679,0.7733,0.7516,0.7627
183,0.7646,0.7701,0.7733,0.7516,0.7527,0.7668,0.7625,0.7549,0.7679,0.7733,0.7516,0.7627
184,0.7646,0.7701,0.7733,0.7549,0.7527,0.7668,0.7625,0.7549,0.7679,0.7733,0.7527,0.7631
185,0.7646,0.7701,0.7798,0.7549,0.7527,0.7668,0.7625,0.7549,0.7679,0.7798,0.7527,0.7638
186,0.7646,0.7701,0.7798,0.7549,0.7527,0.7668,0.7625,0.7549,0.7744,0.7798,0.7527,0.7645
187,0.7657,0.7701,0.7798,0.7549,0.7527,0.7668,0.7625,0.7549,0.7744,0.7798,0.7527,0.7646
188,0.7668,0.7701,0.7798,0.7549,0.7527,0.7668,0.7625,0.7549,0.7744,0.7798,0.7527,0.7648
189,0.7668,0.7701,0.7798,0.7549,0.7527,0.7668,0.7625,0.7549,0.7744,0.7798,0.7527,0.7648
190,0.7668,0.7701,0.7798,0.7549,0.7527,0.7668,0.7625,0.7603,0.7744,0.7798,0.7527,0.7654
191,0.7668,0.7701,0.7798,0.7549,0.7527,0.7668,0.7625,0.7603,0.7744,0.7798,0.7527,0.7654
192,0.7668,0.7701,0.7798,0.7549,0.7527,0.7668,0.7625,0.7603,0.7744,0.7798,0.7527,0.7654
193,0.7668,0.7701,0.7798,0.7549,0.7527,0.7668,0.7625,0.7603,0.7744,0.7798,0.7527,0.7654
194,0.7668,0.7701,0.7809,0.7549,0.7527,0.7668,0.7625,0.7603,0.7744,0.7809,0.7527,0.7655
195,0.7668,0.7701,0.7809,0.7549,0.7527,0.7668,0.7625,0.7603,0.7744,0.7809,0.7527,0.7655
196,0.7668,0.7701,0.7809,0.756,0.7527,0.7668,0.7625,0.7603,0.7744,0.7809,0.7527,0.7656
197,0.7668,0.7701,0.7809,0.756,0.7527,0.7668,0.7625,0.7603,0.7744,0.7809,0.7527,0.7656
198,0.7668,0.7701,0.7809,0.756,0.7527,0.7668,0.7625,0.7603,0.7744,0.7809,0.7527,0.7656
199,0.7668,0.7701,0.7809,0.756,0.7527,0.7668,0.7625,0.7603,0.7744,0.7809,0.7527,0.7656
200,0.7668,0.7701,0.7809,0.757,0.7527,0.7668,0.7625,0.7603,0.7744,0.7809,0.7527,0.7657
201,0.7668,0.7701,0.7809,0.757,0.7527,0.7668,0.7625,0.7603,0.7744,0.7809,0.7527,0.7657
202,0.7668,0.7701,0.7809,0.757,0.7527,0.7668,0.7625,0.7603,0.7744,0.7809,0.7527,0.7657
203,0.7668,0.7701,0.7809,0.757,0.7538,0.7679,0.7625,0.7603,0.7744,0.7809,0.7538,0.766
204,0.7668,0.7701,0.7809,0.757,0.7538,0.7679,0.7625,0.7603,0.7744,0.7809,0.7538,0.766
205,0.7668,0.7701,0.7809,0.757,0.7538,0.7679,0.7625,0.7603,0.7744,0.7809,0.7538,0.766
206,0.7668,0.7701,0.7809,0.757,0.7538,0.7679,0.7625,0.7603,0.7744,0.7809,0.7538,0.766
207,0.7668,0.7701,0.7809,0.757,0.7538,0.7679,0.7625,0.7603,0.7744,0.7809,0.7538,0.766
208,0.7668,0.7701,0.7809,0.757,0.7538,0.7679,0.7625,0.7625,0.7744,0.7809,0.7538,0.7662
209,0.7668,0.7701,0.7809,0.7614,0.7538,0.7679,0.7646,0.7625,0.7744,0.7809,0.7538,0.7669
210,0.7668,0.7701,0.7809,0.7614,0.7538,0.7679,0.7646,0.7625,0.7744,0.7809,0.7538,0.7669
211,0.7668,0.7701,0.7809,0.7614,0.757,0.7679,0.7646,0.7625,0.7744,0.7809,0.757,0.7673
212,0.7668,0.7701,0.7809,0.7614,0.757,0.7679,0.7646,0.7625,0.7744,0.7809,0.757,0.7673
213,0.7668,0.7722,0.7809,0.7614,0.757,0.7679,0.7646,0.7625,0.7744,0.7809,0.757,0.7675
214,0.7679,0.7722,0.7809,0.7614,0.757,0.7679,0.7657,0.7625,0.7744,0.7809,0.757,0.7678
215,0.7679,0.7722,0.7809,0.7614,0.757,0.7679,0.7657,0.7625,0.7744,0.7809,0.757,0.7678
216,0.7679,0.7722,0.7809,0.7614,0.757,0.7679,0.7657,0.7625,0.7744,0.7809,0.757,0.7678
217,0.7679,0.7722,0.782,0.7614,0.757,0.7679,0.7657,0.7625,0.7744,0.782,0.757,0.7679
218,0.7679,0.7722,0.782,0.7614,0.757,0.7679,0.7657,0.7625,0.7744,0.782,0.757,0.7679
219,0.7679,0.7722,0.782,0.7614,0.757,0.7679,0.7657,0.7625,0.7744,0.782,0.757,0.7679
220,0.7679,0.7722,0.782,0.7636,0.757,0.7679,0.7657,0.7625,0.7744,0.782,0.757,0.7681
221,0.7679,0.7722,0.782,0.7636,0.757,0.7679,0.7657,0.7625,0.7744,0.782,0.757,0.7681
222,0.7679,0.7722,0.782,0.7636,0.757,0.7679,0.7657,0.7625,0.7744,0.782,0.757,0.7681
223,0.7679,0.7722,0.782,0.7636,0.757,0.7679,0.7657,0.7625,0.7744,0.782,0.757,0.7681
224,0.7679,0.7722,0.782,0.7636,0.757,0.7679,0.7657,0.7625,0.7744,0.782,0.757,0.7681
225,0.7679,0.7722,0.782,0.7636,0.757,0.7679,0.7657,0.7625,0.7744,0.782,0.757,0.7681
226,0.7679,0.7722,0.782,0.7636,0.757,0.7679,0.7657,0.7625,0.7744,0.782,0.757,0.7681
227,0.7679,0.7722,0.782,0.7636,0.757,0.7679,0.7657,0.7625,0.7744,0.782,0.757,0.7681
228,0.7679,0.7722,0.782,0.7636,0.757,0.7679,0.7657,0.7625,0.7744,0.782,0.757,0.7681
229,0.7679,0.7722,0.782,0.7636,0.757,0.7679,0.7657,0.7625,0.7744,0.782,0.757,0.7681
230,0.7679,0.7722,0.782,0.7636,0.757,0.7679,0.7657,0.7625,0.7744,0.782,0.757,0.7681
231,0.7679,0.7722,0.782,0.7636,0.757,0.7679,0.7668,0.7625,0.7744,0.782,0.757,0.7683
232,0.7679,0.7722,0.782,0.7636,0.757,0.7679,0.7668,0.7625,0.7744,0.782,0.757,0.7683
233,0.7679,0.7722,0.782,0.7636,0.757,0.7744,0.7668,0.7625,0.7744,0.782,0.757,0.769
234,0.7679,0.7722,0.782,0.7636,0.757,0.7744,0.7668,0.7625,0.7744,0.782,0.757,0.769
235,0.7679,0.7722,0.782,0.7636,0.757,0.7744,0.7668,0.7625,0.7744,0.782,0.757,0.769
236,0.7679,0.7722,0.782,0.7636,0.757,0.7744,0.7711,0.7625,0.7744,0.782,0.757,0.7695
237,0.7679,0.7722,0.782,0.7636,0.757,0.7744,0.7711,0.7625,0.7744,0.782,0.757,0.7695
238,0.7679,0.7744,0.7939,0.7636,0.757,0.7744,0.7711,0.7625,0.7755,0.7939,0.757,0.7711
239,0.7679,0.7744,0.7939,0.7636,0.757,0.7744,0.7711,0.7636,0.7755,0.7939,0.757,0.7713
240,0.7679,0.7744,0.7939,0.7636,0.757,0.7744,0.7711,0.7636,0.7755,0.7939,0.757,0.7713
241,0.7679,0.7744,0.7939,0.7636,0.757,0.7744,0.7711,0.7636,0.7755,0.7939,0.757,0.7713
242,0.7679,0.7744,0.7939,0.7636,0.757,0.7777,0.7711,0.7636,0.7755,0.7939,0.757,0.7716
243,0.7679,0.7744,0.7939,0.7636,0.757,0.7777,0.7722,0.7636,0.7885,0.7939,0.757,0.7732
244,0.7679,0.7744,0.7939,0.7636,0.757,0.7777,0.7722,0.7636,0.7885,0.7939,0.757,0.7732
245,0.7679,0.7744,0.7939,0.7636,0.757,0.7777,0.7722,0.7636,0.7885,0.7939,0.757,0.7732
246,0.7679,0.7744,0.7939,0.7646,0.757,0.7777,0.7722,0.7636,0.7885,0.7939,0.757,0.7733
247,0.7679,0.7744,0.7939,0.7646,0.757,0.7777,0.7722,0.7636,0.7885,0.7939,0.757,0.7733
248,0.7679,0.7744,0.7939,0.7646,0.757,0.7777,0.7722,0.7636,0.7885,0.7939,0.757,0.7733
249,0.7679,0.7744,0.7939,0.7646,0.757,0.7777,0.7722,0.7636,0.7885,0.7939,0.757,0.7733
250,0.7679,0.7744,0.7939,0.7646,0.757,0.7798,0.7722,0.7636,0.7885,0.7939,0.757,0.7735
251,0.7679,0.7744,0.7939,0.7646,0.757,0.7798,0.7722,0.7636,0.7885,0.7939,0.757,0.7735
252,0.7679,0.7744,0.7939,0.7646,0.757,0.7798,0.7722,0.7636,0.7885,0.7939,0.757,0.7735
253,0.7679,0.7744,0.7939,0.7646,0.757,0.7798,0.7722,0.7636,0.7885,0.7939,0.757,0.7735
254,0.7679,0.7744,0.7939,0.7646,0.7592,0.7798,0.7722,0.7636,0.7885,0.7939,0.7592,0.7738
255,0.7679,0.7744,0.7939,0.7646,0.7592,0.7798,0.7722,0.7636,0.7885,0.7939,0.7592,0.7738
256,0.7679,0.7744,0.7939,0.7646,0.7592,0.7798,0.7722,0.7636,0.7885,0.7939,0.7592,0.7738
257,0.7679,0.7744,0.7939,0.7646,0.7603,0.7798,0.7722,0.7636,0.7885,0.7939,0.7603,0.7739
258,0.7679,0.7744,0.7939,0.7646,0.7603,0.7798,0.7722,0.7636,0.7885,0.7939,0.7603,0.7739
259,0.7679,0.7744,0.7939,0.7646,0.7603,0.7798,0.7722,0.7636,0.7885,0.7939,0.7603,0.7739
260,0.7679,0.7744,0.7939,0.7646,0.7603,0.7798,0.7722,0.7636,0.7885,0.7939,0.7603,0.7739
261,0.7679,0.7744,0.7939,0.7646,0.769,0.7798,0.7722,0.7636,0.7896,0.7939,0.7636,0.775
262,0.7679,0.7744,0.7939,0.7646,0.769,0.7798,0.7722,0.7636,0.7896,0.7939,0.7636,0.775
263,0.7679,0.7744,0.7939,0.7646,0.769,0.7798,0.7722,0.7636,0.7896,0.7939,0.7636,0.775
264,0.7679,0.7744,0.7939,0.7646,0.769,0.7798,0.7722,0.7636,0.7896,0.7939,0.7636,0.775
265,0.7679,0.7744,0.7939,0.7646,0.769,0.7798,0.7733,0.7636,0.7896,0.7939,0.7636,0.7751
266,0.7679,0.7744,0.7939,0.7646,0.769,0.7798,0.7733,0.7636,0.7896,0.7939,0.7636,0.7751
267,0.7679,0.7744,0.7939,0.7646,0.769,0.7798,0.7733,0.7636,0.7896,0.7939,0.7636,0.7751
268,0.7679,0.7744,0.7939,0.7646,0.769,0.7798,0.7733,0.7636,0.7896,0.7939,0.7636,0.7751
269,0.7679,0.7744,0.7939,0.7646,0.769,0.7798,0.7733,0.7636,0.7896,0.7939,0.7636,0.7751
270,0.769,0.7744,0.7939,0.7646,0.769,0.7798,0.7733,0.7636,0.7896,0.7939,0.7636,0.7752
271,0.769,0.7744,0.7939,0.7646,0.769,0.782,0.7733,0.7636,0.7896,0.7939,0.7636,0.7755
272,0.769,0.7744,0.7939,0.7646,0.769,0.782,0.7733,0.7636,0.7896,0.7939,0.7636,0.7755
273,0.769,0.7744,0.7939,0.7646,0.769,0.782,0.7733,0.7636,0.7896,0.7939,0.7636,0.7755
274,0.769,0.7744,0.7939,0.7646,0.769,0.782,0.7733,0.7636,0.7896,0.7939,0.7636,0.7755
275,0.769,0.7744,0.7939,0.7646,0.769,0.782,0.7733,0.7636,0.7896,0.7939,0.7636,0.7755
276,0.769,0.7744,0.7939,0.7646,0.769,0.782,0.7733,0.7636,0.7896,0.7939,0.7636,0.7755
277,0.769,0.7744,0.7939,0.7646,0.769,0.782,0.7733,0.7636,0.7896,0.7939,0.7636,0.7755
278,0.769,0.7744,0.7939,0.7646,0.769,0.782,0.7733,0.7636,0.7896,0.7939,0.7636,0.7755
279,0.769,0.7744,0.7939,0.7646,0.769,0.782,0.7733,0.7636,0.7896,0.7939,0.7636,0.7755
280,0.769,0.7744,0.7939,0.7646,0.769,0.782,0.7733,0.7636,0.7896,0.7939,0.7636,0.7755
281,0.769,0.7744,0.7939,0.7646,0.7711,0.782,0.7733,0.7636,0.7896,0.7939,0.7636,0.7757
282,0.769,0.7744,0.7939,0.7646,0.7711,0.782,0.7733,0.7636,0.7896,0.7939,0.7636,0.7757
283,0.769,0.7744,0.7939,0.7646,0.7711,0.782,0.7733,0.7636,0.7896,0.7939,0.7636,0.7757
284,0.769,0.7744,0.7939,0.7646,0.7711,0.782,0.7733,0.7636,0.7896,0.7939,0.7636,0.7757
285,0.769,0.7744,0.7939,0.7646,0.7711,0.782,0.7733,0.7636,0.7896,0.7939,0.7636,0.7757
286,0.769,0.7744,0.7939,0.7646,0.7711,0.782,0.7733,0.7636,0.7896,0.7939,0.7636,0.7757
287,0.769,0.7744,0.7939,0.7646,0.7711,0.782,0.7733,0.7636,0.7896,0.7939,0.7636,0.7757
288,0.769,0.7744,0.7939,0.7646,0.7711,0.782,0.7733,0.7636,0.7896,0.7939,0.7636,0.7757
289,0.769,0.7744,0.7939,0.7646,0.7711,0.782,0.7733,0.7636,0.7896,0.7939,0.7636,0.7757
290,0.769,0.7744,0.7939,0.7646,0.7711,0.782,0.7733,0.7636,0.7896,0.7939,0.7636,0.7757
291,0.769,0.7744,0.7939,0.7646,0.7711,0.782,0.7733,0.7636,0.7896,0.7939,0.7636,0.7757
292,0.769,0.7744,0.7939,0.7646,0.7711,0.782,0.7733,0.7636,0.7896,0.7939,0.7636,0.7757
293,0.769,0.7744,0.7939,0.7646,0.7711,0.782,0.7733,0.7668,0.7896,0.7939,0.7646,0.7761
294,0.769,0.7766,0.7939,0.7646,0.7744,0.782,0.7733,0.7668,0.7896,0.7939,0.7646,0.7767
295,0.769,0.7766,0.7939,0.7646,0.7766,0.7842,0.7733,0.7668,0.7896,0.7939,0.7646,0.7772
296,0.769,0.7766,0.795,0.7646,0.7766,0.7842,0.7733,0.7668,0.7896,0.795,0.7646,0.7773
297,0.769,0.7766,0.795,0.7646,0.7766,0.7842,0.7733,0.7668,0.7896,0.795,0.7646,0.7773
298,0.769,0.7766,0.795,0.7646,0.7766,0.7852,0.7733,0.7668,0.7896,0.795,0.7646,0.7774
299,0.769,0.7766,0.795,0.7646,0.7766,0.7863,0.7733,0.7668,0.7928,0.795,0.7646,0.7779
300,0.769,0.7766,0.795,0.7646,0.7766,0.7863,0.7733,0.7668,0.7928,0.795,0.7646,0.7779
301,0.769,0.7766,0.795,0.7646,0.7766,0.7863,0.7744,0.7668,0.7928,0.795,0.7646,0.778
302,0.769,0.7766,0.795,0.7646,0.7766,0.7863,0.7744,0.7668,0.7928,0.795,0.7646,0.778
303,0.769,0.7766,0.795,0.7646,0.7766,0.7863,0.7744,0.7668,0.7928,0.795,0.7646,0.778
304,0.769,0.7766,0.795,0.7646,0.7766,0.7863,0.7744,0.7668,0.7928,0.795,0.7646,0.778
305,0.769,0.7766,0.795,0.7646,0.7766,0.7863,0.7744,0.7668,0.7928,0.795,0.7646,0.778
306,0.7711,0.7766,0.795,0.7646,0.7766,0.7863,0.7744,0.7668,0.7928,0.795,0.7646,0.7782
307,0.7711,0.7766,0.795,0.7646,0.7766,0.7863,0.7744,0.7668,0.7928,0.795,0.7646,0.7782
308,0.7711,0.7766,0.795,0.7646,0.7766,0.7863,0.7744,0.7668,0.7939,0.795,0.7646,0.7784
309,0.7711,0.7766,0.795,0.7646,0.7777,0.7863,0.7744,0.7668,0.7939,0.795,0.7646,0.7785
310,0.7711,0.7766,0.795,0.7646,0.7777,0.7863,0.7744,0.7668,0.7939,0.795,0.7646,0.7785
311,0.7711,0.7766,0.795,0.7646,0.7777,0.7863,0.7744,0.7668,0.7939,0.795,0.7646,0.7785
312,0.7711,0.7766,0.795,0.7646,0.7777,0.7863,0.7744,0.7668,0.7939,0.795,0.7646,0.7785
313,0.7711,0.7766,0.795,0.7646,0.7777,0.7863,0.7744,0.7668,0.7939,0.795,0.7646,0.7785
314,0.7711,0.7766,0.795,0.7646,0.7777,0.7863,0.7744,0.7668,0.7939,0.795,0.7646,0.7785
315,0.7711,0.7766,0.795,0.7646,0.7777,0.7863,0.7744,0.7668,0.7939,0.795,0.7646,0.7785
316,0.7711,0.7766,0.795,0.7646,0.7777,0.7863,0.7744,0.7668,0.7939,0.795,0.7646,0.7785
317,0.7711,0.7766,0.795,0.7646,0.7777,0.7863,0.7744,0.7668,0.7939,0.795,0.7646,0.7785
318,0.7711,0.7766,0.795,0.7646,0.7777,0.7863,0.7744,0.7668,0.7939,0.795,0.7646,0.7785
319,0.7711,0.7766,0.795,0.7646,0.7777,0.7863,0.7744,0.7668,0.7939,0.795,0.7646,0.7785
320,0.7711,0.7766,0.795,0.7646,0.7777,0.7863,0.7744,0.7668,0.7939,0.795,0.7646,0.7785
321,0.7777,0.7766,0.795,0.7646,0.7777,0.7863,0.7744,0.7668,0.7939,0.795,0.7646,0.7792
322,0.7777,0.7766,0.795,0.7646,0.7777,0.7863,0.7744,0.7668,0.7939,0.795,0.7646,0.7792
323,0.7777,0.7766,0.795,0.7646,0.7777,0.7863,0.7744,0.7668,0.7939,0.795,0.7646,0.7792
324,0.7777,0.7766,0.795,0.7646,0.7777,0.7863,0.7744,0.7668,0.7939,0.795,0.7646,0.7792
325,0.7777,0.7766,0.795,0.7646,0.7777,0.7863,0.7744,0.7668,0.7939,0.795,0.7646,0.7792
326,0.7777,0.7766,0.795,0.7646,0.7777,0.7863,0.7744,0.7668,0.7939,0.795,0.7646,0.7792
327,0.7777,0.7766,0.795,0.7646,0.7777,0.7863,0.7744,0.7668,0.7939,0.795,0.7646,0.7792
328,0.7777,0.7766,0.795,0.7646,0.7777,0.7863,0.7744,0.7668,0.7939,0.795,0.7646,0.7792
329,0.7777,0.7766,0.795,0.7646,0.7777,0.7863,0.7744,0.7668,0.7939,0.795,0.7646,0.7792
330,0.7777,0.7766,0.795,0.7646,0.7777,0.7863,0.7744,0.7668,0.7939,0.795,0.7646,0.7792
331,0.7777,0.7766,0.795,0.7646,0.7777,0.7863,0.7744,0.7668,0.7939,0.795,0.7646,0.7792
332,0.7777,0.7766,0.795,0.7646,0.7777,0.7863,0.7744,0.7668,0.7939,0.795,0.7646,0.7792
333,0.7777,0.7766,0.795,0.7646,0.7777,0.7863,0.7744,0.7668,0.7939,0.795,0.7646,0.7792
334,0.7777,0.7766,0.7961,0.7646,0.7777,0.7863,0.7744,0.7668,0.7939,0.7961,0.7646,0.7793
335,0.7777,0.7766,0.7961,0.7646,0.7777,0.7863,0.7744,0.7668,0.7939,0.7961,0.7646,0.7793
336,0.7777,0.7766,0.7961,0.7646,0.7777,0.7863,0.7744,0.7668,0.7939,0.7961,0.7646,0.7793
337,0.7777,0.7766,0.7961,0.7646,0.7777,0.7863,0.7744,0.7668,0.7939,0.7961,0.7646,0.7793
338,0.7777,0.7766,0.7961,0.7646,0.7777,0.7863,0.7744,0.7668,0.7939,0.7961,0.7646,0.7793
339,0.7777,0.7766,0.7961,0.7646,0.7777,0.7863,0.7744,0.7668,0.7939,0.7961,0.7646,0.7793
340,0.7777,0.7766,0.7961,0.7646,0.7787,0.7863,0.7744,0.7668,0.7939,0.7961,0.7646,0.7795
341,0.7777,0.7766,0.7961,0.7646,0.7787,0.7863,0.7744,0.7668,0.7939,0.7961,0.7646,0.7795
342,0.7777,0.7766,0.7961,0.7646,0.7787,0.7863,0.7744,0.7668,0.7939,0.7961,0.7646,0.7795
343,0.7777,0.7766,0.7961,0.7646,0.7787,0.7863,0.7744,0.7668,0.7939,0.7961,0.7646,0.7795
344,0.7777,0.7766,0.7961,0.7646,0.7787,0.7863,0.7744,0.7668,0.7939,0.7961,0.7646,0.7795
345,0.7777,0.7766,0.7961,0.7646,0.7787,0.7863,0.7744,0.7668,0.7939,0.7961,0.7646,0.7795
346,0.7777,0.7766,0.7961,0.7646,0.7787,0.7863,0.7744,0.7668,0.7939,0.7961,0.7646,0.7795
347,0.7777,0.7766,0.7961,0.7646,0.7787,0.7863,0.7744,0.7668,0.7939,0.7961,0.7646,0.7795
348,0.7777,0.7766,0.7961,0.7646,0.7787,0.7863,0.7744,0.7668,0.7939,0.7961,0.7646,0.7795
349,0.7777,0.7766,0.7961,0.7646,0.7787,0.7863,0.7744,0.7668,0.7939,0.7961,0.7646,0.7795
350,0.7777,0.7766,0.7961,0.7646,0.7787,0.7863,0.7744,0.7668,0.7939,0.7961,0.7646,0.7795
351,0.7777,0.7766,0.7961,0.7646,0.7787,0.7863,0.7744,0.7668,0.7939,0.7961,0.7646,0.7795
352,0.7777,0.7766,0.7961,0.7755,0.7787,0.7863,0.7744,0.7668,0.7939,0.7961,0.7668,0.7807
353,0.7777,0.7766,0.7961,0.7755,0.7787,0.7863,0.7744,0.7668,0.7939,0.7961,0.7668,0.7807
354,0.7777,0.7766,0.7961,0.7755,0.7787,0.7863,0.7744,0.7668,0.7939,0.7961,0.7668,0.7807
355,0.7777,0.7766,0.7961,0.7787,0.7787,0.7863,0.7744,0.7668,0.7939,0.7961,0.7668,0.781
356,0.7777,0.7766,0.7961,0.7787,0.7787,0.7863,0.7744,0.7668,0.7939,0.7961,0.7668,0.781
357,0.7777,0.7766,0.7961,0.7787,0.7787,0.7863,0.7744,0.7668,0.7939,0.7961,0.7668,0.781
358,0.7777,0.7766,0.7961,0.7787,0.7787,0.7863,0.7744,0.7668,0.7939,0.7961,0.7668,0.781
359,0.7777,0.7766,0.7961,0.7787,0.7787,0.7863,0.7744,0.7668,0.7939,0.7961,0.7668,0.781
360,0.7777,0.7766,0.7961,0.7787,0.7787,0.7863,0.7744,0.7668,0.7939,0.7961,0.7668,0.781
361,0.7777,0.7766,0.7961,0.7787,0.7787,0.7863,0.7744,0.7668,0.7939,0.7961,0.7668,0.781
362,0.7777,0.7766,0.7961,0.7787,0.7787,0.7863,0.7744,0.7668,0.7939,0.7961,0.7668,0.781
363,0.7777,0.7766,0.7961,0.7787,0.7787,0.7863,0.7744,0.7668,0.7939,0.7961,0.7668,0.781
364,0.7777,0.7766,0.7961,0.7787,0.7787,0.7863,0.7744,0.7668,0.7939,0.7961,0.7668,0.781
365,0.7777,0.7766,0.7961,0.7787,0.7787,0.7863,0.7744,0.7668,0.7939,0.7961,0.7668,0.781
366,0.7777,0.7766,0.7961,0.7787,0.7787,0.7863,0.7744,0.7668,0.7939,0.7961,0.7668,0.781
367,0.7777,0.7766,0.7961,0.7787,0.7787,0.7863,0.7744,0.7668,0.7939,0.7961,0.7668,0.781
368,0.7777,0.7766,0.7961,0.7787,0.7787,0.7863,0.7744,0.7668,0.7939,0.7961,0.7668,0.781
369,0.7777,0.7766,0.7961,0.7787,0.7787,0.7863,0.7744,0.7668,0.7939,0.7961,0.7668,0.781
370,0.7777,0.7766,0.7961,0.7787,0.7787,0.7863,0.7744,0.7668,0.7939,0.7961,0.7668,0.781
371,0.7777,0.7766,0.7961,0.7787,0.7787,0.7863,0.7744,0.7668,0.7939,0.7961,0.7668,0.781
372,0.7777,0.7766,0.7961,0.7787,0.7787,0.7863,0.7744,0.7668,0.7939,0.7961,0.7668,0.781
373,0.7777,0.7766,0.7961,0.7787,0.7787,0.7863,0.7744,0.7668,0.7939,0.7961,0.7668,0.781
374,0.7777,0.7766,0.7961,0.7787,0.7787,0.7863,0.7744,0.7668,0.7939,0.7961,0.7668,0.781
375,0.7777,0.7766,0.7961,0.7787,0.7787,0.7863,0.7744,0.7668,0.7939,0.7961,0.7668,0.781
376,0.7777,0.7766,0.7961,0.7787,0.7787,0.7863,0.7744,0.7668,0.7939,0.7961,0.7668,0.781
377,0.7777,0.7766,0.7961,0.7787,0.7787,0.7863,0.7744,0.7668,0.7939,0.7961,0.7668,0.781
378,0.7777,0.7766,0.7961,0.7787,0.7787,0.7863,0.7744,0.7668,0.7939,0.7961,0.7668,0.781
379,0.7777,0.7766,0.7961,0.7787,0.7787,0.7863,0.7744,0.7668,0.7939,0.7961,0.7668,0.781
380,0.7777,0.7766,0.7972,0.782,0.7787,0.7863,0.7744,0.7668,0.7939,0.7972,0.7668,0.7815
381,0.7787,0.7766,0.7972,0.782,0.7787,0.7863,0.7744,0.7668,0.7939,0.7972,0.7668,0.7816
382,0.7787,0.7766,0.7972,0.782,0.7787,0.7863,0.7744,0.7668,0.7939,0.7972,0.7668,0.7816
383,0.7787,0.7766,0.7972,0.782,0.7787,0.7863,0.7744,0.7668,0.7939,0.7972,0.7668,0.7816
384,0.7787,0.7766,0.7972,0.782,0.7787,0.7863,0.7744,0.7668,0.7939,0.7972,0.7668,0.7816
385,0.7787,0.7766,0.7972,0.782,0.7787,0.7863,0.7744,0.7668,0.7939,0.7972,0.7668,0.7816
386,0.7787,0.7766,0.7972,0.782,0.7787,0.7863,0.7744,0.7668,0.7939,0.7972,0.7668,0.7816
387,0.7787,0.7766,0.7972,0.782,0.7787,0.7863,0.7744,0.7668,0.7939,0.7972,0.7668,0.7816
388,0.7787,0.7766,0.7972,0.782,0.7787,0.7863,0.7744,0.7668,0.7939,0.7972,0.7668,0.7816
389,0.7787,0.7766,0.7972,0.782,0.7787,0.7863,0.7744,0.7668,0.7939,0.7972,0.7668,0.7816
390,0.7787,0.7766,0.7972,0.782,0.7787,0.7863,0.7744,0.7668,0.7939,0.7972,0.7668,0.7816
391,0.7787,0.7766,0.7972,0.782,0.7787,0.7863,0.7744,0.7668,0.7939,0.7972,0.7668,0.7816
392,0.7787,0.7766,0.7972,0.782,0.7787,0.7863,0.7744,0.7668,0.7939,0.7972,0.7668,0.7816
393,0.7787,0.7766,0.7972,0.782,0.7787,0.7863,0.7744,0.7668,0.7939,0.7972,0.7668,0.7816
394,0.7787,0.7766,0.7972,0.782,0.7787,0.7863,0.7744,0.7668,0.7939,0.7972,0.7668,0.7816
395,0.7787,0.7766,0.7972,0.782,0.7787,0.7863,0.7744,0.7668,0.7939,0.7972,0.7668,0.7816
396,0.7787,0.7766,0.7972,0.782,0.7787,0.7863,0.7744,0.7668,0.7939,0.7972,0.7668,0.7816
397,0.7787,0.7766,0.7972,0.782,0.7787,0.7863,0.7744,0.7668,0.7939,0.7972,0.7668,0.7816
398,0.7787,0.7766,0.7972,0.782,0.7787,0.7863,0.7744,0.7668,0.7939,0.7972,0.7668,0.7816
399,0.7787,0.7766,0.7972,0.782,0.7787,0.7863,0.7744,0.7668,0.7939,0.7972,0.7668,0.7816
400,0.7787,0.7766,0.7972,0.782,0.7787,0.7863,0.7744,0.7668,0.7939,0.7972,0.7668,0.7816
401,0.7787,0.7766,0.7972,0.782,0.7787,0.7863,0.7744,0.7668,0.7939,0.7972,0.7668,0.7816
402,0.7787,0.7766,0.7972,0.782,0.7787,0.7863,0.7744,0.7668,0.7939,0.7972,0.7668,0.7816
403,0.7787,0.7766,0.7972,0.782,0.7787,0.7863,0.7744,0.7668,0.7939,0.7972,0.7668,0.7816
404,0.7787,0.7766,0.7972,0.782,0.7787,0.7863,0.7744,0.7668,0.7939,0.7972,0.7668,0.7816
405,0.7787,0.7766,0.7972,0.782,0.7787,0.7863,0.7744,0.7668,0.7939,0.7972,0.7668,0.7816
406,0.7787,0.7766,0.7972,0.782,0.7787,0.7863,0.7744,0.7668,0.7939,0.7972,0.7668,0.7816
407,0.7787,0.7766,0.7972,0.782,0.7787,0.7863,0.7744,0.7668,0.7939,0.7972,0.7668,0.7816
408,0.7787,0.7766,0.7972,0.782,0.7787,0.7863,0.7744,0.7668,0.7939,0.7972,0.7668,0.7816
409,0.7787,0.7766,0.7972,0.782,0.7787,0.7863,0.7744,0.7668,0.7939,0.7972,0.7668,0.7816
410,0.7787,0.7766,0.7972,0.782,0.7787,0.7863,0.7744,0.7668,0.7939,0.7972,0.7668,0.7816
411,0.7787,0.7766,0.7972,0.782,0.7787,0.7863,0.7744,0.7668,0.7939,0.7972,0.7668,0.7816
412,0.7787,0.7766,0.7972,0.782,0.7787,0.7863,0.7744,0.7668,0.7939,0.7972,0.7668,0.7816
413,0.7787,0.7766,0.7972,0.782,0.7787,0.7863,0.7744,0.7668,0.7939,0.7972,0.7668,0.7816
414,0.7787,0.7766,0.7972,0.782,0.7787,0.7863,0.7744,0.7668,0.7939,0.7972,0.7668,0.7816
415,0.7787,0.7766,0.7972,0.782,0.7787,0.7863,0.7744,0.7668,0.7939,0.7972,0.7668,0.7816
416,0.7787,0.7766,0.7972,0.782,0.7787,0.7863,0.7744,0.7668,0.7939,0.7972,0.7668,0.7816
417,0.7787,0.7766,0.7972,0.782,0.7787,0.7863,0.7744,0.7668,0.7939,0.7972,0.7668,0.7816
418,0.7787,0.7766,0.7972,0.782,0.7787,0.7863,0.7744,0.7668,0.7939,0.7972,0.7668,0.7816
419,0.7787,0.7766,0.7972,0.782,0.7787,0.7863,0.7744,0.7668,0.7939,0.7972,0.7668,0.7816
420,0.7787,0.7766,0.7972,0.782,0.7787,0.7863,0.7744,0.7668,0.7939,0.7972,0.7668,0.7816
421,0.7787,0.7766,0.7972,0.782,0.7787,0.7863,0.7744,0.7668,0.7939,0.7972,0.7668,0.7816
422,0.7787,0.7766,0.7972,0.782,0.7787,0.7863,0.7744,0.7668,0.7939,0.7972,0.7668,0.7816
423,0.7787,0.7766,0.7972,0.782,0.7787,0.7863,0.7744,0.7668,0.7939,0.7972,0.7668,0.7816
424,0.7787,0.7766,0.7972,0.782,0.7787,0.7863,0.7744,0.7668,0.795,0.7972,0.7668,0.7817
425,0.7787,0.7766,0.7972,0.782,0.7787,0.7863,0.7744,0.7668,0.795,0.7972,0.7668,0.7817
426,0.7787,0.7766,0.7972,0.782,0.7787,0.7874,0.7744,0.7668,0.795,0.7972,0.7668,0.7819
427,0.7787,0.7766,0.7972,0.782,0.7787,0.7874,0.7744,0.7668,0.795,0.7972,0.7668,0.7819
428,0.7787,0.7766,0.7972,0.782,0.7787,0.7874,0.7744,0.7668,0.795,0.7972,0.7668,0.7819
429,0.7787,0.7766,0.7972,0.782,0.7787,0.7874,0.7744,0.7668,0.795,0.7972,0.7668,0.7819
430,0.7787,0.7766,0.7972,0.782,0.7787,0.7874,0.7744,0.7668,0.795,0.7972,0.7668,0.7819
431,0.7787,0.7766,0.7972,0.782,0.7787,0.7874,0.7744,0.7668,0.795,0.7972,0.7668,0.7819
432,0.7787,0.7766,0.7972,0.782,0.7787,0.7874,0.7744,0.7668,0.795,0.7972,0.7668,0.7819
433,0.7787,0.7766,0.7972,0.782,0.7787,0.7874,0.7744,0.7668,0.795,0.7972,0.7668,0.7819
434,0.7787,0.7777,0.7972,0.782,0.7787,0.7874,0.7744,0.7668,0.795,0.7972,0.7668,0.782
435,0.7787,0.7777,0.7972,0.782,0.7787,0.7874,0.7744,0.7668,0.795,0.7972,0.7668,0.782
436,0.7787,0.7777,0.7972,0.782,0.7787,0.7874,0.7744,0.7668,0.795,0.7972,0.7668,0.782
437,0.7787,0.7777,0.7972,0.782,0.7787,0.7874,0.7744,0.7668,0.795,0.7972,0.7668,0.782
438,0.7787,0.7777,0.7972,0.782,0.7787,0.7874,0.7744,0.7668,0.795,0.7972,0.7668,0.782
439,0.7787,0.7777,0.7972,0.782,0.7787,0.7874,0.7744,0.7668,0.795,0.7972,0.7668,0.782
440,0.7787,0.7777,0.7972,0.782,0.7787,0.7874,0.7744,0.7668,0.795,0.7972,0.7668,0.782
441,0.7787,0.7777,0.7972,0.782,0.7787,0.7874,0.7744,0.7668,0.795,0.7972,0.7668,0.782
442,0.7787,0.7777,0.7972,0.782,0.7787,0.7874,0.7744,0.7668,0.795,0.7972,0.7668,0.782
443,0.7787,0.7777,0.7972,0.782,0.7787,0.7874,0.7744,0.7668,0.795,0.7972,0.7668,0.782
444,0.7787,0.7777,0.7972,0.782,0.7787,0.7874,0.7744,0.7668,0.7961,0.7972,0.7668,0.7821
445,0.7787,0.7777,0.7972,0.782,0.7787,0.7874,0.7755,0.7668,0.7961,0.7972,0.7668,0.7822
446,0.7787,0.7777,0.7972,0.782,0.7787,0.7874,0.7755,0.7668,0.7961,0.7972,0.7668,0.7822
447,0.7787,0.7777,0.7972,0.782,0.7787,0.7874,0.7755,0.7668,0.7961,0.7972,0.7668,0.7822
448,0.7787,0.7777,0.7972,0.782,0.7787,0.7874,0.7755,0.7668,0.7961,0.7972,0.7668,0.7822
449,0.7787,0.7777,0.7972,0.782,0.7787,0.7874,0.7755,0.7668,0.7961,0.7972,0.7668,0.7822
450,0.7787,0.7777,0.7972,0.782,0.7787,0.7874,0.7755,0.7668,0.7961,0.7972,0.7668,0.7822
451,0.7787,0.7777,0.7972,0.782,0.7787,0.7874,0.7755,0.7668,0.7961,0.7972,0.7668,0.7822
452,0.7787,0.7777,0.7972,0.782,0.7787,0.7874,0.7755,0.7668,0.7961,0.7972,0.7668,0.7822
453,0.7787,0.7777,0.7972,0.782,0.7787,0.7874,0.7755,0.7668,0.7961,0.7972,0.7668,0.7822
454,0.7787,0.7798,0.7972,0.782,0.7787,0.7874,0.7755,0.7668,0.7961,0.7972,0.7668,0.7825
455,0.7787,0.7798,0.7972,0.782,0.7787,0.7874,0.7755,0.7668,0.7961,0.7972,0.7668,0.7825
456,0.7787,0.7798,0.7972,0.782,0.7787,0.7874,0.7755,0.7668,0.7961,0.7972,0.7668,0.7825
457,0.7787,0.7798,0.7972,0.782,0.7787,0.7874,0.7755,0.7668,0.7961,0.7972,0.7668,0.7825
458,0.7787,0.7798,0.7972,0.782,0.7787,0.7874,0.7755,0.7668,0.7961,0.7972,0.7668,0.7825
459,0.7787,0.7798,0.7972,0.782,0.7787,0.7874,0.7755,0.7668,0.7961,0.7972,0.7668,0.7825
460,0.7787,0.7798,0.7972,0.782,0.7787,0.7874,0.7755,0.7668,0.7961,0.7972,0.7668,0.7825
461,0.7787,0.7798,0.7972,0.782,0.7787,0.7896,0.7755,0.7668,0.7961,0.7972,0.7668,0.7827
462,0.782,0.7798,0.7972,0.782,0.7787,0.7896,0.7755,0.7668,0.7961,0.7972,0.7668,0.7831
463,0.782,0.7798,0.7972,0.782,0.7787,0.7896,0.7755,0.7668,0.7961,0.7972,0.7668,0.7831
464,0.782,0.7798,0.7972,0.782,0.7787,0.7896,0.7755,0.7668,0.7961,0.7972,0.7668,0.7831
465,0.782,0.7798,0.7972,0.782,0.7787,0.7896,0.7755,0.7668,0.7961,0.7972,0.7668,0.7831
466,0.782,0.7798,0.7972,0.782,0.7787,0.7896,0.7755,0.7668,0.7961,0.7972,0.7668,0.7831
467,0.782,0.7798,0.7972,0.782,0.7787,0.7896,0.7755,0.7668,0.7961,0.7972,0.7668,0.7831
468,0.782,0.7798,0.7972,0.782,0.7787,0.7896,0.7755,0.7668,0.7961,0.7972,0.7668,0.7831
469,0.782,0.7798,0.7972,0.782,0.7787,0.7896,0.7755,0.7668,0.7961,0.7972,0.7668,0.7831
470,0.782,0.7798,0.7972,0.782,0.7787,0.7896,0.7755,0.7668,0.7961,0.7972,0.7668,0.7831
471,0.782,0.7798,0.7972,0.782,0.7787,0.7896,0.7755,0.7668,0.7961,0.7972,0.7668,0.7831
472,0.782,0.7798,0.7972,0.782,0.7787,0.7896,0.7755,0.7668,0.7961,0.7972,0.7668,0.7831
473,0.782,0.7798,0.7972,0.782,0.7787,0.7896,0.7755,0.7668,0.7961,0.7972,0.7668,0.7831
474,0.782,0.7798,0.7972,0.782,0.7787,0.7896,0.7755,0.7668,0.7961,0.7972,0.7668,0.7831
475,0.782,0.7798,0.7972,0.782,0.7787,0.7896,0.7755,0.7668,0.7961,0.7972,0.7668,0.7831
476,0.782,0.7798,0.7972,0.782,0.7787,0.7896,0.7755,0.7668,0.7961,0.7972,0.7668,0.7831
477,0.782,0.7798,0.7972,0.782,0.7787,0.7896,0.7755,0.7668,0.7961,0.7972,0.7668,0.7831
478,0.782,0.7798,0.7972,0.782,0.7787,0.7896,0.7755,0.7668,0.7961,0.7972,0.7668,0.7831
479,0.782,0.7798,0.7972,0.782,0.7787,0.7896,0.7755,0.7679,0.7961,0.7972,0.7679,0.7832
480,0.782,0.7798,0.7972,0.782,0.7787,0.7896,0.7755,0.7679,0.7961,0.7972,0.7679,0.7832
481,0.782,0.7798,0.7972,0.782,0.7787,0.7896,0.7755,0.7679,0.7961,0.7972,0.7679,0.7832
482,0.782,0.7798,0.7972,0.782,0.7787,0.7896,0.7755,0.7679,0.7961,0.7972,0.7679,0.7832
483,0.782,0.7798,0.7972,0.782,0.7787,0.7896,0.7755,0.7679,0.7961,0.7972,0.7679,0.7832
484,0.782,0.7798,0.7972,0.782,0.7787,0.7896,0.7755,0.7679,0.7961,0.7972,0.7679,0.7832
485,0.782,0.7809,0.7972,0.782,0.7787,0.7896,0.7755,0.7679,0.7961,0.7972,0.7679,0.7833
486,0.782,0.7809,0.7972,0.782,0.7787,0.7896,0.7755,0.7679,0.7961,0.7972,0.7679,0.7833
487,0.782,0.7809,0.7972,0.782,0.7787,0.7896,0.7755,0.7679,0.7961,0.7972,0.7679,0.7833
488,0.782,0.7809,0.7972,0.782,0.7787,0.7896,0.7755,0.7679,0.7961,0.7972,0.7679,0.7833
489,0.782,0.7809,0.7972,0.782,0.7787,0.7896,0.7755,0.7679,0.7961,0.7972,0.7679,0.7833
490,0.782,0.7809,0.7972,0.782,0.7809,0.7896,0.7755,0.7679,0.7961,0.7972,0.7679,0.7836
491,0.782,0.7809,0.7972,0.782,0.7809,0.7896,0.7755,0.7679,0.7961,0.7972,0.7679,0.7836
492,0.782,0.7809,0.7972,0.782,0.7809,0.7896,0.7755,0.7679,0.7961,0.7972,0.7679,0.7836
493,0.782,0.7809,0.7972,0.782,0.7809,0.7896,0.7755,0.7679,0.7961,0.7972,0.7679,0.7836
494,0.782,0.7809,0.7972,0.782,0.7809,0.7896,0.7755,0.7679,0.7961,0.7972,0.7679,0.7836
495,0.782,0.7809,0.7972,0.782,0.7809,0.7896,0.7755,0.7679,0.7961,0.7972,0.7679,0.7836
496,0.782,0.7809,0.7972,0.782,0.7809,0.7896,0.7755,0.7679,0.7961,0.7972,0.7679,0.7836
497,0.782,0.7809,0.7972,0.782,0.7809,0.7896,0.7755,0.7679,0.7961,0.7972,0.7679,0.7836
498,0.782,0.7809,0.7972,0.782,0.7809,0.7896,0.7755,0.7679,0.7961,0.7972,0.7679,0.7836
499,0.782,0.7809,0.7972,0.782,0.7809,0.7896,0.7755,0.7679,0.7961,0.7972,0.7679,0.7836
500,0.782,0.7809,0.7972,0.782,0.7809,0.7896,0.7755,0.7679,0.7961,0.7972,0.7679,0.7836
501,0.782,0.7809,0.7972,0.782,0.7809,0.7896,0.7755,0.7679,0.7961,0.7972,0.7679,0.7836
502,0.782,0.7809,0.7972,0.782,0.7809,0.7896,0.7755,0.7679,0.7961,0.7972,0.7679,0.7836
503,0.782,0.7809,0.7972,0.782,0.7809,0.7896,0.7755,0.7679,0.7961,0.7972,0.7679,0.7836
504,0.782,0.7809,0.7972,0.782,0.7809,0.7896,0.7755,0.7679,0.7961,0.7972,0.7679,0.7836
505,0.782,0.7809,0.7972,0.782,0.7809,0.7896,0.7755,0.7679,0.7961,0.7972,0.7679,0.7836
506,0.782,0.7809,0.7972,0.782,0.7809,0.7896,0.7766,0.7679,0.7961,0.7972,0.7679,0.7837
507,0.782,0.7809,0.7972,0.782,0.7809,0.7896,0.7766,0.7744,0.7961,0.7972,0.7744,0.7844
508,0.782,0.7809,0.7972,0.782,0.7809,0.7896,0.7766,0.7744,0.7961,0.7972,0.7744,0.7844
509,0.782,0.7809,0.7972,0.782,0.7809,0.7896,0.7766,0.7744,0.7961,0.7972,0.7744,0.7844
510,0.782,0.7809,0.7972,0.782,0.7809,0.7896,0.7766,0.7744,0.7961,0.7972,0.7744,0.7844
511,0.782,0.7809,0.7972,0.782,0.7809,0.7896,0.7766,0.7744,0.7961,0.7972,0.7744,0.7844
512,0.782,0.7809,0.7972,0.782,0.7809,0.7896,0.7766,0.7744,0.7961,0.7972,0.7744,0.7844
513,0.782,0.7809,0.7972,0.782,0.7809,0.7896,0.7766,0.7744,0.7961,0.7972,0.7744,0.7844
514,0.782,0.7809,0.7972,0.782,0.7809,0.7896,0.7766,0.7744,0.7961,0.7972,0.7744,0.7844
515,0.782,0.7809,0.7972,0.782,0.7809,0.7896,0.7766,0.7744,0.7961,0.7972,0.7744,0.7844
516,0.782,0.7809,0.7972,0.782,0.7809,0.7896,0.7766,0.7744,0.7961,0.7972,0.7744,0.7844
517,0.782,0.7809,0.7972,0.782,0.7809,0.7896,0.7766,0.7744,0.7961,0.7972,0.7744,0.7844
518,0.782,0.7809,0.7972,0.782,0.7809,0.7896,0.7766,0.7744,0.7961,0.7972,0.7744,0.7844
519,0.782,0.7809,0.7972,0.782,0.7809,0.7896,0.7766,0.7744,0.7961,0.7972,0.7744,0.7844
520,0.782,0.7809,0.7972,0.782,0.7809,0.7896,0.7766,0.7744,0.7961,0.7972,0.7744,0.7844
521,0.782,0.7809,0.7972,0.782,0.7809,0.7896,0.7766,0.7744,0.7961,0.7972,0.7744,0.7844
522,0.782,0.7809,0.7972,0.782,0.7809,0.7896,0.7766,0.7744,0.7961,0.7972,0.7744,0.7844
523,0.782,0.7809,0.7972,0.782,0.7809,0.7896,0.7766,0.7744,0.7961,0.7972,0.7744,0.7844
524,0.782,0.7809,0.7972,0.782,0.7809,0.7896,0.7766,0.7744,0.7961,0.7972,0.7744,0.7844
525,0.782,0.7809,0.7972,0.782,0.7809,0.7896,0.7766,0.7744,0.7961,0.7972,0.7744,0.7844
526,0.782,0.7809,0.7972,0.782,0.7809,0.7896,0.7766,0.7744,0.7961,0.7972,0.7744,0.7844
527,0.782,0.7809,0.7972,0.782,0.7809,0.7896,0.7766,0.7744,0.7961,0.7972,0.7744,0.7844
528,0.782,0.7809,0.7972,0.782,0.7809,0.7896,0.7766,0.7744,0.7961,0.7972,0.7744,0.7844
529,0.782,0.7809,0.7972,0.782,0.782,0.7896,0.7766,0.7744,0.7961,0.7972,0.7744,0.7845
530,0.782,0.7809,0.7972,0.782,0.782,0.7896,0.7766,0.7744,0.7961,0.7972,0.7744,0.7845
531,0.782,0.7809,0.7972,0.782,0.782,0.7896,0.7766,0.7744,0.7961,0.7972,0.7744,0.7845
532,0.782,0.7809,0.7972,0.782,0.782,0.7896,0.7766,0.7744,0.7961,0.7972,0.7744,0.7845
533,0.782,0.7809,0.7972,0.782,0.782,0.7896,0.7766,0.7744,0.7961,0.7972,0.7744,0.7845
534,0.782,0.7809,0.7972,0.782,0.782,0.7896,0.7766,0.7744,0.7961,0.7972,0.7744,0.7845
535,0.782,0.7809,0.7972,0.782,0.782,0.7896,0.7766,0.7744,0.7961,0.7972,0.7744,0.7845
536,0.782,0.7809,0.7972,0.782,0.782,0.7896,0.7766,0.7744,0.7961,0.7972,0.7744,0.7845
537,0.782,0.7809,0.7972,0.782,0.782,0.7896,0.7766,0.7744,0.7961,0.7972,0.7744,0.7845
538,0.782,0.7809,0.7972,0.782,0.782,0.7896,0.7766,0.7744,0.7961,0.7972,0.7744,0.7845
539,0.782,0.7809,0.7972,0.782,0.782,0.7896,0.7766,0.7744,0.7961,0.7972,0.7744,0.7845
540,0.782,0.7809,0.7972,0.782,0.782,0.7896,0.7766,0.7744,0.7961,0.7972,0.7744,0.7845
541,0.782,0.7809,0.7972,0.782,0.782,0.7896,0.7766,0.7744,0.7961,0.7972,0.7744,0.7845
542,0.782,0.7809,0.7972,0.782,0.782,0.7896,0.7766,0.7744,0.7961,0.7972,0.7744,0.7845
543,0.782,0.7809,0.7972,0.782,0.782,0.7896,0.7766,0.7744,0.7961,0.7972,0.7744,0.7845
544,0.782,0.7809,0.7972,0.782,0.782,0.7896,0.7766,0.7744,0.7961,0.7972,0.7744,0.7845
545,0.782,0.7809,0.7972,0.782,0.782,0.7896,0.7766,0.7744,0.7961,0.7972,0.7744,0.7845
546,0.782,0.7809,0.7972,0.782,0.782,0.7896,0.7766,0.7744,0.7961,0.7972,0.7744,0.7845
547,0.782,0.7809,0.7972,0.782,0.782,0.7896,0.7766,0.7744,0.7961,0.7972,0.7744,0.7845
548,0.782,0.7809,0.7972,0.782,0.782,0.7896,0.7766,0.7744,0.7961,0.7972,0.7744,0.7845
549,0.782,0.7809,0.7972,0.782,0.782,0.7896,0.7766,0.7744,0.7961,0.7972,0.7744,0.7845
550,0.782,0.7809,0.7972,0.782,0.782,0.7896,0.7766,0.7744,0.7961,0.7972,0.7744,0.7845
551,0.782,0.7809,0.7972,0.782,0.782,0.7896,0.7766,0.7744,0.7961,0.7972,0.7744,0.7845
552,0.782,0.7809,0.7972,0.782,0.782,0.7896,0.7766,0.7744,0.7961,0.7972,0.7744,0.7845
553,0.782,0.782,0.7972,0.782,0.782,0.7896,0.7766,0.7744,0.7961,0.7972,0.7744,0.7847
554,0.782,0.782,0.7972,0.782,0.782,0.7896,0.7766,0.7744,0.7961,0.7972,0.7744,0.7847
555,0.782,0.782,0.7972,0.782,0.782,0.7896,0.7766,0.7744,0.7961,0.7972,0.7744,0.7847
556,0.782,0.782,0.7972,0.782,0.782,0.7896,0.7766,0.7744,0.7961,0.7972,0.7744,0.7847
557,0.782,0.782,0.7972,0.782,0.7831,0.7896,0.7766,0.7744,0.7961,0.7972,0.7744,0.7848
558,0.782,0.782,0.7972,0.782,0.7831,0.7896,0.7766,0.7744,0.7961,0.7972,0.7744,0.7848
559,0.782,0.782,0.7972,0.782,0.7831,0.7896,0.7766,0.7744,0.7961,0.7972,0.7744,0.7848
560,0.782,0.782,0.7972,0.782,0.7831,0.7896,0.7766,0.7744,0.7961,0.7972,0.7744,0.7848
561,0.782,0.782,0.7972,0.782,0.7831,0.7896,0.7766,0.7744,0.7961,0.7972,0.7744,0.7848
562,0.782,0.782,0.7972,0.782,0.7831,0.7896,0.7766,0.7744,0.7961,0.7972,0.7744,0.7848
563,0.782,0.782,0.7972,0.782,0.7831,0.7896,0.7766,0.7744,0.7961,0.7972,0.7744,0.7848
564,0.782,0.782,0.7972,0.782,0.7831,0.7896,0.7766,0.7744,0.7961,0.7972,0.7744,0.7848
565,0.782,0.782,0.7972,0.782,0.7831,0.7896,0.7766,0.7744,0.7961,0.7972,0.7744,0.7848
566,0.782,0.782,0.7972,0.782,0.7831,0.7896,0.7766,0.7744,0.7961,0.7972,0.7744,0.7848
567,0.782,0.782,0.7972,0.782,0.7831,0.7896,0.7766,0.7744,0.7961,0.7972,0.7744,0.7848
568,0.782,0.782,0.7972,0.782,0.7831,0.7896,0.7766,0.7744,0.7961,0.7972,0.7744,0.7848
569,0.782,0.782,0.7972,0.782,0.7831,0.7896,0.7766,0.7744,0.7961,0.7972,0.7744,0.7848
570,0.782,0.782,0.7972,0.782,0.7831,0.7896,0.7766,0.7744,0.7961,0.7972,0.7744,0.7848
571,0.782,0.782,0.7972,0.782,0.7831,0.7896,0.7766,0.7744,0.7961,0.7972,0.7744,0.7848
572,0.782,0.782,0.7972,0.782,0.7831,0.7896,0.7798,0.7744,0.7961,0.7972,0.7744,0.7851
573,0.782,0.782,0.7972,0.782,0.7831,0.7896,0.7798,0.7744,0.7961,0.7972,0.7744,0.7851
574,0.782,0.782,0.7972,0.782,0.7831,0.7896,0.7798,0.7744,0.7961,0.7972,0.7744,0.7851
575,0.782,0.782,0.7972,0.782,0.7831,0.7896,0.7798,0.7744,0.7961,0.7972,0.7744,0.7851
576,0.782,0.782,0.7972,0.782,0.7831,0.7896,0.7798,0.7744,0.7961,0.7972,0.7744,0.7851
577,0.782,0.782,0.7972,0.782,0.7831,0.7896,0.7798,0.7744,0.7961,0.7972,0.7744,0.7851
578,0.782,0.782,0.7972,0.782,0.7831,0.7896,0.7798,0.7744,0.7961,0.7972,0.7744,0.7851
579,0.782,0.782,0.7972,0.782,0.7831,0.7896,0.7798,0.7744,0.7961,0.7972,0.7744,0.7851
580,0.782,0.782,0.7972,0.782,0.7831,0.7896,0.7798,0.7744,0.7961,0.7972,0.7744,0.7851
581,0.782,0.782,0.7972,0.782,0.7831,0.7896,0.7798,0.7744,0.7961,0.7972,0.7744,0.7851
582,0.782,0.782,0.7972,0.782,0.7831,0.7896,0.7798,0.7744,0.7961,0.7972,0.7744,0.7851
583,0.782,0.782,0.7972,0.782,0.7831,0.7896,0.7798,0.7744,0.7961,0.7972,0.7744,0.7851
584,0.782,0.782,0.7972,0.782,0.7831,0.7896,0.7798,0.7744,0.7961,0.7972,0.7744,0.7851
585,0.782,0.782,0.7972,0.782,0.7831,0.7896,0.7798,0.7744,0.7961,0.7972,0.7744,0.7851
586,0.782,0.782,0.7972,0.782,0.7831,0.7896,0.7798,0.7744,0.7961,0.7972,0.7744,0.7851
587,0.782,0.782,0.7972,0.782,0.7831,0.7896,0.7798,0.7744,0.7961,0.7972,0.7744,0.7851
588,0.782,0.782,0.7972,0.782,0.7831,0.7896,0.7798,0.7744,0.7961,0.7972,0.7744,0.7851
589,0.782,0.782,0.7972,0.782,0.7831,0.7896,0.7798,0.7744,0.7961,0.7972,0.7744,0.7851
590,0.782,0.782,0.7972,0.782,0.7831,0.7896,0.7798,0.7744,0.7961,0.7972,0.7744,0.7851
591,0.782,0.782,0.7972,0.782,0.7831,0.7896,0.7798,0.7744,0.7961,0.7972,0.7744,0.7851
592,0.782,0.782,0.7972,0.782,0.7831,0.7896,0.7798,0.7744,0.7961,0.7972,0.7744,0.7851
593,0.782,0.782,0.7972,0.782,0.7831,0.7896,0.7798,0.7744,0.7961,0.7972,0.7744,0.7851
594,0.782,0.782,0.7972,0.782,0.7831,0.7896,0.7798,0.7744,0.7961,0.7972,0.7744,0.7851
595,0.782,0.782,0.7972,0.782,0.7831,0.7896,0.7798,0.7744,0.7961,0.7972,0.7744,0.7851
596,0.7831,0.782,0.7972,0.782,0.7831,0.7896,0.7798,0.7744,0.7961,0.7972,0.7744,0.7853
597,0.7831,0.782,0.7972,0.782,0.7831,0.7896,0.7798,0.7744,0.7961,0.7972,0.7744,0.7853
598,0.7831,0.782,0.7972,0.782,0.7831,0.7896,0.7798,0.7744,0.7961,0.7972,0.7744,0.7853
599,0.7831,0.782,0.7972,0.782,0.7831,0.7896,0.7798,0.7744,0.7961,0.7972,0.7744,0.7853
600,0.7831,0.782,0.7972,0.782,0.7831,0.7896,0.7798,0.7744,0.7961,0.7972,0.7744,0.7853
601,0.7831,0.782,0.7972,0.782,0.7831,0.7896,0.7798,0.7744,0.7961,0.7972,0.7744,0.7853
602,0.7831,0.782,0.7972,0.782,0.7831,0.7896,0.7798,0.7744,0.7961,0.7972,0.7744,0.7853
603,0.7831,0.782,0.7972,0.782,0.7831,0.7896,0.7798,0.7744,0.7961,0.7972,0.7744,0.7853
604,0.7831,0.782,0.7972,0.782,0.7831,0.7896,0.7798,0.7744,0.7961,0.7972,0.7744,0.7853
605,0.7831,0.782,0.7972,0.782,0.7831,0.7896,0.7798,0.7744,0.7961,0.7972,0.7744,0.7853
606,0.7831,0.782,0.7972,0.782,0.7831,0.7896,0.7798,0.7744,0.7961,0.7972,0.7744,0.7853
607,0.7831,0.782,0.7972,0.7831,0.7831,0.7896,0.7798,0.7744,0.7961,0.7972,0.7744,0.7854
608,0.7831,0.782,0.7972,0.7831,0.7831,0.7896,0.7798,0.7744,0.7961,0.7972,0.7744,0.7854
609,0.7831,0.782,0.7972,0.7831,0.7831,0.7896,0.7798,0.7744,0.7961,0.7972,0.7744,0.7854
1207,0.7831,0.7961,0.7972,0.7831,0.7831,0.7896,0.7798,0.7744,0.7961,0.7972,0.7744,0.7869
1208,0.7939,0.7961,0.7993,0.7831,0.7863,0.7918,0.7983,0.7918,0.7961,0.7993,0.7831,0.793
1209,0.7939,0.7961,0.7993,0.7939,0.7863,0.7918,0.7983,0.7918,0.8026,0.8026,0.7863,0.7949
1807,0.7939,0.7961,0.7993,0.7939,0.7863,0.7918,0.7983,0.7918,0.8026,0.8026,0.7863,0.7949
1808,0.7939,0.7961,0.8026,0.7939,0.7993,0.7983,0.7993,0.7961,0.8026,0.8026,0.7939,0.798
1809,0.7939,0.7961,0.8026,0.7983,0.7993,0.7983,0.7993,0.7961,0.8037,0.8037,0.7939,0.7986
2407,0.7939,0.7983,0.8026,0.7983,0.7993,0.7983,0.7993,0.7961,0.8037,0.8037,0.7939,0.7989
2408,0.7972,0.7983,0.8048,0.7983,0.8037,0.7983,0.8004,0.7983,0.8037,0.8048,0.7972,0.8003
2409,0.7972,0.7983,0.8048,0.7983,0.8037,0.7983,0.8004,0.7983,0.8037,0.8048,0.7972,0.8003
3007,0.7972,0.8069,0.8048,0.7983,0.8037,0.7983,0.8004,0.7983,0.8037,0.8069,0.7972,0.8013
3008,0.8004,0.8069,0.8069,0.7983,0.8048,0.8015,0.8004,0.7983,0.8037,0.8069,0.7983,0.8024
3009,0.8004,0.8069,0.8069,0.7993,0.8048,0.8015,0.8004,0.7983,0.8037,0.8069,0.7983,0.8025
3607,0.8004,0.808,0.8069,0.7993,0.8048,0.8015,0.8004,0.7983,0.8037,0.808,0.7983,0.8026
3608,0.8004,0.808,0.808,0.7993,0.8048,0.8026,0.8004,0.8004,0.8037,0.808,0.7993,0.8031
3609,0.8004,0.808,0.808,0.8004,0.8048,0.8026,0.8004,0.8004,0.8069,0.808,0.8004,0.8035
4207,0.8004,0.808,0.808,0.8004,0.8048,0.8026,0.8004,0.8004,0.8069,0.808,0.8004,0.8035
4208,0.8004,0.808,0.808,0.8004,0.8059,0.8037,0.8026,0.8004,0.8069,0.808,0.8004,0.804
4209,0.8004,0.808,0.808,0.8026,0.8059,0.8037,0.8026,0.8004,0.8091,0.8091,0.8004,0.8045
4807,0.8004,0.8091,0.808,0.8026,0.8059,0.8037,0.8026,0.8004,0.8091,0.8091,0.8004,0.8046
4808,0.8015,0.8091,0.808,0.8026,0.808,0.8059,0.8026,0.8048,0.8091,0.8091,0.8015,0.8057
4809,0.8015,0.8091,0.808,0.8026,0.808,0.8059,0.8026,0.8048,0.8091,0.8091,0.8015,0.8057
5407,0.8015,0.8113,0.808,0.8026,0.808,0.8059,0.8026,0.8048,0.8091,0.8113,0.8015,0.806
5408,0.8015,0.8113,0.808,0.8026,0.8113,0.8059,0.8026,0.8048,0.8091,0.8113,0.8015,0.8063
5409,0.8015,0.8113,0.808,0.8037,0.8113,0.8059,0.8026,0.8048,0.8113,0.8113,0.8015,0.8067
6007,0.8015,0.8113,0.808,0.8037,0.8113,0.8059,0.8026,0.8048,0.8113,0.8113,0.8015,0.8067
6008,0.8037,0.8113,0.808,0.8037,0.8124,0.8069,0.8026,0.8048,0.8113,0.8124,0.8026,0.8072
6009,0.8037,0.8113,0.808,0.8037,0.8124,0.8069,0.8026,0.8048,0.8113,0.8124,0.8026,0.8072
6608,0.8059,0.8113,0.8091,0.8037,0.8124,0.808,0.8026,0.8048,0.8113,0.8124,0.8026,0.8077
6609,0.8059,0.8113,0.8091,0.8048,0.8124,0.808,0.8026,0.8048,0.8113,0.8124,0.8026,0.8078
7208,0.8059,0.8113,0.8091,0.8048,0.8124,0.8113,0.8026,0.8059,0.8113,0.8124,0.8026,0.8083
7209,0.8059,0.8113,0.8091,0.8048,0.8124,0.8113,0.8026,0.8059,0.8113,0.8124,0.8026,0.8083
7808,0.8059,0.8113,0.8091,0.8048,0.8124,0.8124,0.8026,0.8059,0.8113,0.8124,0.8026,0.8084
7809,0.8059,0.8113,0.8091,0.8048,0.8124,0.8124,0.8026,0.8059,0.8113,0.8124,0.8026,0.8084
8408,0.8059,0.8113,0.8102,0.8048,0.8124,0.8124,0.8026,0.8059,0.8113,0.8124,0.8026,0.8085
8409,0.8059,0.8113,0.8102,0.8048,0.8124,0.8124,0.8026,0.8059,0.8113,0.8124,0.8026,0.8085
9008,0.8059,0.8113,0.8102,0.8048,0.8124,0.8134,0.8026,0.8069,0.8113,0.8134,0.8026,0.8088
9009,0.8059,0.8113,0.8102,0.8048,0.8124,0.8134,0.8026,0.8069,0.8113,0.8134,0.8026,0.8088
9608,0.8059,0.8113,0.8113,0.8048,0.8124,0.8134,0.8059,0.8069,0.8113,0.8134,0.8048,0.8092
9609,0.8059,0.8113,0.8113,0.8048,0.8124,0.8134,0.8059,0.8069,0.8113,0.8134,0.8048,0.8092
10208,0.8059,0.8113,0.8113,0.8048,0.8124,0.8134,0.8059,0.8069,0.8113,0.8134,0.8048,0.8092
10209,0.8059,0.8113,0.8113,0.8048,0.8124,0.8134,0.8059,0.8069,0.8124,0.8134,0.8048,0.8094
10808,0.8059,0.8124,0.8113,0.8048,0.8124,0.8134,0.8059,0.8069,0.8124,0.8134,0.8048,0.8095
10809,0.8059,0.8124,0.8113,0.8048,0.8124,0.8134,0.8059,0.8069,0.8124,0.8134,0.8048,0.8095
11408,0.8059,0.8124,0.8113,0.8048,0.8124,0.8156,0.8059,0.8069,0.8124,0.8156,0.8048,0.8097
11409,0.8059,0.8124,0.8113,0.8048,0.8124,0.8156,0.8059,0.8069,0.8124,0.8156,0.8048,0.8097
12008,0.8059,0.8124,0.8124,0.8048,0.8124,0.8156,0.8059,0.8069,0.8124,0.8156,0.8048,0.8099
12009,0.8059,0.8124,0.8124,0.8048,0.8124,0.8156,0.8059,0.8069,0.8134,0.8156,0.8048,0.81
12608,0.8059,0.8124,0.8124,0.8048,0.8124,0.8156,0.8059,0.808,0.8134,0.8156,0.8048,0.8101
12609,0.8059,0.8124,0.8124,0.8048,0.8124,0.8156,0.8059,0.808,0.8134,0.8156,0.8048,0.8101
13208,0.8059,0.8134,0.8124,0.8048,0.8124,0.8156,0.8059,0.8091,0.8134,0.8156,0.8048,0.8103
13209,0.8059,0.8134,0.8124,0.8048,0.8124,0.8156,0.8059,0.8091,0.8134,0.8156,0.8048,0.8103
13808,0.8059,0.8134,0.8124,0.8048,0.8124,0.8156,0.8059,0.8102,0.8134,0.8156,0.8048,0.8104
13809,0.8059,0.8134,0.8124,0.8048,0.8124,0.8156,0.8059,0.8102,0.8134,0.8156,0.8048,0.8104
14408,0.8059,0.8145,0.8134,0.8048,0.8124,0.8156,0.8069,0.8102,0.8134,0.8156,0.8048,0.8108
14409,0.8059,0.8145,0.8134,0.8048,0.8124,0.8156,0.8069,0.8102,0.8134,0.8156,0.8048,0.8108
15008,0.8059,0.8145,0.8134,0.8048,0.8124,0.8156,0.8069,0.8102,0.8134,0.8156,0.8048,0.8108
15009,0.8059,0.8145,0.8134,0.8059,0.8124,0.8156,0.8069,0.8102,0.8134,0.8156,0.8059,0.8109
15608,0.8059,0.8145,0.8134,0.8059,0.8124,0.8156,0.8069,0.8102,0.8134,0.8156,0.8059,0.8109
15609,0.8059,0.8145,0.8134,0.8059,0.8124,0.8156,0.8069,0.8102,0.8134,0.8156,0.8059,0.8109
16208,0.8059,0.8156,0.8134,0.8059,0.8134,0.8156,0.8069,0.8102,0.8134,0.8156,0.8059,0.8111
16209,0.8059,0.8156,0.8134,0.8059,0.8134,0.8156,0.8069,0.8102,0.8134,0.8156,0.8059,0.8111
16808,0.8059,0.8156,0.8134,0.8059,0.8134,0.8167,0.8069,0.8134,0.8134,0.8167,0.8059,0.8116
16809,0.8059,0.8156,0.8134,0.8059,0.8134,0.8167,0.8069,0.8134,0.8134,0.8167,0.8059,0.8116
17408,0.8059,0.8156,0.8134,0.8059,0.8134,0.8167,0.8069,0.8134,0.8134,0.8167,0.8059,0.8116
17409,0.8059,0.8156,0.8134,0.8059,0.8134,0.8167,0.8069,0.8134,0.8134,0.8167,0.8059,0.8116
18008,0.8059,0.8156,0.8134,0.8059,0.8134,0.8167,0.8069,0.8134,0.8134,0.8167,0.8059,0.8116
18009,0.8059,0.8156,0.8134,0.8059,0.8134,0.8167,0.8069,0.8134,0.8134,0.8167,0.8059,0.8116
18608,0.8069,0.8156,0.8134,0.8059,0.8134,0.8167,0.8069,0.8145,0.8134,0.8167,0.8059,0.8119
18609,0.8069,0.8156,0.8134,0.8069,0.8134,0.8167,0.8069,0.8145,0.8134,0.8167,0.8069,0.812
19208,0.8069,0.8156,0.8134,0.8069,0.8134,0.8167,0.8069,0.8145,0.8134,0.8167,0.8069,0.812
19209,0.8069,0.8156,0.8134,0.8069,0.8134,0.8167,0.8069,0.8145,0.8134,0.8167,0.8069,0.812
19808,0.8069,0.8156,0.8145,0.8069,0.8134,0.8167,0.808,0.8145,0.8134,0.8167,0.8069,0.8122
19809,0.8069,0.8156,0.8145,0.8069,0.8134,0.8167,0.808,0.8145,0.8134,0.8167,0.8069,0.8122
20408,0.8069,0.8156,0.8145,0.8069,0.8134,0.8167,0.808,0.8145,0.8134,0.8167,0.8069,0.8122
20409,0.8069,0.8156,0.8145,0.8069,0.8134,0.8167,0.808,0.8145,0.8134,0.8167,0.8069,0.8122
21008,0.8069,0.8156,0.8145,0.8069,0.8134,0.8167,0.808,0.8145,0.8134,0.8167,0.8069,0.8122
21009,0.8069,0.8156,0.8145,0.8069,0.8134,0.8167,0.808,0.8145,0.8134,0.8167,0.8069,0.8122
21608,0.8069,0.8156,0.8145,0.8069,0.8134,0.8167,0.808,0.8145,0.8134,0.8167,0.8069,0.8122
21609,0.8069,0.8156,0.8145,0.8069,0.8134,0.8167,0.808,0.8145,0.8134,0.8167,0.8069,0.8122
22208,0.8069,0.8156,0.8145,0.8069,0.8134,0.8167,0.808,0.8145,0.8134,0.8167,0.8069,0.8122
22209,0.8069,0.8156,0.8145,0.808,0.8134,0.8167,0.808,0.8145,0.8134,0.8167,0.8069,0.8123
22808,0.8069,0.8156,0.8145,0.808,0.8134,0.8167,0.808,0.8145,0.8134,0.8167,0.8069,0.8123
22809,0.8069,0.8156,0.8145,0.808,0.8134,0.8167,0.808,0.8145,0.8134,0.8167,0.8069,0.8123
23408,0.8069,0.8156,0.8145,0.808,0.8134,0.8167,0.808,0.8145,0.8134,0.8167,0.8069,0.8123
23409,0.8069,0.8156,0.8156,0.808,0.8134,0.8167,0.808,0.8145,0.8145,0.8167,0.8069,0.8126
24008,0.8069,0.8156,0.8156,0.808,0.8134,0.8167,0.808,0.8145,0.8145,0.8167,0.8069,0.8126
24009,0.8069,0.8156,0.8156,0.808,0.8134,0.8167,0.808,0.8145,0.8145,0.8167,0.8069,0.8126
24608,0.8069,0.8167,0.8156,0.808,0.8134,0.8167,0.808,0.8145,0.8145,0.8167,0.8069,0.8127
24609,0.8069,0.8167,0.8156,0.808,0.8134,0.8167,0.808,0.8145,0.8145,0.8167,0.8069,0.8127
25208,0.8069,0.8167,0.8156,0.808,0.8134,0.8167,0.808,0.8145,0.8145,0.8167,0.8069,0.8127
25209,0.8069,0.8167,0.8156,0.808,0.8134,0.8167,0.808,0.8145,0.8145,0.8167,0.8069,0.8127
25808,0.8069,0.8167,0.8156,0.808,0.8134,0.8167,0.808,0.8145,0.8145,0.8167,0.8069,0.8127
25809,0.8069,0.8167,0.8156,0.808,0.8134,0.8167,0.808,0.8145,0.8145,0.8167,0.8069,0.8127
26408,0.8069,0.8167,0.8156,0.808,0.8134,0.8167,0.808,0.8145,0.8145,0.8167,0.8069,0.8127
26409,0.8069,0.8167,0.8156,0.808,0.8134,0.8167,0.808,0.8145,0.8156,0.8167,0.8069,0.8128
27008,0.808,0.8167,0.8156,0.808,0.8134,0.8167,0.808,0.8145,0.8156,0.8167,0.808,0.8129
27009,0.808,0.8167,0.8156,0.808,0.8134,0.8167,0.808,0.8145,0.8156,0.8167,0.808,0.8129
27608,0.808,0.8167,0.8156,0.808,0.8134,0.8167,0.808,0.8145,0.8156,0.8167,0.808,0.8129
27609,0.808,0.8167,0.8156,0.808,0.8134,0.8167,0.808,0.8145,0.8156,0.8167,0.808,0.8129
28208,0.808,0.8167,0.8156,0.808,0.8134,0.8167,0.808,0.8145,0.8156,0.8167,0.808,0.8129
28209,0.808,0.8167,0.8156,0.808,0.8134,0.8167,0.808,0.8145,0.8156,0.8167,0.808,0.8129
28808,0.808,0.8167,0.8156,0.808,0.8134,0.8167,0.808,0.8145,0.8156,0.8167,0.808,0.8129
28809,0.808,0.8167,0.8156,0.808,0.8145,0.8167,0.808,0.8145,0.8156,0.8167,0.808,0.8131
29408,0.808,0.8189,0.8156,0.808,0.8145,0.8167,0.808,0.8145,0.8156,0.8189,0.808,0.8133
29409,0.808,0.8189,0.8156,0.808,0.8145,0.8167,0.808,0.8145,0.8156,0.8189,0.808,0.8133
30008,0.808,0.8189,0.8156,0.808,0.8145,0.8167,0.808,0.8145,0.8156,0.8189,0.808,0.8133
30009,0.808,0.8189,0.8156,0.808,0.8145,0.8167,0.808,0.8145,0.8156,0.8189,0.808,0.8133
30608,0.808,0.8189,0.8156,0.808,0.8145,0.8167,0.8102,0.8145,0.8156,0.8189,0.808,0.8136
30609,0.808,0.8189,0.8167,0.808,0.8145,0.8167,0.8102,0.8145,0.8156,0.8189,0.808,0.8137
31208,0.808,0.8189,0.8167,0.808,0.8145,0.8167,0.8102,0.8145,0.8156,0.8189,0.808,0.8137
31209,0.808,0.8189,0.8167,0.808,0.8145,0.8167,0.8102,0.8145,0.8156,0.8189,0.808,0.8137
31808,0.808,0.8189,0.8167,0.808,0.8145,0.8167,0.8113,0.8145,0.8156,0.8189,0.808,0.8138
31809,0.808,0.8189,0.8167,0.808,0.8145,0.8167,0.8113,0.8145,0.8156,0.8189,0.808,0.8138
32408,0.808,0.8189,0.8167,0.808,0.8145,0.8167,0.8113,0.8145,0.8156,0.8189,0.808,0.8138
32409,0.808,0.8189,0.8167,0.808,0.8145,0.8167,0.8113,0.8145,0.8156,0.8189,0.808,0.8138
33008,0.808,0.8189,0.8167,0.808,0.8145,0.8167,0.8124,0.8145,0.8156,0.8189,0.808,0.8139
33009,0.808,0.8189,0.8167,0.808,0.8145,0.8167,0.8124,0.8145,0.8156,0.8189,0.808,0.8139
33608,0.808,0.8189,0.8167,0.808,0.8145,0.8167,0.8124,0.8145,0.8156,0.8189,0.808,0.8139
33609,0.808,0.8189,0.8167,0.808,0.8145,0.8167,0.8124,0.8145,0.8156,0.8189,0.808,0.8139
34208,0.808,0.8189,0.8167,0.808,0.8145,0.8167,0.8124,0.8145,0.8156,0.8189,0.808,0.8139
34209,0.808,0.8189,0.8167,0.8091,0.8145,0.8167,0.8124,0.8145,0.8156,0.8189,0.808,0.814
34808,0.808,0.8189,0.8167,0.8091,0.8145,0.8167,0.8124,0.8145,0.8156,0.8189,0.808,0.814
34809,0.808,0.8189,0.8167,0.8091,0.8145,0.8167,0.8124,0.8145,0.8156,0.8189,0.808,0.814
35408,0.808,0.8189,0.8167,0.8091,0.8145,0.8167,0.8124,0.8145,0.8156,0.8189,0.808,0.814
35409,0.808,0.8189,0.8167,0.8091,0.8145,0.8167,0.8124,0.8145,0.8156,0.8189,0.808,0.814
36008,0.8091,0.8189,0.8167,0.8091,0.8145,0.8167,0.8124,0.8145,0.8156,0.8189,0.8091,0.8142
36009,0.8091,0.8189,0.8167,0.8091,0.8145,0.8167,0.8124,0.8145,0.8156,0.8189,0.8091,0.8142
36608,0.8091,0.8189,0.8167,0.8091,0.8145,0.8167,0.8124,0.8145,0.8156,0.8189,0.8091,0.8142
36609,0.8091,0.8189,0.8167,0.8091,0.8145,0.8167,0.8124,0.8145,0.8156,0.8189,0.8091,0.8142
37208,0.8091,0.8189,0.8167,0.8091,0.8145,0.8167,0.8124,0.8145,0.8156,0.8189,0.8091,0.8142
37209,0.8091,0.8189,0.8167,0.8091,0.8145,0.8167,0.8124,0.8145,0.8156,0.8189,0.8091,0.8142
37808,0.8091,0.8189,0.8167,0.8091,0.8145,0.8167,0.8124,0.8145,0.8156,0.8189,0.8091,0.8142
37809,0.8091,0.8189,0.8167,0.8102,0.8145,0.8167,0.8124,0.8145,0.8156,0.8189,0.8091,0.8143
38408,0.8091,0.8189,0.8167,0.8102,0.8145,0.8167,0.8124,0.8145,0.8156,0.8189,0.8091,0.8143
38409,0.8091,0.8189,0.8189,0.8102,0.8145,0.8167,0.8124,0.8145,0.8156,0.8189,0.8091,0.8145
39008,0.8091,0.8189,0.8189,0.8102,0.8145,0.8167,0.8124,0.8145,0.8156,0.8189,0.8091,0.8145
39009,0.8091,0.8189,0.8189,0.8102,0.8145,0.8167,0.8124,0.8145,0.8156,0.8189,0.8091,0.8145
39608,0.8091,0.8189,0.8189,0.8102,0.8145,0.8167,0.8124,0.8145,0.8156,0.8189,0.8091,0.8145
39609,0.8091,0.8189,0.8189,0.8102,0.8145,0.8167,0.8124,0.8145,0.8156,0.8189,0.8091,0.8145
40208,0.8091,0.8189,0.8189,0.8102,0.8145,0.8167,0.8124,0.8145,0.8156,0.8189,0.8091,0.8145
40209,0.8091,0.8189,0.8189,0.8113,0.8145,0.8167,0.8124,0.8145,0.8156,0.8189,0.8091,0.8147
40808,0.8091,0.8189,0.8189,0.8113,0.8145,0.8167,0.8124,0.8145,0.8156,0.8189,0.8091,0.8147
40809,0.8091,0.8189,0.8189,0.8113,0.8145,0.8167,0.8124,0.8145,0.8156,0.8189,0.8091,0.8147
41408,0.8102,0.8189,0.8189,0.8113,0.8145,0.8167,0.8124,0.8145,0.8156,0.8189,0.8102,0.8148
41409,0.8102,0.8189,0.8189,0.8113,0.8145,0.8167,0.8124,0.8145,0.8156,0.8189,0.8102,0.8148
42008,0.8102,0.8189,0.8189,0.8113,0.8145,0.8167,0.8124,0.8145,0.8156,0.8189,0.8102,0.8148
42009,0.8102,0.8189,0.8189,0.8113,0.8145,0.8167,0.8124,0.8145,0.8156,0.8189,0.8102,0.8148
42608,0.8102,0.8189,0.8189,0.8113,0.8145,0.8167,0.8124,0.8145,0.8156,0.8189,0.8102,0.8148
42609,0.8102,0.8189,0.8189,0.8113,0.8145,0.8167,0.8124,0.8145,0.8156,0.8189,0.8102,0.8148
43208,0.8102,0.8189,0.8189,0.8113,0.8145,0.8167,0.8124,0.8145,0.8156,0.8189,0.8102,0.8148
43209,0.8102,0.8189,0.8189,0.8113,0.8145,0.8167,0.8124,0.8145,0.8156,0.8189,0.8102,0.8148
43808,0.8102,0.8189,0.8189,0.8113,0.8145,0.8167,0.8124,0.8145,0.8156,0.8189,0.8102,0.8148
43809,0.8102,0.8189,0.82,0.8113,0.8145,0.8167,0.8124,0.8145,0.8156,0.82,0.8102,0.8149
44408,0.8102,0.8189,0.82,0.8113,0.8145,0.8167,0.8124,0.8145,0.8156,0.82,0.8102,0.8149
44409,0.8102,0.8189,0.82,0.8113,0.8145,0.8167,0.8124,0.8145,0.8156,0.82,0.8102,0.8149
45008,0.8102,0.8189,0.82,0.8113,0.8145,0.8167,0.8124,0.8145,0.8156,0.82,0.8102,0.8149
45009,0.8102,0.8189,0.821,0.8113,0.8145,0.8167,0.8124,0.8145,0.8156,0.821,0.8102,0.815
45608,0.8102,0.8189,0.821,0.8113,0.8145,0.8167,0.8124,0.8145,0.8156,0.821,0.8102,0.815
45609,0.8102,0.8189,0.821,0.8124,0.8145,0.8167,0.8124,0.8145,0.8156,0.821,0.8102,0.8151
46208,0.8102,0.8189,0.821,0.8124,0.8145,0.8167,0.8124,0.8145,0.8156,0.821,0.8102,0.8151
46209,0.8102,0.8189,0.8232,0.8124,0.8145,0.8167,0.8124,0.8145,0.8156,0.8232,0.8102,0.8154
46808,0.8102,0.8189,0.8232,0.8124,0.8145,0.8167,0.8124,0.8145,0.8156,0.8232,0.8102,0.8154
46809,0.8102,0.8189,0.8232,0.8124,0.8145,0.8167,0.8124,0.8145,0.8156,0.8232,0.8102,0.8154
47408,0.8102,0.8189,0.8232,0.8124,0.8145,0.8167,0.8124,0.8145,0.8156,0.8232,0.8102,0.8154
47409,0.8102,0.8189,0.8232,0.8124,0.8145,0.8167,0.8124,0.8145,0.8156,0.8232,0.8102,0.8154
48008,0.8102,0.8189,0.8232,0.8124,0.8145,0.8167,0.8124,0.8145,0.8156,0.8232,0.8102,0.8154
48009,0.8102,0.8189,0.8232,0.8124,0.8167,0.8167,0.8124,0.8145,0.8156,0.8232,0.8102,0.8156
48608,0.8102,0.8189,0.8232,0.8124,0.8167,0.8167,0.8124,0.8145,0.8156,0.8232,0.8102,0.8156
48609,0.8102,0.8189,0.8232,0.8124,0.8167,0.8167,0.8124,0.8145,0.8156,0.8232,0.8102,0.8156
49208,0.8102,0.8189,0.8232,0.8124,0.8167,0.8167,0.8124,0.8145,0.8156,0.8232,0.8102,0.8156
49209,0.8102,0.8189,0.8232,0.8124,0.8167,0.8167,0.8124,0.8145,0.8156,0.8232,0.8102,0.8156
49808,0.8102,0.8189,0.8232,0.8124,0.8167,0.8167,0.8124,0.8145,0.8156,0.8232,0.8102,0.8156
49809,0.8102,0.8189,0.8243,0.8124,0.8167,0.8167,0.8124,0.8145,0.8156,0.8243,0.8102,0.8157
50408,0.8102,0.8189,0.8243,0.8124,0.8167,0.8167,0.8124,0.8145,0.8156,0.8243,0.8102,0.8157
50409,0.8102,0.8189,0.8243,0.8124,0.8167,0.8167,0.8124,0.8145,0.8156,0.8243,0.8102,0.8157
51008,0.8102,0.8189,0.8243,0.8124,0.8167,0.8167,0.8124,0.8145,0.8156,0.8243,0.8102,0.8157
51009,0.8102,0.8189,0.8243,0.8124,0.8167,0.8167,0.8124,0.8145,0.8156,0.8243,0.8102,0.8157
51608,0.8102,0.8189,0.8243,0.8124,0.8167,0.8167,0.8124,0.8145,0.8156,0.8243,0.8102,0.8157
51609,0.8102,0.8189,0.8243,0.8124,0.8189,0.8167,0.8124,0.8145,0.8156,0.8243,0.8102,0.816
52208,0.8102,0.8189,0.8243,0.8124,0.8189,0.8167,0.8124,0.8145,0.8156,0.8243,0.8102,0.816
52209,0.8102,0.8189,0.8243,0.8124,0.8189,0.8167,0.8124,0.8145,0.8156,0.8243,0.8102,0.816
52808,0.8102,0.8189,0.8243,0.8124,0.8189,0.8167,0.8124,0.8145,0.8156,0.8243,0.8102,0.816
52809,0.8102,0.8189,0.8243,0.8124,0.8189,0.8167,0.8124,0.8145,0.8156,0.8243,0.8102,0.816
53408,0.8102,0.8189,0.8243,0.8124,0.8189,0.8167,0.8124,0.8145,0.8156,0.8243,0.8102,0.816
53409,0.8102,0.8189,0.8243,0.8124,0.8189,0.8167,0.8124,0.8145,0.8156,0.8243,0.8102,0.816
54008,0.8102,0.8189,0.8243,0.8124,0.8189,0.8167,0.8124,0.8145,0.8156,0.8243,0.8102,0.816
54009,0.8102,0.8189,0.8243,0.8124,0.8189,0.8167,0.8124,0.8145,0.8156,0.8243,0.8102,0.816
54608,0.8102,0.8189,0.8243,0.8124,0.8189,0.8167,0.8124,0.8145,0.8156,0.8243,0.8102,0.816
54609,0.8102,0.8189,0.8243,0.8124,0.8189,0.8167,0.8124,0.8145,0.8156,0.8243,0.8102,0.816
55208,0.8102,0.8189,0.8243,0.8124,0.8189,0.8167,0.8124,0.8145,0.8156,0.8243,0.8102,0.816
55209,0.8102,0.8189,0.8243,0.8124,0.8189,0.8167,0.8124,0.8145,0.8167,0.8243,0.8102,0.8161
55808,0.8102,0.8189,0.8243,0.8124,0.8189,0.8167,0.8124,0.8145,0.8167,0.8243,0.8102,0.8161
55809,0.8102,0.8189,0.8243,0.8124,0.8189,0.8167,0.8124,0.8145,0.8167,0.8243,0.8102,0.8161
56408,0.8102,0.8189,0.8243,0.8124,0.8189,0.8167,0.8124,0.8145,0.8167,0.8243,0.8102,0.8161
56409,0.8102,0.8189,0.8243,0.8124,0.8189,0.8167,0.8124,0.8145,0.8167,0.8243,0.8102,0.8161
57008,0.8102,0.8189,0.8243,0.8124,0.8189,0.8167,0.8124,0.8145,0.8167,0.8243,0.8102,0.8161
57009,0.8102,0.8189,0.8243,0.8124,0.8189,0.8167,0.8124,0.8145,0.8167,0.8243,0.8102,0.8161
57608,0.8102,0.8189,0.8243,0.8124,0.8189,0.8167,0.8124,0.8145,0.8167,0.8243,0.8102,0.8161
57609,0.8102,0.8189,0.8243,0.8124,0.8189,0.8167,0.8124,0.8145,0.8167,0.8243,0.8102,0.8161
58208,0.8102,0.8189,0.8243,0.8124,0.8189,0.8167,0.8124,0.8145,0.8167,0.8243,0.8102,0.8161
58209,0.8102,0.8189,0.8243,0.8124,0.8189,0.8167,0.8124,0.8145,0.8167,0.8243,0.8102,0.8161
58808,0.8102,0.8189,0.8243,0.8124,0.8189,0.8167,0.8124,0.8145,0.8167,0.8243,0.8102,0.8161
58809,0.8102,0.8189,0.8243,0.8124,0.8189,0.8167,0.8124,0.8145,0.8167,0.8243,0.8102,0.8161
59408,0.8102,0.8189,0.8243,0.8124,0.8189,0.8167,0.8124,0.8145,0.8167,0.8243,0.8102,0.8161
59409,0.8102,0.8189,0.8243,0.8124,0.8189,0.8167,0.8124,0.8145,0.8167,0.8243,0.8102,0.8161
60008,0.8102,0.8189,0.8243,0.8124,0.8189,0.8167,0.8124,0.8145,0.8167,0.8243,0.8102,0.8161
60009,0.8102,0.8189,0.8243,0.8124,0.8189,0.8167,0.8124,0.8145,0.8167,0.8243,0.8102,0.8161
60608,0.8102,0.8189,0.8243,0.8124,0.8189,0.8167,0.8124,0.8145,0.8167,0.8243,0.8102,0.8161
60609,0.8102,0.8189,0.8243,0.8124,0.8189,0.8167,0.8124,0.8145,0.8167,0.8243,0.8102,0.8161
61208,0.8102,0.8189,0.8243,0.8124,0.8189,0.8167,0.8124,0.8145,0.8167,0.8243,0.8102,0.8161
61209,0.8102,0.8189,0.8243,0.8124,0.8189,0.8167,0.8124,0.8145,0.8178,0.8243,0.8102,0.8162
61808,0.8102,0.8189,0.8243,0.8124,0.8189,0.8167,0.8124,0.8145,0.8178,0.8243,0.8102,0.8162
61809,0.8102,0.8189,0.8243,0.8124,0.8189,0.8167,0.8124,0.8145,0.8178,0.8243,0.8102,0.8162
62408,0.8102,0.8189,0.8243,0.8124,0.8189,0.8167,0.8124,0.8145,0.8178,0.8243,0.8102,0.8162
62409,0.8102,0.8189,0.8243,0.8124,0.8189,0.8167,0.8124,0.8145,0.8178,0.8243,0.8102,0.8162
63008,0.8102,0.8189,0.8243,0.8124,0.8189,0.8167,0.8124,0.8145,0.8178,0.8243,0.8102,0.8162
63009,0.8102,0.8189,0.8243,0.8124,0.8189,0.8167,0.8124,0.8145,0.8178,0.8243,0.8102,0.8162
63608,0.8102,0.8189,0.8243,0.8124,0.8189,0.8167,0.8124,0.8145,0.8178,0.8243,0.8102,0.8162
63609,0.8102,0.8189,0.8243,0.8124,0.8189,0.82,0.8124,0.8145,0.8178,0.8243,0.8102,0.8166
64208,0.8102,0.8189,0.8243,0.8124,0.8189,0.82,0.8124,0.8145,0.8178,0.8243,0.8102,0.8166
64209,0.8102,0.8189,0.8243,0.8124,0.8189,0.82,0.8124,0.8145,0.8178,0.8243,0.8102,0.8166
64808,0.8102,0.8189,0.8243,0.8124,0.8189,0.82,0.8124,0.8145,0.8178,0.8243,0.8102,0.8166
64809,0.8102,0.8189,0.8243,0.8124,0.8189,0.82,0.8124,0.8145,0.8178,0.8243,0.8102,0.8166
65408,0.8102,0.8189,0.8243,0.8124,0.8189,0.82,0.8124,0.8145,0.8178,0.8243,0.8102,0.8166
65409,0.8102,0.8189,0.8243,0.8124,0.8189,0.82,0.8124,0.8145,0.82,0.8243,0.8102,0.8168
66008,0.8102,0.8189,0.8243,0.8124,0.8189,0.82,0.8124,0.8145,0.82,0.8243,0.8102,0.8168
66009,0.8102,0.8189,0.8243,0.8124,0.8189,0.82,0.8124,0.8145,0.82,0.8243,0.8102,0.8168
66608,0.8102,0.8189,0.8243,0.8124,0.8189,0.82,0.8124,0.8145,0.82,0.8243,0.8102,0.8168
66609,0.8102,0.8189,0.8243,0.8124,0.8189,0.82,0.8134,0.8145,0.82,0.8243,0.8102,0.817
67208,0.8102,0.8189,0.8243,0.8124,0.8189,0.82,0.8134,0.8145,0.82,0.8243,0.8102,0.817
67209,0.8102,0.8189,0.8243,0.8124,0.8189,0.82,0.8134,0.8145,0.82,0.8243,0.8102,0.817
67808,0.8102,0.8189,0.8243,0.8124,0.8189,0.82,0.8134,0.8145,0.82,0.8243,0.8102,0.817
67809,0.8102,0.8189,0.8243,0.8124,0.8189,0.82,0.8134,0.8145,0.82,0.8243,0.8102,0.817
68408,0.8102,0.8189,0.8243,0.8124,0.8189,0.82,0.8134,0.8145,0.82,0.8243,0.8102,0.817
68409,0.8102,0.8189,0.8243,0.8124,0.8189,0.82,0.8134,0.8145,0.82,0.8243,0.8102,0.817
69008,0.8102,0.8189,0.8243,0.8124,0.8189,0.82,0.8134,0.8145,0.82,0.8243,0.8102,0.817
69009,0.8102,0.8189,0.8243,0.8124,0.8189,0.82,0.8134,0.8145,0.82,0.8243,0.8102,0.817
69608,0.8102,0.8189,0.8243,0.8124,0.8189,0.82,0.8134,0.8145,0.82,0.8243,0.8102,0.817
69609,0.8102,0.8189,0.8243,0.8124,0.8189,0.82,0.8145,0.8145,0.82,0.8243,0.8102,0.8171
70208,0.8102,0.8189,0.8243,0.8124,0.8189,0.82,0.8145,0.8145,0.82,0.8243,0.8102,0.8171
70209,0.8102,0.8189,0.8243,0.8124,0.8189,0.82,0.8145,0.8145,0.82,0.8243,0.8102,0.8171
70808,0.8102,0.8189,0.8243,0.8124,0.8189,0.82,0.8145,0.8145,0.82,0.8243,0.8102,0.8171
70809,0.8102,0.8189,0.8243,0.8124,0.8189,0.82,0.8145,0.8145,0.82,0.8243,0.8102,0.8171
71408,0.8102,0.8189,0.8243,0.8124,0.8189,0.82,0.8145,0.8145,0.82,0.8243,0.8102,0.8171
71409,0.8102,0.8189,0.8243,0.8124,0.8189,0.82,0.8145,0.8145,0.82,0.8243,0.8102,0.8171
72008,0.8102,0.8189,0.8243,0.8124,0.8189,0.82,0.8145,0.8145,0.82,0.8243,0.8102,0.8171
72009,0.8102,0.8189,0.8243,0.8124,0.8189,0.82,0.8145,0.8156,0.82,0.8243,0.8102,0.8172
72608,0.8102,0.8189,0.8243,0.8124,0.8189,0.82,0.8145,0.8156,0.82,0.8243,0.8102,0.8172
72609,0.8102,0.8189,0.8243,0.8124,0.8189,0.82,0.8145,0.8156,0.82,0.8243,0.8102,0.8172
73208,0.8102,0.8189,0.8243,0.8124,0.8189,0.82,0.8145,0.8156,0.82,0.8243,0.8102,0.8172
73209,0.8102,0.8189,0.8243,0.8124,0.8189,0.82,0.8145,0.8156,0.82,0.8243,0.8102,0.8172
73808,0.8102,0.8189,0.8243,0.8124,0.8189,0.82,0.8145,0.8156,0.82,0.8243,0.8102,0.8172
73809,0.8102,0.8189,0.8243,0.8124,0.8189,0.82,0.8156,0.8156,0.82,0.8243,0.8102,0.8173
74408,0.8102,0.8221,0.8243,0.8124,0.8189,0.82,0.8156,0.8156,0.82,0.8243,0.8102,0.8177
74409,0.8102,0.8221,0.8243,0.8124,0.8189,0.82,0.8156,0.8156,0.82,0.8243,0.8102,0.8177
75008,0.8102,0.8221,0.8243,0.8124,0.8189,0.82,0.8156,0.8156,0.82,0.8243,0.8102,0.8177
75009,0.8102,0.8221,0.8243,0.8124,0.8189,0.82,0.8156,0.8156,0.82,0.8243,0.8102,0.8177
75608,0.8102,0.8221,0.8243,0.8124,0.8189,0.82,0.8156,0.8156,0.82,0.8243,0.8102,0.8177
75609,0.8102,0.8221,0.8243,0.8124,0.8189,0.821,0.8156,0.8156,0.82,0.8243,0.8102,0.8178
76208,0.8102,0.8221,0.8243,0.8124,0.8189,0.821,0.8156,0.8156,0.82,0.8243,0.8102,0.8178
76209,0.8102,0.8221,0.8243,0.8124,0.8189,0.821,0.8156,0.8156,0.82,0.8243,0.8102,0.8178
76808,0.8102,0.8221,0.8243,0.8124,0.8189,0.821,0.8156,0.8156,0.82,0.8243,0.8102,0.8178
76809,0.8102,0.8221,0.8243,0.8124,0.8189,0.821,0.8156,0.8156,0.82,0.8243,0.8102,0.8178
77408,0.8102,0.8221,0.8243,0.8124,0.8189,0.821,0.8156,0.8156,0.82,0.8243,0.8102,0.8178
77409,0.8102,0.8221,0.8243,0.8124,0.8189,0.821,0.8156,0.8156,0.82,0.8243,0.8102,0.8178
78008,0.8102,0.8221,0.8243,0.8124,0.8189,0.821,0.8156,0.8156,0.82,0.8243,0.8102,0.8178
78009,0.8102,0.8221,0.8243,0.8124,0.8189,0.821,0.8156,0.8156,0.82,0.8243,0.8102,0.8178
78608,0.8102,0.8221,0.8243,0.8124,0.8189,0.821,0.8156,0.8156,0.82,0.8243,0.8102,0.8178
78609,0.8102,0.8221,0.8243,0.8124,0.8189,0.821,0.8156,0.8156,0.82,0.8243,0.8102,0.8178
79208,0.8102,0.8221,0.8243,0.8124,0.8189,0.821,0.8156,0.8156,0.82,0.8243,0.8102,0.8178
79209,0.8102,0.8221,0.8243,0.8124,0.8189,0.821,0.8156,0.8156,0.82,0.8243,0.8102,0.8178
79808,0.8102,0.8221,0.8243,0.8124,0.8189,0.821,0.8156,0.8156,0.82,0.8243,0.8102,0.8178
79809,0.8102,0.8221,0.8243,0.8124,0.8189,0.821,0.8156,0.8156,0.82,0.8243,0.8102,0.8178
80408,0.8102,0.8221,0.8243,0.8124,0.8189,0.821,0.8156,0.8156,0.82,0.8243,0.8102,0.8178
80409,0.8102,0.8221,0.8243,0.8124,0.8189,0.821,0.8156,0.8156,0.82,0.8243,0.8102,0.8178
81008,0.8102,0.8221,0.8243,0.8124,0.8189,0.821,0.8156,0.8156,0.82,0.8243,0.8102,0.8178
81009,0.8102,0.8221,0.8243,0.8124,0.8189,0.821,0.8156,0.8156,0.82,0.8243,0.8102,0.8178
81608,0.8102,0.8221,0.8243,0.8124,0.8189,0.821,0.8156,0.8156,0.82,0.8243,0.8102,0.8178
81609,0.8102,0.8221,0.8243,0.8124,0.8189,0.821,0.8156,0.8156,0.82,0.8243,0.8102,0.8178
82208,0.8102,0.8221,0.8243,0.8124,0.8189,0.821,0.8156,0.8156,0.82,0.8243,0.8102,0.8178
82209,0.8102,0.8221,0.8243,0.8124,0.8189,0.821,0.8156,0.8156,0.82,0.8243,0.8102,0.8178
82210,0.8102,0.8221,0.8243,0.8124,0.8189,0.821,0.8156,0.8156,0.82,0.8243,0.8102,0.8178
82808,0.8102,0.8221,0.8243,0.8124,0.8189,0.821,0.8156,0.8156,0.82,0.8243,0.8102,0.8178
82809,0.8102,0.8221,0.8243,0.8124,0.8189,0.821,0.8156,0.8156,0.82,0.8243,0.8102,0.8178
82810,0.8102,0.8221,0.8243,0.8124,0.8189,0.821,0.8156,0.8156,0.82,0.8243,0.8102,0.8178
83408,0.8102,0.8221,0.8243,0.8124,0.8189,0.821,0.8156,0.8156,0.82,0.8243,0.8102,0.8178
83409,0.8102,0.8221,0.8243,0.8124,0.8189,0.821,0.8156,0.8156,0.82,0.8243,0.8102,0.8178
83410,0.8102,0.8221,0.8243,0.8124,0.8189,0.821,0.8156,0.8156,0.82,0.8243,0.8102,0.8178
84008,0.8102,0.8221,0.8243,0.8124,0.8189,0.821,0.8156,0.8156,0.82,0.8243,0.8102,0.8178
84009,0.8102,0.8221,0.8243,0.8124,0.8189,0.821,0.8156,0.8156,0.82,0.8243,0.8102,0.8178
84010,0.8102,0.8221,0.8243,0.8124,0.8189,0.821,0.8156,0.8156,0.82,0.8243,0.8102,0.8178
84608,0.8102,0.8221,0.8243,0.8124,0.8189,0.821,0.8156,0.8156,0.82,0.8243,0.8102,0.8178
84609,0.8124,0.8221,0.8243,0.8124,0.8189,0.821,0.8156,0.8156,0.8221,0.8243,0.8124,0.8183
84610,0.8124,0.8221,0.8243,0.8124,0.8189,0.821,0.8156,0.8156,0.8221,0.8243,0.8124,0.8183
85208,0.8124,0.8221,0.8243,0.8124,0.8189,0.821,0.8156,0.8156,0.8221,0.8243,0.8124,0.8183
85209,0.8124,0.8221,0.8243,0.8124,0.8189,0.821,0.8156,0.8156,0.8221,0.8243,0.8124,0.8183
85210,0.8124,0.8221,0.8243,0.8124,0.8189,0.821,0.8156,0.8156,0.8221,0.8243,0.8124,0.8183
85808,0.8124,0.8221,0.8243,0.8124,0.8189,0.821,0.8156,0.8156,0.8221,0.8243,0.8124,0.8183
85809,0.8124,0.8221,0.8243,0.8124,0.8189,0.821,0.8156,0.8156,0.8221,0.8243,0.8124,0.8183
85810,0.8124,0.8221,0.8243,0.8124,0.8189,0.821,0.8156,0.8156,0.8221,0.8243,0.8124,0.8183
