timestamp,uhci5,uhci7,uhci3,uhci8,uhci2,uhci9,uhci6,uhci0,uhci4,uhci1,max,min,avg
0,0.0838,0.0838,0.0838,0.0838,0.0838,0.0838,0.0838,0.0838,0.0838,0.0838,0.0838,0.0838,0.0838
4,0.1243,0.1214,0.1185,0.0838,0.1098,0.1416,0.1098,0.1098,0.0838,0.1214,0.1416,0.0838,0.1124
5,0.3382,0.3382,0.3382,0.3382,0.3382,0.3353,0.3353,0.3497,0.3497,0.3468,0.3497,0.3353,0.3408
6,0.3497,0.3382,0.3382,0.3382,0.3497,0.3382,0.3526,0.3497,0.3497,0.3497,0.3526,0.3382,0.3454
7,0.3497,0.3382,0.3382,0.3382,0.3497,0.3382,0.3526,0.3497,0.3497,0.3497,0.3526,0.3382,0.3454
8,0.3497,0.3382,0.3382,0.3382,0.3497,0.3382,0.3526,0.3497,0.3497,0.3497,0.3526,0.3382,0.3454
9,0.3497,0.3382,0.3382,0.3382,0.3497,0.3382,0.3526,0.3497,0.3497,0.3497,0.3526,0.3382,0.3454
10,0.3497,0.3382,0.3382,0.3382,0.3497,0.3382,0.3526,0.3526,0.3497,0.3497,0.3526,0.3382,0.3457
11,0.3497,0.3382,0.3382,0.3382,0.3497,0.3497,0.3526,0.3526,0.3497,0.3497,0.3526,0.3382,0.3468
12,0.3497,0.3382,0.3382,0.3382,0.3497,0.3497,0.3526,0.3526,0.3497,0.3497,0.3526,0.3382,0.3468
13,0.3497,0.3382,0.3382,0.3382,0.3497,0.3497,0.3526,0.3526,0.3497,0.3497,0.3526,0.3382,0.3468
14,0.3497,0.3382,0.3382,0.3382,0.3497,0.3497,0.3526,0.3526,0.3497,0.3497,0.3526,0.3382,0.3468
15,0.3497,0.3382,0.3497,0.3382,0.3497,0.3497,0.3526,0.3526,0.3497,0.3497,0.3526,0.3382,0.348
16,0.3497,0.3382,0.3497,0.3497,0.3497,0.3497,0.3526,0.3526,0.3497,0.3497,0.3526,0.3382,0.3491
17,0.3497,0.3382,0.3497,0.3497,0.3497,0.3497,0.3526,0.3526,0.3497,0.3497,0.3526,0.3382,0.3491
18,0.3497,0.3382,0.3526,0.3497,0.3497,0.3497,0.3526,0.3526,0.3497,0.3497,0.3526,0.3382,0.3494
19,0.3497,0.3382,0.3526,0.3497,0.3497,0.3497,0.3526,0.3526,0.3497,0.3497,0.3526,0.3382,0.3494
20,0.3497,0.3497,0.3526,0.3526,0.3497,0.3497,0.3526,0.3526,0.3497,0.3497,0.3526,0.3497,0.3509
21,0.3497,0.3497,0.3526,0.3526,0.3497,0.3497,0.3526,0.3526,0.3497,0.3497,0.3526,0.3497,0.3509
22,0.3497,0.3497,0.3526,0.3526,0.3497,0.3497,0.3526,0.3526,0.3497,0.3497,0.3526,0.3497,0.3509
23,0.3497,0.3497,0.3526,0.3526,0.3497,0.3497,0.3526,0.3526,0.3497,0.3497,0.3526,0.3497,0.3509
24,0.3497,0.3497,0.3526,0.3526,0.3497,0.3497,0.3526,0.3526,0.3497,0.3526,0.3526,0.3497,0.3511
25,0.3497,0.3497,0.3526,0.3526,0.3497,0.3497,0.3526,0.3526,0.3497,0.3526,0.3526,0.3497,0.3511
26,0.3497,0.3497,0.3526,0.3526,0.3497,0.3497,0.3526,0.3526,0.3497,0.3526,0.3526,0.3497,0.3511
27,0.3497,0.3497,0.3526,0.3526,0.3497,0.3497,0.3526,0.3526,0.3497,0.3526,0.3526,0.3497,0.3511
28,0.3497,0.3497,0.3526,0.3526,0.3497,0.3526,0.3526,0.3526,0.3497,0.3526,0.3526,0.3497,0.3514
29,0.3497,0.3497,0.3526,0.3526,0.3497,0.3526,0.3526,0.3526,0.3497,0.3526,0.3526,0.3497,0.3514
30,0.3497,0.3497,0.3526,0.3526,0.3497,0.3526,0.3526,0.3526,0.3497,0.3526,0.3526,0.3497,0.3514
31,0.3526,0.3497,0.3526,0.3526,0.3497,0.3526,0.3526,0.3526,0.3497,0.3526,0.3526,0.3497,0.3517
32,0.3526,0.3526,0.3526,0.3526,0.3497,0.3526,0.3526,0.3526,0.3497,0.3526,0.3526,0.3497,0.352
33,0.3526,0.3526,0.3526,0.3526,0.3497,0.3526,0.3526,0.3526,0.3497,0.3526,0.3526,0.3497,0.352
34,0.3526,0.3526,0.3526,0.3526,0.3497,0.3526,0.3526,0.3526,0.3497,0.3526,0.3526,0.3497,0.352
35,0.3526,0.3526,0.3526,0.3526,0.3497,0.3526,0.3526,0.3526,0.3497,0.3526,0.3526,0.3497,0.352
36,0.3526,0.3526,0.3526,0.3526,0.3497,0.3526,0.3526,0.3526,0.3497,0.3526,0.3526,0.3497,0.352
37,0.3526,0.3526,0.3526,0.3526,0.3497,0.3526,0.3526,0.3526,0.3497,0.3526,0.3526,0.3497,0.352
38,0.3526,0.3526,0.3526,0.3526,0.3497,0.3526,0.3526,0.3526,0.3497,0.3526,0.3526,0.3497,0.352
39,0.3526,0.3526,0.3526,0.3526,0.3497,0.3526,0.3526,0.3526,0.3497,0.3526,0.3526,0.3497,0.352
40,0.3526,0.3526,0.3526,0.3526,0.3497,0.3526,0.3526,0.3526,0.3497,0.3526,0.3526,0.3497,0.352
41,0.3526,0.3526,0.3526,0.3526,0.3497,0.3526,0.3526,0.3526,0.3497,0.3526,0.3526,0.3497,0.352
42,0.3526,0.3526,0.3526,0.3526,0.3497,0.3526,0.3526,0.3526,0.3497,0.3526,0.3526,0.3497,0.352
43,0.3526,0.3526,0.3526,0.3526,0.3497,0.3526,0.3526,0.3526,0.3497,0.3526,0.3526,0.3497,0.352
44,0.3526,0.3526,0.3526,0.3526,0.3497,0.3526,0.3526,0.3526,0.3497,0.3526,0.3526,0.3497,0.352
45,0.3526,0.3526,0.3526,0.3526,0.3497,0.3526,0.3526,0.3526,0.3497,0.3526,0.3526,0.3497,0.352
46,0.3526,0.3526,0.3526,0.3526,0.3497,0.3526,0.3526,0.3526,0.3497,0.3526,0.3526,0.3497,0.352
47,0.3526,0.3526,0.3526,0.3526,0.3497,0.3526,0.3526,0.3526,0.3497,0.3526,0.3526,0.3497,0.352
48,0.3526,0.3526,0.3526,0.3526,0.3497,0.3526,0.3526,0.3526,0.3497,0.3526,0.3526,0.3497,0.352
49,0.3526,0.3526,0.3526,0.3526,0.3497,0.3526,0.3526,0.3526,0.3497,0.3526,0.3526,0.3497,0.352
50,0.3526,0.3526,0.3526,0.3526,0.3497,0.3526,0.3526,0.3526,0.3497,0.3526,0.3526,0.3497,0.352
51,0.3526,0.3526,0.3526,0.3526,0.3497,0.3526,0.3526,0.3526,0.3497,0.3526,0.3526,0.3497,0.352
52,0.3526,0.3526,0.3526,0.3526,0.3497,0.3526,0.3526,0.3526,0.3497,0.3526,0.3526,0.3497,0.352
53,0.3526,0.3526,0.3526,0.3526,0.3526,0.3526,0.3526,0.3526,0.3497,0.3526,0.3526,0.3497,0.3523
54,0.3526,0.3526,0.3526,0.3526,0.3526,0.3526,0.3526,0.3526,0.3497,0.3526,0.3526,0.3497,0.3523
55,0.3526,0.3526,0.3526,0.3526,0.3526,0.3526,0.3526,0.3526,0.3497,0.3526,0.3526,0.3497,0.3523
56,0.3526,0.3526,0.3526,0.3526,0.3526,0.3526,0.3526,0.3526,0.3497,0.3526,0.3526,0.3497,0.3523
57,0.3526,0.3526,0.3526,0.3526,0.3526,0.3526,0.3526,0.3526,0.3497,0.3526,0.3526,0.3497,0.3523
58,0.3526,0.3526,0.3526,0.3526,0.3526,0.3526,0.3526,0.3526,0.3497,0.3526,0.3526,0.3497,0.3523
59,0.3526,0.3526,0.3526,0.3526,0.3526,0.3526,0.3526,0.3526,0.3497,0.3526,0.3526,0.3497,0.3523
60,0.3526,0.3526,0.3526,0.3526,0.3526,0.3526,0.3526,0.3526,0.3497,0.3526,0.3526,0.3497,0.3523
61,0.3526,0.3526,0.3526,0.3526,0.3526,0.3526,0.3526,0.3526,0.3497,0.3526,0.3526,0.3497,0.3523
62,0.3526,0.3526,0.3526,0.3526,0.3526,0.3526,0.3526,0.3526,0.3497,0.3526,0.3526,0.3497,0.3523
63,0.3526,0.3526,0.3526,0.3526,0.3526,0.3526,0.3526,0.3526,0.3497,0.3526,0.3526,0.3497,0.3523
64,0.3526,0.3526,0.3526,0.3526,0.3526,0.3526,0.3526,0.3526,0.3497,0.3526,0.3526,0.3497,0.3523
65,0.3526,0.3526,0.3526,0.3526,0.3526,0.3526,0.3526,0.3526,0.3497,0.3526,0.3526,0.3497,0.3523
66,0.3526,0.3526,0.3526,0.3526,0.3526,0.3526,0.3526,0.3526,0.3497,0.3526,0.3526,0.3497,0.3523
67,0.3526,0.3526,0.3526,0.3526,0.3526,0.3526,0.3526,0.3526,0.3497,0.3526,0.3526,0.3497,0.3523
68,0.3526,0.3526,0.3526,0.3526,0.3526,0.3526,0.3526,0.3526,0.3497,0.3526,0.3526,0.3497,0.3523
69,0.3526,0.3526,0.3526,0.3526,0.3526,0.3526,0.3526,0.3526,0.3497,0.3526,0.3526,0.3497,0.3523
70,0.3526,0.3526,0.3526,0.3526,0.3526,0.3526,0.3526,0.3526,0.3497,0.3526,0.3526,0.3497,0.3523
71,0.3526,0.3526,0.3526,0.3526,0.3526,0.3526,0.3526,0.3526,0.3497,0.3526,0.3526,0.3497,0.3523
72,0.3526,0.3526,0.3526,0.3526,0.3526,0.3526,0.3526,0.3526,0.3497,0.3526,0.3526,0.3497,0.3523
73,0.3526,0.3526,0.3526,0.3526,0.3526,0.3526,0.3526,0.3526,0.3497,0.3526,0.3526,0.3497,0.3523
74,0.3526,0.3526,0.3526,0.3526,0.3526,0.3526,0.3526,0.3526,0.3497,0.3526,0.3526,0.3497,0.3523
75,0.3526,0.3526,0.3526,0.3526,0.3526,0.3526,0.3526,0.3526,0.3497,0.3526,0.3526,0.3497,0.3523
76,0.3526,0.3526,0.3526,0.3526,0.3526,0.3526,0.3526,0.3526,0.3497,0.3526,0.3526,0.3497,0.3523
77,0.3526,0.3526,0.3526,0.3526,0.3526,0.3526,0.3526,0.3526,0.3497,0.3526,0.3526,0.3497,0.3523
78,0.3526,0.3526,0.3526,0.3526,0.3526,0.3526,0.3526,0.3526,0.3497,0.3526,0.3526,0.3497,0.3523
79,0.3526,0.3526,0.3526,0.3526,0.3526,0.3526,0.3526,0.3526,0.3497,0.3526,0.3526,0.3497,0.3523
80,0.3526,0.3526,0.3526,0.3526,0.3526,0.3526,0.3526,0.3526,0.3497,0.3526,0.3526,0.3497,0.3523
81,0.3526,0.3526,0.3526,0.3526,0.3526,0.3526,0.3526,0.3526,0.3497,0.3526,0.3526,0.3497,0.3523
82,0.3526,0.3526,0.3526,0.3526,0.3526,0.3526,0.3526,0.3526,0.3497,0.3526,0.3526,0.3497,0.3523
83,0.3526,0.3526,0.3526,0.3526,0.3526,0.3526,0.3526,0.3526,0.3497,0.3526,0.3526,0.3497,0.3523
84,0.3526,0.3526,0.3526,0.3526,0.3526,0.3526,0.3526,0.3526,0.3497,0.3526,0.3526,0.3497,0.3523
85,0.3526,0.3526,0.3526,0.3526,0.3526,0.3526,0.3526,0.3526,0.3497,0.3526,0.3526,0.3497,0.3523
86,0.3526,0.3526,0.3526,0.3526,0.3526,0.3526,0.3526,0.3526,0.3497,0.3526,0.3526,0.3497,0.3523
87,0.3526,0.3526,0.3526,0.3526,0.3526,0.3526,0.3526,0.3526,0.3497,0.3526,0.3526,0.3497,0.3523
88,0.3526,0.3526,0.3526,0.3526,0.3526,0.3526,0.3526,0.3526,0.3497,0.3526,0.3526,0.3497,0.3523
89,0.3526,0.3526,0.3526,0.3526,0.3526,0.3526,0.3526,0.3526,0.3497,0.3526,0.3526,0.3497,0.3523
90,0.3526,0.3526,0.3526,0.3526,0.3526,0.3526,0.3526,0.3526,0.3497,0.3526,0.3526,0.3497,0.3523
91,0.3526,0.3526,0.3526,0.3526,0.3526,0.3526,0.3526,0.3526,0.3497,0.3526,0.3526,0.3497,0.3523
92,0.3526,0.3526,0.3526,0.3526,0.3526,0.3526,0.3526,0.3526,0.3497,0.3526,0.3526,0.3497,0.3523
93,0.3526,0.3526,0.3526,0.3526,0.3526,0.3526,0.3526,0.3526,0.3497,0.3526,0.3526,0.3497,0.3523
94,0.3526,0.3526,0.3526,0.3526,0.3526,0.3526,0.3526,0.3526,0.3497,0.3526,0.3526,0.3497,0.3523
95,0.3526,0.3526,0.3526,0.3526,0.3526,0.3526,0.3526,0.3526,0.3497,0.3526,0.3526,0.3497,0.3523
96,0.3526,0.3526,0.3526,0.3526,0.3526,0.3526,0.3526,0.3526,0.3497,0.3526,0.3526,0.3497,0.3523
97,0.3526,0.3526,0.3526,0.3526,0.3526,0.3526,0.3526,0.3526,0.3497,0.3526,0.3526,0.3497,0.3523
98,0.3526,0.3526,0.3526,0.3526,0.3526,0.3526,0.3526,0.3526,0.3497,0.3526,0.3526,0.3497,0.3523
99,0.3526,0.3526,0.3526,0.3526,0.3526,0.3526,0.3526,0.3526,0.3497,0.3526,0.3526,0.3497,0.3523
100,0.3526,0.3526,0.3526,0.3526,0.3526,0.3526,0.3526,0.3526,0.3497,0.3526,0.3526,0.3497,0.3523
101,0.3526,0.3526,0.3526,0.3526,0.3526,0.3526,0.3526,0.3526,0.3497,0.3526,0.3526,0.3497,0.3523
102,0.3526,0.3526,0.3526,0.3526,0.3526,0.3526,0.3526,0.3526,0.3497,0.3526,0.3526,0.3497,0.3523
103,0.3526,0.3526,0.3526,0.3526,0.3526,0.3526,0.3526,0.3526,0.3497,0.3526,0.3526,0.3497,0.3523
104,0.3526,0.3526,0.3526,0.3526,0.3526,0.3526,0.3526,0.3526,0.3497,0.3526,0.3526,0.3497,0.3523
105,0.3526,0.3526,0.3526,0.3526,0.3526,0.3526,0.3526,0.3526,0.3497,0.3526,0.3526,0.3497,0.3523
106,0.3526,0.3526,0.3526,0.3526,0.3526,0.3526,0.3526,0.3526,0.3497,0.3526,0.3526,0.3497,0.3523
107,0.3526,0.3526,0.3526,0.3526,0.3526,0.3526,0.3526,0.3526,0.3497,0.3526,0.3526,0.3497,0.3523
108,0.3526,0.3526,0.3526,0.3526,0.3526,0.3526,0.3526,0.3526,0.3497,0.3526,0.3526,0.3497,0.3523
109,0.3526,0.3526,0.3526,0.3526,0.3526,0.3526,0.3526,0.3526,0.3497,0.3526,0.3526,0.3497,0.3523
110,0.3526,0.3526,0.3526,0.3526,0.3526,0.3526,0.3526,0.3526,0.3497,0.3526,0.3526,0.3497,0.3523
111,0.3526,0.3526,0.3526,0.3526,0.3526,0.3526,0.3526,0.3526,0.3497,0.3526,0.3526,0.3497,0.3523
112,0.3526,0.3526,0.3526,0.3526,0.3526,0.3526,0.3526,0.3526,0.3497,0.3526,0.3526,0.3497,0.3523
113,0.3526,0.3526,0.3526,0.3526,0.3526,0.3526,0.3526,0.3526,0.3497,0.3526,0.3526,0.3497,0.3523
114,0.3526,0.3526,0.3526,0.3526,0.3526,0.3526,0.3526,0.3526,0.3497,0.3526,0.3526,0.3497,0.3523
115,0.3526,0.3526,0.3526,0.3526,0.3526,0.3526,0.3526,0.3526,0.3497,0.3526,0.3526,0.3497,0.3523
116,0.3526,0.3526,0.3526,0.3526,0.3526,0.3526,0.3526,0.3526,0.3497,0.3526,0.3526,0.3497,0.3523
117,0.3526,0.3526,0.3526,0.3526,0.3526,0.3526,0.3526,0.3526,0.3497,0.3526,0.3526,0.3497,0.3523
118,0.3526,0.3526,0.3526,0.3526,0.3526,0.3526,0.3526,0.3526,0.3497,0.3526,0.3526,0.3497,0.3523
119,0.3526,0.3526,0.3526,0.3526,0.3526,0.3526,0.3526,0.3526,0.3497,0.3526,0.3526,0.3497,0.3523
120,0.3526,0.3526,0.3526,0.3526,0.3526,0.3526,0.3526,0.3526,0.3497,0.3526,0.3526,0.3497,0.3523
121,0.3526,0.3526,0.3526,0.3526,0.3526,0.3526,0.3526,0.3526,0.3497,0.3526,0.3526,0.3497,0.3523
122,0.3526,0.3526,0.3526,0.3526,0.3526,0.3526,0.3526,0.3526,0.3497,0.3526,0.3526,0.3497,0.3523
123,0.3526,0.3526,0.3526,0.3526,0.3526,0.3526,0.3526,0.3526,0.3497,0.3526,0.3526,0.3497,0.3523
124,0.3526,0.3526,0.3526,0.3526,0.3526,0.3526,0.3526,0.3526,0.3497,0.3526,0.3526,0.3497,0.3523
125,0.3526,0.3526,0.3526,0.3526,0.3526,0.3526,0.3526,0.3526,0.3497,0.3526,0.3526,0.3497,0.3523
126,0.3526,0.3526,0.3526,0.3526,0.3526,0.3526,0.3526,0.3526,0.3497,0.3526,0.3526,0.3497,0.3523
127,0.3526,0.3526,0.3526,0.3526,0.3526,0.3526,0.3526,0.3526,0.3497,0.3526,0.3526,0.3497,0.3523
128,0.3526,0.3526,0.3526,0.3526,0.3526,0.3526,0.3526,0.3526,0.3497,0.3526,0.3526,0.3497,0.3523
129,0.3526,0.3526,0.3526,0.3526,0.3526,0.3526,0.3526,0.3526,0.3497,0.3526,0.3526,0.3497,0.3523
130,0.3526,0.3526,0.3526,0.3526,0.3526,0.3526,0.3526,0.3526,0.3497,0.3526,0.3526,0.3497,0.3523
131,0.3526,0.3526,0.3526,0.3526,0.3526,0.3526,0.3526,0.3526,0.3497,0.3526,0.3526,0.3497,0.3523
132,0.3526,0.3526,0.3526,0.3526,0.3526,0.3526,0.3526,0.3526,0.3497,0.3526,0.3526,0.3497,0.3523
133,0.3526,0.3526,0.3526,0.3526,0.3526,0.3526,0.3526,0.3526,0.3497,0.3526,0.3526,0.3497,0.3523
134,0.3526,0.3526,0.3526,0.3526,0.3526,0.3526,0.3526,0.3526,0.3497,0.3526,0.3526,0.3497,0.3523
135,0.3526,0.3526,0.3526,0.3526,0.3526,0.3526,0.3526,0.3526,0.3497,0.3526,0.3526,0.3497,0.3523
136,0.3526,0.3526,0.3526,0.3526,0.3526,0.3526,0.3526,0.3526,0.3497,0.3526,0.3526,0.3497,0.3523
137,0.3526,0.3526,0.3526,0.3526,0.3526,0.3526,0.3526,0.3526,0.3497,0.3526,0.3526,0.3497,0.3523
138,0.3526,0.3526,0.3526,0.3526,0.3526,0.3526,0.3526,0.3526,0.3497,0.3526,0.3526,0.3497,0.3523
139,0.3526,0.3526,0.3526,0.3526,0.3526,0.3526,0.3526,0.3526,0.3497,0.3526,0.3526,0.3497,0.3523
140,0.3526,0.3526,0.3526,0.3526,0.3526,0.3526,0.3526,0.3526,0.3497,0.3526,0.3526,0.3497,0.3523
141,0.3526,0.3526,0.3526,0.3526,0.3526,0.3526,0.3526,0.3526,0.3497,0.3526,0.3526,0.3497,0.3523
142,0.3526,0.3526,0.3526,0.3526,0.3526,0.3526,0.3526,0.3526,0.3497,0.3526,0.3526,0.3497,0.3523
143,0.3526,0.3526,0.3526,0.3526,0.3526,0.3526,0.3526,0.3526,0.3497,0.3526,0.3526,0.3497,0.3523
144,0.3526,0.3526,0.3526,0.3526,0.3526,0.3526,0.3526,0.3526,0.3497,0.3526,0.3526,0.3497,0.3523
145,0.3526,0.3526,0.3526,0.3526,0.3526,0.3526,0.3526,0.3526,0.3497,0.3526,0.3526,0.3497,0.3523
146,0.3526,0.3526,0.3526,0.3526,0.3526,0.3526,0.3526,0.3526,0.3497,0.3526,0.3526,0.3497,0.3523
147,0.3526,0.3526,0.3526,0.3526,0.3526,0.3526,0.3526,0.3526,0.3497,0.3526,0.3526,0.3497,0.3523
148,0.3526,0.3526,0.3526,0.3526,0.3526,0.3526,0.3526,0.3526,0.3497,0.3526,0.3526,0.3497,0.3523
149,0.3526,0.3526,0.3526,0.3526,0.3526,0.3526,0.3526,0.3526,0.3497,0.3526,0.3526,0.3497,0.3523
150,0.3526,0.3526,0.3526,0.3526,0.3526,0.3526,0.3526,0.3526,0.3497,0.3526,0.3526,0.3497,0.3523
151,0.3526,0.3526,0.3526,0.3526,0.3526,0.3526,0.3526,0.3526,0.3497,0.3526,0.3526,0.3497,0.3523
152,0.3526,0.3526,0.3526,0.3526,0.3526,0.3526,0.3526,0.3526,0.3497,0.3526,0.3526,0.3497,0.3523
153,0.3526,0.3526,0.3526,0.3526,0.3526,0.3526,0.3526,0.3526,0.3497,0.3526,0.3526,0.3497,0.3523
154,0.3526,0.3526,0.3526,0.3526,0.3526,0.3526,0.3526,0.3526,0.3497,0.3526,0.3526,0.3497,0.3523
155,0.3526,0.3526,0.3526,0.3526,0.3526,0.3526,0.3526,0.3526,0.3497,0.3526,0.3526,0.3497,0.3523
156,0.3526,0.3526,0.3526,0.3526,0.3526,0.3526,0.3526,0.3526,0.3497,0.3526,0.3526,0.3497,0.3523
157,0.3526,0.3526,0.3526,0.3526,0.3526,0.3526,0.3526,0.3526,0.3497,0.3526,0.3526,0.3497,0.3523
158,0.3526,0.3526,0.3526,0.3526,0.3526,0.3526,0.3526,0.3526,0.3526,0.3526,0.3526,0.3526,0.3526
159,0.3526,0.3526,0.3526,0.3526,0.3526,0.3526,0.3526,0.3526,0.3526,0.3526,0.3526,0.3526,0.3526
160,0.3526,0.3526,0.3526,0.3526,0.3526,0.3526,0.3526,0.3526,0.3526,0.3526,0.3526,0.3526,0.3526
161,0.3526,0.3526,0.3526,0.3526,0.3526,0.3526,0.3526,0.3526,0.3526,0.3526,0.3526,0.3526,0.3526
162,0.3526,0.3526,0.3526,0.3526,0.3526,0.3526,0.3526,0.3526,0.3526,0.3526,0.3526,0.3526,0.3526
163,0.3526,0.3526,0.3526,0.3526,0.3526,0.3526,0.3526,0.3526,0.3526,0.3526,0.3526,0.3526,0.3526
164,0.3526,0.3526,0.3526,0.3526,0.3526,0.3526,0.3526,0.3526,0.3526,0.3526,0.3526,0.3526,0.3526
165,0.3526,0.3526,0.3526,0.3526,0.3526,0.3526,0.3526,0.3526,0.3526,0.3526,0.3526,0.3526,0.3526
166,0.3526,0.3526,0.3526,0.3526,0.3526,0.3526,0.3526,0.3526,0.3526,0.3526,0.3526,0.3526,0.3526
167,0.3526,0.3526,0.3526,0.3526,0.3526,0.3526,0.3526,0.3526,0.3526,0.3526,0.3526,0.3526,0.3526
168,0.3526,0.3526,0.3526,0.3526,0.3526,0.3526,0.3526,0.3526,0.3526,0.3526,0.3526,0.3526,0.3526
169,0.3526,0.3526,0.3526,0.3526,0.3526,0.3526,0.3526,0.3526,0.3526,0.3526,0.3526,0.3526,0.3526
170,0.3526,0.3526,0.3526,0.3526,0.3526,0.3526,0.3526,0.3526,0.3526,0.3526,0.3526,0.3526,0.3526
171,0.3526,0.3526,0.3526,0.3526,0.3526,0.3526,0.3526,0.3526,0.3526,0.3526,0.3526,0.3526,0.3526
172,0.3526,0.3526,0.3526,0.3526,0.3526,0.3526,0.3526,0.3526,0.3526,0.3526,0.3526,0.3526,0.3526
173,0.3526,0.3526,0.3526,0.3526,0.3526,0.3526,0.3526,0.3526,0.3526,0.3526,0.3526,0.3526,0.3526
174,0.3526,0.3526,0.3526,0.3526,0.3526,0.3526,0.3526,0.3526,0.3526,0.3526,0.3526,0.3526,0.3526
175,0.3526,0.3526,0.3526,0.3526,0.3526,0.3526,0.3526,0.3526,0.3526,0.3526,0.3526,0.3526,0.3526
176,0.3526,0.3526,0.3526,0.3526,0.3526,0.3526,0.3526,0.3526,0.3526,0.3526,0.3526,0.3526,0.3526
177,0.3526,0.3526,0.3526,0.3526,0.3526,0.3526,0.3526,0.3526,0.3526,0.3526,0.3526,0.3526,0.3526
178,0.3526,0.3526,0.3526,0.3526,0.3526,0.3526,0.3526,0.3526,0.3526,0.3526,0.3526,0.3526,0.3526
179,0.3526,0.3526,0.3526,0.3526,0.3526,0.3526,0.3526,0.3526,0.3526,0.3526,0.3526,0.3526,0.3526
180,0.3526,0.3526,0.3526,0.3526,0.3526,0.3526,0.3526,0.3526,0.3526,0.3526,0.3526,0.3526,0.3526
181,0.3526,0.3526,0.3526,0.3526,0.3526,0.3526,0.3526,0.3526,0.3526,0.3526,0.3526,0.3526,0.3526
182,0.3526,0.3526,0.3526,0.3526,0.3526,0.3526,0.3526,0.3526,0.3526,0.3526,0.3526,0.3526,0.3526
183,0.3526,0.3526,0.3526,0.3526,0.3526,0.3526,0.3526,0.3526,0.3526,0.3526,0.3526,0.3526,0.3526
184,0.3526,0.3526,0.3526,0.3526,0.3526,0.3526,0.3526,0.3526,0.3526,0.3526,0.3526,0.3526,0.3526
185,0.3526,0.3526,0.3526,0.3526,0.3526,0.3526,0.3526,0.3526,0.3526,0.3526,0.3526,0.3526,0.3526
186,0.3526,0.3526,0.3526,0.3526,0.3526,0.3526,0.3526,0.3526,0.3526,0.3526,0.3526,0.3526,0.3526
187,0.3526,0.3526,0.3526,0.3526,0.3526,0.3526,0.3526,0.3526,0.3526,0.3526,0.3526,0.3526,0.3526
188,0.3526,0.3526,0.3526,0.3526,0.3526,0.3526,0.3526,0.3526,0.3526,0.3526,0.3526,0.3526,0.3526
189,0.3526,0.3526,0.3526,0.3526,0.3526,0.3526,0.3526,0.3526,0.3526,0.3526,0.3526,0.3526,0.3526
190,0.3526,0.3526,0.3526,0.3526,0.3526,0.3526,0.3526,0.3526,0.3526,0.3526,0.3526,0.3526,0.3526
191,0.3526,0.3526,0.3526,0.3526,0.3526,0.3526,0.3526,0.3526,0.3526,0.3526,0.3526,0.3526,0.3526
192,0.3526,0.3526,0.3526,0.3526,0.3526,0.3526,0.3526,0.3526,0.3526,0.3526,0.3526,0.3526,0.3526
193,0.3526,0.3526,0.3526,0.3526,0.3526,0.3526,0.3526,0.3526,0.3526,0.3526,0.3526,0.3526,0.3526
194,0.3526,0.3526,0.3526,0.3526,0.3526,0.3526,0.3526,0.3526,0.3526,0.3526,0.3526,0.3526,0.3526
195,0.3526,0.3526,0.3526,0.3526,0.3526,0.3526,0.3526,0.3526,0.3526,0.3526,0.3526,0.3526,0.3526
196,0.3526,0.3526,0.3526,0.3526,0.3526,0.3526,0.3526,0.3526,0.3526,0.3526,0.3526,0.3526,0.3526
197,0.3526,0.3526,0.3526,0.3526,0.3526,0.3526,0.3526,0.3526,0.3526,0.3526,0.3526,0.3526,0.3526
198,0.3526,0.3526,0.3526,0.3526,0.3526,0.3526,0.3526,0.3526,0.3526,0.3526,0.3526,0.3526,0.3526
199,0.3526,0.3526,0.3526,0.3526,0.3526,0.3526,0.3526,0.3526,0.3526,0.3526,0.3526,0.3526,0.3526
200,0.3526,0.3526,0.3526,0.3526,0.3526,0.3526,0.3526,0.3526,0.3526,0.3526,0.3526,0.3526,0.3526
201,0.3526,0.3526,0.3526,0.3526,0.3526,0.3526,0.3526,0.3526,0.3526,0.3526,0.3526,0.3526,0.3526
202,0.3526,0.3526,0.3526,0.3526,0.3526,0.3526,0.3526,0.3526,0.3526,0.3526,0.3526,0.3526,0.3526
203,0.3526,0.3526,0.3526,0.3526,0.3526,0.3526,0.3526,0.3526,0.3526,0.3526,0.3526,0.3526,0.3526
204,0.3526,0.3526,0.3526,0.3526,0.3526,0.3526,0.3526,0.3526,0.3526,0.3526,0.3526,0.3526,0.3526
205,0.3526,0.3526,0.3526,0.3526,0.3526,0.3526,0.3526,0.3526,0.3526,0.3526,0.3526,0.3526,0.3526
206,0.3526,0.3526,0.3526,0.3526,0.3526,0.3526,0.3526,0.3526,0.3526,0.3526,0.3526,0.3526,0.3526
207,0.3526,0.3526,0.3526,0.3526,0.3526,0.3526,0.3526,0.3526,0.3526,0.3526,0.3526,0.3526,0.3526
208,0.3526,0.3526,0.3526,0.3526,0.3526,0.3526,0.3526,0.3526,0.3526,0.3526,0.3526,0.3526,0.3526
209,0.3526,0.3526,0.3526,0.3526,0.3526,0.3526,0.3526,0.3526,0.3526,0.3526,0.3526,0.3526,0.3526
210,0.3526,0.3526,0.3526,0.3526,0.3526,0.3526,0.3526,0.3526,0.3526,0.3526,0.3526,0.3526,0.3526
211,0.3526,0.3526,0.3526,0.3526,0.3526,0.3526,0.3526,0.3526,0.3526,0.3526,0.3526,0.3526,0.3526
212,0.3526,0.3526,0.3526,0.3526,0.3526,0.3526,0.3526,0.3526,0.3526,0.3526,0.3526,0.3526,0.3526
213,0.3526,0.3526,0.3526,0.3526,0.3526,0.3526,0.3526,0.3526,0.3526,0.3526,0.3526,0.3526,0.3526
214,0.3526,0.3526,0.3526,0.3526,0.3526,0.3526,0.3526,0.3526,0.3526,0.3526,0.3526,0.3526,0.3526
215,0.3526,0.3526,0.3526,0.3526,0.3526,0.3526,0.3526,0.3526,0.3526,0.3526,0.3526,0.3526,0.3526
216,0.3526,0.3526,0.3526,0.3526,0.3526,0.3526,0.3526,0.3526,0.3526,0.3526,0.3526,0.3526,0.3526
217,0.3526,0.3526,0.3526,0.3526,0.3526,0.3526,0.3526,0.3526,0.3526,0.3526,0.3526,0.3526,0.3526
218,0.3526,0.3526,0.3526,0.3526,0.3526,0.3526,0.3526,0.3526,0.3526,0.3526,0.3526,0.3526,0.3526
219,0.3526,0.3526,0.3526,0.3526,0.3526,0.3526,0.3526,0.3526,0.3526,0.3526,0.3526,0.3526,0.3526
220,0.3526,0.3526,0.3526,0.3526,0.3526,0.3526,0.3526,0.3526,0.3526,0.3526,0.3526,0.3526,0.3526
221,0.3526,0.3526,0.3526,0.3526,0.3526,0.3526,0.3526,0.3526,0.3526,0.3526,0.3526,0.3526,0.3526
222,0.3526,0.3526,0.3526,0.3526,0.3526,0.3526,0.3526,0.3526,0.3526,0.3526,0.3526,0.3526,0.3526
223,0.3526,0.3526,0.3526,0.3526,0.3526,0.3526,0.3526,0.3526,0.3526,0.3526,0.3526,0.3526,0.3526
224,0.3526,0.3526,0.3526,0.3526,0.3526,0.3526,0.3526,0.3526,0.3526,0.3526,0.3526,0.3526,0.3526
225,0.3526,0.3526,0.3526,0.3526,0.3526,0.3526,0.3526,0.3526,0.3526,0.3526,0.3526,0.3526,0.3526
226,0.3526,0.3526,0.3526,0.3526,0.3526,0.3526,0.3526,0.3526,0.3526,0.3526,0.3526,0.3526,0.3526
227,0.3526,0.3526,0.3526,0.3526,0.3526,0.3526,0.3526,0.3526,0.3526,0.3526,0.3526,0.3526,0.3526
228,0.3526,0.3526,0.3526,0.3526,0.3526,0.3526,0.3526,0.3526,0.3526,0.3526,0.3526,0.3526,0.3526
229,0.3526,0.3526,0.3526,0.3526,0.3526,0.3526,0.3526,0.3526,0.3526,0.3526,0.3526,0.3526,0.3526
230,0.3526,0.3526,0.3526,0.3526,0.3526,0.3526,0.3526,0.3526,0.3526,0.3526,0.3526,0.3526,0.3526
231,0.3526,0.3526,0.3526,0.3526,0.3526,0.3526,0.3526,0.3526,0.3526,0.3526,0.3526,0.3526,0.3526
232,0.3526,0.3526,0.3526,0.3526,0.3526,0.3526,0.3526,0.3526,0.3526,0.3526,0.3526,0.3526,0.3526
233,0.3526,0.3526,0.3526,0.3526,0.3526,0.3526,0.3526,0.3526,0.3526,0.3526,0.3526,0.3526,0.3526
234,0.3526,0.3526,0.3526,0.3526,0.3526,0.3526,0.3526,0.3526,0.3526,0.3526,0.3526,0.3526,0.3526
235,0.3526,0.3526,0.3526,0.3526,0.3526,0.3526,0.3526,0.3526,0.3526,0.3526,0.3526,0.3526,0.3526
236,0.3526,0.3526,0.3526,0.3526,0.3526,0.3526,0.3526,0.3526,0.3526,0.3526,0.3526,0.3526,0.3526
237,0.3526,0.3526,0.3526,0.3526,0.3526,0.3526,0.3526,0.3526,0.3526,0.3526,0.3526,0.3526,0.3526
238,0.3526,0.3526,0.3526,0.3526,0.3526,0.3526,0.3526,0.3526,0.3526,0.3526,0.3526,0.3526,0.3526
239,0.3526,0.3526,0.3526,0.3526,0.3526,0.3526,0.3526,0.3526,0.3526,0.3526,0.3526,0.3526,0.3526
240,0.3526,0.3526,0.3526,0.3526,0.3526,0.3526,0.3526,0.3526,0.3526,0.3526,0.3526,0.3526,0.3526
241,0.3526,0.3526,0.3526,0.3526,0.3526,0.3526,0.3526,0.3526,0.3526,0.3526,0.3526,0.3526,0.3526
242,0.3526,0.3526,0.3526,0.3526,0.3526,0.3526,0.3526,0.3526,0.3526,0.3526,0.3526,0.3526,0.3526
243,0.3526,0.3526,0.3526,0.3526,0.3526,0.3526,0.3526,0.3526,0.3526,0.3526,0.3526,0.3526,0.3526
244,0.3526,0.3526,0.3526,0.3526,0.3526,0.3526,0.3526,0.3526,0.3526,0.3526,0.3526,0.3526,0.3526
245,0.3526,0.3526,0.3526,0.3526,0.3526,0.3526,0.3526,0.3526,0.3526,0.3526,0.3526,0.3526,0.3526
246,0.3526,0.3526,0.3526,0.3526,0.3526,0.3526,0.3526,0.3526,0.3526,0.3526,0.3526,0.3526,0.3526
247,0.3526,0.3526,0.3526,0.3526,0.3526,0.3526,0.3526,0.3526,0.3526,0.3526,0.3526,0.3526,0.3526
248,0.3526,0.3526,0.3526,0.3526,0.3526,0.3526,0.3526,0.3526,0.3526,0.3526,0.3526,0.3526,0.3526
249,0.3526,0.3526,0.3526,0.3526,0.3526,0.3526,0.3526,0.3526,0.3526,0.3526,0.3526,0.3526,0.3526
250,0.3526,0.3526,0.3526,0.3526,0.3526,0.3526,0.3526,0.3526,0.3526,0.3526,0.3526,0.3526,0.3526
251,0.3526,0.3526,0.3526,0.3526,0.3526,0.3526,0.3526,0.3526,0.3526,0.3526,0.3526,0.3526,0.3526
252,0.3526,0.3526,0.3526,0.3526,0.3526,0.3526,0.3526,0.3526,0.3526,0.3526,0.3526,0.3526,0.3526
253,0.3526,0.3526,0.3526,0.3526,0.3526,0.3526,0.3526,0.3526,0.3526,0.3526,0.3526,0.3526,0.3526
254,0.3526,0.3526,0.3526,0.3526,0.3526,0.3526,0.3526,0.3526,0.3526,0.3526,0.3526,0.3526,0.3526
255,0.3526,0.3526,0.3526,0.3526,0.3526,0.3526,0.3526,0.3526,0.3526,0.3526,0.3526,0.3526,0.3526
256,0.3526,0.3526,0.3526,0.3526,0.3526,0.3526,0.3526,0.3526,0.3526,0.3526,0.3526,0.3526,0.3526
257,0.3526,0.3526,0.3526,0.3526,0.3526,0.3526,0.3526,0.3526,0.3526,0.3526,0.3526,0.3526,0.3526
258,0.3526,0.3526,0.3526,0.3526,0.3526,0.3526,0.3526,0.3526,0.3526,0.3526,0.3526,0.3526,0.3526
259,0.3526,0.3526,0.3526,0.3526,0.3526,0.3526,0.3526,0.3526,0.3526,0.3526,0.3526,0.3526,0.3526
260,0.3526,0.3526,0.3526,0.3526,0.3526,0.3526,0.3526,0.3526,0.3526,0.3526,0.3526,0.3526,0.3526
261,0.3526,0.3526,0.3526,0.3526,0.3526,0.3526,0.3526,0.3526,0.3526,0.3526,0.3526,0.3526,0.3526
262,0.3526,0.3526,0.3526,0.3526,0.3526,0.3526,0.3526,0.3526,0.3526,0.3526,0.3526,0.3526,0.3526
263,0.3526,0.3526,0.3526,0.3526,0.3526,0.3526,0.3526,0.3526,0.3526,0.3526,0.3526,0.3526,0.3526
264,0.3526,0.3526,0.3526,0.3526,0.3526,0.3526,0.3526,0.3526,0.3526,0.3526,0.3526,0.3526,0.3526
265,0.3526,0.3526,0.3526,0.3526,0.3526,0.3526,0.3526,0.3526,0.3526,0.3526,0.3526,0.3526,0.3526
266,0.3526,0.3526,0.3526,0.3526,0.3526,0.3526,0.3526,0.3526,0.3526,0.3526,0.3526,0.3526,0.3526
267,0.3526,0.3526,0.3526,0.3526,0.3526,0.3526,0.3526,0.3526,0.3526,0.3526,0.3526,0.3526,0.3526
268,0.3526,0.3526,0.3526,0.3526,0.3526,0.3526,0.3526,0.3526,0.3526,0.3526,0.3526,0.3526,0.3526
269,0.3526,0.3526,0.3526,0.3526,0.3526,0.3526,0.3526,0.3526,0.3526,0.3526,0.3526,0.3526,0.3526
270,0.3526,0.3526,0.3526,0.3526,0.3526,0.3526,0.3526,0.3526,0.3526,0.3526,0.3526,0.3526,0.3526
271,0.3526,0.3526,0.3526,0.3526,0.3526,0.3526,0.3526,0.3526,0.3526,0.3526,0.3526,0.3526,0.3526
272,0.3526,0.3526,0.3526,0.3526,0.3526,0.3526,0.3526,0.3526,0.3526,0.3526,0.3526,0.3526,0.3526
273,0.3526,0.3526,0.3526,0.3526,0.3526,0.3526,0.3526,0.3526,0.3526,0.3526,0.3526,0.3526,0.3526
274,0.3526,0.3526,0.3526,0.3526,0.3526,0.3526,0.3526,0.3526,0.3526,0.3526,0.3526,0.3526,0.3526
275,0.3526,0.3526,0.3526,0.3526,0.3526,0.3526,0.3526,0.3526,0.3526,0.3526,0.3526,0.3526,0.3526
276,0.3526,0.3526,0.3526,0.3526,0.3526,0.3526,0.3526,0.3526,0.3526,0.3526,0.3526,0.3526,0.3526
277,0.3526,0.3526,0.3526,0.3526,0.3526,0.3526,0.3526,0.3526,0.3526,0.3526,0.3526,0.3526,0.3526
278,0.3526,0.3526,0.3526,0.3526,0.3526,0.3526,0.3526,0.3526,0.3526,0.3526,0.3526,0.3526,0.3526
279,0.3526,0.3526,0.3526,0.3526,0.3526,0.3526,0.3526,0.3526,0.3526,0.3526,0.3526,0.3526,0.3526
280,0.3526,0.3526,0.3526,0.3526,0.3526,0.3526,0.3526,0.3526,0.3526,0.3526,0.3526,0.3526,0.3526
281,0.3526,0.3526,0.3526,0.3526,0.3526,0.3526,0.3526,0.3526,0.3526,0.3526,0.3526,0.3526,0.3526
282,0.3526,0.3526,0.3526,0.3526,0.3526,0.3526,0.3526,0.3526,0.3526,0.3526,0.3526,0.3526,0.3526
283,0.3526,0.3526,0.3526,0.3526,0.3526,0.3526,0.3526,0.3526,0.3526,0.3526,0.3526,0.3526,0.3526
284,0.3526,0.3526,0.3526,0.3526,0.3526,0.3526,0.3526,0.3526,0.3526,0.3526,0.3526,0.3526,0.3526
285,0.3526,0.3526,0.3526,0.3526,0.3526,0.3526,0.3526,0.3526,0.3526,0.3526,0.3526,0.3526,0.3526
286,0.3526,0.3526,0.3526,0.3526,0.3526,0.3526,0.3526,0.3526,0.3526,0.3526,0.3526,0.3526,0.3526
287,0.3526,0.3526,0.3526,0.3526,0.3526,0.3526,0.3526,0.3526,0.3526,0.3526,0.3526,0.3526,0.3526
288,0.3526,0.3526,0.3526,0.3526,0.3526,0.3526,0.3526,0.3526,0.3526,0.3526,0.3526,0.3526,0.3526
289,0.3526,0.3526,0.3526,0.3526,0.3526,0.3526,0.3526,0.3526,0.3526,0.3526,0.3526,0.3526,0.3526
290,0.3526,0.3526,0.3526,0.3526,0.3526,0.3526,0.3526,0.3526,0.3526,0.3526,0.3526,0.3526,0.3526
291,0.3526,0.3526,0.3526,0.3526,0.3526,0.3526,0.3526,0.3526,0.3526,0.3526,0.3526,0.3526,0.3526
292,0.3526,0.3526,0.3526,0.3526,0.3526,0.3526,0.3526,0.3526,0.3526,0.3526,0.3526,0.3526,0.3526
293,0.3526,0.3526,0.3526,0.3526,0.3526,0.3526,0.3526,0.3526,0.3526,0.3526,0.3526,0.3526,0.3526
294,0.3526,0.3526,0.3526,0.3526,0.3526,0.3526,0.3526,0.3526,0.3526,0.3526,0.3526,0.3526,0.3526
295,0.3526,0.3526,0.3526,0.3526,0.3526,0.3526,0.3526,0.3526,0.3526,0.3526,0.3526,0.3526,0.3526
296,0.3526,0.3526,0.3526,0.3526,0.3526,0.3526,0.3526,0.3526,0.3526,0.3526,0.3526,0.3526,0.3526
297,0.3526,0.3526,0.3526,0.3526,0.3526,0.3526,0.3526,0.3526,0.3526,0.3526,0.3526,0.3526,0.3526
298,0.3526,0.3526,0.3526,0.3526,0.3526,0.3526,0.3526,0.3526,0.3526,0.3526,0.3526,0.3526,0.3526
299,0.3526,0.3526,0.3526,0.3526,0.3526,0.3526,0.3526,0.3526,0.3526,0.3526,0.3526,0.3526,0.3526
300,0.3526,0.3526,0.3526,0.3526,0.3526,0.3526,0.3526,0.3526,0.3526,0.3526,0.3526,0.3526,0.3526
301,0.3526,0.3526,0.3526,0.3526,0.3526,0.3526,0.3526,0.3526,0.3526,0.3526,0.3526,0.3526,0.3526
302,0.3526,0.3526,0.3526,0.3526,0.3526,0.3526,0.3526,0.3526,0.3526,0.3526,0.3526,0.3526,0.3526
303,0.3526,0.3526,0.3526,0.3526,0.3526,0.3526,0.3526,0.3526,0.3526,0.3526,0.3526,0.3526,0.3526
304,0.3526,0.3526,0.3526,0.3526,0.3526,0.3526,0.3526,0.3526,0.3526,0.3526,0.3526,0.3526,0.3526
305,0.3526,0.3526,0.3526,0.3526,0.3526,0.3526,0.3526,0.3526,0.3526,0.3526,0.3526,0.3526,0.3526
306,0.3526,0.3526,0.3526,0.3526,0.3526,0.3526,0.3526,0.3526,0.3526,0.3526,0.3526,0.3526,0.3526
307,0.3526,0.3526,0.3526,0.3526,0.3526,0.3526,0.3526,0.3526,0.3526,0.3526,0.3526,0.3526,0.3526
308,0.3526,0.3526,0.3526,0.3526,0.3526,0.3526,0.3526,0.3526,0.3526,0.3526,0.3526,0.3526,0.3526
309,0.3526,0.3526,0.3526,0.3526,0.3526,0.3526,0.3526,0.3526,0.3526,0.3526,0.3526,0.3526,0.3526
310,0.3526,0.3526,0.3526,0.3526,0.3526,0.3526,0.3526,0.3526,0.3526,0.3526,0.3526,0.3526,0.3526
311,0.3526,0.3526,0.3526,0.3526,0.3526,0.3526,0.3526,0.3526,0.3526,0.3526,0.3526,0.3526,0.3526
312,0.3526,0.3526,0.3526,0.3526,0.3526,0.3526,0.3526,0.3526,0.3526,0.3526,0.3526,0.3526,0.3526
313,0.3526,0.3526,0.3526,0.3526,0.3526,0.3526,0.3526,0.3526,0.3526,0.3526,0.3526,0.3526,0.3526
314,0.3526,0.3526,0.3526,0.3526,0.3526,0.3526,0.3526,0.3526,0.3526,0.3526,0.3526,0.3526,0.3526
315,0.3526,0.3526,0.3526,0.3526,0.3526,0.3526,0.3526,0.3526,0.3526,0.3526,0.3526,0.3526,0.3526
316,0.3526,0.3526,0.3526,0.3526,0.3526,0.3526,0.3526,0.3526,0.3526,0.3526,0.3526,0.3526,0.3526
317,0.3526,0.3526,0.3526,0.3526,0.3526,0.3526,0.3526,0.3526,0.3526,0.3526,0.3526,0.3526,0.3526
318,0.3526,0.3526,0.3526,0.3526,0.3526,0.3526,0.3526,0.3526,0.3526,0.3526,0.3526,0.3526,0.3526
319,0.3526,0.3526,0.3526,0.3526,0.3526,0.3526,0.3526,0.3526,0.3526,0.3526,0.3526,0.3526,0.3526
320,0.3526,0.3526,0.3526,0.3526,0.3526,0.3526,0.3526,0.3526,0.3526,0.3526,0.3526,0.3526,0.3526
321,0.3526,0.3526,0.3526,0.3526,0.3526,0.3526,0.3526,0.3526,0.3526,0.3526,0.3526,0.3526,0.3526
322,0.3526,0.3526,0.3526,0.3526,0.3526,0.3526,0.3526,0.3526,0.3526,0.3526,0.3526,0.3526,0.3526
323,0.3526,0.3526,0.3526,0.3526,0.3526,0.3526,0.3526,0.3526,0.3526,0.3526,0.3526,0.3526,0.3526
324,0.3526,0.3526,0.3526,0.3526,0.3526,0.3526,0.3526,0.3526,0.3526,0.3526,0.3526,0.3526,0.3526
325,0.3526,0.3526,0.3526,0.3526,0.3526,0.3526,0.3526,0.3526,0.3526,0.3526,0.3526,0.3526,0.3526
326,0.3526,0.3526,0.3526,0.3526,0.3526,0.3526,0.3526,0.3526,0.3526,0.3526,0.3526,0.3526,0.3526
327,0.3526,0.3526,0.3526,0.3526,0.3526,0.3526,0.3526,0.3526,0.3526,0.3526,0.3526,0.3526,0.3526
328,0.3526,0.3526,0.3526,0.3526,0.3526,0.3526,0.3526,0.3526,0.3526,0.3526,0.3526,0.3526,0.3526
329,0.3526,0.3526,0.3526,0.3526,0.3526,0.3526,0.3526,0.3526,0.3526,0.3526,0.3526,0.3526,0.3526
330,0.3526,0.3526,0.3526,0.3526,0.3526,0.3526,0.3526,0.3526,0.3526,0.3526,0.3526,0.3526,0.3526
331,0.3526,0.3526,0.3526,0.3526,0.3526,0.3526,0.3526,0.3526,0.3526,0.3526,0.3526,0.3526,0.3526
332,0.3526,0.3526,0.3526,0.3526,0.3526,0.3526,0.3526,0.3526,0.3526,0.3526,0.3526,0.3526,0.3526
333,0.3526,0.3526,0.3526,0.3526,0.3526,0.3526,0.3526,0.3526,0.3526,0.3526,0.3526,0.3526,0.3526
334,0.3526,0.3526,0.3526,0.3526,0.3526,0.3526,0.3526,0.3526,0.3526,0.3526,0.3526,0.3526,0.3526
335,0.3526,0.3526,0.3526,0.3526,0.3526,0.3526,0.3526,0.3526,0.3526,0.3526,0.3526,0.3526,0.3526
336,0.3526,0.3526,0.3526,0.3526,0.3526,0.3526,0.3526,0.3526,0.3526,0.3526,0.3526,0.3526,0.3526
337,0.3526,0.3526,0.3526,0.3526,0.3526,0.3526,0.3526,0.3526,0.3526,0.3526,0.3526,0.3526,0.3526
338,0.3526,0.3526,0.3526,0.3526,0.3526,0.3526,0.3526,0.3526,0.3526,0.3526,0.3526,0.3526,0.3526
339,0.3526,0.3526,0.3526,0.3526,0.3526,0.3526,0.3526,0.3526,0.3526,0.3526,0.3526,0.3526,0.3526
340,0.3526,0.3526,0.3526,0.3526,0.3526,0.3526,0.3526,0.3526,0.3526,0.3526,0.3526,0.3526,0.3526
341,0.3526,0.3526,0.3526,0.3526,0.3526,0.3526,0.3526,0.3526,0.3526,0.3526,0.3526,0.3526,0.3526
342,0.3526,0.3526,0.3526,0.3526,0.3526,0.3526,0.3526,0.3526,0.3526,0.3526,0.3526,0.3526,0.3526
343,0.3526,0.3526,0.3526,0.3526,0.3526,0.3526,0.3526,0.3526,0.3526,0.3526,0.3526,0.3526,0.3526
344,0.3526,0.3526,0.3526,0.3526,0.3526,0.3526,0.3526,0.3526,0.3526,0.3526,0.3526,0.3526,0.3526
345,0.3526,0.3526,0.3526,0.3526,0.3526,0.3526,0.3526,0.3526,0.3526,0.3526,0.3526,0.3526,0.3526
346,0.3526,0.3526,0.3526,0.3526,0.3526,0.3526,0.3526,0.3526,0.3526,0.3526,0.3526,0.3526,0.3526
347,0.3526,0.3526,0.3526,0.3526,0.3526,0.3526,0.3526,0.3526,0.3526,0.3526,0.3526,0.3526,0.3526
348,0.3526,0.3526,0.3526,0.3526,0.3526,0.3526,0.3526,0.3526,0.3526,0.3526,0.3526,0.3526,0.3526
349,0.3526,0.3526,0.3526,0.3526,0.3526,0.3526,0.3526,0.3526,0.3526,0.3526,0.3526,0.3526,0.3526
350,0.3526,0.3526,0.3526,0.3526,0.3526,0.3526,0.3526,0.3526,0.3526,0.3526,0.3526,0.3526,0.3526
351,0.3526,0.3526,0.3526,0.3526,0.3526,0.3526,0.3526,0.3526,0.3526,0.3526,0.3526,0.3526,0.3526
352,0.3526,0.3526,0.3526,0.3526,0.3526,0.3526,0.3526,0.3526,0.3526,0.3526,0.3526,0.3526,0.3526
353,0.3526,0.3526,0.3526,0.3526,0.3526,0.3526,0.3526,0.3526,0.3526,0.3526,0.3526,0.3526,0.3526
354,0.3526,0.3526,0.3526,0.3526,0.3526,0.3526,0.3526,0.3526,0.3526,0.3526,0.3526,0.3526,0.3526
355,0.3526,0.3526,0.3526,0.3526,0.3526,0.3526,0.3526,0.3526,0.3526,0.3526,0.3526,0.3526,0.3526
356,0.3526,0.3526,0.3526,0.3526,0.3526,0.3526,0.3526,0.3526,0.3526,0.3526,0.3526,0.3526,0.3526
357,0.3526,0.3526,0.3526,0.3526,0.3526,0.3526,0.3526,0.3526,0.3526,0.3526,0.3526,0.3526,0.3526
358,0.3526,0.3526,0.3526,0.3526,0.3526,0.3526,0.3526,0.3526,0.3526,0.3526,0.3526,0.3526,0.3526
359,0.3526,0.3526,0.3526,0.3526,0.3526,0.3526,0.3526,0.3526,0.3526,0.3526,0.3526,0.3526,0.3526
360,0.3526,0.3526,0.3526,0.3526,0.3526,0.3526,0.3526,0.3526,0.3526,0.3526,0.3526,0.3526,0.3526
361,0.3526,0.3526,0.3526,0.3526,0.3526,0.3526,0.3526,0.3526,0.3526,0.3526,0.3526,0.3526,0.3526
362,0.3526,0.3526,0.3526,0.3526,0.3526,0.3526,0.3526,0.3526,0.3526,0.3526,0.3526,0.3526,0.3526
363,0.3526,0.3526,0.3526,0.3526,0.3526,0.3526,0.3526,0.3526,0.3526,0.3526,0.3526,0.3526,0.3526
364,0.3526,0.3526,0.3526,0.3526,0.3526,0.3526,0.3526,0.3526,0.3526,0.3526,0.3526,0.3526,0.3526
365,0.3526,0.3526,0.3526,0.3526,0.3526,0.3526,0.3526,0.3526,0.3526,0.3526,0.3526,0.3526,0.3526
366,0.3526,0.3526,0.3526,0.3526,0.3526,0.3526,0.3526,0.3526,0.3526,0.3526,0.3526,0.3526,0.3526
367,0.3526,0.3526,0.3526,0.3526,0.3526,0.3526,0.3526,0.3526,0.3526,0.3526,0.3526,0.3526,0.3526
368,0.3526,0.3526,0.3526,0.3526,0.3526,0.3526,0.3526,0.3526,0.3526,0.3526,0.3526,0.3526,0.3526
369,0.3526,0.3526,0.3526,0.3526,0.3526,0.3526,0.3526,0.3526,0.3526,0.3526,0.3526,0.3526,0.3526
370,0.3526,0.3526,0.3526,0.3526,0.3526,0.3526,0.3526,0.3526,0.3526,0.3526,0.3526,0.3526,0.3526
371,0.3526,0.3526,0.3526,0.3526,0.3526,0.3526,0.3526,0.3526,0.3526,0.3526,0.3526,0.3526,0.3526
372,0.3526,0.3526,0.3526,0.3526,0.3526,0.3526,0.3526,0.3526,0.3526,0.3526,0.3526,0.3526,0.3526
373,0.3526,0.3526,0.3526,0.3526,0.3526,0.3526,0.3526,0.3526,0.3526,0.3526,0.3526,0.3526,0.3526
374,0.3526,0.3526,0.3526,0.3526,0.3526,0.3526,0.3526,0.3526,0.3526,0.3526,0.3526,0.3526,0.3526
375,0.3526,0.3526,0.3526,0.3526,0.3526,0.3526,0.3526,0.3526,0.3526,0.3526,0.3526,0.3526,0.3526
376,0.3526,0.3526,0.3526,0.3526,0.3526,0.3526,0.3526,0.3526,0.3526,0.3526,0.3526,0.3526,0.3526
377,0.3526,0.3526,0.3526,0.3526,0.3526,0.3526,0.3526,0.3526,0.3526,0.3526,0.3526,0.3526,0.3526
378,0.3526,0.3526,0.3526,0.3526,0.3526,0.3526,0.3526,0.3526,0.3526,0.3526,0.3526,0.3526,0.3526
379,0.3526,0.3526,0.3526,0.3526,0.3526,0.3526,0.3526,0.3526,0.3526,0.3526,0.3526,0.3526,0.3526
380,0.3526,0.3526,0.3526,0.3526,0.3526,0.3526,0.3526,0.3526,0.3526,0.3526,0.3526,0.3526,0.3526
381,0.3526,0.3526,0.3526,0.3526,0.3526,0.3526,0.3526,0.3526,0.3526,0.3526,0.3526,0.3526,0.3526
382,0.3526,0.3526,0.3526,0.3526,0.3526,0.3526,0.3526,0.3526,0.3526,0.3526,0.3526,0.3526,0.3526
383,0.3526,0.3526,0.3526,0.3526,0.3526,0.3526,0.3526,0.3526,0.3526,0.3526,0.3526,0.3526,0.3526
384,0.3526,0.3526,0.3526,0.3526,0.3526,0.3526,0.3526,0.3526,0.3526,0.3526,0.3526,0.3526,0.3526
385,0.3526,0.3526,0.3526,0.3526,0.3526,0.3526,0.3526,0.3526,0.3526,0.3526,0.3526,0.3526,0.3526
386,0.3526,0.3526,0.3526,0.3526,0.3526,0.3526,0.3526,0.3526,0.3526,0.3526,0.3526,0.3526,0.3526
387,0.3526,0.3526,0.3526,0.3526,0.3526,0.3526,0.3526,0.3526,0.3526,0.3526,0.3526,0.3526,0.3526
388,0.3526,0.3526,0.3526,0.3526,0.3526,0.3526,0.3526,0.3526,0.3526,0.3526,0.3526,0.3526,0.3526
389,0.3526,0.3526,0.3526,0.3526,0.3526,0.3526,0.3526,0.3526,0.3526,0.3526,0.3526,0.3526,0.3526
390,0.3526,0.3526,0.3526,0.3526,0.3526,0.3526,0.3526,0.3526,0.3526,0.3526,0.3526,0.3526,0.3526
391,0.3526,0.3526,0.3526,0.3526,0.3526,0.3526,0.3526,0.3526,0.3526,0.3526,0.3526,0.3526,0.3526
392,0.3526,0.3526,0.3526,0.3526,0.3526,0.3526,0.3526,0.3526,0.3526,0.3526,0.3526,0.3526,0.3526
393,0.3526,0.3526,0.3526,0.3526,0.3526,0.3526,0.3526,0.3526,0.3526,0.3526,0.3526,0.3526,0.3526
394,0.3526,0.3526,0.3526,0.3526,0.3526,0.3526,0.3526,0.3526,0.3526,0.3526,0.3526,0.3526,0.3526
395,0.3526,0.3526,0.3526,0.3526,0.3526,0.3526,0.3526,0.3526,0.3526,0.3526,0.3526,0.3526,0.3526
396,0.3526,0.3526,0.3526,0.3526,0.3526,0.3526,0.3526,0.3526,0.3526,0.3526,0.3526,0.3526,0.3526
397,0.3526,0.3526,0.3526,0.3526,0.3526,0.3526,0.3526,0.3526,0.3526,0.3526,0.3526,0.3526,0.3526
398,0.3526,0.3526,0.3526,0.3526,0.3526,0.3526,0.3526,0.3526,0.3526,0.3526,0.3526,0.3526,0.3526
399,0.3526,0.3526,0.3526,0.3526,0.3526,0.3526,0.3526,0.3526,0.3526,0.3526,0.3526,0.3526,0.3526
400,0.3526,0.3526,0.3526,0.3526,0.3526,0.3526,0.3526,0.3526,0.3526,0.3526,0.3526,0.3526,0.3526
401,0.3526,0.3526,0.3526,0.3526,0.3526,0.3526,0.3526,0.3526,0.3526,0.3526,0.3526,0.3526,0.3526
402,0.3526,0.3526,0.3526,0.3526,0.3526,0.3526,0.3526,0.3526,0.3526,0.3526,0.3526,0.3526,0.3526
403,0.3526,0.3526,0.3526,0.3526,0.3526,0.3526,0.3526,0.3526,0.3526,0.3526,0.3526,0.3526,0.3526
404,0.3526,0.3526,0.3526,0.3526,0.3526,0.3526,0.3526,0.3526,0.3526,0.3526,0.3526,0.3526,0.3526
405,0.3526,0.3526,0.3526,0.3526,0.3526,0.3526,0.3526,0.3526,0.3526,0.3526,0.3526,0.3526,0.3526
406,0.3526,0.3526,0.3526,0.3526,0.3526,0.3526,0.3526,0.3526,0.3526,0.3526,0.3526,0.3526,0.3526
407,0.3526,0.3526,0.3526,0.3526,0.3526,0.3526,0.3526,0.3526,0.3526,0.3526,0.3526,0.3526,0.3526
408,0.3526,0.3526,0.3526,0.3526,0.3526,0.3526,0.3526,0.3526,0.3526,0.3526,0.3526,0.3526,0.3526
409,0.3526,0.3526,0.3526,0.3526,0.3526,0.3526,0.3526,0.3526,0.3526,0.3526,0.3526,0.3526,0.3526
410,0.3526,0.3526,0.3526,0.3526,0.3526,0.3526,0.3526,0.3526,0.3526,0.3526,0.3526,0.3526,0.3526
411,0.3526,0.3526,0.3526,0.3526,0.3526,0.3526,0.3526,0.3526,0.3526,0.3526,0.3526,0.3526,0.3526
412,0.3526,0.3526,0.3526,0.3526,0.3526,0.3526,0.3526,0.3526,0.3526,0.3526,0.3526,0.3526,0.3526
413,0.3526,0.3526,0.3526,0.3526,0.3526,0.3526,0.3526,0.3526,0.3526,0.3526,0.3526,0.3526,0.3526
414,0.3526,0.3526,0.3526,0.3526,0.3526,0.3526,0.3526,0.3526,0.3526,0.3526,0.3526,0.3526,0.3526
415,0.3526,0.3526,0.3526,0.3526,0.3526,0.3526,0.3526,0.3526,0.3526,0.3526,0.3526,0.3526,0.3526
416,0.3526,0.3526,0.3526,0.3526,0.3526,0.3526,0.3526,0.3526,0.3526,0.3526,0.3526,0.3526,0.3526
417,0.3526,0.3526,0.3526,0.3526,0.3526,0.3526,0.3526,0.3526,0.3526,0.3526,0.3526,0.3526,0.3526
418,0.3526,0.3526,0.3526,0.3526,0.3526,0.3526,0.3526,0.3526,0.3526,0.3526,0.3526,0.3526,0.3526
419,0.3526,0.3526,0.3526,0.3526,0.3526,0.3526,0.3526,0.3526,0.3526,0.3526,0.3526,0.3526,0.3526
420,0.3526,0.3526,0.3526,0.3526,0.3526,0.3526,0.3526,0.3526,0.3526,0.3526,0.3526,0.3526,0.3526
421,0.3526,0.3526,0.3526,0.3526,0.3526,0.3526,0.3526,0.3526,0.3526,0.3526,0.3526,0.3526,0.3526
422,0.3526,0.3526,0.3526,0.3526,0.3526,0.3526,0.3526,0.3526,0.3526,0.3526,0.3526,0.3526,0.3526
423,0.3526,0.3526,0.3526,0.3526,0.3526,0.3526,0.3526,0.3526,0.3526,0.3526,0.3526,0.3526,0.3526
424,0.3526,0.3526,0.3526,0.3526,0.3526,0.3526,0.3526,0.3526,0.3526,0.3526,0.3526,0.3526,0.3526
425,0.3526,0.3526,0.3526,0.3526,0.3526,0.3526,0.3526,0.3526,0.3526,0.3526,0.3526,0.3526,0.3526
426,0.3526,0.3526,0.3526,0.3526,0.3526,0.3526,0.3526,0.3526,0.3526,0.3526,0.3526,0.3526,0.3526
427,0.3526,0.3526,0.3526,0.3526,0.3526,0.3526,0.3526,0.3526,0.3526,0.3526,0.3526,0.3526,0.3526
428,0.3526,0.3526,0.3526,0.3526,0.3526,0.3526,0.3526,0.3526,0.3526,0.3526,0.3526,0.3526,0.3526
429,0.3526,0.3526,0.3526,0.3526,0.3526,0.3526,0.3526,0.3526,0.3526,0.3526,0.3526,0.3526,0.3526
430,0.3526,0.3526,0.3526,0.3526,0.3526,0.3526,0.3526,0.3526,0.3526,0.3526,0.3526,0.3526,0.3526
431,0.3526,0.3526,0.3526,0.3526,0.3526,0.3526,0.3526,0.3526,0.3526,0.3526,0.3526,0.3526,0.3526
432,0.3526,0.3526,0.3526,0.3526,0.3526,0.3526,0.3526,0.3526,0.3526,0.3526,0.3526,0.3526,0.3526
433,0.3526,0.3526,0.3526,0.3526,0.3526,0.3526,0.3526,0.3526,0.3526,0.3526,0.3526,0.3526,0.3526
434,0.3526,0.3526,0.3526,0.3526,0.3526,0.3526,0.3526,0.3526,0.3526,0.3526,0.3526,0.3526,0.3526
435,0.3526,0.3526,0.3526,0.3526,0.3526,0.3526,0.3526,0.3526,0.3526,0.3526,0.3526,0.3526,0.3526
436,0.3526,0.3526,0.3526,0.3526,0.3526,0.3526,0.3526,0.3526,0.3526,0.3526,0.3526,0.3526,0.3526
437,0.3526,0.3526,0.3526,0.3526,0.3526,0.3526,0.3526,0.3526,0.3526,0.3526,0.3526,0.3526,0.3526
438,0.3526,0.3526,0.3526,0.3526,0.3526,0.3526,0.3526,0.3526,0.3526,0.3526,0.3526,0.3526,0.3526
439,0.3526,0.3526,0.3526,0.3526,0.3526,0.3526,0.3526,0.3526,0.3526,0.3526,0.3526,0.3526,0.3526
440,0.3526,0.3526,0.3526,0.3526,0.3526,0.3526,0.3526,0.3526,0.3526,0.3526,0.3526,0.3526,0.3526
441,0.3526,0.3526,0.3526,0.3526,0.3526,0.3526,0.3526,0.3526,0.3526,0.3526,0.3526,0.3526,0.3526
442,0.3526,0.3526,0.3526,0.3526,0.3526,0.3526,0.3526,0.3526,0.3526,0.3526,0.3526,0.3526,0.3526
443,0.3526,0.3526,0.3526,0.3526,0.3526,0.3526,0.3526,0.3526,0.3526,0.3526,0.3526,0.3526,0.3526
444,0.3526,0.3526,0.3526,0.3526,0.3526,0.3526,0.3526,0.3526,0.3526,0.3526,0.3526,0.3526,0.3526
445,0.3526,0.3526,0.3526,0.3526,0.3526,0.3526,0.3526,0.3526,0.3526,0.3526,0.3526,0.3526,0.3526
446,0.3526,0.3526,0.3526,0.3526,0.3526,0.3526,0.3526,0.3526,0.3526,0.3526,0.3526,0.3526,0.3526
447,0.3526,0.3526,0.3526,0.3526,0.3526,0.3526,0.3526,0.3526,0.3526,0.3526,0.3526,0.3526,0.3526
448,0.3526,0.3526,0.3526,0.3526,0.3526,0.3526,0.3526,0.3526,0.3526,0.3526,0.3526,0.3526,0.3526
449,0.3526,0.3526,0.3526,0.3526,0.3526,0.3526,0.3526,0.3526,0.3526,0.3526,0.3526,0.3526,0.3526
450,0.3526,0.3526,0.3526,0.3526,0.3526,0.3526,0.3526,0.3526,0.3526,0.3526,0.3526,0.3526,0.3526
451,0.3526,0.3526,0.3526,0.3526,0.3526,0.3526,0.3526,0.3526,0.3526,0.3526,0.3526,0.3526,0.3526
452,0.3526,0.3526,0.3526,0.3526,0.3526,0.3526,0.3526,0.3526,0.3526,0.3526,0.3526,0.3526,0.3526
453,0.3526,0.3526,0.3526,0.3526,0.3526,0.3526,0.3526,0.3526,0.3526,0.3526,0.3526,0.3526,0.3526
454,0.3526,0.3526,0.3526,0.3526,0.3526,0.3526,0.3526,0.3526,0.3526,0.3526,0.3526,0.3526,0.3526
455,0.3526,0.3526,0.3526,0.3526,0.3526,0.3526,0.3526,0.3526,0.3526,0.3526,0.3526,0.3526,0.3526
456,0.3526,0.3526,0.3526,0.3526,0.3526,0.3526,0.3526,0.3526,0.3526,0.3526,0.3526,0.3526,0.3526
457,0.3526,0.3526,0.3526,0.3526,0.3526,0.3526,0.3526,0.3526,0.3526,0.3526,0.3526,0.3526,0.3526
458,0.3526,0.3526,0.3526,0.3526,0.3526,0.3526,0.3526,0.3526,0.3526,0.3526,0.3526,0.3526,0.3526
459,0.3526,0.3526,0.3526,0.3526,0.3526,0.3526,0.3526,0.3526,0.3526,0.3526,0.3526,0.3526,0.3526
460,0.3526,0.3526,0.3526,0.3526,0.3526,0.3526,0.3526,0.3526,0.3526,0.3526,0.3526,0.3526,0.3526
461,0.3526,0.3526,0.3526,0.3526,0.3526,0.3526,0.3526,0.3526,0.3526,0.3526,0.3526,0.3526,0.3526
462,0.3526,0.3526,0.3526,0.3526,0.3526,0.3526,0.3526,0.3526,0.3526,0.3526,0.3526,0.3526,0.3526
463,0.3526,0.3526,0.3526,0.3526,0.3526,0.3526,0.3526,0.3526,0.3526,0.3526,0.3526,0.3526,0.3526
464,0.3526,0.3526,0.3526,0.3526,0.3526,0.3526,0.3526,0.3526,0.3526,0.3526,0.3526,0.3526,0.3526
465,0.3526,0.3526,0.3526,0.3526,0.3526,0.3526,0.3526,0.3526,0.3526,0.3526,0.3526,0.3526,0.3526
466,0.3526,0.3526,0.3526,0.3526,0.3526,0.3526,0.3526,0.3526,0.3526,0.3526,0.3526,0.3526,0.3526
467,0.3526,0.3526,0.3526,0.3526,0.3526,0.3526,0.3526,0.3526,0.3526,0.3526,0.3526,0.3526,0.3526
468,0.3526,0.3526,0.3526,0.3526,0.3526,0.3526,0.3526,0.3526,0.3526,0.3526,0.3526,0.3526,0.3526
469,0.3526,0.3526,0.3526,0.3526,0.3526,0.3526,0.3526,0.3526,0.3526,0.3526,0.3526,0.3526,0.3526
470,0.3526,0.3526,0.3526,0.3526,0.3526,0.3526,0.3526,0.3526,0.3526,0.3526,0.3526,0.3526,0.3526
471,0.3526,0.3526,0.3526,0.3526,0.3526,0.3526,0.3526,0.3526,0.3526,0.3526,0.3526,0.3526,0.3526
472,0.3526,0.3526,0.3526,0.3526,0.3526,0.3526,0.3526,0.3526,0.3526,0.3526,0.3526,0.3526,0.3526
473,0.3526,0.3526,0.3526,0.3526,0.3526,0.3526,0.3526,0.3526,0.3526,0.3526,0.3526,0.3526,0.3526
474,0.3526,0.3526,0.3526,0.3526,0.3526,0.3526,0.3526,0.3526,0.3526,0.3526,0.3526,0.3526,0.3526
475,0.3526,0.3526,0.3526,0.3526,0.3526,0.3526,0.3526,0.3526,0.3526,0.3526,0.3526,0.3526,0.3526
476,0.3526,0.3526,0.3526,0.3526,0.3526,0.3526,0.3526,0.3526,0.3526,0.3526,0.3526,0.3526,0.3526
477,0.3526,0.3526,0.3526,0.3526,0.3526,0.3526,0.3526,0.3526,0.3526,0.3526,0.3526,0.3526,0.3526
478,0.3526,0.3526,0.3526,0.3526,0.3526,0.3526,0.3526,0.3526,0.3526,0.3526,0.3526,0.3526,0.3526
479,0.3526,0.3526,0.3526,0.3526,0.3526,0.3526,0.3526,0.3526,0.3526,0.3526,0.3526,0.3526,0.3526
480,0.3526,0.3526,0.3526,0.3526,0.3526,0.3526,0.3526,0.3526,0.3526,0.3526,0.3526,0.3526,0.3526
481,0.3526,0.3526,0.3526,0.3526,0.3526,0.3526,0.3526,0.3526,0.3526,0.3526,0.3526,0.3526,0.3526
482,0.3526,0.3526,0.3526,0.3526,0.3526,0.3526,0.3526,0.3526,0.3526,0.3526,0.3526,0.3526,0.3526
483,0.3526,0.3526,0.3526,0.3526,0.3526,0.3526,0.3526,0.3526,0.3526,0.3526,0.3526,0.3526,0.3526
484,0.3526,0.3526,0.3526,0.3526,0.3526,0.3526,0.3526,0.3526,0.3526,0.3526,0.3526,0.3526,0.3526
485,0.3526,0.3526,0.3526,0.3526,0.3526,0.3526,0.3526,0.3526,0.3526,0.3526,0.3526,0.3526,0.3526
486,0.3526,0.3526,0.3526,0.3526,0.3526,0.3526,0.3526,0.3526,0.3526,0.3526,0.3526,0.3526,0.3526
487,0.3526,0.3526,0.3526,0.3526,0.3526,0.3526,0.3526,0.3526,0.3526,0.3526,0.3526,0.3526,0.3526
488,0.3526,0.3526,0.3526,0.3526,0.3526,0.3526,0.3526,0.3526,0.3526,0.3526,0.3526,0.3526,0.3526
489,0.3526,0.3526,0.3526,0.3526,0.3526,0.3526,0.3526,0.3526,0.3526,0.3526,0.3526,0.3526,0.3526
490,0.3526,0.3526,0.3526,0.3526,0.3526,0.3526,0.3526,0.3526,0.3526,0.3526,0.3526,0.3526,0.3526
491,0.3526,0.3526,0.3526,0.3526,0.3526,0.3526,0.3526,0.3526,0.3526,0.3526,0.3526,0.3526,0.3526
492,0.3526,0.3526,0.3526,0.3526,0.3526,0.3526,0.3526,0.3526,0.3526,0.3526,0.3526,0.3526,0.3526
493,0.3526,0.3526,0.3526,0.3526,0.3526,0.3526,0.3526,0.3526,0.3526,0.3526,0.3526,0.3526,0.3526
494,0.3526,0.3526,0.3526,0.3526,0.3526,0.3526,0.3526,0.3526,0.3526,0.3526,0.3526,0.3526,0.3526
495,0.3526,0.3526,0.3526,0.3526,0.3526,0.3526,0.3526,0.3526,0.3526,0.3526,0.3526,0.3526,0.3526
496,0.3526,0.3526,0.3526,0.3526,0.3526,0.3526,0.3526,0.3526,0.3526,0.3526,0.3526,0.3526,0.3526
497,0.3526,0.3526,0.3526,0.3526,0.3526,0.3526,0.3526,0.3526,0.3526,0.3526,0.3526,0.3526,0.3526
498,0.3526,0.3526,0.3526,0.3526,0.3526,0.3526,0.3526,0.3526,0.3526,0.3526,0.3526,0.3526,0.3526
499,0.3526,0.3526,0.3526,0.3526,0.3526,0.3526,0.3526,0.3526,0.3526,0.3526,0.3526,0.3526,0.3526
500,0.3526,0.3526,0.3526,0.3526,0.3526,0.3526,0.3526,0.3526,0.3526,0.3526,0.3526,0.3526,0.3526
501,0.3526,0.3526,0.3526,0.3526,0.3526,0.3526,0.3526,0.3526,0.3526,0.3526,0.3526,0.3526,0.3526
502,0.3526,0.3526,0.3526,0.3526,0.3526,0.3526,0.3526,0.3526,0.3526,0.3526,0.3526,0.3526,0.3526
503,0.3526,0.3526,0.3526,0.3526,0.3526,0.3526,0.3526,0.3526,0.3526,0.3526,0.3526,0.3526,0.3526
504,0.3526,0.3526,0.3526,0.3526,0.3526,0.3526,0.3526,0.3526,0.3526,0.3526,0.3526,0.3526,0.3526
505,0.3526,0.3526,0.3526,0.3526,0.3526,0.3526,0.3526,0.3526,0.3526,0.3526,0.3526,0.3526,0.3526
506,0.3526,0.3526,0.3526,0.3526,0.3526,0.3526,0.3526,0.3526,0.3526,0.3526,0.3526,0.3526,0.3526
507,0.3526,0.3526,0.3526,0.3526,0.3526,0.3526,0.3526,0.3526,0.3526,0.3526,0.3526,0.3526,0.3526
508,0.3526,0.3526,0.3526,0.3526,0.3526,0.3526,0.3526,0.3526,0.3526,0.3526,0.3526,0.3526,0.3526
509,0.3526,0.3526,0.3526,0.3526,0.3526,0.3526,0.3526,0.3526,0.3526,0.3526,0.3526,0.3526,0.3526
510,0.3526,0.3526,0.3526,0.3526,0.3526,0.3526,0.3526,0.3526,0.3526,0.3526,0.3526,0.3526,0.3526
511,0.3526,0.3526,0.3526,0.3526,0.3526,0.3526,0.3526,0.3526,0.3526,0.3526,0.3526,0.3526,0.3526
512,0.3526,0.3526,0.3526,0.3526,0.3526,0.3526,0.3526,0.3526,0.3526,0.3526,0.3526,0.3526,0.3526
513,0.3526,0.3526,0.3526,0.3526,0.3526,0.3526,0.3526,0.3526,0.3526,0.3526,0.3526,0.3526,0.3526
514,0.3526,0.3526,0.3526,0.3526,0.3526,0.3526,0.3526,0.3526,0.3526,0.3526,0.3526,0.3526,0.3526
515,0.3526,0.3526,0.3526,0.3526,0.3526,0.3526,0.3526,0.3526,0.3526,0.3526,0.3526,0.3526,0.3526
516,0.3526,0.3526,0.3526,0.3526,0.3526,0.3526,0.3526,0.3526,0.3526,0.3526,0.3526,0.3526,0.3526
517,0.3526,0.3526,0.3526,0.3526,0.3526,0.3526,0.3526,0.3526,0.3526,0.3526,0.3526,0.3526,0.3526
518,0.3526,0.3526,0.3526,0.3526,0.3526,0.3526,0.3526,0.3526,0.3526,0.3526,0.3526,0.3526,0.3526
519,0.3526,0.3526,0.3526,0.3526,0.3526,0.3526,0.3526,0.3526,0.3526,0.3526,0.3526,0.3526,0.3526
520,0.3526,0.3526,0.3526,0.3526,0.3526,0.3526,0.3526,0.3526,0.3526,0.3526,0.3526,0.3526,0.3526
521,0.3526,0.3526,0.3526,0.3526,0.3526,0.3526,0.3526,0.3526,0.3526,0.3526,0.3526,0.3526,0.3526
522,0.3526,0.3526,0.3526,0.3526,0.3526,0.3526,0.3526,0.3526,0.3526,0.3526,0.3526,0.3526,0.3526
523,0.3526,0.3526,0.3526,0.3526,0.3526,0.3526,0.3526,0.3526,0.3526,0.3526,0.3526,0.3526,0.3526
524,0.3526,0.3526,0.3526,0.3526,0.3526,0.3526,0.3526,0.3526,0.3526,0.3526,0.3526,0.3526,0.3526
525,0.3526,0.3526,0.3526,0.3526,0.3526,0.3526,0.3526,0.3526,0.3526,0.3526,0.3526,0.3526,0.3526
526,0.3526,0.3526,0.3526,0.3526,0.3526,0.3526,0.3526,0.3526,0.3526,0.3526,0.3526,0.3526,0.3526
527,0.3526,0.3526,0.3526,0.3526,0.3526,0.3526,0.3526,0.3526,0.3526,0.3526,0.3526,0.3526,0.3526
528,0.3526,0.3526,0.3526,0.3526,0.3526,0.3526,0.3526,0.3526,0.3526,0.3526,0.3526,0.3526,0.3526
529,0.3526,0.3526,0.3526,0.3526,0.3526,0.3526,0.3526,0.3526,0.3526,0.3526,0.3526,0.3526,0.3526
530,0.3526,0.3526,0.3526,0.3526,0.3526,0.3526,0.3526,0.3526,0.3526,0.3526,0.3526,0.3526,0.3526
531,0.3526,0.3526,0.3526,0.3526,0.3526,0.3526,0.3526,0.3526,0.3526,0.3526,0.3526,0.3526,0.3526
532,0.3526,0.3526,0.3526,0.3526,0.3526,0.3526,0.3526,0.3526,0.3526,0.3526,0.3526,0.3526,0.3526
533,0.3526,0.3526,0.3526,0.3526,0.3526,0.3526,0.3526,0.3526,0.3526,0.3526,0.3526,0.3526,0.3526
534,0.3526,0.3526,0.3526,0.3526,0.3526,0.3526,0.3526,0.3526,0.3526,0.3526,0.3526,0.3526,0.3526
535,0.3526,0.3526,0.3526,0.3526,0.3526,0.3526,0.3526,0.3526,0.3526,0.3526,0.3526,0.3526,0.3526
536,0.3526,0.3526,0.3526,0.3526,0.3526,0.3526,0.3526,0.3526,0.3526,0.3526,0.3526,0.3526,0.3526
537,0.3526,0.3526,0.3526,0.3526,0.3526,0.3526,0.3526,0.3526,0.3526,0.3526,0.3526,0.3526,0.3526
538,0.3526,0.3526,0.3526,0.3526,0.3526,0.3526,0.3526,0.3526,0.3526,0.3526,0.3526,0.3526,0.3526
539,0.3526,0.3526,0.3526,0.3526,0.3526,0.3526,0.3526,0.3526,0.3526,0.3526,0.3526,0.3526,0.3526
540,0.3526,0.3526,0.3526,0.3526,0.3526,0.3526,0.3526,0.3526,0.3526,0.3526,0.3526,0.3526,0.3526
541,0.3526,0.3526,0.3526,0.3526,0.3526,0.3526,0.3526,0.3526,0.3526,0.3526,0.3526,0.3526,0.3526
542,0.3526,0.3526,0.3526,0.3526,0.3526,0.3526,0.3526,0.3526,0.3526,0.3526,0.3526,0.3526,0.3526
543,0.3526,0.3526,0.3526,0.3526,0.3526,0.3526,0.3526,0.3526,0.3526,0.3526,0.3526,0.3526,0.3526
544,0.3526,0.3526,0.3526,0.3526,0.3526,0.3526,0.3526,0.3526,0.3526,0.3526,0.3526,0.3526,0.3526
545,0.3526,0.3526,0.3526,0.3526,0.3526,0.3526,0.3526,0.3526,0.3526,0.3526,0.3526,0.3526,0.3526
546,0.3526,0.3526,0.3526,0.3526,0.3526,0.3526,0.3526,0.3526,0.3526,0.3526,0.3526,0.3526,0.3526
547,0.3526,0.3526,0.3526,0.3526,0.3526,0.3526,0.3526,0.3526,0.3526,0.3526,0.3526,0.3526,0.3526
548,0.3526,0.3526,0.3526,0.3526,0.3526,0.3526,0.3526,0.3526,0.3526,0.3526,0.3526,0.3526,0.3526
549,0.3526,0.3526,0.3526,0.3526,0.3526,0.3526,0.3526,0.3526,0.3526,0.3526,0.3526,0.3526,0.3526
550,0.3526,0.3526,0.3526,0.3526,0.3526,0.3526,0.3526,0.3526,0.3526,0.3526,0.3526,0.3526,0.3526
551,0.3526,0.3526,0.3526,0.3526,0.3526,0.3526,0.3526,0.3526,0.3526,0.3526,0.3526,0.3526,0.3526
552,0.3526,0.3526,0.3526,0.3526,0.3526,0.3526,0.3526,0.3526,0.3526,0.3526,0.3526,0.3526,0.3526
553,0.3526,0.3526,0.3526,0.3526,0.3526,0.3526,0.3526,0.3526,0.3526,0.3526,0.3526,0.3526,0.3526
554,0.3526,0.3526,0.3526,0.3526,0.3526,0.3526,0.3526,0.3526,0.3526,0.3526,0.3526,0.3526,0.3526
555,0.3526,0.3526,0.3526,0.3526,0.3526,0.3526,0.3526,0.3526,0.3526,0.3526,0.3526,0.3526,0.3526
556,0.3526,0.3526,0.3526,0.3526,0.3526,0.3526,0.3526,0.3526,0.3526,0.3526,0.3526,0.3526,0.3526
557,0.3526,0.3526,0.3526,0.3526,0.3526,0.3526,0.3526,0.3526,0.3526,0.3526,0.3526,0.3526,0.3526
558,0.3526,0.3526,0.3526,0.3526,0.3526,0.3526,0.3526,0.3526,0.3526,0.3526,0.3526,0.3526,0.3526
559,0.3526,0.3526,0.3526,0.3526,0.3526,0.3526,0.3526,0.3526,0.3526,0.3526,0.3526,0.3526,0.3526
560,0.3526,0.3526,0.3526,0.3526,0.3526,0.3526,0.3526,0.3526,0.3526,0.3526,0.3526,0.3526,0.3526
561,0.3526,0.3526,0.3526,0.3526,0.3526,0.3526,0.3526,0.3526,0.3526,0.3526,0.3526,0.3526,0.3526
562,0.3526,0.3526,0.3526,0.3526,0.3526,0.3526,0.3526,0.3526,0.3526,0.3526,0.3526,0.3526,0.3526
563,0.3526,0.3526,0.3526,0.3526,0.3526,0.3526,0.3526,0.3526,0.3526,0.3526,0.3526,0.3526,0.3526
564,0.3526,0.3526,0.3526,0.3526,0.3526,0.3526,0.3526,0.3526,0.3526,0.3526,0.3526,0.3526,0.3526
565,0.3526,0.3526,0.3526,0.3526,0.3526,0.3526,0.3526,0.3526,0.3526,0.3526,0.3526,0.3526,0.3526
566,0.3526,0.3526,0.3526,0.3526,0.3526,0.3526,0.3526,0.3526,0.3526,0.3526,0.3526,0.3526,0.3526
567,0.3526,0.3526,0.3526,0.3526,0.3526,0.3526,0.3526,0.3526,0.3526,0.3526,0.3526,0.3526,0.3526
568,0.3526,0.3526,0.3526,0.3526,0.3526,0.3526,0.3526,0.3526,0.3526,0.3526,0.3526,0.3526,0.3526
569,0.3526,0.3526,0.3526,0.3526,0.3526,0.3526,0.3526,0.3526,0.3526,0.3526,0.3526,0.3526,0.3526
570,0.3526,0.3526,0.3526,0.3526,0.3526,0.3526,0.3526,0.3526,0.3526,0.3526,0.3526,0.3526,0.3526
571,0.3526,0.3526,0.3526,0.3526,0.3526,0.3526,0.3526,0.3526,0.3526,0.3526,0.3526,0.3526,0.3526
572,0.3526,0.3526,0.3526,0.3526,0.3526,0.3526,0.3526,0.3526,0.3526,0.3526,0.3526,0.3526,0.3526
573,0.3526,0.3526,0.3526,0.3526,0.3526,0.3526,0.3526,0.3526,0.3526,0.3526,0.3526,0.3526,0.3526
574,0.3526,0.3526,0.3526,0.3526,0.3526,0.3526,0.3526,0.3526,0.3526,0.3526,0.3526,0.3526,0.3526
575,0.3526,0.3526,0.3526,0.3526,0.3526,0.3526,0.3526,0.3526,0.3526,0.3526,0.3526,0.3526,0.3526
576,0.3526,0.3526,0.3526,0.3526,0.3526,0.3526,0.3526,0.3526,0.3526,0.3526,0.3526,0.3526,0.3526
577,0.3526,0.3526,0.3526,0.3526,0.3526,0.3526,0.3526,0.3526,0.3526,0.3526,0.3526,0.3526,0.3526
578,0.3526,0.3526,0.3526,0.3526,0.3526,0.3526,0.3526,0.3526,0.3526,0.3526,0.3526,0.3526,0.3526
579,0.3526,0.3526,0.3526,0.3526,0.3526,0.3526,0.3526,0.3526,0.3526,0.3526,0.3526,0.3526,0.3526
580,0.3526,0.3526,0.3526,0.3526,0.3526,0.3526,0.3526,0.3526,0.3526,0.3526,0.3526,0.3526,0.3526
581,0.3526,0.3526,0.3526,0.3526,0.3526,0.3526,0.3526,0.3526,0.3526,0.3526,0.3526,0.3526,0.3526
582,0.3526,0.3526,0.3526,0.3526,0.3526,0.3526,0.3526,0.3526,0.3526,0.3526,0.3526,0.3526,0.3526
583,0.3526,0.3526,0.3526,0.3526,0.3526,0.3526,0.3526,0.3526,0.3526,0.3526,0.3526,0.3526,0.3526
584,0.3526,0.3526,0.3526,0.3526,0.3526,0.3526,0.3526,0.3526,0.3526,0.3526,0.3526,0.3526,0.3526
585,0.3526,0.3526,0.3526,0.3526,0.3526,0.3526,0.3526,0.3526,0.3526,0.3526,0.3526,0.3526,0.3526
586,0.3526,0.3526,0.3526,0.3526,0.3526,0.3526,0.3526,0.3526,0.3526,0.3526,0.3526,0.3526,0.3526
587,0.3526,0.3526,0.3526,0.3526,0.3526,0.3526,0.3526,0.3526,0.3526,0.3526,0.3526,0.3526,0.3526
588,0.3526,0.3526,0.3526,0.3526,0.3526,0.3526,0.3526,0.3526,0.3526,0.3526,0.3526,0.3526,0.3526
589,0.3526,0.3526,0.3526,0.3526,0.3526,0.3526,0.3526,0.3526,0.3526,0.3526,0.3526,0.3526,0.3526
590,0.3526,0.3526,0.3526,0.3526,0.3526,0.3526,0.3526,0.3526,0.3526,0.3526,0.3526,0.3526,0.3526
591,0.3526,0.3526,0.3526,0.3526,0.3526,0.3526,0.3526,0.3526,0.3526,0.3526,0.3526,0.3526,0.3526
592,0.3526,0.3526,0.3526,0.3526,0.3526,0.3526,0.3526,0.3526,0.3526,0.3526,0.3526,0.3526,0.3526
593,0.3526,0.3526,0.3526,0.3526,0.3526,0.3526,0.3526,0.3526,0.3526,0.3526,0.3526,0.3526,0.3526
594,0.3526,0.3526,0.3526,0.3526,0.3526,0.3526,0.3526,0.3526,0.3526,0.3526,0.3526,0.3526,0.3526
595,0.3526,0.3526,0.3526,0.3526,0.3526,0.3526,0.3526,0.3526,0.3526,0.3526,0.3526,0.3526,0.3526
596,0.3526,0.3526,0.3526,0.3526,0.3526,0.3526,0.3526,0.3526,0.3526,0.3526,0.3526,0.3526,0.3526
597,0.3526,0.3526,0.3526,0.3526,0.3526,0.3526,0.3526,0.3526,0.3526,0.3526,0.3526,0.3526,0.3526
598,0.3526,0.3526,0.3526,0.3526,0.3526,0.3526,0.3526,0.3526,0.3526,0.3526,0.3526,0.3526,0.3526
599,0.3526,0.3526,0.3526,0.3526,0.3526,0.3526,0.3526,0.3526,0.3526,0.3526,0.3526,0.3526,0.3526
600,0.3526,0.3526,0.3526,0.3526,0.3526,0.3526,0.3526,0.3526,0.3526,0.3526,0.3526,0.3526,0.3526
601,0.3526,0.3526,0.3526,0.3526,0.3526,0.3526,0.3526,0.3526,0.3526,0.3526,0.3526,0.3526,0.3526
602,0.3526,0.3526,0.3526,0.3526,0.3526,0.3526,0.3526,0.3526,0.3526,0.3526,0.3526,0.3526,0.3526
603,0.3526,0.3526,0.3526,0.3526,0.3526,0.3526,0.3526,0.3526,0.3526,0.3526,0.3526,0.3526,0.3526
604,0.3526,0.3526,0.3526,0.3526,0.3526,0.3526,0.3526,0.3526,0.3526,0.3526,0.3526,0.3526,0.3526
605,0.3526,0.3526,0.3526,0.3526,0.3526,0.3526,0.3526,0.3526,0.3526,0.3526,0.3526,0.3526,0.3526
606,0.3526,0.3526,0.3526,0.3526,0.3526,0.3526,0.3526,0.3526,0.3526,0.3526,0.3526,0.3526,0.3526
607,0.3526,0.3526,0.3526,0.3526,0.3526,0.3526,0.3526,0.3526,0.3526,0.3526,0.3526,0.3526,0.3526
608,0.3526,0.3526,0.3526,0.3526,0.3526,0.3526,0.3526,0.3526,0.3526,0.3526,0.3526,0.3526,0.3526
1207,0.3526,0.3526,0.3526,0.3526,0.3526,0.3526,0.3526,0.3526,0.3526,0.3526,0.3526,0.3526,0.3526
1208,0.3526,0.3526,0.3526,0.3526,0.3526,0.3526,0.3526,0.3526,0.3526,0.3526,0.3526,0.3526,0.3526
1807,0.3526,0.3526,0.3526,0.3526,0.3526,0.3526,0.3526,0.3526,0.3526,0.3526,0.3526,0.3526,0.3526
1808,0.3526,0.3526,0.3526,0.3526,0.3526,0.3526,0.3526,0.3526,0.3526,0.3526,0.3526,0.3526,0.3526
2407,0.3526,0.3526,0.3526,0.3526,0.3526,0.3526,0.3526,0.3526,0.3526,0.3526,0.3526,0.3526,0.3526
2408,0.3526,0.3526,0.3526,0.3526,0.3526,0.3526,0.3526,0.3526,0.3526,0.3526,0.3526,0.3526,0.3526
3007,0.3526,0.3526,0.3526,0.3526,0.3526,0.3526,0.3526,0.3526,0.3526,0.3526,0.3526,0.3526,0.3526
3008,0.3526,0.3526,0.3526,0.3526,0.3526,0.3526,0.3526,0.3526,0.3526,0.3526,0.3526,0.3526,0.3526
3607,0.3526,0.3526,0.3526,0.3526,0.3526,0.3526,0.3526,0.3526,0.3526,0.3526,0.3526,0.3526,0.3526
3608,0.3526,0.3526,0.3526,0.3526,0.3526,0.3526,0.3526,0.3526,0.3526,0.3526,0.3526,0.3526,0.3526
4207,0.3526,0.3526,0.3526,0.3526,0.3526,0.3526,0.3526,0.3526,0.3526,0.3526,0.3526,0.3526,0.3526
4208,0.3526,0.3526,0.3526,0.3526,0.3526,0.3526,0.3526,0.3526,0.3526,0.3526,0.3526,0.3526,0.3526
4807,0.3526,0.3526,0.3526,0.3526,0.3526,0.3526,0.3526,0.3526,0.3526,0.3526,0.3526,0.3526,0.3526
4808,0.3526,0.3526,0.3526,0.3526,0.3526,0.3526,0.3526,0.3526,0.3526,0.3526,0.3526,0.3526,0.3526
5407,0.3526,0.3526,0.3526,0.3526,0.3526,0.3526,0.3526,0.3526,0.3526,0.3526,0.3526,0.3526,0.3526
5408,0.3526,0.3526,0.3526,0.3526,0.3526,0.3526,0.3526,0.3526,0.3526,0.3526,0.3526,0.3526,0.3526
6007,0.3526,0.3526,0.3526,0.3526,0.3526,0.3526,0.3526,0.3526,0.3526,0.3526,0.3526,0.3526,0.3526
6008,0.3526,0.3526,0.3526,0.3526,0.3526,0.3526,0.3526,0.3526,0.3526,0.3526,0.3526,0.3526,0.3526
6607,0.3526,0.3526,0.3526,0.3526,0.3526,0.3526,0.3526,0.3526,0.3526,0.3526,0.3526,0.3526,0.3526
6608,0.3526,0.3526,0.3526,0.3526,0.3526,0.3526,0.3526,0.3526,0.3526,0.3526,0.3526,0.3526,0.3526
7207,0.3526,0.3526,0.3526,0.3526,0.3526,0.3526,0.3526,0.3526,0.3526,0.3526,0.3526,0.3526,0.3526
7208,0.3526,0.3526,0.3526,0.3526,0.3526,0.3526,0.3526,0.3526,0.3526,0.3526,0.3526,0.3526,0.3526
7807,0.3526,0.3526,0.3526,0.3526,0.3526,0.3526,0.3526,0.3526,0.3526,0.3526,0.3526,0.3526,0.3526
7808,0.3526,0.3526,0.3526,0.3526,0.3526,0.3526,0.3526,0.3526,0.3526,0.3526,0.3526,0.3526,0.3526
8407,0.3526,0.3526,0.3526,0.3526,0.3526,0.3526,0.3526,0.3526,0.3526,0.3526,0.3526,0.3526,0.3526
8408,0.3526,0.3526,0.3526,0.3526,0.3526,0.3526,0.3526,0.3526,0.3526,0.3526,0.3526,0.3526,0.3526
9007,0.3526,0.3526,0.3526,0.3526,0.3526,0.3526,0.3526,0.3526,0.3526,0.3526,0.3526,0.3526,0.3526
9008,0.3526,0.3526,0.3526,0.3526,0.3526,0.3526,0.3526,0.3526,0.3526,0.3526,0.3526,0.3526,0.3526
9607,0.3526,0.3526,0.3526,0.3526,0.3526,0.3526,0.3526,0.3526,0.3526,0.3526,0.3526,0.3526,0.3526
9608,0.3526,0.3526,0.3526,0.3526,0.3526,0.3526,0.3526,0.3526,0.3526,0.3526,0.3526,0.3526,0.3526
10207,0.3526,0.3526,0.3526,0.3526,0.3526,0.3526,0.3526,0.3526,0.3526,0.3526,0.3526,0.3526,0.3526
10208,0.3526,0.3526,0.3526,0.3526,0.3526,0.3526,0.3526,0.3526,0.3526,0.3526,0.3526,0.3526,0.3526
10807,0.3526,0.3526,0.3526,0.3526,0.3526,0.3526,0.3526,0.3526,0.3526,0.3526,0.3526,0.3526,0.3526
10808,0.3526,0.3526,0.3526,0.3526,0.3526,0.3526,0.3526,0.3526,0.3526,0.3526,0.3526,0.3526,0.3526
10809,0.3526,0.3526,0.3526,0.3526,0.3526,0.3526,0.3526,0.3526,0.3526,0.3526,0.3526,0.3526,0.3526
11407,0.3526,0.3526,0.3526,0.3526,0.3526,0.3526,0.3526,0.3526,0.3526,0.3526,0.3526,0.3526,0.3526
11408,0.3526,0.3526,0.3526,0.3526,0.3526,0.3526,0.3526,0.3526,0.3526,0.3526,0.3526,0.3526,0.3526
11409,0.3526,0.3526,0.3526,0.3526,0.3526,0.3526,0.3526,0.3526,0.3526,0.3526,0.3526,0.3526,0.3526
12007,0.3526,0.3526,0.3526,0.3526,0.3526,0.3526,0.3526,0.3526,0.3526,0.3526,0.3526,0.3526,0.3526
12008,0.3526,0.3526,0.3526,0.3526,0.3526,0.3526,0.3526,0.3526,0.3526,0.3526,0.3526,0.3526,0.3526
12009,0.3526,0.3526,0.3526,0.3526,0.3526,0.3526,0.3526,0.3526,0.3526,0.3526,0.3526,0.3526,0.3526
12607,0.3526,0.3526,0.3526,0.3526,0.3526,0.3526,0.3526,0.3526,0.3526,0.3526,0.3526,0.3526,0.3526
12608,0.3526,0.3526,0.3526,0.3526,0.3526,0.3526,0.3526,0.3526,0.3526,0.3526,0.3526,0.3526,0.3526
12609,0.3526,0.3526,0.3526,0.3526,0.3526,0.3526,0.3526,0.3526,0.3526,0.3526,0.3526,0.3526,0.3526
13207,0.3526,0.3526,0.3526,0.3526,0.3526,0.3526,0.3526,0.3526,0.3526,0.3526,0.3526,0.3526,0.3526
13208,0.3526,0.3526,0.3526,0.3526,0.3526,0.3526,0.3526,0.3526,0.3526,0.3526,0.3526,0.3526,0.3526
13209,0.3526,0.3526,0.3526,0.3526,0.3526,0.3526,0.3526,0.3526,0.3526,0.3526,0.3526,0.3526,0.3526
13807,0.3526,0.3526,0.3526,0.3526,0.3526,0.3526,0.3526,0.3526,0.3526,0.3526,0.3526,0.3526,0.3526
13808,0.3526,0.3526,0.3526,0.3526,0.3526,0.3526,0.3526,0.3526,0.3526,0.3526,0.3526,0.3526,0.3526
13809,0.3526,0.3526,0.3526,0.3526,0.3526,0.3526,0.3526,0.3526,0.3526,0.3526,0.3526,0.3526,0.3526
14407,0.3526,0.3526,0.3526,0.3526,0.3526,0.3526,0.3526,0.3526,0.3526,0.3526,0.3526,0.3526,0.3526
14408,0.3526,0.3526,0.3526,0.3526,0.3526,0.3526,0.3526,0.3526,0.3526,0.3526,0.3526,0.3526,0.3526
14409,0.3526,0.3526,0.3526,0.3526,0.3526,0.3526,0.3526,0.3526,0.3526,0.3526,0.3526,0.3526,0.3526
15007,0.3526,0.3526,0.3526,0.3526,0.3526,0.3526,0.3526,0.3526,0.3526,0.3526,0.3526,0.3526,0.3526
15008,0.3526,0.3526,0.3526,0.3526,0.3526,0.3526,0.3526,0.3526,0.3526,0.3526,0.3526,0.3526,0.3526
15009,0.3526,0.3526,0.3526,0.3526,0.3526,0.3526,0.3526,0.3526,0.3526,0.3526,0.3526,0.3526,0.3526
15607,0.3526,0.3526,0.3526,0.3526,0.3526,0.3526,0.3526,0.3526,0.3526,0.3526,0.3526,0.3526,0.3526
15608,0.3526,0.3526,0.3526,0.3526,0.3526,0.3526,0.3526,0.3526,0.3526,0.3526,0.3526,0.3526,0.3526
15609,0.3526,0.3526,0.3526,0.3526,0.3526,0.3526,0.3526,0.3526,0.3526,0.3526,0.3526,0.3526,0.3526
16207,0.3526,0.3526,0.3526,0.3526,0.3526,0.3526,0.3526,0.3526,0.3526,0.3526,0.3526,0.3526,0.3526
16208,0.3526,0.3526,0.3526,0.3526,0.3526,0.3526,0.3526,0.3526,0.3526,0.3526,0.3526,0.3526,0.3526
16209,0.3526,0.3526,0.3526,0.3526,0.3526,0.3526,0.3526,0.3526,0.3526,0.3526,0.3526,0.3526,0.3526
16807,0.3526,0.3526,0.3526,0.3526,0.3526,0.3526,0.3526,0.3526,0.3526,0.3526,0.3526,0.3526,0.3526
16808,0.3526,0.3526,0.3526,0.3526,0.3526,0.3526,0.3526,0.3526,0.3526,0.3526,0.3526,0.3526,0.3526
16809,0.3526,0.3526,0.3526,0.3526,0.3526,0.3526,0.3526,0.3526,0.3526,0.3526,0.3526,0.3526,0.3526
17407,0.3526,0.3526,0.3526,0.3526,0.3526,0.3526,0.3526,0.3526,0.3526,0.3526,0.3526,0.3526,0.3526
17408,0.3526,0.3526,0.3526,0.3526,0.3526,0.3526,0.3526,0.3526,0.3526,0.3526,0.3526,0.3526,0.3526
17409,0.3526,0.3526,0.3526,0.3526,0.3526,0.3526,0.3526,0.3526,0.3526,0.3526,0.3526,0.3526,0.3526
18007,0.3526,0.3526,0.3526,0.3526,0.3526,0.3526,0.3526,0.3526,0.3526,0.3526,0.3526,0.3526,0.3526
18008,0.3526,0.3526,0.3526,0.3526,0.3526,0.3526,0.3526,0.3526,0.3526,0.3526,0.3526,0.3526,0.3526
18009,0.3526,0.3526,0.3526,0.3526,0.3526,0.3526,0.3526,0.3526,0.3526,0.3526,0.3526,0.3526,0.3526
18607,0.3526,0.3526,0.3526,0.3526,0.3526,0.3526,0.3526,0.3526,0.3526,0.3526,0.3526,0.3526,0.3526
18608,0.3526,0.3526,0.3526,0.3526,0.3526,0.3526,0.3526,0.3526,0.3526,0.3526,0.3526,0.3526,0.3526
18609,0.3526,0.3526,0.3526,0.3526,0.3526,0.3526,0.3526,0.3526,0.3526,0.3526,0.3526,0.3526,0.3526
19207,0.3526,0.3526,0.3526,0.3526,0.3526,0.3526,0.3526,0.3526,0.3526,0.3526,0.3526,0.3526,0.3526
19208,0.3526,0.3526,0.3526,0.3526,0.3526,0.3526,0.3526,0.3526,0.3526,0.3526,0.3526,0.3526,0.3526
19209,0.3526,0.3526,0.3526,0.3526,0.3526,0.3526,0.3526,0.3526,0.3526,0.3526,0.3526,0.3526,0.3526
19807,0.3526,0.3526,0.3526,0.3526,0.3526,0.3526,0.3526,0.3526,0.3526,0.3526,0.3526,0.3526,0.3526
19808,0.3526,0.3526,0.3526,0.3526,0.3526,0.3526,0.3526,0.3526,0.3526,0.3526,0.3526,0.3526,0.3526
19809,0.3526,0.3526,0.3526,0.3526,0.3526,0.3526,0.3526,0.3526,0.3526,0.3526,0.3526,0.3526,0.3526
20407,0.3526,0.3526,0.3526,0.3526,0.3526,0.3526,0.3526,0.3526,0.3526,0.3526,0.3526,0.3526,0.3526
20408,0.3526,0.3526,0.3526,0.3526,0.3526,0.3526,0.3526,0.3526,0.3526,0.3526,0.3526,0.3526,0.3526
20409,0.3526,0.3526,0.3526,0.3526,0.3526,0.3526,0.3526,0.3526,0.3526,0.3526,0.3526,0.3526,0.3526
21007,0.3526,0.3526,0.3526,0.3526,0.3526,0.3526,0.3526,0.3526,0.3526,0.3526,0.3526,0.3526,0.3526
21008,0.3526,0.3526,0.3526,0.3526,0.3526,0.3526,0.3526,0.3526,0.3526,0.3526,0.3526,0.3526,0.3526
21009,0.3526,0.3526,0.3526,0.3526,0.3526,0.3526,0.3526,0.3526,0.3526,0.3526,0.3526,0.3526,0.3526
21607,0.3526,0.3526,0.3526,0.3526,0.3526,0.3526,0.3526,0.3526,0.3526,0.3526,0.3526,0.3526,0.3526
21608,0.3526,0.3526,0.3526,0.3526,0.3526,0.3526,0.3526,0.3526,0.3526,0.3526,0.3526,0.3526,0.3526
21609,0.3526,0.3526,0.3526,0.3526,0.3526,0.3526,0.3526,0.3526,0.3526,0.3526,0.3526,0.3526,0.3526
22207,0.3526,0.3526,0.3526,0.3526,0.3526,0.3526,0.3526,0.3526,0.3526,0.3526,0.3526,0.3526,0.3526
22208,0.3526,0.3526,0.3526,0.3526,0.3526,0.3526,0.3526,0.3526,0.3526,0.3526,0.3526,0.3526,0.3526
22209,0.3526,0.3526,0.3526,0.3526,0.3526,0.3526,0.3526,0.3526,0.3526,0.3526,0.3526,0.3526,0.3526
22807,0.3526,0.3526,0.3526,0.3526,0.3526,0.3526,0.3526,0.3526,0.3526,0.3526,0.3526,0.3526,0.3526
22808,0.3526,0.3526,0.3526,0.3526,0.3526,0.3526,0.3526,0.3526,0.3526,0.3526,0.3526,0.3526,0.3526
22809,0.3526,0.3526,0.3526,0.3526,0.3526,0.3526,0.3526,0.3526,0.3526,0.3526,0.3526,0.3526,0.3526
23407,0.3526,0.3526,0.3526,0.3526,0.3526,0.3526,0.3526,0.3526,0.3526,0.3526,0.3526,0.3526,0.3526
23408,0.3526,0.3526,0.3526,0.3526,0.3526,0.3526,0.3526,0.3526,0.3526,0.3526,0.3526,0.3526,0.3526
23409,0.3526,0.3526,0.3526,0.3526,0.3526,0.3526,0.3526,0.3526,0.3526,0.3526,0.3526,0.3526,0.3526
24007,0.3526,0.3526,0.3526,0.3526,0.3526,0.3526,0.3526,0.3526,0.3526,0.3526,0.3526,0.3526,0.3526
24008,0.3526,0.3526,0.3526,0.3526,0.3526,0.3526,0.3526,0.3526,0.3526,0.3526,0.3526,0.3526,0.3526
24009,0.3526,0.3526,0.3526,0.3526,0.3526,0.3526,0.3526,0.3526,0.3526,0.3526,0.3526,0.3526,0.3526
24607,0.3526,0.3526,0.3526,0.3526,0.3526,0.3526,0.3526,0.3526,0.3526,0.3526,0.3526,0.3526,0.3526
24608,0.3526,0.3526,0.3526,0.3526,0.3526,0.3526,0.3526,0.3526,0.3526,0.3526,0.3526,0.3526,0.3526
24609,0.3526,0.3526,0.3526,0.3526,0.3526,0.3526,0.3526,0.3526,0.3526,0.3526,0.3526,0.3526,0.3526
25207,0.3526,0.3526,0.3526,0.3526,0.3526,0.3526,0.3526,0.3526,0.3526,0.3526,0.3526,0.3526,0.3526
25208,0.3526,0.3526,0.3526,0.3526,0.3526,0.3526,0.3526,0.3526,0.3526,0.3526,0.3526,0.3526,0.3526
25209,0.3526,0.3526,0.3526,0.3526,0.3526,0.3526,0.3526,0.3526,0.3526,0.3526,0.3526,0.3526,0.3526
25807,0.3526,0.3526,0.3526,0.3526,0.3526,0.3526,0.3526,0.3526,0.3526,0.3526,0.3526,0.3526,0.3526
25808,0.3526,0.3526,0.3526,0.3526,0.3526,0.3526,0.3526,0.3526,0.3526,0.3526,0.3526,0.3526,0.3526
25809,0.3526,0.3526,0.3526,0.3526,0.3526,0.3526,0.3526,0.3526,0.3526,0.3526,0.3526,0.3526,0.3526
26407,0.3526,0.3526,0.3526,0.3526,0.3526,0.3526,0.3526,0.3526,0.3526,0.3526,0.3526,0.3526,0.3526
26408,0.3526,0.3526,0.3526,0.3526,0.3526,0.3526,0.3526,0.3526,0.3526,0.3526,0.3526,0.3526,0.3526
26409,0.3526,0.3526,0.3526,0.3526,0.3526,0.3526,0.3526,0.3526,0.3526,0.3526,0.3526,0.3526,0.3526
27007,0.3526,0.3526,0.3526,0.3526,0.3526,0.3526,0.3526,0.3526,0.3526,0.3526,0.3526,0.3526,0.3526
27008,0.3526,0.3526,0.3526,0.3526,0.3526,0.3526,0.3526,0.3526,0.3526,0.3526,0.3526,0.3526,0.3526
27009,0.3526,0.3526,0.3526,0.3526,0.3526,0.3526,0.3526,0.3526,0.3526,0.3526,0.3526,0.3526,0.3526
27607,0.3526,0.3526,0.3526,0.3526,0.3526,0.3526,0.3526,0.3526,0.3526,0.3526,0.3526,0.3526,0.3526
27608,0.3526,0.3526,0.3526,0.3526,0.3526,0.3526,0.3526,0.3526,0.3526,0.3526,0.3526,0.3526,0.3526
27609,0.3526,0.3526,0.3526,0.3526,0.3526,0.3526,0.3526,0.3526,0.3526,0.3526,0.3526,0.3526,0.3526
28207,0.3526,0.3526,0.3526,0.3526,0.3526,0.3526,0.3526,0.3526,0.3526,0.3526,0.3526,0.3526,0.3526
28208,0.3526,0.3526,0.3526,0.3526,0.3526,0.3526,0.3526,0.3526,0.3526,0.3526,0.3526,0.3526,0.3526
28209,0.3526,0.3526,0.3526,0.3526,0.3526,0.3526,0.3526,0.3526,0.3526,0.3526,0.3526,0.3526,0.3526
28807,0.3526,0.3526,0.3526,0.3526,0.3526,0.3526,0.3526,0.3526,0.3526,0.3526,0.3526,0.3526,0.3526
28808,0.3526,0.3526,0.3526,0.3526,0.3526,0.3526,0.3526,0.3526,0.3526,0.3526,0.3526,0.3526,0.3526
28809,0.3526,0.3526,0.3526,0.3526,0.3526,0.3526,0.3526,0.3526,0.3526,0.3526,0.3526,0.3526,0.3526
29407,0.3526,0.3526,0.3526,0.3526,0.3526,0.3526,0.3526,0.3526,0.3526,0.3526,0.3526,0.3526,0.3526
29408,0.3526,0.3526,0.3526,0.3526,0.3526,0.3526,0.3526,0.3526,0.3526,0.3526,0.3526,0.3526,0.3526
29409,0.3526,0.3526,0.3526,0.3526,0.3526,0.3526,0.3526,0.3526,0.3526,0.3526,0.3526,0.3526,0.3526
30007,0.3526,0.3526,0.3526,0.3526,0.3526,0.3526,0.3526,0.3526,0.3526,0.3526,0.3526,0.3526,0.3526
30008,0.3526,0.3526,0.3526,0.3526,0.3526,0.3526,0.3526,0.3526,0.3526,0.3526,0.3526,0.3526,0.3526
30009,0.3526,0.3526,0.3526,0.3526,0.3526,0.3526,0.3526,0.3526,0.3526,0.3526,0.3526,0.3526,0.3526
30607,0.3526,0.3526,0.3526,0.3526,0.3526,0.3526,0.3526,0.3526,0.3526,0.3526,0.3526,0.3526,0.3526
30608,0.3526,0.3526,0.3526,0.3526,0.3526,0.3526,0.3526,0.3526,0.3526,0.3526,0.3526,0.3526,0.3526
30609,0.3526,0.3526,0.3526,0.3526,0.3526,0.3526,0.3526,0.3526,0.3526,0.3526,0.3526,0.3526,0.3526
31207,0.3526,0.3526,0.3526,0.3526,0.3526,0.3526,0.3526,0.3526,0.3526,0.3526,0.3526,0.3526,0.3526
31208,0.3526,0.3526,0.3526,0.3526,0.3526,0.3526,0.3526,0.3526,0.3526,0.3526,0.3526,0.3526,0.3526
31209,0.3526,0.3526,0.3526,0.3526,0.3526,0.3526,0.3526,0.3526,0.3526,0.3526,0.3526,0.3526,0.3526
31807,0.3526,0.3526,0.3526,0.3526,0.3526,0.3526,0.3526,0.3526,0.3526,0.3526,0.3526,0.3526,0.3526
31808,0.3526,0.3526,0.3526,0.3526,0.3526,0.3526,0.3526,0.3526,0.3526,0.3526,0.3526,0.3526,0.3526
31809,0.3526,0.3526,0.3526,0.3526,0.3526,0.3526,0.3526,0.3526,0.3526,0.3526,0.3526,0.3526,0.3526
32407,0.3526,0.3526,0.3526,0.3526,0.3526,0.3526,0.3526,0.3526,0.3526,0.3526,0.3526,0.3526,0.3526
32408,0.3526,0.3526,0.3526,0.3526,0.3526,0.3526,0.3526,0.3526,0.3526,0.3526,0.3526,0.3526,0.3526
32409,0.3526,0.3526,0.3526,0.3526,0.3526,0.3526,0.3526,0.3526,0.3526,0.3526,0.3526,0.3526,0.3526
33007,0.3526,0.3526,0.3526,0.3526,0.3526,0.3526,0.3526,0.3526,0.3526,0.3526,0.3526,0.3526,0.3526
33008,0.3526,0.3526,0.3526,0.3526,0.3526,0.3526,0.3526,0.3526,0.3526,0.3526,0.3526,0.3526,0.3526
33009,0.3526,0.3526,0.3526,0.3526,0.3526,0.3526,0.3526,0.3526,0.3526,0.3526,0.3526,0.3526,0.3526
33607,0.3526,0.3526,0.3526,0.3526,0.3526,0.3526,0.3526,0.3526,0.3526,0.3526,0.3526,0.3526,0.3526
33608,0.3526,0.3526,0.3526,0.3526,0.3526,0.3526,0.3526,0.3526,0.3526,0.3526,0.3526,0.3526,0.3526
33609,0.3526,0.3526,0.3526,0.3526,0.3526,0.3526,0.3526,0.3526,0.3526,0.3526,0.3526,0.3526,0.3526
34207,0.3526,0.3526,0.3526,0.3526,0.3526,0.3526,0.3526,0.3526,0.3526,0.3526,0.3526,0.3526,0.3526
34208,0.3526,0.3526,0.3526,0.3526,0.3526,0.3526,0.3526,0.3526,0.3526,0.3526,0.3526,0.3526,0.3526
34209,0.3526,0.3526,0.3526,0.3526,0.3526,0.3526,0.3526,0.3526,0.3526,0.3526,0.3526,0.3526,0.3526
34807,0.3526,0.3526,0.3526,0.3526,0.3526,0.3526,0.3526,0.3526,0.3526,0.3526,0.3526,0.3526,0.3526
34808,0.3526,0.3526,0.3526,0.3526,0.3526,0.3526,0.3526,0.3526,0.3526,0.3526,0.3526,0.3526,0.3526
34809,0.3526,0.3526,0.3526,0.3526,0.3526,0.3526,0.3526,0.3526,0.3526,0.3526,0.3526,0.3526,0.3526
35407,0.3526,0.3526,0.3526,0.3526,0.3526,0.3526,0.3526,0.3526,0.3526,0.3526,0.3526,0.3526,0.3526
35408,0.3526,0.3526,0.3526,0.3526,0.3526,0.3526,0.3526,0.3526,0.3526,0.3526,0.3526,0.3526,0.3526
35409,0.3526,0.3526,0.3526,0.3526,0.3526,0.3526,0.3526,0.3526,0.3526,0.3526,0.3526,0.3526,0.3526
36007,0.3526,0.3526,0.3526,0.3526,0.3526,0.3526,0.3526,0.3526,0.3526,0.3526,0.3526,0.3526,0.3526
36008,0.3526,0.3526,0.3526,0.3526,0.3526,0.3526,0.3526,0.3526,0.3526,0.3526,0.3526,0.3526,0.3526
36009,0.3526,0.3526,0.3526,0.3526,0.3526,0.3526,0.3526,0.3526,0.3526,0.3526,0.3526,0.3526,0.3526
36607,0.3526,0.3526,0.3526,0.3526,0.3526,0.3526,0.3526,0.3526,0.3526,0.3526,0.3526,0.3526,0.3526
36608,0.3526,0.3526,0.3526,0.3526,0.3526,0.3526,0.3526,0.3526,0.3526,0.3526,0.3526,0.3526,0.3526
36609,0.3526,0.3526,0.3526,0.3526,0.3526,0.3526,0.3526,0.3526,0.3526,0.3526,0.3526,0.3526,0.3526
37207,0.3526,0.3526,0.3526,0.3526,0.3526,0.3526,0.3526,0.3526,0.3526,0.3526,0.3526,0.3526,0.3526
37208,0.3526,0.3526,0.3526,0.3526,0.3526,0.3526,0.3526,0.3526,0.3526,0.3526,0.3526,0.3526,0.3526
37209,0.3526,0.3526,0.3526,0.3526,0.3526,0.3526,0.3526,0.3526,0.3526,0.3526,0.3526,0.3526,0.3526
37807,0.3526,0.3526,0.3526,0.3526,0.3526,0.3526,0.3526,0.3526,0.3526,0.3526,0.3526,0.3526,0.3526
37808,0.3526,0.3526,0.3526,0.3526,0.3526,0.3526,0.3526,0.3526,0.3526,0.3526,0.3526,0.3526,0.3526
37809,0.3526,0.3526,0.3526,0.3526,0.3526,0.3526,0.3526,0.3526,0.3526,0.3526,0.3526,0.3526,0.3526
38407,0.3526,0.3526,0.3526,0.3526,0.3526,0.3526,0.3526,0.3526,0.3526,0.3526,0.3526,0.3526,0.3526
38408,0.3526,0.3526,0.3526,0.3526,0.3526,0.3526,0.3526,0.3526,0.3526,0.3526,0.3526,0.3526,0.3526
38409,0.3526,0.3526,0.3526,0.3526,0.3526,0.3526,0.3526,0.3526,0.3526,0.3526,0.3526,0.3526,0.3526
39007,0.3526,0.3526,0.3526,0.3526,0.3526,0.3526,0.3526,0.3526,0.3526,0.3526,0.3526,0.3526,0.3526
39008,0.3526,0.3526,0.3526,0.3526,0.3526,0.3526,0.3526,0.3526,0.3526,0.3526,0.3526,0.3526,0.3526
39009,0.3526,0.3526,0.3526,0.3526,0.3526,0.3526,0.3526,0.3526,0.3526,0.3526,0.3526,0.3526,0.3526
39607,0.3526,0.3526,0.3526,0.3526,0.3526,0.3526,0.3526,0.3526,0.3526,0.3526,0.3526,0.3526,0.3526
39608,0.3526,0.3526,0.3526,0.3526,0.3526,0.3526,0.3526,0.3526,0.3526,0.3526,0.3526,0.3526,0.3526
39609,0.3526,0.3526,0.3526,0.3526,0.3526,0.3526,0.3526,0.3526,0.3526,0.3526,0.3526,0.3526,0.3526
40207,0.3526,0.3526,0.3526,0.3526,0.3526,0.3526,0.3526,0.3526,0.3526,0.3526,0.3526,0.3526,0.3526
40208,0.3526,0.3526,0.3526,0.3526,0.3526,0.3526,0.3526,0.3526,0.3526,0.3526,0.3526,0.3526,0.3526
40209,0.3526,0.3526,0.3526,0.3526,0.3526,0.3526,0.3526,0.3526,0.3526,0.3526,0.3526,0.3526,0.3526
40807,0.3526,0.3526,0.3526,0.3526,0.3526,0.3526,0.3526,0.3526,0.3526,0.3526,0.3526,0.3526,0.3526
40808,0.3526,0.3526,0.3526,0.3526,0.3526,0.3526,0.3526,0.3526,0.3526,0.3526,0.3526,0.3526,0.3526
40809,0.3526,0.3526,0.3526,0.3526,0.3526,0.3526,0.3526,0.3526,0.3526,0.3526,0.3526,0.3526,0.3526
41407,0.3526,0.3526,0.3526,0.3526,0.3526,0.3526,0.3526,0.3526,0.3526,0.3526,0.3526,0.3526,0.3526
41408,0.3526,0.3526,0.3526,0.3526,0.3526,0.3526,0.3526,0.3526,0.3526,0.3526,0.3526,0.3526,0.3526
41409,0.3526,0.3526,0.3526,0.3526,0.3526,0.3526,0.3526,0.3526,0.3526,0.3526,0.3526,0.3526,0.3526
42007,0.3526,0.3526,0.3526,0.3526,0.3526,0.3526,0.3526,0.3526,0.3526,0.3526,0.3526,0.3526,0.3526
42008,0.3526,0.3526,0.3526,0.3526,0.3526,0.3526,0.3526,0.3526,0.3526,0.3526,0.3526,0.3526,0.3526
42009,0.3526,0.3526,0.3526,0.3526,0.3526,0.3526,0.3526,0.3526,0.3526,0.3526,0.3526,0.3526,0.3526
42607,0.3526,0.3526,0.3526,0.3526,0.3526,0.3526,0.3526,0.3526,0.3526,0.3526,0.3526,0.3526,0.3526
42608,0.3526,0.3526,0.3526,0.3526,0.3526,0.3526,0.3526,0.3526,0.3526,0.3526,0.3526,0.3526,0.3526
42609,0.3526,0.3526,0.3526,0.3526,0.3526,0.3526,0.3526,0.3526,0.3526,0.3526,0.3526,0.3526,0.3526
43207,0.3526,0.3526,0.3526,0.3526,0.3526,0.3526,0.3526,0.3526,0.3526,0.3526,0.3526,0.3526,0.3526
43208,0.3526,0.3526,0.3526,0.3526,0.3526,0.3526,0.3526,0.3526,0.3526,0.3526,0.3526,0.3526,0.3526
43209,0.3526,0.3526,0.3526,0.3526,0.3526,0.3526,0.3526,0.3526,0.3526,0.3526,0.3526,0.3526,0.3526
43807,0.3526,0.3526,0.3526,0.3526,0.3526,0.3526,0.3526,0.3526,0.3526,0.3526,0.3526,0.3526,0.3526
43808,0.3526,0.3526,0.3526,0.3526,0.3526,0.3526,0.3526,0.3526,0.3526,0.3526,0.3526,0.3526,0.3526
43809,0.3526,0.3526,0.3526,0.3526,0.3526,0.3526,0.3526,0.3526,0.3526,0.3526,0.3526,0.3526,0.3526
44407,0.3526,0.3526,0.3526,0.3526,0.3526,0.3526,0.3526,0.3526,0.3526,0.3526,0.3526,0.3526,0.3526
44408,0.3526,0.3526,0.3526,0.3526,0.3526,0.3526,0.3526,0.3526,0.3526,0.3526,0.3526,0.3526,0.3526
44409,0.3526,0.3526,0.3526,0.3526,0.3526,0.3526,0.3526,0.3526,0.3526,0.3526,0.3526,0.3526,0.3526
45007,0.3526,0.3526,0.3526,0.3526,0.3526,0.3526,0.3526,0.3526,0.3526,0.3526,0.3526,0.3526,0.3526
45008,0.3526,0.3526,0.3526,0.3526,0.3526,0.3526,0.3526,0.3526,0.3526,0.3526,0.3526,0.3526,0.3526
45009,0.3526,0.3526,0.3526,0.3526,0.3526,0.3526,0.3526,0.3526,0.3526,0.3526,0.3526,0.3526,0.3526
45607,0.3526,0.3526,0.3526,0.3526,0.3526,0.3526,0.3526,0.3526,0.3526,0.3526,0.3526,0.3526,0.3526
45608,0.3526,0.3526,0.3526,0.3526,0.3526,0.3526,0.3526,0.3526,0.3526,0.3526,0.3526,0.3526,0.3526
45609,0.3526,0.3526,0.3526,0.3526,0.3526,0.3526,0.3526,0.3526,0.3526,0.3526,0.3526,0.3526,0.3526
46207,0.3526,0.3526,0.3526,0.3526,0.3526,0.3526,0.3526,0.3526,0.3526,0.3526,0.3526,0.3526,0.3526
46208,0.3526,0.3526,0.3526,0.3526,0.3526,0.3526,0.3526,0.3526,0.3526,0.3526,0.3526,0.3526,0.3526
46209,0.3526,0.3526,0.3526,0.3526,0.3526,0.3526,0.3526,0.3526,0.3526,0.3526,0.3526,0.3526,0.3526
46807,0.3526,0.3526,0.3526,0.3526,0.3526,0.3526,0.3526,0.3526,0.3526,0.3526,0.3526,0.3526,0.3526
46808,0.3526,0.3526,0.3526,0.3526,0.3526,0.3526,0.3526,0.3526,0.3526,0.3526,0.3526,0.3526,0.3526
46809,0.3526,0.3526,0.3526,0.3526,0.3526,0.3526,0.3526,0.3526,0.3526,0.3526,0.3526,0.3526,0.3526
47407,0.3526,0.3526,0.3526,0.3526,0.3526,0.3526,0.3526,0.3526,0.3526,0.3526,0.3526,0.3526,0.3526
47408,0.3526,0.3526,0.3526,0.3526,0.3526,0.3526,0.3526,0.3526,0.3526,0.3526,0.3526,0.3526,0.3526
47409,0.3526,0.3526,0.3526,0.3526,0.3526,0.3526,0.3526,0.3526,0.3526,0.3526,0.3526,0.3526,0.3526
48007,0.3526,0.3526,0.3526,0.3526,0.3526,0.3526,0.3526,0.3526,0.3526,0.3526,0.3526,0.3526,0.3526
48008,0.3526,0.3526,0.3526,0.3526,0.3526,0.3526,0.3526,0.3526,0.3526,0.3526,0.3526,0.3526,0.3526
48009,0.3526,0.3526,0.3526,0.3526,0.3526,0.3526,0.3526,0.3526,0.3526,0.3526,0.3526,0.3526,0.3526
48607,0.3526,0.3526,0.3526,0.3526,0.3526,0.3526,0.3526,0.3526,0.3526,0.3526,0.3526,0.3526,0.3526
48608,0.3526,0.3526,0.3526,0.3526,0.3526,0.3526,0.3526,0.3526,0.3526,0.3526,0.3526,0.3526,0.3526
48609,0.3526,0.3526,0.3526,0.3526,0.3526,0.3526,0.3526,0.3526,0.3526,0.3526,0.3526,0.3526,0.3526
49207,0.3526,0.3526,0.3526,0.3526,0.3526,0.3526,0.3526,0.3526,0.3526,0.3526,0.3526,0.3526,0.3526
49208,0.3526,0.3526,0.3526,0.3526,0.3526,0.3526,0.3526,0.3526,0.3526,0.3526,0.3526,0.3526,0.3526
49209,0.3526,0.3526,0.3526,0.3526,0.3526,0.3526,0.3526,0.3526,0.3526,0.3526,0.3526,0.3526,0.3526
49807,0.3526,0.3526,0.3526,0.3526,0.3526,0.3526,0.3526,0.3526,0.3526,0.3526,0.3526,0.3526,0.3526
49808,0.3526,0.3526,0.3526,0.3526,0.3526,0.3526,0.3526,0.3526,0.3526,0.3526,0.3526,0.3526,0.3526
49809,0.3526,0.3526,0.3526,0.3526,0.3526,0.3526,0.3526,0.3526,0.3526,0.3526,0.3526,0.3526,0.3526
50407,0.3526,0.3526,0.3526,0.3526,0.3526,0.3526,0.3526,0.3526,0.3526,0.3526,0.3526,0.3526,0.3526
50408,0.3526,0.3526,0.3526,0.3526,0.3526,0.3526,0.3526,0.3526,0.3526,0.3526,0.3526,0.3526,0.3526
50409,0.3526,0.3526,0.3526,0.3526,0.3526,0.3526,0.3526,0.3526,0.3526,0.3526,0.3526,0.3526,0.3526
51007,0.3526,0.3526,0.3526,0.3526,0.3526,0.3526,0.3526,0.3526,0.3526,0.3526,0.3526,0.3526,0.3526
51008,0.3526,0.3526,0.3526,0.3526,0.3526,0.3526,0.3526,0.3526,0.3526,0.3526,0.3526,0.3526,0.3526
51009,0.3526,0.3526,0.3526,0.3526,0.3526,0.3526,0.3526,0.3526,0.3526,0.3526,0.3526,0.3526,0.3526
51607,0.3526,0.3526,0.3526,0.3526,0.3526,0.3526,0.3526,0.3526,0.3526,0.3526,0.3526,0.3526,0.3526
51608,0.3526,0.3526,0.3526,0.3526,0.3526,0.3526,0.3526,0.3526,0.3526,0.3526,0.3526,0.3526,0.3526
51609,0.3526,0.3526,0.3526,0.3526,0.3526,0.3526,0.3526,0.3526,0.3526,0.3526,0.3526,0.3526,0.3526
52207,0.3526,0.3526,0.3526,0.3526,0.3526,0.3526,0.3526,0.3526,0.3526,0.3526,0.3526,0.3526,0.3526
52208,0.3526,0.3526,0.3526,0.3526,0.3526,0.3526,0.3526,0.3526,0.3526,0.3526,0.3526,0.3526,0.3526
52209,0.3526,0.3526,0.3526,0.3526,0.3526,0.3526,0.3526,0.3526,0.3526,0.3526,0.3526,0.3526,0.3526
52807,0.3526,0.3526,0.3526,0.3526,0.3526,0.3526,0.3526,0.3526,0.3526,0.3526,0.3526,0.3526,0.3526
52808,0.3526,0.3526,0.3526,0.3526,0.3526,0.3526,0.3526,0.3526,0.3526,0.3526,0.3526,0.3526,0.3526
52809,0.3526,0.3526,0.3526,0.3526,0.3526,0.3526,0.3526,0.3526,0.3526,0.3526,0.3526,0.3526,0.3526
53407,0.3526,0.3526,0.3526,0.3526,0.3526,0.3526,0.3526,0.3526,0.3526,0.3526,0.3526,0.3526,0.3526
53408,0.3526,0.3526,0.3526,0.3526,0.3526,0.3526,0.3526,0.3526,0.3526,0.3526,0.3526,0.3526,0.3526
53409,0.3526,0.3526,0.3526,0.3526,0.3526,0.3526,0.3526,0.3526,0.3526,0.3526,0.3526,0.3526,0.3526
54007,0.3526,0.3526,0.3526,0.3526,0.3526,0.3526,0.3526,0.3526,0.3526,0.3526,0.3526,0.3526,0.3526
54008,0.3526,0.3526,0.3526,0.3526,0.3526,0.3526,0.3526,0.3526,0.3526,0.3526,0.3526,0.3526,0.3526
54009,0.3526,0.3526,0.3526,0.3526,0.3526,0.3526,0.3526,0.3526,0.3526,0.3526,0.3526,0.3526,0.3526
54607,0.3526,0.3526,0.3526,0.3526,0.3526,0.3526,0.3526,0.3526,0.3526,0.3526,0.3526,0.3526,0.3526
54608,0.3526,0.3526,0.3526,0.3526,0.3526,0.3526,0.3526,0.3526,0.3526,0.3526,0.3526,0.3526,0.3526
54609,0.3526,0.3526,0.3526,0.3526,0.3526,0.3526,0.3526,0.3526,0.3526,0.3526,0.3526,0.3526,0.3526
55207,0.3526,0.3526,0.3526,0.3526,0.3526,0.3526,0.3526,0.3526,0.3526,0.3526,0.3526,0.3526,0.3526
55208,0.3526,0.3526,0.3526,0.3526,0.3526,0.3526,0.3526,0.3526,0.3526,0.3526,0.3526,0.3526,0.3526
55209,0.3526,0.3526,0.3526,0.3526,0.3526,0.3526,0.3526,0.3526,0.3526,0.3526,0.3526,0.3526,0.3526
55807,0.3526,0.3526,0.3526,0.3526,0.3526,0.3526,0.3526,0.3526,0.3526,0.3526,0.3526,0.3526,0.3526
55808,0.3526,0.3526,0.3526,0.3526,0.3526,0.3526,0.3526,0.3526,0.3526,0.3526,0.3526,0.3526,0.3526
55809,0.3526,0.3526,0.3526,0.3526,0.3526,0.3526,0.3526,0.3526,0.3526,0.3526,0.3526,0.3526,0.3526
56407,0.3526,0.3526,0.3526,0.3526,0.3526,0.3526,0.3526,0.3526,0.3526,0.3526,0.3526,0.3526,0.3526
56408,0.3526,0.3526,0.3526,0.3526,0.3526,0.3526,0.3526,0.3526,0.3526,0.3526,0.3526,0.3526,0.3526
56409,0.3526,0.3526,0.3526,0.3526,0.3526,0.3526,0.3526,0.3526,0.3526,0.3526,0.3526,0.3526,0.3526
57007,0.3526,0.3526,0.3526,0.3526,0.3526,0.3526,0.3526,0.3526,0.3526,0.3526,0.3526,0.3526,0.3526
57008,0.3526,0.3526,0.3526,0.3526,0.3526,0.3526,0.3526,0.3526,0.3526,0.3526,0.3526,0.3526,0.3526
57009,0.3526,0.3526,0.3526,0.3526,0.3526,0.3526,0.3526,0.3526,0.3526,0.3526,0.3526,0.3526,0.3526
57607,0.3526,0.3526,0.3526,0.3526,0.3526,0.3526,0.3526,0.3526,0.3526,0.3526,0.3526,0.3526,0.3526
57608,0.3526,0.3526,0.3526,0.3526,0.3526,0.3526,0.3526,0.3526,0.3526,0.3526,0.3526,0.3526,0.3526
57609,0.3526,0.3526,0.3526,0.3526,0.3526,0.3526,0.3526,0.3526,0.3526,0.3526,0.3526,0.3526,0.3526
58207,0.3526,0.3526,0.3526,0.3526,0.3526,0.3526,0.3526,0.3526,0.3526,0.3526,0.3526,0.3526,0.3526
58208,0.3526,0.3526,0.3526,0.3526,0.3526,0.3526,0.3526,0.3526,0.3526,0.3526,0.3526,0.3526,0.3526
58209,0.3526,0.3526,0.3526,0.3526,0.3526,0.3526,0.3526,0.3526,0.3526,0.3526,0.3526,0.3526,0.3526
58807,0.3526,0.3526,0.3526,0.3526,0.3526,0.3526,0.3526,0.3526,0.3526,0.3526,0.3526,0.3526,0.3526
58808,0.3526,0.3526,0.3526,0.3526,0.3526,0.3526,0.3526,0.3526,0.3526,0.3526,0.3526,0.3526,0.3526
58809,0.3526,0.3526,0.3526,0.3526,0.3526,0.3526,0.3526,0.3526,0.3526,0.3526,0.3526,0.3526,0.3526
59407,0.3526,0.3526,0.3526,0.3526,0.3526,0.3526,0.3526,0.3526,0.3526,0.3526,0.3526,0.3526,0.3526
59408,0.3526,0.3526,0.3526,0.3526,0.3526,0.3526,0.3526,0.3526,0.3526,0.3526,0.3526,0.3526,0.3526
59409,0.3526,0.3526,0.3526,0.3526,0.3526,0.3526,0.3526,0.3526,0.3526,0.3526,0.3526,0.3526,0.3526
60007,0.3526,0.3526,0.3526,0.3526,0.3526,0.3526,0.3526,0.3526,0.3526,0.3526,0.3526,0.3526,0.3526
60008,0.3526,0.3526,0.3526,0.3526,0.3526,0.3526,0.3526,0.3526,0.3526,0.3526,0.3526,0.3526,0.3526
60009,0.3526,0.3526,0.3526,0.3526,0.3526,0.3526,0.3526,0.3526,0.3526,0.3526,0.3526,0.3526,0.3526
60607,0.3526,0.3526,0.3526,0.3526,0.3526,0.3526,0.3526,0.3526,0.3526,0.3526,0.3526,0.3526,0.3526
60608,0.3526,0.3526,0.3526,0.3526,0.3526,0.3526,0.3526,0.3526,0.3526,0.3526,0.3526,0.3526,0.3526
60609,0.3526,0.3526,0.3526,0.3526,0.3526,0.3526,0.3526,0.3526,0.3526,0.3526,0.3526,0.3526,0.3526
61207,0.3526,0.3526,0.3526,0.3526,0.3526,0.3526,0.3526,0.3526,0.3526,0.3526,0.3526,0.3526,0.3526
61208,0.3526,0.3526,0.3526,0.3526,0.3526,0.3526,0.3526,0.3526,0.3526,0.3526,0.3526,0.3526,0.3526
61209,0.3526,0.3526,0.3526,0.3526,0.3526,0.3526,0.3526,0.3526,0.3526,0.3526,0.3526,0.3526,0.3526
61807,0.3526,0.3526,0.3526,0.3526,0.3526,0.3526,0.3526,0.3526,0.3526,0.3526,0.3526,0.3526,0.3526
61808,0.3526,0.3526,0.3526,0.3526,0.3526,0.3526,0.3526,0.3526,0.3526,0.3526,0.3526,0.3526,0.3526
61809,0.3526,0.3526,0.3526,0.3526,0.3526,0.3526,0.3526,0.3526,0.3526,0.3526,0.3526,0.3526,0.3526
62407,0.3526,0.3526,0.3526,0.3526,0.3526,0.3526,0.3526,0.3526,0.3526,0.3526,0.3526,0.3526,0.3526
62408,0.3526,0.3526,0.3526,0.3526,0.3526,0.3526,0.3526,0.3526,0.3526,0.3526,0.3526,0.3526,0.3526
62409,0.3526,0.3526,0.3526,0.3526,0.3526,0.3526,0.3526,0.3526,0.3526,0.3526,0.3526,0.3526,0.3526
63007,0.3526,0.3526,0.3526,0.3526,0.3526,0.3526,0.3526,0.3526,0.3526,0.3526,0.3526,0.3526,0.3526
63008,0.3526,0.3526,0.3526,0.3526,0.3526,0.3526,0.3526,0.3526,0.3526,0.3526,0.3526,0.3526,0.3526
63009,0.3526,0.3526,0.3526,0.3526,0.3526,0.3526,0.3526,0.3526,0.3526,0.3526,0.3526,0.3526,0.3526
63607,0.3526,0.3526,0.3526,0.3526,0.3526,0.3526,0.3526,0.3526,0.3526,0.3526,0.3526,0.3526,0.3526
63608,0.3526,0.3526,0.3526,0.3526,0.3526,0.3526,0.3526,0.3526,0.3526,0.3526,0.3526,0.3526,0.3526
63609,0.3526,0.3526,0.3526,0.3526,0.3526,0.3526,0.3526,0.3526,0.3526,0.3526,0.3526,0.3526,0.3526
64207,0.3526,0.3526,0.3526,0.3526,0.3526,0.3526,0.3526,0.3526,0.3526,0.3526,0.3526,0.3526,0.3526
64208,0.3526,0.3526,0.3526,0.3526,0.3526,0.3526,0.3526,0.3526,0.3526,0.3526,0.3526,0.3526,0.3526
64209,0.3526,0.3526,0.3526,0.3526,0.3526,0.3526,0.3526,0.3526,0.3526,0.3526,0.3526,0.3526,0.3526
64807,0.3526,0.3526,0.3526,0.3526,0.3526,0.3526,0.3526,0.3526,0.3526,0.3526,0.3526,0.3526,0.3526
64808,0.3526,0.3526,0.3526,0.3526,0.3526,0.3526,0.3526,0.3526,0.3526,0.3526,0.3526,0.3526,0.3526
64809,0.3526,0.3526,0.3526,0.3526,0.3526,0.3526,0.3526,0.3526,0.3526,0.3526,0.3526,0.3526,0.3526
65407,0.3526,0.3526,0.3526,0.3526,0.3526,0.3526,0.3526,0.3526,0.3526,0.3526,0.3526,0.3526,0.3526
65408,0.3526,0.3526,0.3526,0.3526,0.3526,0.3526,0.3526,0.3526,0.3526,0.3526,0.3526,0.3526,0.3526
65409,0.3526,0.3526,0.3526,0.3526,0.3526,0.3526,0.3526,0.3526,0.3526,0.3526,0.3526,0.3526,0.3526
66007,0.3526,0.3526,0.3526,0.3526,0.3526,0.3526,0.3526,0.3526,0.3526,0.3526,0.3526,0.3526,0.3526
66008,0.3526,0.3526,0.3526,0.3526,0.3526,0.3526,0.3526,0.3526,0.3526,0.3526,0.3526,0.3526,0.3526
66009,0.3526,0.3526,0.3526,0.3526,0.3526,0.3526,0.3526,0.3526,0.3526,0.3526,0.3526,0.3526,0.3526
66607,0.3526,0.3526,0.3526,0.3526,0.3526,0.3526,0.3526,0.3526,0.3526,0.3526,0.3526,0.3526,0.3526
66608,0.3526,0.3526,0.3526,0.3526,0.3526,0.3526,0.3526,0.3526,0.3526,0.3526,0.3526,0.3526,0.3526
66609,0.3526,0.3526,0.3526,0.3526,0.3526,0.3526,0.3526,0.3526,0.3526,0.3526,0.3526,0.3526,0.3526
67207,0.3526,0.3526,0.3526,0.3526,0.3526,0.3526,0.3526,0.3526,0.3526,0.3526,0.3526,0.3526,0.3526
67208,0.3526,0.3526,0.3526,0.3526,0.3526,0.3526,0.3526,0.3526,0.3526,0.3526,0.3526,0.3526,0.3526
67209,0.3526,0.3526,0.3526,0.3526,0.3526,0.3526,0.3526,0.3526,0.3526,0.3526,0.3526,0.3526,0.3526
67807,0.3526,0.3526,0.3526,0.3526,0.3526,0.3526,0.3526,0.3526,0.3526,0.3526,0.3526,0.3526,0.3526
67808,0.3526,0.3526,0.3526,0.3526,0.3526,0.3526,0.3526,0.3526,0.3526,0.3526,0.3526,0.3526,0.3526
67809,0.3526,0.3526,0.3526,0.3526,0.3526,0.3526,0.3526,0.3526,0.3526,0.3526,0.3526,0.3526,0.3526
68407,0.3526,0.3526,0.3526,0.3526,0.3526,0.3526,0.3526,0.3526,0.3526,0.3526,0.3526,0.3526,0.3526
68408,0.3526,0.3526,0.3526,0.3526,0.3526,0.3526,0.3526,0.3526,0.3526,0.3526,0.3526,0.3526,0.3526
68409,0.3526,0.3526,0.3526,0.3526,0.3526,0.3526,0.3526,0.3526,0.3526,0.3526,0.3526,0.3526,0.3526
69007,0.3526,0.3526,0.3526,0.3526,0.3526,0.3526,0.3526,0.3526,0.3526,0.3526,0.3526,0.3526,0.3526
69008,0.3526,0.3526,0.3526,0.3526,0.3526,0.3526,0.3526,0.3526,0.3526,0.3526,0.3526,0.3526,0.3526
69009,0.3526,0.3526,0.3526,0.3526,0.3526,0.3526,0.3526,0.3526,0.3526,0.3526,0.3526,0.3526,0.3526
69607,0.3526,0.3526,0.3526,0.3526,0.3526,0.3526,0.3526,0.3526,0.3526,0.3526,0.3526,0.3526,0.3526
69608,0.3526,0.3526,0.3526,0.3526,0.3526,0.3526,0.3526,0.3526,0.3526,0.3526,0.3526,0.3526,0.3526
69609,0.3526,0.3526,0.3526,0.3526,0.3526,0.3526,0.3526,0.3526,0.3526,0.3526,0.3526,0.3526,0.3526
70207,0.3526,0.3526,0.3526,0.3526,0.3526,0.3526,0.3526,0.3526,0.3526,0.3526,0.3526,0.3526,0.3526
70208,0.3526,0.3526,0.3526,0.3526,0.3526,0.3526,0.3526,0.3526,0.3526,0.3526,0.3526,0.3526,0.3526
70209,0.3526,0.3526,0.3526,0.3526,0.3526,0.3526,0.3526,0.3526,0.3526,0.3526,0.3526,0.3526,0.3526
70807,0.3526,0.3526,0.3526,0.3526,0.3526,0.3526,0.3526,0.3526,0.3526,0.3526,0.3526,0.3526,0.3526
70808,0.3526,0.3526,0.3526,0.3526,0.3526,0.3526,0.3526,0.3526,0.3526,0.3526,0.3526,0.3526,0.3526
70809,0.3526,0.3526,0.3526,0.3526,0.3526,0.3526,0.3526,0.3526,0.3526,0.3526,0.3526,0.3526,0.3526
71407,0.3526,0.3526,0.3526,0.3526,0.3526,0.3526,0.3526,0.3526,0.3526,0.3526,0.3526,0.3526,0.3526
71408,0.3526,0.3526,0.3526,0.3526,0.3526,0.3526,0.3526,0.3526,0.3526,0.3526,0.3526,0.3526,0.3526
71409,0.3526,0.3526,0.3526,0.3526,0.3526,0.3526,0.3526,0.3526,0.3526,0.3526,0.3526,0.3526,0.3526
72007,0.3526,0.3526,0.3526,0.3526,0.3526,0.3526,0.3526,0.3526,0.3526,0.3526,0.3526,0.3526,0.3526
72008,0.3526,0.3526,0.3526,0.3526,0.3526,0.3526,0.3526,0.3526,0.3526,0.3526,0.3526,0.3526,0.3526
72009,0.3526,0.3526,0.3526,0.3526,0.3526,0.3526,0.3526,0.3526,0.3526,0.3526,0.3526,0.3526,0.3526
72607,0.3526,0.3526,0.3526,0.3526,0.3526,0.3526,0.3526,0.3526,0.3526,0.3526,0.3526,0.3526,0.3526
72608,0.3526,0.3526,0.3526,0.3526,0.3526,0.3526,0.3526,0.3526,0.3526,0.3526,0.3526,0.3526,0.3526
72609,0.3526,0.3526,0.3526,0.3526,0.3526,0.3526,0.3526,0.3526,0.3526,0.3526,0.3526,0.3526,0.3526
73207,0.3526,0.3526,0.3526,0.3526,0.3526,0.3526,0.3526,0.3526,0.3526,0.3526,0.3526,0.3526,0.3526
73208,0.3526,0.3526,0.3526,0.3526,0.3526,0.3526,0.3526,0.3526,0.3526,0.3526,0.3526,0.3526,0.3526
73209,0.3526,0.3526,0.3526,0.3526,0.3526,0.3526,0.3526,0.3526,0.3526,0.3526,0.3526,0.3526,0.3526
73807,0.3526,0.3526,0.3526,0.3526,0.3526,0.3526,0.3526,0.3526,0.3526,0.3526,0.3526,0.3526,0.3526
73808,0.3526,0.3526,0.3526,0.3526,0.3526,0.3526,0.3526,0.3526,0.3526,0.3526,0.3526,0.3526,0.3526
73809,0.3526,0.3526,0.3526,0.3526,0.3526,0.3526,0.3526,0.3526,0.3526,0.3526,0.3526,0.3526,0.3526
74407,0.3526,0.3526,0.3526,0.3526,0.3526,0.3526,0.3526,0.3526,0.3526,0.3526,0.3526,0.3526,0.3526
74408,0.3526,0.3526,0.3526,0.3526,0.3526,0.3526,0.3526,0.3526,0.3526,0.3526,0.3526,0.3526,0.3526
74409,0.3526,0.3526,0.3526,0.3526,0.3526,0.3526,0.3526,0.3526,0.3526,0.3526,0.3526,0.3526,0.3526
75007,0.3526,0.3526,0.3526,0.3526,0.3526,0.3526,0.3526,0.3526,0.3526,0.3526,0.3526,0.3526,0.3526
75008,0.3526,0.3526,0.3526,0.3526,0.3526,0.3526,0.3526,0.3526,0.3526,0.3526,0.3526,0.3526,0.3526
75009,0.3526,0.3526,0.3526,0.3526,0.3526,0.3526,0.3526,0.3526,0.3526,0.3526,0.3526,0.3526,0.3526
75607,0.3526,0.3526,0.3526,0.3526,0.3526,0.3526,0.3526,0.3526,0.3526,0.3526,0.3526,0.3526,0.3526
75608,0.3526,0.3526,0.3526,0.3526,0.3526,0.3526,0.3526,0.3526,0.3526,0.3526,0.3526,0.3526,0.3526
75609,0.3526,0.3526,0.3526,0.3526,0.3526,0.3526,0.3526,0.3526,0.3526,0.3526,0.3526,0.3526,0.3526
76207,0.3526,0.3526,0.3526,0.3526,0.3526,0.3526,0.3526,0.3526,0.3526,0.3526,0.3526,0.3526,0.3526
76208,0.3526,0.3526,0.3526,0.3526,0.3526,0.3526,0.3526,0.3526,0.3526,0.3526,0.3526,0.3526,0.3526
76209,0.3526,0.3526,0.3526,0.3526,0.3526,0.3526,0.3526,0.3526,0.3526,0.3526,0.3526,0.3526,0.3526
76807,0.3526,0.3526,0.3526,0.3526,0.3526,0.3526,0.3526,0.3526,0.3526,0.3526,0.3526,0.3526,0.3526
76808,0.3526,0.3526,0.3526,0.3526,0.3526,0.3526,0.3526,0.3526,0.3526,0.3526,0.3526,0.3526,0.3526
76809,0.3526,0.3526,0.3526,0.3526,0.3526,0.3526,0.3526,0.3526,0.3526,0.3526,0.3526,0.3526,0.3526
77407,0.3526,0.3526,0.3526,0.3526,0.3526,0.3526,0.3526,0.3526,0.3526,0.3526,0.3526,0.3526,0.3526
77408,0.3526,0.3526,0.3526,0.3526,0.3526,0.3526,0.3526,0.3526,0.3526,0.3526,0.3526,0.3526,0.3526
77409,0.3526,0.3526,0.3526,0.3526,0.3526,0.3526,0.3526,0.3526,0.3526,0.3526,0.3526,0.3526,0.3526
78007,0.3526,0.3526,0.3526,0.3526,0.3526,0.3526,0.3526,0.3526,0.3526,0.3526,0.3526,0.3526,0.3526
78008,0.3526,0.3526,0.3526,0.3526,0.3526,0.3526,0.3526,0.3526,0.3526,0.3526,0.3526,0.3526,0.3526
78009,0.3526,0.3526,0.3526,0.3526,0.3526,0.3526,0.3526,0.3526,0.3526,0.3526,0.3526,0.3526,0.3526
78607,0.3526,0.3526,0.3526,0.3526,0.3526,0.3526,0.3526,0.3526,0.3526,0.3526,0.3526,0.3526,0.3526
78608,0.3526,0.3526,0.3526,0.3526,0.3526,0.3526,0.3526,0.3526,0.3526,0.3526,0.3526,0.3526,0.3526
78609,0.3526,0.3526,0.3526,0.3526,0.3526,0.3526,0.3526,0.3526,0.3526,0.3526,0.3526,0.3526,0.3526
79207,0.3526,0.3526,0.3526,0.3526,0.3526,0.3526,0.3526,0.3526,0.3526,0.3526,0.3526,0.3526,0.3526
79208,0.3526,0.3526,0.3526,0.3526,0.3526,0.3526,0.3526,0.3526,0.3526,0.3526,0.3526,0.3526,0.3526
79209,0.3526,0.3526,0.3526,0.3526,0.3526,0.3526,0.3526,0.3526,0.3526,0.3526,0.3526,0.3526,0.3526
79807,0.3526,0.3526,0.3526,0.3526,0.3526,0.3526,0.3526,0.3526,0.3526,0.3526,0.3526,0.3526,0.3526
79808,0.3526,0.3526,0.3526,0.3526,0.3526,0.3526,0.3526,0.3526,0.3526,0.3526,0.3526,0.3526,0.3526
79809,0.3526,0.3526,0.3526,0.3526,0.3526,0.3526,0.3526,0.3526,0.3526,0.3526,0.3526,0.3526,0.3526
80407,0.3526,0.3526,0.3526,0.3526,0.3526,0.3526,0.3526,0.3526,0.3526,0.3526,0.3526,0.3526,0.3526
80408,0.3526,0.3526,0.3526,0.3526,0.3526,0.3526,0.3526,0.3526,0.3526,0.3526,0.3526,0.3526,0.3526
80409,0.3526,0.3526,0.3526,0.3526,0.3526,0.3526,0.3526,0.3526,0.3526,0.3526,0.3526,0.3526,0.3526
81007,0.3526,0.3526,0.3526,0.3526,0.3526,0.3526,0.3526,0.3526,0.3526,0.3526,0.3526,0.3526,0.3526
81008,0.3526,0.3526,0.3526,0.3526,0.3526,0.3526,0.3526,0.3526,0.3526,0.3526,0.3526,0.3526,0.3526
81009,0.3526,0.3526,0.3526,0.3526,0.3526,0.3526,0.3526,0.3526,0.3526,0.3526,0.3526,0.3526,0.3526
81607,0.3526,0.3526,0.3526,0.3526,0.3526,0.3526,0.3526,0.3526,0.3526,0.3526,0.3526,0.3526,0.3526
81608,0.3526,0.3526,0.3526,0.3526,0.3526,0.3526,0.3526,0.3526,0.3526,0.3526,0.3526,0.3526,0.3526
81609,0.3526,0.3526,0.3526,0.3526,0.3526,0.3526,0.3526,0.3526,0.3526,0.3526,0.3526,0.3526,0.3526
82207,0.3526,0.3526,0.3526,0.3526,0.3526,0.3526,0.3526,0.3526,0.3526,0.3526,0.3526,0.3526,0.3526
82208,0.3526,0.3526,0.3526,0.3526,0.3526,0.3526,0.3526,0.3526,0.3526,0.3526,0.3526,0.3526,0.3526
82209,0.3526,0.3526,0.3526,0.3526,0.3526,0.3526,0.3526,0.3526,0.3526,0.3526,0.3526,0.3526,0.3526
82807,0.3526,0.3526,0.3526,0.3526,0.3526,0.3526,0.3526,0.3526,0.3526,0.3526,0.3526,0.3526,0.3526
82808,0.3526,0.3526,0.3526,0.3526,0.3526,0.3526,0.3526,0.3526,0.3526,0.3526,0.3526,0.3526,0.3526
82809,0.3526,0.3526,0.3526,0.3526,0.3526,0.3526,0.3526,0.3526,0.3526,0.3526,0.3526,0.3526,0.3526
83407,0.3526,0.3526,0.3526,0.3526,0.3526,0.3526,0.3526,0.3526,0.3526,0.3526,0.3526,0.3526,0.3526
83408,0.3526,0.3526,0.3526,0.3526,0.3526,0.3526,0.3526,0.3526,0.3526,0.3526,0.3526,0.3526,0.3526
83409,0.3526,0.3526,0.3526,0.3526,0.3526,0.3526,0.3526,0.3526,0.3526,0.3526,0.3526,0.3526,0.3526
84007,0.3526,0.3526,0.3526,0.3526,0.3526,0.3526,0.3526,0.3526,0.3526,0.3526,0.3526,0.3526,0.3526
84008,0.3526,0.3526,0.3526,0.3526,0.3526,0.3526,0.3526,0.3526,0.3526,0.3526,0.3526,0.3526,0.3526
84009,0.3526,0.3526,0.3526,0.3526,0.3526,0.3526,0.3526,0.3526,0.3526,0.3526,0.3526,0.3526,0.3526
84607,0.3526,0.3526,0.3526,0.3526,0.3526,0.3526,0.3526,0.3526,0.3526,0.3526,0.3526,0.3526,0.3526
84608,0.3526,0.3526,0.3526,0.3526,0.3526,0.3526,0.3526,0.3526,0.3526,0.3526,0.3526,0.3526,0.3526
84609,0.3526,0.3526,0.3526,0.3526,0.3526,0.3526,0.3526,0.3526,0.3526,0.3526,0.3526,0.3526,0.3526
85207,0.3526,0.3526,0.3526,0.3526,0.3526,0.3526,0.3526,0.3526,0.3526,0.3526,0.3526,0.3526,0.3526
85208,0.3526,0.3526,0.3526,0.3526,0.3526,0.3526,0.3526,0.3526,0.3526,0.3526,0.3526,0.3526,0.3526
85209,0.3526,0.3526,0.3526,0.3526,0.3526,0.3526,0.3526,0.3526,0.3526,0.3526,0.3526,0.3526,0.3526
85807,0.3526,0.3526,0.3526,0.3526,0.3526,0.3526,0.3526,0.3526,0.3526,0.3526,0.3526,0.3526,0.3526
85808,0.3526,0.3526,0.3526,0.3526,0.3526,0.3526,0.3526,0.3526,0.3526,0.3526,0.3526,0.3526,0.3526
85809,0.3526,0.3526,0.3526,0.3526,0.3526,0.3526,0.3526,0.3526,0.3526,0.3526,0.3526,0.3526,0.3526
