timestamp,uhci4,uhci3,uhci1,uhci5,uhci2,uhci0,uhci7,uhci6,uhci9,uhci8,max,min,avg
0,0.0838,0.0838,0.0838,0.0838,0.0838,0.0838,0.0838,0.0838,0.0838,0.0838,0.0838,0.0838,0.0838
4,0.0838,0.0838,0.1127,0.0838,0.1098,0.1358,0.0838,0.0838,0.0838,0.0838,0.1358,0.0838,0.0945
5,0.4595,0.3988,0.4566,0.1243,0.3988,0.4104,0.1127,0.0838,0.1098,0.1416,0.4595,0.0838,0.2696
6,0.4624,0.4595,0.4595,0.4104,0.4624,0.474,0.4538,0.4538,0.3988,0.396,0.474,0.396,0.4431
7,0.4624,0.4711,0.4595,0.4711,0.4624,0.474,0.4624,0.4624,0.4624,0.4624,0.474,0.4595,0.465
8,0.474,0.4711,0.4769,0.4711,0.4624,0.474,0.4624,0.4624,0.4624,0.4624,0.4769,0.4624,0.4679
9,0.4769,0.4711,0.4769,0.4711,0.4624,0.474,0.4624,0.4624,0.4624,0.4624,0.4769,0.4624,0.4682
10,0.4769,0.4711,0.4769,0.4711,0.4653,0.4769,0.4624,0.4624,0.4624,0.4624,0.4769,0.4624,0.4688
11,0.4798,0.474,0.4769,0.5549,0.4653,0.4769,0.4653,0.4653,0.4769,0.4653,0.5549,0.4653,0.4801
12,0.4798,0.474,0.4769,0.5549,0.4653,0.4798,0.4653,0.4653,0.4769,0.4653,0.5549,0.4653,0.4803
13,0.4798,0.474,0.4769,0.5549,0.4769,0.4798,0.4769,0.4653,0.4769,0.4653,0.5549,0.4653,0.4827
14,0.4798,0.474,0.4769,0.5549,0.4769,0.4798,0.4769,0.4653,0.4769,0.4653,0.5549,0.4653,0.4827
15,0.4798,0.4769,0.4769,0.5549,0.4769,0.4798,0.5578,0.4653,0.4769,0.4769,0.5578,0.4653,0.4922
16,0.4798,0.4769,0.4769,0.5549,0.4769,0.4798,0.5578,0.4769,0.4769,0.4769,0.5578,0.4769,0.4934
17,0.4798,0.4769,0.4769,0.5549,0.4769,0.4798,0.5578,0.4769,0.4769,0.4769,0.5578,0.4769,0.4934
18,0.4798,0.4769,0.4769,0.5549,0.4769,0.4798,0.5607,0.4769,0.4769,0.4769,0.5607,0.4769,0.4937
19,0.4798,0.4769,0.4769,0.5549,0.4769,0.4798,0.5607,0.4769,0.4769,0.4769,0.5607,0.4769,0.4937
20,0.4798,0.4769,0.4769,0.5549,0.4769,0.5607,0.5607,0.4769,0.4769,0.4769,0.5607,0.4769,0.5017
21,0.4798,0.4769,0.4769,0.5549,0.4769,0.5607,0.5607,0.4769,0.4769,0.4769,0.5607,0.4769,0.5017
22,0.4798,0.4769,0.4769,0.5549,0.4769,0.5607,0.5607,0.4769,0.4769,0.4769,0.5607,0.4769,0.5017
23,0.4798,0.4769,0.4769,0.5549,0.4769,0.5607,0.5607,0.4769,0.4769,0.4769,0.5607,0.4769,0.5017
24,0.4798,0.4769,0.4769,0.5549,0.4769,0.5607,0.5607,0.4769,0.4769,0.4769,0.5607,0.4769,0.5017
25,0.4798,0.4769,0.4769,0.5549,0.4769,0.5607,0.5607,0.4769,0.4769,0.4769,0.5607,0.4769,0.5017
26,0.4798,0.4769,0.4769,0.5549,0.4769,0.5607,0.5607,0.4769,0.4769,0.4769,0.5607,0.4769,0.5017
27,0.4798,0.4769,0.4769,0.5549,0.4769,0.5607,0.5607,0.4769,0.4769,0.4769,0.5607,0.4769,0.5017
28,0.4798,0.4769,0.4769,0.5549,0.4769,0.5607,0.5607,0.4769,0.4769,0.4769,0.5607,0.4769,0.5017
29,0.4798,0.4769,0.4769,0.5578,0.4769,0.5607,0.5607,0.4769,0.4769,0.4769,0.5607,0.4769,0.502
30,0.4798,0.4769,0.4769,0.5578,0.4769,0.5607,0.5607,0.4769,0.4769,0.4769,0.5607,0.4769,0.502
31,0.4798,0.4769,0.4769,0.5578,0.4769,0.5607,0.5607,0.4769,0.4769,0.4769,0.5607,0.4769,0.502
32,0.4798,0.4769,0.4769,0.5578,0.4769,0.5607,0.5607,0.4769,0.4769,0.4769,0.5607,0.4769,0.502
33,0.4798,0.4769,0.4769,0.5578,0.4769,0.5607,0.5607,0.4769,0.4769,0.4769,0.5607,0.4769,0.502
34,0.4798,0.4769,0.4769,0.5607,0.4769,0.5607,0.5723,0.4769,0.4769,0.4769,0.5723,0.4769,0.5035
35,0.4798,0.4769,0.4769,0.5607,0.4769,0.5607,0.5723,0.4769,0.4769,0.4769,0.5723,0.4769,0.5035
36,0.4798,0.4769,0.4798,0.5607,0.4769,0.5607,0.5723,0.4769,0.4769,0.4769,0.5723,0.4769,0.5038
37,0.4798,0.4769,0.4798,0.5607,0.4769,0.5607,0.5723,0.4769,0.4769,0.4769,0.5723,0.4769,0.5038
38,0.4798,0.4769,0.4798,0.5607,0.4769,0.5607,0.5723,0.4769,0.4769,0.4769,0.5723,0.4769,0.5038
39,0.4798,0.4769,0.4798,0.5607,0.4769,0.5607,0.5723,0.4769,0.4769,0.4769,0.5723,0.4769,0.5038
40,0.4798,0.4769,0.4798,0.5607,0.4769,0.5607,0.5723,0.4769,0.4769,0.4798,0.5723,0.4769,0.5041
41,0.4798,0.4769,0.4798,0.5607,0.4769,0.5607,0.5723,0.4769,0.4769,0.4798,0.5723,0.4769,0.5041
42,0.4798,0.4769,0.4798,0.5607,0.4769,0.5607,0.5723,0.4769,0.4769,0.4798,0.5723,0.4769,0.5041
43,0.4798,0.4769,0.4798,0.5607,0.4769,0.5607,0.5723,0.4769,0.4769,0.4798,0.5723,0.4769,0.5041
44,0.4798,0.4769,0.4798,0.5607,0.4769,0.5607,0.5751,0.4769,0.4769,0.4798,0.5751,0.4769,0.5043
45,0.4798,0.4769,0.4798,0.5607,0.4769,0.5607,0.5751,0.4769,0.4769,0.4798,0.5751,0.4769,0.5043
46,0.4798,0.4769,0.4798,0.5607,0.4769,0.5607,0.5751,0.4769,0.4769,0.4798,0.5751,0.4769,0.5043
47,0.4798,0.4769,0.4798,0.5607,0.4769,0.5607,0.5751,0.4769,0.4769,0.4798,0.5751,0.4769,0.5043
48,0.4798,0.4769,0.4798,0.5607,0.4769,0.5607,0.5751,0.4769,0.4769,0.4798,0.5751,0.4769,0.5043
49,0.4798,0.4769,0.4798,0.5607,0.4769,0.5607,0.5751,0.4769,0.4769,0.4798,0.5751,0.4769,0.5043
50,0.4798,0.4769,0.4798,0.5607,0.4769,0.5607,0.5751,0.4769,0.4798,0.4798,0.5751,0.4769,0.5046
51,0.4798,0.4769,0.4798,0.5607,0.4769,0.5607,0.5751,0.4769,0.4798,0.4798,0.5751,0.4769,0.5046
52,0.4798,0.4769,0.4798,0.5607,0.4769,0.5607,0.5751,0.4798,0.4798,0.4798,0.5751,0.4769,0.5049
53,0.4798,0.4769,0.4798,0.5607,0.4769,0.5607,0.5751,0.4798,0.4798,0.4798,0.5751,0.4769,0.5049
54,0.4798,0.4769,0.4798,0.5607,0.4769,0.5607,0.5751,0.4798,0.4798,0.4798,0.5751,0.4769,0.5049
55,0.4798,0.4769,0.4798,0.5607,0.4769,0.5607,0.5751,0.4798,0.4798,0.4798,0.5751,0.4769,0.5049
56,0.4798,0.4769,0.4798,0.5607,0.4769,0.5607,0.5751,0.4798,0.4798,0.4798,0.5751,0.4769,0.5049
57,0.4798,0.4769,0.4798,0.5607,0.4798,0.5607,0.5751,0.4798,0.4798,0.4798,0.5751,0.4769,0.5052
58,0.4798,0.4769,0.4798,0.5607,0.4798,0.5607,0.5751,0.4798,0.4798,0.4798,0.5751,0.4769,0.5052
59,0.4798,0.4769,0.4798,0.5607,0.4798,0.5607,0.5751,0.4798,0.4798,0.4798,0.5751,0.4769,0.5052
60,0.4798,0.4769,0.4798,0.5607,0.4798,0.5607,0.5751,0.4798,0.4798,0.4798,0.5751,0.4769,0.5052
61,0.4798,0.4769,0.4798,0.5607,0.4798,0.5607,0.5751,0.4798,0.4798,0.4798,0.5751,0.4769,0.5052
62,0.4798,0.4769,0.4798,0.5607,0.4798,0.5607,0.5751,0.4798,0.4798,0.4798,0.5751,0.4769,0.5052
63,0.4798,0.4769,0.4798,0.5607,0.4798,0.5607,0.5751,0.4798,0.4798,0.4798,0.5751,0.4769,0.5052
64,0.4798,0.4769,0.4798,0.5607,0.4798,0.5607,0.5751,0.4798,0.4798,0.4798,0.5751,0.4769,0.5052
65,0.4798,0.4769,0.4798,0.5607,0.4798,0.5607,0.5751,0.4798,0.4798,0.4798,0.5751,0.4769,0.5052
66,0.4798,0.4769,0.4798,0.5607,0.4798,0.5607,0.5751,0.4798,0.4798,0.4798,0.5751,0.4769,0.5052
67,0.4798,0.4769,0.4798,0.5607,0.4798,0.5607,0.5751,0.4798,0.4798,0.4798,0.5751,0.4769,0.5052
68,0.4798,0.4769,0.4798,0.5607,0.4798,0.5607,0.5751,0.4798,0.4798,0.4798,0.5751,0.4769,0.5052
69,0.4798,0.4769,0.4798,0.5607,0.4798,0.5607,0.5751,0.4798,0.4798,0.4798,0.5751,0.4769,0.5052
70,0.4798,0.4769,0.4798,0.5607,0.4798,0.5607,0.5751,0.4798,0.4798,0.4798,0.5751,0.4769,0.5052
71,0.4798,0.4769,0.4798,0.5607,0.4798,0.5607,0.5751,0.4798,0.4798,0.4798,0.5751,0.4769,0.5052
72,0.4798,0.4769,0.4798,0.5607,0.4798,0.5607,0.5751,0.4798,0.4798,0.4798,0.5751,0.4769,0.5052
73,0.4798,0.4769,0.4798,0.5607,0.4798,0.5607,0.5751,0.4798,0.4798,0.4798,0.5751,0.4769,0.5052
74,0.4798,0.4769,0.4798,0.5607,0.4798,0.5607,0.5751,0.4798,0.4798,0.4798,0.5751,0.4769,0.5052
75,0.5607,0.4769,0.4798,0.5607,0.4798,0.5607,0.5751,0.4798,0.4798,0.4798,0.5751,0.4769,0.5133
76,0.5607,0.4769,0.4798,0.5607,0.4798,0.5607,0.5751,0.4798,0.4798,0.4798,0.5751,0.4769,0.5133
77,0.5607,0.4769,0.4798,0.5607,0.4798,0.5607,0.5751,0.4798,0.4798,0.4798,0.5751,0.4769,0.5133
78,0.5607,0.4769,0.4798,0.5607,0.4798,0.5607,0.5751,0.4798,0.4798,0.4798,0.5751,0.4769,0.5133
79,0.5607,0.4769,0.4798,0.5607,0.4798,0.5607,0.5751,0.4798,0.4798,0.4798,0.5751,0.4769,0.5133
80,0.5607,0.4769,0.4798,0.5607,0.4798,0.5607,0.5751,0.4798,0.4798,0.4798,0.5751,0.4769,0.5133
81,0.5607,0.4798,0.4798,0.5607,0.4798,0.5607,0.5751,0.4798,0.4798,0.4798,0.5751,0.4798,0.5136
82,0.5607,0.4798,0.4798,0.5607,0.4798,0.5607,0.5751,0.4798,0.4798,0.4798,0.5751,0.4798,0.5136
83,0.5607,0.4798,0.4798,0.5607,0.4798,0.5607,0.5751,0.4798,0.4798,0.4798,0.5751,0.4798,0.5136
84,0.5607,0.4798,0.4798,0.5607,0.4798,0.5607,0.5751,0.4798,0.4798,0.4798,0.5751,0.4798,0.5136
85,0.5607,0.4798,0.4798,0.5607,0.4798,0.5607,0.5751,0.4798,0.4798,0.4798,0.5751,0.4798,0.5136
86,0.5607,0.4798,0.5607,0.5607,0.4798,0.5607,0.5751,0.4798,0.4798,0.4798,0.5751,0.4798,0.5217
87,0.5607,0.4798,0.5607,0.5607,0.4798,0.5607,0.5751,0.4798,0.4798,0.4798,0.5751,0.4798,0.5217
88,0.5607,0.4798,0.5607,0.5607,0.4798,0.5607,0.5751,0.4798,0.4798,0.4798,0.5751,0.4798,0.5217
89,0.5607,0.4798,0.5607,0.5607,0.4798,0.5607,0.5751,0.4798,0.4798,0.4798,0.5751,0.4798,0.5217
90,0.5607,0.4798,0.5607,0.5607,0.4798,0.5607,0.5751,0.4798,0.4798,0.4798,0.5751,0.4798,0.5217
91,0.5607,0.4798,0.5607,0.5607,0.4798,0.5607,0.5751,0.4798,0.4798,0.4798,0.5751,0.4798,0.5217
92,0.5607,0.4798,0.5607,0.5607,0.4798,0.5607,0.5751,0.4798,0.4798,0.4798,0.5751,0.4798,0.5217
93,0.5607,0.4798,0.5607,0.5607,0.4798,0.5607,0.5751,0.4798,0.4798,0.4798,0.5751,0.4798,0.5217
94,0.5607,0.4798,0.5607,0.5607,0.4798,0.5607,0.5751,0.4798,0.4798,0.4798,0.5751,0.4798,0.5217
95,0.5607,0.4798,0.5607,0.5607,0.4798,0.5607,0.5751,0.4798,0.4798,0.4798,0.5751,0.4798,0.5217
96,0.5607,0.4798,0.5607,0.5607,0.4798,0.5607,0.5751,0.4798,0.4798,0.4798,0.5751,0.4798,0.5217
97,0.5607,0.4798,0.5607,0.5607,0.4798,0.5607,0.5751,0.4798,0.4798,0.4798,0.5751,0.4798,0.5217
98,0.5607,0.4798,0.5607,0.5607,0.4798,0.5607,0.5751,0.4798,0.4798,0.4798,0.5751,0.4798,0.5217
99,0.5607,0.4798,0.5607,0.5607,0.4798,0.5607,0.5751,0.4798,0.4798,0.4798,0.5751,0.4798,0.5217
100,0.5607,0.4798,0.5607,0.5607,0.4798,0.5607,0.5751,0.4798,0.4798,0.4798,0.5751,0.4798,0.5217
101,0.5607,0.4798,0.5607,0.5607,0.4798,0.5607,0.5751,0.4798,0.4798,0.4798,0.5751,0.4798,0.5217
102,0.5607,0.4798,0.5607,0.5607,0.4798,0.5607,0.5751,0.4798,0.4798,0.4798,0.5751,0.4798,0.5217
103,0.5607,0.4798,0.5607,0.5607,0.4798,0.5607,0.5751,0.4798,0.4798,0.4798,0.5751,0.4798,0.5217
104,0.5607,0.4798,0.5607,0.5607,0.4798,0.5607,0.5751,0.4798,0.4798,0.4798,0.5751,0.4798,0.5217
105,0.5607,0.4798,0.5607,0.5607,0.4798,0.5607,0.5751,0.4798,0.4798,0.4798,0.5751,0.4798,0.5217
106,0.5607,0.4798,0.5607,0.5607,0.4798,0.5607,0.5751,0.4798,0.4798,0.4798,0.5751,0.4798,0.5217
107,0.5607,0.4798,0.5607,0.5607,0.4798,0.5607,0.5751,0.4798,0.4798,0.4798,0.5751,0.4798,0.5217
108,0.5607,0.4798,0.5607,0.5607,0.4798,0.5607,0.5751,0.4798,0.4798,0.4798,0.5751,0.4798,0.5217
109,0.5607,0.4798,0.5607,0.5607,0.4798,0.5607,0.5751,0.4798,0.4798,0.4798,0.5751,0.4798,0.5217
110,0.5607,0.4798,0.5607,0.5607,0.4798,0.5607,0.5751,0.4798,0.4798,0.4798,0.5751,0.4798,0.5217
111,0.5607,0.4798,0.5607,0.5607,0.4798,0.5751,0.5751,0.4798,0.4798,0.4798,0.5751,0.4798,0.5231
112,0.5607,0.4798,0.5607,0.5607,0.4798,0.5751,0.5751,0.4798,0.4798,0.4798,0.5751,0.4798,0.5231
113,0.5607,0.4798,0.5607,0.5607,0.4798,0.5751,0.5751,0.4798,0.4798,0.4798,0.5751,0.4798,0.5231
114,0.5607,0.4798,0.5607,0.5607,0.4798,0.5751,0.5751,0.4798,0.4798,0.4798,0.5751,0.4798,0.5231
115,0.5607,0.4798,0.5607,0.5607,0.4798,0.5751,0.5751,0.4798,0.4798,0.4798,0.5751,0.4798,0.5231
116,0.5607,0.4798,0.5607,0.5607,0.4798,0.5751,0.5751,0.4798,0.4798,0.4798,0.5751,0.4798,0.5231
117,0.5607,0.4798,0.5607,0.5607,0.4798,0.5751,0.5751,0.4798,0.4798,0.4798,0.5751,0.4798,0.5231
118,0.5607,0.4798,0.5607,0.5607,0.4798,0.5751,0.5751,0.4798,0.4798,0.4798,0.5751,0.4798,0.5231
119,0.5607,0.4798,0.5607,0.5607,0.4798,0.5751,0.5751,0.4798,0.4798,0.4798,0.5751,0.4798,0.5231
120,0.5607,0.4798,0.5607,0.5607,0.4798,0.5751,0.5751,0.4798,0.4798,0.4798,0.5751,0.4798,0.5231
121,0.5607,0.4798,0.5607,0.5607,0.4798,0.5751,0.5751,0.4798,0.4798,0.4798,0.5751,0.4798,0.5231
122,0.5607,0.4798,0.5607,0.5607,0.4798,0.5751,0.5751,0.4798,0.4798,0.4798,0.5751,0.4798,0.5231
123,0.5607,0.4798,0.5607,0.5607,0.4798,0.5751,0.5751,0.4798,0.4798,0.4798,0.5751,0.4798,0.5231
124,0.5607,0.4798,0.5607,0.5607,0.4798,0.5751,0.5751,0.4798,0.4798,0.4798,0.5751,0.4798,0.5231
125,0.5607,0.4798,0.5607,0.5607,0.4798,0.5751,0.5751,0.4798,0.4798,0.4798,0.5751,0.4798,0.5231
126,0.5607,0.4798,0.5607,0.5607,0.4798,0.5751,0.5751,0.4798,0.4798,0.4798,0.5751,0.4798,0.5231
127,0.5607,0.4798,0.5607,0.5607,0.4798,0.5751,0.5751,0.4798,0.4798,0.4798,0.5751,0.4798,0.5231
128,0.5607,0.4798,0.5607,0.5607,0.4798,0.5751,0.5751,0.4798,0.4798,0.4798,0.5751,0.4798,0.5231
129,0.5607,0.4798,0.5607,0.5607,0.4798,0.5751,0.5751,0.4798,0.4798,0.4798,0.5751,0.4798,0.5231
130,0.5607,0.4798,0.5607,0.5607,0.4798,0.5751,0.5751,0.4798,0.4798,0.4798,0.5751,0.4798,0.5231
131,0.5607,0.4798,0.5607,0.5607,0.4798,0.5751,0.5751,0.4798,0.4798,0.4798,0.5751,0.4798,0.5231
132,0.5607,0.4798,0.5607,0.5607,0.4798,0.5751,0.5751,0.4798,0.4798,0.4798,0.5751,0.4798,0.5231
133,0.5607,0.4798,0.5607,0.5607,0.4798,0.5751,0.5751,0.4798,0.4798,0.4798,0.5751,0.4798,0.5231
134,0.5607,0.4798,0.5607,0.5607,0.4798,0.5751,0.5751,0.4798,0.4798,0.4798,0.5751,0.4798,0.5231
135,0.5607,0.4798,0.5607,0.5607,0.4798,0.5751,0.5751,0.4798,0.4798,0.4798,0.5751,0.4798,0.5231
136,0.5607,0.4798,0.5607,0.5607,0.4798,0.5751,0.5751,0.4798,0.4798,0.4798,0.5751,0.4798,0.5231
137,0.5607,0.4798,0.5607,0.5607,0.4798,0.5751,0.5751,0.4798,0.4798,0.4798,0.5751,0.4798,0.5231
138,0.5607,0.4798,0.5607,0.5607,0.4798,0.5751,0.5751,0.4798,0.4798,0.4798,0.5751,0.4798,0.5231
139,0.5607,0.4798,0.5607,0.5607,0.4798,0.5751,0.5751,0.4798,0.4798,0.4798,0.5751,0.4798,0.5231
140,0.5607,0.4798,0.5607,0.5607,0.4798,0.5751,0.5751,0.4798,0.4798,0.4798,0.5751,0.4798,0.5231
141,0.5607,0.4798,0.5607,0.5607,0.4798,0.5751,0.5751,0.4798,0.4798,0.4798,0.5751,0.4798,0.5231
142,0.5607,0.4798,0.5607,0.5607,0.4798,0.5751,0.5751,0.4798,0.4798,0.4798,0.5751,0.4798,0.5231
143,0.5607,0.4798,0.5607,0.5607,0.4798,0.5751,0.5751,0.4798,0.4798,0.4798,0.5751,0.4798,0.5231
144,0.5607,0.4798,0.5694,0.5607,0.4798,0.5751,0.5751,0.4798,0.4798,0.4798,0.5751,0.4798,0.524
145,0.5607,0.4798,0.5694,0.5607,0.4798,0.5751,0.5751,0.4798,0.4798,0.4798,0.5751,0.4798,0.524
146,0.5607,0.4798,0.5694,0.5607,0.4798,0.5809,0.5751,0.4798,0.4798,0.4798,0.5809,0.4798,0.5246
147,0.5607,0.4798,0.5694,0.5607,0.4798,0.5809,0.5751,0.4798,0.4798,0.4798,0.5809,0.4798,0.5246
148,0.5607,0.4798,0.5694,0.5607,0.4798,0.5809,0.5751,0.4798,0.4798,0.4798,0.5809,0.4798,0.5246
149,0.5607,0.4798,0.5694,0.5607,0.4798,0.5809,0.5751,0.4798,0.4798,0.4798,0.5809,0.4798,0.5246
150,0.5607,0.4798,0.5694,0.5607,0.4798,0.5809,0.5751,0.4798,0.4798,0.4798,0.5809,0.4798,0.5246
151,0.5607,0.4798,0.5694,0.5607,0.4798,0.5809,0.5751,0.4798,0.4798,0.4798,0.5809,0.4798,0.5246
152,0.5607,0.4798,0.5694,0.5607,0.4798,0.5809,0.5751,0.4798,0.4798,0.4798,0.5809,0.4798,0.5246
153,0.5607,0.4798,0.5694,0.5607,0.4798,0.5809,0.5751,0.4798,0.4798,0.4798,0.5809,0.4798,0.5246
154,0.5607,0.4798,0.5694,0.5607,0.4798,0.5809,0.5751,0.4798,0.4798,0.4798,0.5809,0.4798,0.5246
155,0.5607,0.4798,0.5694,0.5607,0.4798,0.5809,0.5751,0.4798,0.4798,0.4798,0.5809,0.4798,0.5246
156,0.5607,0.4798,0.5694,0.5607,0.4798,0.5809,0.5751,0.4798,0.4798,0.4798,0.5809,0.4798,0.5246
157,0.5607,0.4798,0.5694,0.5607,0.4798,0.5809,0.5751,0.4798,0.4798,0.4798,0.5809,0.4798,0.5246
158,0.5607,0.4798,0.5694,0.5607,0.4798,0.5809,0.5751,0.4798,0.4798,0.4798,0.5809,0.4798,0.5246
159,0.5607,0.4798,0.578,0.5607,0.4798,0.5809,0.5751,0.4798,0.4798,0.4798,0.5809,0.4798,0.5254
160,0.5607,0.4798,0.578,0.5607,0.4798,0.5809,0.5751,0.4798,0.4798,0.4798,0.5809,0.4798,0.5254
161,0.5607,0.4798,0.578,0.5607,0.4798,0.5809,0.5751,0.4798,0.4798,0.4798,0.5809,0.4798,0.5254
162,0.5607,0.4798,0.578,0.5607,0.4798,0.5809,0.5751,0.4798,0.4798,0.4798,0.5809,0.4798,0.5254
163,0.5607,0.4798,0.578,0.5607,0.4798,0.5809,0.5751,0.4798,0.4798,0.4798,0.5809,0.4798,0.5254
164,0.5607,0.4798,0.578,0.5607,0.4798,0.5809,0.5751,0.4798,0.4798,0.4798,0.5809,0.4798,0.5254
165,0.5607,0.4798,0.578,0.5607,0.4798,0.5809,0.5751,0.4798,0.4798,0.4798,0.5809,0.4798,0.5254
166,0.5607,0.4798,0.578,0.5607,0.4798,0.5809,0.5751,0.5607,0.4798,0.4798,0.5809,0.4798,0.5335
167,0.5607,0.4798,0.5809,0.5607,0.4798,0.5809,0.5751,0.5607,0.4798,0.4798,0.5809,0.4798,0.5338
168,0.5607,0.4798,0.5809,0.5607,0.4798,0.5809,0.5751,0.5607,0.4798,0.4798,0.5809,0.4798,0.5338
169,0.5607,0.4798,0.5809,0.5607,0.4798,0.5809,0.5751,0.5607,0.4798,0.4798,0.5809,0.4798,0.5338
170,0.5607,0.4798,0.5809,0.5607,0.4798,0.5809,0.5751,0.5607,0.4798,0.4798,0.5809,0.4798,0.5338
171,0.5607,0.4798,0.5809,0.5607,0.4798,0.5809,0.5751,0.5607,0.4798,0.4798,0.5809,0.4798,0.5338
172,0.5607,0.4798,0.5809,0.5607,0.4798,0.5809,0.5751,0.5607,0.4798,0.4798,0.5809,0.4798,0.5338
173,0.5607,0.4798,0.5809,0.5607,0.4798,0.5809,0.5751,0.5607,0.4798,0.4798,0.5809,0.4798,0.5338
174,0.5607,0.4798,0.5809,0.5607,0.4798,0.5809,0.5751,0.5607,0.4798,0.4798,0.5809,0.4798,0.5338
175,0.5607,0.4798,0.5809,0.5607,0.4798,0.5809,0.5751,0.5607,0.4798,0.4798,0.5809,0.4798,0.5338
176,0.5607,0.4798,0.5809,0.5607,0.4798,0.5809,0.5751,0.5607,0.4798,0.4798,0.5809,0.4798,0.5338
177,0.5607,0.4798,0.5809,0.5607,0.4798,0.5809,0.5751,0.5607,0.4798,0.4798,0.5809,0.4798,0.5338
178,0.5607,0.4798,0.5809,0.5607,0.4798,0.5809,0.5751,0.5607,0.4798,0.4798,0.5809,0.4798,0.5338
179,0.5607,0.4798,0.5809,0.5607,0.4798,0.5809,0.5751,0.5607,0.4798,0.4798,0.5809,0.4798,0.5338
180,0.5607,0.4798,0.5809,0.5607,0.4798,0.5809,0.5751,0.5607,0.4798,0.4798,0.5809,0.4798,0.5338
181,0.5607,0.4798,0.5809,0.5607,0.4798,0.5809,0.5751,0.5607,0.4798,0.4798,0.5809,0.4798,0.5338
182,0.5607,0.4798,0.5809,0.5607,0.4798,0.5809,0.5751,0.5607,0.4798,0.4798,0.5809,0.4798,0.5338
183,0.5607,0.4798,0.5809,0.5607,0.4798,0.5809,0.5751,0.5607,0.4798,0.4798,0.5809,0.4798,0.5338
184,0.5607,0.4798,0.5809,0.5607,0.4798,0.5809,0.5751,0.5607,0.4798,0.4798,0.5809,0.4798,0.5338
185,0.5607,0.4798,0.5809,0.5607,0.4798,0.5809,0.5751,0.5665,0.4798,0.4798,0.5809,0.4798,0.5344
186,0.5607,0.4798,0.5809,0.5607,0.4798,0.5809,0.5751,0.5665,0.4798,0.4798,0.5809,0.4798,0.5344
187,0.5751,0.4798,0.5809,0.5607,0.4798,0.5809,0.5751,0.5665,0.4798,0.4798,0.5809,0.4798,0.5358
188,0.5751,0.4798,0.5809,0.5607,0.4798,0.5809,0.5751,0.5665,0.4798,0.4798,0.5809,0.4798,0.5358
189,0.5751,0.4798,0.5809,0.5607,0.4798,0.5809,0.5751,0.5665,0.4798,0.5607,0.5809,0.4798,0.5439
190,0.5751,0.4798,0.5809,0.5607,0.4798,0.5809,0.5751,0.5665,0.4798,0.5607,0.5809,0.4798,0.5439
191,0.5751,0.4798,0.5809,0.5607,0.4798,0.5809,0.5751,0.5665,0.4798,0.5607,0.5809,0.4798,0.5439
192,0.5751,0.5607,0.5809,0.5607,0.4798,0.5809,0.5751,0.5665,0.5607,0.5607,0.5809,0.4798,0.5601
193,0.578,0.5607,0.5809,0.5607,0.4798,0.5809,0.5751,0.5665,0.5607,0.5607,0.5809,0.4798,0.5604
194,0.578,0.5607,0.5809,0.5607,0.4798,0.5809,0.5751,0.5665,0.5607,0.5607,0.5809,0.4798,0.5604
195,0.578,0.5607,0.5809,0.5607,0.4798,0.5809,0.5751,0.5665,0.5607,0.5607,0.5809,0.4798,0.5604
196,0.578,0.5607,0.5809,0.5607,0.4798,0.5809,0.5751,0.5665,0.5607,0.5607,0.5809,0.4798,0.5604
197,0.578,0.5607,0.5809,0.5607,0.4798,0.5809,0.5751,0.5665,0.5607,0.5607,0.5809,0.4798,0.5604
198,0.578,0.5607,0.5809,0.5607,0.4798,0.5809,0.5751,0.5665,0.5607,0.5607,0.5809,0.4798,0.5604
199,0.578,0.5607,0.5809,0.5607,0.4798,0.5809,0.5751,0.5665,0.5607,0.5607,0.5809,0.4798,0.5604
200,0.578,0.5607,0.5809,0.5607,0.4798,0.5809,0.5751,0.5665,0.5607,0.5607,0.5809,0.4798,0.5604
201,0.578,0.5607,0.5809,0.5607,0.4798,0.5809,0.5751,0.5665,0.5607,0.5607,0.5809,0.4798,0.5604
202,0.578,0.5607,0.5809,0.5607,0.4798,0.5809,0.5751,0.5665,0.5607,0.5607,0.5809,0.4798,0.5604
203,0.578,0.5607,0.5809,0.5607,0.4798,0.5809,0.5751,0.5665,0.5607,0.5607,0.5809,0.4798,0.5604
204,0.578,0.5607,0.5809,0.5607,0.4798,0.5809,0.5751,0.5665,0.5607,0.5607,0.5809,0.4798,0.5604
205,0.578,0.5607,0.5809,0.5607,0.4798,0.5809,0.5751,0.5665,0.5607,0.5607,0.5809,0.4798,0.5604
206,0.578,0.5607,0.5809,0.5607,0.4798,0.5809,0.5751,0.5665,0.5607,0.5607,0.5809,0.4798,0.5604
207,0.578,0.5607,0.5809,0.5607,0.4798,0.5809,0.5751,0.5665,0.5607,0.5607,0.5809,0.4798,0.5604
208,0.578,0.5607,0.5809,0.5607,0.4798,0.5809,0.5751,0.5665,0.5607,0.5723,0.5809,0.4798,0.5616
209,0.578,0.5607,0.5809,0.5607,0.4798,0.5809,0.5751,0.5665,0.5607,0.5723,0.5809,0.4798,0.5616
210,0.578,0.5607,0.5809,0.5607,0.4798,0.5809,0.5751,0.5665,0.5607,0.5723,0.5809,0.4798,0.5616
211,0.578,0.5607,0.5809,0.5607,0.4798,0.5809,0.5751,0.5665,0.5607,0.5723,0.5809,0.4798,0.5616
212,0.578,0.5607,0.5809,0.5607,0.4798,0.5809,0.5751,0.5665,0.5607,0.5723,0.5809,0.4798,0.5616
213,0.578,0.5607,0.5809,0.5607,0.4798,0.5809,0.5751,0.5665,0.5607,0.5723,0.5809,0.4798,0.5616
214,0.578,0.5607,0.5809,0.5607,0.4798,0.5809,0.5751,0.5665,0.5607,0.5723,0.5809,0.4798,0.5616
215,0.578,0.5607,0.5809,0.5607,0.4798,0.5809,0.5751,0.5665,0.5607,0.5723,0.5809,0.4798,0.5616
216,0.578,0.5607,0.5809,0.5607,0.4798,0.5809,0.5751,0.5665,0.5607,0.5723,0.5809,0.4798,0.5616
217,0.578,0.5607,0.5809,0.5607,0.4798,0.5809,0.5751,0.5665,0.5607,0.5723,0.5809,0.4798,0.5616
218,0.578,0.5607,0.5809,0.5607,0.4798,0.5809,0.5751,0.5665,0.5607,0.5723,0.5809,0.4798,0.5616
219,0.578,0.5607,0.5809,0.5607,0.4798,0.5809,0.5751,0.5665,0.5607,0.5723,0.5809,0.4798,0.5616
220,0.578,0.5607,0.5809,0.5607,0.4798,0.5809,0.5751,0.5665,0.5607,0.5723,0.5809,0.4798,0.5616
221,0.578,0.5607,0.5809,0.5607,0.4798,0.5809,0.5751,0.5665,0.5607,0.5723,0.5809,0.4798,0.5616
222,0.578,0.5607,0.5809,0.5607,0.4798,0.5809,0.5751,0.5665,0.5607,0.5723,0.5809,0.4798,0.5616
223,0.578,0.5607,0.5809,0.5607,0.4798,0.5809,0.5751,0.5665,0.5607,0.5723,0.5809,0.4798,0.5616
224,0.578,0.5607,0.5809,0.5607,0.4798,0.5809,0.5751,0.5665,0.5607,0.5723,0.5809,0.4798,0.5616
225,0.578,0.5607,0.5809,0.5607,0.4798,0.5809,0.5751,0.5665,0.5607,0.5723,0.5809,0.4798,0.5616
226,0.578,0.5607,0.5809,0.5607,0.4798,0.5809,0.5751,0.5665,0.5607,0.5723,0.5809,0.4798,0.5616
227,0.578,0.5607,0.5809,0.5607,0.4798,0.5809,0.5751,0.5665,0.5607,0.5723,0.5809,0.4798,0.5616
228,0.578,0.5607,0.5809,0.5607,0.4798,0.5809,0.5751,0.5665,0.5607,0.5723,0.5809,0.4798,0.5616
229,0.578,0.5607,0.5809,0.5607,0.4798,0.5809,0.5751,0.5665,0.5607,0.5723,0.5809,0.4798,0.5616
230,0.578,0.5607,0.5809,0.5607,0.4798,0.5809,0.5751,0.5665,0.5607,0.5723,0.5809,0.4798,0.5616
231,0.578,0.5607,0.5809,0.5607,0.4798,0.5809,0.5751,0.5665,0.5607,0.5723,0.5809,0.4798,0.5616
232,0.578,0.5607,0.5809,0.5607,0.4798,0.5809,0.5751,0.5665,0.5607,0.5723,0.5809,0.4798,0.5616
233,0.578,0.5607,0.5809,0.5607,0.4798,0.5809,0.5751,0.5665,0.5607,0.5723,0.5809,0.4798,0.5616
234,0.578,0.5607,0.5809,0.5607,0.4798,0.5809,0.5751,0.5665,0.5607,0.5723,0.5809,0.4798,0.5616
235,0.578,0.5607,0.5809,0.5607,0.4798,0.5809,0.5751,0.5665,0.5607,0.5723,0.5809,0.4798,0.5616
236,0.578,0.5607,0.5809,0.5607,0.4798,0.5809,0.5751,0.5665,0.5607,0.5723,0.5809,0.4798,0.5616
237,0.578,0.5607,0.5809,0.5607,0.4798,0.5809,0.5751,0.5665,0.5607,0.5723,0.5809,0.4798,0.5616
238,0.578,0.5607,0.5809,0.5607,0.4798,0.5809,0.5751,0.5665,0.5607,0.5723,0.5809,0.4798,0.5616
239,0.578,0.5607,0.5809,0.5607,0.4798,0.5809,0.5751,0.5665,0.5607,0.5723,0.5809,0.4798,0.5616
240,0.578,0.5607,0.5809,0.5607,0.4798,0.5809,0.5751,0.5665,0.5607,0.5723,0.5809,0.4798,0.5616
241,0.578,0.5607,0.5809,0.5607,0.4798,0.5809,0.5751,0.5665,0.5607,0.5723,0.5809,0.4798,0.5616
242,0.578,0.5607,0.5809,0.5607,0.4798,0.5809,0.5751,0.5665,0.5607,0.5723,0.5809,0.4798,0.5616
243,0.578,0.5607,0.5809,0.5607,0.4798,0.5809,0.5751,0.5665,0.5607,0.5723,0.5809,0.4798,0.5616
244,0.578,0.5607,0.5809,0.5607,0.4798,0.5809,0.5751,0.5665,0.5607,0.5723,0.5809,0.4798,0.5616
245,0.578,0.5607,0.5809,0.5607,0.4798,0.5809,0.5751,0.5665,0.5607,0.5723,0.5809,0.4798,0.5616
246,0.578,0.5607,0.5809,0.5607,0.4798,0.5809,0.5751,0.5665,0.5607,0.5723,0.5809,0.4798,0.5616
247,0.578,0.5607,0.5809,0.5607,0.4798,0.5809,0.5751,0.5665,0.5607,0.5723,0.5809,0.4798,0.5616
248,0.578,0.5607,0.5809,0.5607,0.4798,0.5809,0.5751,0.5665,0.5607,0.5723,0.5809,0.4798,0.5616
249,0.578,0.5607,0.5809,0.5607,0.4798,0.5809,0.5751,0.5665,0.5607,0.5723,0.5809,0.4798,0.5616
250,0.578,0.5607,0.5809,0.5607,0.4798,0.5809,0.5751,0.5665,0.5607,0.5723,0.5809,0.4798,0.5616
251,0.578,0.5607,0.5809,0.5607,0.4798,0.5809,0.5751,0.5665,0.5607,0.5723,0.5809,0.4798,0.5616
252,0.578,0.5607,0.5809,0.5607,0.4798,0.5809,0.5751,0.5665,0.5607,0.5723,0.5809,0.4798,0.5616
253,0.578,0.5607,0.5809,0.5607,0.4798,0.5809,0.5751,0.5665,0.5607,0.5723,0.5809,0.4798,0.5616
254,0.578,0.5607,0.5809,0.5607,0.4798,0.5809,0.5751,0.5665,0.5607,0.5723,0.5809,0.4798,0.5616
255,0.578,0.5607,0.5809,0.5607,0.4798,0.5809,0.5751,0.5665,0.5607,0.5723,0.5809,0.4798,0.5616
256,0.578,0.5607,0.5809,0.5607,0.4798,0.5809,0.5751,0.5665,0.5607,0.5723,0.5809,0.4798,0.5616
257,0.578,0.5607,0.5809,0.5607,0.4798,0.5809,0.5751,0.5665,0.5607,0.5723,0.5809,0.4798,0.5616
258,0.578,0.5607,0.5809,0.5607,0.4798,0.5809,0.5751,0.5665,0.5607,0.5723,0.5809,0.4798,0.5616
259,0.578,0.5607,0.5809,0.5607,0.4798,0.5809,0.5751,0.5665,0.5607,0.5723,0.5809,0.4798,0.5616
260,0.578,0.5607,0.5809,0.5607,0.4798,0.5809,0.5751,0.5665,0.5607,0.5723,0.5809,0.4798,0.5616
261,0.578,0.5607,0.5809,0.5607,0.4798,0.5809,0.5751,0.5665,0.5607,0.5723,0.5809,0.4798,0.5616
262,0.578,0.5607,0.5809,0.5607,0.4798,0.5809,0.5751,0.5665,0.5607,0.5723,0.5809,0.4798,0.5616
263,0.578,0.5607,0.5809,0.5607,0.4798,0.5809,0.5751,0.5665,0.5607,0.5723,0.5809,0.4798,0.5616
264,0.578,0.5607,0.5809,0.5607,0.4798,0.5809,0.5751,0.5665,0.5607,0.5723,0.5809,0.4798,0.5616
265,0.578,0.5607,0.5809,0.5607,0.4798,0.5809,0.5751,0.5665,0.5607,0.5723,0.5809,0.4798,0.5616
266,0.578,0.5607,0.5809,0.5607,0.4798,0.5809,0.5751,0.5665,0.5607,0.5723,0.5809,0.4798,0.5616
267,0.578,0.5607,0.5809,0.5607,0.4798,0.5809,0.5751,0.5665,0.5607,0.5723,0.5809,0.4798,0.5616
268,0.578,0.5607,0.5809,0.5607,0.4798,0.5809,0.5751,0.5665,0.5607,0.5723,0.5809,0.4798,0.5616
269,0.578,0.5607,0.5809,0.5607,0.4798,0.5809,0.5751,0.5665,0.5607,0.5723,0.5809,0.4798,0.5616
270,0.578,0.5607,0.5809,0.5607,0.4798,0.5867,0.5751,0.5665,0.5607,0.5723,0.5867,0.4798,0.5621
271,0.578,0.5607,0.5809,0.5607,0.4798,0.5867,0.5751,0.5665,0.5607,0.5723,0.5867,0.4798,0.5621
272,0.578,0.5607,0.5809,0.5607,0.4798,0.5867,0.5751,0.5665,0.5607,0.5723,0.5867,0.4798,0.5621
273,0.578,0.5607,0.5809,0.5607,0.4798,0.5867,0.5751,0.5665,0.5607,0.5723,0.5867,0.4798,0.5621
274,0.578,0.5607,0.5809,0.5607,0.4798,0.5867,0.578,0.5665,0.5607,0.5723,0.5867,0.4798,0.5624
275,0.578,0.5607,0.5809,0.5607,0.4798,0.5867,0.578,0.5665,0.5607,0.5723,0.5867,0.4798,0.5624
276,0.578,0.5607,0.5809,0.5607,0.4798,0.5867,0.578,0.5665,0.5607,0.5723,0.5867,0.4798,0.5624
277,0.578,0.5607,0.5809,0.5607,0.4798,0.5867,0.578,0.5665,0.5607,0.5723,0.5867,0.4798,0.5624
278,0.578,0.5607,0.5809,0.5607,0.4798,0.5867,0.578,0.5665,0.5607,0.5723,0.5867,0.4798,0.5624
279,0.578,0.5607,0.5809,0.5607,0.4798,0.5867,0.578,0.5665,0.5607,0.5723,0.5867,0.4798,0.5624
280,0.578,0.5607,0.5809,0.5607,0.4798,0.5867,0.578,0.5665,0.5607,0.5723,0.5867,0.4798,0.5624
281,0.578,0.5607,0.5809,0.5607,0.4798,0.5867,0.578,0.5665,0.5607,0.5723,0.5867,0.4798,0.5624
282,0.578,0.5607,0.5809,0.5607,0.4798,0.5867,0.578,0.5665,0.5607,0.5723,0.5867,0.4798,0.5624
283,0.578,0.5607,0.5809,0.5607,0.4798,0.5867,0.578,0.5665,0.5607,0.5723,0.5867,0.4798,0.5624
284,0.578,0.5607,0.5809,0.5607,0.4798,0.5867,0.578,0.5665,0.5607,0.5723,0.5867,0.4798,0.5624
285,0.578,0.5607,0.5809,0.5607,0.4798,0.5867,0.578,0.5665,0.5607,0.5723,0.5867,0.4798,0.5624
286,0.578,0.5607,0.5809,0.5607,0.4798,0.5867,0.578,0.5665,0.5607,0.5723,0.5867,0.4798,0.5624
287,0.578,0.5607,0.5809,0.5607,0.4798,0.5867,0.578,0.5665,0.5607,0.5723,0.5867,0.4798,0.5624
288,0.578,0.5607,0.5809,0.5607,0.4798,0.5867,0.578,0.5665,0.5607,0.5723,0.5867,0.4798,0.5624
289,0.578,0.5607,0.5809,0.5607,0.4798,0.5867,0.578,0.5665,0.5607,0.5723,0.5867,0.4798,0.5624
290,0.578,0.5607,0.5809,0.5607,0.4798,0.5867,0.578,0.5665,0.5607,0.5723,0.5867,0.4798,0.5624
291,0.578,0.5607,0.5809,0.5607,0.4798,0.5867,0.578,0.5665,0.5607,0.5723,0.5867,0.4798,0.5624
292,0.578,0.5607,0.5809,0.5607,0.4798,0.5867,0.578,0.5665,0.5607,0.578,0.5867,0.4798,0.563
293,0.578,0.5607,0.5809,0.5607,0.4798,0.5867,0.578,0.5665,0.5607,0.578,0.5867,0.4798,0.563
294,0.578,0.5607,0.5809,0.5607,0.4798,0.5867,0.578,0.5665,0.5607,0.578,0.5867,0.4798,0.563
295,0.578,0.5607,0.5809,0.5607,0.4798,0.5867,0.578,0.5665,0.5607,0.578,0.5867,0.4798,0.563
296,0.578,0.5607,0.5809,0.5607,0.4798,0.5867,0.578,0.5665,0.5607,0.578,0.5867,0.4798,0.563
297,0.578,0.5607,0.5809,0.5607,0.4798,0.5867,0.578,0.5665,0.5607,0.578,0.5867,0.4798,0.563
298,0.578,0.5607,0.5809,0.5607,0.4798,0.5867,0.578,0.5665,0.5607,0.578,0.5867,0.4798,0.563
299,0.578,0.5607,0.5809,0.5607,0.4798,0.5867,0.578,0.5665,0.5607,0.578,0.5867,0.4798,0.563
300,0.578,0.5607,0.5809,0.5607,0.4798,0.5867,0.578,0.5665,0.5607,0.578,0.5867,0.4798,0.563
301,0.578,0.5607,0.5809,0.5607,0.4798,0.5867,0.578,0.5665,0.5607,0.578,0.5867,0.4798,0.563
302,0.578,0.5607,0.5809,0.5607,0.4798,0.5867,0.578,0.5665,0.5607,0.578,0.5867,0.4798,0.563
303,0.578,0.5607,0.5809,0.5607,0.4798,0.5867,0.578,0.5665,0.5607,0.578,0.5867,0.4798,0.563
304,0.578,0.5607,0.5809,0.5607,0.4798,0.5867,0.578,0.5665,0.5607,0.578,0.5867,0.4798,0.563
305,0.578,0.5607,0.5809,0.5607,0.4798,0.5867,0.578,0.5665,0.5607,0.578,0.5867,0.4798,0.563
306,0.578,0.5607,0.5809,0.5607,0.4798,0.5867,0.578,0.5665,0.5607,0.578,0.5867,0.4798,0.563
307,0.578,0.5607,0.5809,0.5607,0.4798,0.5867,0.578,0.5665,0.5607,0.578,0.5867,0.4798,0.563
308,0.578,0.5607,0.5809,0.5607,0.4798,0.5867,0.578,0.5665,0.5607,0.578,0.5867,0.4798,0.563
309,0.578,0.5607,0.5809,0.5607,0.4798,0.5867,0.578,0.5665,0.5607,0.578,0.5867,0.4798,0.563
310,0.578,0.5607,0.5809,0.5607,0.4798,0.5867,0.578,0.5665,0.5607,0.578,0.5867,0.4798,0.563
311,0.578,0.5607,0.5809,0.5607,0.4798,0.5867,0.578,0.5665,0.5607,0.578,0.5867,0.4798,0.563
312,0.578,0.5607,0.5809,0.5607,0.4798,0.5867,0.578,0.5665,0.5607,0.578,0.5867,0.4798,0.563
313,0.578,0.5607,0.5809,0.5607,0.4798,0.5867,0.578,0.5665,0.5607,0.578,0.5867,0.4798,0.563
314,0.578,0.5607,0.5809,0.5607,0.4798,0.5867,0.578,0.5665,0.5607,0.578,0.5867,0.4798,0.563
315,0.578,0.5607,0.5809,0.5607,0.4798,0.5867,0.578,0.5665,0.5607,0.578,0.5867,0.4798,0.563
316,0.578,0.5607,0.5809,0.5607,0.4798,0.5867,0.578,0.5665,0.5607,0.578,0.5867,0.4798,0.563
317,0.578,0.5607,0.5809,0.5607,0.4798,0.5867,0.578,0.5665,0.5607,0.578,0.5867,0.4798,0.563
318,0.578,0.5607,0.5809,0.5607,0.4798,0.5867,0.578,0.5665,0.5607,0.578,0.5867,0.4798,0.563
319,0.578,0.5607,0.5809,0.5607,0.4798,0.5867,0.578,0.5665,0.5607,0.578,0.5867,0.4798,0.563
320,0.578,0.5607,0.5809,0.5607,0.4798,0.5867,0.578,0.5665,0.5607,0.578,0.5867,0.4798,0.563
321,0.578,0.5607,0.5809,0.5607,0.4798,0.5867,0.578,0.5665,0.5607,0.578,0.5867,0.4798,0.563
322,0.578,0.5607,0.5809,0.5607,0.4798,0.5867,0.578,0.5665,0.5607,0.578,0.5867,0.4798,0.563
323,0.578,0.5607,0.5809,0.5607,0.4798,0.5867,0.578,0.5665,0.5607,0.578,0.5867,0.4798,0.563
324,0.578,0.5607,0.5809,0.5607,0.4798,0.5867,0.578,0.5665,0.5607,0.578,0.5867,0.4798,0.563
325,0.578,0.5607,0.5809,0.5607,0.4798,0.5867,0.578,0.5665,0.5607,0.578,0.5867,0.4798,0.563
326,0.578,0.5607,0.5809,0.5607,0.4798,0.5867,0.578,0.5665,0.5607,0.578,0.5867,0.4798,0.563
327,0.578,0.5607,0.5809,0.5607,0.4798,0.5867,0.578,0.5665,0.5607,0.578,0.5867,0.4798,0.563
328,0.578,0.5607,0.5809,0.5607,0.4798,0.5867,0.578,0.5665,0.5607,0.578,0.5867,0.4798,0.563
329,0.578,0.5607,0.5809,0.5607,0.4798,0.5867,0.578,0.5665,0.5607,0.578,0.5867,0.4798,0.563
330,0.578,0.5607,0.5809,0.5607,0.4798,0.5867,0.578,0.5665,0.5607,0.578,0.5867,0.4798,0.563
331,0.578,0.5607,0.5809,0.5607,0.4798,0.5867,0.578,0.5665,0.5607,0.578,0.5867,0.4798,0.563
332,0.578,0.5607,0.5809,0.5607,0.4798,0.5867,0.578,0.5665,0.5607,0.578,0.5867,0.4798,0.563
333,0.578,0.5607,0.5809,0.5607,0.4798,0.5867,0.578,0.5665,0.5607,0.578,0.5867,0.4798,0.563
334,0.578,0.5607,0.5809,0.5607,0.4798,0.5867,0.578,0.5665,0.5607,0.578,0.5867,0.4798,0.563
335,0.578,0.5607,0.5809,0.5607,0.4798,0.5867,0.578,0.5665,0.5607,0.578,0.5867,0.4798,0.563
336,0.578,0.5607,0.5809,0.5607,0.4798,0.5867,0.578,0.5665,0.5607,0.578,0.5867,0.4798,0.563
337,0.578,0.5607,0.5809,0.5607,0.4798,0.5867,0.578,0.5665,0.5607,0.578,0.5867,0.4798,0.563
338,0.578,0.5607,0.5809,0.5607,0.4798,0.5867,0.578,0.5665,0.5607,0.578,0.5867,0.4798,0.563
339,0.578,0.5607,0.5809,0.5607,0.4798,0.5867,0.578,0.5665,0.5607,0.578,0.5867,0.4798,0.563
340,0.578,0.5607,0.5809,0.5607,0.4798,0.5867,0.578,0.5665,0.5607,0.578,0.5867,0.4798,0.563
341,0.578,0.5607,0.5809,0.5607,0.4798,0.5867,0.578,0.5665,0.5723,0.578,0.5867,0.4798,0.5642
342,0.578,0.5607,0.5809,0.5607,0.4798,0.5867,0.578,0.5665,0.5723,0.578,0.5867,0.4798,0.5642
343,0.578,0.5607,0.5809,0.5607,0.4798,0.5867,0.578,0.5665,0.5723,0.578,0.5867,0.4798,0.5642
344,0.578,0.5607,0.5809,0.5607,0.4798,0.5867,0.578,0.5665,0.5723,0.578,0.5867,0.4798,0.5642
345,0.578,0.5607,0.5809,0.5607,0.4798,0.5867,0.578,0.5665,0.5723,0.578,0.5867,0.4798,0.5642
346,0.578,0.5607,0.5809,0.5607,0.4798,0.5867,0.578,0.5665,0.5723,0.578,0.5867,0.4798,0.5642
347,0.578,0.5607,0.5809,0.5607,0.4798,0.5867,0.578,0.5665,0.5723,0.578,0.5867,0.4798,0.5642
348,0.578,0.5607,0.5809,0.5607,0.4798,0.5867,0.578,0.5665,0.5723,0.578,0.5867,0.4798,0.5642
349,0.578,0.5607,0.5809,0.5607,0.4798,0.5867,0.578,0.5665,0.5723,0.578,0.5867,0.4798,0.5642
350,0.578,0.5607,0.5809,0.5607,0.4798,0.5867,0.578,0.5665,0.5723,0.578,0.5867,0.4798,0.5642
351,0.578,0.5607,0.5809,0.5607,0.4798,0.5867,0.5809,0.5665,0.5723,0.578,0.5867,0.4798,0.5645
352,0.578,0.5607,0.5809,0.5607,0.4798,0.5867,0.5809,0.5665,0.5723,0.578,0.5867,0.4798,0.5645
353,0.578,0.5607,0.5809,0.5607,0.4798,0.5867,0.5809,0.5665,0.5723,0.578,0.5867,0.4798,0.5645
354,0.578,0.5751,0.5809,0.5607,0.4798,0.5867,0.5809,0.5665,0.5723,0.578,0.5867,0.4798,0.5659
355,0.578,0.5751,0.5809,0.5607,0.4798,0.5867,0.5809,0.5665,0.5723,0.578,0.5867,0.4798,0.5659
356,0.578,0.5751,0.5809,0.5607,0.4798,0.5867,0.5809,0.5665,0.5723,0.578,0.5867,0.4798,0.5659
357,0.578,0.5751,0.5809,0.5607,0.4798,0.5867,0.5809,0.5665,0.5723,0.578,0.5867,0.4798,0.5659
358,0.578,0.5751,0.5809,0.5607,0.4798,0.5867,0.5809,0.5665,0.5723,0.578,0.5867,0.4798,0.5659
359,0.578,0.5751,0.5809,0.5607,0.4798,0.5867,0.5809,0.5665,0.5723,0.578,0.5867,0.4798,0.5659
360,0.578,0.5751,0.5809,0.5607,0.4798,0.5867,0.5809,0.5665,0.5723,0.578,0.5867,0.4798,0.5659
361,0.578,0.5751,0.5809,0.5607,0.4798,0.5867,0.5809,0.5665,0.5723,0.578,0.5867,0.4798,0.5659
362,0.578,0.5751,0.5809,0.5607,0.4798,0.5867,0.5809,0.5665,0.5723,0.578,0.5867,0.4798,0.5659
363,0.578,0.5751,0.5809,0.5607,0.4798,0.5867,0.5809,0.5665,0.5723,0.578,0.5867,0.4798,0.5659
364,0.578,0.5751,0.5809,0.5607,0.4798,0.5867,0.5809,0.5665,0.5723,0.578,0.5867,0.4798,0.5659
365,0.578,0.5751,0.5809,0.5607,0.4798,0.5867,0.5809,0.5665,0.5723,0.578,0.5867,0.4798,0.5659
366,0.578,0.5751,0.5809,0.5607,0.4798,0.5867,0.5809,0.5665,0.5723,0.578,0.5867,0.4798,0.5659
367,0.578,0.5751,0.5809,0.5607,0.4798,0.5867,0.5809,0.5665,0.5723,0.578,0.5867,0.4798,0.5659
368,0.578,0.5751,0.5809,0.5607,0.4798,0.5867,0.5809,0.5665,0.5723,0.578,0.5867,0.4798,0.5659
369,0.578,0.5751,0.5809,0.5607,0.4798,0.5867,0.5809,0.5665,0.5723,0.578,0.5867,0.4798,0.5659
370,0.578,0.5751,0.5809,0.5607,0.4798,0.5867,0.5809,0.5665,0.5723,0.578,0.5867,0.4798,0.5659
371,0.578,0.5751,0.5809,0.5607,0.4798,0.5867,0.5809,0.5665,0.5723,0.578,0.5867,0.4798,0.5659
372,0.578,0.5751,0.5809,0.5607,0.4798,0.5867,0.5809,0.5665,0.5723,0.578,0.5867,0.4798,0.5659
373,0.578,0.5751,0.5809,0.5607,0.4798,0.5867,0.5809,0.5665,0.5723,0.578,0.5867,0.4798,0.5659
374,0.578,0.5751,0.5809,0.5607,0.4798,0.5867,0.5809,0.5665,0.5723,0.578,0.5867,0.4798,0.5659
375,0.578,0.5751,0.5809,0.5607,0.4798,0.5867,0.5809,0.5665,0.5723,0.578,0.5867,0.4798,0.5659
376,0.578,0.5751,0.5809,0.5607,0.4798,0.5867,0.5809,0.5665,0.5723,0.578,0.5867,0.4798,0.5659
377,0.578,0.5751,0.5809,0.5607,0.4798,0.5867,0.5809,0.5665,0.5723,0.578,0.5867,0.4798,0.5659
378,0.578,0.5751,0.5809,0.5607,0.4798,0.5867,0.5809,0.5665,0.5723,0.578,0.5867,0.4798,0.5659
379,0.578,0.5751,0.5809,0.5607,0.4798,0.5867,0.5809,0.5665,0.5723,0.578,0.5867,0.4798,0.5659
380,0.578,0.5751,0.5809,0.5607,0.4798,0.5867,0.5809,0.5665,0.5723,0.578,0.5867,0.4798,0.5659
381,0.578,0.5751,0.5809,0.5607,0.4798,0.5867,0.5809,0.5665,0.5723,0.578,0.5867,0.4798,0.5659
382,0.578,0.5751,0.5809,0.5607,0.4798,0.5867,0.5809,0.5665,0.5723,0.578,0.5867,0.4798,0.5659
383,0.578,0.5751,0.5809,0.5607,0.4798,0.5867,0.5809,0.5694,0.5723,0.578,0.5867,0.4798,0.5662
384,0.578,0.5751,0.5809,0.5607,0.4798,0.5867,0.5809,0.5694,0.5723,0.578,0.5867,0.4798,0.5662
385,0.578,0.5751,0.5809,0.5607,0.4798,0.5867,0.5809,0.5694,0.5723,0.578,0.5867,0.4798,0.5662
386,0.578,0.5751,0.5809,0.5607,0.4798,0.5867,0.5809,0.5694,0.5723,0.578,0.5867,0.4798,0.5662
387,0.578,0.5751,0.5809,0.5607,0.4798,0.5867,0.5809,0.5694,0.5723,0.578,0.5867,0.4798,0.5662
388,0.578,0.5751,0.5809,0.5607,0.4798,0.5867,0.5809,0.5694,0.5723,0.578,0.5867,0.4798,0.5662
389,0.578,0.5751,0.5809,0.5607,0.4798,0.5867,0.5809,0.5694,0.5723,0.578,0.5867,0.4798,0.5662
390,0.578,0.5751,0.5809,0.5607,0.4798,0.5867,0.5809,0.5694,0.5723,0.578,0.5867,0.4798,0.5662
391,0.578,0.5751,0.5809,0.5607,0.4798,0.5867,0.5809,0.5694,0.5723,0.578,0.5867,0.4798,0.5662
392,0.578,0.5751,0.5809,0.5607,0.4798,0.5867,0.5809,0.5694,0.5723,0.578,0.5867,0.4798,0.5662
393,0.578,0.5751,0.5809,0.5607,0.4798,0.5867,0.5809,0.5694,0.5723,0.578,0.5867,0.4798,0.5662
394,0.578,0.5751,0.5809,0.5607,0.4798,0.5867,0.5809,0.5694,0.5723,0.578,0.5867,0.4798,0.5662
395,0.578,0.5751,0.5809,0.5607,0.4798,0.5867,0.5809,0.5694,0.5723,0.578,0.5867,0.4798,0.5662
396,0.578,0.5751,0.5809,0.5607,0.4798,0.5867,0.5809,0.5694,0.5723,0.578,0.5867,0.4798,0.5662
397,0.578,0.5751,0.5809,0.5607,0.4798,0.5867,0.5809,0.5694,0.5723,0.578,0.5867,0.4798,0.5662
398,0.578,0.5751,0.5809,0.5607,0.4798,0.5867,0.5809,0.5694,0.5723,0.578,0.5867,0.4798,0.5662
399,0.578,0.5751,0.5809,0.5607,0.4798,0.5867,0.5809,0.5694,0.5723,0.578,0.5867,0.4798,0.5662
400,0.578,0.5751,0.5809,0.5607,0.4798,0.5867,0.5809,0.5694,0.5723,0.578,0.5867,0.4798,0.5662
401,0.578,0.5751,0.5809,0.5607,0.4798,0.5867,0.5809,0.5694,0.5723,0.578,0.5867,0.4798,0.5662
402,0.578,0.5751,0.5809,0.5607,0.4798,0.5867,0.5809,0.5694,0.5723,0.578,0.5867,0.4798,0.5662
403,0.578,0.5751,0.5809,0.5607,0.4798,0.5867,0.5809,0.5694,0.5723,0.578,0.5867,0.4798,0.5662
404,0.578,0.5751,0.5809,0.5607,0.4798,0.5867,0.5809,0.5694,0.5723,0.578,0.5867,0.4798,0.5662
405,0.578,0.5751,0.5809,0.5607,0.4798,0.5867,0.5809,0.5694,0.5723,0.578,0.5867,0.4798,0.5662
406,0.578,0.5751,0.5809,0.5607,0.4798,0.5867,0.5809,0.5694,0.5723,0.578,0.5867,0.4798,0.5662
407,0.578,0.5751,0.5809,0.5607,0.4798,0.5867,0.5809,0.5694,0.5723,0.578,0.5867,0.4798,0.5662
408,0.578,0.5751,0.5809,0.5607,0.4798,0.5867,0.5809,0.5694,0.5723,0.578,0.5867,0.4798,0.5662
409,0.578,0.5751,0.5809,0.5607,0.4798,0.5867,0.5809,0.5694,0.5723,0.578,0.5867,0.4798,0.5662
410,0.578,0.5751,0.5809,0.5607,0.4798,0.5867,0.5809,0.5694,0.5723,0.578,0.5867,0.4798,0.5662
411,0.578,0.5751,0.5809,0.5607,0.4798,0.5867,0.5809,0.5694,0.5723,0.578,0.5867,0.4798,0.5662
412,0.578,0.5751,0.5809,0.5607,0.4798,0.5867,0.5809,0.5694,0.5723,0.578,0.5867,0.4798,0.5662
413,0.578,0.5751,0.5809,0.5607,0.4798,0.5867,0.5809,0.5694,0.5723,0.578,0.5867,0.4798,0.5662
414,0.578,0.5751,0.5809,0.5607,0.4798,0.5867,0.5809,0.5694,0.5723,0.578,0.5867,0.4798,0.5662
415,0.578,0.5751,0.5809,0.5607,0.4798,0.5867,0.5809,0.5694,0.5723,0.578,0.5867,0.4798,0.5662
416,0.578,0.5751,0.5809,0.5607,0.4798,0.5867,0.5809,0.5694,0.5723,0.578,0.5867,0.4798,0.5662
417,0.578,0.5751,0.5809,0.5607,0.4798,0.5867,0.5809,0.5694,0.5723,0.578,0.5867,0.4798,0.5662
418,0.578,0.5751,0.5809,0.5607,0.4798,0.5867,0.5809,0.5694,0.5723,0.578,0.5867,0.4798,0.5662
419,0.578,0.5751,0.5809,0.5607,0.4798,0.5867,0.5809,0.5694,0.5723,0.578,0.5867,0.4798,0.5662
420,0.578,0.5751,0.5809,0.5607,0.4798,0.5867,0.5809,0.5694,0.5723,0.578,0.5867,0.4798,0.5662
421,0.578,0.5751,0.5809,0.5607,0.4798,0.5867,0.5809,0.5694,0.5723,0.578,0.5867,0.4798,0.5662
422,0.578,0.5751,0.5809,0.5607,0.4798,0.5867,0.5809,0.5694,0.5723,0.578,0.5867,0.4798,0.5662
423,0.578,0.5751,0.5809,0.5607,0.4798,0.5867,0.5809,0.5694,0.5723,0.578,0.5867,0.4798,0.5662
424,0.578,0.5751,0.5809,0.5607,0.4798,0.5867,0.5809,0.5694,0.5723,0.578,0.5867,0.4798,0.5662
425,0.578,0.5751,0.5809,0.5607,0.4798,0.5867,0.5809,0.5694,0.5723,0.578,0.5867,0.4798,0.5662
426,0.578,0.5751,0.5809,0.5607,0.4798,0.5867,0.5809,0.5694,0.5723,0.578,0.5867,0.4798,0.5662
427,0.578,0.5751,0.5809,0.5607,0.4798,0.5867,0.5809,0.5694,0.5723,0.578,0.5867,0.4798,0.5662
428,0.578,0.5751,0.5809,0.5607,0.4798,0.5867,0.5809,0.5694,0.5723,0.578,0.5867,0.4798,0.5662
429,0.578,0.5751,0.5809,0.5607,0.4798,0.5867,0.5809,0.5694,0.5723,0.578,0.5867,0.4798,0.5662
430,0.578,0.5751,0.5809,0.5607,0.4798,0.5867,0.5809,0.5694,0.5723,0.578,0.5867,0.4798,0.5662
431,0.578,0.5751,0.5809,0.5607,0.4798,0.5867,0.5809,0.5694,0.5723,0.578,0.5867,0.4798,0.5662
432,0.578,0.5751,0.5809,0.5607,0.4798,0.5867,0.5809,0.5694,0.5723,0.578,0.5867,0.4798,0.5662
433,0.578,0.5751,0.5809,0.5607,0.4798,0.5867,0.5809,0.5694,0.5723,0.578,0.5867,0.4798,0.5662
434,0.578,0.5751,0.5809,0.5607,0.4798,0.5867,0.5809,0.5694,0.5723,0.578,0.5867,0.4798,0.5662
435,0.578,0.5751,0.5809,0.5607,0.4798,0.5867,0.5809,0.5694,0.5723,0.578,0.5867,0.4798,0.5662
436,0.578,0.5751,0.5809,0.5607,0.4798,0.5867,0.5809,0.5694,0.5723,0.578,0.5867,0.4798,0.5662
437,0.578,0.5751,0.5809,0.5607,0.4798,0.5867,0.5809,0.5694,0.5723,0.578,0.5867,0.4798,0.5662
438,0.578,0.5751,0.5809,0.5607,0.4798,0.5867,0.5809,0.5694,0.5723,0.578,0.5867,0.4798,0.5662
439,0.578,0.5751,0.5809,0.5607,0.4798,0.5867,0.5809,0.5694,0.5723,0.578,0.5867,0.4798,0.5662
440,0.578,0.5751,0.5809,0.5607,0.4798,0.5867,0.5809,0.5694,0.5723,0.578,0.5867,0.4798,0.5662
441,0.578,0.5751,0.5809,0.5607,0.4798,0.5867,0.5809,0.5694,0.5723,0.578,0.5867,0.4798,0.5662
442,0.578,0.5751,0.5809,0.5607,0.4798,0.5867,0.5809,0.5694,0.5723,0.578,0.5867,0.4798,0.5662
443,0.578,0.5751,0.5809,0.5607,0.4798,0.5867,0.5809,0.5694,0.5723,0.578,0.5867,0.4798,0.5662
444,0.578,0.5751,0.5809,0.5607,0.4798,0.5867,0.5809,0.5694,0.5723,0.578,0.5867,0.4798,0.5662
445,0.578,0.5751,0.5809,0.5607,0.4798,0.5867,0.5809,0.5694,0.5723,0.578,0.5867,0.4798,0.5662
446,0.578,0.5751,0.5809,0.5607,0.4798,0.5867,0.5809,0.5694,0.5723,0.578,0.5867,0.4798,0.5662
447,0.578,0.5751,0.5809,0.5607,0.4798,0.5867,0.5809,0.5694,0.5723,0.578,0.5867,0.4798,0.5662
448,0.578,0.5751,0.5809,0.5607,0.4798,0.5867,0.5809,0.5694,0.5723,0.578,0.5867,0.4798,0.5662
449,0.578,0.5751,0.5809,0.5607,0.4798,0.5867,0.5809,0.5694,0.5723,0.578,0.5867,0.4798,0.5662
450,0.578,0.5751,0.5809,0.5607,0.4798,0.5867,0.5809,0.5694,0.5723,0.578,0.5867,0.4798,0.5662
451,0.578,0.5751,0.5809,0.5607,0.4798,0.5867,0.5809,0.5694,0.5723,0.578,0.5867,0.4798,0.5662
452,0.578,0.5751,0.5809,0.5607,0.4798,0.5867,0.5809,0.5694,0.5723,0.578,0.5867,0.4798,0.5662
453,0.578,0.5751,0.5809,0.5607,0.4798,0.5867,0.5809,0.5694,0.5723,0.578,0.5867,0.4798,0.5662
454,0.578,0.5751,0.5809,0.5607,0.4798,0.5867,0.5809,0.5694,0.5723,0.578,0.5867,0.4798,0.5662
455,0.578,0.5751,0.5809,0.5607,0.4798,0.5867,0.5809,0.5694,0.5723,0.578,0.5867,0.4798,0.5662
456,0.578,0.5751,0.5809,0.5607,0.4798,0.5867,0.5809,0.5694,0.5723,0.578,0.5867,0.4798,0.5662
457,0.578,0.5751,0.5809,0.5607,0.4798,0.5867,0.5809,0.5694,0.5723,0.578,0.5867,0.4798,0.5662
458,0.578,0.5751,0.5809,0.5607,0.4798,0.5867,0.5809,0.5694,0.5723,0.578,0.5867,0.4798,0.5662
459,0.578,0.5751,0.5809,0.5607,0.4798,0.5867,0.5809,0.5694,0.5723,0.578,0.5867,0.4798,0.5662
460,0.578,0.5751,0.5809,0.5607,0.4798,0.5867,0.5809,0.5694,0.5723,0.578,0.5867,0.4798,0.5662
461,0.578,0.5751,0.5809,0.5607,0.4798,0.5867,0.5809,0.5694,0.5723,0.578,0.5867,0.4798,0.5662
462,0.578,0.5751,0.5809,0.5607,0.4798,0.5867,0.5809,0.5694,0.5723,0.578,0.5867,0.4798,0.5662
463,0.578,0.5751,0.5809,0.5607,0.4798,0.5867,0.5809,0.5694,0.5723,0.578,0.5867,0.4798,0.5662
464,0.578,0.5751,0.5809,0.5607,0.4798,0.5867,0.5809,0.5694,0.5723,0.578,0.5867,0.4798,0.5662
465,0.578,0.5751,0.5809,0.5607,0.4798,0.5867,0.5809,0.5694,0.5723,0.578,0.5867,0.4798,0.5662
466,0.578,0.5751,0.5809,0.5607,0.4798,0.5867,0.5809,0.5694,0.5723,0.578,0.5867,0.4798,0.5662
467,0.578,0.5751,0.5809,0.5607,0.4798,0.5867,0.5809,0.5694,0.5723,0.578,0.5867,0.4798,0.5662
468,0.578,0.5751,0.5809,0.5607,0.4798,0.5867,0.5809,0.5694,0.5723,0.578,0.5867,0.4798,0.5662
469,0.578,0.5751,0.5809,0.5607,0.4798,0.5867,0.5809,0.5694,0.5723,0.578,0.5867,0.4798,0.5662
470,0.578,0.5751,0.5809,0.5607,0.4798,0.5867,0.5809,0.5694,0.5723,0.578,0.5867,0.4798,0.5662
471,0.578,0.5751,0.5809,0.5607,0.4798,0.5867,0.5809,0.5694,0.5723,0.578,0.5867,0.4798,0.5662
472,0.578,0.5751,0.5809,0.5607,0.4798,0.5867,0.5809,0.5694,0.5723,0.578,0.5867,0.4798,0.5662
473,0.578,0.5751,0.5809,0.5607,0.4798,0.5867,0.5809,0.5694,0.5723,0.578,0.5867,0.4798,0.5662
474,0.578,0.5751,0.5809,0.5607,0.4798,0.5867,0.5809,0.5694,0.5723,0.578,0.5867,0.4798,0.5662
475,0.578,0.5751,0.5809,0.5607,0.4798,0.5867,0.5809,0.5694,0.5723,0.578,0.5867,0.4798,0.5662
476,0.578,0.5751,0.5809,0.5607,0.4798,0.5867,0.5809,0.5694,0.5723,0.578,0.5867,0.4798,0.5662
477,0.578,0.5751,0.5809,0.5607,0.4798,0.5867,0.5809,0.5694,0.5723,0.578,0.5867,0.4798,0.5662
478,0.578,0.5751,0.5809,0.5607,0.4798,0.5867,0.5809,0.5694,0.5723,0.578,0.5867,0.4798,0.5662
479,0.578,0.5751,0.5809,0.5607,0.4798,0.5867,0.5809,0.5694,0.5723,0.578,0.5867,0.4798,0.5662
480,0.578,0.5751,0.5809,0.5607,0.4798,0.5867,0.5809,0.5694,0.5723,0.578,0.5867,0.4798,0.5662
481,0.578,0.5751,0.5809,0.5607,0.4798,0.5867,0.5809,0.5694,0.5723,0.578,0.5867,0.4798,0.5662
482,0.578,0.5751,0.5809,0.5607,0.4798,0.5867,0.5809,0.5694,0.5723,0.578,0.5867,0.4798,0.5662
483,0.578,0.5751,0.5809,0.5607,0.4798,0.5867,0.5809,0.5694,0.5723,0.578,0.5867,0.4798,0.5662
484,0.578,0.5751,0.5809,0.5607,0.4798,0.5867,0.5809,0.5694,0.5723,0.578,0.5867,0.4798,0.5662
485,0.578,0.5751,0.5809,0.5607,0.4798,0.5867,0.5809,0.5694,0.5723,0.578,0.5867,0.4798,0.5662
486,0.578,0.5751,0.5809,0.5607,0.4798,0.5867,0.5809,0.5694,0.5723,0.578,0.5867,0.4798,0.5662
487,0.578,0.5751,0.5809,0.5607,0.4798,0.5867,0.5809,0.5694,0.5723,0.578,0.5867,0.4798,0.5662
488,0.578,0.5751,0.5809,0.5607,0.4798,0.5867,0.5809,0.5694,0.5723,0.578,0.5867,0.4798,0.5662
489,0.578,0.5751,0.5809,0.5607,0.4798,0.5867,0.5809,0.5694,0.5723,0.578,0.5867,0.4798,0.5662
490,0.578,0.5751,0.5809,0.5607,0.4798,0.5867,0.5809,0.5694,0.5723,0.578,0.5867,0.4798,0.5662
491,0.578,0.5751,0.5809,0.5607,0.4798,0.5867,0.5809,0.5694,0.5723,0.578,0.5867,0.4798,0.5662
492,0.578,0.5751,0.5809,0.5607,0.4798,0.5867,0.5809,0.5694,0.5723,0.578,0.5867,0.4798,0.5662
493,0.578,0.5751,0.5809,0.5607,0.4798,0.5867,0.5809,0.5694,0.5723,0.578,0.5867,0.4798,0.5662
494,0.578,0.5751,0.5809,0.5607,0.4798,0.5867,0.5809,0.5694,0.5723,0.578,0.5867,0.4798,0.5662
495,0.578,0.5751,0.5809,0.5607,0.4798,0.5867,0.5809,0.5694,0.5723,0.578,0.5867,0.4798,0.5662
496,0.578,0.5751,0.5809,0.5607,0.4798,0.5867,0.5809,0.5694,0.5723,0.578,0.5867,0.4798,0.5662
497,0.578,0.5751,0.5809,0.5607,0.4798,0.5867,0.5809,0.5694,0.5723,0.578,0.5867,0.4798,0.5662
498,0.578,0.5751,0.5809,0.5607,0.4798,0.5867,0.5809,0.5694,0.5723,0.578,0.5867,0.4798,0.5662
499,0.578,0.5751,0.5809,0.5607,0.4798,0.5867,0.5809,0.5694,0.5723,0.578,0.5867,0.4798,0.5662
500,0.578,0.5751,0.5809,0.5607,0.4798,0.5867,0.5809,0.5694,0.5723,0.578,0.5867,0.4798,0.5662
501,0.578,0.5751,0.5809,0.5607,0.4798,0.5867,0.5809,0.5694,0.5723,0.578,0.5867,0.4798,0.5662
502,0.578,0.5751,0.5809,0.5607,0.4798,0.5867,0.5809,0.5694,0.5723,0.578,0.5867,0.4798,0.5662
503,0.578,0.5751,0.5809,0.5607,0.4798,0.5867,0.5809,0.5694,0.5723,0.578,0.5867,0.4798,0.5662
504,0.578,0.5751,0.5809,0.5607,0.4798,0.5867,0.5809,0.5694,0.5723,0.578,0.5867,0.4798,0.5662
505,0.578,0.5751,0.5809,0.5607,0.4798,0.5867,0.5809,0.5694,0.5723,0.578,0.5867,0.4798,0.5662
506,0.578,0.5751,0.5809,0.5607,0.4798,0.5867,0.5809,0.5694,0.5723,0.578,0.5867,0.4798,0.5662
507,0.578,0.5751,0.5809,0.5607,0.4798,0.5867,0.5809,0.5694,0.5723,0.578,0.5867,0.4798,0.5662
508,0.578,0.5751,0.5809,0.5607,0.4798,0.5867,0.5809,0.5694,0.5723,0.578,0.5867,0.4798,0.5662
509,0.578,0.5751,0.5809,0.5607,0.4798,0.5867,0.5809,0.5694,0.5723,0.578,0.5867,0.4798,0.5662
510,0.578,0.5751,0.5809,0.5607,0.4798,0.5867,0.5809,0.5694,0.5723,0.578,0.5867,0.4798,0.5662
511,0.578,0.5751,0.5809,0.5607,0.4798,0.5867,0.5809,0.5694,0.5723,0.578,0.5867,0.4798,0.5662
512,0.578,0.5751,0.5809,0.5607,0.4798,0.5867,0.5809,0.5694,0.5723,0.578,0.5867,0.4798,0.5662
513,0.578,0.5751,0.5809,0.5607,0.4798,0.5867,0.5809,0.5694,0.5723,0.578,0.5867,0.4798,0.5662
514,0.578,0.5751,0.5809,0.5607,0.4798,0.5867,0.5809,0.5694,0.5723,0.578,0.5867,0.4798,0.5662
515,0.578,0.5751,0.5809,0.5607,0.4798,0.5867,0.5809,0.5694,0.5723,0.578,0.5867,0.4798,0.5662
516,0.578,0.5751,0.5809,0.5607,0.4798,0.5867,0.5809,0.5694,0.5723,0.578,0.5867,0.4798,0.5662
517,0.578,0.5751,0.5809,0.5607,0.4798,0.5867,0.5809,0.5694,0.5723,0.578,0.5867,0.4798,0.5662
518,0.578,0.5751,0.5809,0.5607,0.4798,0.5867,0.5809,0.5694,0.5723,0.578,0.5867,0.4798,0.5662
519,0.578,0.5751,0.5809,0.5607,0.4798,0.5867,0.5809,0.5694,0.5723,0.578,0.5867,0.4798,0.5662
520,0.578,0.5751,0.5809,0.5607,0.4798,0.5867,0.5809,0.5694,0.5723,0.578,0.5867,0.4798,0.5662
521,0.578,0.5751,0.5809,0.5607,0.4798,0.5867,0.5809,0.5694,0.5723,0.578,0.5867,0.4798,0.5662
522,0.578,0.5751,0.5809,0.5607,0.4798,0.5867,0.5809,0.5694,0.5723,0.578,0.5867,0.4798,0.5662
523,0.578,0.5751,0.5809,0.5607,0.4798,0.5867,0.5809,0.5694,0.5723,0.578,0.5867,0.4798,0.5662
524,0.578,0.5751,0.5809,0.5607,0.4798,0.5867,0.5809,0.5694,0.5723,0.578,0.5867,0.4798,0.5662
525,0.578,0.5751,0.5809,0.5607,0.4798,0.5867,0.5809,0.5694,0.5723,0.578,0.5867,0.4798,0.5662
526,0.578,0.5751,0.5809,0.5607,0.4798,0.5867,0.5809,0.5694,0.5723,0.578,0.5867,0.4798,0.5662
527,0.578,0.5751,0.5809,0.5607,0.4798,0.5867,0.5809,0.5694,0.5723,0.578,0.5867,0.4798,0.5662
528,0.578,0.5751,0.5809,0.5607,0.4798,0.5867,0.5809,0.5694,0.5723,0.578,0.5867,0.4798,0.5662
529,0.578,0.5751,0.5809,0.5607,0.4798,0.5867,0.5809,0.5694,0.5723,0.578,0.5867,0.4798,0.5662
530,0.578,0.5751,0.5809,0.5607,0.4798,0.5867,0.5809,0.5694,0.5723,0.578,0.5867,0.4798,0.5662
531,0.578,0.5751,0.5809,0.5607,0.4798,0.5867,0.5809,0.5694,0.5723,0.578,0.5867,0.4798,0.5662
532,0.578,0.5751,0.5809,0.5607,0.4798,0.5867,0.5809,0.5694,0.5723,0.578,0.5867,0.4798,0.5662
533,0.578,0.5751,0.5809,0.5607,0.4798,0.5867,0.5809,0.5694,0.5723,0.578,0.5867,0.4798,0.5662
534,0.578,0.5751,0.5809,0.5607,0.4798,0.5867,0.5809,0.5694,0.5723,0.578,0.5867,0.4798,0.5662
535,0.578,0.5751,0.5809,0.5607,0.4798,0.5867,0.5809,0.5694,0.5723,0.578,0.5867,0.4798,0.5662
536,0.578,0.5751,0.5809,0.5607,0.4798,0.5867,0.5809,0.5694,0.5723,0.578,0.5867,0.4798,0.5662
537,0.578,0.5751,0.5809,0.5607,0.4798,0.5867,0.5809,0.5694,0.5723,0.578,0.5867,0.4798,0.5662
538,0.578,0.5751,0.5809,0.5607,0.4798,0.5867,0.5809,0.5694,0.5723,0.578,0.5867,0.4798,0.5662
539,0.578,0.5751,0.5809,0.5607,0.4798,0.5867,0.5809,0.5694,0.5723,0.578,0.5867,0.4798,0.5662
540,0.578,0.5751,0.5809,0.5607,0.4798,0.5867,0.5809,0.5694,0.5723,0.578,0.5867,0.4798,0.5662
541,0.578,0.5751,0.5809,0.5607,0.4798,0.5867,0.5809,0.5694,0.5723,0.578,0.5867,0.4798,0.5662
542,0.578,0.5751,0.5809,0.5607,0.4798,0.5867,0.5809,0.5694,0.5723,0.578,0.5867,0.4798,0.5662
543,0.578,0.5751,0.5809,0.5607,0.4798,0.5867,0.5809,0.5694,0.5723,0.578,0.5867,0.4798,0.5662
544,0.578,0.5751,0.5809,0.5607,0.4798,0.5867,0.5809,0.5694,0.5723,0.578,0.5867,0.4798,0.5662
545,0.578,0.5751,0.5809,0.5607,0.4798,0.5867,0.5809,0.5694,0.5723,0.578,0.5867,0.4798,0.5662
546,0.578,0.5751,0.5809,0.5607,0.4798,0.5867,0.5809,0.5694,0.5723,0.578,0.5867,0.4798,0.5662
547,0.578,0.5751,0.5809,0.5607,0.4798,0.5867,0.5809,0.5694,0.5723,0.578,0.5867,0.4798,0.5662
548,0.578,0.5751,0.5809,0.5607,0.4798,0.5867,0.5809,0.5694,0.5723,0.578,0.5867,0.4798,0.5662
549,0.578,0.5751,0.5809,0.5607,0.4798,0.5867,0.5809,0.5694,0.5723,0.578,0.5867,0.4798,0.5662
550,0.578,0.5751,0.5809,0.5607,0.4798,0.5867,0.5809,0.5694,0.5723,0.578,0.5867,0.4798,0.5662
551,0.578,0.5751,0.5809,0.5607,0.4798,0.5867,0.5809,0.5694,0.5723,0.578,0.5867,0.4798,0.5662
552,0.578,0.5751,0.5809,0.5607,0.4798,0.5867,0.5809,0.5694,0.5723,0.578,0.5867,0.4798,0.5662
553,0.578,0.5751,0.5809,0.5607,0.4798,0.5867,0.5809,0.5694,0.5723,0.578,0.5867,0.4798,0.5662
554,0.578,0.5751,0.5809,0.5607,0.4798,0.5867,0.5809,0.578,0.5723,0.578,0.5867,0.4798,0.567
555,0.578,0.5751,0.5809,0.5607,0.4798,0.5867,0.5809,0.578,0.5723,0.578,0.5867,0.4798,0.567
556,0.578,0.5751,0.5809,0.5607,0.4798,0.5867,0.5809,0.578,0.5723,0.578,0.5867,0.4798,0.567
557,0.578,0.5751,0.5809,0.5607,0.4798,0.5867,0.5809,0.578,0.5723,0.578,0.5867,0.4798,0.567
558,0.578,0.5751,0.5809,0.5607,0.4798,0.5867,0.5809,0.578,0.5723,0.578,0.5867,0.4798,0.567
559,0.578,0.5751,0.5809,0.5607,0.4798,0.5867,0.5809,0.578,0.5723,0.578,0.5867,0.4798,0.567
560,0.578,0.5751,0.5809,0.578,0.4798,0.5867,0.5809,0.578,0.5723,0.578,0.5867,0.4798,0.5688
561,0.578,0.5751,0.5809,0.578,0.4798,0.5867,0.5809,0.578,0.5723,0.578,0.5867,0.4798,0.5688
562,0.578,0.5751,0.5809,0.578,0.4798,0.5867,0.5809,0.578,0.5723,0.578,0.5867,0.4798,0.5688
563,0.578,0.5751,0.5809,0.578,0.4798,0.5867,0.5809,0.578,0.5723,0.578,0.5867,0.4798,0.5688
564,0.578,0.5751,0.5809,0.578,0.4798,0.5867,0.5809,0.578,0.5723,0.578,0.5867,0.4798,0.5688
565,0.578,0.5751,0.5809,0.578,0.4798,0.5867,0.5809,0.578,0.5723,0.578,0.5867,0.4798,0.5688
566,0.578,0.5751,0.5809,0.578,0.4798,0.5867,0.5809,0.578,0.5723,0.578,0.5867,0.4798,0.5688
567,0.578,0.5751,0.5809,0.578,0.4798,0.5867,0.5809,0.578,0.5723,0.578,0.5867,0.4798,0.5688
568,0.578,0.5751,0.5809,0.578,0.4798,0.5867,0.5809,0.578,0.5723,0.578,0.5867,0.4798,0.5688
569,0.578,0.5751,0.5809,0.578,0.4798,0.5867,0.5809,0.578,0.5723,0.578,0.5867,0.4798,0.5688
570,0.578,0.5751,0.5809,0.578,0.4798,0.5867,0.5809,0.578,0.5723,0.578,0.5867,0.4798,0.5688
571,0.578,0.5751,0.5809,0.578,0.4798,0.5867,0.5809,0.578,0.5723,0.578,0.5867,0.4798,0.5688
572,0.578,0.5751,0.5809,0.578,0.4798,0.5867,0.5809,0.578,0.5723,0.578,0.5867,0.4798,0.5688
573,0.578,0.5751,0.5809,0.578,0.4798,0.5867,0.5809,0.578,0.5723,0.578,0.5867,0.4798,0.5688
574,0.578,0.5751,0.5809,0.578,0.4798,0.5867,0.5809,0.578,0.5723,0.578,0.5867,0.4798,0.5688
575,0.578,0.5751,0.5809,0.578,0.4798,0.5867,0.5809,0.578,0.5723,0.578,0.5867,0.4798,0.5688
576,0.578,0.5751,0.5809,0.578,0.4798,0.5867,0.5809,0.578,0.5723,0.578,0.5867,0.4798,0.5688
577,0.578,0.5751,0.5809,0.578,0.4798,0.5867,0.5809,0.578,0.5723,0.578,0.5867,0.4798,0.5688
578,0.578,0.5751,0.5809,0.578,0.4798,0.5867,0.5809,0.578,0.5723,0.578,0.5867,0.4798,0.5688
579,0.578,0.5751,0.5809,0.578,0.4798,0.5867,0.5809,0.578,0.5723,0.578,0.5867,0.4798,0.5688
580,0.578,0.5751,0.5809,0.578,0.4798,0.5867,0.5809,0.578,0.5723,0.578,0.5867,0.4798,0.5688
581,0.578,0.5751,0.5809,0.578,0.4798,0.5867,0.5809,0.578,0.5723,0.578,0.5867,0.4798,0.5688
582,0.578,0.5751,0.5809,0.578,0.4798,0.5867,0.5809,0.578,0.5723,0.578,0.5867,0.4798,0.5688
583,0.578,0.5751,0.5809,0.578,0.4798,0.5867,0.5809,0.578,0.5723,0.578,0.5867,0.4798,0.5688
584,0.578,0.5751,0.5809,0.578,0.4798,0.5867,0.5809,0.578,0.5723,0.578,0.5867,0.4798,0.5688
585,0.578,0.5751,0.5809,0.578,0.4798,0.5867,0.5809,0.578,0.5723,0.578,0.5867,0.4798,0.5688
586,0.578,0.5751,0.5809,0.578,0.4798,0.5867,0.5809,0.578,0.5723,0.578,0.5867,0.4798,0.5688
587,0.578,0.5751,0.5809,0.578,0.4798,0.5867,0.5809,0.578,0.5723,0.578,0.5867,0.4798,0.5688
588,0.578,0.5751,0.5809,0.578,0.4798,0.5867,0.5809,0.578,0.5723,0.578,0.5867,0.4798,0.5688
589,0.578,0.5751,0.5809,0.578,0.4798,0.5867,0.5809,0.578,0.5723,0.578,0.5867,0.4798,0.5688
590,0.578,0.5751,0.5809,0.578,0.4798,0.5867,0.5809,0.578,0.5723,0.578,0.5867,0.4798,0.5688
591,0.578,0.5751,0.5809,0.578,0.4798,0.5867,0.5809,0.578,0.5723,0.578,0.5867,0.4798,0.5688
592,0.578,0.5751,0.5809,0.578,0.4798,0.5867,0.5809,0.578,0.5723,0.578,0.5867,0.4798,0.5688
593,0.578,0.5751,0.5809,0.578,0.4798,0.5867,0.5809,0.578,0.5723,0.578,0.5867,0.4798,0.5688
594,0.578,0.5751,0.5809,0.578,0.4798,0.5867,0.5809,0.578,0.5723,0.578,0.5867,0.4798,0.5688
595,0.578,0.5751,0.5809,0.578,0.4798,0.5867,0.5809,0.578,0.5723,0.578,0.5867,0.4798,0.5688
596,0.578,0.5751,0.5809,0.578,0.4798,0.5867,0.5809,0.578,0.5751,0.578,0.5867,0.4798,0.5691
597,0.578,0.5751,0.5809,0.578,0.4798,0.5867,0.5809,0.578,0.5751,0.578,0.5867,0.4798,0.5691
598,0.578,0.5751,0.5809,0.578,0.4798,0.5867,0.5809,0.578,0.5751,0.578,0.5867,0.4798,0.5691
599,0.578,0.5751,0.5809,0.578,0.4798,0.5867,0.5809,0.578,0.5751,0.578,0.5867,0.4798,0.5691
600,0.578,0.5751,0.5809,0.578,0.4798,0.5867,0.5809,0.578,0.5751,0.578,0.5867,0.4798,0.5691
601,0.578,0.5751,0.5809,0.578,0.4798,0.5867,0.5809,0.578,0.5751,0.578,0.5867,0.4798,0.5691
602,0.578,0.5751,0.5809,0.578,0.4798,0.5867,0.5809,0.578,0.5751,0.578,0.5867,0.4798,0.5691
603,0.578,0.5751,0.5809,0.578,0.4798,0.5867,0.5809,0.578,0.5751,0.578,0.5867,0.4798,0.5691
604,0.578,0.5751,0.5809,0.578,0.4798,0.5867,0.5809,0.578,0.5751,0.578,0.5867,0.4798,0.5691
605,0.578,0.5751,0.5809,0.578,0.4798,0.5867,0.5809,0.578,0.5751,0.578,0.5867,0.4798,0.5691
606,0.578,0.5751,0.5809,0.578,0.4798,0.5867,0.5809,0.578,0.5751,0.578,0.5867,0.4798,0.5691
607,0.578,0.5751,0.5809,0.578,0.4798,0.5867,0.5809,0.578,0.5751,0.578,0.5867,0.4798,0.5691
608,0.578,0.5751,0.5809,0.578,0.4798,0.5867,0.5809,0.578,0.5751,0.578,0.5867,0.4798,0.5691
609,0.578,0.5751,0.5809,0.578,0.4798,0.5867,0.5809,0.578,0.5751,0.578,0.5867,0.4798,0.5691
1208,0.578,0.5809,0.5809,0.5809,0.5867,0.5983,0.5809,0.578,0.5751,0.5867,0.5983,0.5751,0.5826
1209,0.578,0.5809,0.5809,0.5809,0.5867,0.5983,0.5896,0.6098,0.5896,0.5867,0.6098,0.578,0.5881
1808,0.5896,0.5838,0.5867,0.5954,0.6156,0.5983,0.5896,0.6098,0.5896,0.5925,0.6156,0.5838,0.5951
1809,0.5896,0.5838,0.5867,0.5954,0.6156,0.5983,0.5954,0.6156,0.5925,0.5925,0.6156,0.5838,0.5965
2408,0.5896,0.5896,0.5954,0.5954,0.6329,0.6069,0.5954,0.6156,0.5925,0.5925,0.6329,0.5896,0.6006
2409,0.5896,0.5896,0.5954,0.5954,0.6329,0.6069,0.5954,0.6156,0.5983,0.5925,0.6329,0.5896,0.6012
3008,0.5925,0.5925,0.604,0.5983,0.6329,0.6069,0.5954,0.6156,0.5983,0.5925,0.6329,0.5925,0.6029
3009,0.5925,0.5925,0.604,0.5983,0.6329,0.6069,0.5954,0.6156,0.5983,0.5925,0.6329,0.5925,0.6029
3608,0.5925,0.5983,0.604,0.5983,0.6329,0.6069,0.5954,0.6156,0.5983,0.5983,0.6329,0.5925,0.604
3609,0.5925,0.5983,0.604,0.5983,0.6329,0.6069,0.5954,0.6156,0.5983,0.5983,0.6329,0.5925,0.604
4208,0.5983,0.5983,0.604,0.5983,0.6329,0.6069,0.5954,0.6156,0.5983,0.604,0.6329,0.5954,0.6052
4209,0.5983,0.5983,0.604,0.5983,0.6329,0.6069,0.5983,0.6156,0.5983,0.604,0.6329,0.5983,0.6055
4808,0.5983,0.5983,0.604,0.6069,0.6329,0.6069,0.5983,0.6156,0.5983,0.604,0.6329,0.5983,0.6063
4809,0.5983,0.5983,0.604,0.6069,0.6329,0.6069,0.6127,0.6156,0.5983,0.604,0.6329,0.5983,0.6078
5408,0.6069,0.5983,0.604,0.6069,0.6387,0.6069,0.6127,0.6156,0.5983,0.604,0.6387,0.5983,0.6092
5409,0.6069,0.5983,0.604,0.6069,0.6387,0.6069,0.6127,0.6156,0.5983,0.604,0.6387,0.5983,0.6092
6008,0.6069,0.5983,0.6069,0.6069,0.6387,0.6069,0.6127,0.6156,0.5983,0.6069,0.6387,0.5983,0.6098
6009,0.6069,0.5983,0.6069,0.6069,0.6387,0.6069,0.6185,0.6358,0.5983,0.6069,0.6387,0.5983,0.6124
6608,0.6358,0.5983,0.6069,0.6069,0.6387,0.6069,0.6185,0.6358,0.5983,0.6069,0.6387,0.5983,0.6153
6609,0.6358,0.5983,0.6069,0.6069,0.6387,0.6069,0.6185,0.6358,0.5983,0.6069,0.6387,0.5983,0.6153
7208,0.6358,0.5983,0.6069,0.6069,0.6387,0.6069,0.6185,0.6358,0.5983,0.6069,0.6387,0.5983,0.6153
7209,0.6358,0.5983,0.6069,0.6069,0.6387,0.6069,0.6185,0.6445,0.5983,0.6069,0.6445,0.5983,0.6162
7808,0.6358,0.6069,0.6069,0.6069,0.6387,0.6069,0.6185,0.6445,0.5983,0.6069,0.6445,0.5983,0.617
7809,0.6358,0.6069,0.6069,0.6069,0.6387,0.6069,0.6185,0.6474,0.5983,0.6069,0.6474,0.5983,0.6173
8408,0.6358,0.6069,0.6069,0.6185,0.6387,0.6069,0.6185,0.6474,0.5983,0.6069,0.6474,0.5983,0.6185
8409,0.6358,0.6069,0.6069,0.6185,0.6387,0.6069,0.6185,0.6474,0.5983,0.6069,0.6474,0.5983,0.6185
9008,0.6358,0.6069,0.6069,0.6416,0.6416,0.6069,0.6185,0.6474,0.5983,0.6185,0.6474,0.5983,0.6222
9009,0.6358,0.6069,0.6069,0.6416,0.6416,0.6069,0.6185,0.6474,0.5983,0.6185,0.6474,0.5983,0.6222
9608,0.6358,0.6069,0.6069,0.6416,0.6416,0.6069,0.6185,0.6474,0.5983,0.6185,0.6474,0.5983,0.6222
9609,0.6358,0.6069,0.6069,0.6416,0.6416,0.6069,0.6185,0.6474,0.5983,0.6185,0.6474,0.5983,0.6222
10208,0.6358,0.6069,0.6069,0.6416,0.6416,0.6069,0.6185,0.6474,0.5983,0.6185,0.6474,0.5983,0.6222
10209,0.6358,0.6069,0.6069,0.6416,0.6416,0.6069,0.6416,0.6474,0.5983,0.6185,0.6474,0.5983,0.6245
10808,0.6358,0.6069,0.6069,0.6416,0.6416,0.6069,0.6416,0.6474,0.5983,0.6185,0.6474,0.5983,0.6245
10809,0.6358,0.6069,0.6069,0.6416,0.6416,0.6069,0.6474,0.6474,0.5983,0.6185,0.6474,0.5983,0.6251
11408,0.6358,0.6069,0.6069,0.6416,0.6416,0.6185,0.6474,0.6474,0.5983,0.6185,0.6474,0.5983,0.6263
11409,0.6358,0.6185,0.6069,0.6416,0.6416,0.6185,0.6474,0.6474,0.5983,0.6185,0.6474,0.5983,0.6275
12008,0.6358,0.6185,0.6069,0.6416,0.6416,0.6445,0.6474,0.6474,0.5983,0.6185,0.6474,0.5983,0.63
12009,0.6358,0.6185,0.6069,0.6416,0.6416,0.6445,0.6474,0.6474,0.5983,0.6185,0.6474,0.5983,0.63
12608,0.6358,0.6185,0.6069,0.6416,0.6416,0.6445,0.6474,0.6474,0.5983,0.6185,0.6474,0.5983,0.63
12609,0.6358,0.6185,0.6069,0.6416,0.6416,0.6445,0.6474,0.6474,0.5983,0.6185,0.6474,0.5983,0.63
13208,0.6416,0.6185,0.6069,0.6416,0.6416,0.6474,0.6474,0.6474,0.5983,0.6185,0.6474,0.5983,0.6309
13209,0.6416,0.6185,0.6069,0.6416,0.6416,0.6474,0.6474,0.6474,0.5983,0.6185,0.6474,0.5983,0.6309
13808,0.6416,0.6185,0.6069,0.6416,0.6416,0.6474,0.6474,0.6474,0.5983,0.6185,0.6474,0.5983,0.6309
13809,0.6416,0.6416,0.6069,0.6416,0.6416,0.6474,0.6474,0.6474,0.5983,0.6185,0.6474,0.5983,0.6332
14408,0.6416,0.6416,0.6069,0.6416,0.6416,0.6474,0.6474,0.6474,0.5983,0.6185,0.6474,0.5983,0.6332
14409,0.6416,0.6416,0.6069,0.6416,0.6416,0.6474,0.6474,0.6474,0.5983,0.6185,0.6474,0.5983,0.6332
15008,0.6416,0.6416,0.6069,0.6416,0.6416,0.6474,0.6474,0.6474,0.5983,0.6185,0.6474,0.5983,0.6332
15009,0.6416,0.6416,0.6069,0.6416,0.6416,0.6474,0.6474,0.6474,0.5983,0.6185,0.6474,0.5983,0.6332
15608,0.6416,0.6416,0.6358,0.6416,0.6416,0.6474,0.6474,0.6474,0.5983,0.6185,0.6474,0.5983,0.6361
15609,0.6416,0.6416,0.6358,0.6416,0.6416,0.6474,0.6474,0.6474,0.5983,0.6185,0.6474,0.5983,0.6361
16208,0.6416,0.6416,0.6358,0.6416,0.6474,0.6474,0.6474,0.6474,0.5983,0.6185,0.6474,0.5983,0.6367
16209,0.6416,0.6416,0.6358,0.6416,0.6474,0.6474,0.6474,0.6474,0.5983,0.6185,0.6474,0.5983,0.6367
16808,0.6416,0.6416,0.6358,0.6416,0.6474,0.6474,0.6474,0.6474,0.5983,0.6185,0.6474,0.5983,0.6367
16809,0.6416,0.6416,0.6358,0.6416,0.6474,0.6474,0.6474,0.6474,0.5983,0.6185,0.6474,0.5983,0.6367
17408,0.6416,0.6416,0.6358,0.6416,0.6474,0.6474,0.6474,0.6474,0.5983,0.6185,0.6474,0.5983,0.6367
17409,0.6416,0.6416,0.6358,0.6416,0.6474,0.6474,0.6474,0.6474,0.5983,0.6185,0.6474,0.5983,0.6367
18008,0.6416,0.6416,0.6358,0.6416,0.6474,0.6474,0.6474,0.6474,0.5983,0.6185,0.6474,0.5983,0.6367
18009,0.6416,0.6416,0.6358,0.6416,0.6474,0.6474,0.6474,0.6474,0.5983,0.6185,0.6474,0.5983,0.6367
18608,0.6416,0.6416,0.6358,0.6416,0.6474,0.6474,0.6474,0.6474,0.5983,0.6185,0.6474,0.5983,0.6367
18609,0.6416,0.6416,0.6358,0.6416,0.6474,0.6474,0.6474,0.6474,0.6301,0.6185,0.6474,0.6185,0.6399
19208,0.6416,0.6416,0.6358,0.6416,0.6474,0.6474,0.6474,0.6474,0.6301,0.6185,0.6474,0.6185,0.6399
19209,0.6416,0.6416,0.6358,0.6416,0.6474,0.6474,0.6474,0.6474,0.6301,0.6185,0.6474,0.6185,0.6399
19808,0.6416,0.6416,0.6358,0.6416,0.6474,0.6474,0.6474,0.6474,0.6301,0.6185,0.6474,0.6185,0.6399
19809,0.6416,0.6416,0.6358,0.6416,0.6474,0.6474,0.6474,0.6474,0.6301,0.6185,0.6474,0.6185,0.6399
20408,0.6416,0.6416,0.6358,0.6416,0.6474,0.6474,0.6474,0.6474,0.6301,0.6185,0.6474,0.6185,0.6399
20409,0.6416,0.6416,0.6358,0.6416,0.6474,0.6474,0.6474,0.6474,0.6301,0.6185,0.6474,0.6185,0.6399
21008,0.6416,0.6416,0.6358,0.6416,0.6474,0.6474,0.6474,0.6474,0.6301,0.6185,0.6474,0.6185,0.6399
21009,0.6416,0.6416,0.6358,0.6416,0.6474,0.6474,0.6474,0.6474,0.6301,0.6185,0.6474,0.6185,0.6399
21608,0.6416,0.6416,0.6358,0.6416,0.6474,0.6474,0.6474,0.6474,0.6301,0.6185,0.6474,0.6185,0.6399
21609,0.6416,0.6416,0.6358,0.6416,0.6474,0.6474,0.6474,0.6474,0.6301,0.6185,0.6474,0.6185,0.6399
22208,0.6416,0.6416,0.6358,0.6416,0.6474,0.6474,0.6474,0.6474,0.6301,0.6185,0.6474,0.6185,0.6399
22209,0.6416,0.6445,0.6358,0.6416,0.6474,0.6474,0.6474,0.6474,0.6301,0.6185,0.6474,0.6185,0.6402
22808,0.6416,0.6445,0.6358,0.6416,0.6474,0.6474,0.6474,0.6474,0.6301,0.6185,0.6474,0.6185,0.6402
22809,0.6416,0.6445,0.6358,0.6416,0.6474,0.6474,0.6474,0.6474,0.6301,0.6185,0.6474,0.6185,0.6402
23408,0.6416,0.6445,0.6358,0.6416,0.6474,0.6474,0.6474,0.6474,0.6301,0.6185,0.6474,0.6185,0.6402
23409,0.6416,0.6445,0.6358,0.6416,0.6474,0.6474,0.6474,0.6474,0.6301,0.6185,0.6474,0.6185,0.6402
24008,0.6416,0.6445,0.6358,0.6416,0.6474,0.6474,0.6474,0.6474,0.6301,0.6185,0.6474,0.6185,0.6402
24009,0.6416,0.6445,0.6358,0.6416,0.6474,0.6474,0.6474,0.6474,0.6301,0.6185,0.6474,0.6185,0.6402
24608,0.6416,0.6445,0.6358,0.6416,0.6474,0.6474,0.6474,0.6474,0.6301,0.6185,0.6474,0.6185,0.6402
24609,0.6416,0.6445,0.6358,0.6416,0.6474,0.6474,0.6474,0.6474,0.6301,0.6185,0.6474,0.6185,0.6402
25208,0.6416,0.6445,0.6358,0.6416,0.6474,0.6474,0.6474,0.6474,0.6301,0.6185,0.6474,0.6185,0.6402
25209,0.6416,0.6445,0.6358,0.6416,0.6474,0.6474,0.6474,0.6474,0.6301,0.6185,0.6474,0.6185,0.6402
25808,0.6416,0.6445,0.6358,0.6416,0.6474,0.6474,0.6474,0.6474,0.6301,0.6185,0.6474,0.6185,0.6402
25809,0.6416,0.6445,0.6358,0.6416,0.6474,0.6474,0.6474,0.6474,0.6301,0.6185,0.6474,0.6185,0.6402
26408,0.6416,0.6445,0.6358,0.6416,0.6474,0.6474,0.6474,0.6474,0.6301,0.6185,0.6474,0.6185,0.6402
26409,0.6416,0.6445,0.6358,0.6416,0.6474,0.6474,0.6474,0.6474,0.6301,0.6185,0.6474,0.6185,0.6402
27008,0.6416,0.6445,0.6358,0.6416,0.6474,0.6474,0.6474,0.6474,0.6301,0.6185,0.6474,0.6185,0.6402
27009,0.6416,0.6445,0.6358,0.6416,0.6474,0.6474,0.6474,0.6474,0.6301,0.6185,0.6474,0.6185,0.6402
27608,0.6416,0.6445,0.6358,0.6416,0.6474,0.6474,0.6474,0.6474,0.6301,0.6185,0.6474,0.6185,0.6402
27609,0.6416,0.6445,0.6358,0.6416,0.6474,0.6474,0.6474,0.6474,0.6301,0.6185,0.6474,0.6185,0.6402
28208,0.6416,0.6445,0.6358,0.6416,0.6474,0.6474,0.6474,0.6474,0.6301,0.6185,0.6474,0.6185,0.6402
28209,0.6416,0.6445,0.6358,0.6416,0.6474,0.6474,0.6474,0.6474,0.6301,0.6185,0.6474,0.6185,0.6402
28808,0.6416,0.6445,0.6358,0.6445,0.6474,0.6474,0.6474,0.6474,0.6301,0.6185,0.6474,0.6185,0.6405
28809,0.6416,0.6445,0.6358,0.6445,0.6474,0.6474,0.6474,0.6474,0.6301,0.6185,0.6474,0.6185,0.6405
29408,0.6416,0.6445,0.6358,0.6445,0.6474,0.6474,0.6474,0.6474,0.6301,0.6185,0.6474,0.6185,0.6405
29409,0.6416,0.6445,0.6358,0.6445,0.6474,0.6474,0.6474,0.6474,0.6301,0.6185,0.6474,0.6185,0.6405
30008,0.6416,0.6445,0.6358,0.6445,0.6474,0.6474,0.6474,0.6474,0.6301,0.6185,0.6474,0.6185,0.6405
30009,0.6416,0.6445,0.6358,0.6445,0.6474,0.6474,0.6474,0.6474,0.6301,0.6185,0.6474,0.6185,0.6405
30608,0.6416,0.6445,0.6358,0.6445,0.6474,0.6474,0.6474,0.6474,0.6301,0.6185,0.6474,0.6185,0.6405
30609,0.6416,0.6445,0.6358,0.6445,0.6474,0.6474,0.6474,0.6474,0.6301,0.6185,0.6474,0.6185,0.6405
31208,0.6416,0.6445,0.6358,0.6445,0.6474,0.6474,0.6474,0.6474,0.6301,0.6185,0.6474,0.6185,0.6405
31209,0.6416,0.6445,0.6358,0.6445,0.6474,0.6474,0.6474,0.6474,0.6301,0.6185,0.6474,0.6185,0.6405
31808,0.6416,0.6445,0.6358,0.6445,0.6474,0.6474,0.6474,0.6474,0.6301,0.6185,0.6474,0.6185,0.6405
31809,0.6416,0.6445,0.6358,0.6445,0.6474,0.6474,0.6474,0.6474,0.6301,0.6185,0.6474,0.6185,0.6405
32408,0.6416,0.6445,0.6358,0.6445,0.6474,0.6474,0.6474,0.6474,0.6301,0.6185,0.6474,0.6185,0.6405
32409,0.6416,0.6445,0.6358,0.6445,0.6474,0.6474,0.6474,0.6474,0.6301,0.6185,0.6474,0.6185,0.6405
33008,0.6416,0.6445,0.6358,0.6445,0.6474,0.6474,0.6474,0.6474,0.6301,0.6185,0.6474,0.6185,0.6405
33009,0.6416,0.6445,0.6358,0.6445,0.6474,0.6474,0.6474,0.6474,0.6301,0.6185,0.6474,0.6185,0.6405
33608,0.6416,0.6445,0.6358,0.6445,0.6474,0.6474,0.6474,0.6474,0.6301,0.6185,0.6474,0.6185,0.6405
33609,0.6416,0.6445,0.6358,0.6445,0.6474,0.6474,0.6474,0.6474,0.6301,0.6185,0.6474,0.6185,0.6405
34208,0.6416,0.6445,0.6358,0.6445,0.6474,0.6474,0.6474,0.6474,0.6301,0.6185,0.6474,0.6185,0.6405
34209,0.6416,0.6445,0.6358,0.6445,0.6474,0.6474,0.6474,0.6474,0.6301,0.6185,0.6474,0.6185,0.6405
34808,0.6416,0.6445,0.6358,0.6445,0.6474,0.6474,0.6474,0.6474,0.6301,0.6185,0.6474,0.6185,0.6405
34809,0.6416,0.6445,0.6358,0.6445,0.6474,0.6474,0.6474,0.6474,0.6301,0.6185,0.6474,0.6185,0.6405
35408,0.6416,0.6445,0.6358,0.6445,0.6474,0.6474,0.6474,0.6474,0.6301,0.6185,0.6474,0.6185,0.6405
35409,0.6416,0.6445,0.6358,0.6445,0.6474,0.6474,0.6474,0.6474,0.6301,0.6185,0.6474,0.6185,0.6405
36008,0.6416,0.6445,0.6358,0.6445,0.6474,0.6474,0.6474,0.6474,0.6301,0.6185,0.6474,0.6185,0.6405
36009,0.6416,0.6445,0.6358,0.6445,0.6474,0.6474,0.6474,0.6474,0.6358,0.6185,0.6474,0.6185,0.641
36608,0.6416,0.6445,0.6358,0.6445,0.6474,0.6474,0.6474,0.6474,0.6358,0.6185,0.6474,0.6185,0.641
36609,0.6416,0.6445,0.6358,0.6445,0.6474,0.6474,0.6474,0.6474,0.6358,0.6185,0.6474,0.6185,0.641
37208,0.6416,0.6445,0.6416,0.6445,0.6474,0.6474,0.6474,0.6474,0.6358,0.6185,0.6474,0.6185,0.6416
37209,0.6416,0.6445,0.6416,0.6445,0.6474,0.6474,0.6474,0.6474,0.6358,0.6185,0.6474,0.6185,0.6416
37808,0.6416,0.6445,0.6416,0.6445,0.6474,0.6474,0.6474,0.6474,0.6358,0.6185,0.6474,0.6185,0.6416
37809,0.6416,0.6445,0.6416,0.6445,0.6474,0.6474,0.6474,0.6474,0.6358,0.6387,0.6474,0.6358,0.6436
38408,0.6445,0.6445,0.6416,0.6445,0.6474,0.6474,0.6474,0.6474,0.6358,0.6387,0.6474,0.6358,0.6439
38409,0.6445,0.6445,0.6416,0.6445,0.6474,0.6474,0.6474,0.6474,0.6358,0.6387,0.6474,0.6358,0.6439
39008,0.6445,0.6445,0.6416,0.6445,0.6474,0.6474,0.6474,0.6474,0.6358,0.6387,0.6474,0.6358,0.6439
39009,0.6445,0.6445,0.6416,0.6445,0.6474,0.6474,0.6474,0.6474,0.6358,0.6387,0.6474,0.6358,0.6439
39608,0.6445,0.6445,0.6416,0.6445,0.6474,0.6474,0.6474,0.6474,0.6358,0.6387,0.6474,0.6358,0.6439
39609,0.6445,0.6445,0.6416,0.6445,0.6474,0.6474,0.6474,0.6474,0.6358,0.6387,0.6474,0.6358,0.6439
40208,0.6445,0.6445,0.6416,0.6445,0.6474,0.6474,0.6474,0.6474,0.6358,0.6387,0.6474,0.6358,0.6439
40209,0.6445,0.6445,0.6416,0.6445,0.6474,0.6474,0.6474,0.6474,0.6358,0.6387,0.6474,0.6358,0.6439
40808,0.6445,0.6445,0.6416,0.6445,0.6474,0.6474,0.6474,0.6474,0.6358,0.6387,0.6474,0.6358,0.6439
40809,0.6445,0.6445,0.6416,0.6445,0.6474,0.6474,0.6474,0.6474,0.6358,0.6387,0.6474,0.6358,0.6439
41408,0.6445,0.6445,0.6416,0.6445,0.6474,0.6474,0.6474,0.6474,0.6358,0.6387,0.6474,0.6358,0.6439
41409,0.6445,0.6445,0.6416,0.6445,0.6474,0.6474,0.6474,0.6474,0.6358,0.6387,0.6474,0.6358,0.6439
42008,0.6445,0.6445,0.6416,0.6445,0.6474,0.6474,0.6474,0.6474,0.6358,0.6387,0.6474,0.6358,0.6439
42009,0.6445,0.6445,0.6416,0.6445,0.6474,0.6474,0.6474,0.6474,0.6358,0.6387,0.6474,0.6358,0.6439
42608,0.6445,0.6445,0.6416,0.6445,0.6474,0.6474,0.6474,0.6474,0.6358,0.6387,0.6474,0.6358,0.6439
42609,0.6445,0.6445,0.6416,0.6445,0.6474,0.6474,0.6474,0.6474,0.6358,0.6387,0.6474,0.6358,0.6439
43208,0.6445,0.6445,0.6416,0.6445,0.6474,0.6474,0.6474,0.6474,0.6358,0.6387,0.6474,0.6358,0.6439
43209,0.6445,0.6445,0.6416,0.6445,0.6474,0.6474,0.6474,0.6474,0.6358,0.6445,0.6474,0.6358,0.6445
43808,0.6445,0.6445,0.6416,0.6445,0.6474,0.6474,0.6474,0.6474,0.6358,0.6445,0.6474,0.6358,0.6445
43809,0.6445,0.6445,0.6416,0.6445,0.6474,0.6474,0.6474,0.6474,0.6358,0.6445,0.6474,0.6358,0.6445
44408,0.6474,0.6445,0.6416,0.6445,0.6474,0.6474,0.6474,0.6474,0.6358,0.6445,0.6474,0.6358,0.6448
44409,0.6474,0.6445,0.6416,0.6445,0.6474,0.6474,0.6474,0.6474,0.6358,0.6445,0.6474,0.6358,0.6448
45008,0.6474,0.6445,0.6416,0.6445,0.6474,0.6474,0.6474,0.6474,0.6358,0.6445,0.6474,0.6358,0.6448
45009,0.6474,0.6445,0.6416,0.6445,0.6474,0.6474,0.6474,0.6474,0.6358,0.6445,0.6474,0.6358,0.6448
45608,0.6474,0.6445,0.6416,0.6445,0.6474,0.6474,0.6474,0.6474,0.6358,0.6445,0.6474,0.6358,0.6448
45609,0.6474,0.6445,0.6416,0.6445,0.6474,0.6474,0.6474,0.6474,0.6358,0.6445,0.6474,0.6358,0.6448
46208,0.6474,0.6445,0.6416,0.6445,0.6474,0.6474,0.6474,0.6474,0.6358,0.6445,0.6474,0.6358,0.6448
46209,0.6474,0.6445,0.6416,0.6445,0.6474,0.6474,0.6474,0.6474,0.6358,0.6445,0.6474,0.6358,0.6448
46808,0.6474,0.6445,0.6416,0.6445,0.6474,0.6474,0.6474,0.6474,0.6358,0.6445,0.6474,0.6358,0.6448
46809,0.6474,0.6445,0.6416,0.6445,0.6474,0.6474,0.6474,0.6474,0.6358,0.6445,0.6474,0.6358,0.6448
47408,0.6474,0.6445,0.6416,0.6445,0.6474,0.6474,0.6474,0.6474,0.6358,0.6445,0.6474,0.6358,0.6448
47409,0.6474,0.6445,0.6416,0.6445,0.6474,0.6474,0.6474,0.6474,0.6358,0.6445,0.6474,0.6358,0.6448
48008,0.6474,0.6445,0.6416,0.6445,0.6474,0.6474,0.6474,0.6474,0.6358,0.6445,0.6474,0.6358,0.6448
48009,0.6474,0.6445,0.6416,0.6445,0.6474,0.6474,0.6474,0.6474,0.6358,0.6445,0.6474,0.6358,0.6448
48608,0.6474,0.6445,0.6416,0.6445,0.6474,0.6474,0.6474,0.6474,0.6358,0.6445,0.6474,0.6358,0.6448
48609,0.6474,0.6445,0.6416,0.6445,0.6474,0.6474,0.6474,0.6474,0.6358,0.6445,0.6474,0.6358,0.6448
49208,0.6474,0.6445,0.6416,0.6445,0.6474,0.6474,0.6474,0.6474,0.6358,0.6445,0.6474,0.6358,0.6448
49209,0.6474,0.6445,0.6416,0.6445,0.6474,0.6474,0.6474,0.6474,0.6416,0.6445,0.6474,0.6416,0.6454
49808,0.6474,0.6445,0.6416,0.6445,0.6474,0.6474,0.6474,0.6474,0.6416,0.6445,0.6474,0.6416,0.6454
49809,0.6474,0.6445,0.6416,0.6445,0.6474,0.6474,0.6474,0.6474,0.6416,0.6445,0.6474,0.6416,0.6454
50408,0.6474,0.6445,0.6416,0.6445,0.6474,0.6474,0.6474,0.6474,0.6416,0.6445,0.6474,0.6416,0.6454
50409,0.6474,0.6445,0.6416,0.6445,0.6474,0.6474,0.6474,0.6474,0.6416,0.6445,0.6474,0.6416,0.6454
51008,0.6474,0.6445,0.6416,0.6445,0.6474,0.6474,0.6474,0.6474,0.6416,0.6445,0.6474,0.6416,0.6454
51009,0.6474,0.6445,0.6416,0.6445,0.6474,0.6474,0.6474,0.6474,0.6416,0.6445,0.6474,0.6416,0.6454
51608,0.6474,0.6445,0.6416,0.6445,0.6474,0.6474,0.6474,0.6474,0.6416,0.6445,0.6474,0.6416,0.6454
51609,0.6474,0.6445,0.6416,0.6445,0.6474,0.6474,0.6474,0.6474,0.6416,0.6445,0.6474,0.6416,0.6454
52208,0.6474,0.6445,0.6416,0.6445,0.6474,0.6474,0.6474,0.6474,0.6416,0.6445,0.6474,0.6416,0.6454
52209,0.6474,0.6445,0.6416,0.6445,0.6474,0.6474,0.6474,0.6474,0.6416,0.6445,0.6474,0.6416,0.6454
52808,0.6474,0.6445,0.6416,0.6445,0.6474,0.6474,0.6474,0.6474,0.6416,0.6445,0.6474,0.6416,0.6454
52809,0.6474,0.6445,0.6416,0.6445,0.6474,0.6474,0.6474,0.6474,0.6416,0.6445,0.6474,0.6416,0.6454
53408,0.6474,0.6445,0.6416,0.6445,0.6474,0.6474,0.6474,0.6474,0.6416,0.6445,0.6474,0.6416,0.6454
53409,0.6474,0.6445,0.6416,0.6445,0.6474,0.6474,0.6474,0.6474,0.6416,0.6445,0.6474,0.6416,0.6454
53410,0.6474,0.6445,0.6416,0.6445,0.6474,0.6474,0.6474,0.6474,0.6416,0.6445,0.6474,0.6416,0.6454
54008,0.6474,0.6445,0.6416,0.6445,0.6474,0.6474,0.6474,0.6474,0.6416,0.6445,0.6474,0.6416,0.6454
54009,0.6474,0.6445,0.6416,0.6445,0.6474,0.6474,0.6474,0.6474,0.6416,0.6445,0.6474,0.6416,0.6454
54010,0.6474,0.6445,0.6416,0.6445,0.6474,0.6474,0.6474,0.6474,0.6416,0.6445,0.6474,0.6416,0.6454
54608,0.6474,0.6445,0.6416,0.6445,0.6474,0.6474,0.6474,0.6474,0.6416,0.6445,0.6474,0.6416,0.6454
54609,0.6474,0.6445,0.6416,0.6445,0.6474,0.6474,0.6474,0.6474,0.6416,0.6445,0.6474,0.6416,0.6454
54610,0.6474,0.6445,0.6416,0.6445,0.6474,0.6474,0.6474,0.6474,0.6416,0.6445,0.6474,0.6416,0.6454
55208,0.6474,0.6445,0.6416,0.6445,0.6474,0.6474,0.6474,0.6474,0.6416,0.6445,0.6474,0.6416,0.6454
55209,0.6474,0.6445,0.6416,0.6445,0.6474,0.6474,0.6474,0.6474,0.6416,0.6445,0.6474,0.6416,0.6454
55210,0.6474,0.6445,0.6416,0.6445,0.6474,0.6474,0.6474,0.6474,0.6416,0.6445,0.6474,0.6416,0.6454
55808,0.6474,0.6445,0.6416,0.6445,0.6474,0.6474,0.6474,0.6474,0.6416,0.6445,0.6474,0.6416,0.6454
55809,0.6474,0.6445,0.6416,0.6445,0.6474,0.6474,0.6474,0.6474,0.6416,0.6445,0.6474,0.6416,0.6454
55810,0.6474,0.6445,0.6416,0.6445,0.6474,0.6474,0.6474,0.6474,0.6416,0.6445,0.6474,0.6416,0.6454
56408,0.6474,0.6445,0.6416,0.6445,0.6474,0.6474,0.6474,0.6474,0.6416,0.6445,0.6474,0.6416,0.6454
56409,0.6474,0.6445,0.6416,0.6445,0.6474,0.6474,0.6474,0.6474,0.6416,0.6445,0.6474,0.6416,0.6454
56410,0.6474,0.6445,0.6416,0.6445,0.6474,0.6474,0.6474,0.6474,0.6445,0.6445,0.6474,0.6416,0.6457
57008,0.6474,0.6445,0.6416,0.6445,0.6474,0.6474,0.6474,0.6474,0.6445,0.6445,0.6474,0.6416,0.6457
57009,0.6474,0.6445,0.6416,0.6445,0.6474,0.6474,0.6474,0.6474,0.6445,0.6445,0.6474,0.6416,0.6457
57010,0.6474,0.6445,0.6416,0.6445,0.6474,0.6474,0.6474,0.6474,0.6445,0.6445,0.6474,0.6416,0.6457
57608,0.6474,0.6445,0.6416,0.6445,0.6474,0.6474,0.6474,0.6474,0.6445,0.6445,0.6474,0.6416,0.6457
57609,0.6474,0.6445,0.6416,0.6445,0.6474,0.6474,0.6474,0.6474,0.6445,0.6445,0.6474,0.6416,0.6457
57610,0.6474,0.6445,0.6416,0.6445,0.6474,0.6474,0.6474,0.6474,0.6445,0.6445,0.6474,0.6416,0.6457
58208,0.6474,0.6445,0.6416,0.6445,0.6474,0.6474,0.6474,0.6474,0.6445,0.6445,0.6474,0.6416,0.6457
58209,0.6474,0.6445,0.6416,0.6474,0.6474,0.6474,0.6474,0.6474,0.6445,0.6474,0.6474,0.6416,0.6462
58210,0.6474,0.6445,0.6416,0.6474,0.6474,0.6474,0.6474,0.6474,0.6445,0.6474,0.6474,0.6416,0.6462
58808,0.6474,0.6445,0.6416,0.6474,0.6474,0.6474,0.6474,0.6474,0.6445,0.6474,0.6474,0.6416,0.6462
58809,0.6474,0.6445,0.6416,0.6474,0.6474,0.6474,0.6474,0.6474,0.6445,0.6474,0.6474,0.6416,0.6462
58810,0.6474,0.6445,0.6416,0.6474,0.6474,0.6474,0.6474,0.6474,0.6445,0.6474,0.6474,0.6416,0.6462
59408,0.6474,0.6445,0.6416,0.6474,0.6474,0.6474,0.6474,0.6474,0.6445,0.6474,0.6474,0.6416,0.6462
59409,0.6474,0.6445,0.6416,0.6474,0.6474,0.6474,0.6474,0.6474,0.6445,0.6474,0.6474,0.6416,0.6462
59410,0.6474,0.6445,0.6416,0.6474,0.6474,0.6474,0.6474,0.6474,0.6445,0.6474,0.6474,0.6416,0.6462
60008,0.6474,0.6445,0.6416,0.6474,0.6474,0.6474,0.6474,0.6474,0.6445,0.6474,0.6474,0.6416,0.6462
60009,0.6474,0.6445,0.6416,0.6474,0.6474,0.6474,0.6474,0.6474,0.6445,0.6474,0.6474,0.6416,0.6462
60010,0.6474,0.6445,0.6416,0.6474,0.6474,0.6474,0.6474,0.6474,0.6445,0.6474,0.6474,0.6416,0.6462
60608,0.6474,0.6445,0.6416,0.6474,0.6474,0.6474,0.6474,0.6474,0.6445,0.6474,0.6474,0.6416,0.6462
60609,0.6474,0.6445,0.6416,0.6474,0.6474,0.6474,0.6474,0.6474,0.6445,0.6474,0.6474,0.6416,0.6462
60610,0.6474,0.6445,0.6416,0.6474,0.6474,0.6474,0.6474,0.6474,0.6445,0.6474,0.6474,0.6416,0.6462
61208,0.6474,0.6445,0.6416,0.6474,0.6474,0.6474,0.6474,0.6474,0.6445,0.6474,0.6474,0.6416,0.6462
61209,0.6474,0.6445,0.6416,0.6474,0.6474,0.6474,0.6474,0.6474,0.6445,0.6474,0.6474,0.6416,0.6462
61210,0.6474,0.6445,0.6416,0.6474,0.6474,0.6474,0.6474,0.6474,0.6445,0.6474,0.6474,0.6416,0.6462
61808,0.6474,0.6445,0.6416,0.6474,0.6474,0.6474,0.6474,0.6474,0.6445,0.6474,0.6474,0.6416,0.6462
61809,0.6474,0.6445,0.6416,0.6474,0.6474,0.6474,0.6474,0.6474,0.6445,0.6474,0.6474,0.6416,0.6462
61810,0.6474,0.6445,0.6416,0.6474,0.6474,0.6474,0.6474,0.6474,0.6445,0.6474,0.6474,0.6416,0.6462
62408,0.6474,0.6445,0.6416,0.6474,0.6474,0.6474,0.6474,0.6474,0.6445,0.6474,0.6474,0.6416,0.6462
62409,0.6474,0.6445,0.6416,0.6474,0.6474,0.6474,0.6474,0.6474,0.6445,0.6474,0.6474,0.6416,0.6462
62410,0.6474,0.6445,0.6416,0.6474,0.6474,0.6474,0.6474,0.6474,0.6445,0.6474,0.6474,0.6416,0.6462
63008,0.6474,0.6445,0.6416,0.6474,0.6474,0.6474,0.6474,0.6474,0.6445,0.6474,0.6474,0.6416,0.6462
63009,0.6474,0.6445,0.6416,0.6474,0.6474,0.6474,0.6474,0.6474,0.6445,0.6474,0.6474,0.6416,0.6462
63010,0.6474,0.6445,0.6416,0.6474,0.6474,0.6474,0.6474,0.6474,0.6445,0.6474,0.6474,0.6416,0.6462
63608,0.6474,0.6445,0.6416,0.6474,0.6474,0.6474,0.6474,0.6474,0.6445,0.6474,0.6474,0.6416,0.6462
63609,0.6474,0.6445,0.6416,0.6474,0.6474,0.6474,0.6474,0.6474,0.6445,0.6474,0.6474,0.6416,0.6462
63610,0.6474,0.6445,0.6416,0.6474,0.6474,0.6474,0.6474,0.6474,0.6445,0.6474,0.6474,0.6416,0.6462
64208,0.6474,0.6445,0.6416,0.6474,0.6474,0.6474,0.6474,0.6474,0.6445,0.6474,0.6474,0.6416,0.6462
64209,0.6474,0.6474,0.6416,0.6474,0.6474,0.6474,0.6474,0.6474,0.6445,0.6474,0.6474,0.6416,0.6465
64210,0.6474,0.6474,0.6416,0.6474,0.6474,0.6474,0.6474,0.6474,0.6445,0.6474,0.6474,0.6416,0.6465
64808,0.6474,0.6474,0.6416,0.6474,0.6474,0.6474,0.6474,0.6474,0.6445,0.6474,0.6474,0.6416,0.6465
64809,0.6474,0.6474,0.6416,0.6474,0.6474,0.6474,0.6474,0.6474,0.6445,0.6474,0.6474,0.6416,0.6465
64810,0.6474,0.6474,0.6416,0.6474,0.6474,0.6474,0.6474,0.6474,0.6445,0.6474,0.6474,0.6416,0.6465
65408,0.6474,0.6474,0.6416,0.6474,0.6474,0.6474,0.6474,0.6474,0.6445,0.6474,0.6474,0.6416,0.6465
65409,0.6474,0.6474,0.6416,0.6474,0.6474,0.6474,0.6474,0.6474,0.6445,0.6474,0.6474,0.6416,0.6465
65410,0.6474,0.6474,0.6416,0.6474,0.6474,0.6474,0.6474,0.6474,0.6445,0.6474,0.6474,0.6416,0.6465
66008,0.6474,0.6474,0.6416,0.6474,0.6474,0.6474,0.6474,0.6474,0.6445,0.6474,0.6474,0.6416,0.6465
66009,0.6474,0.6474,0.6416,0.6474,0.6474,0.6474,0.6474,0.6474,0.6445,0.6474,0.6474,0.6416,0.6465
66010,0.6474,0.6474,0.6416,0.6474,0.6474,0.6474,0.6474,0.6474,0.6445,0.6474,0.6474,0.6416,0.6465
66608,0.6474,0.6474,0.6416,0.6474,0.6474,0.6474,0.6474,0.6474,0.6445,0.6474,0.6474,0.6416,0.6465
66609,0.6474,0.6474,0.6416,0.6474,0.6474,0.6474,0.6474,0.6474,0.6445,0.6474,0.6474,0.6416,0.6465
66610,0.6474,0.6474,0.6416,0.6474,0.6474,0.6474,0.6474,0.6474,0.6445,0.6474,0.6474,0.6416,0.6465
67208,0.6474,0.6474,0.6416,0.6474,0.6474,0.6474,0.6474,0.6474,0.6445,0.6474,0.6474,0.6416,0.6465
67209,0.6474,0.6474,0.6416,0.6474,0.6474,0.6474,0.6474,0.6474,0.6445,0.6474,0.6474,0.6416,0.6465
67210,0.6474,0.6474,0.6416,0.6474,0.6474,0.6474,0.6474,0.6474,0.6445,0.6474,0.6474,0.6416,0.6465
67808,0.6474,0.6474,0.6416,0.6474,0.6474,0.6474,0.6474,0.6474,0.6445,0.6474,0.6474,0.6416,0.6465
67809,0.6474,0.6474,0.6416,0.6474,0.6474,0.6474,0.6474,0.6474,0.6445,0.6474,0.6474,0.6416,0.6465
67810,0.6474,0.6474,0.6416,0.6474,0.6474,0.6474,0.6474,0.6474,0.6445,0.6474,0.6474,0.6416,0.6465
68408,0.6474,0.6474,0.6416,0.6474,0.6474,0.6474,0.6474,0.6474,0.6445,0.6474,0.6474,0.6416,0.6465
68409,0.6474,0.6474,0.6416,0.6474,0.6474,0.6474,0.6474,0.6474,0.6445,0.6474,0.6474,0.6416,0.6465
68410,0.6474,0.6474,0.6416,0.6474,0.6474,0.6474,0.6474,0.6474,0.6445,0.6474,0.6474,0.6416,0.6465
69008,0.6474,0.6474,0.6416,0.6474,0.6474,0.6474,0.6474,0.6474,0.6445,0.6474,0.6474,0.6416,0.6465
69009,0.6474,0.6474,0.6416,0.6474,0.6474,0.6474,0.6474,0.6474,0.6445,0.6474,0.6474,0.6416,0.6465
69010,0.6474,0.6474,0.6416,0.6474,0.6474,0.6474,0.6474,0.6474,0.6445,0.6474,0.6474,0.6416,0.6465
69608,0.6474,0.6474,0.6416,0.6474,0.6474,0.6474,0.6474,0.6474,0.6445,0.6474,0.6474,0.6416,0.6465
69609,0.6474,0.6474,0.6416,0.6474,0.6474,0.6474,0.6474,0.6474,0.6445,0.6474,0.6474,0.6416,0.6465
69610,0.6474,0.6474,0.6416,0.6474,0.6474,0.6474,0.6474,0.6474,0.6445,0.6474,0.6474,0.6416,0.6465
70208,0.6474,0.6474,0.6416,0.6474,0.6474,0.6474,0.6474,0.6474,0.6445,0.6474,0.6474,0.6416,0.6465
70209,0.6474,0.6474,0.6416,0.6474,0.6474,0.6474,0.6474,0.6474,0.6445,0.6474,0.6474,0.6416,0.6465
70210,0.6474,0.6474,0.6416,0.6474,0.6474,0.6474,0.6474,0.6474,0.6445,0.6474,0.6474,0.6416,0.6465
70808,0.6474,0.6474,0.6416,0.6474,0.6474,0.6474,0.6474,0.6474,0.6445,0.6474,0.6474,0.6416,0.6465
70809,0.6474,0.6474,0.6416,0.6474,0.6474,0.6474,0.6474,0.6474,0.6445,0.6474,0.6474,0.6416,0.6465
70810,0.6474,0.6474,0.6416,0.6474,0.6474,0.6474,0.6474,0.6474,0.6445,0.6474,0.6474,0.6416,0.6465
71408,0.6474,0.6474,0.6416,0.6474,0.6474,0.6474,0.6474,0.6474,0.6445,0.6474,0.6474,0.6416,0.6465
71409,0.6474,0.6474,0.6416,0.6474,0.6474,0.6474,0.6474,0.6474,0.6445,0.6474,0.6474,0.6416,0.6465
71410,0.6474,0.6474,0.6416,0.6474,0.6474,0.6474,0.6474,0.6474,0.6445,0.6474,0.6474,0.6416,0.6465
72008,0.6474,0.6474,0.6416,0.6474,0.6474,0.6474,0.6474,0.6474,0.6445,0.6474,0.6474,0.6416,0.6465
72009,0.6474,0.6474,0.6416,0.6474,0.6474,0.6474,0.6474,0.6474,0.6445,0.6474,0.6474,0.6416,0.6465
72010,0.6474,0.6474,0.6416,0.6474,0.6474,0.6474,0.6474,0.6474,0.6445,0.6474,0.6474,0.6416,0.6465
72608,0.6474,0.6474,0.6416,0.6474,0.6474,0.6474,0.6474,0.6474,0.6445,0.6474,0.6474,0.6416,0.6465
72609,0.6474,0.6474,0.6416,0.6474,0.6474,0.6474,0.6474,0.6474,0.6445,0.6474,0.6474,0.6416,0.6465
72610,0.6474,0.6474,0.6416,0.6474,0.6474,0.6474,0.6474,0.6474,0.6445,0.6474,0.6474,0.6416,0.6465
73208,0.6474,0.6474,0.6416,0.6474,0.6474,0.6474,0.6474,0.6474,0.6445,0.6474,0.6474,0.6416,0.6465
73209,0.6474,0.6474,0.6416,0.6474,0.6474,0.6474,0.6474,0.6474,0.6445,0.6474,0.6474,0.6416,0.6465
73210,0.6474,0.6474,0.6416,0.6474,0.6474,0.6474,0.6474,0.6474,0.6445,0.6474,0.6474,0.6416,0.6465
73808,0.6474,0.6474,0.6416,0.6474,0.6474,0.6474,0.6474,0.6474,0.6445,0.6474,0.6474,0.6416,0.6465
73809,0.6474,0.6474,0.6416,0.6474,0.6474,0.6474,0.6474,0.6474,0.6445,0.6474,0.6474,0.6416,0.6465
73810,0.6474,0.6474,0.6416,0.6474,0.6474,0.6474,0.6474,0.6474,0.6445,0.6474,0.6474,0.6416,0.6465
74408,0.6474,0.6474,0.6416,0.6474,0.6474,0.6474,0.6474,0.6474,0.6445,0.6474,0.6474,0.6416,0.6465
74409,0.6474,0.6474,0.6416,0.6474,0.6474,0.6474,0.6474,0.6474,0.6445,0.6474,0.6474,0.6416,0.6465
74410,0.6474,0.6474,0.6416,0.6474,0.6474,0.6474,0.6474,0.6474,0.6445,0.6474,0.6474,0.6416,0.6465
75008,0.6474,0.6474,0.6445,0.6474,0.6474,0.6474,0.6474,0.6474,0.6445,0.6474,0.6474,0.6445,0.6468
75009,0.6474,0.6474,0.6445,0.6474,0.6474,0.6474,0.6474,0.6474,0.6445,0.6474,0.6474,0.6445,0.6468
75010,0.6474,0.6474,0.6445,0.6474,0.6474,0.6474,0.6474,0.6474,0.6445,0.6474,0.6474,0.6445,0.6468
75608,0.6474,0.6474,0.6445,0.6474,0.6474,0.6474,0.6474,0.6474,0.6445,0.6474,0.6474,0.6445,0.6468
75609,0.6474,0.6474,0.6445,0.6474,0.6474,0.6474,0.6474,0.6474,0.6445,0.6474,0.6474,0.6445,0.6468
75610,0.6474,0.6474,0.6445,0.6474,0.6474,0.6474,0.6474,0.6474,0.6445,0.6474,0.6474,0.6445,0.6468
76208,0.6474,0.6474,0.6445,0.6474,0.6474,0.6474,0.6474,0.6474,0.6445,0.6474,0.6474,0.6445,0.6468
76209,0.6474,0.6474,0.6445,0.6474,0.6474,0.6474,0.6474,0.6474,0.6445,0.6474,0.6474,0.6445,0.6468
76210,0.6474,0.6474,0.6445,0.6474,0.6474,0.6474,0.6474,0.6474,0.6445,0.6474,0.6474,0.6445,0.6468
76808,0.6474,0.6474,0.6445,0.6474,0.6474,0.6474,0.6474,0.6474,0.6445,0.6474,0.6474,0.6445,0.6468
76809,0.6474,0.6474,0.6445,0.6474,0.6474,0.6474,0.6474,0.6474,0.6445,0.6474,0.6474,0.6445,0.6468
76810,0.6474,0.6474,0.6445,0.6474,0.6474,0.6474,0.6474,0.6474,0.6445,0.6474,0.6474,0.6445,0.6468
77408,0.6474,0.6474,0.6445,0.6474,0.6474,0.6474,0.6474,0.6474,0.6445,0.6474,0.6474,0.6445,0.6468
77409,0.6474,0.6474,0.6445,0.6474,0.6474,0.6474,0.6474,0.6474,0.6445,0.6474,0.6474,0.6445,0.6468
77410,0.6474,0.6474,0.6445,0.6474,0.6474,0.6474,0.6474,0.6474,0.6445,0.6474,0.6474,0.6445,0.6468
78008,0.6474,0.6474,0.6445,0.6474,0.6474,0.6474,0.6474,0.6474,0.6445,0.6474,0.6474,0.6445,0.6468
78009,0.6474,0.6474,0.6445,0.6474,0.6474,0.6474,0.6474,0.6474,0.6445,0.6474,0.6474,0.6445,0.6468
78010,0.6474,0.6474,0.6445,0.6474,0.6474,0.6474,0.6474,0.6474,0.6445,0.6474,0.6474,0.6445,0.6468
78608,0.6474,0.6474,0.6445,0.6474,0.6474,0.6474,0.6474,0.6474,0.6445,0.6474,0.6474,0.6445,0.6468
78609,0.6474,0.6474,0.6445,0.6474,0.6474,0.6474,0.6474,0.6474,0.6445,0.6474,0.6474,0.6445,0.6468
78610,0.6474,0.6474,0.6445,0.6474,0.6474,0.6474,0.6474,0.6474,0.6445,0.6474,0.6474,0.6445,0.6468
79208,0.6474,0.6474,0.6445,0.6474,0.6474,0.6474,0.6474,0.6474,0.6445,0.6474,0.6474,0.6445,0.6468
79209,0.6474,0.6474,0.6445,0.6474,0.6474,0.6474,0.6474,0.6474,0.6445,0.6474,0.6474,0.6445,0.6468
79210,0.6474,0.6474,0.6445,0.6474,0.6474,0.6474,0.6474,0.6474,0.6445,0.6474,0.6474,0.6445,0.6468
79808,0.6474,0.6474,0.6445,0.6474,0.6474,0.6474,0.6474,0.6474,0.6445,0.6474,0.6474,0.6445,0.6468
79809,0.6474,0.6474,0.6445,0.6474,0.6474,0.6474,0.6474,0.6474,0.6445,0.6474,0.6474,0.6445,0.6468
79810,0.6474,0.6474,0.6445,0.6474,0.6474,0.6474,0.6474,0.6474,0.6445,0.6474,0.6474,0.6445,0.6468
80408,0.6474,0.6474,0.6445,0.6474,0.6474,0.6474,0.6474,0.6474,0.6445,0.6474,0.6474,0.6445,0.6468
80409,0.6474,0.6474,0.6445,0.6474,0.6474,0.6474,0.6474,0.6474,0.6445,0.6474,0.6474,0.6445,0.6468
80410,0.6474,0.6474,0.6445,0.6474,0.6474,0.6474,0.6474,0.6474,0.6445,0.6474,0.6474,0.6445,0.6468
81008,0.6474,0.6474,0.6445,0.6474,0.6474,0.6474,0.6474,0.6474,0.6445,0.6474,0.6474,0.6445,0.6468
81009,0.6474,0.6474,0.6445,0.6474,0.6474,0.6474,0.6474,0.6474,0.6445,0.6474,0.6474,0.6445,0.6468
81010,0.6474,0.6474,0.6445,0.6474,0.6474,0.6474,0.6474,0.6474,0.6445,0.6474,0.6474,0.6445,0.6468
81608,0.6474,0.6474,0.6445,0.6474,0.6474,0.6474,0.6474,0.6474,0.6445,0.6474,0.6474,0.6445,0.6468
81609,0.6474,0.6474,0.6445,0.6474,0.6474,0.6474,0.6474,0.6474,0.6445,0.6474,0.6474,0.6445,0.6468
81610,0.6474,0.6474,0.6445,0.6474,0.6474,0.6474,0.6474,0.6474,0.6445,0.6474,0.6474,0.6445,0.6468
82208,0.6474,0.6474,0.6445,0.6474,0.6474,0.6474,0.6474,0.6474,0.6445,0.6474,0.6474,0.6445,0.6468
82209,0.6474,0.6474,0.6445,0.6474,0.6474,0.6474,0.6474,0.6474,0.6445,0.6474,0.6474,0.6445,0.6468
82210,0.6474,0.6474,0.6445,0.6474,0.6474,0.6474,0.6474,0.6474,0.6445,0.6474,0.6474,0.6445,0.6468
82808,0.6474,0.6474,0.6445,0.6474,0.6474,0.6474,0.6474,0.6474,0.6445,0.6474,0.6474,0.6445,0.6468
82809,0.6474,0.6474,0.6445,0.6474,0.6474,0.6474,0.6474,0.6474,0.6445,0.6474,0.6474,0.6445,0.6468
82810,0.6474,0.6474,0.6445,0.6474,0.6474,0.6474,0.6474,0.6474,0.6445,0.6474,0.6474,0.6445,0.6468
83408,0.6474,0.6474,0.6445,0.6474,0.6474,0.6474,0.6474,0.6474,0.6445,0.6474,0.6474,0.6445,0.6468
83409,0.6474,0.6474,0.6445,0.6474,0.6474,0.6474,0.6474,0.6474,0.6445,0.6474,0.6474,0.6445,0.6468
83410,0.6474,0.6474,0.6445,0.6474,0.6474,0.6474,0.6474,0.6474,0.6445,0.6474,0.6474,0.6445,0.6468
84008,0.6474,0.6474,0.6445,0.6474,0.6474,0.6474,0.6474,0.6474,0.6445,0.6474,0.6474,0.6445,0.6468
84009,0.6474,0.6474,0.6445,0.6474,0.6474,0.6474,0.6474,0.6474,0.6445,0.6474,0.6474,0.6445,0.6468
84010,0.6474,0.6474,0.6445,0.6474,0.6474,0.6474,0.6474,0.6474,0.6445,0.6474,0.6474,0.6445,0.6468
84608,0.6474,0.6474,0.6445,0.6474,0.6474,0.6474,0.6474,0.6474,0.6445,0.6474,0.6474,0.6445,0.6468
84609,0.6474,0.6474,0.6445,0.6474,0.6474,0.6474,0.6474,0.6474,0.6445,0.6474,0.6474,0.6445,0.6468
84610,0.6474,0.6474,0.6445,0.6474,0.6474,0.6474,0.6474,0.6474,0.6445,0.6474,0.6474,0.6445,0.6468
85208,0.6474,0.6474,0.6445,0.6474,0.6474,0.6474,0.6474,0.6474,0.6445,0.6474,0.6474,0.6445,0.6468
85209,0.6474,0.6474,0.6445,0.6474,0.6474,0.6474,0.6474,0.6474,0.6445,0.6474,0.6474,0.6445,0.6468
85210,0.6474,0.6474,0.6445,0.6474,0.6474,0.6474,0.6474,0.6474,0.6445,0.6474,0.6474,0.6445,0.6468
85808,0.6474,0.6474,0.6445,0.6474,0.6474,0.6474,0.6474,0.6474,0.6445,0.6474,0.6474,0.6445,0.6468
85809,0.6474,0.6474,0.6445,0.6474,0.6474,0.6474,0.6474,0.6474,0.6445,0.6474,0.6474,0.6445,0.6468
85810,0.6474,0.6474,0.6445,0.6474,0.6474,0.6474,0.6474,0.6474,0.6445,0.6474,0.6474,0.6445,0.6468
