timestamp,xlnxdp4,xlnxdp6,xlnxdp8,xlnxdp2,xlnxdp9,xlnxdp3,xlnxdp7,xlnxdp0,xlnxdp5,xlnxdp1,max,min,avg
0,0.025,0.025,0.025,0.025,0.025,0.025,0.025,0.025,0.025,0.025,0.025,0.025,0.025
7,0.3958,0.3958,0.3958,0.3958,0.3958,0.3958,0.3958,0.3958,0.3958,0.3958,0.3958,0.3958,0.3958
8,0.8417,0.8479,0.8375,0.8312,0.8604,0.8458,0.8375,0.8646,0.8646,0.8604,0.8646,0.8312,0.8492
9,0.8729,0.8667,0.8771,0.8625,0.8667,0.8708,0.8625,0.875,0.875,0.8688,0.8771,0.8625,0.8698
10,0.8792,0.8812,0.8812,0.8771,0.8792,0.8896,0.8729,0.8875,0.8792,0.8792,0.8896,0.8729,0.8806
11,0.8896,0.8854,0.8854,0.8792,0.8875,0.8917,0.8896,0.8958,0.8854,0.8854,0.8958,0.8792,0.8875
12,0.8896,0.8896,0.8875,0.8792,0.8938,0.8917,0.8917,0.9,0.8875,0.8875,0.9,0.8792,0.8898
13,0.8917,0.8917,0.8917,0.8792,0.8958,0.8917,0.9,0.9,0.8875,0.8896,0.9,0.8792,0.8919
14,0.8917,0.8917,0.8917,0.8833,0.9,0.8938,0.9,0.9,0.8958,0.8896,0.9,0.8833,0.8938
15,0.8958,0.8938,0.8917,0.8917,0.9,0.9021,0.9021,0.9,0.8979,0.8896,0.9021,0.8896,0.8965
16,0.8979,0.8938,0.8917,0.8958,0.9,0.9042,0.9021,0.9,0.8979,0.8958,0.9042,0.8917,0.8979
17,0.8979,0.8938,0.8917,0.8958,0.9,0.9042,0.9021,0.9,0.8979,0.8979,0.9042,0.8917,0.8981
18,0.9,0.8938,0.8938,0.8958,0.9,0.9042,0.9021,0.9,0.9,0.9,0.9042,0.8938,0.899
19,0.9021,0.8938,0.8938,0.9,0.9021,0.9042,0.9021,0.9,0.9,0.9021,0.9042,0.8938,0.9
20,0.9021,0.8938,0.8958,0.9,0.9021,0.9042,0.9021,0.9,0.9,0.9021,0.9042,0.8938,0.9002
21,0.9021,0.8938,0.8958,0.9021,0.9021,0.9042,0.9021,0.9,0.9021,0.9021,0.9042,0.8938,0.9006
22,0.9021,0.8938,0.9021,0.9021,0.9021,0.9042,0.9021,0.9,0.9021,0.9021,0.9042,0.8938,0.9013
23,0.9021,0.8938,0.9021,0.9021,0.9021,0.9042,0.9021,0.9,0.9021,0.9042,0.9042,0.8938,0.9015
24,0.9021,0.9,0.9021,0.9021,0.9021,0.9042,0.9021,0.9,0.9021,0.9042,0.9042,0.9,0.9021
25,0.9021,0.9,0.9042,0.9021,0.9021,0.9042,0.9021,0.9,0.9021,0.9042,0.9042,0.9,0.9023
26,0.9021,0.9,0.9042,0.9021,0.9021,0.9042,0.9021,0.9,0.9021,0.9042,0.9042,0.9,0.9023
27,0.9021,0.9,0.9042,0.9021,0.9021,0.9042,0.9021,0.9,0.9042,0.9042,0.9042,0.9,0.9025
28,0.9021,0.9,0.9042,0.9021,0.9021,0.9042,0.9021,0.9,0.9042,0.9042,0.9042,0.9,0.9025
29,0.9021,0.9,0.9042,0.9021,0.9021,0.9042,0.9021,0.9,0.9042,0.9042,0.9042,0.9,0.9025
30,0.9021,0.9,0.9042,0.9021,0.9021,0.9042,0.9021,0.9,0.9042,0.9042,0.9042,0.9,0.9025
31,0.9021,0.9021,0.9042,0.9021,0.9021,0.9042,0.9021,0.9,0.9042,0.9042,0.9042,0.9,0.9027
32,0.9021,0.9021,0.9042,0.9021,0.9021,0.9042,0.9021,0.9,0.9042,0.9042,0.9042,0.9,0.9027
33,0.9021,0.9021,0.9042,0.9021,0.9021,0.9042,0.9021,0.9,0.9042,0.9042,0.9042,0.9,0.9027
34,0.9021,0.9021,0.9042,0.9021,0.9042,0.9042,0.9021,0.9,0.9042,0.9042,0.9042,0.9,0.9029
35,0.9021,0.9021,0.9042,0.9021,0.9042,0.9042,0.9021,0.9,0.9042,0.9042,0.9042,0.9,0.9029
36,0.9021,0.9021,0.9042,0.9021,0.9042,0.9042,0.9021,0.9,0.9042,0.9042,0.9042,0.9,0.9029
37,0.9021,0.9021,0.9042,0.9021,0.9042,0.9042,0.9021,0.9,0.9042,0.9042,0.9042,0.9,0.9029
38,0.9021,0.9021,0.9042,0.9021,0.9042,0.9042,0.9021,0.9,0.9042,0.9042,0.9042,0.9,0.9029
39,0.9021,0.9021,0.9042,0.9021,0.9042,0.9042,0.9021,0.9021,0.9042,0.9042,0.9042,0.9021,0.9031
40,0.9021,0.9021,0.9042,0.9021,0.9042,0.9042,0.9021,0.9021,0.9042,0.9042,0.9042,0.9021,0.9031
41,0.9021,0.9021,0.9042,0.9021,0.9042,0.9042,0.9021,0.9021,0.9042,0.9042,0.9042,0.9021,0.9031
42,0.9021,0.9021,0.9042,0.9021,0.9042,0.9042,0.9021,0.9021,0.9042,0.9042,0.9042,0.9021,0.9031
43,0.9021,0.9021,0.9042,0.9021,0.9042,0.9042,0.9021,0.9021,0.9042,0.9042,0.9042,0.9021,0.9031
44,0.9021,0.9021,0.9042,0.9021,0.9042,0.9042,0.9021,0.9021,0.9042,0.9042,0.9042,0.9021,0.9031
45,0.9021,0.9021,0.9042,0.9021,0.9042,0.9042,0.9021,0.9021,0.9042,0.9042,0.9042,0.9021,0.9031
46,0.9021,0.9021,0.9042,0.9021,0.9042,0.9042,0.9021,0.9021,0.9042,0.9042,0.9042,0.9021,0.9031
47,0.9021,0.9042,0.9042,0.9021,0.9042,0.9042,0.9021,0.9021,0.9042,0.9042,0.9042,0.9021,0.9034
48,0.9021,0.9042,0.9042,0.9021,0.9042,0.9042,0.9021,0.9021,0.9042,0.9042,0.9042,0.9021,0.9034
49,0.9021,0.9042,0.9042,0.9021,0.9042,0.9042,0.9021,0.9021,0.9042,0.9042,0.9042,0.9021,0.9034
50,0.9021,0.9042,0.9042,0.9021,0.9042,0.9042,0.9021,0.9021,0.9042,0.9042,0.9042,0.9021,0.9034
51,0.9042,0.9042,0.9042,0.9021,0.9042,0.9042,0.9021,0.9021,0.9042,0.9042,0.9042,0.9021,0.9036
52,0.9042,0.9042,0.9042,0.9021,0.9042,0.9042,0.9021,0.9021,0.9042,0.9042,0.9042,0.9021,0.9036
53,0.9042,0.9042,0.9042,0.9021,0.9042,0.9042,0.9021,0.9021,0.9042,0.9042,0.9042,0.9021,0.9036
54,0.9042,0.9042,0.9042,0.9021,0.9042,0.9042,0.9021,0.9021,0.9042,0.9042,0.9042,0.9021,0.9036
55,0.9042,0.9042,0.9042,0.9021,0.9042,0.9042,0.9021,0.9021,0.9042,0.9042,0.9042,0.9021,0.9036
56,0.9042,0.9042,0.9042,0.9021,0.9042,0.9042,0.9021,0.9021,0.9042,0.9042,0.9042,0.9021,0.9036
57,0.9042,0.9042,0.9042,0.9021,0.9042,0.9042,0.9021,0.9021,0.9042,0.9042,0.9042,0.9021,0.9036
58,0.9042,0.9042,0.9042,0.9021,0.9042,0.9042,0.9021,0.9021,0.9042,0.9042,0.9042,0.9021,0.9036
59,0.9042,0.9042,0.9042,0.9021,0.9042,0.9042,0.9042,0.9021,0.9042,0.9042,0.9042,0.9021,0.9038
60,0.9042,0.9042,0.9042,0.9021,0.9042,0.9042,0.9042,0.9021,0.9042,0.9042,0.9042,0.9021,0.9038
61,0.9042,0.9042,0.9042,0.9021,0.9042,0.9042,0.9042,0.9021,0.9042,0.9042,0.9042,0.9021,0.9038
62,0.9042,0.9042,0.9042,0.9021,0.9042,0.9042,0.9042,0.9021,0.9042,0.9042,0.9042,0.9021,0.9038
63,0.9042,0.9042,0.9042,0.9021,0.9042,0.9042,0.9042,0.9021,0.9042,0.9042,0.9042,0.9021,0.9038
64,0.9042,0.9042,0.9042,0.9021,0.9042,0.9042,0.9042,0.9021,0.9042,0.9042,0.9042,0.9021,0.9038
65,0.9042,0.9042,0.9042,0.9021,0.9042,0.9042,0.9042,0.9021,0.9042,0.9042,0.9042,0.9021,0.9038
66,0.9042,0.9042,0.9042,0.9021,0.9042,0.9042,0.9042,0.9021,0.9042,0.9042,0.9042,0.9021,0.9038
67,0.9042,0.9042,0.9042,0.9021,0.9042,0.9042,0.9042,0.9021,0.9042,0.9042,0.9042,0.9021,0.9038
68,0.9042,0.9042,0.9042,0.9021,0.9042,0.9042,0.9042,0.9021,0.9042,0.9042,0.9042,0.9021,0.9038
69,0.9042,0.9042,0.9042,0.9021,0.9042,0.9042,0.9042,0.9021,0.9042,0.9042,0.9042,0.9021,0.9038
70,0.9042,0.9042,0.9042,0.9021,0.9042,0.9042,0.9042,0.9021,0.9042,0.9042,0.9042,0.9021,0.9038
71,0.9042,0.9042,0.9042,0.9021,0.9042,0.9042,0.9042,0.9021,0.9042,0.9042,0.9042,0.9021,0.9038
72,0.9042,0.9042,0.9042,0.9021,0.9042,0.9042,0.9042,0.9021,0.9042,0.9042,0.9042,0.9021,0.9038
73,0.9042,0.9042,0.9042,0.9021,0.9042,0.9042,0.9042,0.9021,0.9042,0.9042,0.9042,0.9021,0.9038
74,0.9042,0.9042,0.9042,0.9021,0.9042,0.9042,0.9042,0.9021,0.9042,0.9042,0.9042,0.9021,0.9038
75,0.9042,0.9042,0.9042,0.9021,0.9042,0.9042,0.9042,0.9021,0.9042,0.9042,0.9042,0.9021,0.9038
76,0.9042,0.9042,0.9042,0.9021,0.9042,0.9042,0.9042,0.9021,0.9042,0.9042,0.9042,0.9021,0.9038
77,0.9042,0.9042,0.9042,0.9021,0.9042,0.9042,0.9042,0.9021,0.9042,0.9042,0.9042,0.9021,0.9038
78,0.9042,0.9042,0.9042,0.9021,0.9042,0.9042,0.9042,0.9021,0.9042,0.9042,0.9042,0.9021,0.9038
79,0.9042,0.9042,0.9042,0.9021,0.9042,0.9042,0.9042,0.9021,0.9042,0.9042,0.9042,0.9021,0.9038
80,0.9042,0.9042,0.9042,0.9021,0.9042,0.9042,0.9042,0.9021,0.9042,0.9042,0.9042,0.9021,0.9038
81,0.9042,0.9042,0.9042,0.9021,0.9042,0.9042,0.9042,0.9021,0.9042,0.9042,0.9042,0.9021,0.9038
82,0.9042,0.9042,0.9042,0.9021,0.9042,0.9042,0.9042,0.9021,0.9042,0.9042,0.9042,0.9021,0.9038
83,0.9042,0.9042,0.9042,0.9021,0.9042,0.9042,0.9042,0.9021,0.9042,0.9042,0.9042,0.9021,0.9038
84,0.9042,0.9042,0.9042,0.9021,0.9042,0.9042,0.9042,0.9021,0.9042,0.9042,0.9042,0.9021,0.9038
85,0.9042,0.9042,0.9042,0.9021,0.9042,0.9042,0.9042,0.9021,0.9042,0.9042,0.9042,0.9021,0.9038
86,0.9042,0.9042,0.9042,0.9021,0.9042,0.9042,0.9042,0.9021,0.9042,0.9042,0.9042,0.9021,0.9038
87,0.9042,0.9042,0.9042,0.9021,0.9042,0.9042,0.9042,0.9021,0.9042,0.9042,0.9042,0.9021,0.9038
88,0.9042,0.9042,0.9042,0.9021,0.9042,0.9042,0.9042,0.9021,0.9042,0.9042,0.9042,0.9021,0.9038
89,0.9042,0.9042,0.9042,0.9021,0.9042,0.9042,0.9042,0.9021,0.9042,0.9042,0.9042,0.9021,0.9038
90,0.9042,0.9042,0.9042,0.9021,0.9042,0.9042,0.9042,0.9021,0.9042,0.9042,0.9042,0.9021,0.9038
91,0.9042,0.9042,0.9042,0.9021,0.9042,0.9042,0.9042,0.9021,0.9042,0.9042,0.9042,0.9021,0.9038
92,0.9042,0.9042,0.9042,0.9021,0.9042,0.9042,0.9042,0.9021,0.9042,0.9042,0.9042,0.9021,0.9038
93,0.9042,0.9042,0.9042,0.9021,0.9042,0.9042,0.9042,0.9021,0.9042,0.9042,0.9042,0.9021,0.9038
94,0.9042,0.9042,0.9042,0.9021,0.9042,0.9042,0.9042,0.9021,0.9042,0.9042,0.9042,0.9021,0.9038
95,0.9042,0.9042,0.9042,0.9021,0.9042,0.9042,0.9042,0.9021,0.9042,0.9042,0.9042,0.9021,0.9038
96,0.9042,0.9042,0.9042,0.9021,0.9042,0.9042,0.9042,0.9021,0.9042,0.9042,0.9042,0.9021,0.9038
97,0.9042,0.9042,0.9042,0.9021,0.9042,0.9042,0.9042,0.9021,0.9042,0.9042,0.9042,0.9021,0.9038
98,0.9042,0.9042,0.9042,0.9021,0.9042,0.9042,0.9042,0.9021,0.9042,0.9042,0.9042,0.9021,0.9038
99,0.9042,0.9042,0.9042,0.9021,0.9042,0.9042,0.9042,0.9021,0.9042,0.9042,0.9042,0.9021,0.9038
100,0.9042,0.9042,0.9042,0.9021,0.9042,0.9042,0.9042,0.9021,0.9042,0.9042,0.9042,0.9021,0.9038
101,0.9042,0.9042,0.9042,0.9021,0.9042,0.9042,0.9042,0.9021,0.9042,0.9042,0.9042,0.9021,0.9038
102,0.9042,0.9042,0.9042,0.9021,0.9042,0.9042,0.9042,0.9021,0.9042,0.9042,0.9042,0.9021,0.9038
103,0.9042,0.9042,0.9042,0.9021,0.9042,0.9042,0.9042,0.9021,0.9042,0.9042,0.9042,0.9021,0.9038
104,0.9042,0.9042,0.9042,0.9021,0.9042,0.9042,0.9042,0.9042,0.9042,0.9042,0.9042,0.9021,0.904
105,0.9042,0.9042,0.9042,0.9021,0.9042,0.9042,0.9042,0.9042,0.9042,0.9042,0.9042,0.9021,0.904
106,0.9042,0.9042,0.9042,0.9021,0.9042,0.9042,0.9042,0.9042,0.9042,0.9042,0.9042,0.9021,0.904
107,0.9042,0.9042,0.9042,0.9021,0.9042,0.9042,0.9042,0.9042,0.9042,0.9042,0.9042,0.9021,0.904
108,0.9042,0.9042,0.9042,0.9021,0.9042,0.9042,0.9042,0.9042,0.9042,0.9042,0.9042,0.9021,0.904
109,0.9042,0.9042,0.9042,0.9021,0.9042,0.9042,0.9042,0.9042,0.9042,0.9042,0.9042,0.9021,0.904
110,0.9042,0.9042,0.9042,0.9021,0.9042,0.9042,0.9042,0.9042,0.9042,0.9042,0.9042,0.9021,0.904
111,0.9042,0.9042,0.9042,0.9021,0.9042,0.9042,0.9042,0.9042,0.9042,0.9042,0.9042,0.9021,0.904
112,0.9042,0.9042,0.9042,0.9021,0.9042,0.9042,0.9042,0.9042,0.9042,0.9042,0.9042,0.9021,0.904
113,0.9042,0.9042,0.9042,0.9021,0.9042,0.9042,0.9042,0.9042,0.9042,0.9042,0.9042,0.9021,0.904
114,0.9042,0.9042,0.9042,0.9042,0.9042,0.9042,0.9042,0.9042,0.9042,0.9042,0.9042,0.9042,0.9042
115,0.9042,0.9042,0.9042,0.9042,0.9042,0.9042,0.9042,0.9042,0.9042,0.9042,0.9042,0.9042,0.9042
116,0.9042,0.9042,0.9042,0.9042,0.9042,0.9042,0.9042,0.9042,0.9042,0.9042,0.9042,0.9042,0.9042
117,0.9042,0.9042,0.9042,0.9042,0.9042,0.9042,0.9042,0.9042,0.9042,0.9042,0.9042,0.9042,0.9042
118,0.9042,0.9042,0.9042,0.9042,0.9042,0.9042,0.9042,0.9042,0.9042,0.9042,0.9042,0.9042,0.9042
119,0.9042,0.9042,0.9042,0.9042,0.9042,0.9042,0.9042,0.9042,0.9042,0.9042,0.9042,0.9042,0.9042
120,0.9042,0.9042,0.9042,0.9042,0.9042,0.9042,0.9042,0.9042,0.9042,0.9042,0.9042,0.9042,0.9042
121,0.9042,0.9042,0.9042,0.9042,0.9042,0.9042,0.9042,0.9042,0.9042,0.9042,0.9042,0.9042,0.9042
122,0.9042,0.9042,0.9042,0.9042,0.9042,0.9042,0.9042,0.9042,0.9042,0.9042,0.9042,0.9042,0.9042
123,0.9042,0.9042,0.9042,0.9042,0.9042,0.9042,0.9042,0.9042,0.9042,0.9042,0.9042,0.9042,0.9042
124,0.9042,0.9042,0.9042,0.9042,0.9042,0.9042,0.9042,0.9042,0.9042,0.9042,0.9042,0.9042,0.9042
125,0.9042,0.9042,0.9042,0.9042,0.9042,0.9042,0.9042,0.9042,0.9042,0.9042,0.9042,0.9042,0.9042
126,0.9042,0.9042,0.9042,0.9042,0.9042,0.9042,0.9042,0.9042,0.9042,0.9042,0.9042,0.9042,0.9042
127,0.9042,0.9042,0.9042,0.9042,0.9042,0.9042,0.9042,0.9042,0.9042,0.9042,0.9042,0.9042,0.9042
128,0.9042,0.9042,0.9042,0.9042,0.9042,0.9042,0.9042,0.9042,0.9042,0.9042,0.9042,0.9042,0.9042
129,0.9042,0.9042,0.9042,0.9042,0.9042,0.9042,0.9042,0.9042,0.9042,0.9042,0.9042,0.9042,0.9042
130,0.9042,0.9042,0.9042,0.9042,0.9042,0.9042,0.9042,0.9042,0.9042,0.9042,0.9042,0.9042,0.9042
131,0.9042,0.9042,0.9042,0.9042,0.9042,0.9042,0.9042,0.9042,0.9042,0.9042,0.9042,0.9042,0.9042
132,0.9042,0.9042,0.9042,0.9042,0.9042,0.9042,0.9042,0.9042,0.9042,0.9042,0.9042,0.9042,0.9042
133,0.9042,0.9042,0.9042,0.9042,0.9042,0.9042,0.9042,0.9042,0.9042,0.9042,0.9042,0.9042,0.9042
134,0.9042,0.9042,0.9042,0.9042,0.9042,0.9042,0.9042,0.9042,0.9042,0.9042,0.9042,0.9042,0.9042
135,0.9042,0.9042,0.9042,0.9042,0.9042,0.9042,0.9042,0.9042,0.9042,0.9042,0.9042,0.9042,0.9042
136,0.9042,0.9042,0.9042,0.9042,0.9042,0.9042,0.9042,0.9042,0.9042,0.9042,0.9042,0.9042,0.9042
137,0.9042,0.9042,0.9042,0.9042,0.9042,0.9042,0.9042,0.9042,0.9042,0.9042,0.9042,0.9042,0.9042
138,0.9042,0.9042,0.9042,0.9042,0.9042,0.9042,0.9042,0.9042,0.9042,0.9042,0.9042,0.9042,0.9042
139,0.9042,0.9042,0.9042,0.9042,0.9042,0.9042,0.9042,0.9042,0.9042,0.9042,0.9042,0.9042,0.9042
140,0.9042,0.9042,0.9042,0.9042,0.9042,0.9042,0.9042,0.9042,0.9042,0.9042,0.9042,0.9042,0.9042
141,0.9042,0.9042,0.9042,0.9042,0.9042,0.9042,0.9042,0.9042,0.9042,0.9042,0.9042,0.9042,0.9042
142,0.9042,0.9042,0.9042,0.9042,0.9042,0.9042,0.9042,0.9042,0.9042,0.9042,0.9042,0.9042,0.9042
143,0.9042,0.9042,0.9042,0.9042,0.9042,0.9042,0.9042,0.9042,0.9042,0.9042,0.9042,0.9042,0.9042
144,0.9042,0.9042,0.9042,0.9042,0.9042,0.9042,0.9042,0.9042,0.9042,0.9042,0.9042,0.9042,0.9042
145,0.9042,0.9042,0.9042,0.9042,0.9042,0.9042,0.9042,0.9042,0.9042,0.9042,0.9042,0.9042,0.9042
146,0.9042,0.9042,0.9042,0.9042,0.9042,0.9042,0.9042,0.9042,0.9042,0.9042,0.9042,0.9042,0.9042
147,0.9042,0.9042,0.9042,0.9042,0.9042,0.9042,0.9042,0.9042,0.9042,0.9042,0.9042,0.9042,0.9042
148,0.9042,0.9042,0.9042,0.9042,0.9042,0.9042,0.9042,0.9042,0.9042,0.9042,0.9042,0.9042,0.9042
149,0.9042,0.9042,0.9042,0.9042,0.9042,0.9042,0.9042,0.9042,0.9042,0.9042,0.9042,0.9042,0.9042
150,0.9042,0.9042,0.9042,0.9042,0.9042,0.9042,0.9042,0.9042,0.9042,0.9042,0.9042,0.9042,0.9042
151,0.9042,0.9042,0.9042,0.9042,0.9042,0.9042,0.9042,0.9042,0.9042,0.9042,0.9042,0.9042,0.9042
152,0.9042,0.9042,0.9042,0.9042,0.9042,0.9042,0.9042,0.9042,0.9042,0.9042,0.9042,0.9042,0.9042
153,0.9042,0.9042,0.9042,0.9042,0.9042,0.9042,0.9042,0.9042,0.9042,0.9042,0.9042,0.9042,0.9042
154,0.9042,0.9042,0.9042,0.9042,0.9042,0.9042,0.9042,0.9042,0.9042,0.9042,0.9042,0.9042,0.9042
155,0.9042,0.9042,0.9042,0.9042,0.9042,0.9042,0.9042,0.9042,0.9042,0.9042,0.9042,0.9042,0.9042
156,0.9042,0.9042,0.9042,0.9042,0.9042,0.9042,0.9042,0.9042,0.9042,0.9042,0.9042,0.9042,0.9042
157,0.9042,0.9042,0.9042,0.9042,0.9042,0.9042,0.9042,0.9042,0.9042,0.9042,0.9042,0.9042,0.9042
158,0.9042,0.9042,0.9042,0.9042,0.9042,0.9042,0.9042,0.9042,0.9042,0.9042,0.9042,0.9042,0.9042
159,0.9042,0.9042,0.9042,0.9042,0.9042,0.9042,0.9042,0.9042,0.9042,0.9042,0.9042,0.9042,0.9042
160,0.9042,0.9042,0.9042,0.9042,0.9042,0.9042,0.9042,0.9042,0.9042,0.9042,0.9042,0.9042,0.9042
161,0.9042,0.9042,0.9042,0.9042,0.9042,0.9042,0.9042,0.9042,0.9042,0.9042,0.9042,0.9042,0.9042
162,0.9042,0.9042,0.9042,0.9042,0.9042,0.9042,0.9042,0.9042,0.9042,0.9042,0.9042,0.9042,0.9042
163,0.9042,0.9042,0.9042,0.9042,0.9042,0.9042,0.9042,0.9042,0.9042,0.9042,0.9042,0.9042,0.9042
164,0.9042,0.9042,0.9042,0.9042,0.9042,0.9042,0.9042,0.9042,0.9042,0.9042,0.9042,0.9042,0.9042
165,0.9042,0.9042,0.9042,0.9042,0.9042,0.9042,0.9042,0.9042,0.9042,0.9042,0.9042,0.9042,0.9042
166,0.9042,0.9042,0.9042,0.9042,0.9042,0.9042,0.9042,0.9042,0.9042,0.9042,0.9042,0.9042,0.9042
167,0.9042,0.9042,0.9042,0.9042,0.9042,0.9042,0.9042,0.9042,0.9042,0.9042,0.9042,0.9042,0.9042
168,0.9042,0.9042,0.9042,0.9042,0.9042,0.9042,0.9042,0.9042,0.9042,0.9042,0.9042,0.9042,0.9042
169,0.9042,0.9042,0.9042,0.9042,0.9042,0.9042,0.9042,0.9042,0.9042,0.9042,0.9042,0.9042,0.9042
170,0.9042,0.9042,0.9042,0.9042,0.9042,0.9042,0.9042,0.9042,0.9042,0.9042,0.9042,0.9042,0.9042
171,0.9042,0.9042,0.9042,0.9042,0.9042,0.9042,0.9042,0.9042,0.9042,0.9042,0.9042,0.9042,0.9042
172,0.9042,0.9042,0.9042,0.9042,0.9042,0.9042,0.9042,0.9042,0.9042,0.9042,0.9042,0.9042,0.9042
173,0.9042,0.9042,0.9042,0.9042,0.9042,0.9042,0.9042,0.9042,0.9042,0.9042,0.9042,0.9042,0.9042
174,0.9042,0.9042,0.9042,0.9042,0.9042,0.9042,0.9042,0.9042,0.9042,0.9042,0.9042,0.9042,0.9042
175,0.9042,0.9042,0.9042,0.9042,0.9042,0.9042,0.9042,0.9042,0.9042,0.9042,0.9042,0.9042,0.9042
176,0.9042,0.9042,0.9042,0.9042,0.9042,0.9042,0.9042,0.9042,0.9042,0.9042,0.9042,0.9042,0.9042
177,0.9042,0.9042,0.9042,0.9042,0.9042,0.9042,0.9042,0.9042,0.9042,0.9042,0.9042,0.9042,0.9042
178,0.9042,0.9042,0.9042,0.9042,0.9042,0.9042,0.9042,0.9042,0.9042,0.9042,0.9042,0.9042,0.9042
179,0.9042,0.9042,0.9042,0.9042,0.9042,0.9042,0.9042,0.9042,0.9042,0.9042,0.9042,0.9042,0.9042
180,0.9042,0.9042,0.9042,0.9042,0.9042,0.9042,0.9042,0.9042,0.9042,0.9042,0.9042,0.9042,0.9042
181,0.9042,0.9042,0.9042,0.9042,0.9042,0.9042,0.9042,0.9042,0.9042,0.9042,0.9042,0.9042,0.9042
182,0.9042,0.9042,0.9042,0.9042,0.9042,0.9042,0.9042,0.9042,0.9042,0.9042,0.9042,0.9042,0.9042
183,0.9042,0.9042,0.9042,0.9042,0.9042,0.9042,0.9042,0.9042,0.9042,0.9042,0.9042,0.9042,0.9042
184,0.9042,0.9042,0.9042,0.9042,0.9042,0.9042,0.9042,0.9042,0.9042,0.9042,0.9042,0.9042,0.9042
185,0.9042,0.9042,0.9042,0.9042,0.9042,0.9042,0.9042,0.9042,0.9042,0.9042,0.9042,0.9042,0.9042
186,0.9042,0.9042,0.9042,0.9042,0.9042,0.9042,0.9042,0.9042,0.9042,0.9042,0.9042,0.9042,0.9042
187,0.9042,0.9042,0.9042,0.9042,0.9042,0.9042,0.9042,0.9042,0.9042,0.9042,0.9042,0.9042,0.9042
188,0.9042,0.9042,0.9042,0.9042,0.9042,0.9042,0.9042,0.9042,0.9042,0.9042,0.9042,0.9042,0.9042
189,0.9042,0.9042,0.9042,0.9042,0.9042,0.9042,0.9042,0.9042,0.9042,0.9042,0.9042,0.9042,0.9042
190,0.9042,0.9042,0.9042,0.9042,0.9042,0.9042,0.9042,0.9042,0.9042,0.9042,0.9042,0.9042,0.9042
191,0.9042,0.9042,0.9042,0.9042,0.9042,0.9042,0.9042,0.9042,0.9042,0.9042,0.9042,0.9042,0.9042
192,0.9042,0.9042,0.9042,0.9042,0.9042,0.9042,0.9042,0.9042,0.9042,0.9042,0.9042,0.9042,0.9042
193,0.9042,0.9042,0.9042,0.9042,0.9042,0.9042,0.9042,0.9042,0.9042,0.9042,0.9042,0.9042,0.9042
194,0.9042,0.9042,0.9042,0.9042,0.9042,0.9042,0.9042,0.9042,0.9042,0.9042,0.9042,0.9042,0.9042
195,0.9042,0.9042,0.9042,0.9042,0.9042,0.9042,0.9042,0.9042,0.9042,0.9042,0.9042,0.9042,0.9042
196,0.9042,0.9042,0.9042,0.9042,0.9042,0.9042,0.9042,0.9042,0.9042,0.9042,0.9042,0.9042,0.9042
197,0.9042,0.9042,0.9042,0.9042,0.9042,0.9042,0.9042,0.9042,0.9042,0.9042,0.9042,0.9042,0.9042
198,0.9042,0.9042,0.9042,0.9042,0.9042,0.9042,0.9042,0.9042,0.9042,0.9042,0.9042,0.9042,0.9042
199,0.9042,0.9042,0.9042,0.9042,0.9042,0.9042,0.9042,0.9042,0.9042,0.9042,0.9042,0.9042,0.9042
200,0.9042,0.9042,0.9042,0.9042,0.9042,0.9042,0.9042,0.9042,0.9042,0.9042,0.9042,0.9042,0.9042
201,0.9042,0.9042,0.9042,0.9042,0.9042,0.9042,0.9042,0.9042,0.9042,0.9042,0.9042,0.9042,0.9042
202,0.9042,0.9042,0.9042,0.9042,0.9042,0.9042,0.9042,0.9042,0.9042,0.9042,0.9042,0.9042,0.9042
203,0.9042,0.9042,0.9042,0.9042,0.9042,0.9042,0.9042,0.9042,0.9042,0.9042,0.9042,0.9042,0.9042
204,0.9042,0.9042,0.9042,0.9042,0.9042,0.9042,0.9042,0.9042,0.9042,0.9042,0.9042,0.9042,0.9042
205,0.9042,0.9042,0.9042,0.9042,0.9042,0.9042,0.9042,0.9042,0.9042,0.9042,0.9042,0.9042,0.9042
206,0.9042,0.9042,0.9042,0.9042,0.9042,0.9042,0.9042,0.9042,0.9042,0.9042,0.9042,0.9042,0.9042
207,0.9042,0.9042,0.9042,0.9042,0.9042,0.9042,0.9042,0.9042,0.9042,0.9042,0.9042,0.9042,0.9042
208,0.9042,0.9042,0.9042,0.9042,0.9042,0.9042,0.9042,0.9042,0.9042,0.9042,0.9042,0.9042,0.9042
209,0.9042,0.9042,0.9042,0.9042,0.9042,0.9042,0.9042,0.9042,0.9042,0.9042,0.9042,0.9042,0.9042
210,0.9042,0.9042,0.9042,0.9042,0.9042,0.9042,0.9042,0.9042,0.9042,0.9042,0.9042,0.9042,0.9042
211,0.9042,0.9042,0.9042,0.9042,0.9042,0.9042,0.9042,0.9042,0.9042,0.9042,0.9042,0.9042,0.9042
212,0.9042,0.9042,0.9042,0.9042,0.9042,0.9042,0.9042,0.9042,0.9042,0.9042,0.9042,0.9042,0.9042
213,0.9042,0.9042,0.9042,0.9042,0.9042,0.9042,0.9042,0.9042,0.9042,0.9042,0.9042,0.9042,0.9042
214,0.9042,0.9042,0.9042,0.9042,0.9042,0.9042,0.9042,0.9042,0.9042,0.9042,0.9042,0.9042,0.9042
215,0.9042,0.9042,0.9042,0.9042,0.9042,0.9042,0.9042,0.9042,0.9042,0.9042,0.9042,0.9042,0.9042
216,0.9042,0.9042,0.9042,0.9042,0.9042,0.9042,0.9042,0.9042,0.9042,0.9042,0.9042,0.9042,0.9042
217,0.9042,0.9042,0.9042,0.9042,0.9042,0.9042,0.9042,0.9042,0.9042,0.9042,0.9042,0.9042,0.9042
218,0.9042,0.9042,0.9042,0.9042,0.9042,0.9042,0.9042,0.9042,0.9042,0.9042,0.9042,0.9042,0.9042
219,0.9042,0.9042,0.9042,0.9042,0.9042,0.9042,0.9042,0.9042,0.9042,0.9042,0.9042,0.9042,0.9042
220,0.9042,0.9042,0.9042,0.9042,0.9042,0.9042,0.9042,0.9042,0.9042,0.9042,0.9042,0.9042,0.9042
221,0.9042,0.9042,0.9042,0.9042,0.9042,0.9042,0.9042,0.9042,0.9042,0.9042,0.9042,0.9042,0.9042
222,0.9042,0.9042,0.9042,0.9042,0.9042,0.9042,0.9042,0.9042,0.9042,0.9042,0.9042,0.9042,0.9042
223,0.9042,0.9042,0.9042,0.9042,0.9042,0.9042,0.9042,0.9042,0.9042,0.9042,0.9042,0.9042,0.9042
224,0.9042,0.9042,0.9042,0.9042,0.9042,0.9042,0.9042,0.9042,0.9042,0.9042,0.9042,0.9042,0.9042
225,0.9042,0.9042,0.9042,0.9042,0.9042,0.9042,0.9042,0.9042,0.9042,0.9042,0.9042,0.9042,0.9042
226,0.9042,0.9042,0.9042,0.9042,0.9042,0.9042,0.9042,0.9042,0.9042,0.9042,0.9042,0.9042,0.9042
227,0.9042,0.9042,0.9042,0.9042,0.9042,0.9042,0.9042,0.9042,0.9042,0.9042,0.9042,0.9042,0.9042
228,0.9042,0.9042,0.9042,0.9042,0.9042,0.9042,0.9042,0.9042,0.9042,0.9042,0.9042,0.9042,0.9042
229,0.9042,0.9042,0.9042,0.9042,0.9042,0.9042,0.9042,0.9042,0.9042,0.9042,0.9042,0.9042,0.9042
230,0.9042,0.9042,0.9042,0.9042,0.9042,0.9042,0.9042,0.9042,0.9042,0.9042,0.9042,0.9042,0.9042
231,0.9042,0.9042,0.9042,0.9042,0.9042,0.9042,0.9042,0.9042,0.9042,0.9042,0.9042,0.9042,0.9042
232,0.9042,0.9042,0.9042,0.9042,0.9042,0.9042,0.9042,0.9042,0.9042,0.9042,0.9042,0.9042,0.9042
233,0.9042,0.9042,0.9042,0.9042,0.9042,0.9042,0.9042,0.9042,0.9042,0.9042,0.9042,0.9042,0.9042
234,0.9042,0.9042,0.9042,0.9042,0.9042,0.9042,0.9042,0.9042,0.9042,0.9042,0.9042,0.9042,0.9042
235,0.9042,0.9042,0.9042,0.9042,0.9042,0.9042,0.9042,0.9042,0.9042,0.9042,0.9042,0.9042,0.9042
236,0.9042,0.9042,0.9042,0.9042,0.9042,0.9042,0.9042,0.9042,0.9042,0.9042,0.9042,0.9042,0.9042
237,0.9042,0.9042,0.9042,0.9042,0.9042,0.9042,0.9042,0.9042,0.9042,0.9042,0.9042,0.9042,0.9042
238,0.9042,0.9042,0.9042,0.9042,0.9042,0.9042,0.9042,0.9042,0.9042,0.9042,0.9042,0.9042,0.9042
239,0.9042,0.9042,0.9042,0.9042,0.9042,0.9042,0.9042,0.9042,0.9042,0.9042,0.9042,0.9042,0.9042
240,0.9042,0.9042,0.9042,0.9042,0.9042,0.9042,0.9042,0.9042,0.9042,0.9042,0.9042,0.9042,0.9042
241,0.9042,0.9042,0.9042,0.9042,0.9042,0.9042,0.9042,0.9042,0.9042,0.9042,0.9042,0.9042,0.9042
242,0.9042,0.9042,0.9042,0.9042,0.9042,0.9042,0.9042,0.9042,0.9042,0.9042,0.9042,0.9042,0.9042
243,0.9042,0.9042,0.9042,0.9042,0.9042,0.9042,0.9042,0.9042,0.9042,0.9042,0.9042,0.9042,0.9042
244,0.9042,0.9042,0.9042,0.9042,0.9042,0.9042,0.9042,0.9042,0.9042,0.9042,0.9042,0.9042,0.9042
245,0.9042,0.9042,0.9042,0.9042,0.9042,0.9042,0.9042,0.9042,0.9042,0.9042,0.9042,0.9042,0.9042
246,0.9042,0.9042,0.9042,0.9042,0.9042,0.9042,0.9042,0.9042,0.9042,0.9042,0.9042,0.9042,0.9042
247,0.9042,0.9042,0.9042,0.9042,0.9042,0.9042,0.9042,0.9042,0.9042,0.9042,0.9042,0.9042,0.9042
248,0.9042,0.9042,0.9042,0.9042,0.9042,0.9042,0.9042,0.9042,0.9042,0.9042,0.9042,0.9042,0.9042
249,0.9042,0.9042,0.9042,0.9042,0.9042,0.9042,0.9042,0.9042,0.9042,0.9042,0.9042,0.9042,0.9042
250,0.9042,0.9042,0.9042,0.9042,0.9042,0.9042,0.9042,0.9042,0.9042,0.9042,0.9042,0.9042,0.9042
251,0.9042,0.9042,0.9042,0.9042,0.9042,0.9042,0.9042,0.9042,0.9042,0.9042,0.9042,0.9042,0.9042
252,0.9042,0.9042,0.9042,0.9042,0.9042,0.9042,0.9042,0.9042,0.9042,0.9042,0.9042,0.9042,0.9042
253,0.9042,0.9042,0.9042,0.9042,0.9042,0.9042,0.9042,0.9042,0.9042,0.9042,0.9042,0.9042,0.9042
254,0.9042,0.9042,0.9042,0.9042,0.9042,0.9042,0.9042,0.9042,0.9042,0.9042,0.9042,0.9042,0.9042
255,0.9042,0.9042,0.9042,0.9042,0.9042,0.9042,0.9042,0.9042,0.9042,0.9042,0.9042,0.9042,0.9042
256,0.9042,0.9042,0.9042,0.9042,0.9042,0.9042,0.9042,0.9042,0.9042,0.9042,0.9042,0.9042,0.9042
257,0.9042,0.9042,0.9042,0.9042,0.9042,0.9042,0.9042,0.9042,0.9042,0.9042,0.9042,0.9042,0.9042
258,0.9042,0.9042,0.9042,0.9042,0.9042,0.9042,0.9042,0.9042,0.9042,0.9042,0.9042,0.9042,0.9042
259,0.9042,0.9042,0.9042,0.9042,0.9042,0.9042,0.9042,0.9042,0.9042,0.9042,0.9042,0.9042,0.9042
260,0.9042,0.9042,0.9042,0.9042,0.9042,0.9042,0.9042,0.9042,0.9042,0.9042,0.9042,0.9042,0.9042
261,0.9042,0.9042,0.9042,0.9042,0.9042,0.9042,0.9042,0.9042,0.9042,0.9042,0.9042,0.9042,0.9042
262,0.9042,0.9042,0.9042,0.9042,0.9042,0.9042,0.9042,0.9042,0.9042,0.9042,0.9042,0.9042,0.9042
263,0.9042,0.9042,0.9042,0.9042,0.9042,0.9042,0.9042,0.9042,0.9042,0.9042,0.9042,0.9042,0.9042
264,0.9042,0.9042,0.9042,0.9042,0.9042,0.9042,0.9042,0.9042,0.9042,0.9042,0.9042,0.9042,0.9042
265,0.9042,0.9042,0.9042,0.9042,0.9042,0.9042,0.9042,0.9042,0.9042,0.9042,0.9042,0.9042,0.9042
266,0.9042,0.9042,0.9042,0.9042,0.9042,0.9042,0.9042,0.9042,0.9042,0.9042,0.9042,0.9042,0.9042
267,0.9042,0.9042,0.9042,0.9042,0.9042,0.9042,0.9042,0.9042,0.9042,0.9042,0.9042,0.9042,0.9042
268,0.9042,0.9042,0.9042,0.9042,0.9042,0.9042,0.9042,0.9042,0.9042,0.9042,0.9042,0.9042,0.9042
269,0.9042,0.9042,0.9042,0.9042,0.9042,0.9042,0.9042,0.9042,0.9042,0.9042,0.9042,0.9042,0.9042
270,0.9042,0.9042,0.9042,0.9042,0.9042,0.9042,0.9042,0.9042,0.9042,0.9042,0.9042,0.9042,0.9042
271,0.9042,0.9042,0.9042,0.9042,0.9042,0.9042,0.9042,0.9042,0.9042,0.9042,0.9042,0.9042,0.9042
272,0.9042,0.9042,0.9042,0.9042,0.9042,0.9042,0.9042,0.9042,0.9042,0.9042,0.9042,0.9042,0.9042
273,0.9042,0.9042,0.9042,0.9042,0.9042,0.9042,0.9042,0.9042,0.9042,0.9042,0.9042,0.9042,0.9042
274,0.9042,0.9042,0.9042,0.9042,0.9042,0.9042,0.9042,0.9042,0.9042,0.9042,0.9042,0.9042,0.9042
275,0.9042,0.9042,0.9042,0.9042,0.9042,0.9042,0.9042,0.9042,0.9042,0.9042,0.9042,0.9042,0.9042
276,0.9042,0.9042,0.9042,0.9042,0.9042,0.9042,0.9042,0.9042,0.9042,0.9042,0.9042,0.9042,0.9042
277,0.9042,0.9042,0.9042,0.9042,0.9042,0.9042,0.9042,0.9042,0.9042,0.9042,0.9042,0.9042,0.9042
278,0.9042,0.9042,0.9042,0.9042,0.9042,0.9042,0.9042,0.9042,0.9042,0.9042,0.9042,0.9042,0.9042
279,0.9042,0.9042,0.9042,0.9042,0.9042,0.9042,0.9042,0.9042,0.9042,0.9042,0.9042,0.9042,0.9042
280,0.9042,0.9042,0.9042,0.9042,0.9042,0.9042,0.9042,0.9042,0.9042,0.9042,0.9042,0.9042,0.9042
281,0.9042,0.9042,0.9042,0.9042,0.9042,0.9042,0.9042,0.9042,0.9042,0.9042,0.9042,0.9042,0.9042
282,0.9042,0.9042,0.9042,0.9042,0.9042,0.9042,0.9042,0.9042,0.9042,0.9042,0.9042,0.9042,0.9042
283,0.9042,0.9042,0.9042,0.9042,0.9042,0.9042,0.9042,0.9042,0.9042,0.9042,0.9042,0.9042,0.9042
284,0.9042,0.9042,0.9042,0.9042,0.9042,0.9042,0.9042,0.9042,0.9042,0.9042,0.9042,0.9042,0.9042
285,0.9042,0.9042,0.9042,0.9042,0.9042,0.9042,0.9042,0.9042,0.9042,0.9042,0.9042,0.9042,0.9042
286,0.9042,0.9042,0.9042,0.9042,0.9042,0.9042,0.9042,0.9042,0.9042,0.9042,0.9042,0.9042,0.9042
287,0.9042,0.9042,0.9042,0.9042,0.9042,0.9042,0.9042,0.9042,0.9042,0.9042,0.9042,0.9042,0.9042
288,0.9042,0.9042,0.9042,0.9042,0.9042,0.9042,0.9042,0.9042,0.9042,0.9042,0.9042,0.9042,0.9042
289,0.9042,0.9042,0.9042,0.9042,0.9042,0.9042,0.9042,0.9042,0.9042,0.9042,0.9042,0.9042,0.9042
290,0.9042,0.9042,0.9042,0.9042,0.9042,0.9042,0.9042,0.9042,0.9042,0.9042,0.9042,0.9042,0.9042
291,0.9042,0.9042,0.9042,0.9042,0.9042,0.9042,0.9042,0.9042,0.9042,0.9042,0.9042,0.9042,0.9042
292,0.9042,0.9042,0.9042,0.9042,0.9042,0.9042,0.9042,0.9042,0.9042,0.9042,0.9042,0.9042,0.9042
293,0.9042,0.9042,0.9042,0.9042,0.9042,0.9042,0.9042,0.9042,0.9042,0.9042,0.9042,0.9042,0.9042
294,0.9042,0.9042,0.9042,0.9042,0.9042,0.9042,0.9042,0.9042,0.9042,0.9042,0.9042,0.9042,0.9042
295,0.9042,0.9042,0.9042,0.9042,0.9042,0.9042,0.9042,0.9042,0.9042,0.9042,0.9042,0.9042,0.9042
296,0.9042,0.9042,0.9042,0.9042,0.9042,0.9042,0.9042,0.9042,0.9042,0.9042,0.9042,0.9042,0.9042
297,0.9042,0.9042,0.9042,0.9042,0.9042,0.9042,0.9042,0.9042,0.9042,0.9042,0.9042,0.9042,0.9042
298,0.9042,0.9042,0.9042,0.9042,0.9042,0.9042,0.9042,0.9042,0.9042,0.9042,0.9042,0.9042,0.9042
299,0.9042,0.9042,0.9042,0.9042,0.9042,0.9042,0.9042,0.9042,0.9042,0.9042,0.9042,0.9042,0.9042
300,0.9042,0.9042,0.9042,0.9042,0.9042,0.9042,0.9042,0.9042,0.9042,0.9042,0.9042,0.9042,0.9042
301,0.9042,0.9042,0.9042,0.9042,0.9042,0.9042,0.9042,0.9042,0.9042,0.9042,0.9042,0.9042,0.9042
302,0.9042,0.9042,0.9042,0.9042,0.9042,0.9042,0.9042,0.9042,0.9042,0.9042,0.9042,0.9042,0.9042
303,0.9042,0.9042,0.9042,0.9042,0.9042,0.9042,0.9042,0.9042,0.9042,0.9042,0.9042,0.9042,0.9042
304,0.9042,0.9042,0.9042,0.9042,0.9042,0.9042,0.9042,0.9042,0.9042,0.9042,0.9042,0.9042,0.9042
305,0.9042,0.9042,0.9042,0.9042,0.9042,0.9042,0.9042,0.9042,0.9042,0.9042,0.9042,0.9042,0.9042
306,0.9042,0.9042,0.9042,0.9042,0.9042,0.9042,0.9042,0.9042,0.9042,0.9042,0.9042,0.9042,0.9042
307,0.9042,0.9042,0.9042,0.9042,0.9042,0.9042,0.9042,0.9042,0.9042,0.9042,0.9042,0.9042,0.9042
308,0.9042,0.9042,0.9042,0.9042,0.9042,0.9042,0.9042,0.9042,0.9042,0.9042,0.9042,0.9042,0.9042
309,0.9042,0.9042,0.9042,0.9042,0.9042,0.9042,0.9042,0.9042,0.9042,0.9042,0.9042,0.9042,0.9042
310,0.9042,0.9042,0.9042,0.9042,0.9042,0.9042,0.9042,0.9042,0.9042,0.9042,0.9042,0.9042,0.9042
311,0.9042,0.9042,0.9042,0.9042,0.9042,0.9042,0.9042,0.9042,0.9042,0.9042,0.9042,0.9042,0.9042
312,0.9042,0.9042,0.9042,0.9042,0.9042,0.9042,0.9042,0.9042,0.9042,0.9042,0.9042,0.9042,0.9042
313,0.9042,0.9042,0.9042,0.9042,0.9042,0.9042,0.9042,0.9042,0.9042,0.9042,0.9042,0.9042,0.9042
314,0.9042,0.9042,0.9042,0.9042,0.9042,0.9042,0.9042,0.9042,0.9042,0.9042,0.9042,0.9042,0.9042
315,0.9042,0.9042,0.9042,0.9042,0.9042,0.9042,0.9042,0.9042,0.9042,0.9042,0.9042,0.9042,0.9042
316,0.9042,0.9042,0.9042,0.9042,0.9042,0.9042,0.9042,0.9042,0.9042,0.9042,0.9042,0.9042,0.9042
317,0.9042,0.9042,0.9042,0.9042,0.9042,0.9042,0.9042,0.9042,0.9042,0.9042,0.9042,0.9042,0.9042
318,0.9042,0.9042,0.9042,0.9042,0.9042,0.9042,0.9042,0.9042,0.9042,0.9042,0.9042,0.9042,0.9042
319,0.9042,0.9042,0.9042,0.9042,0.9042,0.9042,0.9042,0.9042,0.9042,0.9042,0.9042,0.9042,0.9042
320,0.9042,0.9042,0.9042,0.9042,0.9042,0.9042,0.9042,0.9042,0.9042,0.9042,0.9042,0.9042,0.9042
321,0.9042,0.9042,0.9042,0.9042,0.9042,0.9042,0.9042,0.9042,0.9042,0.9042,0.9042,0.9042,0.9042
322,0.9042,0.9042,0.9042,0.9042,0.9042,0.9042,0.9042,0.9042,0.9042,0.9042,0.9042,0.9042,0.9042
323,0.9042,0.9042,0.9042,0.9042,0.9042,0.9042,0.9042,0.9042,0.9042,0.9042,0.9042,0.9042,0.9042
324,0.9042,0.9042,0.9042,0.9042,0.9042,0.9042,0.9042,0.9042,0.9042,0.9042,0.9042,0.9042,0.9042
325,0.9042,0.9042,0.9042,0.9042,0.9042,0.9042,0.9042,0.9042,0.9042,0.9042,0.9042,0.9042,0.9042
326,0.9042,0.9042,0.9042,0.9042,0.9042,0.9042,0.9042,0.9042,0.9042,0.9042,0.9042,0.9042,0.9042
327,0.9042,0.9042,0.9042,0.9042,0.9042,0.9042,0.9042,0.9042,0.9042,0.9042,0.9042,0.9042,0.9042
328,0.9042,0.9042,0.9042,0.9042,0.9042,0.9042,0.9042,0.9042,0.9042,0.9042,0.9042,0.9042,0.9042
329,0.9042,0.9042,0.9042,0.9042,0.9042,0.9042,0.9042,0.9042,0.9042,0.9042,0.9042,0.9042,0.9042
330,0.9042,0.9042,0.9042,0.9042,0.9042,0.9042,0.9042,0.9042,0.9042,0.9042,0.9042,0.9042,0.9042
331,0.9042,0.9042,0.9042,0.9042,0.9042,0.9042,0.9042,0.9042,0.9042,0.9042,0.9042,0.9042,0.9042
332,0.9042,0.9042,0.9042,0.9042,0.9042,0.9042,0.9042,0.9042,0.9042,0.9042,0.9042,0.9042,0.9042
333,0.9042,0.9042,0.9042,0.9042,0.9042,0.9042,0.9042,0.9042,0.9042,0.9042,0.9042,0.9042,0.9042
334,0.9042,0.9042,0.9042,0.9042,0.9042,0.9042,0.9042,0.9042,0.9042,0.9042,0.9042,0.9042,0.9042
335,0.9042,0.9042,0.9042,0.9042,0.9042,0.9042,0.9042,0.9042,0.9042,0.9042,0.9042,0.9042,0.9042
336,0.9042,0.9042,0.9042,0.9042,0.9042,0.9042,0.9042,0.9042,0.9042,0.9042,0.9042,0.9042,0.9042
337,0.9042,0.9042,0.9042,0.9042,0.9042,0.9042,0.9042,0.9042,0.9042,0.9042,0.9042,0.9042,0.9042
338,0.9042,0.9042,0.9042,0.9042,0.9042,0.9042,0.9042,0.9042,0.9042,0.9042,0.9042,0.9042,0.9042
339,0.9042,0.9042,0.9042,0.9042,0.9042,0.9042,0.9042,0.9042,0.9042,0.9042,0.9042,0.9042,0.9042
340,0.9042,0.9042,0.9042,0.9042,0.9042,0.9042,0.9042,0.9042,0.9042,0.9042,0.9042,0.9042,0.9042
341,0.9042,0.9042,0.9042,0.9042,0.9042,0.9042,0.9042,0.9042,0.9042,0.9042,0.9042,0.9042,0.9042
342,0.9042,0.9042,0.9042,0.9042,0.9042,0.9042,0.9042,0.9042,0.9042,0.9042,0.9042,0.9042,0.9042
343,0.9042,0.9042,0.9042,0.9042,0.9042,0.9042,0.9042,0.9042,0.9042,0.9042,0.9042,0.9042,0.9042
344,0.9042,0.9042,0.9042,0.9042,0.9042,0.9042,0.9042,0.9042,0.9042,0.9042,0.9042,0.9042,0.9042
345,0.9042,0.9042,0.9042,0.9042,0.9042,0.9042,0.9042,0.9042,0.9042,0.9042,0.9042,0.9042,0.9042
346,0.9042,0.9042,0.9042,0.9042,0.9042,0.9042,0.9042,0.9042,0.9042,0.9042,0.9042,0.9042,0.9042
347,0.9042,0.9042,0.9042,0.9042,0.9042,0.9042,0.9042,0.9042,0.9042,0.9042,0.9042,0.9042,0.9042
348,0.9042,0.9042,0.9042,0.9042,0.9042,0.9042,0.9042,0.9042,0.9042,0.9042,0.9042,0.9042,0.9042
349,0.9042,0.9042,0.9042,0.9042,0.9042,0.9042,0.9042,0.9042,0.9042,0.9042,0.9042,0.9042,0.9042
350,0.9042,0.9042,0.9042,0.9042,0.9042,0.9042,0.9042,0.9042,0.9042,0.9042,0.9042,0.9042,0.9042
351,0.9042,0.9042,0.9042,0.9042,0.9042,0.9042,0.9042,0.9042,0.9042,0.9042,0.9042,0.9042,0.9042
352,0.9042,0.9042,0.9042,0.9042,0.9042,0.9042,0.9042,0.9042,0.9042,0.9042,0.9042,0.9042,0.9042
353,0.9042,0.9042,0.9042,0.9042,0.9042,0.9042,0.9042,0.9042,0.9042,0.9042,0.9042,0.9042,0.9042
354,0.9042,0.9042,0.9042,0.9042,0.9042,0.9042,0.9042,0.9042,0.9042,0.9042,0.9042,0.9042,0.9042
355,0.9042,0.9042,0.9042,0.9042,0.9042,0.9042,0.9042,0.9042,0.9042,0.9042,0.9042,0.9042,0.9042
356,0.9042,0.9042,0.9042,0.9042,0.9042,0.9042,0.9042,0.9042,0.9042,0.9042,0.9042,0.9042,0.9042
357,0.9042,0.9042,0.9042,0.9042,0.9042,0.9042,0.9042,0.9042,0.9042,0.9042,0.9042,0.9042,0.9042
358,0.9042,0.9042,0.9042,0.9042,0.9042,0.9042,0.9042,0.9042,0.9042,0.9042,0.9042,0.9042,0.9042
359,0.9042,0.9042,0.9042,0.9042,0.9042,0.9042,0.9042,0.9042,0.9042,0.9042,0.9042,0.9042,0.9042
360,0.9042,0.9042,0.9042,0.9042,0.9042,0.9042,0.9042,0.9042,0.9042,0.9042,0.9042,0.9042,0.9042
361,0.9042,0.9042,0.9042,0.9042,0.9042,0.9042,0.9042,0.9042,0.9042,0.9042,0.9042,0.9042,0.9042
362,0.9042,0.9042,0.9042,0.9042,0.9042,0.9042,0.9042,0.9042,0.9042,0.9042,0.9042,0.9042,0.9042
363,0.9042,0.9042,0.9042,0.9042,0.9042,0.9042,0.9042,0.9042,0.9042,0.9042,0.9042,0.9042,0.9042
364,0.9042,0.9042,0.9042,0.9042,0.9042,0.9042,0.9042,0.9042,0.9042,0.9042,0.9042,0.9042,0.9042
365,0.9042,0.9042,0.9042,0.9042,0.9042,0.9042,0.9042,0.9042,0.9042,0.9042,0.9042,0.9042,0.9042
366,0.9042,0.9042,0.9042,0.9042,0.9042,0.9042,0.9042,0.9042,0.9042,0.9042,0.9042,0.9042,0.9042
367,0.9042,0.9042,0.9042,0.9042,0.9042,0.9042,0.9042,0.9042,0.9042,0.9042,0.9042,0.9042,0.9042
368,0.9042,0.9042,0.9042,0.9042,0.9042,0.9042,0.9042,0.9042,0.9042,0.9042,0.9042,0.9042,0.9042
369,0.9042,0.9042,0.9042,0.9042,0.9042,0.9042,0.9042,0.9042,0.9042,0.9042,0.9042,0.9042,0.9042
370,0.9042,0.9042,0.9042,0.9042,0.9042,0.9042,0.9042,0.9042,0.9042,0.9042,0.9042,0.9042,0.9042
371,0.9042,0.9042,0.9042,0.9042,0.9042,0.9042,0.9042,0.9042,0.9042,0.9042,0.9042,0.9042,0.9042
372,0.9042,0.9042,0.9042,0.9042,0.9042,0.9042,0.9042,0.9042,0.9042,0.9042,0.9042,0.9042,0.9042
373,0.9042,0.9042,0.9042,0.9042,0.9042,0.9042,0.9042,0.9042,0.9042,0.9042,0.9042,0.9042,0.9042
374,0.9042,0.9042,0.9042,0.9042,0.9042,0.9042,0.9042,0.9042,0.9042,0.9042,0.9042,0.9042,0.9042
375,0.9042,0.9042,0.9042,0.9042,0.9042,0.9042,0.9042,0.9042,0.9042,0.9042,0.9042,0.9042,0.9042
376,0.9042,0.9042,0.9042,0.9042,0.9042,0.9042,0.9042,0.9042,0.9042,0.9042,0.9042,0.9042,0.9042
377,0.9042,0.9042,0.9042,0.9042,0.9042,0.9042,0.9042,0.9042,0.9042,0.9042,0.9042,0.9042,0.9042
378,0.9042,0.9042,0.9042,0.9042,0.9042,0.9042,0.9042,0.9042,0.9042,0.9042,0.9042,0.9042,0.9042
379,0.9042,0.9042,0.9042,0.9042,0.9042,0.9042,0.9042,0.9042,0.9042,0.9042,0.9042,0.9042,0.9042
380,0.9042,0.9042,0.9042,0.9042,0.9042,0.9042,0.9042,0.9042,0.9042,0.9042,0.9042,0.9042,0.9042
381,0.9042,0.9042,0.9042,0.9042,0.9042,0.9042,0.9042,0.9042,0.9042,0.9042,0.9042,0.9042,0.9042
382,0.9042,0.9042,0.9042,0.9042,0.9042,0.9042,0.9042,0.9042,0.9042,0.9042,0.9042,0.9042,0.9042
383,0.9042,0.9042,0.9042,0.9042,0.9042,0.9042,0.9042,0.9042,0.9042,0.9042,0.9042,0.9042,0.9042
384,0.9042,0.9042,0.9042,0.9042,0.9042,0.9042,0.9042,0.9042,0.9042,0.9042,0.9042,0.9042,0.9042
385,0.9042,0.9042,0.9042,0.9042,0.9042,0.9042,0.9042,0.9042,0.9042,0.9042,0.9042,0.9042,0.9042
386,0.9042,0.9042,0.9042,0.9042,0.9042,0.9042,0.9042,0.9042,0.9042,0.9042,0.9042,0.9042,0.9042
387,0.9042,0.9042,0.9042,0.9042,0.9042,0.9042,0.9042,0.9042,0.9042,0.9042,0.9042,0.9042,0.9042
388,0.9042,0.9042,0.9042,0.9042,0.9042,0.9042,0.9042,0.9042,0.9042,0.9042,0.9042,0.9042,0.9042
389,0.9042,0.9042,0.9042,0.9042,0.9042,0.9042,0.9042,0.9042,0.9042,0.9042,0.9042,0.9042,0.9042
390,0.9042,0.9042,0.9042,0.9042,0.9042,0.9042,0.9042,0.9042,0.9042,0.9042,0.9042,0.9042,0.9042
391,0.9042,0.9042,0.9042,0.9042,0.9042,0.9042,0.9042,0.9042,0.9042,0.9042,0.9042,0.9042,0.9042
392,0.9042,0.9042,0.9042,0.9042,0.9042,0.9042,0.9042,0.9042,0.9042,0.9042,0.9042,0.9042,0.9042
393,0.9042,0.9042,0.9042,0.9042,0.9042,0.9042,0.9042,0.9042,0.9042,0.9042,0.9042,0.9042,0.9042
394,0.9042,0.9042,0.9042,0.9042,0.9042,0.9042,0.9042,0.9042,0.9042,0.9042,0.9042,0.9042,0.9042
395,0.9042,0.9042,0.9042,0.9042,0.9042,0.9042,0.9042,0.9042,0.9042,0.9042,0.9042,0.9042,0.9042
396,0.9042,0.9042,0.9042,0.9042,0.9042,0.9042,0.9042,0.9042,0.9042,0.9042,0.9042,0.9042,0.9042
397,0.9042,0.9042,0.9042,0.9042,0.9042,0.9042,0.9042,0.9042,0.9042,0.9042,0.9042,0.9042,0.9042
398,0.9042,0.9042,0.9042,0.9042,0.9042,0.9042,0.9042,0.9042,0.9042,0.9042,0.9042,0.9042,0.9042
399,0.9042,0.9042,0.9042,0.9042,0.9042,0.9042,0.9042,0.9042,0.9042,0.9042,0.9042,0.9042,0.9042
400,0.9042,0.9042,0.9042,0.9042,0.9042,0.9042,0.9042,0.9042,0.9042,0.9042,0.9042,0.9042,0.9042
401,0.9042,0.9042,0.9042,0.9042,0.9042,0.9042,0.9042,0.9042,0.9042,0.9042,0.9042,0.9042,0.9042
402,0.9042,0.9042,0.9042,0.9042,0.9042,0.9042,0.9042,0.9042,0.9042,0.9042,0.9042,0.9042,0.9042
403,0.9042,0.9042,0.9042,0.9042,0.9042,0.9042,0.9042,0.9042,0.9042,0.9042,0.9042,0.9042,0.9042
404,0.9042,0.9042,0.9042,0.9042,0.9042,0.9042,0.9042,0.9042,0.9042,0.9042,0.9042,0.9042,0.9042
405,0.9042,0.9042,0.9042,0.9042,0.9042,0.9042,0.9042,0.9042,0.9042,0.9042,0.9042,0.9042,0.9042
406,0.9042,0.9042,0.9042,0.9042,0.9042,0.9042,0.9042,0.9042,0.9042,0.9042,0.9042,0.9042,0.9042
407,0.9042,0.9042,0.9042,0.9042,0.9042,0.9042,0.9042,0.9042,0.9042,0.9042,0.9042,0.9042,0.9042
408,0.9042,0.9042,0.9042,0.9042,0.9042,0.9042,0.9042,0.9042,0.9042,0.9042,0.9042,0.9042,0.9042
409,0.9042,0.9042,0.9042,0.9042,0.9042,0.9042,0.9042,0.9042,0.9042,0.9042,0.9042,0.9042,0.9042
410,0.9042,0.9042,0.9042,0.9042,0.9042,0.9042,0.9042,0.9042,0.9042,0.9042,0.9042,0.9042,0.9042
411,0.9042,0.9042,0.9042,0.9042,0.9042,0.9042,0.9042,0.9042,0.9042,0.9042,0.9042,0.9042,0.9042
412,0.9042,0.9042,0.9042,0.9042,0.9042,0.9042,0.9042,0.9042,0.9042,0.9042,0.9042,0.9042,0.9042
413,0.9042,0.9042,0.9042,0.9042,0.9042,0.9042,0.9042,0.9042,0.9042,0.9042,0.9042,0.9042,0.9042
414,0.9042,0.9042,0.9042,0.9042,0.9042,0.9042,0.9042,0.9042,0.9042,0.9042,0.9042,0.9042,0.9042
415,0.9042,0.9042,0.9042,0.9042,0.9042,0.9042,0.9042,0.9042,0.9042,0.9042,0.9042,0.9042,0.9042
416,0.9042,0.9042,0.9042,0.9042,0.9042,0.9042,0.9042,0.9042,0.9042,0.9042,0.9042,0.9042,0.9042
417,0.9042,0.9042,0.9042,0.9042,0.9042,0.9042,0.9042,0.9042,0.9042,0.9042,0.9042,0.9042,0.9042
418,0.9042,0.9042,0.9042,0.9042,0.9042,0.9042,0.9042,0.9042,0.9042,0.9042,0.9042,0.9042,0.9042
419,0.9042,0.9042,0.9042,0.9042,0.9042,0.9042,0.9042,0.9042,0.9042,0.9042,0.9042,0.9042,0.9042
420,0.9042,0.9042,0.9042,0.9042,0.9042,0.9042,0.9042,0.9042,0.9042,0.9042,0.9042,0.9042,0.9042
421,0.9042,0.9042,0.9042,0.9042,0.9042,0.9042,0.9042,0.9042,0.9042,0.9042,0.9042,0.9042,0.9042
422,0.9042,0.9042,0.9042,0.9042,0.9042,0.9042,0.9042,0.9042,0.9042,0.9042,0.9042,0.9042,0.9042
423,0.9042,0.9042,0.9042,0.9042,0.9042,0.9042,0.9042,0.9042,0.9042,0.9042,0.9042,0.9042,0.9042
424,0.9042,0.9042,0.9042,0.9042,0.9042,0.9042,0.9042,0.9042,0.9042,0.9042,0.9042,0.9042,0.9042
425,0.9042,0.9042,0.9042,0.9042,0.9042,0.9042,0.9042,0.9042,0.9042,0.9042,0.9042,0.9042,0.9042
426,0.9042,0.9042,0.9042,0.9042,0.9042,0.9042,0.9042,0.9042,0.9042,0.9042,0.9042,0.9042,0.9042
427,0.9042,0.9042,0.9042,0.9042,0.9042,0.9042,0.9042,0.9042,0.9042,0.9042,0.9042,0.9042,0.9042
428,0.9042,0.9042,0.9042,0.9042,0.9042,0.9042,0.9042,0.9042,0.9042,0.9042,0.9042,0.9042,0.9042
429,0.9042,0.9042,0.9042,0.9042,0.9042,0.9042,0.9042,0.9042,0.9042,0.9042,0.9042,0.9042,0.9042
430,0.9042,0.9042,0.9042,0.9042,0.9042,0.9042,0.9042,0.9042,0.9042,0.9042,0.9042,0.9042,0.9042
431,0.9042,0.9042,0.9042,0.9042,0.9042,0.9042,0.9042,0.9042,0.9042,0.9042,0.9042,0.9042,0.9042
432,0.9042,0.9042,0.9042,0.9042,0.9042,0.9042,0.9042,0.9042,0.9042,0.9042,0.9042,0.9042,0.9042
433,0.9042,0.9042,0.9042,0.9042,0.9042,0.9042,0.9042,0.9042,0.9042,0.9042,0.9042,0.9042,0.9042
434,0.9042,0.9042,0.9042,0.9042,0.9042,0.9042,0.9042,0.9042,0.9042,0.9042,0.9042,0.9042,0.9042
435,0.9042,0.9042,0.9042,0.9042,0.9042,0.9042,0.9042,0.9042,0.9042,0.9042,0.9042,0.9042,0.9042
436,0.9042,0.9042,0.9042,0.9042,0.9042,0.9042,0.9042,0.9042,0.9042,0.9042,0.9042,0.9042,0.9042
437,0.9042,0.9042,0.9042,0.9042,0.9042,0.9042,0.9042,0.9042,0.9042,0.9042,0.9042,0.9042,0.9042
438,0.9042,0.9042,0.9042,0.9042,0.9042,0.9042,0.9042,0.9042,0.9042,0.9042,0.9042,0.9042,0.9042
439,0.9042,0.9042,0.9042,0.9042,0.9042,0.9042,0.9042,0.9042,0.9042,0.9042,0.9042,0.9042,0.9042
440,0.9042,0.9042,0.9042,0.9042,0.9042,0.9042,0.9042,0.9042,0.9042,0.9042,0.9042,0.9042,0.9042
441,0.9042,0.9042,0.9042,0.9042,0.9042,0.9042,0.9042,0.9042,0.9042,0.9042,0.9042,0.9042,0.9042
442,0.9042,0.9042,0.9042,0.9042,0.9042,0.9042,0.9042,0.9042,0.9042,0.9042,0.9042,0.9042,0.9042
443,0.9042,0.9042,0.9042,0.9042,0.9042,0.9042,0.9042,0.9042,0.9042,0.9042,0.9042,0.9042,0.9042
444,0.9042,0.9042,0.9042,0.9042,0.9042,0.9042,0.9042,0.9042,0.9042,0.9042,0.9042,0.9042,0.9042
445,0.9042,0.9042,0.9042,0.9042,0.9042,0.9042,0.9042,0.9042,0.9042,0.9042,0.9042,0.9042,0.9042
446,0.9042,0.9042,0.9042,0.9042,0.9042,0.9042,0.9042,0.9042,0.9042,0.9042,0.9042,0.9042,0.9042
447,0.9042,0.9042,0.9042,0.9042,0.9042,0.9042,0.9042,0.9042,0.9042,0.9042,0.9042,0.9042,0.9042
448,0.9042,0.9042,0.9042,0.9042,0.9042,0.9042,0.9042,0.9042,0.9042,0.9042,0.9042,0.9042,0.9042
449,0.9042,0.9042,0.9042,0.9042,0.9042,0.9042,0.9042,0.9042,0.9042,0.9042,0.9042,0.9042,0.9042
450,0.9042,0.9042,0.9042,0.9042,0.9042,0.9042,0.9042,0.9042,0.9042,0.9042,0.9042,0.9042,0.9042
451,0.9042,0.9042,0.9042,0.9042,0.9042,0.9042,0.9042,0.9042,0.9042,0.9042,0.9042,0.9042,0.9042
452,0.9042,0.9042,0.9042,0.9042,0.9042,0.9042,0.9042,0.9042,0.9042,0.9042,0.9042,0.9042,0.9042
453,0.9042,0.9042,0.9042,0.9042,0.9042,0.9042,0.9042,0.9042,0.9042,0.9042,0.9042,0.9042,0.9042
454,0.9042,0.9042,0.9042,0.9042,0.9042,0.9042,0.9042,0.9042,0.9042,0.9042,0.9042,0.9042,0.9042
455,0.9042,0.9042,0.9042,0.9042,0.9042,0.9042,0.9042,0.9042,0.9042,0.9042,0.9042,0.9042,0.9042
456,0.9042,0.9042,0.9042,0.9042,0.9042,0.9042,0.9042,0.9042,0.9042,0.9042,0.9042,0.9042,0.9042
457,0.9042,0.9042,0.9042,0.9042,0.9042,0.9042,0.9042,0.9042,0.9042,0.9042,0.9042,0.9042,0.9042
458,0.9042,0.9042,0.9042,0.9042,0.9042,0.9042,0.9042,0.9042,0.9042,0.9042,0.9042,0.9042,0.9042
459,0.9042,0.9042,0.9042,0.9042,0.9042,0.9042,0.9042,0.9042,0.9042,0.9042,0.9042,0.9042,0.9042
460,0.9042,0.9042,0.9042,0.9042,0.9042,0.9042,0.9042,0.9042,0.9042,0.9042,0.9042,0.9042,0.9042
461,0.9042,0.9042,0.9042,0.9042,0.9042,0.9042,0.9042,0.9042,0.9042,0.9042,0.9042,0.9042,0.9042
462,0.9042,0.9042,0.9042,0.9042,0.9042,0.9042,0.9042,0.9042,0.9042,0.9042,0.9042,0.9042,0.9042
463,0.9042,0.9042,0.9042,0.9042,0.9042,0.9042,0.9042,0.9042,0.9042,0.9042,0.9042,0.9042,0.9042
464,0.9042,0.9042,0.9042,0.9042,0.9042,0.9042,0.9042,0.9042,0.9042,0.9042,0.9042,0.9042,0.9042
465,0.9042,0.9042,0.9042,0.9042,0.9042,0.9042,0.9042,0.9042,0.9042,0.9042,0.9042,0.9042,0.9042
466,0.9042,0.9042,0.9042,0.9042,0.9042,0.9042,0.9042,0.9042,0.9042,0.9042,0.9042,0.9042,0.9042
467,0.9042,0.9042,0.9042,0.9042,0.9042,0.9042,0.9042,0.9042,0.9042,0.9042,0.9042,0.9042,0.9042
468,0.9042,0.9042,0.9042,0.9042,0.9042,0.9042,0.9042,0.9042,0.9042,0.9042,0.9042,0.9042,0.9042
469,0.9042,0.9042,0.9042,0.9042,0.9042,0.9042,0.9042,0.9042,0.9042,0.9042,0.9042,0.9042,0.9042
470,0.9042,0.9042,0.9042,0.9042,0.9042,0.9042,0.9042,0.9042,0.9042,0.9042,0.9042,0.9042,0.9042
471,0.9042,0.9042,0.9042,0.9042,0.9042,0.9042,0.9042,0.9042,0.9042,0.9042,0.9042,0.9042,0.9042
472,0.9042,0.9042,0.9042,0.9042,0.9042,0.9042,0.9042,0.9042,0.9042,0.9042,0.9042,0.9042,0.9042
473,0.9042,0.9042,0.9042,0.9042,0.9042,0.9042,0.9042,0.9042,0.9042,0.9042,0.9042,0.9042,0.9042
474,0.9042,0.9042,0.9042,0.9042,0.9042,0.9042,0.9042,0.9042,0.9042,0.9042,0.9042,0.9042,0.9042
475,0.9042,0.9042,0.9042,0.9042,0.9042,0.9042,0.9042,0.9042,0.9042,0.9042,0.9042,0.9042,0.9042
476,0.9042,0.9042,0.9042,0.9042,0.9042,0.9042,0.9042,0.9042,0.9042,0.9042,0.9042,0.9042,0.9042
477,0.9042,0.9042,0.9042,0.9042,0.9042,0.9042,0.9042,0.9042,0.9042,0.9042,0.9042,0.9042,0.9042
478,0.9042,0.9042,0.9042,0.9042,0.9042,0.9042,0.9042,0.9042,0.9042,0.9042,0.9042,0.9042,0.9042
479,0.9042,0.9042,0.9042,0.9042,0.9042,0.9042,0.9042,0.9042,0.9042,0.9042,0.9042,0.9042,0.9042
480,0.9042,0.9042,0.9042,0.9042,0.9042,0.9042,0.9042,0.9042,0.9042,0.9042,0.9042,0.9042,0.9042
481,0.9042,0.9042,0.9042,0.9042,0.9042,0.9042,0.9042,0.9042,0.9042,0.9042,0.9042,0.9042,0.9042
482,0.9042,0.9042,0.9042,0.9042,0.9042,0.9042,0.9042,0.9042,0.9042,0.9042,0.9042,0.9042,0.9042
483,0.9042,0.9042,0.9042,0.9042,0.9042,0.9042,0.9042,0.9042,0.9042,0.9042,0.9042,0.9042,0.9042
484,0.9042,0.9042,0.9042,0.9042,0.9042,0.9042,0.9042,0.9042,0.9042,0.9042,0.9042,0.9042,0.9042
485,0.9042,0.9042,0.9042,0.9042,0.9042,0.9042,0.9042,0.9042,0.9042,0.9042,0.9042,0.9042,0.9042
486,0.9042,0.9042,0.9042,0.9042,0.9042,0.9042,0.9042,0.9042,0.9042,0.9042,0.9042,0.9042,0.9042
487,0.9042,0.9042,0.9042,0.9042,0.9042,0.9042,0.9042,0.9042,0.9042,0.9042,0.9042,0.9042,0.9042
488,0.9042,0.9042,0.9042,0.9042,0.9042,0.9042,0.9042,0.9042,0.9042,0.9042,0.9042,0.9042,0.9042
489,0.9042,0.9042,0.9042,0.9042,0.9042,0.9042,0.9042,0.9042,0.9042,0.9042,0.9042,0.9042,0.9042
490,0.9042,0.9042,0.9042,0.9042,0.9042,0.9042,0.9042,0.9042,0.9042,0.9042,0.9042,0.9042,0.9042
491,0.9042,0.9042,0.9042,0.9042,0.9042,0.9042,0.9042,0.9042,0.9042,0.9042,0.9042,0.9042,0.9042
492,0.9042,0.9042,0.9042,0.9042,0.9042,0.9042,0.9042,0.9042,0.9042,0.9042,0.9042,0.9042,0.9042
493,0.9042,0.9042,0.9042,0.9042,0.9042,0.9042,0.9042,0.9042,0.9042,0.9042,0.9042,0.9042,0.9042
494,0.9042,0.9042,0.9042,0.9042,0.9042,0.9042,0.9042,0.9042,0.9042,0.9042,0.9042,0.9042,0.9042
495,0.9042,0.9042,0.9042,0.9042,0.9042,0.9042,0.9042,0.9042,0.9042,0.9042,0.9042,0.9042,0.9042
496,0.9042,0.9042,0.9042,0.9042,0.9042,0.9042,0.9042,0.9042,0.9042,0.9042,0.9042,0.9042,0.9042
497,0.9042,0.9042,0.9042,0.9042,0.9042,0.9042,0.9042,0.9042,0.9042,0.9042,0.9042,0.9042,0.9042
498,0.9042,0.9042,0.9042,0.9042,0.9042,0.9042,0.9042,0.9042,0.9042,0.9042,0.9042,0.9042,0.9042
499,0.9042,0.9042,0.9042,0.9042,0.9042,0.9042,0.9042,0.9042,0.9042,0.9042,0.9042,0.9042,0.9042
500,0.9042,0.9042,0.9042,0.9042,0.9042,0.9042,0.9042,0.9042,0.9042,0.9042,0.9042,0.9042,0.9042
501,0.9042,0.9042,0.9042,0.9042,0.9042,0.9042,0.9042,0.9042,0.9042,0.9042,0.9042,0.9042,0.9042
502,0.9042,0.9042,0.9042,0.9042,0.9042,0.9042,0.9042,0.9042,0.9042,0.9042,0.9042,0.9042,0.9042
503,0.9042,0.9042,0.9042,0.9042,0.9042,0.9042,0.9042,0.9042,0.9042,0.9042,0.9042,0.9042,0.9042
504,0.9042,0.9042,0.9042,0.9042,0.9042,0.9042,0.9042,0.9042,0.9042,0.9042,0.9042,0.9042,0.9042
505,0.9042,0.9042,0.9042,0.9042,0.9042,0.9042,0.9042,0.9042,0.9042,0.9042,0.9042,0.9042,0.9042
506,0.9042,0.9042,0.9042,0.9042,0.9042,0.9042,0.9042,0.9042,0.9042,0.9042,0.9042,0.9042,0.9042
507,0.9042,0.9042,0.9042,0.9042,0.9042,0.9042,0.9042,0.9042,0.9042,0.9042,0.9042,0.9042,0.9042
508,0.9042,0.9042,0.9042,0.9042,0.9042,0.9042,0.9042,0.9042,0.9042,0.9042,0.9042,0.9042,0.9042
509,0.9042,0.9042,0.9042,0.9042,0.9042,0.9042,0.9042,0.9042,0.9042,0.9042,0.9042,0.9042,0.9042
510,0.9042,0.9042,0.9042,0.9042,0.9042,0.9042,0.9042,0.9042,0.9042,0.9042,0.9042,0.9042,0.9042
511,0.9042,0.9042,0.9042,0.9042,0.9042,0.9042,0.9042,0.9042,0.9042,0.9042,0.9042,0.9042,0.9042
512,0.9042,0.9042,0.9042,0.9042,0.9042,0.9042,0.9042,0.9042,0.9042,0.9042,0.9042,0.9042,0.9042
513,0.9042,0.9042,0.9042,0.9042,0.9042,0.9042,0.9042,0.9042,0.9042,0.9042,0.9042,0.9042,0.9042
514,0.9042,0.9042,0.9042,0.9042,0.9042,0.9042,0.9042,0.9042,0.9042,0.9042,0.9042,0.9042,0.9042
515,0.9042,0.9042,0.9042,0.9042,0.9042,0.9042,0.9042,0.9042,0.9042,0.9042,0.9042,0.9042,0.9042
516,0.9042,0.9042,0.9042,0.9042,0.9042,0.9042,0.9042,0.9042,0.9042,0.9042,0.9042,0.9042,0.9042
517,0.9042,0.9042,0.9042,0.9042,0.9042,0.9042,0.9042,0.9042,0.9042,0.9042,0.9042,0.9042,0.9042
518,0.9042,0.9042,0.9042,0.9042,0.9042,0.9042,0.9042,0.9042,0.9042,0.9042,0.9042,0.9042,0.9042
519,0.9042,0.9042,0.9042,0.9042,0.9042,0.9042,0.9042,0.9042,0.9042,0.9042,0.9042,0.9042,0.9042
520,0.9042,0.9042,0.9042,0.9042,0.9042,0.9042,0.9042,0.9042,0.9042,0.9042,0.9042,0.9042,0.9042
521,0.9042,0.9042,0.9042,0.9042,0.9042,0.9042,0.9042,0.9042,0.9042,0.9042,0.9042,0.9042,0.9042
522,0.9042,0.9042,0.9042,0.9042,0.9042,0.9042,0.9042,0.9042,0.9042,0.9042,0.9042,0.9042,0.9042
523,0.9042,0.9042,0.9042,0.9042,0.9042,0.9042,0.9042,0.9042,0.9042,0.9042,0.9042,0.9042,0.9042
524,0.9042,0.9042,0.9042,0.9042,0.9042,0.9042,0.9042,0.9042,0.9042,0.9042,0.9042,0.9042,0.9042
525,0.9042,0.9042,0.9042,0.9042,0.9042,0.9042,0.9042,0.9042,0.9042,0.9042,0.9042,0.9042,0.9042
526,0.9042,0.9042,0.9042,0.9042,0.9042,0.9042,0.9042,0.9042,0.9042,0.9042,0.9042,0.9042,0.9042
527,0.9042,0.9042,0.9042,0.9042,0.9042,0.9042,0.9042,0.9042,0.9042,0.9042,0.9042,0.9042,0.9042
528,0.9042,0.9042,0.9042,0.9042,0.9042,0.9042,0.9042,0.9042,0.9042,0.9042,0.9042,0.9042,0.9042
529,0.9042,0.9042,0.9042,0.9042,0.9042,0.9042,0.9042,0.9042,0.9042,0.9042,0.9042,0.9042,0.9042
530,0.9042,0.9042,0.9042,0.9042,0.9042,0.9042,0.9042,0.9042,0.9042,0.9042,0.9042,0.9042,0.9042
531,0.9042,0.9042,0.9042,0.9042,0.9042,0.9042,0.9042,0.9042,0.9042,0.9042,0.9042,0.9042,0.9042
532,0.9042,0.9042,0.9042,0.9042,0.9042,0.9042,0.9042,0.9042,0.9042,0.9042,0.9042,0.9042,0.9042
533,0.9042,0.9042,0.9042,0.9042,0.9042,0.9042,0.9042,0.9042,0.9042,0.9042,0.9042,0.9042,0.9042
534,0.9042,0.9042,0.9042,0.9042,0.9042,0.9042,0.9042,0.9042,0.9042,0.9042,0.9042,0.9042,0.9042
535,0.9042,0.9042,0.9042,0.9042,0.9042,0.9042,0.9042,0.9042,0.9042,0.9042,0.9042,0.9042,0.9042
536,0.9042,0.9042,0.9042,0.9042,0.9042,0.9042,0.9042,0.9042,0.9042,0.9042,0.9042,0.9042,0.9042
537,0.9042,0.9042,0.9042,0.9042,0.9042,0.9042,0.9042,0.9042,0.9042,0.9042,0.9042,0.9042,0.9042
538,0.9042,0.9042,0.9042,0.9042,0.9042,0.9042,0.9042,0.9042,0.9042,0.9042,0.9042,0.9042,0.9042
539,0.9042,0.9042,0.9042,0.9042,0.9042,0.9042,0.9042,0.9042,0.9042,0.9042,0.9042,0.9042,0.9042
540,0.9042,0.9042,0.9042,0.9042,0.9042,0.9042,0.9042,0.9042,0.9042,0.9042,0.9042,0.9042,0.9042
541,0.9042,0.9042,0.9042,0.9042,0.9042,0.9042,0.9042,0.9042,0.9042,0.9042,0.9042,0.9042,0.9042
542,0.9042,0.9042,0.9042,0.9042,0.9042,0.9042,0.9042,0.9042,0.9042,0.9042,0.9042,0.9042,0.9042
543,0.9042,0.9042,0.9042,0.9042,0.9042,0.9042,0.9042,0.9042,0.9042,0.9042,0.9042,0.9042,0.9042
544,0.9042,0.9042,0.9042,0.9042,0.9042,0.9042,0.9042,0.9042,0.9042,0.9042,0.9042,0.9042,0.9042
545,0.9042,0.9042,0.9042,0.9042,0.9042,0.9042,0.9042,0.9042,0.9042,0.9042,0.9042,0.9042,0.9042
546,0.9042,0.9042,0.9042,0.9042,0.9042,0.9042,0.9042,0.9042,0.9042,0.9042,0.9042,0.9042,0.9042
547,0.9042,0.9042,0.9042,0.9042,0.9042,0.9042,0.9042,0.9042,0.9042,0.9042,0.9042,0.9042,0.9042
548,0.9042,0.9042,0.9042,0.9042,0.9042,0.9042,0.9042,0.9042,0.9042,0.9042,0.9042,0.9042,0.9042
549,0.9042,0.9042,0.9042,0.9042,0.9042,0.9042,0.9042,0.9042,0.9042,0.9042,0.9042,0.9042,0.9042
550,0.9042,0.9042,0.9042,0.9042,0.9042,0.9042,0.9042,0.9042,0.9042,0.9042,0.9042,0.9042,0.9042
551,0.9042,0.9042,0.9042,0.9042,0.9042,0.9042,0.9042,0.9042,0.9042,0.9042,0.9042,0.9042,0.9042
552,0.9042,0.9042,0.9042,0.9042,0.9042,0.9042,0.9042,0.9042,0.9042,0.9042,0.9042,0.9042,0.9042
553,0.9042,0.9042,0.9042,0.9042,0.9042,0.9042,0.9042,0.9042,0.9042,0.9042,0.9042,0.9042,0.9042
554,0.9042,0.9042,0.9042,0.9042,0.9042,0.9042,0.9042,0.9042,0.9042,0.9042,0.9042,0.9042,0.9042
555,0.9042,0.9042,0.9042,0.9042,0.9042,0.9042,0.9042,0.9042,0.9042,0.9042,0.9042,0.9042,0.9042
556,0.9042,0.9042,0.9042,0.9042,0.9042,0.9042,0.9042,0.9042,0.9042,0.9042,0.9042,0.9042,0.9042
557,0.9042,0.9042,0.9042,0.9042,0.9042,0.9042,0.9042,0.9042,0.9042,0.9042,0.9042,0.9042,0.9042
558,0.9042,0.9042,0.9042,0.9042,0.9042,0.9042,0.9042,0.9042,0.9042,0.9042,0.9042,0.9042,0.9042
559,0.9042,0.9042,0.9042,0.9042,0.9042,0.9042,0.9042,0.9042,0.9042,0.9042,0.9042,0.9042,0.9042
560,0.9042,0.9042,0.9042,0.9042,0.9042,0.9042,0.9042,0.9042,0.9042,0.9042,0.9042,0.9042,0.9042
561,0.9042,0.9042,0.9042,0.9042,0.9042,0.9042,0.9042,0.9042,0.9042,0.9042,0.9042,0.9042,0.9042
562,0.9042,0.9042,0.9042,0.9042,0.9042,0.9042,0.9042,0.9042,0.9042,0.9042,0.9042,0.9042,0.9042
563,0.9042,0.9042,0.9042,0.9042,0.9042,0.9042,0.9042,0.9042,0.9042,0.9042,0.9042,0.9042,0.9042
564,0.9042,0.9042,0.9042,0.9042,0.9042,0.9042,0.9042,0.9042,0.9042,0.9042,0.9042,0.9042,0.9042
565,0.9042,0.9042,0.9042,0.9042,0.9042,0.9042,0.9042,0.9042,0.9042,0.9042,0.9042,0.9042,0.9042
566,0.9042,0.9042,0.9042,0.9042,0.9042,0.9042,0.9042,0.9042,0.9042,0.9042,0.9042,0.9042,0.9042
567,0.9042,0.9042,0.9042,0.9042,0.9042,0.9042,0.9042,0.9042,0.9042,0.9042,0.9042,0.9042,0.9042
568,0.9042,0.9042,0.9042,0.9042,0.9042,0.9042,0.9042,0.9042,0.9042,0.9042,0.9042,0.9042,0.9042
569,0.9042,0.9042,0.9042,0.9042,0.9042,0.9042,0.9042,0.9042,0.9042,0.9042,0.9042,0.9042,0.9042
570,0.9042,0.9042,0.9042,0.9042,0.9042,0.9042,0.9042,0.9042,0.9042,0.9042,0.9042,0.9042,0.9042
571,0.9042,0.9042,0.9042,0.9042,0.9042,0.9042,0.9042,0.9042,0.9042,0.9042,0.9042,0.9042,0.9042
572,0.9042,0.9042,0.9042,0.9042,0.9042,0.9042,0.9042,0.9042,0.9042,0.9042,0.9042,0.9042,0.9042
573,0.9042,0.9042,0.9042,0.9042,0.9042,0.9042,0.9042,0.9042,0.9042,0.9042,0.9042,0.9042,0.9042
574,0.9042,0.9042,0.9042,0.9042,0.9042,0.9042,0.9042,0.9042,0.9042,0.9042,0.9042,0.9042,0.9042
575,0.9042,0.9042,0.9042,0.9042,0.9042,0.9042,0.9042,0.9042,0.9042,0.9042,0.9042,0.9042,0.9042
576,0.9042,0.9042,0.9042,0.9042,0.9042,0.9042,0.9042,0.9042,0.9042,0.9042,0.9042,0.9042,0.9042
577,0.9042,0.9042,0.9042,0.9042,0.9042,0.9042,0.9042,0.9042,0.9042,0.9042,0.9042,0.9042,0.9042
578,0.9042,0.9042,0.9042,0.9042,0.9042,0.9042,0.9042,0.9042,0.9042,0.9042,0.9042,0.9042,0.9042
579,0.9042,0.9042,0.9042,0.9042,0.9042,0.9042,0.9042,0.9042,0.9042,0.9042,0.9042,0.9042,0.9042
580,0.9042,0.9042,0.9042,0.9042,0.9042,0.9042,0.9042,0.9042,0.9042,0.9042,0.9042,0.9042,0.9042
581,0.9042,0.9042,0.9042,0.9042,0.9042,0.9042,0.9042,0.9042,0.9042,0.9042,0.9042,0.9042,0.9042
582,0.9042,0.9042,0.9042,0.9042,0.9042,0.9042,0.9042,0.9042,0.9042,0.9042,0.9042,0.9042,0.9042
583,0.9042,0.9042,0.9042,0.9042,0.9042,0.9042,0.9042,0.9042,0.9042,0.9042,0.9042,0.9042,0.9042
584,0.9042,0.9042,0.9042,0.9042,0.9042,0.9042,0.9042,0.9042,0.9042,0.9042,0.9042,0.9042,0.9042
585,0.9042,0.9042,0.9042,0.9042,0.9042,0.9042,0.9042,0.9042,0.9042,0.9042,0.9042,0.9042,0.9042
586,0.9042,0.9042,0.9042,0.9042,0.9042,0.9042,0.9042,0.9042,0.9042,0.9042,0.9042,0.9042,0.9042
587,0.9042,0.9042,0.9042,0.9042,0.9042,0.9042,0.9042,0.9042,0.9042,0.9042,0.9042,0.9042,0.9042
588,0.9042,0.9042,0.9042,0.9042,0.9042,0.9042,0.9042,0.9042,0.9042,0.9042,0.9042,0.9042,0.9042
589,0.9042,0.9042,0.9042,0.9042,0.9042,0.9042,0.9042,0.9042,0.9042,0.9042,0.9042,0.9042,0.9042
590,0.9042,0.9042,0.9042,0.9042,0.9042,0.9042,0.9042,0.9042,0.9042,0.9042,0.9042,0.9042,0.9042
591,0.9042,0.9042,0.9042,0.9042,0.9042,0.9042,0.9042,0.9042,0.9042,0.9042,0.9042,0.9042,0.9042
592,0.9042,0.9042,0.9042,0.9042,0.9042,0.9042,0.9042,0.9042,0.9042,0.9042,0.9042,0.9042,0.9042
593,0.9042,0.9042,0.9042,0.9042,0.9042,0.9042,0.9042,0.9042,0.9042,0.9042,0.9042,0.9042,0.9042
594,0.9042,0.9042,0.9042,0.9042,0.9042,0.9042,0.9042,0.9042,0.9042,0.9042,0.9042,0.9042,0.9042
595,0.9042,0.9042,0.9042,0.9042,0.9042,0.9042,0.9042,0.9042,0.9042,0.9042,0.9042,0.9042,0.9042
596,0.9042,0.9042,0.9042,0.9042,0.9042,0.9042,0.9042,0.9042,0.9042,0.9042,0.9042,0.9042,0.9042
597,0.9042,0.9042,0.9042,0.9042,0.9042,0.9042,0.9042,0.9042,0.9042,0.9042,0.9042,0.9042,0.9042
598,0.9042,0.9042,0.9042,0.9042,0.9042,0.9042,0.9042,0.9042,0.9042,0.9042,0.9042,0.9042,0.9042
599,0.9042,0.9042,0.9042,0.9042,0.9042,0.9042,0.9042,0.9042,0.9042,0.9042,0.9042,0.9042,0.9042
600,0.9042,0.9042,0.9042,0.9042,0.9042,0.9042,0.9042,0.9042,0.9042,0.9042,0.9042,0.9042,0.9042
601,0.9042,0.9042,0.9042,0.9042,0.9042,0.9042,0.9042,0.9042,0.9042,0.9042,0.9042,0.9042,0.9042
602,0.9042,0.9042,0.9042,0.9042,0.9042,0.9042,0.9042,0.9042,0.9042,0.9042,0.9042,0.9042,0.9042
603,0.9042,0.9042,0.9042,0.9042,0.9042,0.9042,0.9042,0.9042,0.9042,0.9042,0.9042,0.9042,0.9042
604,0.9042,0.9042,0.9042,0.9042,0.9042,0.9042,0.9042,0.9042,0.9042,0.9042,0.9042,0.9042,0.9042
605,0.9042,0.9042,0.9042,0.9042,0.9042,0.9042,0.9042,0.9042,0.9042,0.9042,0.9042,0.9042,0.9042
606,0.9042,0.9042,0.9042,0.9042,0.9042,0.9042,0.9042,0.9042,0.9042,0.9042,0.9042,0.9042,0.9042
607,0.9042,0.9042,0.9042,0.9042,0.9042,0.9042,0.9042,0.9042,0.9042,0.9042,0.9042,0.9042,0.9042
608,0.9042,0.9042,0.9042,0.9042,0.9042,0.9042,0.9042,0.9042,0.9042,0.9042,0.9042,0.9042,0.9042
609,0.9042,0.9042,0.9042,0.9042,0.9042,0.9042,0.9042,0.9042,0.9042,0.9042,0.9042,0.9042,0.9042
610,0.9042,0.9042,0.9042,0.9042,0.9042,0.9042,0.9042,0.9042,0.9042,0.9042,0.9042,0.9042,0.9042
611,0.9042,0.9042,0.9042,0.9042,0.9042,0.9042,0.9042,0.9042,0.9042,0.9042,0.9042,0.9042,0.9042
612,0.9042,0.9042,0.9042,0.9042,0.9042,0.9042,0.9042,0.9042,0.9042,0.9042,0.9042,0.9042,0.9042
1211,0.9042,0.9042,0.9042,0.9042,0.9042,0.9042,0.9042,0.9042,0.9042,0.9042,0.9042,0.9042,0.9042
1212,0.9042,0.9042,0.9042,0.9042,0.9042,0.9042,0.9042,0.9042,0.9042,0.9042,0.9042,0.9042,0.9042
1811,0.9042,0.9042,0.9042,0.9042,0.9042,0.9042,0.9042,0.9042,0.9042,0.9042,0.9042,0.9042,0.9042
1812,0.9042,0.9042,0.9042,0.9042,0.9042,0.9042,0.9042,0.9042,0.9042,0.9042,0.9042,0.9042,0.9042
2411,0.9042,0.9042,0.9042,0.9042,0.9042,0.9042,0.9042,0.9042,0.9042,0.9042,0.9042,0.9042,0.9042
2412,0.9042,0.9042,0.9042,0.9042,0.9042,0.9042,0.9042,0.9042,0.9042,0.9042,0.9042,0.9042,0.9042
3011,0.9042,0.9042,0.9042,0.9042,0.9042,0.9042,0.9042,0.9042,0.9042,0.9042,0.9042,0.9042,0.9042
3012,0.9042,0.9042,0.9042,0.9042,0.9042,0.9042,0.9042,0.9042,0.9042,0.9042,0.9042,0.9042,0.9042
3611,0.9042,0.9042,0.9042,0.9042,0.9042,0.9042,0.9042,0.9042,0.9042,0.9042,0.9042,0.9042,0.9042
3612,0.9042,0.9042,0.9042,0.9042,0.9042,0.9042,0.9042,0.9042,0.9042,0.9042,0.9042,0.9042,0.9042
4211,0.9042,0.9042,0.9042,0.9042,0.9042,0.9042,0.9042,0.9042,0.9042,0.9042,0.9042,0.9042,0.9042
4212,0.9042,0.9042,0.9042,0.9042,0.9042,0.9042,0.9042,0.9042,0.9042,0.9042,0.9042,0.9042,0.9042
4811,0.9042,0.9042,0.9042,0.9042,0.9042,0.9042,0.9042,0.9042,0.9042,0.9042,0.9042,0.9042,0.9042
4812,0.9042,0.9042,0.9042,0.9042,0.9042,0.9042,0.9042,0.9042,0.9042,0.9042,0.9042,0.9042,0.9042
5411,0.9042,0.9042,0.9042,0.9042,0.9042,0.9042,0.9042,0.9042,0.9042,0.9042,0.9042,0.9042,0.9042
5412,0.9042,0.9042,0.9042,0.9042,0.9042,0.9042,0.9042,0.9042,0.9042,0.9042,0.9042,0.9042,0.9042
6011,0.9042,0.9042,0.9042,0.9042,0.9042,0.9042,0.9042,0.9042,0.9042,0.9042,0.9042,0.9042,0.9042
6012,0.9042,0.9042,0.9042,0.9042,0.9042,0.9042,0.9042,0.9042,0.9042,0.9042,0.9042,0.9042,0.9042
6611,0.9042,0.9042,0.9042,0.9042,0.9042,0.9042,0.9042,0.9042,0.9042,0.9042,0.9042,0.9042,0.9042
6612,0.9042,0.9042,0.9042,0.9042,0.9042,0.9042,0.9042,0.9042,0.9042,0.9042,0.9042,0.9042,0.9042
7211,0.9042,0.9042,0.9042,0.9042,0.9042,0.9042,0.9042,0.9042,0.9042,0.9042,0.9042,0.9042,0.9042
7212,0.9042,0.9042,0.9042,0.9042,0.9042,0.9042,0.9042,0.9042,0.9042,0.9042,0.9042,0.9042,0.9042
7811,0.9042,0.9042,0.9042,0.9042,0.9042,0.9042,0.9042,0.9042,0.9042,0.9042,0.9042,0.9042,0.9042
7812,0.9042,0.9042,0.9042,0.9042,0.9042,0.9042,0.9042,0.9042,0.9042,0.9042,0.9042,0.9042,0.9042
8411,0.9042,0.9042,0.9042,0.9042,0.9042,0.9042,0.9042,0.9042,0.9042,0.9042,0.9042,0.9042,0.9042
8412,0.9042,0.9042,0.9042,0.9042,0.9042,0.9042,0.9042,0.9042,0.9042,0.9042,0.9042,0.9042,0.9042
9011,0.9042,0.9042,0.9042,0.9042,0.9042,0.9042,0.9042,0.9042,0.9042,0.9042,0.9042,0.9042,0.9042
9012,0.9042,0.9042,0.9042,0.9042,0.9042,0.9042,0.9042,0.9042,0.9042,0.9042,0.9042,0.9042,0.9042
9611,0.9042,0.9042,0.9042,0.9042,0.9042,0.9042,0.9042,0.9042,0.9042,0.9042,0.9042,0.9042,0.9042
9612,0.9042,0.9042,0.9042,0.9042,0.9042,0.9042,0.9042,0.9042,0.9042,0.9042,0.9042,0.9042,0.9042
10211,0.9042,0.9042,0.9042,0.9042,0.9042,0.9042,0.9042,0.9042,0.9042,0.9042,0.9042,0.9042,0.9042
10212,0.9042,0.9042,0.9042,0.9042,0.9042,0.9042,0.9042,0.9042,0.9042,0.9042,0.9042,0.9042,0.9042
10811,0.9042,0.9042,0.9042,0.9042,0.9042,0.9042,0.9042,0.9042,0.9042,0.9042,0.9042,0.9042,0.9042
10812,0.9042,0.9042,0.9042,0.9042,0.9042,0.9042,0.9042,0.9042,0.9042,0.9042,0.9042,0.9042,0.9042
11411,0.9042,0.9042,0.9042,0.9042,0.9042,0.9042,0.9042,0.9042,0.9042,0.9042,0.9042,0.9042,0.9042
11412,0.9042,0.9042,0.9042,0.9042,0.9042,0.9042,0.9042,0.9042,0.9042,0.9042,0.9042,0.9042,0.9042
12011,0.9042,0.9042,0.9042,0.9042,0.9042,0.9042,0.9042,0.9042,0.9042,0.9042,0.9042,0.9042,0.9042
12012,0.9042,0.9042,0.9042,0.9042,0.9042,0.9042,0.9042,0.9042,0.9042,0.9042,0.9042,0.9042,0.9042
12611,0.9042,0.9042,0.9042,0.9042,0.9042,0.9042,0.9042,0.9042,0.9042,0.9042,0.9042,0.9042,0.9042
12612,0.9042,0.9042,0.9042,0.9042,0.9042,0.9042,0.9042,0.9042,0.9042,0.9042,0.9042,0.9042,0.9042
13211,0.9042,0.9042,0.9042,0.9042,0.9042,0.9042,0.9042,0.9042,0.9042,0.9042,0.9042,0.9042,0.9042
13212,0.9042,0.9042,0.9042,0.9042,0.9042,0.9042,0.9042,0.9042,0.9042,0.9042,0.9042,0.9042,0.9042
13811,0.9042,0.9042,0.9042,0.9042,0.9042,0.9042,0.9042,0.9042,0.9042,0.9042,0.9042,0.9042,0.9042
13812,0.9042,0.9042,0.9042,0.9042,0.9042,0.9042,0.9042,0.9042,0.9042,0.9042,0.9042,0.9042,0.9042
14411,0.9042,0.9042,0.9042,0.9042,0.9042,0.9042,0.9042,0.9042,0.9042,0.9042,0.9042,0.9042,0.9042
14412,0.9042,0.9042,0.9042,0.9042,0.9042,0.9042,0.9042,0.9042,0.9042,0.9042,0.9042,0.9042,0.9042
15011,0.9042,0.9042,0.9042,0.9042,0.9042,0.9042,0.9042,0.9042,0.9042,0.9042,0.9042,0.9042,0.9042
15012,0.9042,0.9042,0.9042,0.9042,0.9042,0.9042,0.9042,0.9042,0.9042,0.9042,0.9042,0.9042,0.9042
15611,0.9042,0.9042,0.9042,0.9042,0.9042,0.9042,0.9042,0.9042,0.9042,0.9042,0.9042,0.9042,0.9042
15612,0.9042,0.9042,0.9042,0.9042,0.9042,0.9042,0.9042,0.9042,0.9042,0.9042,0.9042,0.9042,0.9042
16211,0.9042,0.9042,0.9042,0.9042,0.9042,0.9042,0.9042,0.9042,0.9042,0.9042,0.9042,0.9042,0.9042
16212,0.9042,0.9042,0.9042,0.9042,0.9042,0.9042,0.9042,0.9042,0.9042,0.9042,0.9042,0.9042,0.9042
16811,0.9042,0.9042,0.9042,0.9042,0.9042,0.9042,0.9042,0.9042,0.9042,0.9042,0.9042,0.9042,0.9042
16812,0.9042,0.9042,0.9042,0.9042,0.9042,0.9042,0.9042,0.9042,0.9042,0.9042,0.9042,0.9042,0.9042
17411,0.9042,0.9042,0.9042,0.9042,0.9042,0.9042,0.9042,0.9042,0.9042,0.9042,0.9042,0.9042,0.9042
17412,0.9042,0.9042,0.9042,0.9042,0.9042,0.9042,0.9042,0.9042,0.9042,0.9042,0.9042,0.9042,0.9042
18011,0.9042,0.9042,0.9042,0.9042,0.9042,0.9042,0.9042,0.9042,0.9042,0.9042,0.9042,0.9042,0.9042
18012,0.9042,0.9042,0.9042,0.9042,0.9042,0.9042,0.9042,0.9042,0.9042,0.9042,0.9042,0.9042,0.9042
18611,0.9042,0.9042,0.9042,0.9042,0.9042,0.9042,0.9042,0.9042,0.9042,0.9042,0.9042,0.9042,0.9042
18612,0.9042,0.9042,0.9042,0.9042,0.9042,0.9042,0.9042,0.9042,0.9042,0.9042,0.9042,0.9042,0.9042
19211,0.9042,0.9042,0.9042,0.9042,0.9042,0.9042,0.9042,0.9042,0.9042,0.9042,0.9042,0.9042,0.9042
19212,0.9042,0.9042,0.9042,0.9042,0.9042,0.9042,0.9042,0.9042,0.9042,0.9042,0.9042,0.9042,0.9042
19811,0.9042,0.9042,0.9042,0.9042,0.9042,0.9042,0.9042,0.9042,0.9042,0.9042,0.9042,0.9042,0.9042
19812,0.9042,0.9042,0.9042,0.9042,0.9042,0.9042,0.9042,0.9042,0.9042,0.9042,0.9042,0.9042,0.9042
20411,0.9042,0.9042,0.9042,0.9042,0.9042,0.9042,0.9042,0.9042,0.9042,0.9042,0.9042,0.9042,0.9042
20412,0.9042,0.9042,0.9042,0.9042,0.9042,0.9042,0.9042,0.9042,0.9042,0.9042,0.9042,0.9042,0.9042
21011,0.9042,0.9042,0.9042,0.9042,0.9042,0.9042,0.9042,0.9042,0.9042,0.9042,0.9042,0.9042,0.9042
21012,0.9042,0.9042,0.9042,0.9042,0.9042,0.9042,0.9042,0.9042,0.9042,0.9042,0.9042,0.9042,0.9042
21611,0.9042,0.9042,0.9042,0.9042,0.9042,0.9042,0.9042,0.9042,0.9042,0.9042,0.9042,0.9042,0.9042
21612,0.9042,0.9042,0.9042,0.9042,0.9042,0.9042,0.9042,0.9042,0.9042,0.9042,0.9042,0.9042,0.9042
22211,0.9042,0.9042,0.9042,0.9042,0.9042,0.9042,0.9042,0.9042,0.9042,0.9042,0.9042,0.9042,0.9042
22212,0.9042,0.9042,0.9042,0.9042,0.9042,0.9042,0.9042,0.9042,0.9042,0.9042,0.9042,0.9042,0.9042
22811,0.9042,0.9042,0.9042,0.9042,0.9042,0.9042,0.9042,0.9042,0.9042,0.9042,0.9042,0.9042,0.9042
22812,0.9042,0.9042,0.9042,0.9042,0.9042,0.9042,0.9042,0.9042,0.9042,0.9042,0.9042,0.9042,0.9042
23411,0.9042,0.9042,0.9042,0.9042,0.9042,0.9042,0.9042,0.9042,0.9042,0.9042,0.9042,0.9042,0.9042
23412,0.9042,0.9042,0.9042,0.9042,0.9042,0.9042,0.9042,0.9042,0.9042,0.9042,0.9042,0.9042,0.9042
24011,0.9042,0.9042,0.9042,0.9042,0.9042,0.9042,0.9042,0.9042,0.9042,0.9042,0.9042,0.9042,0.9042
24012,0.9042,0.9042,0.9042,0.9042,0.9042,0.9042,0.9042,0.9042,0.9042,0.9042,0.9042,0.9042,0.9042
24611,0.9042,0.9042,0.9042,0.9042,0.9042,0.9042,0.9042,0.9042,0.9042,0.9042,0.9042,0.9042,0.9042
24612,0.9042,0.9042,0.9042,0.9042,0.9042,0.9042,0.9042,0.9042,0.9042,0.9042,0.9042,0.9042,0.9042
25211,0.9042,0.9042,0.9042,0.9042,0.9042,0.9042,0.9042,0.9042,0.9042,0.9042,0.9042,0.9042,0.9042
25212,0.9042,0.9042,0.9042,0.9042,0.9042,0.9042,0.9042,0.9042,0.9042,0.9042,0.9042,0.9042,0.9042
25811,0.9042,0.9042,0.9042,0.9042,0.9042,0.9042,0.9042,0.9042,0.9042,0.9042,0.9042,0.9042,0.9042
25812,0.9042,0.9042,0.9042,0.9042,0.9042,0.9042,0.9042,0.9042,0.9042,0.9042,0.9042,0.9042,0.9042
26411,0.9042,0.9042,0.9042,0.9042,0.9042,0.9042,0.9042,0.9042,0.9042,0.9042,0.9042,0.9042,0.9042
26412,0.9042,0.9042,0.9042,0.9042,0.9042,0.9042,0.9042,0.9042,0.9042,0.9042,0.9042,0.9042,0.9042
27011,0.9042,0.9042,0.9042,0.9042,0.9042,0.9042,0.9042,0.9042,0.9042,0.9042,0.9042,0.9042,0.9042
27012,0.9042,0.9042,0.9042,0.9042,0.9042,0.9042,0.9042,0.9042,0.9042,0.9042,0.9042,0.9042,0.9042
27611,0.9042,0.9042,0.9042,0.9042,0.9042,0.9042,0.9042,0.9042,0.9042,0.9042,0.9042,0.9042,0.9042
27612,0.9042,0.9042,0.9042,0.9042,0.9042,0.9042,0.9042,0.9042,0.9042,0.9042,0.9042,0.9042,0.9042
28211,0.9042,0.9042,0.9042,0.9042,0.9042,0.9042,0.9042,0.9042,0.9042,0.9042,0.9042,0.9042,0.9042
28212,0.9042,0.9042,0.9042,0.9042,0.9042,0.9042,0.9042,0.9042,0.9042,0.9042,0.9042,0.9042,0.9042
28811,0.9042,0.9042,0.9042,0.9042,0.9042,0.9042,0.9042,0.9042,0.9042,0.9042,0.9042,0.9042,0.9042
28812,0.9042,0.9042,0.9042,0.9042,0.9042,0.9042,0.9042,0.9042,0.9042,0.9042,0.9042,0.9042,0.9042
29411,0.9042,0.9042,0.9042,0.9042,0.9042,0.9042,0.9042,0.9042,0.9042,0.9042,0.9042,0.9042,0.9042
29412,0.9042,0.9042,0.9042,0.9042,0.9042,0.9042,0.9042,0.9042,0.9042,0.9042,0.9042,0.9042,0.9042
30011,0.9042,0.9042,0.9042,0.9042,0.9042,0.9042,0.9042,0.9042,0.9042,0.9042,0.9042,0.9042,0.9042
30012,0.9042,0.9042,0.9042,0.9042,0.9042,0.9042,0.9042,0.9042,0.9042,0.9042,0.9042,0.9042,0.9042
30611,0.9042,0.9042,0.9042,0.9042,0.9042,0.9042,0.9042,0.9042,0.9042,0.9042,0.9042,0.9042,0.9042
30612,0.9042,0.9042,0.9042,0.9042,0.9042,0.9042,0.9042,0.9042,0.9042,0.9042,0.9042,0.9042,0.9042
31211,0.9042,0.9042,0.9042,0.9042,0.9042,0.9042,0.9042,0.9042,0.9042,0.9042,0.9042,0.9042,0.9042
31212,0.9042,0.9042,0.9042,0.9042,0.9042,0.9042,0.9042,0.9042,0.9042,0.9042,0.9042,0.9042,0.9042
31811,0.9042,0.9042,0.9042,0.9042,0.9042,0.9042,0.9042,0.9042,0.9042,0.9042,0.9042,0.9042,0.9042
31812,0.9042,0.9042,0.9042,0.9042,0.9042,0.9042,0.9042,0.9042,0.9042,0.9042,0.9042,0.9042,0.9042
32411,0.9042,0.9042,0.9042,0.9042,0.9042,0.9042,0.9042,0.9042,0.9042,0.9042,0.9042,0.9042,0.9042
32412,0.9042,0.9042,0.9042,0.9042,0.9042,0.9042,0.9042,0.9042,0.9042,0.9042,0.9042,0.9042,0.9042
33011,0.9042,0.9042,0.9042,0.9042,0.9042,0.9042,0.9042,0.9042,0.9042,0.9042,0.9042,0.9042,0.9042
33012,0.9042,0.9042,0.9042,0.9042,0.9042,0.9042,0.9042,0.9042,0.9042,0.9042,0.9042,0.9042,0.9042
33611,0.9042,0.9042,0.9042,0.9042,0.9042,0.9042,0.9042,0.9042,0.9042,0.9042,0.9042,0.9042,0.9042
33612,0.9042,0.9042,0.9042,0.9042,0.9042,0.9042,0.9042,0.9042,0.9042,0.9042,0.9042,0.9042,0.9042
34211,0.9042,0.9042,0.9042,0.9042,0.9042,0.9042,0.9042,0.9042,0.9042,0.9042,0.9042,0.9042,0.9042
34212,0.9042,0.9042,0.9042,0.9042,0.9042,0.9042,0.9042,0.9042,0.9042,0.9042,0.9042,0.9042,0.9042
34811,0.9042,0.9042,0.9042,0.9042,0.9042,0.9042,0.9042,0.9042,0.9042,0.9042,0.9042,0.9042,0.9042
34812,0.9042,0.9042,0.9042,0.9042,0.9042,0.9042,0.9042,0.9042,0.9042,0.9042,0.9042,0.9042,0.9042
35411,0.9042,0.9042,0.9042,0.9042,0.9042,0.9042,0.9042,0.9042,0.9042,0.9042,0.9042,0.9042,0.9042
35412,0.9042,0.9042,0.9042,0.9042,0.9042,0.9042,0.9042,0.9042,0.9042,0.9042,0.9042,0.9042,0.9042
36011,0.9042,0.9042,0.9042,0.9042,0.9042,0.9042,0.9042,0.9042,0.9042,0.9042,0.9042,0.9042,0.9042
36012,0.9042,0.9042,0.9042,0.9042,0.9042,0.9042,0.9042,0.9042,0.9042,0.9042,0.9042,0.9042,0.9042
36611,0.9042,0.9042,0.9042,0.9042,0.9042,0.9042,0.9042,0.9042,0.9042,0.9042,0.9042,0.9042,0.9042
36612,0.9042,0.9042,0.9042,0.9042,0.9042,0.9042,0.9042,0.9042,0.9042,0.9042,0.9042,0.9042,0.9042
37211,0.9042,0.9042,0.9042,0.9042,0.9042,0.9042,0.9042,0.9042,0.9042,0.9042,0.9042,0.9042,0.9042
37212,0.9042,0.9042,0.9042,0.9042,0.9042,0.9042,0.9042,0.9042,0.9042,0.9042,0.9042,0.9042,0.9042
37811,0.9042,0.9042,0.9042,0.9042,0.9042,0.9042,0.9042,0.9042,0.9042,0.9042,0.9042,0.9042,0.9042
37812,0.9042,0.9042,0.9042,0.9042,0.9042,0.9042,0.9042,0.9042,0.9042,0.9042,0.9042,0.9042,0.9042
38411,0.9042,0.9042,0.9042,0.9042,0.9042,0.9042,0.9042,0.9042,0.9042,0.9042,0.9042,0.9042,0.9042
38412,0.9042,0.9042,0.9042,0.9042,0.9042,0.9042,0.9042,0.9042,0.9042,0.9042,0.9042,0.9042,0.9042
39011,0.9042,0.9042,0.9042,0.9042,0.9042,0.9042,0.9042,0.9042,0.9042,0.9042,0.9042,0.9042,0.9042
39012,0.9042,0.9042,0.9042,0.9042,0.9042,0.9042,0.9042,0.9042,0.9042,0.9042,0.9042,0.9042,0.9042
39611,0.9042,0.9042,0.9042,0.9042,0.9042,0.9042,0.9042,0.9042,0.9042,0.9042,0.9042,0.9042,0.9042
39612,0.9042,0.9042,0.9042,0.9042,0.9042,0.9042,0.9042,0.9042,0.9042,0.9042,0.9042,0.9042,0.9042
40211,0.9042,0.9042,0.9042,0.9042,0.9042,0.9042,0.9042,0.9042,0.9042,0.9042,0.9042,0.9042,0.9042
40212,0.9042,0.9042,0.9042,0.9042,0.9042,0.9042,0.9042,0.9042,0.9042,0.9042,0.9042,0.9042,0.9042
40811,0.9042,0.9042,0.9042,0.9042,0.9042,0.9042,0.9042,0.9042,0.9042,0.9042,0.9042,0.9042,0.9042
40812,0.9042,0.9042,0.9042,0.9042,0.9042,0.9042,0.9042,0.9042,0.9042,0.9042,0.9042,0.9042,0.9042
41411,0.9042,0.9042,0.9042,0.9042,0.9042,0.9042,0.9042,0.9042,0.9042,0.9042,0.9042,0.9042,0.9042
41412,0.9042,0.9042,0.9042,0.9042,0.9042,0.9042,0.9042,0.9042,0.9042,0.9042,0.9042,0.9042,0.9042
42011,0.9042,0.9042,0.9042,0.9042,0.9042,0.9042,0.9042,0.9042,0.9042,0.9042,0.9042,0.9042,0.9042
42012,0.9042,0.9042,0.9042,0.9042,0.9042,0.9042,0.9042,0.9042,0.9042,0.9042,0.9042,0.9042,0.9042
42611,0.9042,0.9042,0.9042,0.9042,0.9042,0.9042,0.9042,0.9042,0.9042,0.9042,0.9042,0.9042,0.9042
42612,0.9042,0.9042,0.9042,0.9042,0.9042,0.9042,0.9042,0.9042,0.9042,0.9042,0.9042,0.9042,0.9042
43211,0.9042,0.9042,0.9042,0.9042,0.9042,0.9042,0.9042,0.9042,0.9042,0.9042,0.9042,0.9042,0.9042
43212,0.9042,0.9042,0.9042,0.9042,0.9042,0.9042,0.9042,0.9042,0.9042,0.9042,0.9042,0.9042,0.9042
43811,0.9042,0.9042,0.9042,0.9042,0.9042,0.9042,0.9042,0.9042,0.9042,0.9042,0.9042,0.9042,0.9042
43812,0.9042,0.9042,0.9042,0.9042,0.9042,0.9042,0.9042,0.9042,0.9042,0.9042,0.9042,0.9042,0.9042
44411,0.9042,0.9042,0.9042,0.9042,0.9042,0.9042,0.9042,0.9042,0.9042,0.9042,0.9042,0.9042,0.9042
44412,0.9042,0.9042,0.9042,0.9042,0.9042,0.9042,0.9042,0.9042,0.9042,0.9042,0.9042,0.9042,0.9042
45011,0.9042,0.9042,0.9042,0.9042,0.9042,0.9042,0.9042,0.9042,0.9042,0.9042,0.9042,0.9042,0.9042
45012,0.9042,0.9042,0.9042,0.9042,0.9042,0.9042,0.9042,0.9042,0.9042,0.9042,0.9042,0.9042,0.9042
45611,0.9042,0.9042,0.9042,0.9042,0.9042,0.9042,0.9042,0.9042,0.9042,0.9042,0.9042,0.9042,0.9042
45612,0.9042,0.9042,0.9042,0.9042,0.9042,0.9042,0.9042,0.9042,0.9042,0.9042,0.9042,0.9042,0.9042
46211,0.9042,0.9042,0.9042,0.9042,0.9042,0.9042,0.9042,0.9042,0.9042,0.9042,0.9042,0.9042,0.9042
46212,0.9042,0.9042,0.9042,0.9042,0.9042,0.9042,0.9042,0.9042,0.9042,0.9042,0.9042,0.9042,0.9042
46811,0.9042,0.9042,0.9042,0.9042,0.9042,0.9042,0.9042,0.9042,0.9042,0.9042,0.9042,0.9042,0.9042
46812,0.9042,0.9042,0.9042,0.9042,0.9042,0.9042,0.9042,0.9042,0.9042,0.9042,0.9042,0.9042,0.9042
47411,0.9042,0.9042,0.9042,0.9042,0.9042,0.9042,0.9042,0.9042,0.9042,0.9042,0.9042,0.9042,0.9042
47412,0.9042,0.9042,0.9042,0.9042,0.9042,0.9042,0.9042,0.9042,0.9042,0.9042,0.9042,0.9042,0.9042
48011,0.9042,0.9042,0.9042,0.9042,0.9042,0.9042,0.9042,0.9042,0.9042,0.9042,0.9042,0.9042,0.9042
48012,0.9042,0.9042,0.9042,0.9042,0.9042,0.9042,0.9042,0.9042,0.9042,0.9042,0.9042,0.9042,0.9042
48611,0.9042,0.9042,0.9042,0.9042,0.9042,0.9042,0.9042,0.9042,0.9042,0.9042,0.9042,0.9042,0.9042
48612,0.9042,0.9042,0.9042,0.9042,0.9042,0.9042,0.9042,0.9042,0.9042,0.9042,0.9042,0.9042,0.9042
49211,0.9042,0.9042,0.9042,0.9042,0.9042,0.9042,0.9042,0.9042,0.9042,0.9042,0.9042,0.9042,0.9042
49212,0.9042,0.9042,0.9042,0.9042,0.9042,0.9042,0.9042,0.9042,0.9042,0.9042,0.9042,0.9042,0.9042
49811,0.9042,0.9042,0.9042,0.9042,0.9042,0.9042,0.9042,0.9042,0.9042,0.9042,0.9042,0.9042,0.9042
49812,0.9042,0.9042,0.9042,0.9042,0.9042,0.9042,0.9042,0.9042,0.9042,0.9042,0.9042,0.9042,0.9042
50411,0.9042,0.9042,0.9042,0.9042,0.9042,0.9042,0.9042,0.9042,0.9042,0.9042,0.9042,0.9042,0.9042
50412,0.9042,0.9042,0.9042,0.9042,0.9042,0.9042,0.9042,0.9042,0.9042,0.9042,0.9042,0.9042,0.9042
51011,0.9042,0.9042,0.9042,0.9042,0.9042,0.9042,0.9042,0.9042,0.9042,0.9042,0.9042,0.9042,0.9042
51012,0.9042,0.9042,0.9042,0.9042,0.9042,0.9042,0.9042,0.9042,0.9042,0.9042,0.9042,0.9042,0.9042
51611,0.9042,0.9042,0.9042,0.9042,0.9042,0.9042,0.9042,0.9042,0.9042,0.9042,0.9042,0.9042,0.9042
51612,0.9042,0.9042,0.9042,0.9042,0.9042,0.9042,0.9042,0.9042,0.9042,0.9042,0.9042,0.9042,0.9042
52211,0.9042,0.9042,0.9042,0.9042,0.9042,0.9042,0.9042,0.9042,0.9042,0.9042,0.9042,0.9042,0.9042
52212,0.9042,0.9042,0.9042,0.9042,0.9042,0.9042,0.9042,0.9042,0.9042,0.9042,0.9042,0.9042,0.9042
52811,0.9042,0.9042,0.9042,0.9042,0.9042,0.9042,0.9042,0.9042,0.9042,0.9042,0.9042,0.9042,0.9042
52812,0.9042,0.9042,0.9042,0.9042,0.9042,0.9042,0.9042,0.9042,0.9042,0.9042,0.9042,0.9042,0.9042
53411,0.9042,0.9042,0.9042,0.9042,0.9042,0.9042,0.9042,0.9042,0.9042,0.9042,0.9042,0.9042,0.9042
53412,0.9042,0.9042,0.9042,0.9042,0.9042,0.9042,0.9042,0.9042,0.9042,0.9042,0.9042,0.9042,0.9042
54011,0.9042,0.9042,0.9042,0.9042,0.9042,0.9042,0.9042,0.9042,0.9042,0.9042,0.9042,0.9042,0.9042
54012,0.9042,0.9042,0.9042,0.9042,0.9042,0.9042,0.9042,0.9042,0.9042,0.9042,0.9042,0.9042,0.9042
54611,0.9042,0.9042,0.9042,0.9042,0.9042,0.9042,0.9042,0.9042,0.9042,0.9042,0.9042,0.9042,0.9042
54612,0.9042,0.9042,0.9042,0.9042,0.9042,0.9042,0.9042,0.9042,0.9042,0.9042,0.9042,0.9042,0.9042
55211,0.9042,0.9042,0.9042,0.9042,0.9042,0.9042,0.9042,0.9042,0.9042,0.9042,0.9042,0.9042,0.9042
55212,0.9042,0.9042,0.9042,0.9042,0.9042,0.9042,0.9042,0.9042,0.9042,0.9042,0.9042,0.9042,0.9042
55811,0.9042,0.9042,0.9042,0.9042,0.9042,0.9042,0.9042,0.9042,0.9042,0.9042,0.9042,0.9042,0.9042
55812,0.9042,0.9042,0.9042,0.9042,0.9042,0.9042,0.9042,0.9042,0.9042,0.9042,0.9042,0.9042,0.9042
56411,0.9042,0.9042,0.9042,0.9042,0.9042,0.9042,0.9042,0.9042,0.9042,0.9042,0.9042,0.9042,0.9042
56412,0.9042,0.9042,0.9042,0.9042,0.9042,0.9042,0.9042,0.9042,0.9042,0.9042,0.9042,0.9042,0.9042
57011,0.9042,0.9042,0.9042,0.9042,0.9042,0.9042,0.9042,0.9042,0.9042,0.9042,0.9042,0.9042,0.9042
57012,0.9042,0.9042,0.9042,0.9042,0.9042,0.9042,0.9042,0.9042,0.9042,0.9042,0.9042,0.9042,0.9042
57611,0.9042,0.9042,0.9042,0.9042,0.9042,0.9042,0.9042,0.9042,0.9042,0.9042,0.9042,0.9042,0.9042
57612,0.9042,0.9042,0.9042,0.9042,0.9042,0.9042,0.9042,0.9042,0.9042,0.9042,0.9042,0.9042,0.9042
58211,0.9042,0.9042,0.9042,0.9042,0.9042,0.9042,0.9042,0.9042,0.9042,0.9042,0.9042,0.9042,0.9042
58212,0.9042,0.9042,0.9042,0.9042,0.9042,0.9042,0.9042,0.9042,0.9042,0.9042,0.9042,0.9042,0.9042
58811,0.9042,0.9042,0.9042,0.9042,0.9042,0.9042,0.9042,0.9042,0.9042,0.9042,0.9042,0.9042,0.9042
58812,0.9042,0.9042,0.9042,0.9042,0.9042,0.9042,0.9042,0.9042,0.9042,0.9042,0.9042,0.9042,0.9042
59411,0.9042,0.9042,0.9042,0.9042,0.9042,0.9042,0.9042,0.9042,0.9042,0.9042,0.9042,0.9042,0.9042
59412,0.9042,0.9042,0.9042,0.9042,0.9042,0.9042,0.9042,0.9042,0.9042,0.9042,0.9042,0.9042,0.9042
60011,0.9042,0.9042,0.9042,0.9042,0.9042,0.9042,0.9042,0.9042,0.9042,0.9042,0.9042,0.9042,0.9042
60012,0.9042,0.9042,0.9042,0.9042,0.9042,0.9042,0.9042,0.9042,0.9042,0.9042,0.9042,0.9042,0.9042
60611,0.9042,0.9042,0.9042,0.9042,0.9042,0.9042,0.9042,0.9042,0.9042,0.9042,0.9042,0.9042,0.9042
60612,0.9042,0.9042,0.9042,0.9042,0.9042,0.9042,0.9042,0.9042,0.9042,0.9042,0.9042,0.9042,0.9042
61211,0.9042,0.9042,0.9042,0.9042,0.9042,0.9042,0.9042,0.9042,0.9042,0.9042,0.9042,0.9042,0.9042
61212,0.9042,0.9042,0.9042,0.9042,0.9042,0.9042,0.9042,0.9042,0.9042,0.9042,0.9042,0.9042,0.9042
61811,0.9042,0.9042,0.9042,0.9042,0.9042,0.9042,0.9042,0.9042,0.9042,0.9042,0.9042,0.9042,0.9042
61812,0.9042,0.9042,0.9042,0.9042,0.9042,0.9042,0.9042,0.9042,0.9042,0.9042,0.9042,0.9042,0.9042
62412,0.9042,0.9042,0.9042,0.9042,0.9042,0.9042,0.9042,0.9042,0.9042,0.9042,0.9042,0.9042,0.9042
63012,0.9042,0.9042,0.9042,0.9042,0.9042,0.9042,0.9042,0.9042,0.9042,0.9042,0.9042,0.9042,0.9042
63612,0.9042,0.9042,0.9042,0.9042,0.9042,0.9042,0.9042,0.9042,0.9042,0.9042,0.9042,0.9042,0.9042
64212,0.9042,0.9042,0.9042,0.9042,0.9042,0.9042,0.9042,0.9042,0.9042,0.9042,0.9042,0.9042,0.9042
64812,0.9042,0.9042,0.9042,0.9042,0.9042,0.9042,0.9042,0.9042,0.9042,0.9042,0.9042,0.9042,0.9042
65412,0.9042,0.9042,0.9042,0.9042,0.9042,0.9042,0.9042,0.9042,0.9042,0.9042,0.9042,0.9042,0.9042
66012,0.9042,0.9042,0.9042,0.9042,0.9042,0.9042,0.9042,0.9042,0.9042,0.9042,0.9042,0.9042,0.9042
66612,0.9042,0.9042,0.9042,0.9042,0.9042,0.9042,0.9042,0.9042,0.9042,0.9042,0.9042,0.9042,0.9042
67212,0.9042,0.9042,0.9042,0.9042,0.9042,0.9042,0.9042,0.9042,0.9042,0.9042,0.9042,0.9042,0.9042
67812,0.9042,0.9042,0.9042,0.9042,0.9042,0.9042,0.9042,0.9042,0.9042,0.9042,0.9042,0.9042,0.9042
68412,0.9042,0.9042,0.9042,0.9042,0.9042,0.9042,0.9042,0.9042,0.9042,0.9042,0.9042,0.9042,0.9042
69012,0.9042,0.9042,0.9042,0.9042,0.9042,0.9042,0.9042,0.9042,0.9042,0.9042,0.9042,0.9042,0.9042
69612,0.9042,0.9042,0.9042,0.9042,0.9042,0.9042,0.9042,0.9042,0.9042,0.9042,0.9042,0.9042,0.9042
70212,0.9042,0.9042,0.9042,0.9042,0.9042,0.9042,0.9042,0.9042,0.9042,0.9042,0.9042,0.9042,0.9042
70812,0.9042,0.9042,0.9042,0.9042,0.9042,0.9042,0.9042,0.9042,0.9042,0.9042,0.9042,0.9042,0.9042
71412,0.9042,0.9042,0.9042,0.9042,0.9042,0.9042,0.9042,0.9042,0.9042,0.9042,0.9042,0.9042,0.9042
72012,0.9042,0.9042,0.9042,0.9042,0.9042,0.9042,0.9042,0.9042,0.9042,0.9042,0.9042,0.9042,0.9042
72612,0.9042,0.9042,0.9042,0.9042,0.9042,0.9042,0.9042,0.9042,0.9042,0.9042,0.9042,0.9042,0.9042
72613,0.9042,0.9042,0.9042,0.9042,0.9042,0.9042,0.9042,0.9042,0.9042,0.9042,0.9042,0.9042,0.9042
73212,0.9042,0.9042,0.9042,0.9042,0.9042,0.9042,0.9042,0.9042,0.9042,0.9042,0.9042,0.9042,0.9042
73213,0.9042,0.9042,0.9042,0.9042,0.9042,0.9042,0.9042,0.9042,0.9042,0.9042,0.9042,0.9042,0.9042
73812,0.9042,0.9042,0.9042,0.9042,0.9042,0.9042,0.9042,0.9042,0.9042,0.9042,0.9042,0.9042,0.9042
73813,0.9042,0.9042,0.9042,0.9042,0.9042,0.9042,0.9042,0.9042,0.9042,0.9042,0.9042,0.9042,0.9042
74412,0.9042,0.9042,0.9042,0.9042,0.9042,0.9042,0.9042,0.9042,0.9042,0.9042,0.9042,0.9042,0.9042
74413,0.9042,0.9042,0.9042,0.9042,0.9042,0.9042,0.9042,0.9042,0.9042,0.9042,0.9042,0.9042,0.9042
75012,0.9042,0.9042,0.9042,0.9042,0.9042,0.9042,0.9042,0.9042,0.9042,0.9042,0.9042,0.9042,0.9042
75013,0.9042,0.9042,0.9042,0.9042,0.9042,0.9042,0.9042,0.9042,0.9042,0.9042,0.9042,0.9042,0.9042
75612,0.9042,0.9042,0.9042,0.9042,0.9042,0.9042,0.9042,0.9042,0.9042,0.9042,0.9042,0.9042,0.9042
75613,0.9042,0.9042,0.9042,0.9042,0.9042,0.9042,0.9042,0.9042,0.9042,0.9042,0.9042,0.9042,0.9042
76212,0.9042,0.9042,0.9042,0.9042,0.9042,0.9042,0.9042,0.9042,0.9042,0.9042,0.9042,0.9042,0.9042
76213,0.9042,0.9042,0.9042,0.9042,0.9042,0.9042,0.9042,0.9042,0.9042,0.9042,0.9042,0.9042,0.9042
76812,0.9042,0.9042,0.9042,0.9042,0.9042,0.9042,0.9042,0.9042,0.9042,0.9042,0.9042,0.9042,0.9042
76813,0.9042,0.9042,0.9042,0.9042,0.9042,0.9042,0.9042,0.9042,0.9042,0.9042,0.9042,0.9042,0.9042
77412,0.9042,0.9042,0.9042,0.9042,0.9042,0.9042,0.9042,0.9042,0.9042,0.9042,0.9042,0.9042,0.9042
77413,0.9042,0.9042,0.9042,0.9042,0.9042,0.9042,0.9042,0.9042,0.9042,0.9042,0.9042,0.9042,0.9042
78012,0.9042,0.9042,0.9042,0.9042,0.9042,0.9042,0.9042,0.9042,0.9042,0.9042,0.9042,0.9042,0.9042
78013,0.9042,0.9042,0.9042,0.9042,0.9042,0.9042,0.9042,0.9042,0.9042,0.9042,0.9042,0.9042,0.9042
78612,0.9042,0.9042,0.9042,0.9042,0.9042,0.9042,0.9042,0.9042,0.9042,0.9042,0.9042,0.9042,0.9042
78613,0.9042,0.9042,0.9042,0.9042,0.9042,0.9042,0.9042,0.9042,0.9042,0.9042,0.9042,0.9042,0.9042
79212,0.9042,0.9042,0.9042,0.9042,0.9042,0.9042,0.9042,0.9042,0.9042,0.9042,0.9042,0.9042,0.9042
79213,0.9042,0.9042,0.9042,0.9042,0.9042,0.9042,0.9042,0.9042,0.9042,0.9042,0.9042,0.9042,0.9042
79812,0.9042,0.9042,0.9042,0.9042,0.9042,0.9042,0.9042,0.9042,0.9042,0.9042,0.9042,0.9042,0.9042
79813,0.9042,0.9042,0.9042,0.9042,0.9042,0.9042,0.9042,0.9042,0.9042,0.9042,0.9042,0.9042,0.9042
80412,0.9042,0.9042,0.9042,0.9042,0.9042,0.9042,0.9042,0.9042,0.9042,0.9042,0.9042,0.9042,0.9042
80413,0.9042,0.9042,0.9042,0.9042,0.9042,0.9042,0.9042,0.9042,0.9042,0.9042,0.9042,0.9042,0.9042
81012,0.9042,0.9042,0.9042,0.9042,0.9042,0.9042,0.9042,0.9042,0.9042,0.9042,0.9042,0.9042,0.9042
81013,0.9042,0.9042,0.9042,0.9042,0.9042,0.9042,0.9042,0.9042,0.9042,0.9042,0.9042,0.9042,0.9042
81612,0.9042,0.9042,0.9042,0.9042,0.9042,0.9042,0.9042,0.9042,0.9042,0.9042,0.9042,0.9042,0.9042
81613,0.9042,0.9042,0.9042,0.9042,0.9042,0.9042,0.9042,0.9042,0.9042,0.9042,0.9042,0.9042,0.9042
82212,0.9042,0.9042,0.9042,0.9042,0.9042,0.9042,0.9042,0.9042,0.9042,0.9042,0.9042,0.9042,0.9042
82213,0.9042,0.9042,0.9042,0.9042,0.9042,0.9042,0.9042,0.9042,0.9042,0.9042,0.9042,0.9042,0.9042
82812,0.9042,0.9042,0.9042,0.9042,0.9042,0.9042,0.9042,0.9042,0.9042,0.9042,0.9042,0.9042,0.9042
82813,0.9042,0.9042,0.9042,0.9042,0.9042,0.9042,0.9042,0.9042,0.9042,0.9042,0.9042,0.9042,0.9042
83412,0.9042,0.9042,0.9042,0.9042,0.9042,0.9042,0.9042,0.9042,0.9042,0.9042,0.9042,0.9042,0.9042
83413,0.9042,0.9042,0.9042,0.9042,0.9042,0.9042,0.9042,0.9042,0.9042,0.9042,0.9042,0.9042,0.9042
84012,0.9042,0.9042,0.9042,0.9042,0.9042,0.9042,0.9042,0.9042,0.9042,0.9042,0.9042,0.9042,0.9042
84013,0.9042,0.9042,0.9042,0.9042,0.9042,0.9042,0.9042,0.9042,0.9042,0.9042,0.9042,0.9042,0.9042
84612,0.9042,0.9042,0.9042,0.9042,0.9042,0.9042,0.9042,0.9042,0.9042,0.9042,0.9042,0.9042,0.9042
84613,0.9042,0.9042,0.9042,0.9042,0.9042,0.9042,0.9042,0.9042,0.9042,0.9042,0.9042,0.9042,0.9042
85212,0.9042,0.9042,0.9042,0.9042,0.9042,0.9042,0.9042,0.9042,0.9042,0.9042,0.9042,0.9042,0.9042
85213,0.9042,0.9042,0.9042,0.9042,0.9042,0.9042,0.9042,0.9042,0.9042,0.9042,0.9042,0.9042,0.9042
85812,0.9042,0.9042,0.9042,0.9042,0.9042,0.9042,0.9042,0.9042,0.9042,0.9042,0.9042,0.9042,0.9042
85813,0.9042,0.9042,0.9042,0.9042,0.9042,0.9042,0.9042,0.9042,0.9042,0.9042,0.9042,0.9042,0.9042
