timestamp,pcnet7,pcnet2,pcnet1,pcnet4,pcnet6,pcnet5,pcnet9,pcnet3,pcnet0,pcnet8,max,min,avg
0,0.0182,0.0182,0.0182,0.0182,0.0182,0.0182,0.0182,0.0182,0.0182,0.0182,0.0182,0.0182,0.0182
3,0.0182,0.0274,0.0274,0.0182,0.0182,0.0182,0.0182,0.0274,0.0274,0.0182,0.0274,0.0182,0.0219
4,0.0274,0.4872,0.4343,0.0274,0.0274,0.031,0.0274,0.427,0.4453,0.031,0.4872,0.0274,0.1965
5,0.4434,0.5146,0.4781,0.4526,0.4836,0.3905,0.4544,0.4708,0.4945,0.3832,0.5146,0.3832,0.4566
6,0.4945,0.5347,0.5146,0.4945,0.5201,0.469,0.5128,0.531,0.5146,0.4507,0.5347,0.4507,0.5036
7,0.5164,0.542,0.5255,0.5091,0.5383,0.4799,0.5164,0.5566,0.5657,0.5146,0.5657,0.4799,0.5264
8,0.5547,0.5566,0.5821,0.5182,0.5876,0.5292,0.5401,0.5657,0.5712,0.5365,0.5876,0.5182,0.5542
9,0.5675,0.562,0.5839,0.5255,0.6058,0.5566,0.5529,0.5657,0.5912,0.5529,0.6058,0.5255,0.5664
10,0.5912,0.5639,0.5931,0.5547,0.6095,0.562,0.5639,0.5712,0.5985,0.5547,0.6095,0.5547,0.5763
11,0.5949,0.5675,0.6058,0.5748,0.6186,0.5712,0.5693,0.573,0.5985,0.5839,0.6186,0.5675,0.5857
12,0.6095,0.5675,0.6095,0.5785,0.6332,0.5748,0.5803,0.5949,0.604,0.5876,0.6332,0.5675,0.594
13,0.6223,0.5693,0.615,0.5839,0.6423,0.5821,0.6022,0.6168,0.6058,0.5894,0.6423,0.5693,0.6029
14,0.6241,0.5693,0.6168,0.5931,0.6423,0.5821,0.6095,0.6168,0.6496,0.615,0.6496,0.5693,0.6119
15,0.6241,0.5766,0.6223,0.5931,0.6442,0.5949,0.6186,0.6204,0.6661,0.6807,0.6807,0.5766,0.6241
16,0.646,0.5876,0.6314,0.5985,0.6478,0.5967,0.6241,0.6223,0.6661,0.6971,0.6971,0.5876,0.6318
17,0.6478,0.6022,0.6314,0.6077,0.6515,0.6004,0.6277,0.6277,0.6679,0.7026,0.7026,0.6004,0.6367
18,0.6496,0.615,0.6442,0.6131,0.6624,0.604,0.635,0.6277,0.6697,0.708,0.708,0.604,0.6429
19,0.6496,0.615,0.6442,0.6168,0.6624,0.6186,0.635,0.6314,0.6752,0.7117,0.7117,0.615,0.646
20,0.6515,0.6168,0.646,0.6186,0.6624,0.6223,0.635,0.6369,0.677,0.7263,0.7263,0.6168,0.6493
21,0.6515,0.6223,0.6478,0.6204,0.6642,0.6241,0.6369,0.6369,0.6861,0.7299,0.7299,0.6204,0.652
22,0.6569,0.6241,0.6496,0.6606,0.6661,0.6241,0.6405,0.6423,0.688,0.7354,0.7354,0.6241,0.6588
23,0.6606,0.6314,0.6496,0.6642,0.6661,0.6332,0.6405,0.6423,0.6916,0.7354,0.7354,0.6314,0.6615
24,0.6642,0.635,0.6533,0.6661,0.6661,0.635,0.6405,0.6496,0.6916,0.7409,0.7409,0.635,0.6642
25,0.6661,0.6387,0.6533,0.6661,0.6715,0.635,0.6405,0.6496,0.7153,0.7427,0.7427,0.635,0.6679
26,0.6661,0.6387,0.6533,0.6661,0.6734,0.635,0.6442,0.6515,0.7208,0.7445,0.7445,0.635,0.6694
27,0.6679,0.6387,0.6533,0.6661,0.6825,0.6369,0.6442,0.6569,0.7208,0.7464,0.7464,0.6369,0.6714
28,0.6679,0.6405,0.6588,0.6697,0.6825,0.6405,0.6478,0.6606,0.7226,0.7555,0.7555,0.6405,0.6746
29,0.6697,0.6405,0.6606,0.6734,0.6843,0.6405,0.6478,0.6624,0.7245,0.7555,0.7555,0.6405,0.6759
30,0.6697,0.6405,0.6606,0.677,0.6934,0.6405,0.6478,0.708,0.7245,0.7555,0.7555,0.6405,0.6817
31,0.6715,0.6569,0.6606,0.6788,0.6934,0.6405,0.6478,0.7135,0.7245,0.7555,0.7555,0.6405,0.6843
32,0.6715,0.6569,0.6624,0.6788,0.6934,0.6405,0.6478,0.7153,0.7263,0.7573,0.7573,0.6405,0.685
33,0.6715,0.6569,0.6624,0.6807,0.6953,0.6405,0.6478,0.7172,0.7281,0.7591,0.7591,0.6405,0.686
34,0.6715,0.6569,0.6642,0.6825,0.6953,0.6405,0.6515,0.7172,0.7299,0.7591,0.7591,0.6405,0.6869
35,0.6715,0.6569,0.6661,0.688,0.6953,0.6405,0.6551,0.7172,0.7318,0.7591,0.7591,0.6405,0.6882
36,0.6715,0.6588,0.7062,0.6898,0.6953,0.7026,0.6588,0.7226,0.7318,0.7591,0.7591,0.6588,0.6996
37,0.6715,0.6588,0.708,0.6934,0.6953,0.7062,0.6588,0.7226,0.7336,0.7591,0.7591,0.6588,0.7007
38,0.6715,0.6588,0.708,0.6934,0.6971,0.7117,0.6588,0.7226,0.7391,0.7591,0.7591,0.6588,0.702
39,0.6734,0.6588,0.708,0.6953,0.6971,0.7135,0.6588,0.7245,0.7391,0.7591,0.7591,0.6588,0.7028
40,0.677,0.6588,0.7099,0.6953,0.7044,0.719,0.6588,0.7245,0.7427,0.7646,0.7646,0.6588,0.7055
41,0.677,0.6588,0.7117,0.7044,0.7044,0.719,0.6606,0.7245,0.7427,0.7646,0.7646,0.6588,0.7068
42,0.6788,0.6606,0.7117,0.7044,0.7044,0.7263,0.6606,0.7263,0.7427,0.7646,0.7646,0.6606,0.708
43,0.6788,0.6624,0.7117,0.7044,0.7044,0.7281,0.6606,0.7299,0.7427,0.7646,0.7646,0.6606,0.7088
44,0.6807,0.6624,0.7153,0.7153,0.7044,0.7281,0.7354,0.7299,0.7427,0.7664,0.7664,0.6624,0.7181
45,0.6807,0.6624,0.7226,0.7153,0.7062,0.7318,0.7354,0.7299,0.7445,0.7664,0.7664,0.6624,0.7195
46,0.6843,0.6642,0.7245,0.7153,0.7099,0.7372,0.7354,0.7318,0.7445,0.7664,0.7664,0.6642,0.7213
47,0.6861,0.6661,0.7299,0.7172,0.7099,0.7372,0.7354,0.7336,0.7464,0.7664,0.7664,0.6661,0.7228
48,0.6861,0.6697,0.7391,0.719,0.7099,0.7372,0.7354,0.7336,0.7464,0.7682,0.7682,0.6697,0.7245
49,0.6861,0.6715,0.7391,0.719,0.7099,0.7372,0.7372,0.7336,0.7464,0.7682,0.7682,0.6715,0.7248
50,0.6861,0.6715,0.7391,0.719,0.7099,0.7391,0.7391,0.7336,0.7464,0.7682,0.7682,0.6715,0.7252
51,0.6861,0.6734,0.7409,0.719,0.7099,0.7391,0.7391,0.7336,0.7464,0.7682,0.7682,0.6734,0.7256
52,0.6861,0.6734,0.7409,0.719,0.7099,0.7409,0.7427,0.7336,0.7464,0.7682,0.7682,0.6734,0.7261
53,0.6861,0.6734,0.7409,0.719,0.7099,0.7409,0.7427,0.7336,0.7464,0.7682,0.7682,0.6734,0.7261
54,0.688,0.6734,0.7409,0.719,0.7117,0.7409,0.7445,0.7336,0.7464,0.7682,0.7682,0.6734,0.7267
55,0.6916,0.6734,0.7409,0.719,0.7117,0.7427,0.7464,0.7354,0.7518,0.7682,0.7682,0.6734,0.7281
56,0.6916,0.6752,0.7409,0.719,0.7117,0.7427,0.7464,0.7354,0.7518,0.7682,0.7682,0.6752,0.7283
57,0.6934,0.6752,0.7409,0.7409,0.7117,0.7427,0.7482,0.7354,0.7536,0.7682,0.7682,0.6752,0.731
58,0.6934,0.6752,0.7409,0.7409,0.7135,0.7427,0.7482,0.7354,0.7555,0.7682,0.7682,0.6752,0.7314
59,0.6934,0.6752,0.7427,0.7409,0.7135,0.7427,0.75,0.7354,0.7555,0.8066,0.8066,0.6752,0.7356
60,0.6934,0.6752,0.7445,0.7409,0.7135,0.7464,0.75,0.7354,0.7555,0.8066,0.8066,0.6752,0.7361
61,0.6934,0.677,0.7445,0.7427,0.7135,0.7482,0.75,0.7372,0.7555,0.812,0.812,0.677,0.7374
62,0.6934,0.677,0.7445,0.7427,0.7135,0.75,0.75,0.7372,0.7555,0.812,0.812,0.677,0.7376
63,0.6934,0.677,0.7445,0.7445,0.7135,0.7518,0.75,0.7372,0.7555,0.812,0.812,0.677,0.7379
64,0.6934,0.677,0.7464,0.7445,0.7135,0.7536,0.75,0.7372,0.7555,0.812,0.812,0.677,0.7383
65,0.6934,0.6807,0.7464,0.7445,0.7135,0.7555,0.75,0.7372,0.7555,0.812,0.812,0.6807,0.7389
66,0.6953,0.6825,0.7518,0.7464,0.7153,0.7555,0.75,0.7372,0.7573,0.812,0.812,0.6825,0.7403
67,0.6953,0.6825,0.7536,0.7482,0.7153,0.7555,0.75,0.7372,0.7573,0.812,0.812,0.6825,0.7407
68,0.6953,0.6825,0.7555,0.7482,0.7153,0.7555,0.75,0.7372,0.7573,0.812,0.812,0.6825,0.7409
69,0.6971,0.6843,0.7555,0.7482,0.7153,0.7555,0.7536,0.7427,0.7573,0.812,0.812,0.6843,0.7422
70,0.6989,0.6861,0.7555,0.75,0.7591,0.7555,0.7536,0.7427,0.7573,0.812,0.812,0.6861,0.7471
71,0.6989,0.6916,0.7555,0.75,0.7609,0.7555,0.7536,0.7482,0.7573,0.812,0.812,0.6916,0.7484
72,0.6989,0.6916,0.7555,0.75,0.7609,0.7555,0.7536,0.7482,0.7573,0.812,0.812,0.6916,0.7484
73,0.7007,0.6916,0.7555,0.75,0.7609,0.7555,0.7536,0.7536,0.7573,0.812,0.812,0.6916,0.7491
74,0.7007,0.6916,0.7555,0.7518,0.7609,0.7555,0.7536,0.7536,0.7573,0.812,0.812,0.6916,0.7493
75,0.7007,0.6916,0.7555,0.7518,0.7609,0.7555,0.7536,0.7536,0.7591,0.812,0.812,0.6916,0.7494
76,0.7007,0.6916,0.7555,0.7518,0.7609,0.7573,0.7536,0.7536,0.7591,0.812,0.812,0.6916,0.7496
77,0.7026,0.6953,0.7555,0.7518,0.7609,0.7573,0.7536,0.7536,0.7591,0.812,0.812,0.6953,0.7502
78,0.7026,0.6971,0.7555,0.7555,0.7609,0.7938,0.7555,0.7536,0.7591,0.812,0.812,0.6971,0.7546
79,0.7026,0.6971,0.7555,0.7555,0.7609,0.7938,0.7555,0.7536,0.7591,0.812,0.812,0.6971,0.7546
80,0.7026,0.6971,0.7555,0.7573,0.7609,0.7938,0.7555,0.7536,0.7591,0.812,0.812,0.6971,0.7547
81,0.7026,0.6971,0.7555,0.7573,0.7609,0.7956,0.7555,0.7628,0.7591,0.812,0.812,0.6971,0.7558
82,0.7026,0.6971,0.7555,0.7573,0.7609,0.8011,0.7555,0.7646,0.7591,0.812,0.812,0.6971,0.7566
83,0.7026,0.6971,0.7555,0.7573,0.7609,0.8011,0.7555,0.7646,0.7591,0.812,0.812,0.6971,0.7566
84,0.7044,0.6971,0.7883,0.7573,0.7609,0.8011,0.7555,0.7646,0.7609,0.812,0.812,0.6971,0.7602
85,0.7044,0.6971,0.7883,0.7573,0.7609,0.8029,0.7555,0.7646,0.7609,0.812,0.812,0.6971,0.7604
86,0.7044,0.6971,0.7883,0.7591,0.7609,0.8029,0.7555,0.7646,0.7609,0.812,0.812,0.6971,0.7606
87,0.7044,0.6971,0.7883,0.7591,0.7609,0.8029,0.7555,0.7646,0.7628,0.812,0.812,0.6971,0.7608
88,0.7044,0.6971,0.7883,0.7609,0.7609,0.8029,0.7555,0.7646,0.7628,0.812,0.812,0.6971,0.7609
89,0.7044,0.6971,0.7883,0.7609,0.7609,0.8047,0.7555,0.7646,0.7628,0.812,0.812,0.6971,0.7611
90,0.7044,0.6971,0.7901,0.7609,0.7609,0.8047,0.7555,0.7664,0.7628,0.812,0.812,0.6971,0.7615
91,0.7044,0.6971,0.7901,0.7609,0.7609,0.8066,0.7555,0.7664,0.7628,0.812,0.812,0.6971,0.7617
92,0.7518,0.6971,0.7901,0.7609,0.7609,0.8066,0.7555,0.7664,0.7628,0.812,0.812,0.6971,0.7664
93,0.7555,0.6971,0.7901,0.7609,0.7609,0.8066,0.7555,0.7664,0.7628,0.812,0.812,0.6971,0.7668
94,0.7555,0.6971,0.7901,0.7609,0.7609,0.8066,0.7555,0.7664,0.7628,0.812,0.812,0.6971,0.7668
95,0.7555,0.6971,0.7901,0.7609,0.7609,0.8066,0.7555,0.7682,0.7628,0.812,0.812,0.6971,0.767
96,0.7555,0.6971,0.7901,0.7609,0.7609,0.8066,0.7555,0.7682,0.7628,0.812,0.812,0.6971,0.767
97,0.7555,0.6971,0.7901,0.7609,0.7609,0.8066,0.7555,0.7682,0.7628,0.812,0.812,0.6971,0.767
98,0.7555,0.6971,0.7901,0.7609,0.7609,0.8066,0.7573,0.7701,0.7646,0.812,0.812,0.6971,0.7675
99,0.7555,0.6971,0.7901,0.7609,0.7609,0.8066,0.7573,0.7701,0.7664,0.812,0.812,0.6971,0.7677
100,0.7555,0.6971,0.7901,0.7609,0.7609,0.8066,0.7573,0.7719,0.7664,0.812,0.812,0.6971,0.7679
101,0.7555,0.6989,0.7901,0.7609,0.7609,0.8084,0.7591,0.7719,0.7664,0.812,0.812,0.6989,0.7684
102,0.7555,0.6989,0.7901,0.7609,0.7628,0.8084,0.7591,0.7719,0.7664,0.812,0.812,0.6989,0.7686
103,0.7555,0.6989,0.7901,0.7609,0.7628,0.8084,0.7591,0.7719,0.7701,0.812,0.812,0.6989,0.769
104,0.7591,0.7007,0.7901,0.7646,0.7628,0.8084,0.7591,0.7719,0.7701,0.812,0.812,0.7007,0.7699
105,0.7591,0.7007,0.7901,0.7646,0.7664,0.8084,0.7591,0.7737,0.7755,0.812,0.812,0.7007,0.771
106,0.7591,0.7007,0.7901,0.7646,0.7664,0.8084,0.7591,0.7737,0.7755,0.812,0.812,0.7007,0.771
107,0.7591,0.7007,0.7901,0.7646,0.7664,0.8084,0.7591,0.7737,0.7774,0.812,0.812,0.7007,0.7712
108,0.7591,0.7007,0.7901,0.7664,0.7701,0.8084,0.7591,0.7737,0.7774,0.812,0.812,0.7007,0.7717
109,0.7591,0.7007,0.7901,0.7664,0.7701,0.8084,0.7591,0.7737,0.7774,0.812,0.812,0.7007,0.7717
110,0.7591,0.7007,0.7901,0.7664,0.7701,0.8084,0.7591,0.7737,0.7774,0.812,0.812,0.7007,0.7717
111,0.7591,0.7007,0.7901,0.7664,0.7701,0.8084,0.7591,0.7737,0.7774,0.812,0.812,0.7007,0.7717
112,0.7591,0.7007,0.7901,0.7682,0.7701,0.8084,0.7591,0.7737,0.7774,0.812,0.812,0.7007,0.7719
113,0.7591,0.7007,0.7901,0.7682,0.7701,0.8084,0.7591,0.7737,0.7774,0.812,0.812,0.7007,0.7719
114,0.7591,0.7026,0.7901,0.7682,0.7701,0.8084,0.7609,0.7737,0.7774,0.812,0.812,0.7026,0.7723
115,0.7591,0.7026,0.7901,0.7682,0.7701,0.812,0.7609,0.7737,0.7774,0.812,0.812,0.7026,0.7726
116,0.7591,0.7026,0.7901,0.7682,0.7701,0.812,0.7609,0.7737,0.7774,0.8175,0.8175,0.7026,0.7732
117,0.7591,0.7026,0.7901,0.7682,0.7701,0.812,0.7628,0.7737,0.7774,0.8175,0.8175,0.7026,0.7734
118,0.7591,0.7044,0.7901,0.7682,0.7701,0.812,0.7628,0.7737,0.7774,0.8175,0.8175,0.7044,0.7735
119,0.7591,0.7044,0.7901,0.7682,0.7701,0.812,0.7628,0.7737,0.7774,0.8175,0.8175,0.7044,0.7735
120,0.7591,0.7044,0.7901,0.7682,0.7701,0.812,0.7628,0.7737,0.7792,0.8175,0.8175,0.7044,0.7737
121,0.7591,0.7044,0.7901,0.7682,0.7701,0.812,0.7628,0.7737,0.781,0.8175,0.8175,0.7044,0.7739
122,0.7591,0.7044,0.7901,0.7682,0.7719,0.812,0.7628,0.7737,0.781,0.8175,0.8175,0.7044,0.7741
123,0.7591,0.7044,0.7901,0.7682,0.7719,0.812,0.7628,0.7737,0.781,0.8175,0.8175,0.7044,0.7741
124,0.7591,0.7044,0.7901,0.7682,0.7719,0.812,0.7628,0.7737,0.781,0.8175,0.8175,0.7044,0.7741
125,0.7591,0.7044,0.7901,0.7682,0.7719,0.812,0.7628,0.7737,0.8175,0.8175,0.8175,0.7044,0.7777
126,0.7591,0.7044,0.7901,0.7682,0.7719,0.812,0.7628,0.7737,0.8175,0.8175,0.8175,0.7044,0.7777
127,0.7591,0.7044,0.7901,0.7682,0.7719,0.812,0.7628,0.7737,0.8175,0.8175,0.8175,0.7044,0.7777
128,0.7974,0.7044,0.7901,0.7682,0.7719,0.812,0.7628,0.7737,0.8175,0.8175,0.8175,0.7044,0.7815
129,0.7974,0.7044,0.7901,0.7682,0.7719,0.812,0.7628,0.7737,0.8321,0.8175,0.8321,0.7044,0.783
130,0.7974,0.7044,0.7901,0.7701,0.7719,0.812,0.7628,0.7737,0.8321,0.8175,0.8321,0.7044,0.7832
131,0.7974,0.7044,0.7901,0.7701,0.7719,0.812,0.7628,0.7737,0.8321,0.8175,0.8321,0.7044,0.7832
132,0.7974,0.7044,0.7901,0.7701,0.7719,0.812,0.7628,0.7737,0.8321,0.8175,0.8321,0.7044,0.7832
133,0.7974,0.7044,0.7901,0.7701,0.8102,0.812,0.7628,0.7737,0.8321,0.8175,0.8321,0.7044,0.787
134,0.7974,0.7044,0.7901,0.7701,0.8102,0.812,0.7628,0.7737,0.8321,0.8175,0.8321,0.7044,0.787
135,0.7974,0.7044,0.7901,0.7701,0.8102,0.812,0.7628,0.7737,0.8321,0.8175,0.8321,0.7044,0.787
136,0.7974,0.7044,0.7901,0.7701,0.8102,0.8139,0.7628,0.7737,0.8321,0.8175,0.8321,0.7044,0.7872
137,0.8266,0.7044,0.7901,0.7701,0.8102,0.8139,0.7628,0.7737,0.8321,0.8175,0.8321,0.7044,0.7901
138,0.8266,0.7044,0.7901,0.7701,0.8102,0.8139,0.7628,0.7737,0.8321,0.8175,0.8321,0.7044,0.7901
139,0.8266,0.7044,0.7901,0.7719,0.8102,0.8139,0.7664,0.7737,0.8321,0.8175,0.8321,0.7044,0.7907
140,0.8266,0.7044,0.7956,0.7719,0.8102,0.8139,0.7664,0.7737,0.8321,0.8175,0.8321,0.7044,0.7912
141,0.8266,0.7044,0.7956,0.7719,0.8102,0.8139,0.7664,0.7737,0.8321,0.8175,0.8321,0.7044,0.7912
142,0.8266,0.7044,0.7956,0.7719,0.8102,0.8139,0.7664,0.7737,0.8321,0.8175,0.8321,0.7044,0.7912
143,0.8266,0.7044,0.7956,0.7719,0.8102,0.8139,0.7664,0.7737,0.8321,0.8175,0.8321,0.7044,0.7912
144,0.8266,0.7044,0.7956,0.7719,0.8102,0.8139,0.7664,0.7737,0.8321,0.8175,0.8321,0.7044,0.7912
145,0.8285,0.7044,0.7974,0.7719,0.8102,0.8139,0.7664,0.7737,0.8321,0.8175,0.8321,0.7044,0.7916
146,0.8285,0.7044,0.7974,0.7719,0.8102,0.8139,0.7664,0.7737,0.8321,0.8175,0.8321,0.7044,0.7916
147,0.8321,0.7044,0.7974,0.7719,0.8102,0.8139,0.7664,0.7737,0.8321,0.8175,0.8321,0.7044,0.792
148,0.8321,0.7044,0.7974,0.7719,0.8102,0.8139,0.7664,0.7737,0.8321,0.8175,0.8321,0.7044,0.792
149,0.8321,0.7044,0.7974,0.7719,0.8102,0.8139,0.7664,0.7737,0.8321,0.8175,0.8321,0.7044,0.792
150,0.8321,0.7044,0.7993,0.7719,0.812,0.8139,0.7664,0.7737,0.8321,0.8175,0.8321,0.7044,0.7923
151,0.8321,0.7044,0.7993,0.7719,0.812,0.8139,0.7664,0.7737,0.8321,0.8175,0.8321,0.7044,0.7923
152,0.8321,0.7044,0.7993,0.7719,0.812,0.8139,0.7664,0.7737,0.8321,0.8175,0.8321,0.7044,0.7923
153,0.8321,0.7044,0.7993,0.7719,0.812,0.8139,0.7664,0.7737,0.8321,0.8175,0.8321,0.7044,0.7923
154,0.8321,0.7044,0.7993,0.7719,0.812,0.8139,0.7664,0.7737,0.8321,0.8175,0.8321,0.7044,0.7923
155,0.8321,0.7044,0.7993,0.7719,0.812,0.8139,0.7664,0.7737,0.8321,0.8193,0.8321,0.7044,0.7925
156,0.8321,0.7044,0.7993,0.7719,0.812,0.8139,0.7682,0.7737,0.8321,0.8193,0.8321,0.7044,0.7927
157,0.8321,0.7044,0.7993,0.7719,0.812,0.8139,0.7682,0.7737,0.8321,0.8193,0.8321,0.7044,0.7927
158,0.8321,0.7044,0.7993,0.7719,0.812,0.8139,0.7682,0.7737,0.8321,0.8193,0.8321,0.7044,0.7927
159,0.8321,0.7044,0.7993,0.7719,0.812,0.8139,0.7682,0.7737,0.8321,0.8193,0.8321,0.7044,0.7927
160,0.8321,0.7044,0.7993,0.7719,0.812,0.8139,0.7682,0.7737,0.8321,0.8193,0.8321,0.7044,0.7927
161,0.8321,0.7044,0.7993,0.7719,0.812,0.8139,0.7682,0.7737,0.8321,0.8193,0.8321,0.7044,0.7927
162,0.8321,0.7044,0.7993,0.7719,0.812,0.8139,0.7682,0.7737,0.8321,0.8193,0.8321,0.7044,0.7927
163,0.8321,0.7044,0.8011,0.7719,0.812,0.8139,0.7682,0.7737,0.8321,0.8193,0.8321,0.7044,0.7929
164,0.8321,0.7044,0.8011,0.7719,0.812,0.8139,0.7682,0.7737,0.8321,0.8193,0.8321,0.7044,0.7929
165,0.8358,0.7044,0.8011,0.7719,0.812,0.8139,0.7682,0.7737,0.8321,0.8193,0.8358,0.7044,0.7932
166,0.8358,0.7044,0.8011,0.7719,0.812,0.8139,0.7682,0.7737,0.8321,0.8193,0.8358,0.7044,0.7932
167,0.8358,0.7044,0.8011,0.7719,0.812,0.8139,0.7682,0.7737,0.8321,0.8193,0.8358,0.7044,0.7932
168,0.8358,0.7044,0.8011,0.7719,0.812,0.8139,0.7682,0.7737,0.8321,0.8193,0.8358,0.7044,0.7932
169,0.8358,0.7044,0.8011,0.7719,0.812,0.8139,0.7682,0.7737,0.8321,0.8193,0.8358,0.7044,0.7932
170,0.8358,0.7044,0.8011,0.7719,0.812,0.8139,0.7682,0.7737,0.8321,0.8212,0.8358,0.7044,0.7934
171,0.8358,0.7044,0.8011,0.7719,0.812,0.8139,0.7682,0.7737,0.8321,0.8212,0.8358,0.7044,0.7934
172,0.8358,0.7044,0.8011,0.7719,0.812,0.8139,0.7682,0.7737,0.8321,0.8212,0.8358,0.7044,0.7934
173,0.8358,0.7044,0.8011,0.7719,0.812,0.8139,0.7682,0.7737,0.8321,0.8212,0.8358,0.7044,0.7934
174,0.8358,0.7044,0.8011,0.7719,0.812,0.8139,0.7682,0.7737,0.8321,0.8212,0.8358,0.7044,0.7934
175,0.8358,0.7044,0.8011,0.7719,0.812,0.8139,0.7682,0.7737,0.8321,0.8212,0.8358,0.7044,0.7934
176,0.8358,0.7044,0.8011,0.7719,0.812,0.8139,0.7682,0.7737,0.8321,0.8212,0.8358,0.7044,0.7934
177,0.8358,0.7044,0.8011,0.7719,0.812,0.8139,0.7682,0.7737,0.8321,0.8212,0.8358,0.7044,0.7934
178,0.8358,0.7044,0.8011,0.7719,0.812,0.8139,0.7682,0.7737,0.8321,0.8212,0.8358,0.7044,0.7934
179,0.8358,0.7044,0.8029,0.7719,0.812,0.8157,0.7682,0.7737,0.8321,0.8212,0.8358,0.7044,0.7938
180,0.8358,0.7044,0.8029,0.7719,0.812,0.8157,0.7682,0.7737,0.8321,0.8212,0.8358,0.7044,0.7938
181,0.8358,0.7044,0.8029,0.7737,0.812,0.8157,0.7682,0.7737,0.8321,0.8212,0.8358,0.7044,0.794
182,0.8358,0.7044,0.8029,0.7737,0.812,0.8157,0.7682,0.7737,0.8321,0.8212,0.8358,0.7044,0.794
183,0.8358,0.7044,0.8029,0.7737,0.812,0.8157,0.7682,0.7755,0.8321,0.8358,0.8358,0.7044,0.7956
184,0.8358,0.7044,0.8029,0.7737,0.812,0.8157,0.7682,0.7755,0.8321,0.8376,0.8376,0.7044,0.7958
185,0.8358,0.7044,0.8029,0.7737,0.812,0.8157,0.7682,0.7774,0.8321,0.8376,0.8376,0.7044,0.796
186,0.8358,0.7044,0.8029,0.7737,0.812,0.8157,0.7701,0.823,0.8321,0.8376,0.8376,0.7044,0.8007
187,0.8358,0.7044,0.8029,0.7737,0.812,0.8157,0.7701,0.823,0.8321,0.8376,0.8376,0.7044,0.8007
188,0.8358,0.7062,0.8029,0.7737,0.812,0.8157,0.7701,0.823,0.8321,0.8376,0.8376,0.7062,0.8009
189,0.8358,0.7062,0.8029,0.7737,0.812,0.8157,0.7701,0.823,0.8321,0.8376,0.8376,0.7062,0.8009
190,0.8358,0.7062,0.8029,0.7737,0.812,0.8157,0.7701,0.823,0.8321,0.8376,0.8376,0.7062,0.8009
191,0.8358,0.7099,0.8029,0.7737,0.812,0.8157,0.7701,0.823,0.8321,0.8376,0.8376,0.7099,0.8013
192,0.8358,0.7099,0.8029,0.7737,0.812,0.8157,0.7701,0.823,0.8321,0.8376,0.8376,0.7099,0.8013
193,0.8358,0.7099,0.8047,0.7737,0.812,0.8157,0.7701,0.823,0.8321,0.8376,0.8376,0.7099,0.8015
194,0.8376,0.7099,0.8047,0.7737,0.812,0.8157,0.7701,0.823,0.8321,0.8376,0.8376,0.7099,0.8016
195,0.8376,0.7099,0.8047,0.7737,0.812,0.8157,0.7701,0.823,0.8321,0.8376,0.8376,0.7099,0.8016
196,0.8376,0.7099,0.8047,0.7737,0.812,0.8157,0.7701,0.823,0.8321,0.8376,0.8376,0.7099,0.8016
197,0.8376,0.7099,0.8047,0.7737,0.812,0.8157,0.7701,0.823,0.8321,0.8376,0.8376,0.7099,0.8016
198,0.8376,0.7099,0.8047,0.7737,0.812,0.8157,0.7701,0.823,0.8321,0.8376,0.8376,0.7099,0.8016
199,0.8376,0.7117,0.8047,0.7737,0.812,0.8157,0.7701,0.823,0.8321,0.8376,0.8376,0.7117,0.8018
200,0.8376,0.7117,0.8047,0.7737,0.812,0.8157,0.7701,0.823,0.8321,0.8376,0.8376,0.7117,0.8018
201,0.8376,0.7117,0.8047,0.7737,0.812,0.8157,0.7701,0.823,0.8321,0.8376,0.8376,0.7117,0.8018
202,0.8376,0.7117,0.8047,0.7737,0.812,0.8157,0.7701,0.823,0.8321,0.8376,0.8376,0.7117,0.8018
203,0.8376,0.7117,0.8066,0.7737,0.812,0.8157,0.7701,0.823,0.8321,0.8376,0.8376,0.7117,0.802
204,0.8376,0.7117,0.8066,0.7737,0.812,0.8157,0.7701,0.823,0.8321,0.8376,0.8376,0.7117,0.802
205,0.8376,0.7117,0.8084,0.7737,0.812,0.8157,0.7701,0.823,0.8321,0.8376,0.8376,0.7117,0.8022
206,0.8376,0.7117,0.8084,0.7737,0.812,0.8157,0.7701,0.823,0.8321,0.8376,0.8376,0.7117,0.8022
207,0.8376,0.7117,0.8084,0.7737,0.812,0.8157,0.7701,0.823,0.8339,0.8376,0.8376,0.7117,0.8024
208,0.8394,0.7117,0.8084,0.7737,0.812,0.8157,0.7701,0.823,0.8339,0.8394,0.8394,0.7117,0.8027
209,0.8394,0.7117,0.8084,0.7737,0.812,0.8157,0.7701,0.823,0.8339,0.8394,0.8394,0.7117,0.8027
210,0.8394,0.7117,0.8084,0.7737,0.812,0.8157,0.7755,0.823,0.8339,0.8394,0.8394,0.7117,0.8033
211,0.8412,0.7117,0.8084,0.7737,0.812,0.8157,0.7755,0.823,0.8339,0.8394,0.8412,0.7117,0.8034
212,0.8412,0.7117,0.8084,0.7737,0.812,0.8157,0.7755,0.823,0.8339,0.8394,0.8412,0.7117,0.8034
213,0.8412,0.7117,0.8084,0.7737,0.812,0.8157,0.7755,0.823,0.8339,0.8394,0.8412,0.7117,0.8034
214,0.8412,0.7117,0.8084,0.7737,0.812,0.8157,0.7755,0.823,0.8339,0.8394,0.8412,0.7117,0.8034
215,0.8412,0.7117,0.8084,0.7737,0.812,0.8157,0.7755,0.823,0.8339,0.8394,0.8412,0.7117,0.8034
216,0.8412,0.7117,0.8084,0.7737,0.812,0.8157,0.7755,0.823,0.8339,0.8394,0.8412,0.7117,0.8034
217,0.8412,0.7117,0.8084,0.7737,0.812,0.8157,0.7755,0.823,0.8339,0.8394,0.8412,0.7117,0.8034
218,0.8412,0.7117,0.8084,0.7737,0.812,0.8157,0.7755,0.823,0.8339,0.8394,0.8412,0.7117,0.8034
219,0.8412,0.7117,0.8084,0.7737,0.812,0.8157,0.7755,0.823,0.8339,0.8394,0.8412,0.7117,0.8034
220,0.8412,0.7117,0.8084,0.7737,0.812,0.8157,0.7755,0.823,0.8339,0.8412,0.8412,0.7117,0.8036
221,0.8412,0.7117,0.8084,0.7737,0.812,0.8157,0.7755,0.823,0.8339,0.8412,0.8412,0.7117,0.8036
222,0.8412,0.7117,0.8084,0.7737,0.812,0.8157,0.7755,0.823,0.8339,0.8412,0.8412,0.7117,0.8036
223,0.8412,0.7117,0.8084,0.7737,0.812,0.8157,0.7755,0.823,0.8339,0.8412,0.8412,0.7117,0.8036
224,0.8412,0.7117,0.8084,0.7737,0.812,0.8157,0.7755,0.823,0.8339,0.8412,0.8412,0.7117,0.8036
225,0.8412,0.7117,0.8084,0.7737,0.812,0.8157,0.7755,0.823,0.8339,0.8412,0.8412,0.7117,0.8036
226,0.8412,0.7117,0.8084,0.7737,0.812,0.8157,0.7755,0.823,0.8339,0.8412,0.8412,0.7117,0.8036
227,0.8412,0.7117,0.8084,0.7737,0.812,0.8157,0.7755,0.823,0.8339,0.8412,0.8412,0.7117,0.8036
228,0.8431,0.7117,0.8084,0.7737,0.812,0.8157,0.7755,0.823,0.8339,0.8412,0.8431,0.7117,0.8038
229,0.8431,0.7117,0.8084,0.7737,0.812,0.8157,0.7755,0.823,0.8339,0.8412,0.8431,0.7117,0.8038
230,0.8431,0.7117,0.8084,0.7737,0.812,0.8157,0.7755,0.823,0.8339,0.8412,0.8431,0.7117,0.8038
231,0.8431,0.7117,0.8084,0.7737,0.812,0.8157,0.7755,0.823,0.8339,0.8412,0.8431,0.7117,0.8038
232,0.8431,0.7135,0.8084,0.7737,0.812,0.8157,0.7755,0.823,0.8339,0.8412,0.8431,0.7135,0.804
233,0.8431,0.7135,0.8084,0.7737,0.812,0.8157,0.7755,0.823,0.8339,0.8412,0.8431,0.7135,0.804
234,0.8431,0.7135,0.8084,0.7737,0.812,0.8157,0.7755,0.823,0.8358,0.8412,0.8431,0.7135,0.8042
235,0.8431,0.7135,0.8084,0.7737,0.812,0.8157,0.7755,0.823,0.8358,0.8412,0.8431,0.7135,0.8042
236,0.8431,0.7135,0.8084,0.7737,0.812,0.8157,0.7755,0.823,0.8358,0.8412,0.8431,0.7135,0.8042
237,0.8431,0.7135,0.8084,0.7737,0.812,0.8157,0.7755,0.823,0.8358,0.8412,0.8431,0.7135,0.8042
238,0.8431,0.7135,0.8102,0.7737,0.8139,0.8157,0.7755,0.823,0.8358,0.8412,0.8431,0.7135,0.8046
239,0.8431,0.7135,0.8102,0.7737,0.8139,0.8157,0.7755,0.823,0.8358,0.8412,0.8431,0.7135,0.8046
240,0.8431,0.7135,0.8102,0.7737,0.8139,0.8157,0.7755,0.823,0.8358,0.8412,0.8431,0.7135,0.8046
241,0.8431,0.7135,0.8102,0.7737,0.8139,0.8157,0.7755,0.823,0.8358,0.8412,0.8431,0.7135,0.8046
242,0.8431,0.7153,0.8102,0.7755,0.8139,0.8157,0.7755,0.823,0.8358,0.8412,0.8431,0.7153,0.8049
243,0.8431,0.7153,0.8102,0.7755,0.8139,0.8157,0.7755,0.823,0.8358,0.8412,0.8431,0.7153,0.8049
244,0.8431,0.7153,0.8102,0.7755,0.8139,0.8157,0.7755,0.823,0.8358,0.8412,0.8431,0.7153,0.8049
245,0.8449,0.7153,0.8102,0.7755,0.8139,0.8157,0.7755,0.823,0.8358,0.8412,0.8449,0.7153,0.8051
246,0.8449,0.7153,0.8102,0.7755,0.8139,0.8157,0.7755,0.823,0.8358,0.8412,0.8449,0.7153,0.8051
247,0.8449,0.7153,0.8102,0.7755,0.8139,0.8157,0.7755,0.823,0.8358,0.8412,0.8449,0.7153,0.8051
248,0.8449,0.7153,0.8102,0.7755,0.8139,0.8157,0.7755,0.823,0.8358,0.8412,0.8449,0.7153,0.8051
249,0.8449,0.7153,0.8102,0.7755,0.8139,0.8157,0.7755,0.823,0.8358,0.8412,0.8449,0.7153,0.8051
250,0.8449,0.7153,0.8102,0.7755,0.8139,0.8157,0.7755,0.823,0.8358,0.8412,0.8449,0.7153,0.8051
251,0.8449,0.7153,0.8102,0.7755,0.8139,0.8157,0.7755,0.823,0.8358,0.8412,0.8449,0.7153,0.8051
252,0.8449,0.7153,0.8102,0.7755,0.8139,0.8157,0.7755,0.823,0.8358,0.8412,0.8449,0.7153,0.8051
253,0.8449,0.7153,0.812,0.7755,0.8139,0.8157,0.7755,0.823,0.8394,0.8412,0.8449,0.7153,0.8056
254,0.8449,0.7153,0.812,0.7755,0.8139,0.8157,0.7755,0.823,0.8394,0.8412,0.8449,0.7153,0.8056
255,0.8449,0.7153,0.812,0.7755,0.8139,0.8157,0.7755,0.823,0.8394,0.8412,0.8449,0.7153,0.8056
256,0.8449,0.7153,0.812,0.7755,0.8139,0.8157,0.7755,0.823,0.8394,0.8431,0.8449,0.7153,0.8058
257,0.8449,0.7153,0.812,0.7755,0.8139,0.8157,0.7755,0.823,0.8394,0.8431,0.8449,0.7153,0.8058
258,0.8449,0.7153,0.812,0.7755,0.8139,0.8157,0.7755,0.823,0.8394,0.8431,0.8449,0.7153,0.8058
259,0.8449,0.7153,0.812,0.7755,0.8139,0.8157,0.7755,0.823,0.8394,0.8431,0.8449,0.7153,0.8058
260,0.8449,0.7153,0.812,0.7755,0.8139,0.8157,0.7755,0.823,0.8394,0.8431,0.8449,0.7153,0.8058
261,0.8449,0.7153,0.812,0.7755,0.8139,0.8157,0.7755,0.823,0.8394,0.8431,0.8449,0.7153,0.8058
262,0.8449,0.7153,0.812,0.7755,0.8139,0.8157,0.7755,0.823,0.8394,0.8431,0.8449,0.7153,0.8058
263,0.8449,0.7153,0.812,0.7755,0.8139,0.8157,0.7755,0.823,0.8394,0.8431,0.8449,0.7153,0.8058
264,0.8449,0.7153,0.812,0.7755,0.8139,0.8157,0.7755,0.823,0.8394,0.8431,0.8449,0.7153,0.8058
265,0.8449,0.7153,0.812,0.7755,0.8139,0.8157,0.7755,0.823,0.8394,0.8431,0.8449,0.7153,0.8058
266,0.8449,0.7153,0.812,0.7755,0.8139,0.8157,0.7755,0.823,0.8394,0.8431,0.8449,0.7153,0.8058
267,0.8449,0.7153,0.812,0.7755,0.8139,0.8157,0.7755,0.823,0.8394,0.8431,0.8449,0.7153,0.8058
268,0.8449,0.7153,0.812,0.7755,0.8139,0.8157,0.7755,0.823,0.8394,0.8431,0.8449,0.7153,0.8058
269,0.8449,0.7153,0.812,0.7755,0.8139,0.8157,0.7755,0.823,0.8394,0.8431,0.8449,0.7153,0.8058
270,0.8449,0.7153,0.812,0.7755,0.8139,0.8157,0.7755,0.823,0.8394,0.8431,0.8449,0.7153,0.8058
271,0.8449,0.7153,0.812,0.7755,0.8139,0.8157,0.7755,0.823,0.8394,0.8431,0.8449,0.7153,0.8058
272,0.8449,0.7153,0.812,0.7755,0.8139,0.8157,0.7755,0.823,0.8394,0.8431,0.8449,0.7153,0.8058
273,0.8449,0.7153,0.812,0.7755,0.8139,0.8157,0.7755,0.823,0.8394,0.8431,0.8449,0.7153,0.8058
274,0.8449,0.7153,0.812,0.7755,0.8139,0.8157,0.7755,0.823,0.8394,0.8431,0.8449,0.7153,0.8058
275,0.8449,0.7172,0.812,0.7755,0.8139,0.8157,0.7755,0.823,0.8394,0.8431,0.8449,0.7172,0.806
276,0.8449,0.7172,0.812,0.7755,0.8139,0.8157,0.7755,0.823,0.8394,0.8431,0.8449,0.7172,0.806
277,0.8449,0.7172,0.812,0.7755,0.8139,0.8175,0.7755,0.823,0.8394,0.8431,0.8449,0.7172,0.8062
278,0.8449,0.7172,0.812,0.7755,0.8139,0.8175,0.7755,0.823,0.8394,0.8431,0.8449,0.7172,0.8062
279,0.8449,0.7172,0.812,0.7755,0.8139,0.8175,0.7755,0.823,0.8394,0.8431,0.8449,0.7172,0.8062
280,0.8449,0.7172,0.812,0.7755,0.8139,0.8175,0.7755,0.823,0.8394,0.8431,0.8449,0.7172,0.8062
281,0.8449,0.7172,0.812,0.7755,0.8139,0.8175,0.7755,0.823,0.8394,0.8431,0.8449,0.7172,0.8062
282,0.8449,0.7172,0.812,0.7755,0.8139,0.8175,0.7755,0.823,0.8394,0.8431,0.8449,0.7172,0.8062
283,0.8449,0.7172,0.812,0.7755,0.8139,0.8175,0.7755,0.823,0.8394,0.8431,0.8449,0.7172,0.8062
284,0.8449,0.7172,0.812,0.7755,0.8139,0.8175,0.7774,0.823,0.8394,0.8431,0.8449,0.7172,0.8064
285,0.8449,0.7172,0.812,0.7755,0.8139,0.8175,0.7774,0.823,0.8394,0.8431,0.8449,0.7172,0.8064
286,0.8449,0.7172,0.812,0.7755,0.8139,0.8175,0.7774,0.823,0.8394,0.8431,0.8449,0.7172,0.8064
287,0.8449,0.7172,0.812,0.7755,0.8139,0.8175,0.7774,0.823,0.8394,0.8431,0.8449,0.7172,0.8064
288,0.8449,0.7172,0.812,0.7755,0.8139,0.8175,0.7774,0.823,0.8394,0.8431,0.8449,0.7172,0.8064
289,0.8449,0.7172,0.812,0.7755,0.8139,0.8175,0.7774,0.823,0.8394,0.8431,0.8449,0.7172,0.8064
290,0.8449,0.7172,0.812,0.7755,0.8139,0.8175,0.7792,0.823,0.8394,0.8431,0.8449,0.7172,0.8066
291,0.8449,0.7172,0.812,0.7755,0.8139,0.8175,0.7792,0.823,0.8394,0.8431,0.8449,0.7172,0.8066
292,0.8449,0.7172,0.812,0.7755,0.8139,0.8175,0.7792,0.823,0.8394,0.8431,0.8449,0.7172,0.8066
293,0.8449,0.7172,0.812,0.7755,0.8139,0.8175,0.7792,0.823,0.8394,0.8431,0.8449,0.7172,0.8066
294,0.8449,0.7172,0.812,0.7755,0.8139,0.8175,0.7792,0.823,0.8394,0.8431,0.8449,0.7172,0.8066
295,0.8449,0.7172,0.8175,0.7755,0.8139,0.8175,0.7792,0.823,0.8394,0.8431,0.8449,0.7172,0.8071
296,0.8449,0.7172,0.8175,0.7755,0.8139,0.8175,0.7792,0.823,0.8394,0.8431,0.8449,0.7172,0.8071
297,0.8449,0.7172,0.8175,0.7755,0.8139,0.8175,0.7792,0.823,0.8394,0.8431,0.8449,0.7172,0.8071
298,0.8449,0.7172,0.8175,0.7755,0.8139,0.8175,0.7792,0.823,0.8394,0.8431,0.8449,0.7172,0.8071
299,0.8449,0.7172,0.8175,0.7755,0.8139,0.8175,0.7792,0.823,0.8394,0.8431,0.8449,0.7172,0.8071
300,0.8449,0.7172,0.8175,0.7755,0.8139,0.8175,0.7792,0.823,0.8394,0.8431,0.8449,0.7172,0.8071
301,0.8449,0.7172,0.8175,0.7755,0.8139,0.8175,0.7792,0.823,0.8394,0.8431,0.8449,0.7172,0.8071
302,0.8449,0.7172,0.8175,0.7755,0.8139,0.8175,0.7792,0.823,0.8394,0.8431,0.8449,0.7172,0.8071
303,0.8449,0.7172,0.8175,0.7755,0.8139,0.8175,0.7792,0.823,0.8394,0.8431,0.8449,0.7172,0.8071
304,0.8449,0.7172,0.8175,0.7755,0.8139,0.8175,0.7792,0.823,0.8394,0.8431,0.8449,0.7172,0.8071
305,0.8449,0.7172,0.8175,0.7755,0.8139,0.8175,0.7792,0.823,0.8394,0.8431,0.8449,0.7172,0.8071
306,0.8449,0.7172,0.8175,0.7755,0.8139,0.8175,0.7792,0.823,0.8394,0.8431,0.8449,0.7172,0.8071
307,0.8449,0.7172,0.8175,0.7755,0.8139,0.8175,0.7792,0.823,0.8394,0.8431,0.8449,0.7172,0.8071
308,0.8449,0.7172,0.8175,0.7755,0.8139,0.8175,0.7792,0.823,0.8394,0.8449,0.8449,0.7172,0.8073
309,0.8449,0.7172,0.8175,0.7755,0.8139,0.8175,0.7792,0.823,0.8394,0.8449,0.8449,0.7172,0.8073
310,0.8449,0.7518,0.8175,0.7755,0.8139,0.8175,0.7792,0.8248,0.8394,0.8449,0.8449,0.7518,0.8109
311,0.8449,0.7518,0.8175,0.7755,0.8139,0.8175,0.7792,0.8248,0.8394,0.8449,0.8449,0.7518,0.8109
312,0.8449,0.7518,0.8175,0.7755,0.8139,0.8175,0.7792,0.8248,0.8394,0.8449,0.8449,0.7518,0.8109
313,0.8449,0.7518,0.8175,0.7755,0.8139,0.8175,0.7792,0.8248,0.8394,0.8449,0.8449,0.7518,0.8109
314,0.8449,0.7518,0.8175,0.7755,0.8139,0.8175,0.7792,0.8248,0.8394,0.8449,0.8449,0.7518,0.8109
315,0.8449,0.7518,0.8175,0.7755,0.8139,0.8175,0.7792,0.8248,0.8394,0.8449,0.8449,0.7518,0.8109
316,0.8449,0.7518,0.8175,0.7755,0.8139,0.8175,0.7792,0.8248,0.8394,0.8449,0.8449,0.7518,0.8109
317,0.8449,0.7518,0.8175,0.7755,0.8139,0.8175,0.7792,0.8431,0.8394,0.8449,0.8449,0.7518,0.8128
318,0.8449,0.7518,0.8175,0.7755,0.8139,0.8175,0.7792,0.8431,0.8394,0.8449,0.8449,0.7518,0.8128
319,0.8449,0.7518,0.8376,0.7755,0.8139,0.8175,0.7792,0.8431,0.8394,0.8449,0.8449,0.7518,0.8148
320,0.8449,0.7518,0.8376,0.7755,0.8139,0.8175,0.7792,0.8431,0.8394,0.8449,0.8449,0.7518,0.8148
321,0.8449,0.7518,0.8376,0.7755,0.8139,0.8175,0.7792,0.8431,0.8394,0.8449,0.8449,0.7518,0.8148
322,0.8449,0.7518,0.8376,0.7755,0.8139,0.8175,0.7792,0.8431,0.8394,0.8449,0.8449,0.7518,0.8148
323,0.8449,0.7518,0.8376,0.7755,0.8139,0.8175,0.7792,0.8431,0.8394,0.8449,0.8449,0.7518,0.8148
324,0.8449,0.7518,0.8376,0.7755,0.8139,0.8175,0.7792,0.8431,0.8394,0.8449,0.8449,0.7518,0.8148
325,0.8449,0.7518,0.8376,0.7755,0.8139,0.8175,0.7792,0.8431,0.8394,0.8449,0.8449,0.7518,0.8148
326,0.8449,0.7518,0.8376,0.7755,0.8139,0.8175,0.7792,0.8431,0.8394,0.8449,0.8449,0.7518,0.8148
327,0.8449,0.7518,0.8376,0.7755,0.8139,0.8175,0.7792,0.8431,0.8394,0.8449,0.8449,0.7518,0.8148
328,0.8449,0.7518,0.8376,0.7755,0.8139,0.8175,0.7792,0.8431,0.8394,0.8449,0.8449,0.7518,0.8148
329,0.8449,0.7518,0.8376,0.7755,0.8139,0.8175,0.7792,0.8431,0.8394,0.8449,0.8449,0.7518,0.8148
330,0.8449,0.7518,0.8376,0.7755,0.8139,0.8175,0.7792,0.8431,0.8394,0.8449,0.8449,0.7518,0.8148
331,0.8449,0.7518,0.8376,0.7755,0.8139,0.8175,0.7792,0.8504,0.8394,0.8449,0.8504,0.7518,0.8155
332,0.8449,0.7518,0.8376,0.7755,0.8139,0.8175,0.7792,0.8504,0.8394,0.8449,0.8504,0.7518,0.8155
333,0.8449,0.7518,0.8376,0.7755,0.8139,0.8175,0.7792,0.8504,0.8394,0.8449,0.8504,0.7518,0.8155
334,0.8449,0.7518,0.8376,0.7755,0.8139,0.8175,0.7792,0.8504,0.8394,0.8449,0.8504,0.7518,0.8155
335,0.8449,0.7518,0.8376,0.7755,0.8139,0.8175,0.7792,0.8504,0.8394,0.8449,0.8504,0.7518,0.8155
336,0.8449,0.7518,0.8376,0.7755,0.8139,0.8175,0.7792,0.8504,0.8394,0.8449,0.8504,0.7518,0.8155
337,0.8449,0.7518,0.8376,0.7755,0.8139,0.8175,0.7792,0.8504,0.8394,0.8449,0.8504,0.7518,0.8155
338,0.8449,0.7518,0.8376,0.7755,0.8139,0.8175,0.7792,0.8504,0.8394,0.8449,0.8504,0.7518,0.8155
339,0.8449,0.7518,0.8376,0.7755,0.8139,0.8175,0.7792,0.8504,0.8394,0.8449,0.8504,0.7518,0.8155
340,0.8449,0.7518,0.8376,0.7755,0.8139,0.8175,0.7792,0.8504,0.8394,0.8449,0.8504,0.7518,0.8155
341,0.8449,0.7518,0.8376,0.7755,0.8139,0.8175,0.7792,0.8504,0.8394,0.8449,0.8504,0.7518,0.8155
342,0.8449,0.7518,0.8376,0.7755,0.8139,0.8175,0.7792,0.8504,0.8394,0.8449,0.8504,0.7518,0.8155
343,0.8449,0.7518,0.8376,0.7755,0.8139,0.8175,0.7792,0.8504,0.8394,0.8449,0.8504,0.7518,0.8155
344,0.8449,0.7518,0.8376,0.7755,0.8139,0.8175,0.7792,0.8504,0.8394,0.8449,0.8504,0.7518,0.8155
345,0.8449,0.7518,0.8376,0.7755,0.8139,0.8175,0.7792,0.8504,0.8394,0.8449,0.8504,0.7518,0.8155
346,0.8449,0.7518,0.8376,0.7755,0.8139,0.8175,0.7792,0.8504,0.8394,0.8449,0.8504,0.7518,0.8155
347,0.8449,0.7518,0.8376,0.7755,0.8139,0.8175,0.7792,0.8504,0.8394,0.8449,0.8504,0.7518,0.8155
348,0.8449,0.7518,0.8376,0.7755,0.8139,0.8175,0.7792,0.8504,0.8394,0.854,0.854,0.7518,0.8164
349,0.8449,0.7518,0.8376,0.7755,0.8139,0.8175,0.7792,0.8504,0.8394,0.854,0.854,0.7518,0.8164
350,0.8449,0.7518,0.8376,0.7755,0.8139,0.8175,0.781,0.8504,0.8394,0.854,0.854,0.7518,0.8166
351,0.8449,0.7518,0.8376,0.7755,0.8139,0.8175,0.781,0.8504,0.8394,0.854,0.854,0.7518,0.8166
352,0.8449,0.7518,0.8376,0.7755,0.8139,0.8175,0.781,0.8504,0.8394,0.854,0.854,0.7518,0.8166
353,0.8449,0.7518,0.8376,0.7755,0.8139,0.8175,0.781,0.8504,0.8394,0.854,0.854,0.7518,0.8166
354,0.8449,0.7518,0.8376,0.7755,0.8139,0.8175,0.781,0.8504,0.8394,0.854,0.854,0.7518,0.8166
355,0.8449,0.7518,0.8376,0.7755,0.8139,0.8175,0.781,0.8504,0.8394,0.854,0.854,0.7518,0.8166
356,0.8449,0.7518,0.8376,0.7755,0.8139,0.8175,0.781,0.8504,0.8394,0.854,0.854,0.7518,0.8166
357,0.8449,0.7518,0.8376,0.7755,0.8139,0.8175,0.781,0.8504,0.8394,0.854,0.854,0.7518,0.8166
358,0.8449,0.7518,0.8376,0.7755,0.8139,0.8175,0.781,0.8504,0.8394,0.854,0.854,0.7518,0.8166
359,0.8449,0.7518,0.8376,0.7755,0.8139,0.8175,0.781,0.8504,0.8394,0.854,0.854,0.7518,0.8166
360,0.8449,0.7518,0.8376,0.7755,0.8139,0.8175,0.781,0.8504,0.8394,0.854,0.854,0.7518,0.8166
361,0.8449,0.7518,0.8376,0.7755,0.8139,0.8175,0.781,0.8522,0.8394,0.854,0.854,0.7518,0.8168
362,0.8449,0.7518,0.8376,0.7755,0.8139,0.8175,0.781,0.8522,0.8394,0.854,0.854,0.7518,0.8168
363,0.8449,0.7518,0.8376,0.7755,0.8139,0.8175,0.781,0.8522,0.8394,0.854,0.854,0.7518,0.8168
364,0.8449,0.7518,0.8394,0.7755,0.8139,0.8175,0.781,0.8522,0.8394,0.854,0.854,0.7518,0.817
365,0.8449,0.7518,0.8394,0.7755,0.8139,0.8175,0.781,0.8522,0.8394,0.854,0.854,0.7518,0.817
366,0.8449,0.7518,0.8394,0.7755,0.8139,0.8175,0.781,0.8522,0.8394,0.854,0.854,0.7518,0.817
367,0.8449,0.7518,0.8394,0.7755,0.8139,0.8175,0.781,0.8522,0.8394,0.854,0.854,0.7518,0.817
368,0.8449,0.7518,0.8394,0.7755,0.8139,0.8175,0.781,0.8522,0.8394,0.854,0.854,0.7518,0.817
369,0.8449,0.7518,0.8394,0.7755,0.8139,0.8175,0.781,0.8522,0.8394,0.854,0.854,0.7518,0.817
370,0.8449,0.7518,0.8394,0.7755,0.8139,0.8175,0.781,0.8522,0.8394,0.854,0.854,0.7518,0.817
371,0.8449,0.7518,0.8558,0.7755,0.8139,0.8175,0.781,0.8522,0.8394,0.854,0.8558,0.7518,0.8186
372,0.8449,0.7518,0.8558,0.7755,0.8139,0.8175,0.781,0.8522,0.8394,0.854,0.8558,0.7518,0.8186
373,0.8449,0.7518,0.8558,0.7755,0.8139,0.8175,0.781,0.8522,0.8394,0.854,0.8558,0.7518,0.8186
374,0.8449,0.7518,0.8558,0.7755,0.8139,0.8175,0.781,0.8522,0.8394,0.854,0.8558,0.7518,0.8186
375,0.8449,0.7518,0.8558,0.7755,0.8139,0.8175,0.781,0.8522,0.8394,0.854,0.8558,0.7518,0.8186
376,0.8449,0.7518,0.8558,0.7755,0.8139,0.8175,0.781,0.8522,0.8394,0.854,0.8558,0.7518,0.8186
377,0.8449,0.7518,0.8558,0.7755,0.8139,0.8175,0.781,0.8522,0.8394,0.854,0.8558,0.7518,0.8186
378,0.8449,0.7518,0.8558,0.7755,0.8139,0.8175,0.781,0.8522,0.8394,0.854,0.8558,0.7518,0.8186
379,0.8449,0.7518,0.8558,0.7755,0.8139,0.8175,0.781,0.8522,0.8394,0.854,0.8558,0.7518,0.8186
380,0.8449,0.7518,0.8558,0.7755,0.8139,0.8175,0.781,0.8522,0.8394,0.854,0.8558,0.7518,0.8186
381,0.8449,0.7518,0.8558,0.7774,0.8139,0.8175,0.781,0.8522,0.8394,0.854,0.8558,0.7518,0.8188
382,0.8449,0.7518,0.8558,0.7774,0.8139,0.8175,0.781,0.8522,0.8394,0.854,0.8558,0.7518,0.8188
383,0.8449,0.7518,0.8558,0.7774,0.8139,0.8175,0.781,0.8522,0.8394,0.854,0.8558,0.7518,0.8188
384,0.8449,0.7518,0.8558,0.781,0.8139,0.8175,0.781,0.8522,0.8394,0.854,0.8558,0.7518,0.8191
385,0.8449,0.7518,0.8558,0.781,0.8139,0.8175,0.781,0.8522,0.8394,0.854,0.8558,0.7518,0.8191
386,0.8449,0.7518,0.8558,0.781,0.8139,0.8175,0.781,0.8522,0.8394,0.854,0.8558,0.7518,0.8191
387,0.8449,0.7518,0.8558,0.781,0.8139,0.8175,0.781,0.8522,0.8394,0.854,0.8558,0.7518,0.8191
388,0.8449,0.7518,0.8558,0.781,0.8139,0.8175,0.781,0.8522,0.8394,0.854,0.8558,0.7518,0.8191
389,0.8449,0.7518,0.8558,0.781,0.8139,0.8175,0.781,0.8522,0.8394,0.854,0.8558,0.7518,0.8191
390,0.8449,0.7518,0.8558,0.781,0.8139,0.8175,0.781,0.8522,0.8394,0.854,0.8558,0.7518,0.8191
391,0.8467,0.7518,0.8558,0.781,0.8139,0.8175,0.781,0.8522,0.8394,0.854,0.8558,0.7518,0.8193
392,0.8467,0.7518,0.8558,0.781,0.8139,0.8175,0.781,0.8522,0.8394,0.854,0.8558,0.7518,0.8193
393,0.8467,0.7518,0.8558,0.781,0.8139,0.8175,0.781,0.8522,0.8394,0.854,0.8558,0.7518,0.8193
394,0.8467,0.7518,0.8558,0.781,0.8139,0.8175,0.781,0.8522,0.8394,0.854,0.8558,0.7518,0.8193
395,0.8467,0.7518,0.8558,0.781,0.8139,0.8175,0.781,0.8522,0.8394,0.854,0.8558,0.7518,0.8193
396,0.8467,0.7518,0.8558,0.781,0.8139,0.8175,0.781,0.8522,0.8394,0.854,0.8558,0.7518,0.8193
397,0.8467,0.7518,0.8558,0.781,0.8139,0.8175,0.781,0.8522,0.8394,0.854,0.8558,0.7518,0.8193
398,0.8467,0.7518,0.8558,0.781,0.8139,0.8175,0.781,0.8522,0.8394,0.854,0.8558,0.7518,0.8193
399,0.8467,0.7518,0.8558,0.781,0.8139,0.8175,0.781,0.8522,0.8394,0.854,0.8558,0.7518,0.8193
400,0.8467,0.7518,0.8558,0.781,0.8139,0.8175,0.781,0.8522,0.8394,0.854,0.8558,0.7518,0.8193
401,0.8467,0.7518,0.8558,0.781,0.8139,0.8175,0.781,0.8522,0.8394,0.854,0.8558,0.7518,0.8193
402,0.8467,0.7518,0.8558,0.781,0.8139,0.8175,0.781,0.8522,0.8394,0.854,0.8558,0.7518,0.8193
403,0.8467,0.7518,0.8558,0.781,0.8139,0.8175,0.781,0.8522,0.8394,0.854,0.8558,0.7518,0.8193
404,0.8467,0.7518,0.8558,0.781,0.8139,0.8175,0.781,0.8522,0.8394,0.854,0.8558,0.7518,0.8193
405,0.8467,0.7518,0.8558,0.781,0.8139,0.8175,0.781,0.8522,0.8394,0.854,0.8558,0.7518,0.8193
406,0.8467,0.7518,0.8558,0.781,0.8139,0.8175,0.781,0.8522,0.8394,0.854,0.8558,0.7518,0.8193
407,0.8467,0.7518,0.8558,0.781,0.8139,0.8175,0.781,0.8522,0.8394,0.854,0.8558,0.7518,0.8193
408,0.8467,0.7518,0.8558,0.781,0.8139,0.8175,0.781,0.8522,0.8394,0.854,0.8558,0.7518,0.8193
409,0.8467,0.7518,0.8558,0.781,0.8139,0.8175,0.781,0.8522,0.8394,0.854,0.8558,0.7518,0.8193
410,0.8467,0.7518,0.8558,0.781,0.8139,0.8175,0.781,0.8522,0.8394,0.854,0.8558,0.7518,0.8193
411,0.8485,0.7518,0.8558,0.781,0.8139,0.8175,0.781,0.8522,0.8394,0.854,0.8558,0.7518,0.8195
412,0.8485,0.7518,0.8558,0.781,0.8139,0.8175,0.781,0.8522,0.8394,0.854,0.8558,0.7518,0.8195
413,0.8485,0.7555,0.8558,0.781,0.8139,0.8175,0.781,0.8522,0.8394,0.854,0.8558,0.7555,0.8199
414,0.8485,0.7555,0.8558,0.781,0.8139,0.8175,0.781,0.8522,0.8394,0.854,0.8558,0.7555,0.8199
415,0.8485,0.7555,0.8558,0.781,0.8139,0.8175,0.781,0.8522,0.8394,0.854,0.8558,0.7555,0.8199
416,0.8485,0.7555,0.8558,0.781,0.8139,0.8175,0.781,0.8522,0.8394,0.854,0.8558,0.7555,0.8199
417,0.8485,0.7555,0.8558,0.781,0.8139,0.8175,0.781,0.8522,0.8394,0.854,0.8558,0.7555,0.8199
418,0.8485,0.7555,0.8558,0.781,0.8139,0.8175,0.781,0.8522,0.8394,0.854,0.8558,0.7555,0.8199
419,0.8485,0.7555,0.8558,0.781,0.8139,0.8175,0.781,0.854,0.8394,0.854,0.8558,0.7555,0.8201
420,0.8485,0.7555,0.8558,0.781,0.8139,0.8175,0.781,0.854,0.8394,0.854,0.8558,0.7555,0.8201
421,0.8485,0.7555,0.8558,0.781,0.8139,0.8175,0.781,0.854,0.8394,0.854,0.8558,0.7555,0.8201
422,0.8485,0.7555,0.8558,0.781,0.8139,0.8175,0.781,0.854,0.8394,0.854,0.8558,0.7555,0.8201
423,0.8485,0.7555,0.8558,0.781,0.8139,0.8175,0.781,0.854,0.8394,0.854,0.8558,0.7555,0.8201
424,0.854,0.7555,0.8558,0.781,0.8139,0.8175,0.781,0.854,0.8394,0.854,0.8558,0.7555,0.8206
425,0.8595,0.7555,0.8558,0.781,0.8139,0.8175,0.781,0.854,0.8394,0.854,0.8595,0.7555,0.8212
426,0.8595,0.7555,0.8558,0.781,0.8139,0.8175,0.781,0.854,0.8412,0.854,0.8595,0.7555,0.8213
427,0.8595,0.7555,0.8558,0.781,0.8139,0.8175,0.781,0.854,0.8412,0.854,0.8595,0.7555,0.8213
428,0.8595,0.7555,0.8558,0.781,0.8139,0.8175,0.781,0.854,0.8412,0.854,0.8595,0.7555,0.8213
429,0.8595,0.7555,0.8558,0.781,0.8139,0.8175,0.781,0.854,0.8412,0.854,0.8595,0.7555,0.8213
430,0.8595,0.7555,0.8558,0.781,0.8139,0.8175,0.781,0.854,0.8412,0.8558,0.8595,0.7555,0.8215
431,0.8595,0.7573,0.8558,0.781,0.8139,0.8175,0.781,0.854,0.8412,0.8558,0.8595,0.7573,0.8217
432,0.8595,0.7573,0.8558,0.781,0.8139,0.8175,0.781,0.854,0.8412,0.8558,0.8595,0.7573,0.8217
433,0.8595,0.7573,0.8558,0.781,0.8139,0.8175,0.781,0.854,0.8412,0.8558,0.8595,0.7573,0.8217
434,0.8595,0.7573,0.8558,0.781,0.8139,0.8175,0.781,0.854,0.8412,0.8558,0.8595,0.7573,0.8217
435,0.8595,0.7591,0.8558,0.781,0.8139,0.8175,0.781,0.854,0.8412,0.8558,0.8595,0.7591,0.8219
436,0.8595,0.7591,0.8558,0.781,0.8139,0.8175,0.781,0.854,0.8412,0.8558,0.8595,0.7591,0.8219
437,0.8595,0.7591,0.8558,0.781,0.8139,0.8175,0.781,0.854,0.8412,0.8558,0.8595,0.7591,0.8219
438,0.8595,0.7591,0.8558,0.781,0.8139,0.8175,0.781,0.854,0.8412,0.8558,0.8595,0.7591,0.8219
439,0.8595,0.7591,0.8558,0.781,0.8139,0.8175,0.781,0.854,0.8412,0.8558,0.8595,0.7591,0.8219
440,0.8595,0.7591,0.8558,0.781,0.8139,0.8175,0.781,0.854,0.8412,0.8558,0.8595,0.7591,0.8219
441,0.8595,0.7591,0.8558,0.781,0.8139,0.8175,0.781,0.854,0.8412,0.8558,0.8595,0.7591,0.8219
442,0.8595,0.7591,0.8558,0.781,0.8139,0.8175,0.781,0.854,0.8412,0.8558,0.8595,0.7591,0.8219
443,0.8595,0.7591,0.8558,0.781,0.8139,0.8175,0.781,0.854,0.8412,0.8558,0.8595,0.7591,0.8219
444,0.8595,0.7591,0.8558,0.781,0.8139,0.8175,0.781,0.854,0.8412,0.8558,0.8595,0.7591,0.8219
445,0.8595,0.7591,0.8558,0.781,0.8139,0.8175,0.781,0.854,0.8412,0.8558,0.8595,0.7591,0.8219
446,0.8595,0.7591,0.8558,0.781,0.8139,0.8175,0.781,0.854,0.8412,0.8558,0.8595,0.7591,0.8219
447,0.8595,0.7591,0.8558,0.781,0.8139,0.8175,0.781,0.854,0.8412,0.8558,0.8595,0.7591,0.8219
448,0.8595,0.7591,0.8558,0.781,0.8139,0.8175,0.781,0.854,0.8412,0.8558,0.8595,0.7591,0.8219
449,0.8595,0.7591,0.8558,0.781,0.8139,0.8175,0.781,0.854,0.8412,0.8558,0.8595,0.7591,0.8219
450,0.8595,0.7591,0.8558,0.781,0.8139,0.8175,0.781,0.854,0.8412,0.8558,0.8595,0.7591,0.8219
451,0.8595,0.7591,0.8558,0.781,0.8139,0.8175,0.781,0.854,0.8412,0.8558,0.8595,0.7591,0.8219
452,0.8595,0.7591,0.8558,0.781,0.8139,0.8175,0.781,0.854,0.8412,0.8558,0.8595,0.7591,0.8219
453,0.8595,0.7591,0.8558,0.781,0.8139,0.8175,0.781,0.854,0.8412,0.8558,0.8595,0.7591,0.8219
454,0.8595,0.7591,0.8558,0.781,0.8139,0.8175,0.781,0.854,0.8412,0.8558,0.8595,0.7591,0.8219
455,0.8595,0.7591,0.8558,0.781,0.8139,0.8175,0.781,0.854,0.8412,0.8558,0.8595,0.7591,0.8219
456,0.8595,0.7591,0.8558,0.781,0.8139,0.8175,0.781,0.854,0.8412,0.8558,0.8595,0.7591,0.8219
457,0.8595,0.7591,0.8558,0.781,0.8139,0.8175,0.781,0.854,0.8412,0.8558,0.8595,0.7591,0.8219
458,0.8595,0.7591,0.8558,0.781,0.8139,0.8175,0.781,0.854,0.8412,0.8558,0.8595,0.7591,0.8219
459,0.8595,0.7591,0.8558,0.781,0.8139,0.8175,0.781,0.854,0.8412,0.8558,0.8595,0.7591,0.8219
460,0.8595,0.7591,0.8558,0.781,0.8139,0.8175,0.781,0.854,0.8412,0.8558,0.8595,0.7591,0.8219
461,0.8595,0.7591,0.8558,0.781,0.8139,0.8175,0.781,0.854,0.8412,0.8558,0.8595,0.7591,0.8219
462,0.8595,0.7591,0.8558,0.781,0.8139,0.8175,0.781,0.854,0.8412,0.8558,0.8595,0.7591,0.8219
463,0.8595,0.7591,0.8558,0.781,0.8139,0.8175,0.781,0.854,0.8412,0.8558,0.8595,0.7591,0.8219
464,0.8595,0.7591,0.8558,0.781,0.8139,0.8175,0.781,0.854,0.8412,0.8558,0.8595,0.7591,0.8219
465,0.8595,0.7591,0.8558,0.781,0.8139,0.8175,0.781,0.854,0.8412,0.8558,0.8595,0.7591,0.8219
466,0.8595,0.7591,0.8558,0.781,0.8139,0.8175,0.781,0.854,0.8412,0.8558,0.8595,0.7591,0.8219
467,0.8595,0.7591,0.8558,0.781,0.8139,0.8175,0.781,0.854,0.8412,0.8558,0.8595,0.7591,0.8219
468,0.8595,0.7591,0.8558,0.781,0.8139,0.8175,0.781,0.854,0.8412,0.8558,0.8595,0.7591,0.8219
469,0.8595,0.7591,0.8558,0.781,0.8139,0.8175,0.781,0.854,0.8412,0.8558,0.8595,0.7591,0.8219
470,0.8595,0.7591,0.8558,0.781,0.8139,0.8175,0.7847,0.854,0.8412,0.8558,0.8595,0.7591,0.8223
471,0.8595,0.7591,0.8558,0.781,0.8139,0.8175,0.7847,0.854,0.8412,0.8558,0.8595,0.7591,0.8223
472,0.8595,0.7591,0.8558,0.781,0.8139,0.8175,0.7847,0.854,0.8412,0.8558,0.8595,0.7591,0.8223
473,0.8595,0.7591,0.8577,0.781,0.8139,0.8175,0.7847,0.854,0.8412,0.8558,0.8595,0.7591,0.8224
474,0.8595,0.7591,0.8577,0.781,0.8139,0.8175,0.7847,0.854,0.8412,0.8558,0.8595,0.7591,0.8224
475,0.8595,0.7591,0.8577,0.781,0.8139,0.8175,0.7847,0.854,0.8412,0.8558,0.8595,0.7591,0.8224
476,0.8595,0.7591,0.8577,0.781,0.8139,0.8175,0.7847,0.854,0.8412,0.8558,0.8595,0.7591,0.8224
477,0.8595,0.7591,0.8577,0.781,0.8139,0.8175,0.7847,0.854,0.8412,0.8558,0.8595,0.7591,0.8224
478,0.8595,0.7591,0.8577,0.781,0.8139,0.8175,0.7847,0.854,0.8412,0.8558,0.8595,0.7591,0.8224
479,0.8595,0.7591,0.8577,0.781,0.8139,0.8175,0.7847,0.854,0.8412,0.8558,0.8595,0.7591,0.8224
480,0.8595,0.7591,0.8577,0.781,0.8139,0.8175,0.7847,0.854,0.8412,0.8558,0.8595,0.7591,0.8224
481,0.8595,0.7591,0.8577,0.781,0.8139,0.8175,0.7847,0.854,0.8412,0.8558,0.8595,0.7591,0.8224
482,0.8595,0.7591,0.8577,0.781,0.8139,0.8175,0.7847,0.854,0.8412,0.8558,0.8595,0.7591,0.8224
483,0.8595,0.7591,0.8577,0.781,0.8139,0.8175,0.7847,0.854,0.8412,0.8558,0.8595,0.7591,0.8224
484,0.8595,0.7591,0.8577,0.781,0.8139,0.8175,0.7847,0.854,0.8412,0.8558,0.8595,0.7591,0.8224
485,0.8595,0.7591,0.8577,0.781,0.8139,0.8175,0.7847,0.8558,0.8412,0.8558,0.8595,0.7591,0.8226
486,0.8595,0.7591,0.8577,0.781,0.8139,0.8175,0.7847,0.8558,0.8412,0.8558,0.8595,0.7591,0.8226
487,0.8595,0.7591,0.8577,0.781,0.8139,0.8175,0.7847,0.8558,0.8412,0.8558,0.8595,0.7591,0.8226
488,0.8595,0.7591,0.8577,0.781,0.8139,0.8175,0.7847,0.8558,0.8412,0.8558,0.8595,0.7591,0.8226
489,0.8595,0.7591,0.8577,0.781,0.8139,0.8175,0.7847,0.8558,0.8412,0.8558,0.8595,0.7591,0.8226
490,0.8595,0.7591,0.8577,0.781,0.8157,0.8175,0.7847,0.8558,0.8412,0.8558,0.8595,0.7591,0.8228
491,0.8595,0.7591,0.8577,0.781,0.8157,0.8175,0.7847,0.8558,0.8412,0.8558,0.8595,0.7591,0.8228
492,0.8595,0.7591,0.8577,0.781,0.8157,0.8175,0.7847,0.8558,0.8412,0.8558,0.8595,0.7591,0.8228
493,0.8595,0.7591,0.8577,0.781,0.8157,0.8175,0.7847,0.8558,0.8412,0.8558,0.8595,0.7591,0.8228
494,0.8595,0.7591,0.8577,0.781,0.8157,0.8175,0.7847,0.8558,0.8412,0.8558,0.8595,0.7591,0.8228
495,0.8595,0.7591,0.8577,0.781,0.8157,0.8175,0.8285,0.8558,0.8412,0.8558,0.8595,0.7591,0.8272
496,0.8595,0.7591,0.8577,0.781,0.8157,0.8175,0.8285,0.8558,0.8412,0.8558,0.8595,0.7591,0.8272
497,0.8595,0.7591,0.8577,0.781,0.8157,0.8175,0.8412,0.8558,0.8412,0.8558,0.8595,0.7591,0.8284
498,0.8595,0.7591,0.8577,0.781,0.8157,0.8175,0.8412,0.8558,0.8412,0.8558,0.8595,0.7591,0.8284
499,0.8595,0.7591,0.8577,0.781,0.8157,0.8175,0.8412,0.8558,0.8412,0.8558,0.8595,0.7591,0.8284
500,0.8595,0.7591,0.8577,0.781,0.8157,0.8175,0.8412,0.8558,0.8412,0.8558,0.8595,0.7591,0.8284
501,0.8595,0.7591,0.8577,0.781,0.8157,0.8175,0.8412,0.8558,0.8412,0.8558,0.8595,0.7591,0.8284
502,0.8595,0.7591,0.8577,0.781,0.8157,0.8175,0.8412,0.8558,0.8412,0.8558,0.8595,0.7591,0.8284
503,0.8595,0.7591,0.8577,0.781,0.8157,0.8175,0.8412,0.8558,0.8412,0.8558,0.8595,0.7591,0.8284
504,0.8595,0.7591,0.8577,0.781,0.8157,0.8175,0.8412,0.8558,0.8412,0.8558,0.8595,0.7591,0.8284
505,0.8595,0.7591,0.8577,0.781,0.8157,0.8175,0.8412,0.8558,0.8412,0.8558,0.8595,0.7591,0.8284
506,0.8595,0.7591,0.8577,0.781,0.8157,0.8175,0.8412,0.8558,0.8412,0.8558,0.8595,0.7591,0.8284
507,0.8595,0.7591,0.8577,0.781,0.8157,0.8175,0.8412,0.8558,0.8412,0.8558,0.8595,0.7591,0.8284
508,0.8595,0.7609,0.8577,0.781,0.8157,0.8175,0.8412,0.8558,0.8412,0.8558,0.8595,0.7609,0.8286
509,0.8595,0.7609,0.8577,0.781,0.8157,0.8175,0.8431,0.8558,0.8412,0.8558,0.8595,0.7609,0.8288
510,0.8595,0.7609,0.8577,0.781,0.8157,0.8175,0.8431,0.8558,0.8412,0.8558,0.8595,0.7609,0.8288
511,0.8595,0.7609,0.8577,0.781,0.8157,0.8175,0.8431,0.8558,0.8412,0.8558,0.8595,0.7609,0.8288
512,0.8595,0.7609,0.8577,0.781,0.8157,0.8175,0.8431,0.8558,0.8412,0.8558,0.8595,0.7609,0.8288
513,0.8595,0.7609,0.8577,0.781,0.8157,0.8175,0.8431,0.8558,0.8412,0.8558,0.8595,0.7609,0.8288
514,0.8595,0.7609,0.8577,0.781,0.8157,0.8175,0.8431,0.8558,0.8412,0.8558,0.8595,0.7609,0.8288
515,0.8595,0.7609,0.8577,0.792,0.8157,0.8175,0.8431,0.8558,0.8412,0.8558,0.8595,0.7609,0.8299
516,0.8595,0.7609,0.8577,0.792,0.8157,0.8175,0.8431,0.8558,0.8412,0.8558,0.8595,0.7609,0.8299
517,0.8595,0.7609,0.8577,0.792,0.8157,0.8175,0.8431,0.8558,0.8412,0.8558,0.8595,0.7609,0.8299
518,0.8595,0.7609,0.8577,0.792,0.8157,0.8175,0.8431,0.8558,0.8412,0.8558,0.8595,0.7609,0.8299
519,0.8595,0.7609,0.8577,0.792,0.8157,0.8175,0.8431,0.8558,0.8431,0.8558,0.8595,0.7609,0.8301
520,0.8595,0.7609,0.8577,0.792,0.8157,0.8175,0.8431,0.8558,0.8431,0.8558,0.8595,0.7609,0.8301
521,0.8595,0.7609,0.8577,0.792,0.8157,0.8175,0.8431,0.8558,0.8431,0.8558,0.8595,0.7609,0.8301
522,0.8595,0.7609,0.8577,0.792,0.8157,0.8175,0.8431,0.8558,0.8431,0.8558,0.8595,0.7609,0.8301
523,0.8595,0.7609,0.8577,0.792,0.8157,0.8175,0.8431,0.8558,0.8431,0.8558,0.8595,0.7609,0.8301
524,0.8595,0.7609,0.8577,0.792,0.8157,0.8175,0.8431,0.8558,0.8431,0.8558,0.8595,0.7609,0.8301
525,0.8595,0.7609,0.8577,0.792,0.8157,0.8175,0.8449,0.8558,0.8431,0.8558,0.8595,0.7609,0.8303
526,0.8595,0.7609,0.8577,0.792,0.8157,0.8175,0.8449,0.8558,0.8431,0.8558,0.8595,0.7609,0.8303
527,0.8595,0.7609,0.8595,0.792,0.8157,0.8175,0.8449,0.8558,0.8431,0.8558,0.8595,0.7609,0.8305
528,0.8595,0.7609,0.8595,0.792,0.8157,0.8175,0.8449,0.8558,0.8431,0.8558,0.8595,0.7609,0.8305
529,0.8595,0.7609,0.8595,0.792,0.8157,0.8175,0.8449,0.8558,0.8431,0.8558,0.8595,0.7609,0.8305
530,0.8595,0.7609,0.8595,0.7993,0.8157,0.8175,0.8449,0.8558,0.8431,0.8558,0.8595,0.7609,0.8312
531,0.8595,0.7609,0.8595,0.7993,0.8157,0.8175,0.8449,0.8595,0.8431,0.8558,0.8595,0.7609,0.8316
532,0.8595,0.7609,0.8595,0.7993,0.8157,0.8175,0.8449,0.8595,0.8431,0.8558,0.8595,0.7609,0.8316
533,0.8595,0.7609,0.8595,0.7993,0.8157,0.8175,0.8449,0.8595,0.8431,0.8558,0.8595,0.7609,0.8316
534,0.8595,0.7609,0.8595,0.8011,0.8157,0.8175,0.8449,0.8595,0.8431,0.8558,0.8595,0.7609,0.8317
535,0.8595,0.7609,0.8595,0.8011,0.8157,0.8175,0.8449,0.8631,0.8431,0.8558,0.8631,0.7609,0.8321
536,0.8595,0.7609,0.8595,0.8011,0.8157,0.8175,0.8449,0.8631,0.8431,0.8558,0.8631,0.7609,0.8321
537,0.8595,0.7609,0.8595,0.8011,0.8157,0.8175,0.8449,0.8631,0.8431,0.8558,0.8631,0.7609,0.8321
538,0.8595,0.7609,0.8595,0.8011,0.8157,0.8175,0.8449,0.8631,0.8431,0.8558,0.8631,0.7609,0.8321
539,0.8595,0.7609,0.8595,0.8011,0.8157,0.8175,0.8449,0.8631,0.8431,0.8558,0.8631,0.7609,0.8321
540,0.8595,0.7609,0.8595,0.8011,0.8175,0.8175,0.8449,0.8631,0.8431,0.8558,0.8631,0.7609,0.8323
541,0.8595,0.7609,0.8595,0.8011,0.8175,0.8175,0.8449,0.8631,0.8431,0.8558,0.8631,0.7609,0.8323
542,0.8595,0.7609,0.8595,0.8011,0.8175,0.8175,0.8449,0.8631,0.8431,0.8558,0.8631,0.7609,0.8323
543,0.8595,0.7609,0.8595,0.8011,0.8175,0.8175,0.8449,0.8631,0.8431,0.8558,0.8631,0.7609,0.8323
544,0.8595,0.7609,0.8595,0.8011,0.8175,0.8175,0.8449,0.8631,0.8431,0.8558,0.8631,0.7609,0.8323
545,0.8595,0.7609,0.8595,0.8011,0.8175,0.8175,0.8449,0.8631,0.8431,0.8558,0.8631,0.7609,0.8323
546,0.8595,0.7609,0.8595,0.8011,0.8175,0.8175,0.8449,0.8631,0.8431,0.8558,0.8631,0.7609,0.8323
547,0.8595,0.7609,0.8595,0.8011,0.8175,0.8175,0.8449,0.8631,0.8431,0.8558,0.8631,0.7609,0.8323
548,0.8595,0.7609,0.8595,0.8011,0.8175,0.8175,0.8449,0.8631,0.8431,0.8558,0.8631,0.7609,0.8323
549,0.8595,0.7609,0.8595,0.8011,0.8175,0.8175,0.8449,0.8631,0.8431,0.8558,0.8631,0.7609,0.8323
550,0.8595,0.7609,0.8595,0.8011,0.8175,0.8175,0.8449,0.8631,0.8431,0.8558,0.8631,0.7609,0.8323
551,0.8595,0.7609,0.8595,0.8011,0.8175,0.8175,0.8449,0.8631,0.8431,0.8558,0.8631,0.7609,0.8323
552,0.8595,0.7609,0.8595,0.8011,0.8175,0.8175,0.8449,0.8631,0.8431,0.8558,0.8631,0.7609,0.8323
553,0.8595,0.7609,0.8595,0.8011,0.8175,0.8175,0.8449,0.8631,0.8431,0.8558,0.8631,0.7609,0.8323
554,0.8595,0.7609,0.8595,0.8011,0.8175,0.8175,0.8449,0.8631,0.8431,0.8558,0.8631,0.7609,0.8323
555,0.8595,0.7609,0.8595,0.8011,0.8175,0.8175,0.8449,0.8631,0.8431,0.8558,0.8631,0.7609,0.8323
556,0.8595,0.7609,0.8595,0.8011,0.8175,0.8175,0.8449,0.8631,0.8431,0.8558,0.8631,0.7609,0.8323
557,0.8595,0.7609,0.8595,0.8011,0.8175,0.8175,0.8449,0.8631,0.8431,0.8558,0.8631,0.7609,0.8323
558,0.8595,0.7609,0.8595,0.8011,0.8175,0.8175,0.8449,0.8631,0.8431,0.8558,0.8631,0.7609,0.8323
559,0.8595,0.7609,0.8595,0.8011,0.8175,0.8175,0.8449,0.8631,0.8431,0.8558,0.8631,0.7609,0.8323
560,0.8595,0.7609,0.8595,0.8011,0.8175,0.8175,0.8449,0.8631,0.8431,0.8558,0.8631,0.7609,0.8323
561,0.8595,0.7609,0.8595,0.8011,0.8175,0.8175,0.8449,0.8631,0.8431,0.8558,0.8631,0.7609,0.8323
562,0.8595,0.7609,0.8595,0.8011,0.8175,0.8175,0.8449,0.8631,0.8431,0.8558,0.8631,0.7609,0.8323
563,0.8595,0.7609,0.8595,0.8011,0.8175,0.8175,0.8449,0.8631,0.8431,0.8558,0.8631,0.7609,0.8323
564,0.8595,0.7609,0.8595,0.8011,0.8175,0.8175,0.8449,0.8631,0.8431,0.8558,0.8631,0.7609,0.8323
565,0.8595,0.7609,0.8595,0.8011,0.8175,0.8175,0.8449,0.8631,0.8431,0.8558,0.8631,0.7609,0.8323
566,0.8595,0.7609,0.8595,0.8011,0.8175,0.8175,0.8449,0.8631,0.8431,0.8558,0.8631,0.7609,0.8323
567,0.8595,0.7609,0.8595,0.8011,0.8175,0.8175,0.8449,0.8631,0.8431,0.8558,0.8631,0.7609,0.8323
568,0.8595,0.7609,0.8595,0.8011,0.8175,0.8175,0.8449,0.8631,0.8431,0.8558,0.8631,0.7609,0.8323
569,0.8595,0.7609,0.8595,0.8011,0.8175,0.8193,0.8449,0.8631,0.8431,0.8558,0.8631,0.7609,0.8325
570,0.8595,0.7609,0.8595,0.8011,0.8175,0.8193,0.8449,0.8631,0.8431,0.8558,0.8631,0.7609,0.8325
571,0.8595,0.7609,0.8595,0.8011,0.8175,0.8193,0.8449,0.8631,0.8431,0.8558,0.8631,0.7609,0.8325
572,0.8595,0.7609,0.8595,0.8011,0.8175,0.8193,0.8449,0.8631,0.8431,0.8558,0.8631,0.7609,0.8325
573,0.8595,0.7609,0.8595,0.8011,0.8175,0.8193,0.8449,0.8631,0.8431,0.8558,0.8631,0.7609,0.8325
574,0.8595,0.7609,0.8595,0.8011,0.8175,0.8193,0.8449,0.8631,0.8431,0.8558,0.8631,0.7609,0.8325
575,0.8595,0.7609,0.8595,0.8011,0.8175,0.8193,0.8449,0.8631,0.8431,0.8558,0.8631,0.7609,0.8325
576,0.8595,0.7609,0.8595,0.8011,0.8175,0.8193,0.8449,0.8631,0.8431,0.8558,0.8631,0.7609,0.8325
577,0.8595,0.7609,0.8595,0.8011,0.8175,0.8193,0.8449,0.8631,0.8449,0.8558,0.8631,0.7609,0.8327
578,0.8595,0.7609,0.8595,0.8011,0.8175,0.8193,0.8449,0.8631,0.8449,0.8558,0.8631,0.7609,0.8327
579,0.8595,0.7609,0.8595,0.8011,0.8175,0.8193,0.8449,0.8631,0.8449,0.8558,0.8631,0.7609,0.8327
580,0.8595,0.7609,0.8595,0.8011,0.8175,0.8193,0.8449,0.8631,0.8449,0.8558,0.8631,0.7609,0.8327
581,0.8595,0.7609,0.8595,0.8011,0.8175,0.8193,0.8449,0.8631,0.8449,0.8558,0.8631,0.7609,0.8327
582,0.8613,0.7609,0.8595,0.8011,0.8175,0.8193,0.8449,0.8631,0.8449,0.8558,0.8631,0.7609,0.8328
583,0.8613,0.7609,0.8595,0.8011,0.8175,0.8193,0.8449,0.8631,0.8449,0.8558,0.8631,0.7609,0.8328
584,0.8613,0.7609,0.8595,0.8011,0.8175,0.8193,0.8449,0.8631,0.8449,0.8558,0.8631,0.7609,0.8328
585,0.8631,0.7609,0.8595,0.8011,0.8175,0.8193,0.8449,0.8631,0.8449,0.8558,0.8631,0.7609,0.833
586,0.8631,0.7609,0.8595,0.8011,0.8303,0.8193,0.8449,0.8631,0.8449,0.8558,0.8631,0.7609,0.8343
587,0.8631,0.7609,0.8595,0.8011,0.8303,0.8193,0.8449,0.8631,0.8449,0.8558,0.8631,0.7609,0.8343
588,0.8631,0.7609,0.8595,0.8011,0.8303,0.8193,0.8449,0.8631,0.8449,0.8558,0.8631,0.7609,0.8343
589,0.8631,0.7609,0.8595,0.8011,0.8303,0.8193,0.8449,0.8631,0.8449,0.8558,0.8631,0.7609,0.8343
590,0.8631,0.7609,0.8595,0.8011,0.8303,0.8193,0.8449,0.8631,0.8449,0.8558,0.8631,0.7609,0.8343
591,0.8631,0.7609,0.8595,0.8011,0.8303,0.8193,0.8449,0.8631,0.8449,0.8558,0.8631,0.7609,0.8343
592,0.8631,0.7609,0.8595,0.8011,0.8303,0.8193,0.8449,0.8631,0.8449,0.8558,0.8631,0.7609,0.8343
593,0.8631,0.7609,0.8595,0.8011,0.8303,0.8193,0.8449,0.8631,0.8449,0.8558,0.8631,0.7609,0.8343
594,0.8631,0.7609,0.8595,0.8011,0.8303,0.8193,0.8449,0.8631,0.8449,0.8558,0.8631,0.7609,0.8343
595,0.8631,0.7609,0.8595,0.8011,0.8303,0.8193,0.8449,0.8631,0.8449,0.8558,0.8631,0.7609,0.8343
596,0.8631,0.7609,0.8595,0.8011,0.8303,0.8193,0.8449,0.8631,0.8449,0.8558,0.8631,0.7609,0.8343
597,0.8631,0.7609,0.8595,0.8011,0.8303,0.8193,0.8449,0.8631,0.8449,0.8558,0.8631,0.7609,0.8343
598,0.8631,0.7609,0.8595,0.8011,0.8303,0.8193,0.8449,0.8631,0.8449,0.8558,0.8631,0.7609,0.8343
599,0.8631,0.7609,0.8595,0.8011,0.8303,0.8193,0.8449,0.8631,0.8449,0.8558,0.8631,0.7609,0.8343
600,0.8631,0.7609,0.8595,0.8011,0.8303,0.8193,0.8449,0.8631,0.8449,0.8558,0.8631,0.7609,0.8343
601,0.8631,0.7609,0.8595,0.8011,0.8303,0.8193,0.8449,0.8631,0.8449,0.8558,0.8631,0.7609,0.8343
602,0.865,0.7609,0.8595,0.8011,0.8303,0.8193,0.8449,0.8631,0.8449,0.8558,0.865,0.7609,0.8345
603,0.865,0.7609,0.8595,0.8011,0.8303,0.8193,0.8449,0.8631,0.8449,0.8558,0.865,0.7609,0.8345
604,0.865,0.7609,0.8595,0.8011,0.8303,0.8193,0.8449,0.8631,0.8449,0.8558,0.865,0.7609,0.8345
605,0.865,0.7609,0.8595,0.8011,0.8303,0.8193,0.8449,0.8631,0.8449,0.8558,0.865,0.7609,0.8345
606,0.865,0.7609,0.8595,0.8011,0.8303,0.8193,0.8449,0.8631,0.8449,0.8558,0.865,0.7609,0.8345
607,0.865,0.7609,0.8595,0.8011,0.8303,0.8193,0.8449,0.8631,0.8449,0.8558,0.865,0.7609,0.8345
608,0.865,0.7609,0.8595,0.8011,0.8303,0.8193,0.8449,0.8631,0.8449,0.8558,0.865,0.7609,0.8345
1207,0.8814,0.7828,0.8759,0.812,0.8686,0.8394,0.8595,0.865,0.8595,0.8558,0.8814,0.7828,0.85
1208,0.8814,0.7828,0.8759,0.812,0.8686,0.8394,0.8595,0.865,0.8595,0.8869,0.8869,0.7828,0.8531
1807,0.8814,0.792,0.8777,0.812,0.8796,0.8613,0.8887,0.8723,0.8668,0.8869,0.8887,0.792,0.8619
1808,0.8814,0.792,0.8777,0.812,0.8796,0.8613,0.8887,0.8723,0.8668,0.8978,0.8978,0.792,0.863
2407,0.8814,0.792,0.8796,0.8814,0.8796,0.8741,0.8923,0.885,0.8704,0.8978,0.8978,0.792,0.8734
2408,0.8814,0.792,0.8796,0.8814,0.8796,0.8741,0.8923,0.885,0.8704,0.8978,0.8978,0.792,0.8734
3007,0.8814,0.7938,0.8796,0.8832,0.8796,0.8814,0.8923,0.885,0.8814,0.8978,0.8978,0.7938,0.8755
3008,0.8814,0.7938,0.8796,0.8832,0.8814,0.8814,0.8923,0.885,0.8814,0.8978,0.8978,0.7938,0.8757
3607,0.8814,0.7956,0.8796,0.896,0.8814,0.8832,0.896,0.885,0.8814,0.8978,0.8978,0.7956,0.8777
3608,0.8814,0.7956,0.8796,0.896,0.8814,0.8832,0.896,0.885,0.8814,0.8978,0.8978,0.7956,0.8777
4207,0.8814,0.7956,0.8796,0.9033,0.8814,0.8832,0.896,0.885,0.8814,0.8978,0.9033,0.7956,0.8785
4208,0.8814,0.7956,0.8796,0.9033,0.8832,0.8832,0.896,0.885,0.8814,0.8978,0.9033,0.7956,0.8787
4807,0.8814,0.7974,0.8814,0.9033,0.8832,0.9051,0.896,0.885,0.8814,0.8978,0.9051,0.7974,0.8812
4808,0.8814,0.7974,0.8814,0.9033,0.885,0.9051,0.896,0.885,0.8814,0.9051,0.9051,0.7974,0.8821
5407,0.8814,0.7974,0.8814,0.9033,0.885,0.9069,0.896,0.885,0.885,0.9051,0.9069,0.7974,0.8826
5408,0.8814,0.7974,0.8814,0.9033,0.885,0.9069,0.896,0.885,0.885,0.9069,0.9069,0.7974,0.8828
6007,0.8887,0.7974,0.8814,0.9033,0.885,0.9088,0.896,0.885,0.885,0.9069,0.9088,0.7974,0.8837
6008,0.8887,0.7974,0.8814,0.9033,0.885,0.9088,0.896,0.885,0.885,0.9069,0.9088,0.7974,0.8837
6607,0.8887,0.7993,0.8869,0.9106,0.885,0.9088,0.8978,0.8869,0.8869,0.9069,0.9106,0.7993,0.8858
6608,0.8887,0.7993,0.8869,0.9106,0.885,0.9088,0.8978,0.8869,0.8869,0.9069,0.9106,0.7993,0.8858
7207,0.8887,0.8029,0.8869,0.9106,0.885,0.9088,0.8996,0.8869,0.8869,0.9069,0.9106,0.8029,0.8863
7208,0.8887,0.8029,0.8869,0.9106,0.885,0.9088,0.8996,0.8869,0.8869,0.9069,0.9106,0.8029,0.8863
7807,0.8887,0.8047,0.8869,0.9106,0.885,0.9088,0.8996,0.8869,0.8869,0.9069,0.9106,0.8047,0.8865
7808,0.8887,0.8047,0.8869,0.9106,0.885,0.9088,0.8996,0.8869,0.8869,0.9069,0.9106,0.8047,0.8865
8407,0.8887,0.8047,0.8869,0.9106,0.885,0.9088,0.8996,0.8869,0.8869,0.9069,0.9106,0.8047,0.8865
8408,0.8887,0.8047,0.8869,0.9106,0.885,0.9088,0.8996,0.8869,0.8869,0.9069,0.9106,0.8047,0.8865
9007,0.8887,0.8047,0.8869,0.9106,0.885,0.9106,0.8996,0.8869,0.8869,0.9069,0.9106,0.8047,0.8867
9008,0.8887,0.8047,0.8869,0.9106,0.885,0.9106,0.8996,0.8869,0.8869,0.9069,0.9106,0.8047,0.8867
9607,0.8887,0.8157,0.8869,0.9106,0.885,0.9106,0.9088,0.8869,0.8869,0.9069,0.9106,0.8157,0.8887
9608,0.8887,0.8157,0.8869,0.9106,0.885,0.9106,0.9088,0.8869,0.8869,0.9069,0.9106,0.8157,0.8887
10207,0.8887,0.8577,0.8869,0.9106,0.885,0.9106,0.9088,0.8869,0.8869,0.9069,0.9106,0.8577,0.8929
10208,0.8887,0.8577,0.8869,0.9106,0.885,0.9106,0.9088,0.8869,0.8869,0.9069,0.9106,0.8577,0.8929
10807,0.8923,0.8577,0.8942,0.9106,0.885,0.9106,0.9088,0.8923,0.8869,0.9069,0.9106,0.8577,0.8945
10808,0.8923,0.8577,0.8942,0.9106,0.885,0.9106,0.9088,0.8923,0.8869,0.9069,0.9106,0.8577,0.8945
11407,0.8923,0.8577,0.8942,0.9106,0.885,0.9106,0.9088,0.8923,0.8869,0.9069,0.9106,0.8577,0.8945
11408,0.8923,0.8577,0.8942,0.9106,0.885,0.9106,0.9088,0.8923,0.8869,0.9069,0.9106,0.8577,0.8945
12007,0.8923,0.8577,0.8942,0.9197,0.885,0.9106,0.9088,0.8923,0.8869,0.9069,0.9197,0.8577,0.8954
12008,0.8923,0.8577,0.8942,0.9197,0.885,0.9106,0.9088,0.8923,0.8869,0.9088,0.9197,0.8577,0.8956
12607,0.8923,0.8577,0.8942,0.9197,0.885,0.9106,0.9088,0.9069,0.8869,0.9088,0.9197,0.8577,0.8971
12608,0.8923,0.8577,0.8942,0.9197,0.885,0.9106,0.9088,0.9069,0.8869,0.9088,0.9197,0.8577,0.8971
13207,0.8923,0.8577,0.8942,0.9197,0.885,0.9106,0.9088,0.9069,0.8869,0.9088,0.9197,0.8577,0.8971
13208,0.8923,0.8577,0.8942,0.9197,0.885,0.9106,0.9088,0.9069,0.8869,0.9088,0.9197,0.8577,0.8971
13807,0.8923,0.8577,0.8942,0.9234,0.885,0.9106,0.9088,0.9069,0.8869,0.9088,0.9234,0.8577,0.8975
13808,0.8923,0.8577,0.8942,0.9234,0.885,0.9106,0.9088,0.9069,0.8869,0.9088,0.9234,0.8577,0.8975
14407,0.8923,0.8577,0.8942,0.9234,0.885,0.9106,0.9088,0.9069,0.8869,0.9088,0.9234,0.8577,0.8975
14408,0.8923,0.8577,0.8942,0.9234,0.885,0.9106,0.9088,0.9069,0.8869,0.9088,0.9234,0.8577,0.8975
15007,0.8923,0.8577,0.8942,0.9234,0.885,0.9106,0.9088,0.9069,0.8869,0.9088,0.9234,0.8577,0.8975
15008,0.8923,0.8577,0.8942,0.9234,0.885,0.9106,0.9088,0.9069,0.8869,0.9088,0.9234,0.8577,0.8975
15607,0.8923,0.8577,0.8942,0.9234,0.885,0.9106,0.9088,0.9106,0.8905,0.9088,0.9234,0.8577,0.8982
15608,0.8923,0.8577,0.8942,0.9234,0.885,0.9106,0.9088,0.9106,0.8905,0.9106,0.9234,0.8577,0.8984
16207,0.8923,0.8577,0.8942,0.9234,0.885,0.9106,0.9088,0.9106,0.8905,0.9106,0.9234,0.8577,0.8984
16208,0.8923,0.8577,0.8942,0.9234,0.885,0.9106,0.9088,0.9106,0.8905,0.9106,0.9234,0.8577,0.8984
16807,0.8923,0.8577,0.8942,0.9234,0.885,0.9106,0.9088,0.9106,0.8905,0.9106,0.9234,0.8577,0.8984
16808,0.8923,0.8577,0.8942,0.9234,0.885,0.9106,0.9088,0.9106,0.8905,0.9106,0.9234,0.8577,0.8984
17407,0.8923,0.8577,0.9033,0.9234,0.885,0.9106,0.9088,0.9106,0.8905,0.9106,0.9234,0.8577,0.8993
17408,0.8923,0.8577,0.9033,0.9234,0.885,0.9106,0.9088,0.9106,0.8905,0.9106,0.9234,0.8577,0.8993
18007,0.8923,0.8577,0.9033,0.9234,0.885,0.9106,0.9088,0.9106,0.8905,0.9106,0.9234,0.8577,0.8993
18008,0.8923,0.8577,0.9033,0.9234,0.885,0.9106,0.9088,0.9106,0.8905,0.9106,0.9234,0.8577,0.8993
18607,0.8923,0.8577,0.9033,0.9234,0.885,0.9106,0.9088,0.9106,0.8905,0.9106,0.9234,0.8577,0.8993
18608,0.8923,0.8577,0.9033,0.9234,0.8869,0.9106,0.9088,0.9106,0.8905,0.9106,0.9234,0.8577,0.8995
19207,0.8923,0.8577,0.9033,0.9234,0.8869,0.9106,0.9088,0.9106,0.8905,0.9106,0.9234,0.8577,0.8995
19208,0.8923,0.8577,0.9033,0.9234,0.8869,0.9106,0.9088,0.9106,0.8905,0.9106,0.9234,0.8577,0.8995
19807,0.8923,0.8577,0.9033,0.9234,0.8869,0.9106,0.9088,0.9106,0.8905,0.9106,0.9234,0.8577,0.8995
19808,0.8923,0.8577,0.9033,0.9234,0.8869,0.9106,0.9088,0.9106,0.8905,0.9106,0.9234,0.8577,0.8995
20407,0.8923,0.8577,0.9033,0.9234,0.8869,0.9124,0.9088,0.9106,0.8905,0.9106,0.9234,0.8577,0.8996
20408,0.8923,0.8577,0.9033,0.9234,0.8869,0.9124,0.9088,0.9106,0.8905,0.9106,0.9234,0.8577,0.8996
21007,0.8923,0.8577,0.9033,0.9234,0.8869,0.9124,0.9088,0.9106,0.8905,0.9106,0.9234,0.8577,0.8996
21008,0.8923,0.8577,0.9033,0.9234,0.8869,0.9124,0.9088,0.9106,0.8905,0.9106,0.9234,0.8577,0.8996
21607,0.8923,0.8577,0.9033,0.9234,0.8869,0.9124,0.9088,0.9106,0.8905,0.9106,0.9234,0.8577,0.8996
21608,0.8923,0.8577,0.9033,0.9234,0.8869,0.9124,0.9088,0.9106,0.8905,0.9106,0.9234,0.8577,0.8996
22207,0.8923,0.8577,0.9033,0.9234,0.8869,0.9142,0.9088,0.9124,0.8905,0.9106,0.9234,0.8577,0.9
22208,0.8923,0.8577,0.9033,0.9234,0.8869,0.9142,0.9088,0.9124,0.8905,0.9106,0.9234,0.8577,0.9
22807,0.8923,0.8577,0.9033,0.9234,0.8869,0.9142,0.9088,0.9124,0.8905,0.9106,0.9234,0.8577,0.9
22808,0.8923,0.8577,0.9033,0.9234,0.8869,0.9142,0.9088,0.9124,0.8905,0.9142,0.9234,0.8577,0.9004
23407,0.8923,0.8777,0.9051,0.9234,0.8869,0.9142,0.9088,0.9124,0.9051,0.9142,0.9234,0.8777,0.904
23408,0.8923,0.8777,0.9051,0.9234,0.8869,0.9142,0.9088,0.9124,0.9051,0.9142,0.9234,0.8777,0.904
24007,0.8923,0.8777,0.9051,0.9234,0.8869,0.9142,0.9088,0.9124,0.9051,0.9142,0.9234,0.8777,0.904
24008,0.8923,0.8777,0.9051,0.9234,0.8869,0.9142,0.9088,0.9124,0.9051,0.9142,0.9234,0.8777,0.904
24607,0.8923,0.8777,0.9051,0.9234,0.8869,0.9142,0.9088,0.9124,0.9051,0.9142,0.9234,0.8777,0.904
24608,0.8923,0.8777,0.9051,0.9234,0.8887,0.9142,0.9088,0.9124,0.9051,0.9142,0.9234,0.8777,0.9042
25207,0.8923,0.8777,0.9051,0.9234,0.8887,0.9142,0.9124,0.9124,0.9142,0.9142,0.9234,0.8777,0.9055
25208,0.8923,0.8777,0.9051,0.9234,0.8887,0.9142,0.9124,0.9124,0.9142,0.9179,0.9234,0.8777,0.9058
25807,0.8923,0.8777,0.9051,0.9234,0.8887,0.9142,0.9124,0.9124,0.9142,0.9179,0.9234,0.8777,0.9058
25808,0.8923,0.8777,0.9051,0.9234,0.8887,0.9142,0.9124,0.9124,0.9142,0.9179,0.9234,0.8777,0.9058
26407,0.8923,0.8777,0.9069,0.9234,0.8887,0.9142,0.9142,0.9124,0.9142,0.9179,0.9234,0.8777,0.9062
26408,0.8923,0.8777,0.9069,0.9234,0.8887,0.9142,0.9142,0.9124,0.9142,0.9179,0.9234,0.8777,0.9062
27007,0.8923,0.8777,0.9069,0.9234,0.8887,0.9142,0.9142,0.9124,0.9142,0.9179,0.9234,0.8777,0.9062
27008,0.8923,0.8777,0.9069,0.9234,0.8887,0.9142,0.9142,0.9124,0.9142,0.9179,0.9234,0.8777,0.9062
27607,0.8923,0.8777,0.9069,0.9234,0.8887,0.9142,0.9142,0.9124,0.9142,0.9179,0.9234,0.8777,0.9062
27608,0.8923,0.8777,0.9069,0.9234,0.8887,0.9142,0.9142,0.9124,0.9142,0.9179,0.9234,0.8777,0.9062
28207,0.8923,0.8777,0.9069,0.9234,0.8887,0.9142,0.9142,0.9124,0.9142,0.9179,0.9234,0.8777,0.9062
28208,0.8923,0.8777,0.9069,0.9234,0.8887,0.9142,0.9142,0.9124,0.9142,0.9179,0.9234,0.8777,0.9062
28807,0.8923,0.8777,0.9069,0.9234,0.8887,0.9142,0.9142,0.9124,0.9142,0.9179,0.9234,0.8777,0.9062
28808,0.8923,0.8777,0.9069,0.9234,0.8887,0.9142,0.9142,0.9124,0.9142,0.9179,0.9234,0.8777,0.9062
29407,0.8923,0.8777,0.9069,0.9234,0.8887,0.9142,0.9142,0.9124,0.9142,0.9179,0.9234,0.8777,0.9062
29408,0.8923,0.8777,0.9069,0.9234,0.8887,0.9142,0.9142,0.9124,0.9142,0.9179,0.9234,0.8777,0.9062
30007,0.8923,0.8777,0.9069,0.9234,0.8887,0.9142,0.9142,0.9124,0.9142,0.9179,0.9234,0.8777,0.9062
30008,0.8923,0.8777,0.9069,0.9234,0.8887,0.9142,0.9142,0.9124,0.9142,0.9288,0.9288,0.8777,0.9073
30607,0.8923,0.8777,0.9069,0.9234,0.8887,0.9142,0.9142,0.9124,0.9161,0.9288,0.9288,0.8777,0.9075
30608,0.8923,0.8777,0.9069,0.9234,0.8887,0.9142,0.9142,0.9124,0.9161,0.9288,0.9288,0.8777,0.9075
31207,0.8923,0.8777,0.9069,0.9234,0.8887,0.9142,0.9142,0.9124,0.9161,0.9288,0.9288,0.8777,0.9075
31208,0.896,0.8777,0.9069,0.9234,0.8887,0.9142,0.9142,0.9124,0.9161,0.9288,0.9288,0.8777,0.9078
31807,0.896,0.8777,0.9069,0.9234,0.8887,0.9142,0.9142,0.9124,0.9161,0.9288,0.9288,0.8777,0.9078
31808,0.896,0.8777,0.9069,0.9234,0.8887,0.9142,0.9142,0.9124,0.9161,0.9288,0.9288,0.8777,0.9078
32407,0.896,0.8777,0.9069,0.9234,0.8887,0.9142,0.9142,0.9124,0.9161,0.9288,0.9288,0.8777,0.9078
32408,0.896,0.8777,0.9069,0.9234,0.8887,0.9142,0.9142,0.9124,0.9161,0.9288,0.9288,0.8777,0.9078
33007,0.896,0.8777,0.9069,0.9234,0.8887,0.9142,0.9142,0.9124,0.9161,0.9288,0.9288,0.8777,0.9078
33008,0.896,0.8777,0.9069,0.9234,0.9033,0.9142,0.9142,0.9124,0.9161,0.9288,0.9288,0.8777,0.9093
33607,0.896,0.8777,0.9069,0.9234,0.9033,0.9142,0.9161,0.9124,0.9161,0.9288,0.9288,0.8777,0.9095
33608,0.896,0.8777,0.9069,0.9234,0.9033,0.9142,0.9161,0.9124,0.9161,0.9288,0.9288,0.8777,0.9095
34207,0.896,0.8796,0.9069,0.9234,0.9033,0.9142,0.9161,0.9124,0.9161,0.9288,0.9288,0.8796,0.9097
34208,0.896,0.8796,0.9069,0.9234,0.9033,0.9142,0.9161,0.9124,0.9161,0.9288,0.9288,0.8796,0.9097
34807,0.896,0.8796,0.9069,0.9234,0.9033,0.9142,0.9161,0.9124,0.9161,0.9288,0.9288,0.8796,0.9097
34808,0.896,0.8796,0.9069,0.9234,0.9033,0.9142,0.9161,0.9124,0.9161,0.9288,0.9288,0.8796,0.9097
35407,0.896,0.8796,0.9069,0.9234,0.9033,0.9142,0.9161,0.9124,0.9161,0.9288,0.9288,0.8796,0.9097
35408,0.9161,0.8796,0.9069,0.9234,0.9033,0.9142,0.9161,0.9124,0.9161,0.9288,0.9288,0.8796,0.9117
36007,0.9161,0.8814,0.9069,0.9234,0.9033,0.9142,0.9161,0.9124,0.9161,0.9288,0.9288,0.8814,0.9119
36008,0.9161,0.8814,0.9069,0.9234,0.9033,0.9142,0.9161,0.9124,0.9161,0.9288,0.9288,0.8814,0.9119
36607,0.9161,0.8814,0.9069,0.9234,0.9033,0.9179,0.9161,0.9124,0.9161,0.9288,0.9288,0.8814,0.9122
36608,0.9161,0.8814,0.9069,0.9234,0.9033,0.9179,0.9161,0.9124,0.9161,0.9288,0.9288,0.8814,0.9122
37207,0.9161,0.8814,0.9069,0.9234,0.9033,0.9179,0.9161,0.9124,0.9161,0.9288,0.9288,0.8814,0.9122
37208,0.9161,0.8814,0.9069,0.9234,0.9033,0.9179,0.9161,0.9124,0.9161,0.9288,0.9288,0.8814,0.9122
37807,0.9161,0.8814,0.9069,0.9234,0.9033,0.9179,0.9161,0.9124,0.9161,0.9288,0.9288,0.8814,0.9122
37808,0.9161,0.8814,0.9069,0.9234,0.9088,0.9179,0.9161,0.9124,0.9161,0.9288,0.9288,0.8814,0.9128
38407,0.9161,0.8814,0.9069,0.9234,0.9088,0.9179,0.9161,0.9142,0.9161,0.9288,0.9288,0.8814,0.913
38408,0.9179,0.8814,0.9069,0.9234,0.9088,0.9179,0.9161,0.9142,0.9161,0.9288,0.9288,0.8814,0.9132
39007,0.9179,0.8814,0.9069,0.9234,0.9088,0.9179,0.9161,0.9142,0.9161,0.9288,0.9288,0.8814,0.9132
39008,0.9179,0.8814,0.9069,0.9234,0.9088,0.9179,0.9161,0.9142,0.9161,0.9288,0.9288,0.8814,0.9132
39607,0.9179,0.8814,0.9069,0.9234,0.9088,0.9179,0.9161,0.9142,0.9161,0.9288,0.9288,0.8814,0.9132
39608,0.9179,0.8814,0.9069,0.9234,0.9088,0.9179,0.9161,0.9142,0.9161,0.9288,0.9288,0.8814,0.9132
40207,0.9179,0.8814,0.9069,0.9234,0.9088,0.9179,0.9161,0.9142,0.9161,0.9288,0.9288,0.8814,0.9132
40208,0.9179,0.8814,0.9069,0.9234,0.9088,0.9179,0.9161,0.9142,0.9161,0.9288,0.9288,0.8814,0.9132
40807,0.9179,0.8814,0.9069,0.9234,0.9088,0.9179,0.9161,0.9142,0.9161,0.9288,0.9288,0.8814,0.9132
40808,0.9179,0.8814,0.9069,0.9234,0.9088,0.9179,0.9161,0.9142,0.9161,0.9288,0.9288,0.8814,0.9132
41407,0.9179,0.8814,0.9069,0.9234,0.9088,0.9179,0.9161,0.9142,0.9161,0.9288,0.9288,0.8814,0.9132
41408,0.9179,0.8814,0.9069,0.9234,0.9088,0.9179,0.9161,0.9142,0.9161,0.9288,0.9288,0.8814,0.9132
42007,0.9179,0.8814,0.9069,0.9234,0.9088,0.9179,0.9161,0.9142,0.9161,0.9288,0.9288,0.8814,0.9132
42008,0.9179,0.8814,0.9069,0.9234,0.9088,0.9179,0.9161,0.9142,0.9161,0.9288,0.9288,0.8814,0.9132
42607,0.9179,0.8814,0.9069,0.9234,0.9088,0.9179,0.9161,0.9142,0.9161,0.9288,0.9288,0.8814,0.9132
42608,0.9179,0.8814,0.9069,0.9234,0.9088,0.9179,0.9161,0.9142,0.9161,0.9288,0.9288,0.8814,0.9132
43207,0.9179,0.8814,0.9069,0.9234,0.9088,0.9179,0.9161,0.9142,0.9161,0.9288,0.9288,0.8814,0.9132
43208,0.9179,0.8814,0.9069,0.9234,0.9088,0.9179,0.9161,0.9142,0.9161,0.9288,0.9288,0.8814,0.9132
43807,0.9179,0.885,0.9069,0.9234,0.9088,0.9179,0.9161,0.9142,0.9161,0.9288,0.9288,0.885,0.9135
43808,0.9179,0.885,0.9069,0.9234,0.9088,0.9179,0.9161,0.9142,0.9161,0.9288,0.9288,0.885,0.9135
44407,0.9179,0.8869,0.9069,0.9234,0.9088,0.9179,0.9161,0.9142,0.9161,0.9288,0.9288,0.8869,0.9137
44408,0.9179,0.8869,0.9069,0.9234,0.9088,0.9179,0.9161,0.9142,0.9161,0.9288,0.9288,0.8869,0.9137
45007,0.9179,0.8905,0.9069,0.9234,0.9088,0.9179,0.9161,0.9142,0.9161,0.9288,0.9288,0.8905,0.9141
45008,0.9179,0.8905,0.9069,0.9234,0.9088,0.9179,0.9161,0.9142,0.9161,0.9288,0.9288,0.8905,0.9141
45607,0.9179,0.8905,0.9069,0.9234,0.9088,0.9179,0.9161,0.9142,0.9161,0.9288,0.9288,0.8905,0.9141
45608,0.9179,0.8905,0.9069,0.9234,0.9088,0.9179,0.9161,0.9142,0.9161,0.9288,0.9288,0.8905,0.9141
46207,0.9179,0.8905,0.9069,0.9234,0.9088,0.9179,0.9161,0.9142,0.9161,0.9288,0.9288,0.8905,0.9141
46208,0.9179,0.8905,0.9069,0.9234,0.9088,0.9179,0.9161,0.9142,0.9161,0.9288,0.9288,0.8905,0.9141
46807,0.9179,0.8905,0.9069,0.9234,0.9088,0.9179,0.9161,0.9142,0.9161,0.9288,0.9288,0.8905,0.9141
46808,0.9179,0.8905,0.9069,0.9234,0.9088,0.9179,0.9161,0.9142,0.9161,0.9288,0.9288,0.8905,0.9141
47407,0.9179,0.8905,0.9069,0.9234,0.9088,0.9179,0.9161,0.9142,0.9161,0.9288,0.9288,0.8905,0.9141
47408,0.9179,0.8905,0.9069,0.9234,0.9088,0.9179,0.9161,0.9142,0.9161,0.9288,0.9288,0.8905,0.9141
48007,0.9179,0.8905,0.9069,0.9234,0.9088,0.9179,0.9161,0.9142,0.9161,0.9288,0.9288,0.8905,0.9141
48008,0.9179,0.8905,0.9069,0.9234,0.9088,0.9179,0.9161,0.9142,0.9161,0.9288,0.9288,0.8905,0.9141
48607,0.9179,0.8905,0.9069,0.9234,0.9088,0.9179,0.9161,0.9142,0.9161,0.9288,0.9288,0.8905,0.9141
48608,0.9179,0.8905,0.9069,0.9234,0.9088,0.9179,0.9161,0.9142,0.9161,0.9288,0.9288,0.8905,0.9141
49207,0.9179,0.8905,0.9069,0.9234,0.9088,0.9179,0.9161,0.9142,0.9161,0.9288,0.9288,0.8905,0.9141
49208,0.9179,0.8905,0.9069,0.9234,0.9088,0.9179,0.9161,0.9197,0.9161,0.9288,0.9288,0.8905,0.9146
49807,0.9179,0.8905,0.9069,0.9234,0.9088,0.9179,0.9161,0.9197,0.9161,0.9288,0.9288,0.8905,0.9146
49808,0.9179,0.8905,0.9069,0.9234,0.9088,0.9179,0.9161,0.9197,0.9161,0.9288,0.9288,0.8905,0.9146
50407,0.9179,0.9069,0.9069,0.9234,0.9088,0.9179,0.9161,0.9197,0.9161,0.9288,0.9288,0.9069,0.9163
50408,0.9179,0.9069,0.9069,0.9234,0.9088,0.9179,0.9161,0.9197,0.9161,0.9288,0.9288,0.9069,0.9163
50409,0.9179,0.9069,0.9069,0.9234,0.9088,0.9179,0.9161,0.9197,0.9161,0.9288,0.9288,0.9069,0.9163
51007,0.9179,0.9088,0.9069,0.9234,0.9088,0.9179,0.9161,0.9197,0.9161,0.9288,0.9288,0.9069,0.9164
51008,0.9179,0.9088,0.9069,0.9234,0.9088,0.9179,0.9161,0.9197,0.9161,0.9288,0.9288,0.9069,0.9164
51009,0.9179,0.9088,0.9069,0.9234,0.9088,0.9179,0.9161,0.9197,0.9161,0.9288,0.9288,0.9069,0.9164
51607,0.9179,0.9088,0.9069,0.9234,0.9088,0.9179,0.9161,0.9197,0.9161,0.9288,0.9288,0.9069,0.9164
51608,0.9179,0.9088,0.9088,0.9234,0.9088,0.9179,0.9161,0.9197,0.9161,0.9288,0.9288,0.9088,0.9166
51609,0.9179,0.9088,0.9088,0.9234,0.9088,0.9179,0.9161,0.9197,0.9161,0.9288,0.9288,0.9088,0.9166
52207,0.9179,0.9088,0.9088,0.9234,0.9088,0.9179,0.9161,0.9197,0.9161,0.9288,0.9288,0.9088,0.9166
52208,0.9179,0.9088,0.9088,0.9234,0.9106,0.9179,0.9161,0.9197,0.9161,0.9288,0.9288,0.9088,0.9168
52209,0.9179,0.9088,0.9088,0.9234,0.9106,0.9179,0.9161,0.9197,0.9161,0.9288,0.9288,0.9088,0.9168
52807,0.9179,0.9088,0.9088,0.9234,0.9106,0.9179,0.9161,0.9197,0.9161,0.9288,0.9288,0.9088,0.9168
52808,0.9179,0.9088,0.9088,0.9234,0.9124,0.9179,0.9161,0.9197,0.9161,0.9288,0.9288,0.9088,0.917
52809,0.9179,0.9088,0.9088,0.9234,0.9124,0.9179,0.9161,0.9197,0.9161,0.9288,0.9288,0.9088,0.917
53407,0.9179,0.9088,0.9088,0.9234,0.9124,0.9179,0.9161,0.9197,0.9161,0.9288,0.9288,0.9088,0.917
53408,0.9179,0.9088,0.9088,0.9234,0.9124,0.9179,0.9161,0.9197,0.9161,0.9288,0.9288,0.9088,0.917
53409,0.9179,0.9088,0.9088,0.9234,0.9124,0.9179,0.9161,0.9197,0.9161,0.9288,0.9288,0.9088,0.917
54007,0.9179,0.9088,0.9088,0.9234,0.9124,0.9179,0.9161,0.9197,0.9161,0.9288,0.9288,0.9088,0.917
54008,0.9179,0.9088,0.9088,0.9234,0.9124,0.9179,0.9161,0.9197,0.9161,0.9288,0.9288,0.9088,0.917
54009,0.9179,0.9088,0.9088,0.9234,0.9124,0.9179,0.9161,0.9197,0.9161,0.9288,0.9288,0.9088,0.917
54607,0.9179,0.9088,0.9088,0.9234,0.9124,0.9179,0.9161,0.9197,0.9161,0.9288,0.9288,0.9088,0.917
54608,0.9179,0.9088,0.9088,0.9234,0.9124,0.9179,0.9161,0.9197,0.9161,0.9288,0.9288,0.9088,0.917
54609,0.9179,0.9088,0.9088,0.9234,0.9124,0.9179,0.9161,0.9197,0.9161,0.9288,0.9288,0.9088,0.917
55207,0.9179,0.9088,0.9088,0.9234,0.9124,0.9179,0.9161,0.9197,0.9161,0.9288,0.9288,0.9088,0.917
55208,0.9179,0.9088,0.9088,0.9234,0.9124,0.9179,0.9179,0.9197,0.9161,0.9288,0.9288,0.9088,0.9172
55209,0.9179,0.9088,0.9088,0.9234,0.9124,0.9179,0.9179,0.9197,0.9161,0.9288,0.9288,0.9088,0.9172
55807,0.9179,0.9088,0.9088,0.9234,0.9124,0.9179,0.9179,0.9197,0.9161,0.9288,0.9288,0.9088,0.9172
55808,0.9179,0.9088,0.9124,0.9234,0.9124,0.9179,0.9179,0.9197,0.9161,0.9288,0.9288,0.9088,0.9175
55809,0.9179,0.9088,0.9124,0.9234,0.9124,0.9179,0.9179,0.9197,0.9161,0.9288,0.9288,0.9088,0.9175
56407,0.9179,0.9088,0.9124,0.9234,0.9124,0.9179,0.9179,0.9197,0.9161,0.9288,0.9288,0.9088,0.9175
56408,0.9179,0.9088,0.9124,0.9234,0.9124,0.9179,0.9179,0.9197,0.9161,0.9288,0.9288,0.9088,0.9175
56409,0.9179,0.9088,0.9124,0.9234,0.9124,0.9179,0.9179,0.9197,0.9161,0.9288,0.9288,0.9088,0.9175
57007,0.9179,0.9088,0.9124,0.9234,0.9124,0.9179,0.9179,0.9197,0.9161,0.9288,0.9288,0.9088,0.9175
57008,0.9179,0.9088,0.9124,0.9234,0.9124,0.9179,0.9179,0.9197,0.9161,0.9288,0.9288,0.9088,0.9175
57009,0.9179,0.9088,0.9124,0.9234,0.9124,0.9179,0.9179,0.9197,0.9161,0.9288,0.9288,0.9088,0.9175
57607,0.9179,0.9088,0.9124,0.9234,0.9124,0.9179,0.9179,0.9197,0.9161,0.9288,0.9288,0.9088,0.9175
57608,0.9179,0.9088,0.9124,0.9234,0.9124,0.9179,0.9179,0.9197,0.9161,0.9288,0.9288,0.9088,0.9175
57609,0.9179,0.9088,0.9124,0.9234,0.9124,0.9179,0.9179,0.9197,0.9161,0.9288,0.9288,0.9088,0.9175
58207,0.9179,0.9088,0.9124,0.9234,0.9124,0.9179,0.9179,0.9197,0.9161,0.9288,0.9288,0.9088,0.9175
58208,0.9179,0.9088,0.9124,0.9234,0.9124,0.9179,0.9179,0.9197,0.9161,0.9288,0.9288,0.9088,0.9175
58209,0.9179,0.9088,0.9124,0.9234,0.9124,0.9179,0.9179,0.9197,0.9161,0.9288,0.9288,0.9088,0.9175
58807,0.9179,0.9088,0.9124,0.9234,0.9124,0.9179,0.9179,0.9197,0.9161,0.9288,0.9288,0.9088,0.9175
58808,0.9234,0.9088,0.9124,0.9234,0.9124,0.9179,0.9179,0.9197,0.9161,0.9288,0.9288,0.9088,0.9181
58809,0.9234,0.9088,0.9124,0.9234,0.9124,0.9179,0.9179,0.9197,0.9161,0.9288,0.9288,0.9088,0.9181
59407,0.9234,0.9088,0.9124,0.9234,0.9124,0.9179,0.9179,0.9197,0.9161,0.9288,0.9288,0.9088,0.9181
59408,0.9234,0.9088,0.9124,0.9234,0.9124,0.9179,0.9179,0.9197,0.9161,0.9288,0.9288,0.9088,0.9181
59409,0.9234,0.9088,0.9124,0.9234,0.9124,0.9179,0.9179,0.9197,0.9161,0.9288,0.9288,0.9088,0.9181
60007,0.9234,0.9088,0.9124,0.9234,0.9124,0.9215,0.9179,0.9197,0.9161,0.9288,0.9288,0.9088,0.9184
60008,0.9234,0.9088,0.9124,0.9234,0.9124,0.9215,0.9179,0.9197,0.9161,0.9288,0.9288,0.9088,0.9184
60009,0.9234,0.9088,0.9124,0.9234,0.9124,0.9215,0.9179,0.9197,0.9161,0.9288,0.9288,0.9088,0.9184
60607,0.9234,0.9088,0.9124,0.9234,0.9124,0.9215,0.9179,0.9197,0.9161,0.9288,0.9288,0.9088,0.9184
60608,0.9234,0.9088,0.9124,0.9234,0.9124,0.9215,0.9179,0.9197,0.9161,0.9288,0.9288,0.9088,0.9184
60609,0.9234,0.9088,0.9124,0.9234,0.9124,0.9215,0.9179,0.9197,0.9161,0.9288,0.9288,0.9088,0.9184
61207,0.9234,0.9088,0.9124,0.9234,0.9124,0.9215,0.9179,0.9197,0.9161,0.9288,0.9288,0.9088,0.9184
61208,0.9234,0.9088,0.9124,0.9234,0.9124,0.9215,0.9179,0.9197,0.9161,0.9288,0.9288,0.9088,0.9184
61209,0.9234,0.9088,0.9124,0.9234,0.9124,0.9215,0.9179,0.9197,0.9161,0.9288,0.9288,0.9088,0.9184
61807,0.9234,0.9088,0.9124,0.9234,0.9124,0.9215,0.9179,0.9197,0.9161,0.9288,0.9288,0.9088,0.9184
61808,0.9234,0.9088,0.9124,0.9234,0.9161,0.9215,0.9179,0.9197,0.9161,0.9288,0.9288,0.9088,0.9188
61809,0.9234,0.9088,0.9124,0.9234,0.9161,0.9215,0.9179,0.9197,0.9161,0.9288,0.9288,0.9088,0.9188
62407,0.9234,0.9088,0.9124,0.9234,0.9161,0.9215,0.9179,0.9197,0.9161,0.9288,0.9288,0.9088,0.9188
62408,0.9234,0.9088,0.9124,0.9234,0.9161,0.9215,0.9179,0.9197,0.9161,0.9288,0.9288,0.9088,0.9188
62409,0.9234,0.9088,0.9124,0.9234,0.9161,0.9215,0.9179,0.9197,0.9161,0.9288,0.9288,0.9088,0.9188
63007,0.9234,0.9088,0.9124,0.9234,0.9161,0.9215,0.9179,0.9197,0.9161,0.9288,0.9288,0.9088,0.9188
63008,0.9234,0.9088,0.9124,0.9234,0.9161,0.9215,0.9179,0.9197,0.9161,0.9288,0.9288,0.9088,0.9188
63009,0.9234,0.9088,0.9124,0.9234,0.9161,0.9215,0.9179,0.9197,0.9161,0.9288,0.9288,0.9088,0.9188
63607,0.9234,0.9088,0.9124,0.9234,0.9161,0.9215,0.9179,0.9197,0.9161,0.9288,0.9288,0.9088,0.9188
63608,0.9234,0.9088,0.9124,0.9234,0.9161,0.9215,0.9179,0.9197,0.9161,0.9288,0.9288,0.9088,0.9188
63609,0.9234,0.9088,0.9124,0.9234,0.9161,0.9215,0.9179,0.9197,0.9161,0.9288,0.9288,0.9088,0.9188
64207,0.9234,0.9088,0.9124,0.9234,0.9161,0.9215,0.9179,0.9197,0.9161,0.9288,0.9288,0.9088,0.9188
64208,0.9234,0.9088,0.9124,0.9234,0.9161,0.9215,0.9179,0.9197,0.9161,0.9288,0.9288,0.9088,0.9188
64209,0.9234,0.9088,0.9124,0.9234,0.9161,0.9215,0.9179,0.9197,0.9161,0.9288,0.9288,0.9088,0.9188
64807,0.9234,0.9088,0.9124,0.9234,0.9161,0.9288,0.9179,0.9197,0.9161,0.9288,0.9288,0.9088,0.9195
64808,0.9234,0.9088,0.9124,0.9234,0.9161,0.9288,0.9179,0.9197,0.9161,0.9288,0.9288,0.9088,0.9195
64809,0.9234,0.9088,0.9124,0.9234,0.9161,0.9288,0.9179,0.9197,0.9161,0.9288,0.9288,0.9088,0.9195
65407,0.9234,0.9088,0.9124,0.9234,0.9161,0.9288,0.9179,0.9197,0.9161,0.9288,0.9288,0.9088,0.9195
65408,0.9234,0.9088,0.9124,0.9234,0.9161,0.9288,0.9179,0.9197,0.9161,0.9288,0.9288,0.9088,0.9195
65409,0.9234,0.9088,0.9124,0.9234,0.9161,0.9288,0.9179,0.9197,0.9161,0.9288,0.9288,0.9088,0.9195
66007,0.9234,0.9088,0.9124,0.9234,0.9161,0.9288,0.9179,0.9197,0.9161,0.9288,0.9288,0.9088,0.9195
66008,0.9234,0.9088,0.9124,0.9234,0.9161,0.9288,0.9179,0.9197,0.9161,0.9288,0.9288,0.9088,0.9195
66009,0.9234,0.9088,0.9124,0.9234,0.9161,0.9288,0.9179,0.9197,0.9161,0.9288,0.9288,0.9088,0.9195
66607,0.9234,0.9088,0.9124,0.9234,0.9161,0.9288,0.9179,0.9197,0.9161,0.9288,0.9288,0.9088,0.9195
66608,0.9234,0.9088,0.9124,0.9234,0.9161,0.9288,0.9197,0.9197,0.9161,0.9288,0.9288,0.9088,0.9197
66609,0.9234,0.9088,0.9124,0.9234,0.9161,0.9288,0.9197,0.9197,0.9161,0.9288,0.9288,0.9088,0.9197
67207,0.9234,0.9088,0.9124,0.9234,0.9161,0.9288,0.9197,0.9197,0.9161,0.9288,0.9288,0.9088,0.9197
67208,0.9234,0.9088,0.9124,0.9234,0.9161,0.9288,0.9197,0.9197,0.9161,0.9288,0.9288,0.9088,0.9197
67209,0.9234,0.9088,0.9124,0.9234,0.9161,0.9288,0.9197,0.9197,0.9161,0.9288,0.9288,0.9088,0.9197
67807,0.9234,0.9088,0.9124,0.9234,0.9161,0.9288,0.9197,0.9197,0.9161,0.9288,0.9288,0.9088,0.9197
67808,0.9234,0.9088,0.9124,0.9234,0.9161,0.9288,0.9197,0.9197,0.9161,0.9288,0.9288,0.9088,0.9197
67809,0.9234,0.9088,0.9124,0.9234,0.9161,0.9288,0.9197,0.9197,0.9161,0.9288,0.9288,0.9088,0.9197
68407,0.9234,0.9088,0.9124,0.9234,0.9161,0.9288,0.9197,0.9197,0.9161,0.9288,0.9288,0.9088,0.9197
68408,0.9234,0.9088,0.9124,0.9234,0.9161,0.9288,0.9197,0.9252,0.9161,0.9288,0.9288,0.9088,0.9203
68409,0.9234,0.9088,0.9124,0.9234,0.9161,0.9288,0.9197,0.9252,0.9161,0.9288,0.9288,0.9088,0.9203
69007,0.9234,0.9088,0.9124,0.9234,0.9161,0.9288,0.9197,0.9252,0.9161,0.9288,0.9288,0.9088,0.9203
69008,0.9234,0.9088,0.9124,0.9234,0.9161,0.9288,0.9197,0.9252,0.9161,0.9288,0.9288,0.9088,0.9203
69009,0.9234,0.9088,0.9124,0.9234,0.9161,0.9288,0.9197,0.9252,0.9161,0.9288,0.9288,0.9088,0.9203
69607,0.9234,0.9088,0.9124,0.9234,0.9161,0.9288,0.9197,0.9252,0.9161,0.9288,0.9288,0.9088,0.9203
69608,0.9234,0.9088,0.9124,0.9234,0.9161,0.9288,0.9197,0.9252,0.9161,0.9288,0.9288,0.9088,0.9203
69609,0.9234,0.9088,0.9124,0.9234,0.9161,0.9288,0.9197,0.9252,0.9161,0.9288,0.9288,0.9088,0.9203
70207,0.9234,0.9088,0.9124,0.9234,0.9161,0.9288,0.9197,0.9252,0.9161,0.9288,0.9288,0.9088,0.9203
70208,0.9234,0.9088,0.9124,0.9234,0.9161,0.9288,0.9197,0.9252,0.9161,0.9288,0.9288,0.9088,0.9203
70209,0.9234,0.9088,0.9124,0.9234,0.9161,0.9288,0.9197,0.9252,0.9161,0.9288,0.9288,0.9088,0.9203
70807,0.9234,0.9088,0.9124,0.9234,0.9161,0.9288,0.9197,0.9252,0.9161,0.9288,0.9288,0.9088,0.9203
70808,0.9234,0.9088,0.9124,0.9234,0.9161,0.9288,0.9197,0.9252,0.9161,0.9288,0.9288,0.9088,0.9203
70809,0.9234,0.9088,0.9124,0.9234,0.9161,0.9288,0.9197,0.9252,0.9161,0.9288,0.9288,0.9088,0.9203
71407,0.9234,0.9088,0.9124,0.9234,0.9161,0.9288,0.9197,0.9252,0.9161,0.9288,0.9288,0.9088,0.9203
71408,0.9234,0.9088,0.9124,0.9234,0.9161,0.9288,0.9197,0.9252,0.9179,0.9288,0.9288,0.9088,0.9205
71409,0.9234,0.9088,0.9124,0.9234,0.9161,0.9288,0.9197,0.9252,0.9179,0.9288,0.9288,0.9088,0.9205
72007,0.9234,0.9088,0.9124,0.9234,0.9161,0.9288,0.9197,0.9252,0.9179,0.9288,0.9288,0.9088,0.9205
72008,0.9234,0.9088,0.9124,0.9234,0.9161,0.9288,0.9197,0.9252,0.9179,0.9288,0.9288,0.9088,0.9205
72009,0.9234,0.9088,0.9124,0.9234,0.9161,0.9288,0.9197,0.9252,0.9179,0.9288,0.9288,0.9088,0.9205
72607,0.9234,0.9088,0.9124,0.9234,0.9161,0.9288,0.9197,0.9252,0.9179,0.9288,0.9288,0.9088,0.9205
72608,0.9234,0.9088,0.9124,0.9234,0.9161,0.9288,0.9197,0.9252,0.9179,0.9288,0.9288,0.9088,0.9205
72609,0.9234,0.9088,0.9124,0.9234,0.9161,0.9288,0.9197,0.9252,0.9179,0.9288,0.9288,0.9088,0.9205
73207,0.9234,0.9088,0.9124,0.9234,0.9161,0.9288,0.9197,0.9252,0.9179,0.9288,0.9288,0.9088,0.9205
73208,0.9252,0.9088,0.9124,0.9234,0.9161,0.9288,0.9197,0.9252,0.9179,0.9288,0.9288,0.9088,0.9206
73209,0.9252,0.9088,0.9124,0.9234,0.9161,0.9288,0.9197,0.9252,0.9179,0.9288,0.9288,0.9088,0.9206
73807,0.9252,0.9088,0.9124,0.9234,0.9161,0.9288,0.9197,0.9252,0.9179,0.9288,0.9288,0.9088,0.9206
73808,0.9252,0.9088,0.9124,0.9234,0.9161,0.9288,0.9197,0.9252,0.9179,0.9288,0.9288,0.9088,0.9206
73809,0.9252,0.9088,0.9124,0.9234,0.9161,0.9288,0.9197,0.9252,0.9179,0.9288,0.9288,0.9088,0.9206
74407,0.9252,0.9088,0.9124,0.9234,0.9161,0.9288,0.9197,0.9252,0.9179,0.9288,0.9288,0.9088,0.9206
74408,0.9252,0.9088,0.9124,0.9234,0.9161,0.9288,0.9197,0.9252,0.9179,0.9288,0.9288,0.9088,0.9206
74409,0.9252,0.9088,0.9124,0.9234,0.9161,0.9288,0.9197,0.9252,0.9179,0.9288,0.9288,0.9088,0.9206
75007,0.9252,0.9088,0.9124,0.9234,0.9161,0.9288,0.9197,0.9252,0.9179,0.9288,0.9288,0.9088,0.9206
75008,0.9252,0.9088,0.9124,0.9234,0.9161,0.9288,0.9197,0.9252,0.9179,0.9288,0.9288,0.9088,0.9206
75009,0.9252,0.9088,0.9124,0.9234,0.9161,0.9288,0.9197,0.9252,0.9179,0.9288,0.9288,0.9088,0.9206
75607,0.9252,0.9088,0.9124,0.9234,0.9161,0.9288,0.9197,0.9252,0.9179,0.9288,0.9288,0.9088,0.9206
75608,0.9252,0.9088,0.9124,0.9234,0.9161,0.9288,0.9197,0.9252,0.9179,0.9288,0.9288,0.9088,0.9206
75609,0.9252,0.9088,0.9124,0.9234,0.9161,0.9288,0.9197,0.9252,0.9179,0.9288,0.9288,0.9088,0.9206
76207,0.9252,0.9088,0.9124,0.9234,0.9161,0.9288,0.9197,0.9252,0.9179,0.9288,0.9288,0.9088,0.9206
76208,0.9252,0.9088,0.9124,0.9234,0.9161,0.9288,0.9197,0.9252,0.9179,0.9288,0.9288,0.9088,0.9206
76209,0.9252,0.9088,0.9124,0.9234,0.9161,0.9288,0.9197,0.9252,0.9179,0.9288,0.9288,0.9088,0.9206
76807,0.9252,0.9088,0.9124,0.9234,0.9161,0.9288,0.9197,0.9252,0.9179,0.9288,0.9288,0.9088,0.9206
76808,0.9252,0.9088,0.9124,0.9234,0.9161,0.9288,0.9215,0.9252,0.9179,0.9288,0.9288,0.9088,0.9208
76809,0.9252,0.9088,0.9124,0.9234,0.9161,0.9288,0.9215,0.9252,0.9179,0.9288,0.9288,0.9088,0.9208
77407,0.9252,0.9106,0.9124,0.9234,0.9161,0.9288,0.9215,0.9252,0.9179,0.9288,0.9288,0.9106,0.921
77408,0.9252,0.9106,0.9124,0.9234,0.9161,0.9288,0.9215,0.9252,0.9179,0.9288,0.9288,0.9106,0.921
77409,0.9252,0.9106,0.9124,0.9234,0.9161,0.9288,0.9215,0.9252,0.9179,0.9288,0.9288,0.9106,0.921
78007,0.9252,0.9106,0.9124,0.9234,0.9161,0.9288,0.9215,0.9252,0.9179,0.9288,0.9288,0.9106,0.921
78008,0.9252,0.9106,0.9124,0.9234,0.9161,0.9288,0.9215,0.9252,0.9179,0.9288,0.9288,0.9106,0.921
78009,0.9252,0.9106,0.9124,0.9234,0.9161,0.9288,0.9215,0.9252,0.9179,0.9288,0.9288,0.9106,0.921
78607,0.9252,0.9106,0.9124,0.9234,0.9161,0.9288,0.9215,0.9252,0.9179,0.9288,0.9288,0.9106,0.921
78608,0.9252,0.9106,0.9124,0.9234,0.9161,0.9288,0.9215,0.9252,0.9179,0.9288,0.9288,0.9106,0.921
78609,0.9252,0.9106,0.9124,0.9234,0.9161,0.9288,0.9215,0.9252,0.9179,0.9288,0.9288,0.9106,0.921
79207,0.9252,0.9106,0.9124,0.9234,0.9161,0.9288,0.9215,0.9252,0.9179,0.9288,0.9288,0.9106,0.921
79208,0.9252,0.9106,0.9124,0.9234,0.9161,0.9288,0.9215,0.9252,0.9179,0.9288,0.9288,0.9106,0.921
79209,0.9252,0.9106,0.9124,0.9234,0.9161,0.9288,0.9215,0.9252,0.9179,0.9288,0.9288,0.9106,0.921
79807,0.9252,0.9106,0.9124,0.9234,0.9161,0.9288,0.9215,0.9252,0.9179,0.9288,0.9288,0.9106,0.921
79808,0.9252,0.9106,0.9124,0.9234,0.9161,0.9288,0.9215,0.9252,0.9179,0.9288,0.9288,0.9106,0.921
79809,0.9252,0.9106,0.9124,0.9234,0.9161,0.9288,0.9215,0.9252,0.9179,0.9288,0.9288,0.9106,0.921
80407,0.9252,0.9106,0.9124,0.9234,0.9161,0.9288,0.9215,0.9252,0.9179,0.9288,0.9288,0.9106,0.921
80408,0.9252,0.9106,0.9124,0.9234,0.9161,0.9288,0.9215,0.9252,0.9179,0.9288,0.9288,0.9106,0.921
80409,0.9252,0.9106,0.9124,0.9234,0.9161,0.9288,0.9215,0.9252,0.9179,0.9288,0.9288,0.9106,0.921
81007,0.9252,0.9106,0.9124,0.9234,0.9161,0.9288,0.9215,0.9252,0.9179,0.9288,0.9288,0.9106,0.921
81008,0.9252,0.9106,0.9124,0.9234,0.9161,0.9288,0.9215,0.9252,0.9179,0.9288,0.9288,0.9106,0.921
81009,0.9252,0.9106,0.9124,0.9234,0.9161,0.9288,0.9215,0.9252,0.9179,0.9288,0.9288,0.9106,0.921
81607,0.9252,0.9106,0.9124,0.9234,0.9161,0.9288,0.9215,0.9252,0.9179,0.9288,0.9288,0.9106,0.921
81608,0.9252,0.9106,0.9124,0.9234,0.9161,0.9288,0.9215,0.9252,0.9179,0.9288,0.9288,0.9106,0.921
81609,0.9252,0.9106,0.9124,0.9234,0.9161,0.9288,0.9215,0.9252,0.9179,0.9288,0.9288,0.9106,0.921
82207,0.9252,0.9106,0.9124,0.9234,0.9161,0.9288,0.9215,0.9252,0.9179,0.9288,0.9288,0.9106,0.921
82208,0.9252,0.9106,0.9124,0.9234,0.9161,0.9288,0.9215,0.9252,0.9179,0.9288,0.9288,0.9106,0.921
82209,0.9252,0.9106,0.9124,0.9234,0.9161,0.9288,0.9215,0.9252,0.9179,0.9288,0.9288,0.9106,0.921
82807,0.9252,0.9106,0.9124,0.9234,0.9161,0.9288,0.9215,0.9252,0.9179,0.9288,0.9288,0.9106,0.921
82808,0.9252,0.9106,0.9124,0.9234,0.9161,0.9288,0.9215,0.9252,0.9179,0.9288,0.9288,0.9106,0.921
82809,0.9252,0.9106,0.9124,0.9234,0.9161,0.9288,0.9215,0.9252,0.9179,0.9288,0.9288,0.9106,0.921
83407,0.9252,0.9106,0.9124,0.9234,0.9161,0.9288,0.9215,0.9252,0.9179,0.9288,0.9288,0.9106,0.921
83408,0.9252,0.9106,0.9124,0.9234,0.9161,0.9288,0.9215,0.9252,0.9179,0.9288,0.9288,0.9106,0.921
83409,0.9252,0.9106,0.9124,0.9234,0.9161,0.9288,0.9215,0.9252,0.9179,0.9288,0.9288,0.9106,0.921
84007,0.9252,0.9106,0.9124,0.9234,0.9161,0.9288,0.9215,0.9252,0.9179,0.9288,0.9288,0.9106,0.921
84008,0.9252,0.9106,0.9124,0.9234,0.9161,0.9288,0.9215,0.9252,0.9179,0.9288,0.9288,0.9106,0.921
84009,0.9252,0.9106,0.9124,0.9234,0.9161,0.9288,0.9215,0.9252,0.9179,0.9288,0.9288,0.9106,0.921
84607,0.9252,0.9106,0.9124,0.9234,0.9161,0.9288,0.9215,0.9252,0.9179,0.9288,0.9288,0.9106,0.921
84608,0.9252,0.9106,0.9124,0.9234,0.9161,0.9288,0.9215,0.9252,0.9179,0.9288,0.9288,0.9106,0.921
84609,0.9252,0.9106,0.9124,0.9234,0.9161,0.9288,0.9215,0.9252,0.9179,0.9288,0.9288,0.9106,0.921
85207,0.9252,0.9106,0.9124,0.9234,0.9161,0.9288,0.9215,0.9252,0.9179,0.9288,0.9288,0.9106,0.921
85208,0.9252,0.9106,0.9124,0.9234,0.9161,0.9288,0.9215,0.9252,0.9179,0.9288,0.9288,0.9106,0.921
85209,0.9252,0.9106,0.9124,0.9234,0.9161,0.9288,0.9215,0.9252,0.9179,0.9288,0.9288,0.9106,0.921
85807,0.9252,0.9106,0.9124,0.9234,0.9161,0.9288,0.9215,0.9252,0.9179,0.9288,0.9288,0.9106,0.921
85808,0.9252,0.9106,0.9124,0.9234,0.9161,0.9288,0.9215,0.9252,0.9179,0.9288,0.9288,0.9106,0.921
85809,0.9252,0.9106,0.9124,0.9234,0.9161,0.9288,0.9215,0.9252,0.9179,0.9288,0.9288,0.9106,0.921
