timestamp,fdc2,fdc5,fdc1,fdc3,fdc0,fdc4,fdc6,fdc7,fdc8,fdc9,max,min,avg
0,0.1911,0.1911,0.1911,0.1911,0.1911,0.1911,0.1911,0.1911,0.1911,0.1911,0.1911,0.1911,0.1911
3,0.1911,0.2764,0.1911,0.1911,0.1911,0.1911,0.2764,0.2764,0.2764,0.2764,0.2764,0.1911,0.2337
4,0.2764,0.3943,0.2764,0.2764,0.2764,0.2764,0.372,0.3902,0.3699,0.376,0.3943,0.2764,0.3284
5,0.4065,0.3943,0.3679,0.3923,0.3699,0.372,0.3902,0.3902,0.3801,0.376,0.4065,0.3679,0.3839
6,0.4126,0.4024,0.372,0.3943,0.3699,0.372,0.3923,0.4309,0.4065,0.4004,0.4309,0.3699,0.3953
7,0.4126,0.4045,0.3963,0.3943,0.374,0.3943,0.3923,0.4309,0.4085,0.4004,0.4309,0.374,0.4008
8,0.4126,0.4065,0.3963,0.4228,0.374,0.4065,0.4004,0.4329,0.4126,0.4228,0.4329,0.374,0.4087
9,0.4146,0.4939,0.3963,0.4309,0.3963,0.4065,0.4004,0.435,0.4146,0.4268,0.4939,0.3963,0.4215
10,0.4167,0.5,0.3963,0.4329,0.3963,0.4329,0.4004,0.437,0.4167,0.4268,0.5,0.3963,0.4256
11,0.4167,0.502,0.3963,0.4329,0.3963,0.4329,0.4004,0.437,0.4167,0.4289,0.502,0.3963,0.426
12,0.4329,0.502,0.4228,0.4329,0.3963,0.4329,0.4126,0.437,0.4167,0.4329,0.502,0.3963,0.4319
13,0.4451,0.502,0.4268,0.4329,0.3984,0.4329,0.4146,0.437,0.4167,0.4329,0.502,0.3984,0.4339
14,0.4451,0.502,0.4268,0.4472,0.3984,0.4329,0.4146,0.437,0.4167,0.4329,0.502,0.3984,0.4354
15,0.4451,0.502,0.4289,0.4472,0.3984,0.4329,0.4146,0.437,0.4167,0.4329,0.502,0.3984,0.4356
16,0.4451,0.502,0.4309,0.5061,0.3984,0.4329,0.437,0.437,0.4167,0.4329,0.5061,0.3984,0.4439
17,0.4451,0.502,0.4309,0.5061,0.3984,0.4329,0.439,0.437,0.4167,0.4329,0.5061,0.3984,0.4441
18,0.4451,0.5041,0.4309,0.5061,0.3984,0.4329,0.439,0.437,0.4167,0.4329,0.5061,0.3984,0.4443
19,0.4451,0.5041,0.4309,0.5061,0.3984,0.4329,0.4411,0.4431,0.4167,0.4329,0.5061,0.3984,0.4451
20,0.4451,0.5041,0.4309,0.5061,0.3984,0.4329,0.4411,0.4431,0.4167,0.4329,0.5061,0.3984,0.4451
21,0.4492,0.5041,0.4533,0.5061,0.4004,0.4329,0.4411,0.4431,0.4167,0.4329,0.5061,0.4004,0.448
22,0.4512,0.5081,0.4533,0.5102,0.4004,0.4329,0.4512,0.4533,0.4207,0.4329,0.5102,0.4004,0.4514
23,0.4512,0.5081,0.4533,0.5224,0.4004,0.4329,0.4512,0.4675,0.4228,0.4329,0.5224,0.4004,0.4543
24,0.4512,0.5081,0.4533,0.5224,0.4004,0.435,0.4512,0.4695,0.4228,0.4329,0.5224,0.4004,0.4547
25,0.5,0.5081,0.4533,0.5224,0.4004,0.437,0.4512,0.5061,0.4228,0.4329,0.5224,0.4004,0.4634
26,0.5041,0.5081,0.4533,0.5244,0.4024,0.439,0.4512,0.5183,0.4228,0.435,0.5244,0.4024,0.4659
27,0.5041,0.5122,0.4533,0.5244,0.4024,0.439,0.4533,0.5203,0.4228,0.435,0.5244,0.4024,0.4667
28,0.5061,0.5122,0.4533,0.5264,0.4024,0.4411,0.4533,0.5203,0.4228,0.437,0.5264,0.4024,0.4675
29,0.5081,0.5142,0.4533,0.5264,0.4024,0.4431,0.4654,0.5203,0.4329,0.437,0.5264,0.4024,0.4703
30,0.5102,0.5142,0.4533,0.5264,0.4024,0.4431,0.4654,0.5203,0.4329,0.437,0.5264,0.4024,0.4705
31,0.5122,0.5142,0.4533,0.5285,0.4045,0.4431,0.4654,0.5203,0.4329,0.437,0.5285,0.4045,0.4711
32,0.5183,0.5142,0.4533,0.5285,0.4045,0.4431,0.4695,0.5203,0.4329,0.437,0.5285,0.4045,0.4722
33,0.5203,0.5142,0.4533,0.5285,0.4045,0.4431,0.4695,0.5203,0.435,0.437,0.5285,0.4045,0.4726
34,0.5224,0.5142,0.4533,0.5285,0.4146,0.4431,0.4695,0.5224,0.435,0.437,0.5285,0.4146,0.474
35,0.5305,0.5224,0.4533,0.5285,0.4146,0.4431,0.4695,0.5224,0.435,0.437,0.5305,0.4146,0.4756
36,0.5305,0.5264,0.4533,0.5285,0.4146,0.4431,0.4695,0.5224,0.435,0.437,0.5305,0.4146,0.476
37,0.5305,0.5407,0.4614,0.5285,0.4146,0.4431,0.4695,0.5224,0.435,0.437,0.5407,0.4146,0.4783
38,0.5305,0.5407,0.4614,0.5285,0.4146,0.4431,0.4695,0.5224,0.435,0.437,0.5407,0.4146,0.4783
39,0.5305,0.5427,0.4614,0.5285,0.4146,0.4431,0.4695,0.5244,0.435,0.437,0.5427,0.4146,0.4787
40,0.5305,0.5427,0.4614,0.5285,0.4146,0.4431,0.4695,0.5244,0.435,0.437,0.5427,0.4146,0.4787
41,0.5325,0.5427,0.4614,0.5285,0.4146,0.4431,0.4695,0.5244,0.435,0.437,0.5427,0.4146,0.4789
42,0.5325,0.5427,0.4614,0.5285,0.4146,0.4431,0.4695,0.5244,0.437,0.4472,0.5427,0.4146,0.4801
43,0.5325,0.5447,0.4614,0.5285,0.4146,0.4431,0.4695,0.5244,0.4573,0.4492,0.5447,0.4146,0.4825
44,0.5325,0.5447,0.4614,0.5305,0.4329,0.4431,0.4695,0.5244,0.4573,0.4492,0.5447,0.4329,0.4845
45,0.5325,0.5447,0.4654,0.5427,0.4329,0.4431,0.4695,0.5244,0.4593,0.4492,0.5447,0.4329,0.4864
46,0.5325,0.5467,0.4654,0.5427,0.4329,0.4431,0.4695,0.5244,0.4593,0.4492,0.5467,0.4329,0.4866
47,0.5346,0.5854,0.4654,0.5427,0.4329,0.4431,0.4695,0.5244,0.4593,0.4492,0.5854,0.4329,0.4907
48,0.5346,0.5854,0.4654,0.5427,0.435,0.4431,0.4695,0.5244,0.4593,0.4492,0.5854,0.435,0.4909
49,0.5346,0.5854,0.4675,0.5427,0.435,0.4431,0.4695,0.5264,0.4593,0.4573,0.5854,0.435,0.4921
50,0.5366,0.5894,0.4675,0.5427,0.435,0.4431,0.4715,0.5264,0.4593,0.4573,0.5894,0.435,0.4929
51,0.5366,0.5894,0.4675,0.5427,0.435,0.4431,0.4715,0.5264,0.4593,0.4573,0.5894,0.435,0.4929
52,0.5366,0.5915,0.4675,0.5427,0.435,0.4431,0.4715,0.5264,0.4614,0.4573,0.5915,0.435,0.4933
53,0.5366,0.5915,0.4675,0.5427,0.435,0.4431,0.4715,0.5264,0.4614,0.4573,0.5915,0.435,0.4933
54,0.5366,0.5915,0.4675,0.5427,0.435,0.4431,0.4715,0.5285,0.4614,0.4573,0.5915,0.435,0.4935
55,0.5366,0.5915,0.4715,0.5427,0.435,0.4431,0.4715,0.5285,0.4614,0.4573,0.5915,0.435,0.4939
56,0.5366,0.5915,0.4715,0.5447,0.435,0.4431,0.4715,0.5285,0.4614,0.4573,0.5915,0.435,0.4941
57,0.5366,0.5935,0.4715,0.5447,0.435,0.4431,0.4715,0.5285,0.4614,0.4573,0.5935,0.435,0.4943
58,0.5366,0.5935,0.4715,0.5447,0.435,0.4431,0.4715,0.5346,0.4614,0.4573,0.5935,0.435,0.4949
59,0.5366,0.5935,0.4756,0.5447,0.435,0.4451,0.4736,0.5346,0.4614,0.4573,0.5935,0.435,0.4957
60,0.5366,0.5955,0.4756,0.5447,0.435,0.4451,0.4756,0.5346,0.4614,0.4573,0.5955,0.435,0.4961
61,0.5366,0.5955,0.4756,0.5447,0.435,0.4451,0.4756,0.5366,0.4634,0.4573,0.5955,0.435,0.4965
62,0.5366,0.5955,0.4756,0.5447,0.435,0.4451,0.4756,0.5366,0.4634,0.4573,0.5955,0.435,0.4965
63,0.5366,0.5955,0.4756,0.5447,0.435,0.4451,0.4756,0.5366,0.4634,0.4573,0.5955,0.435,0.4965
64,0.5366,0.5955,0.4776,0.5447,0.435,0.4492,0.4756,0.5366,0.4634,0.4573,0.5955,0.435,0.4971
65,0.5366,0.5955,0.4776,0.5447,0.435,0.4512,0.4756,0.5366,0.4634,0.4573,0.5955,0.435,0.4973
66,0.5366,0.6098,0.4776,0.5447,0.435,0.4512,0.4756,0.5366,0.4634,0.4573,0.6098,0.435,0.4988
67,0.5366,0.6098,0.4797,0.5447,0.435,0.4512,0.4756,0.5366,0.4654,0.4573,0.6098,0.435,0.4992
68,0.5386,0.6098,0.4797,0.5447,0.435,0.4512,0.4756,0.5366,0.4654,0.4573,0.6098,0.435,0.4994
69,0.5427,0.6098,0.4797,0.5447,0.435,0.4512,0.4756,0.5366,0.4776,0.4573,0.6098,0.435,0.501
70,0.5427,0.6098,0.4797,0.5447,0.435,0.4512,0.4756,0.5366,0.4776,0.4573,0.6098,0.435,0.501
71,0.5427,0.6098,0.4797,0.5447,0.437,0.4654,0.4756,0.5366,0.4776,0.4573,0.6098,0.437,0.5026
72,0.5427,0.6098,0.4837,0.5447,0.437,0.4654,0.4756,0.5366,0.4776,0.4573,0.6098,0.437,0.503
73,0.5427,0.6098,0.4837,0.5447,0.437,0.4654,0.4756,0.5366,0.4776,0.4593,0.6098,0.437,0.5032
74,0.5427,0.6098,0.4837,0.5447,0.437,0.4654,0.4756,0.5366,0.4776,0.4614,0.6098,0.437,0.5034
75,0.5427,0.6098,0.4837,0.5447,0.437,0.4654,0.4817,0.5366,0.4776,0.4614,0.6098,0.437,0.5041
76,0.5427,0.6098,0.4837,0.5467,0.437,0.4654,0.4817,0.5366,0.4776,0.4614,0.6098,0.437,0.5043
77,0.5427,0.6118,0.4837,0.5467,0.437,0.4654,0.4817,0.5366,0.4797,0.4614,0.6118,0.437,0.5047
78,0.5549,0.6118,0.4837,0.5488,0.4533,0.4654,0.4817,0.5366,0.4797,0.4614,0.6118,0.4533,0.5077
79,0.5549,0.6118,0.4837,0.5488,0.4553,0.4654,0.4817,0.5366,0.4797,0.4614,0.6118,0.4553,0.5079
80,0.5549,0.6118,0.4837,0.5488,0.4553,0.4654,0.4817,0.5366,0.4797,0.4614,0.6118,0.4553,0.5079
81,0.5549,0.6118,0.4837,0.5488,0.4553,0.4654,0.4837,0.5366,0.4817,0.4614,0.6118,0.4553,0.5083
82,0.5549,0.6118,0.4837,0.5488,0.4553,0.4654,0.4837,0.5386,0.4817,0.4614,0.6118,0.4553,0.5085
83,0.5549,0.6118,0.4837,0.5488,0.4553,0.4797,0.4858,0.5386,0.4817,0.4614,0.6118,0.4553,0.5102
84,0.5549,0.6118,0.4837,0.5488,0.4553,0.4797,0.4858,0.5386,0.4817,0.4614,0.6118,0.4553,0.5102
85,0.5549,0.6118,0.4837,0.5488,0.4553,0.4797,0.4858,0.5386,0.4817,0.4614,0.6118,0.4553,0.5102
86,0.5549,0.6118,0.4837,0.5589,0.4553,0.4797,0.4858,0.5386,0.4817,0.4614,0.6118,0.4553,0.5112
87,0.5569,0.6118,0.4837,0.5589,0.4553,0.4797,0.4858,0.5386,0.4817,0.4614,0.6118,0.4553,0.5114
88,0.5569,0.6159,0.4837,0.5589,0.4553,0.4797,0.4858,0.5386,0.4817,0.4614,0.6159,0.4553,0.5118
89,0.5569,0.6159,0.4837,0.5589,0.4553,0.4797,0.4858,0.5386,0.4817,0.4614,0.6159,0.4553,0.5118
90,0.5569,0.6159,0.4837,0.5589,0.4553,0.4797,0.4858,0.5386,0.4817,0.4614,0.6159,0.4553,0.5118
91,0.5589,0.6159,0.4858,0.5589,0.4573,0.4797,0.4858,0.5386,0.4817,0.4614,0.6159,0.4573,0.5124
92,0.5589,0.6159,0.4858,0.561,0.4573,0.4797,0.4858,0.5386,0.4817,0.4614,0.6159,0.4573,0.5126
93,0.5589,0.6159,0.4858,0.561,0.4573,0.5305,0.4858,0.5386,0.4817,0.4614,0.6159,0.4573,0.5177
94,0.561,0.6179,0.4858,0.561,0.4573,0.5305,0.4858,0.5386,0.4817,0.4614,0.6179,0.4573,0.5181
95,0.561,0.6179,0.4858,0.561,0.4573,0.5305,0.4858,0.5386,0.4817,0.4614,0.6179,0.4573,0.5181
96,0.561,0.6179,0.4858,0.561,0.4573,0.5325,0.4858,0.5386,0.4858,0.4614,0.6179,0.4573,0.5187
97,0.561,0.6179,0.4858,0.561,0.4573,0.5325,0.4878,0.5386,0.4858,0.4614,0.6179,0.4573,0.5189
98,0.561,0.6179,0.4858,0.561,0.4573,0.5346,0.4878,0.5386,0.4858,0.4614,0.6179,0.4573,0.5191
99,0.561,0.6179,0.4858,0.561,0.4573,0.5346,0.4878,0.5407,0.4919,0.4817,0.6179,0.4573,0.522
100,0.561,0.6179,0.4858,0.561,0.4573,0.5346,0.4878,0.5407,0.4919,0.4817,0.6179,0.4573,0.522
101,0.561,0.6179,0.4858,0.561,0.4573,0.5346,0.4878,0.5407,0.4939,0.4817,0.6179,0.4573,0.5222
102,0.561,0.6179,0.4858,0.561,0.4573,0.5346,0.4878,0.5407,0.4939,0.4817,0.6179,0.4573,0.5222
103,0.561,0.6179,0.4858,0.561,0.4573,0.5386,0.4878,0.5407,0.4939,0.4817,0.6179,0.4573,0.5226
104,0.561,0.6179,0.4858,0.561,0.4573,0.5407,0.4878,0.5407,0.4939,0.4817,0.6179,0.4573,0.5228
105,0.561,0.6179,0.4858,0.561,0.4573,0.5407,0.4878,0.5407,0.4939,0.4817,0.6179,0.4573,0.5228
106,0.561,0.6179,0.4858,0.5671,0.4573,0.5407,0.4878,0.5407,0.4939,0.4817,0.6179,0.4573,0.5234
107,0.561,0.6179,0.4858,0.5671,0.4573,0.5427,0.4878,0.5407,0.4939,0.4837,0.6179,0.4573,0.5238
108,0.561,0.6179,0.4858,0.5671,0.4593,0.5427,0.4878,0.5407,0.4939,0.4837,0.6179,0.4593,0.524
109,0.565,0.6301,0.4858,0.5711,0.4593,0.5427,0.4878,0.5407,0.4939,0.4837,0.6301,0.4593,0.526
110,0.565,0.6301,0.4858,0.5711,0.4593,0.5427,0.4878,0.5407,0.4939,0.4837,0.6301,0.4593,0.526
111,0.565,0.6301,0.4858,0.5711,0.4593,0.5488,0.4878,0.5407,0.4939,0.4837,0.6301,0.4593,0.5266
112,0.565,0.6301,0.4858,0.5711,0.4614,0.5488,0.4878,0.5407,0.4939,0.4837,0.6301,0.4614,0.5268
113,0.565,0.6301,0.4858,0.5711,0.4614,0.5488,0.4878,0.5407,0.4959,0.4837,0.6301,0.4614,0.527
114,0.565,0.6301,0.4858,0.5711,0.4614,0.5488,0.4878,0.5407,0.4959,0.4837,0.6301,0.4614,0.527
115,0.5833,0.6301,0.4858,0.5752,0.4614,0.5488,0.4878,0.5407,0.4959,0.4837,0.6301,0.4614,0.5293
116,0.5833,0.6301,0.4858,0.5752,0.4614,0.5488,0.4878,0.5407,0.4959,0.4837,0.6301,0.4614,0.5293
117,0.5833,0.6301,0.4858,0.5752,0.4614,0.5528,0.4878,0.5407,0.4959,0.4837,0.6301,0.4614,0.5297
118,0.5833,0.6301,0.4858,0.5752,0.4614,0.5528,0.4878,0.5407,0.4959,0.4837,0.6301,0.4614,0.5297
119,0.5833,0.6301,0.4858,0.5752,0.4614,0.5528,0.4878,0.5407,0.4959,0.4837,0.6301,0.4614,0.5297
120,0.5833,0.6301,0.4858,0.5752,0.4614,0.5528,0.4878,0.5407,0.4959,0.4837,0.6301,0.4614,0.5297
121,0.5955,0.6301,0.4858,0.5752,0.4614,0.5528,0.4878,0.5407,0.4959,0.4837,0.6301,0.4614,0.5309
122,0.5955,0.6301,0.4858,0.5752,0.4614,0.5528,0.4878,0.5407,0.4959,0.4837,0.6301,0.4614,0.5309
123,0.5955,0.6301,0.4858,0.5752,0.4614,0.5528,0.4878,0.5407,0.4959,0.4837,0.6301,0.4614,0.5309
124,0.5955,0.6301,0.4858,0.5752,0.4614,0.5528,0.4878,0.5407,0.4959,0.4837,0.6301,0.4614,0.5309
125,0.5955,0.6301,0.5102,0.5752,0.4614,0.5528,0.4878,0.5407,0.4959,0.4837,0.6301,0.4614,0.5333
126,0.5955,0.6301,0.5102,0.5752,0.4614,0.5549,0.4878,0.5407,0.4959,0.4837,0.6301,0.4614,0.5335
127,0.6098,0.6301,0.5102,0.5854,0.4614,0.5549,0.4878,0.5407,0.4959,0.4837,0.6301,0.4614,0.536
128,0.6098,0.6301,0.5102,0.5854,0.4614,0.5549,0.4878,0.5407,0.4959,0.4837,0.6301,0.4614,0.536
129,0.6098,0.6301,0.5102,0.5854,0.4614,0.5549,0.4878,0.5407,0.4959,0.4837,0.6301,0.4614,0.536
130,0.6098,0.6341,0.5122,0.5854,0.4614,0.5549,0.4878,0.5407,0.4959,0.4837,0.6341,0.4614,0.5366
131,0.6098,0.6341,0.5122,0.5854,0.4614,0.5549,0.4878,0.5407,0.4959,0.4837,0.6341,0.4614,0.5366
132,0.6098,0.6341,0.5122,0.5854,0.4614,0.5549,0.4878,0.5407,0.4959,0.4837,0.6341,0.4614,0.5366
133,0.6098,0.6341,0.5122,0.5854,0.4614,0.5549,0.4878,0.5407,0.4959,0.4837,0.6341,0.4614,0.5366
134,0.6098,0.6341,0.5122,0.5854,0.4614,0.5549,0.4878,0.5407,0.4959,0.4837,0.6341,0.4614,0.5366
135,0.6098,0.6341,0.5122,0.5854,0.4614,0.5549,0.4878,0.5407,0.4959,0.4837,0.6341,0.4614,0.5366
136,0.6098,0.6341,0.5122,0.5854,0.4614,0.5549,0.4878,0.5427,0.4959,0.4837,0.6341,0.4614,0.5368
137,0.6098,0.6341,0.5122,0.5854,0.4614,0.5549,0.4878,0.5427,0.4959,0.4837,0.6341,0.4614,0.5368
138,0.6098,0.6341,0.5122,0.5854,0.4614,0.5549,0.4878,0.5427,0.4959,0.4837,0.6341,0.4614,0.5368
139,0.6098,0.6341,0.5122,0.5854,0.4614,0.5549,0.4878,0.5427,0.4959,0.4837,0.6341,0.4614,0.5368
140,0.6098,0.6341,0.5122,0.5854,0.4614,0.5549,0.502,0.5427,0.4959,0.4837,0.6341,0.4614,0.5382
141,0.6098,0.6341,0.5122,0.5854,0.4614,0.5549,0.502,0.5427,0.4959,0.4837,0.6341,0.4614,0.5382
142,0.6098,0.6341,0.5122,0.5854,0.4614,0.5549,0.502,0.5427,0.4959,0.4837,0.6341,0.4614,0.5382
143,0.6098,0.6341,0.5122,0.5854,0.4614,0.5549,0.502,0.5427,0.4959,0.498,0.6341,0.4614,0.5396
144,0.6098,0.6341,0.5122,0.5854,0.4614,0.5549,0.502,0.5447,0.4959,0.498,0.6341,0.4614,0.5398
145,0.6098,0.6341,0.5122,0.5854,0.4614,0.5549,0.502,0.5447,0.4959,0.498,0.6341,0.4614,0.5398
146,0.6098,0.6341,0.5122,0.5854,0.4614,0.5549,0.502,0.5447,0.4959,0.498,0.6341,0.4614,0.5398
147,0.6098,0.6341,0.5122,0.5854,0.4614,0.5569,0.502,0.5447,0.4959,0.498,0.6341,0.4614,0.54
148,0.6098,0.6341,0.5122,0.5854,0.4614,0.5569,0.502,0.5447,0.4959,0.498,0.6341,0.4614,0.54
149,0.6098,0.6341,0.5122,0.5854,0.4614,0.5569,0.502,0.5447,0.4959,0.498,0.6341,0.4614,0.54
150,0.6098,0.6341,0.5122,0.5854,0.4614,0.5569,0.502,0.5447,0.4959,0.5183,0.6341,0.4614,0.5421
151,0.6098,0.6341,0.5122,0.5854,0.4614,0.5569,0.5041,0.5447,0.4959,0.5183,0.6341,0.4614,0.5423
152,0.6098,0.6341,0.5122,0.5854,0.4614,0.5569,0.5041,0.5447,0.4959,0.5183,0.6341,0.4614,0.5423
153,0.6098,0.6341,0.5122,0.5854,0.4614,0.5569,0.5041,0.5447,0.4959,0.5244,0.6341,0.4614,0.5429
154,0.6098,0.6341,0.5122,0.5854,0.4614,0.5569,0.5041,0.5447,0.4959,0.5244,0.6341,0.4614,0.5429
155,0.6098,0.6362,0.5122,0.5854,0.4614,0.5569,0.5041,0.5447,0.4959,0.5244,0.6362,0.4614,0.5431
156,0.6118,0.6362,0.5122,0.5854,0.4614,0.5569,0.5203,0.5447,0.4959,0.5244,0.6362,0.4614,0.5449
157,0.6118,0.6362,0.5122,0.5854,0.4614,0.561,0.5203,0.5447,0.4959,0.5244,0.6362,0.4614,0.5453
158,0.6118,0.6362,0.5122,0.5854,0.4614,0.561,0.5203,0.5447,0.4959,0.5244,0.6362,0.4614,0.5453
159,0.6118,0.6362,0.5122,0.5854,0.4614,0.561,0.5203,0.5447,0.4959,0.5244,0.6362,0.4614,0.5453
160,0.6118,0.6362,0.5122,0.5854,0.4614,0.561,0.5203,0.5447,0.4959,0.5244,0.6362,0.4614,0.5453
161,0.6118,0.6402,0.5122,0.5854,0.4614,0.561,0.5264,0.5447,0.4959,0.5244,0.6402,0.4614,0.5463
162,0.6118,0.6443,0.5122,0.5854,0.4614,0.561,0.5264,0.5447,0.4959,0.5569,0.6443,0.4614,0.55
163,0.6118,0.6463,0.5122,0.5854,0.4614,0.561,0.5264,0.5447,0.4959,0.5569,0.6463,0.4614,0.5502
164,0.6138,0.6463,0.5122,0.5854,0.4614,0.563,0.5264,0.5447,0.4959,0.5569,0.6463,0.4614,0.5506
165,0.6138,0.6463,0.5122,0.5854,0.4614,0.563,0.5305,0.5447,0.498,0.5569,0.6463,0.4614,0.5512
166,0.6138,0.6463,0.5122,0.5854,0.4614,0.563,0.5305,0.5447,0.5264,0.5569,0.6463,0.4614,0.5541
167,0.6138,0.6463,0.5122,0.5854,0.4614,0.563,0.5305,0.5447,0.5264,0.5569,0.6463,0.4614,0.5541
168,0.6138,0.6463,0.5122,0.5854,0.4614,0.563,0.5305,0.5447,0.5264,0.5569,0.6463,0.4614,0.5541
169,0.6138,0.6463,0.5122,0.5854,0.4614,0.563,0.5305,0.5447,0.5264,0.5569,0.6463,0.4614,0.5541
170,0.6138,0.6463,0.5142,0.5854,0.4614,0.563,0.5305,0.5447,0.5264,0.5569,0.6463,0.4614,0.5543
171,0.6138,0.6463,0.5142,0.5854,0.4614,0.563,0.5305,0.5447,0.5264,0.5569,0.6463,0.4614,0.5543
172,0.6138,0.6463,0.5142,0.5854,0.4614,0.563,0.5305,0.5447,0.5264,0.5569,0.6463,0.4614,0.5543
173,0.6138,0.6463,0.5142,0.5854,0.4614,0.563,0.5305,0.5447,0.5264,0.5569,0.6463,0.4614,0.5543
174,0.6138,0.6463,0.5467,0.5854,0.4614,0.563,0.5346,0.5447,0.5264,0.5569,0.6463,0.4614,0.5579
175,0.6138,0.6463,0.5467,0.5854,0.4614,0.563,0.5346,0.5447,0.5264,0.5569,0.6463,0.4614,0.5579
176,0.6138,0.6484,0.5467,0.5854,0.4817,0.563,0.5346,0.5447,0.5264,0.5569,0.6484,0.4817,0.5602
177,0.6138,0.6484,0.5467,0.5854,0.4817,0.563,0.5346,0.5447,0.5264,0.5569,0.6484,0.4817,0.5602
178,0.6138,0.6484,0.5467,0.5874,0.4817,0.563,0.5346,0.5447,0.5264,0.5569,0.6484,0.4817,0.5604
179,0.6138,0.6484,0.5467,0.5874,0.4817,0.563,0.5346,0.5447,0.5264,0.5569,0.6484,0.4817,0.5604
180,0.6138,0.6524,0.5467,0.5894,0.4817,0.565,0.5346,0.5447,0.5264,0.5569,0.6524,0.4817,0.5612
181,0.6138,0.6524,0.5467,0.5894,0.4817,0.565,0.5346,0.5447,0.5264,0.5569,0.6524,0.4817,0.5612
182,0.6138,0.6524,0.5467,0.5894,0.4817,0.565,0.5346,0.5447,0.5264,0.5569,0.6524,0.4817,0.5612
183,0.6138,0.6524,0.5467,0.5894,0.4817,0.565,0.5346,0.5447,0.5264,0.5569,0.6524,0.4817,0.5612
184,0.6159,0.6524,0.5467,0.5894,0.4817,0.565,0.5346,0.5467,0.5264,0.5569,0.6524,0.4817,0.5616
185,0.6159,0.6524,0.5467,0.5894,0.4817,0.565,0.5346,0.5467,0.5264,0.5569,0.6524,0.4817,0.5616
186,0.6159,0.6524,0.5467,0.5894,0.4817,0.565,0.5346,0.5467,0.5264,0.5569,0.6524,0.4817,0.5616
187,0.6159,0.6524,0.5488,0.5894,0.4817,0.565,0.5366,0.5467,0.5264,0.5569,0.6524,0.4817,0.562
188,0.6159,0.6524,0.5488,0.5894,0.4817,0.565,0.5386,0.5467,0.5264,0.5569,0.6524,0.4817,0.5622
189,0.6179,0.6524,0.5488,0.5894,0.4817,0.565,0.5386,0.5467,0.5264,0.5569,0.6524,0.4817,0.5624
190,0.6179,0.6565,0.5508,0.5894,0.4817,0.565,0.5386,0.5467,0.5264,0.5569,0.6565,0.4817,0.563
191,0.6179,0.6565,0.5508,0.5894,0.4817,0.565,0.5386,0.5467,0.5264,0.5569,0.6565,0.4817,0.563
192,0.6179,0.6565,0.5508,0.5894,0.4817,0.565,0.5386,0.5467,0.5264,0.5569,0.6565,0.4817,0.563
193,0.6179,0.6565,0.5508,0.5894,0.4817,0.565,0.5386,0.5467,0.5264,0.5569,0.6565,0.4817,0.563
194,0.6179,0.6565,0.5508,0.5894,0.4817,0.565,0.5955,0.5467,0.5264,0.5569,0.6565,0.4817,0.5687
195,0.6179,0.6565,0.5508,0.5915,0.4817,0.565,0.5996,0.5467,0.5264,0.5569,0.6565,0.4817,0.5693
196,0.6179,0.6565,0.5508,0.5915,0.4817,0.565,0.5996,0.5467,0.5264,0.5813,0.6565,0.4817,0.5717
197,0.6179,0.6565,0.5508,0.5915,0.4817,0.565,0.5996,0.5467,0.5264,0.5813,0.6565,0.4817,0.5717
198,0.6179,0.6565,0.5508,0.5915,0.4817,0.565,0.5996,0.5467,0.5264,0.5813,0.6565,0.4817,0.5717
199,0.6179,0.6565,0.5508,0.5915,0.4817,0.565,0.5996,0.5467,0.5264,0.5813,0.6565,0.4817,0.5717
200,0.6179,0.6565,0.5508,0.5915,0.4817,0.565,0.5996,0.5467,0.5264,0.5813,0.6565,0.4817,0.5717
201,0.6179,0.6565,0.5508,0.5915,0.4817,0.565,0.5996,0.5467,0.5264,0.5813,0.6565,0.4817,0.5717
202,0.6179,0.6565,0.5508,0.5915,0.4817,0.565,0.5996,0.5467,0.5264,0.5813,0.6565,0.4817,0.5717
203,0.6179,0.6565,0.5508,0.5915,0.4817,0.565,0.5996,0.5467,0.5264,0.5813,0.6565,0.4817,0.5717
204,0.6179,0.6606,0.5508,0.5915,0.4817,0.565,0.5996,0.5467,0.5264,0.5813,0.6606,0.4817,0.5721
205,0.6179,0.6667,0.5508,0.5915,0.4817,0.565,0.5996,0.5467,0.5264,0.5813,0.6667,0.4817,0.5728
206,0.6179,0.6667,0.5589,0.5915,0.4817,0.565,0.5996,0.5467,0.5264,0.5813,0.6667,0.4817,0.5736
207,0.6179,0.6667,0.5589,0.5915,0.4817,0.565,0.5996,0.5467,0.5264,0.5813,0.6667,0.4817,0.5736
208,0.6179,0.6667,0.563,0.5915,0.4817,0.565,0.5996,0.5467,0.5264,0.5813,0.6667,0.4817,0.574
209,0.6179,0.6667,0.563,0.5915,0.4817,0.565,0.5996,0.5467,0.5264,0.5813,0.6667,0.4817,0.574
210,0.6199,0.6667,0.563,0.5915,0.4817,0.565,0.5996,0.5467,0.5264,0.5813,0.6667,0.4817,0.5742
211,0.6199,0.6667,0.563,0.5915,0.4817,0.565,0.5996,0.5467,0.5264,0.5813,0.6667,0.4817,0.5742
212,0.6199,0.6667,0.563,0.5915,0.4817,0.565,0.6138,0.5467,0.5264,0.5813,0.6667,0.4817,0.5756
213,0.6199,0.6687,0.563,0.5915,0.4817,0.565,0.6138,0.5467,0.5264,0.5813,0.6687,0.4817,0.5758
214,0.6199,0.6687,0.563,0.5915,0.4817,0.565,0.6138,0.5467,0.5264,0.5813,0.6687,0.4817,0.5758
215,0.6199,0.6687,0.563,0.5915,0.4817,0.565,0.6159,0.5467,0.5264,0.5813,0.6687,0.4817,0.576
216,0.6341,0.6687,0.563,0.5915,0.4817,0.565,0.6159,0.5467,0.5325,0.5813,0.6687,0.4817,0.578
217,0.6362,0.6687,0.563,0.5915,0.4817,0.5671,0.6159,0.5467,0.5325,0.5813,0.6687,0.4817,0.5785
218,0.6362,0.6687,0.563,0.5955,0.4817,0.5671,0.6159,0.5467,0.5325,0.5813,0.6687,0.4817,0.5789
219,0.6362,0.6687,0.563,0.5955,0.4817,0.5671,0.6159,0.5467,0.5325,0.5813,0.6687,0.4817,0.5789
220,0.6362,0.6687,0.563,0.5955,0.4817,0.5671,0.6159,0.5467,0.5346,0.5813,0.6687,0.4817,0.5791
221,0.6362,0.6687,0.563,0.5955,0.4817,0.5671,0.6159,0.5467,0.5346,0.5813,0.6687,0.4817,0.5791
222,0.6362,0.6687,0.563,0.5955,0.4878,0.5671,0.6159,0.5467,0.5346,0.5813,0.6687,0.4878,0.5797
223,0.6362,0.6687,0.563,0.5955,0.4919,0.5671,0.6159,0.5467,0.5346,0.5813,0.6687,0.4919,0.5801
224,0.6362,0.6687,0.563,0.5955,0.4919,0.5671,0.6159,0.5467,0.5346,0.5813,0.6687,0.4919,0.5801
225,0.6362,0.6687,0.563,0.5955,0.4919,0.5671,0.6159,0.5467,0.5346,0.5813,0.6687,0.4919,0.5801
226,0.6362,0.6687,0.565,0.5996,0.4919,0.5671,0.6159,0.5467,0.5346,0.5813,0.6687,0.4919,0.5807
227,0.6362,0.6687,0.565,0.5996,0.4919,0.5671,0.6159,0.5467,0.5346,0.5813,0.6687,0.4919,0.5807
228,0.6382,0.6687,0.565,0.5996,0.4919,0.5671,0.6159,0.5467,0.5386,0.5813,0.6687,0.4919,0.5813
229,0.6382,0.6687,0.565,0.5996,0.4919,0.5671,0.6159,0.5467,0.5386,0.5813,0.6687,0.4919,0.5813
230,0.6382,0.6687,0.565,0.5996,0.4919,0.5671,0.6159,0.5467,0.5407,0.5813,0.6687,0.4919,0.5815
231,0.6382,0.6687,0.5671,0.5996,0.4919,0.5671,0.6159,0.5467,0.5407,0.5813,0.6687,0.4919,0.5817
232,0.6382,0.6687,0.5671,0.5996,0.4919,0.5671,0.6159,0.5467,0.5407,0.5813,0.6687,0.4919,0.5817
233,0.6382,0.6687,0.5671,0.5996,0.4919,0.5711,0.6159,0.5467,0.5407,0.5813,0.6687,0.4919,0.5821
234,0.6382,0.6687,0.5671,0.5996,0.4919,0.5711,0.6159,0.5467,0.5407,0.5813,0.6687,0.4919,0.5821
235,0.6382,0.6687,0.5671,0.5996,0.4919,0.5711,0.6159,0.5467,0.5407,0.5813,0.6687,0.4919,0.5821
236,0.6382,0.6707,0.5671,0.5996,0.4919,0.5711,0.6159,0.5467,0.5407,0.5813,0.6707,0.4919,0.5823
237,0.6382,0.6707,0.5671,0.5996,0.4919,0.5711,0.6159,0.5467,0.5407,0.5813,0.6707,0.4919,0.5823
238,0.6382,0.6707,0.5671,0.5996,0.4959,0.5732,0.6179,0.5467,0.5407,0.5813,0.6707,0.4959,0.5831
239,0.6382,0.6707,0.5671,0.5996,0.4959,0.5732,0.6179,0.5467,0.5407,0.5813,0.6707,0.4959,0.5831
240,0.6382,0.6707,0.5671,0.5996,0.4959,0.5732,0.6179,0.5467,0.5407,0.5813,0.6707,0.4959,0.5831
241,0.6382,0.6707,0.5671,0.5996,0.4959,0.5732,0.6179,0.5467,0.5407,0.5813,0.6707,0.4959,0.5831
242,0.6382,0.6707,0.5671,0.5996,0.4959,0.5732,0.6179,0.5467,0.5407,0.5813,0.6707,0.4959,0.5831
243,0.6382,0.6707,0.5671,0.5996,0.4959,0.5732,0.6179,0.5508,0.5407,0.5813,0.6707,0.4959,0.5835
244,0.6382,0.6707,0.5671,0.5996,0.4959,0.5752,0.6179,0.5508,0.5407,0.5813,0.6707,0.4959,0.5837
245,0.6382,0.6707,0.5671,0.5996,0.4959,0.5752,0.6179,0.5508,0.5407,0.5813,0.6707,0.4959,0.5837
246,0.6382,0.6707,0.5671,0.5996,0.4959,0.5752,0.6179,0.5508,0.5407,0.5813,0.6707,0.4959,0.5837
247,0.6382,0.6707,0.5671,0.5996,0.4959,0.5752,0.6179,0.5508,0.5407,0.5813,0.6707,0.4959,0.5837
248,0.6382,0.6707,0.5671,0.5996,0.4959,0.5752,0.6179,0.5508,0.5407,0.5833,0.6707,0.4959,0.5839
249,0.6382,0.6728,0.5671,0.5996,0.4959,0.5752,0.6179,0.5508,0.5407,0.5833,0.6728,0.4959,0.5842
250,0.6504,0.6728,0.5671,0.5996,0.4959,0.5772,0.6179,0.5508,0.5427,0.5833,0.6728,0.4959,0.5858
251,0.6504,0.6728,0.5671,0.5996,0.4959,0.5772,0.6179,0.5508,0.5427,0.5833,0.6728,0.4959,0.5858
252,0.6504,0.6728,0.5671,0.5996,0.4959,0.5772,0.6179,0.5508,0.5427,0.5833,0.6728,0.4959,0.5858
253,0.6504,0.6728,0.5671,0.5996,0.4959,0.5772,0.6179,0.5508,0.5427,0.5833,0.6728,0.4959,0.5858
254,0.6504,0.6728,0.5854,0.5996,0.4959,0.5772,0.6179,0.5508,0.5427,0.5833,0.6728,0.4959,0.5876
255,0.6504,0.6728,0.5854,0.5996,0.4959,0.5772,0.6179,0.5508,0.5427,0.5833,0.6728,0.4959,0.5876
256,0.6504,0.6728,0.5854,0.5996,0.4959,0.5772,0.6179,0.5508,0.5427,0.5833,0.6728,0.4959,0.5876
257,0.6504,0.6728,0.5854,0.5996,0.4959,0.5772,0.6179,0.5508,0.5427,0.5833,0.6728,0.4959,0.5876
258,0.6504,0.6728,0.5854,0.5996,0.4959,0.5772,0.6179,0.5508,0.5427,0.5874,0.6728,0.4959,0.588
259,0.6504,0.6728,0.5854,0.5996,0.4959,0.5772,0.6402,0.5508,0.5427,0.5874,0.6728,0.4959,0.5902
260,0.6504,0.6728,0.5854,0.5996,0.498,0.5793,0.6402,0.5508,0.5427,0.5874,0.6728,0.498,0.5907
261,0.6504,0.6728,0.5854,0.6016,0.498,0.5793,0.6402,0.5508,0.5427,0.5874,0.6728,0.498,0.5909
262,0.6504,0.6728,0.5854,0.6016,0.5,0.5793,0.6402,0.5508,0.5427,0.5874,0.6728,0.5,0.5911
263,0.6504,0.6728,0.5854,0.6016,0.5,0.5793,0.6402,0.5711,0.5427,0.5874,0.6728,0.5,0.5931
264,0.6504,0.6728,0.5854,0.6016,0.5,0.5793,0.6402,0.5711,0.5427,0.5874,0.6728,0.5,0.5931
265,0.6504,0.6728,0.5854,0.6016,0.5,0.5793,0.6402,0.5711,0.5427,0.5874,0.6728,0.5,0.5931
266,0.6504,0.6728,0.5854,0.6016,0.502,0.5793,0.6402,0.5711,0.5427,0.5874,0.6728,0.502,0.5933
267,0.6504,0.6728,0.5854,0.6016,0.502,0.5793,0.6402,0.5711,0.5427,0.5874,0.6728,0.502,0.5933
268,0.6504,0.6728,0.5854,0.6016,0.502,0.5793,0.6402,0.5711,0.5427,0.5874,0.6728,0.502,0.5933
269,0.6504,0.6728,0.5854,0.6016,0.502,0.5793,0.6402,0.5711,0.5427,0.5874,0.6728,0.502,0.5933
270,0.6504,0.6728,0.5854,0.6016,0.502,0.5793,0.6402,0.5711,0.5427,0.5874,0.6728,0.502,0.5933
271,0.6504,0.6728,0.5854,0.6016,0.502,0.5793,0.6402,0.5711,0.5427,0.5874,0.6728,0.502,0.5933
272,0.6504,0.6728,0.5854,0.6016,0.502,0.5793,0.6402,0.5711,0.5427,0.5874,0.6728,0.502,0.5933
273,0.6504,0.6728,0.5854,0.6016,0.502,0.5793,0.6402,0.5711,0.5427,0.5874,0.6728,0.502,0.5933
274,0.6504,0.6728,0.5854,0.6016,0.502,0.5793,0.6402,0.5711,0.5427,0.5874,0.6728,0.502,0.5933
275,0.6524,0.6728,0.5854,0.6016,0.502,0.5793,0.6402,0.5711,0.5467,0.5874,0.6728,0.502,0.5939
276,0.6524,0.6728,0.5874,0.6016,0.502,0.5793,0.6402,0.5711,0.5467,0.5874,0.6728,0.502,0.5941
277,0.6524,0.6728,0.5874,0.6016,0.502,0.5793,0.6402,0.5711,0.5467,0.5874,0.6728,0.502,0.5941
278,0.6524,0.6728,0.5874,0.6016,0.502,0.6159,0.6402,0.5711,0.5467,0.5874,0.6728,0.502,0.5978
279,0.6524,0.6728,0.5874,0.6016,0.502,0.6159,0.6402,0.5711,0.5467,0.5874,0.6728,0.502,0.5978
280,0.6524,0.6728,0.5874,0.6016,0.5041,0.6159,0.6402,0.5711,0.5467,0.5874,0.6728,0.5041,0.598
281,0.6524,0.6728,0.5874,0.6016,0.5041,0.6159,0.6423,0.5732,0.5467,0.5874,0.6728,0.5041,0.5984
282,0.6524,0.6728,0.5874,0.6016,0.5041,0.6159,0.6423,0.5732,0.5467,0.5874,0.6728,0.5041,0.5984
283,0.6524,0.6728,0.5874,0.6016,0.5041,0.6159,0.6423,0.5732,0.5467,0.5874,0.6728,0.5041,0.5984
284,0.6524,0.6728,0.5874,0.6016,0.5041,0.6159,0.6423,0.5732,0.5467,0.5874,0.6728,0.5041,0.5984
285,0.6524,0.6728,0.5874,0.6016,0.5041,0.6159,0.6423,0.5732,0.5467,0.5874,0.6728,0.5041,0.5984
286,0.6524,0.6728,0.5874,0.6016,0.5041,0.6159,0.6443,0.5732,0.5467,0.5874,0.6728,0.5041,0.5986
287,0.6524,0.6728,0.5874,0.6016,0.5041,0.6159,0.6443,0.5732,0.5467,0.5874,0.6728,0.5041,0.5986
288,0.6524,0.6728,0.5996,0.6016,0.5041,0.6159,0.6443,0.5732,0.5467,0.5874,0.6728,0.5041,0.5998
289,0.6524,0.6728,0.5996,0.6016,0.5061,0.6159,0.6443,0.5772,0.5467,0.5874,0.6728,0.5061,0.6004
290,0.6524,0.6728,0.5996,0.6016,0.5061,0.6159,0.6443,0.5772,0.5467,0.5874,0.6728,0.5061,0.6004
291,0.6524,0.6728,0.5996,0.6016,0.5061,0.6159,0.6524,0.5772,0.5467,0.5874,0.6728,0.5061,0.6012
292,0.6524,0.6728,0.5996,0.6016,0.5061,0.6159,0.6524,0.5772,0.5467,0.5874,0.6728,0.5061,0.6012
293,0.6524,0.6728,0.5996,0.6016,0.5061,0.6159,0.6524,0.5772,0.5467,0.5874,0.6728,0.5061,0.6012
294,0.6524,0.6728,0.5996,0.6016,0.5061,0.6159,0.6524,0.5772,0.5467,0.5874,0.6728,0.5061,0.6012
295,0.6524,0.6728,0.5996,0.6016,0.5061,0.6159,0.6524,0.5772,0.5467,0.5874,0.6728,0.5061,0.6012
296,0.6524,0.6728,0.5996,0.6016,0.5061,0.6159,0.6524,0.5772,0.5467,0.5874,0.6728,0.5061,0.6012
297,0.6524,0.6728,0.6077,0.6016,0.5061,0.6159,0.6524,0.5772,0.5467,0.5874,0.6728,0.5061,0.602
298,0.6524,0.6728,0.6077,0.6016,0.5061,0.6159,0.6524,0.5772,0.5467,0.5874,0.6728,0.5061,0.602
299,0.6524,0.6728,0.6159,0.6016,0.5061,0.6159,0.6524,0.5772,0.5467,0.5874,0.6728,0.5061,0.6028
300,0.6524,0.6728,0.6159,0.6016,0.5081,0.6159,0.6545,0.5772,0.5467,0.5874,0.6728,0.5081,0.6032
301,0.6524,0.6728,0.6159,0.6016,0.5081,0.6159,0.6545,0.5793,0.5467,0.5874,0.6728,0.5081,0.6035
302,0.6524,0.6728,0.6159,0.6016,0.5142,0.6159,0.6545,0.5793,0.5467,0.5874,0.6728,0.5142,0.6041
303,0.6524,0.6728,0.6159,0.6016,0.5163,0.6159,0.6545,0.5793,0.5467,0.5874,0.6728,0.5163,0.6043
304,0.6524,0.6728,0.6159,0.6037,0.5163,0.6159,0.6545,0.5793,0.5467,0.5874,0.6728,0.5163,0.6045
305,0.6524,0.6728,0.6159,0.6057,0.5163,0.6159,0.6545,0.5793,0.5467,0.5874,0.6728,0.5163,0.6047
306,0.6524,0.6728,0.6159,0.6057,0.5163,0.6159,0.6545,0.5793,0.5467,0.5874,0.6728,0.5163,0.6047
307,0.6524,0.6728,0.6159,0.6057,0.5447,0.6159,0.6545,0.5793,0.5467,0.5874,0.6728,0.5447,0.6075
308,0.6524,0.6728,0.6159,0.6057,0.5447,0.6159,0.6585,0.5793,0.5467,0.5996,0.6728,0.5447,0.6091
309,0.6524,0.6728,0.6159,0.6057,0.5447,0.6159,0.6585,0.5793,0.5467,0.5996,0.6728,0.5447,0.6091
310,0.6524,0.6728,0.6159,0.6057,0.5447,0.6159,0.6585,0.5793,0.5467,0.6037,0.6728,0.5447,0.6096
311,0.6524,0.6728,0.6159,0.6057,0.5447,0.6159,0.6585,0.5793,0.5467,0.6057,0.6728,0.5447,0.6098
312,0.6524,0.6728,0.6159,0.6057,0.5447,0.6159,0.6606,0.5793,0.5467,0.6057,0.6728,0.5447,0.61
313,0.6524,0.6728,0.6341,0.6057,0.5447,0.6159,0.6646,0.5793,0.5467,0.6057,0.6728,0.5447,0.6122
314,0.6545,0.6728,0.6341,0.6057,0.5447,0.6159,0.6646,0.5793,0.5467,0.6057,0.6728,0.5447,0.6124
315,0.6545,0.6728,0.6341,0.6057,0.5447,0.6159,0.6646,0.5793,0.5467,0.6057,0.6728,0.5447,0.6124
316,0.6545,0.6728,0.6341,0.6057,0.5447,0.6159,0.6646,0.5793,0.5467,0.6057,0.6728,0.5447,0.6124
317,0.6545,0.6728,0.6341,0.6057,0.5447,0.6159,0.6646,0.5793,0.5467,0.6057,0.6728,0.5447,0.6124
318,0.6545,0.6728,0.6341,0.6057,0.5447,0.6159,0.6646,0.5793,0.5467,0.6077,0.6728,0.5447,0.6126
319,0.6545,0.6728,0.6341,0.6057,0.5447,0.6159,0.6646,0.5793,0.5467,0.6098,0.6728,0.5447,0.6128
320,0.6545,0.6728,0.6341,0.6057,0.5488,0.6159,0.6646,0.5793,0.5467,0.6098,0.6728,0.5467,0.6132
321,0.6545,0.6728,0.6341,0.6057,0.5488,0.6159,0.6646,0.5793,0.5467,0.6098,0.6728,0.5467,0.6132
322,0.6545,0.6728,0.6341,0.6057,0.5488,0.6159,0.6646,0.5793,0.5467,0.6098,0.6728,0.5467,0.6132
323,0.6585,0.6728,0.6341,0.6057,0.5508,0.6159,0.6646,0.5793,0.5488,0.6098,0.6728,0.5488,0.614
324,0.6585,0.6728,0.6341,0.6057,0.563,0.6159,0.6646,0.5793,0.5488,0.6098,0.6728,0.5488,0.6152
325,0.6585,0.6728,0.6362,0.6077,0.563,0.6159,0.6646,0.5793,0.5488,0.6098,0.6728,0.5488,0.6157
326,0.6585,0.6728,0.6362,0.6077,0.563,0.6159,0.6646,0.5793,0.5488,0.6098,0.6728,0.5488,0.6157
327,0.6585,0.6728,0.6362,0.6077,0.563,0.6159,0.6646,0.5793,0.5488,0.6098,0.6728,0.5488,0.6157
328,0.6585,0.6728,0.6402,0.6077,0.563,0.6159,0.6646,0.5793,0.5488,0.6098,0.6728,0.5488,0.6161
329,0.6585,0.6728,0.6402,0.6077,0.563,0.6159,0.6646,0.5793,0.5488,0.6098,0.6728,0.5488,0.6161
330,0.6585,0.6728,0.6402,0.6077,0.563,0.6159,0.6646,0.5793,0.5488,0.6098,0.6728,0.5488,0.6161
331,0.6585,0.6728,0.6402,0.6077,0.563,0.6159,0.6646,0.5793,0.5996,0.6098,0.6728,0.563,0.6211
332,0.6585,0.6728,0.6402,0.6077,0.563,0.6159,0.6646,0.5793,0.5996,0.6098,0.6728,0.563,0.6211
333,0.6585,0.6728,0.6402,0.6077,0.563,0.6159,0.6646,0.5793,0.5996,0.6098,0.6728,0.563,0.6211
334,0.6585,0.6728,0.6402,0.6077,0.5671,0.622,0.6646,0.5793,0.5996,0.6098,0.6728,0.5671,0.6222
335,0.6585,0.6728,0.6402,0.6077,0.5671,0.622,0.6646,0.5793,0.5996,0.6098,0.6728,0.5671,0.6222
336,0.6585,0.6728,0.6402,0.6077,0.5671,0.622,0.6667,0.5793,0.5996,0.6098,0.6728,0.5671,0.6224
337,0.6585,0.6728,0.6402,0.6077,0.5671,0.622,0.6667,0.5793,0.5996,0.6098,0.6728,0.5671,0.6224
338,0.6585,0.6728,0.6402,0.6077,0.5671,0.622,0.6667,0.5793,0.5996,0.6098,0.6728,0.5671,0.6224
339,0.6585,0.6728,0.6402,0.6077,0.5671,0.622,0.6667,0.5793,0.5996,0.6098,0.6728,0.5671,0.6224
340,0.6626,0.6728,0.6402,0.6077,0.5671,0.622,0.6667,0.5793,0.5996,0.6098,0.6728,0.5671,0.6228
341,0.6626,0.6728,0.6402,0.6077,0.5671,0.622,0.6667,0.5793,0.5996,0.6098,0.6728,0.5671,0.6228
342,0.6626,0.6728,0.6402,0.6077,0.5671,0.622,0.6667,0.5793,0.6118,0.6098,0.6728,0.5671,0.624
343,0.6626,0.6728,0.6402,0.6077,0.5671,0.622,0.6667,0.5793,0.6118,0.6098,0.6728,0.5671,0.624
344,0.6626,0.6728,0.6402,0.6077,0.5671,0.622,0.6667,0.5793,0.6118,0.6098,0.6728,0.5671,0.624
345,0.6626,0.6728,0.6402,0.6077,0.5671,0.622,0.6667,0.5793,0.6118,0.6098,0.6728,0.5671,0.624
346,0.6626,0.6728,0.6402,0.6077,0.5671,0.622,0.6667,0.5793,0.6118,0.6098,0.6728,0.5671,0.624
347,0.6626,0.6728,0.6402,0.6077,0.5671,0.622,0.6667,0.5793,0.6118,0.6098,0.6728,0.5671,0.624
348,0.6626,0.6728,0.6402,0.6077,0.5671,0.622,0.6667,0.5793,0.6118,0.6098,0.6728,0.5671,0.624
349,0.6626,0.6728,0.6402,0.6077,0.5671,0.622,0.6667,0.5793,0.6118,0.6098,0.6728,0.5671,0.624
350,0.6626,0.6728,0.6402,0.6077,0.5671,0.622,0.6667,0.5793,0.6118,0.6098,0.6728,0.5671,0.624
351,0.6626,0.6728,0.6402,0.6077,0.5671,0.622,0.6667,0.5793,0.6118,0.6098,0.6728,0.5671,0.624
352,0.6626,0.6728,0.6402,0.6077,0.5671,0.622,0.6667,0.5793,0.6118,0.6098,0.6728,0.5671,0.624
353,0.6626,0.6728,0.6402,0.6077,0.5671,0.622,0.6667,0.5793,0.6118,0.6098,0.6728,0.5671,0.624
354,0.6626,0.6728,0.6402,0.6077,0.5671,0.622,0.6667,0.5793,0.6118,0.6098,0.6728,0.5671,0.624
355,0.6626,0.6728,0.6423,0.6077,0.5671,0.622,0.6667,0.5793,0.6118,0.6098,0.6728,0.5671,0.6242
356,0.6646,0.6728,0.6423,0.6077,0.5671,0.622,0.6667,0.5793,0.6118,0.6098,0.6728,0.5671,0.6244
357,0.6646,0.6728,0.6504,0.6077,0.5671,0.622,0.6667,0.5793,0.6118,0.6098,0.6728,0.5671,0.6252
358,0.6646,0.6728,0.6504,0.6138,0.5671,0.622,0.6667,0.5793,0.6118,0.6098,0.6728,0.5671,0.6258
359,0.6646,0.6728,0.6504,0.6138,0.5671,0.622,0.6667,0.5793,0.6118,0.6098,0.6728,0.5671,0.6258
360,0.6646,0.6728,0.6504,0.6138,0.5671,0.622,0.6667,0.5793,0.6118,0.6098,0.6728,0.5671,0.6258
361,0.6646,0.6728,0.6504,0.6138,0.5671,0.622,0.6667,0.5793,0.6118,0.6098,0.6728,0.5671,0.6258
362,0.6646,0.6728,0.6504,0.6138,0.5671,0.622,0.6667,0.5793,0.626,0.6098,0.6728,0.5671,0.6272
363,0.6646,0.6728,0.6504,0.6138,0.5671,0.622,0.6667,0.5793,0.626,0.6098,0.6728,0.5671,0.6272
364,0.6646,0.6728,0.6504,0.6138,0.5671,0.622,0.6667,0.5793,0.626,0.6098,0.6728,0.5671,0.6272
365,0.6646,0.6728,0.6504,0.6138,0.5671,0.622,0.6667,0.5793,0.626,0.6098,0.6728,0.5671,0.6272
366,0.6646,0.6728,0.6504,0.6138,0.5671,0.622,0.6667,0.5793,0.626,0.6098,0.6728,0.5671,0.6272
367,0.6646,0.6728,0.6504,0.6138,0.5671,0.6301,0.6667,0.5793,0.626,0.6098,0.6728,0.5671,0.6281
368,0.6646,0.6728,0.6524,0.6138,0.5671,0.6301,0.6667,0.5793,0.626,0.6098,0.6728,0.5671,0.6283
369,0.6646,0.6728,0.6565,0.6138,0.5671,0.6301,0.6667,0.5793,0.628,0.6098,0.6728,0.5671,0.6289
370,0.6646,0.6728,0.6565,0.6138,0.5671,0.6301,0.6667,0.5793,0.628,0.6098,0.6728,0.5671,0.6289
371,0.6646,0.6728,0.6565,0.6138,0.5671,0.6301,0.6667,0.5793,0.628,0.6098,0.6728,0.5671,0.6289
372,0.6646,0.6728,0.6565,0.6138,0.5671,0.6301,0.6667,0.5793,0.628,0.6098,0.6728,0.5671,0.6289
373,0.6646,0.6728,0.6565,0.6138,0.5671,0.6301,0.6667,0.5793,0.628,0.6098,0.6728,0.5671,0.6289
374,0.6646,0.6728,0.6565,0.6138,0.5671,0.6301,0.6667,0.5793,0.628,0.6098,0.6728,0.5671,0.6289
375,0.6646,0.6728,0.6565,0.6138,0.5671,0.6301,0.6667,0.5793,0.628,0.6098,0.6728,0.5671,0.6289
376,0.6646,0.6728,0.6565,0.6138,0.5671,0.6301,0.6667,0.5793,0.628,0.6098,0.6728,0.5671,0.6289
377,0.6646,0.6728,0.6565,0.6138,0.5671,0.6301,0.6667,0.5793,0.628,0.6098,0.6728,0.5671,0.6289
378,0.6646,0.6728,0.6565,0.6138,0.5671,0.6321,0.6667,0.5833,0.628,0.6098,0.6728,0.5671,0.6295
379,0.6646,0.6728,0.6565,0.6138,0.5671,0.6321,0.6667,0.5833,0.628,0.6098,0.6728,0.5671,0.6295
380,0.6646,0.6748,0.6565,0.6138,0.5671,0.6321,0.6667,0.5833,0.628,0.6098,0.6748,0.5671,0.6297
381,0.6646,0.6748,0.6565,0.6138,0.5671,0.6321,0.6667,0.5833,0.628,0.6098,0.6748,0.5671,0.6297
382,0.6646,0.6748,0.6565,0.6138,0.5671,0.6321,0.6667,0.5833,0.628,0.6098,0.6748,0.5671,0.6297
383,0.6646,0.6748,0.6565,0.6138,0.5671,0.6321,0.6667,0.5833,0.628,0.6098,0.6748,0.5671,0.6297
384,0.6646,0.6748,0.6565,0.6138,0.5671,0.6321,0.6667,0.5833,0.628,0.6098,0.6748,0.5671,0.6297
385,0.6646,0.6748,0.6565,0.6138,0.5671,0.6321,0.6667,0.5833,0.628,0.6098,0.6748,0.5671,0.6297
386,0.6687,0.6748,0.6565,0.6301,0.5671,0.6362,0.6667,0.5833,0.628,0.6098,0.6748,0.5671,0.6321
387,0.6687,0.6748,0.6565,0.6301,0.5671,0.6362,0.6667,0.5833,0.628,0.6098,0.6748,0.5671,0.6321
388,0.6687,0.6748,0.6565,0.6301,0.5671,0.6362,0.6667,0.5833,0.628,0.6098,0.6748,0.5671,0.6321
389,0.6687,0.6748,0.6565,0.6301,0.5671,0.6362,0.6667,0.5833,0.628,0.6098,0.6748,0.5671,0.6321
390,0.6687,0.6748,0.6565,0.6301,0.5671,0.6362,0.6667,0.5833,0.628,0.6098,0.6748,0.5671,0.6321
391,0.6687,0.6748,0.6565,0.6301,0.5671,0.6362,0.6667,0.5833,0.628,0.6098,0.6748,0.5671,0.6321
392,0.6687,0.6748,0.6565,0.6301,0.5671,0.6362,0.6667,0.5833,0.628,0.6098,0.6748,0.5671,0.6321
393,0.6728,0.6748,0.6565,0.6301,0.5671,0.6362,0.6667,0.5833,0.6321,0.6098,0.6748,0.5671,0.6329
394,0.6728,0.6748,0.6565,0.6301,0.5671,0.6362,0.6667,0.5833,0.6321,0.6098,0.6748,0.5671,0.6329
395,0.6728,0.6748,0.6565,0.6301,0.5671,0.6362,0.6667,0.5833,0.6321,0.6098,0.6748,0.5671,0.6329
396,0.6728,0.6748,0.6565,0.6301,0.5671,0.6362,0.6667,0.5833,0.6321,0.6098,0.6748,0.5671,0.6329
397,0.6728,0.6748,0.6565,0.6301,0.5671,0.6362,0.6667,0.5833,0.6321,0.6098,0.6748,0.5671,0.6329
398,0.6728,0.6748,0.6565,0.6301,0.5671,0.6362,0.6667,0.5833,0.6321,0.6098,0.6748,0.5671,0.6329
399,0.6728,0.6748,0.6565,0.6301,0.5671,0.6362,0.6667,0.5833,0.6321,0.6098,0.6748,0.5671,0.6329
400,0.6728,0.6748,0.6585,0.6301,0.5671,0.6382,0.6667,0.5854,0.6321,0.6098,0.6748,0.5671,0.6335
401,0.6728,0.6748,0.6585,0.6301,0.5671,0.6382,0.6667,0.5854,0.6321,0.6098,0.6748,0.5671,0.6335
402,0.6728,0.6748,0.6585,0.6301,0.5671,0.6382,0.6667,0.5854,0.6321,0.6098,0.6748,0.5671,0.6335
403,0.6728,0.6748,0.6585,0.6301,0.5671,0.6382,0.6667,0.5854,0.6321,0.6098,0.6748,0.5671,0.6335
404,0.6728,0.6748,0.6585,0.6301,0.5671,0.6382,0.6687,0.5854,0.6321,0.6098,0.6748,0.5671,0.6338
405,0.6728,0.6748,0.6585,0.6301,0.5671,0.6382,0.6687,0.5854,0.6321,0.6098,0.6748,0.5671,0.6338
406,0.6728,0.6748,0.6585,0.6301,0.5671,0.6382,0.6687,0.5854,0.6321,0.6098,0.6748,0.5671,0.6338
407,0.6728,0.6748,0.6585,0.6301,0.5671,0.6382,0.6687,0.5854,0.6321,0.6118,0.6748,0.5671,0.634
408,0.6728,0.6748,0.6585,0.6301,0.5671,0.6382,0.6687,0.5854,0.6362,0.6118,0.6748,0.5671,0.6344
409,0.6728,0.6748,0.6585,0.6301,0.5671,0.6382,0.6687,0.5854,0.6362,0.6118,0.6748,0.5671,0.6344
410,0.6728,0.6748,0.6585,0.6301,0.5671,0.6382,0.6687,0.5854,0.6362,0.6118,0.6748,0.5671,0.6344
411,0.6728,0.6748,0.6585,0.6301,0.5671,0.6382,0.6687,0.5854,0.6362,0.6118,0.6748,0.5671,0.6344
412,0.6728,0.6748,0.6585,0.6301,0.5671,0.6382,0.6687,0.5854,0.6382,0.6118,0.6748,0.5671,0.6346
413,0.6728,0.6748,0.6585,0.6301,0.5671,0.6382,0.6687,0.5854,0.6382,0.6118,0.6748,0.5671,0.6346
414,0.6728,0.6748,0.6585,0.6301,0.5671,0.6382,0.6687,0.5854,0.6382,0.6118,0.6748,0.5671,0.6346
415,0.6728,0.6748,0.6585,0.6301,0.5671,0.6382,0.6687,0.5854,0.6382,0.6118,0.6748,0.5671,0.6346
416,0.6728,0.6748,0.6585,0.6301,0.5671,0.6382,0.6687,0.5854,0.6504,0.6118,0.6748,0.5671,0.6358
417,0.6728,0.6748,0.6585,0.6301,0.5671,0.6382,0.6687,0.5854,0.6504,0.6118,0.6748,0.5671,0.6358
418,0.6728,0.6748,0.6585,0.6301,0.5671,0.6382,0.6687,0.5854,0.6504,0.6118,0.6748,0.5671,0.6358
419,0.6728,0.6748,0.6585,0.6301,0.5671,0.6382,0.6687,0.5854,0.6545,0.6118,0.6748,0.5671,0.6362
420,0.6728,0.6748,0.6585,0.6301,0.5671,0.6382,0.6687,0.5854,0.6545,0.6118,0.6748,0.5671,0.6362
421,0.6728,0.6748,0.6585,0.6301,0.5671,0.6382,0.6687,0.5854,0.6545,0.6118,0.6748,0.5671,0.6362
422,0.6728,0.6748,0.6585,0.6301,0.5671,0.6382,0.6687,0.5854,0.6545,0.6118,0.6748,0.5671,0.6362
423,0.6728,0.6748,0.6585,0.6301,0.5671,0.6382,0.6687,0.5854,0.6545,0.6118,0.6748,0.5671,0.6362
424,0.6728,0.6748,0.6585,0.6301,0.5671,0.6382,0.6687,0.5854,0.6585,0.6118,0.6748,0.5671,0.6366
425,0.6728,0.6748,0.6585,0.6301,0.5671,0.6382,0.6687,0.5854,0.6585,0.6118,0.6748,0.5671,0.6366
426,0.6728,0.6748,0.6585,0.6301,0.5671,0.6382,0.6687,0.5854,0.6585,0.6118,0.6748,0.5671,0.6366
427,0.6728,0.6748,0.6585,0.6301,0.5671,0.6382,0.6687,0.5854,0.6606,0.6118,0.6748,0.5671,0.6368
428,0.6728,0.6748,0.6585,0.6301,0.5671,0.6382,0.6687,0.5854,0.6606,0.6118,0.6748,0.5671,0.6368
429,0.6728,0.6748,0.6585,0.6301,0.5671,0.6382,0.6687,0.5854,0.6606,0.6118,0.6748,0.5671,0.6368
430,0.6728,0.6748,0.6585,0.6301,0.5671,0.6382,0.6687,0.5854,0.6606,0.6118,0.6748,0.5671,0.6368
431,0.6728,0.6748,0.6585,0.6301,0.5671,0.6382,0.6687,0.5854,0.6606,0.6118,0.6748,0.5671,0.6368
432,0.6728,0.6748,0.6585,0.6341,0.5671,0.6382,0.6687,0.5854,0.6606,0.6118,0.6748,0.5671,0.6372
433,0.6728,0.6748,0.6585,0.6341,0.5671,0.6382,0.6687,0.5854,0.6626,0.6118,0.6748,0.5671,0.6374
434,0.6728,0.6748,0.6585,0.6341,0.5671,0.6382,0.6687,0.5854,0.6626,0.6118,0.6748,0.5671,0.6374
435,0.6728,0.6748,0.6585,0.6341,0.5671,0.6382,0.6687,0.5854,0.6626,0.6118,0.6748,0.5671,0.6374
436,0.6728,0.6748,0.6585,0.6341,0.5671,0.6382,0.6687,0.5854,0.6626,0.6118,0.6748,0.5671,0.6374
437,0.6728,0.6748,0.6585,0.6341,0.5671,0.6382,0.6687,0.5854,0.6626,0.6118,0.6748,0.5671,0.6374
438,0.6728,0.6748,0.6585,0.6341,0.5671,0.6382,0.6687,0.5854,0.6626,0.6118,0.6748,0.5671,0.6374
439,0.6728,0.6748,0.6585,0.6341,0.5671,0.6382,0.6687,0.5854,0.6626,0.6118,0.6748,0.5671,0.6374
440,0.6728,0.6748,0.6585,0.6341,0.5671,0.6382,0.6687,0.5854,0.6626,0.6118,0.6748,0.5671,0.6374
441,0.6728,0.6748,0.6585,0.6341,0.5671,0.6382,0.6687,0.5854,0.6626,0.6118,0.6748,0.5671,0.6374
442,0.6728,0.6748,0.6585,0.6341,0.5671,0.6382,0.6687,0.5854,0.6626,0.6118,0.6748,0.5671,0.6374
443,0.6728,0.6748,0.6585,0.6341,0.5671,0.6382,0.6687,0.5854,0.6626,0.6118,0.6748,0.5671,0.6374
444,0.6728,0.6748,0.6585,0.6341,0.5671,0.6382,0.6687,0.5854,0.6626,0.6118,0.6748,0.5671,0.6374
445,0.6728,0.6748,0.6585,0.6341,0.5671,0.6382,0.6687,0.5854,0.6626,0.6118,0.6748,0.5671,0.6374
446,0.6728,0.6748,0.6585,0.6341,0.5671,0.6382,0.6687,0.5854,0.6626,0.6118,0.6748,0.5671,0.6374
447,0.6728,0.6748,0.6585,0.6341,0.5671,0.6382,0.6687,0.5854,0.6626,0.6118,0.6748,0.5671,0.6374
448,0.6728,0.6748,0.6585,0.6341,0.5671,0.6382,0.6687,0.5854,0.6626,0.6118,0.6748,0.5671,0.6374
449,0.6728,0.6748,0.6585,0.6341,0.5671,0.6382,0.6687,0.5854,0.6626,0.6118,0.6748,0.5671,0.6374
450,0.6728,0.6748,0.6585,0.6341,0.5671,0.6382,0.6687,0.5854,0.6626,0.6118,0.6748,0.5671,0.6374
451,0.6728,0.6748,0.6585,0.6341,0.5671,0.6382,0.6687,0.5854,0.6626,0.6118,0.6748,0.5671,0.6374
452,0.6728,0.6748,0.6585,0.6341,0.5671,0.6382,0.6687,0.5854,0.6626,0.6118,0.6748,0.5671,0.6374
453,0.6728,0.6748,0.6585,0.6341,0.5671,0.6382,0.6687,0.5854,0.6626,0.6118,0.6748,0.5671,0.6374
454,0.6728,0.6748,0.6585,0.6341,0.5671,0.6382,0.6687,0.5854,0.6626,0.6118,0.6748,0.5671,0.6374
455,0.6728,0.6748,0.6585,0.6341,0.5671,0.6382,0.6687,0.5854,0.6626,0.6118,0.6748,0.5671,0.6374
456,0.6728,0.6768,0.6585,0.6341,0.5671,0.6382,0.6687,0.5854,0.6626,0.6118,0.6768,0.5671,0.6376
457,0.6728,0.6768,0.6585,0.6341,0.5671,0.6382,0.6687,0.5854,0.6626,0.6118,0.6768,0.5671,0.6376
458,0.6728,0.6768,0.6585,0.6341,0.5671,0.6382,0.6687,0.5854,0.6626,0.6118,0.6768,0.5671,0.6376
459,0.6728,0.6768,0.6585,0.6341,0.5671,0.6382,0.6687,0.5854,0.6626,0.6118,0.6768,0.5671,0.6376
460,0.6728,0.6768,0.6585,0.6504,0.5671,0.6382,0.6687,0.5854,0.6646,0.6118,0.6768,0.5671,0.6394
461,0.6728,0.6768,0.6585,0.6504,0.5671,0.6382,0.6687,0.5854,0.6646,0.6118,0.6768,0.5671,0.6394
462,0.6728,0.6768,0.6585,0.6504,0.5671,0.6382,0.6687,0.5854,0.6646,0.6118,0.6768,0.5671,0.6394
463,0.6728,0.6768,0.6585,0.6504,0.5671,0.6382,0.6687,0.5854,0.6646,0.6118,0.6768,0.5671,0.6394
464,0.6728,0.6768,0.6585,0.6504,0.5671,0.6382,0.6687,0.5854,0.6646,0.6118,0.6768,0.5671,0.6394
465,0.6728,0.6768,0.6585,0.6504,0.5711,0.6382,0.6687,0.5854,0.6646,0.6118,0.6768,0.5711,0.6398
466,0.6728,0.6768,0.6585,0.6504,0.5711,0.6382,0.6687,0.5854,0.6646,0.6118,0.6768,0.5711,0.6398
467,0.6728,0.6768,0.6585,0.6504,0.5711,0.6382,0.6687,0.5854,0.6646,0.6118,0.6768,0.5711,0.6398
468,0.6728,0.6768,0.6585,0.6504,0.5711,0.6382,0.6687,0.5854,0.6646,0.6118,0.6768,0.5711,0.6398
469,0.6728,0.6768,0.6585,0.6504,0.5711,0.6382,0.6687,0.5854,0.6646,0.6118,0.6768,0.5711,0.6398
470,0.6728,0.6768,0.6585,0.6504,0.5711,0.6382,0.6687,0.5854,0.6646,0.6118,0.6768,0.5711,0.6398
471,0.6728,0.6768,0.6585,0.6504,0.5711,0.6382,0.6687,0.5854,0.6646,0.6118,0.6768,0.5711,0.6398
472,0.6728,0.6768,0.6585,0.6504,0.5711,0.6382,0.6687,0.5854,0.6646,0.6118,0.6768,0.5711,0.6398
473,0.6728,0.6768,0.6585,0.6504,0.5711,0.6382,0.6687,0.5854,0.6646,0.6118,0.6768,0.5711,0.6398
474,0.6728,0.6768,0.6585,0.6504,0.5711,0.6382,0.6687,0.5854,0.6646,0.6118,0.6768,0.5711,0.6398
475,0.6728,0.6768,0.6585,0.6504,0.5711,0.6382,0.6687,0.5854,0.6646,0.6118,0.6768,0.5711,0.6398
476,0.6728,0.6768,0.6585,0.6504,0.5711,0.6402,0.6687,0.5854,0.6646,0.6118,0.6768,0.5711,0.64
477,0.6728,0.6768,0.6585,0.6504,0.5711,0.6402,0.6687,0.5854,0.6646,0.6118,0.6768,0.5711,0.64
478,0.6728,0.6768,0.6585,0.6504,0.5711,0.6402,0.6687,0.5854,0.6646,0.6118,0.6768,0.5711,0.64
479,0.6728,0.6768,0.6585,0.6504,0.5711,0.6402,0.6687,0.5854,0.6646,0.6118,0.6768,0.5711,0.64
480,0.6728,0.6768,0.6585,0.6504,0.5711,0.6402,0.6687,0.5854,0.6646,0.6118,0.6768,0.5711,0.64
481,0.6728,0.6768,0.6585,0.6504,0.5711,0.6402,0.6687,0.5854,0.6646,0.6118,0.6768,0.5711,0.64
482,0.6728,0.6768,0.6585,0.6504,0.5711,0.6402,0.6687,0.5854,0.6646,0.6118,0.6768,0.5711,0.64
483,0.6728,0.6768,0.6585,0.6524,0.5711,0.6402,0.6687,0.5854,0.6646,0.6118,0.6768,0.5711,0.6402
484,0.6728,0.6768,0.6585,0.6524,0.5711,0.6402,0.6687,0.5854,0.6646,0.6118,0.6768,0.5711,0.6402
485,0.6728,0.6768,0.6585,0.6524,0.6016,0.6402,0.6687,0.5854,0.6646,0.6118,0.6768,0.5854,0.6433
486,0.6728,0.6768,0.6585,0.6524,0.6016,0.6402,0.6687,0.5854,0.6646,0.6118,0.6768,0.5854,0.6433
487,0.6728,0.6768,0.6585,0.6524,0.6016,0.6402,0.6687,0.5854,0.6667,0.6118,0.6768,0.5854,0.6435
488,0.6728,0.6768,0.6585,0.6524,0.6016,0.6402,0.6687,0.5854,0.6667,0.6118,0.6768,0.5854,0.6435
489,0.6728,0.6768,0.6585,0.6524,0.6016,0.6402,0.6687,0.5854,0.6667,0.6118,0.6768,0.5854,0.6435
490,0.6728,0.6768,0.6585,0.6524,0.6016,0.6402,0.6687,0.5854,0.6667,0.6118,0.6768,0.5854,0.6435
491,0.6728,0.6768,0.6585,0.6524,0.6016,0.6402,0.6687,0.5854,0.6667,0.6118,0.6768,0.5854,0.6435
492,0.6728,0.6768,0.6585,0.6524,0.6016,0.6402,0.6687,0.5854,0.6667,0.6118,0.6768,0.5854,0.6435
493,0.6728,0.6768,0.6585,0.6524,0.6016,0.6402,0.6687,0.5854,0.6667,0.6118,0.6768,0.5854,0.6435
494,0.6728,0.6768,0.6585,0.6524,0.6016,0.6402,0.6687,0.5854,0.6667,0.6118,0.6768,0.5854,0.6435
495,0.6728,0.6768,0.6585,0.6524,0.6016,0.6402,0.6687,0.5854,0.6667,0.6118,0.6768,0.5854,0.6435
496,0.6728,0.6768,0.6585,0.6524,0.6037,0.6402,0.6687,0.5854,0.6667,0.6118,0.6768,0.5854,0.6437
497,0.6728,0.6768,0.6585,0.6524,0.6037,0.6402,0.6707,0.5854,0.6667,0.6118,0.6768,0.5854,0.6439
498,0.6728,0.6768,0.6585,0.6524,0.6037,0.6402,0.6707,0.5854,0.6667,0.6118,0.6768,0.5854,0.6439
499,0.6728,0.6768,0.6585,0.6524,0.6037,0.6402,0.6707,0.5854,0.6667,0.6118,0.6768,0.5854,0.6439
500,0.6728,0.6768,0.6585,0.6524,0.6037,0.6402,0.6707,0.5854,0.6667,0.6118,0.6768,0.5854,0.6439
501,0.6748,0.6768,0.6585,0.6524,0.6037,0.6402,0.6707,0.5854,0.6667,0.6118,0.6768,0.5854,0.6441
502,0.6748,0.6789,0.6585,0.6524,0.6037,0.6402,0.6707,0.5854,0.6667,0.6118,0.6789,0.5854,0.6443
503,0.6748,0.6789,0.6585,0.6524,0.6037,0.6402,0.6707,0.5854,0.6667,0.6118,0.6789,0.5854,0.6443
504,0.6748,0.6789,0.6585,0.6524,0.6037,0.6402,0.6707,0.5854,0.6667,0.6118,0.6789,0.5854,0.6443
505,0.6748,0.6789,0.6585,0.6524,0.6037,0.6402,0.6707,0.5854,0.6667,0.6118,0.6789,0.5854,0.6443
506,0.6748,0.6789,0.6585,0.6524,0.6037,0.6402,0.6707,0.5854,0.6667,0.6118,0.6789,0.5854,0.6443
507,0.6748,0.6789,0.6585,0.6524,0.6037,0.6402,0.6707,0.5854,0.6667,0.6118,0.6789,0.5854,0.6443
508,0.6748,0.6789,0.6585,0.6524,0.6037,0.6402,0.6707,0.5854,0.6667,0.6118,0.6789,0.5854,0.6443
509,0.6748,0.6789,0.6585,0.6524,0.6037,0.6402,0.6707,0.5854,0.6667,0.6118,0.6789,0.5854,0.6443
510,0.6748,0.6789,0.6585,0.6524,0.6037,0.6402,0.6707,0.5854,0.6667,0.6118,0.6789,0.5854,0.6443
511,0.6748,0.6789,0.6585,0.6524,0.6037,0.6402,0.6707,0.5854,0.6667,0.6118,0.6789,0.5854,0.6443
512,0.6748,0.6789,0.6585,0.6524,0.6037,0.6402,0.6707,0.5854,0.6667,0.6118,0.6789,0.5854,0.6443
513,0.6748,0.6789,0.6606,0.6524,0.6037,0.6402,0.6707,0.5854,0.6667,0.6118,0.6789,0.5854,0.6445
514,0.6748,0.6789,0.6606,0.6524,0.6037,0.6402,0.6707,0.5854,0.6667,0.6118,0.6789,0.5854,0.6445
515,0.6748,0.6789,0.6606,0.6524,0.6037,0.6402,0.6707,0.5854,0.6667,0.6118,0.6789,0.5854,0.6445
516,0.6748,0.6789,0.6606,0.6524,0.6037,0.6402,0.6707,0.5854,0.6667,0.6118,0.6789,0.5854,0.6445
517,0.6748,0.6789,0.6606,0.6524,0.6037,0.6402,0.6707,0.5854,0.6667,0.6118,0.6789,0.5854,0.6445
518,0.6748,0.6789,0.6606,0.6524,0.6037,0.6402,0.6707,0.5854,0.6667,0.6118,0.6789,0.5854,0.6445
519,0.6748,0.6789,0.6606,0.6524,0.6037,0.6402,0.6707,0.5854,0.6667,0.6118,0.6789,0.5854,0.6445
520,0.6748,0.6789,0.6606,0.6524,0.6037,0.6402,0.6707,0.5854,0.6667,0.6118,0.6789,0.5854,0.6445
521,0.6748,0.6789,0.6606,0.6524,0.6037,0.6402,0.6707,0.5854,0.6667,0.6118,0.6789,0.5854,0.6445
522,0.6748,0.6789,0.6606,0.6524,0.6037,0.6402,0.6728,0.5854,0.6667,0.6118,0.6789,0.5854,0.6447
523,0.6748,0.6789,0.6606,0.6524,0.6037,0.6402,0.6728,0.5854,0.6667,0.6118,0.6789,0.5854,0.6447
524,0.6748,0.6789,0.6606,0.6524,0.6037,0.6402,0.6728,0.5854,0.6667,0.6118,0.6789,0.5854,0.6447
525,0.6748,0.6789,0.6606,0.6524,0.6037,0.6402,0.6728,0.5854,0.6667,0.6118,0.6789,0.5854,0.6447
526,0.6748,0.6789,0.6606,0.6524,0.6037,0.6402,0.6728,0.5854,0.6667,0.6118,0.6789,0.5854,0.6447
527,0.6748,0.6789,0.6606,0.6524,0.6037,0.6402,0.6728,0.5854,0.6667,0.6118,0.6789,0.5854,0.6447
528,0.6748,0.6789,0.6606,0.6524,0.6037,0.6402,0.6728,0.5854,0.6667,0.6118,0.6789,0.5854,0.6447
529,0.6748,0.6789,0.6606,0.6524,0.6037,0.6402,0.6728,0.5854,0.6667,0.6118,0.6789,0.5854,0.6447
530,0.6748,0.6789,0.6606,0.6524,0.6037,0.6402,0.6728,0.5854,0.6667,0.6118,0.6789,0.5854,0.6447
531,0.6748,0.6789,0.6606,0.6524,0.6037,0.6402,0.6728,0.5854,0.6667,0.6118,0.6789,0.5854,0.6447
532,0.6748,0.6789,0.6606,0.6524,0.6037,0.6402,0.6728,0.5854,0.6667,0.6118,0.6789,0.5854,0.6447
533,0.6748,0.6789,0.6606,0.6524,0.6037,0.6402,0.6728,0.5854,0.6667,0.6118,0.6789,0.5854,0.6447
534,0.6748,0.6789,0.6606,0.6524,0.6037,0.6402,0.6728,0.5854,0.6667,0.6118,0.6789,0.5854,0.6447
535,0.6748,0.6789,0.6606,0.6524,0.6037,0.6402,0.6728,0.5854,0.6667,0.6118,0.6789,0.5854,0.6447
536,0.6748,0.6789,0.6606,0.6524,0.6037,0.6402,0.6728,0.5854,0.6667,0.6118,0.6789,0.5854,0.6447
537,0.6748,0.6789,0.6606,0.6524,0.6037,0.6402,0.6728,0.5854,0.6667,0.6118,0.6789,0.5854,0.6447
538,0.6748,0.6789,0.6606,0.6524,0.6037,0.6402,0.6728,0.5854,0.6667,0.6118,0.6789,0.5854,0.6447
539,0.6748,0.6789,0.6606,0.6524,0.6037,0.6402,0.6728,0.5854,0.6667,0.6118,0.6789,0.5854,0.6447
540,0.6748,0.6789,0.6606,0.6524,0.6037,0.6402,0.6728,0.5854,0.6667,0.6118,0.6789,0.5854,0.6447
541,0.6748,0.6789,0.6606,0.6524,0.6037,0.6402,0.6728,0.5854,0.6667,0.6118,0.6789,0.5854,0.6447
542,0.6748,0.6789,0.6606,0.6524,0.6037,0.6402,0.6728,0.5854,0.6667,0.6118,0.6789,0.5854,0.6447
543,0.6748,0.6789,0.6606,0.6524,0.6037,0.6402,0.6728,0.5854,0.6667,0.6118,0.6789,0.5854,0.6447
544,0.6748,0.6789,0.6606,0.6524,0.6037,0.6402,0.6728,0.5854,0.6667,0.6118,0.6789,0.5854,0.6447
545,0.6748,0.6789,0.6606,0.6524,0.6037,0.6402,0.6728,0.5854,0.6667,0.6118,0.6789,0.5854,0.6447
546,0.6748,0.6789,0.6606,0.6524,0.6037,0.6402,0.6728,0.5854,0.6667,0.6118,0.6789,0.5854,0.6447
547,0.6748,0.6789,0.6606,0.6524,0.6037,0.6402,0.6728,0.5854,0.6667,0.6118,0.6789,0.5854,0.6447
548,0.6748,0.6789,0.6606,0.6524,0.6037,0.6402,0.6728,0.5854,0.6667,0.6118,0.6789,0.5854,0.6447
549,0.6748,0.6789,0.6606,0.6524,0.6037,0.6402,0.6768,0.5854,0.6667,0.6118,0.6789,0.5854,0.6451
550,0.6748,0.6789,0.6606,0.6524,0.6037,0.6402,0.6768,0.5854,0.6667,0.6118,0.6789,0.5854,0.6451
551,0.6748,0.6789,0.6606,0.6524,0.6037,0.6402,0.6768,0.5854,0.6667,0.6118,0.6789,0.5854,0.6451
552,0.6748,0.6789,0.6606,0.6524,0.6037,0.6402,0.6768,0.5854,0.6667,0.6118,0.6789,0.5854,0.6451
553,0.6748,0.6789,0.6606,0.6524,0.6037,0.6402,0.6768,0.5854,0.6667,0.6118,0.6789,0.5854,0.6451
554,0.6748,0.6789,0.6606,0.6524,0.6037,0.6402,0.6768,0.5854,0.6667,0.6118,0.6789,0.5854,0.6451
555,0.6748,0.6789,0.6606,0.6524,0.6037,0.6402,0.6768,0.5854,0.6667,0.6118,0.6789,0.5854,0.6451
556,0.6748,0.6789,0.6606,0.6524,0.6037,0.6402,0.6768,0.5854,0.6667,0.6118,0.6789,0.5854,0.6451
557,0.6748,0.6789,0.6606,0.6524,0.6037,0.6402,0.6768,0.5854,0.6667,0.6118,0.6789,0.5854,0.6451
558,0.6748,0.6789,0.6606,0.6667,0.6057,0.6402,0.6768,0.5854,0.6667,0.6118,0.6789,0.5854,0.6468
559,0.6748,0.6789,0.6606,0.6667,0.6057,0.6402,0.6768,0.5854,0.6667,0.6118,0.6789,0.5854,0.6468
560,0.6748,0.6789,0.6606,0.6667,0.6057,0.6402,0.6768,0.5854,0.6667,0.6118,0.6789,0.5854,0.6468
561,0.6748,0.6789,0.6606,0.6667,0.6057,0.6402,0.6768,0.5854,0.6667,0.6118,0.6789,0.5854,0.6468
562,0.6748,0.6789,0.6606,0.6667,0.6057,0.6402,0.6768,0.5854,0.6667,0.6118,0.6789,0.5854,0.6468
563,0.6748,0.6789,0.6606,0.6667,0.6057,0.6402,0.6768,0.5854,0.6667,0.6118,0.6789,0.5854,0.6468
564,0.6748,0.6789,0.6606,0.6667,0.6057,0.6402,0.6768,0.5854,0.6667,0.6118,0.6789,0.5854,0.6468
565,0.6748,0.6789,0.6606,0.6667,0.6057,0.6402,0.6768,0.5854,0.6667,0.6118,0.6789,0.5854,0.6468
566,0.6748,0.6789,0.6606,0.6667,0.6057,0.6402,0.6768,0.5854,0.6667,0.6118,0.6789,0.5854,0.6468
567,0.6748,0.6789,0.6606,0.6667,0.6057,0.6402,0.6768,0.5854,0.6667,0.626,0.6789,0.5854,0.6482
568,0.6748,0.6789,0.6606,0.6687,0.6199,0.6402,0.6768,0.5854,0.6667,0.626,0.6789,0.5854,0.6498
569,0.6748,0.6789,0.6606,0.6687,0.6199,0.6402,0.6768,0.5854,0.6667,0.626,0.6789,0.5854,0.6498
570,0.6748,0.6789,0.6606,0.6687,0.6199,0.6402,0.6768,0.5854,0.6667,0.626,0.6789,0.5854,0.6498
571,0.6748,0.6789,0.6606,0.6687,0.6199,0.6402,0.6768,0.5854,0.6667,0.626,0.6789,0.5854,0.6498
572,0.6748,0.6789,0.6606,0.6687,0.622,0.6402,0.6768,0.5854,0.6667,0.626,0.6789,0.5854,0.65
573,0.6748,0.6789,0.6606,0.6687,0.622,0.6402,0.6768,0.5854,0.6667,0.626,0.6789,0.5854,0.65
574,0.6748,0.6789,0.6606,0.6687,0.622,0.6402,0.6768,0.5854,0.6667,0.626,0.6789,0.5854,0.65
575,0.6748,0.6789,0.6606,0.6687,0.622,0.6402,0.6768,0.5854,0.6667,0.626,0.6789,0.5854,0.65
576,0.6748,0.6789,0.6606,0.6687,0.622,0.6402,0.6768,0.5854,0.6667,0.626,0.6789,0.5854,0.65
577,0.6748,0.6789,0.6606,0.6687,0.622,0.6402,0.6768,0.5854,0.6667,0.626,0.6789,0.5854,0.65
578,0.6748,0.6789,0.6606,0.6687,0.622,0.6402,0.6768,0.5854,0.6667,0.626,0.6789,0.5854,0.65
579,0.6748,0.6789,0.6606,0.6687,0.622,0.6402,0.6768,0.5854,0.6667,0.626,0.6789,0.5854,0.65
580,0.6748,0.6789,0.6606,0.6687,0.622,0.6402,0.6768,0.5854,0.6667,0.626,0.6789,0.5854,0.65
581,0.6748,0.6789,0.6606,0.6687,0.622,0.6402,0.6768,0.5854,0.6667,0.626,0.6789,0.5854,0.65
582,0.6748,0.6789,0.6606,0.6687,0.622,0.6402,0.6768,0.5854,0.6667,0.626,0.6789,0.5854,0.65
583,0.6748,0.6789,0.6606,0.6687,0.622,0.6402,0.6768,0.5854,0.6667,0.626,0.6789,0.5854,0.65
584,0.6748,0.6789,0.6606,0.6687,0.622,0.6402,0.6768,0.5854,0.6667,0.626,0.6789,0.5854,0.65
585,0.6748,0.6789,0.6606,0.6687,0.622,0.6402,0.6768,0.5854,0.6667,0.626,0.6789,0.5854,0.65
586,0.6748,0.6789,0.6606,0.6687,0.622,0.6402,0.6768,0.5854,0.6667,0.626,0.6789,0.5854,0.65
587,0.6748,0.6789,0.6606,0.6687,0.622,0.6402,0.6768,0.5854,0.6667,0.6301,0.6789,0.5854,0.6504
588,0.6748,0.6789,0.6606,0.6687,0.622,0.6402,0.6768,0.5854,0.6667,0.6301,0.6789,0.5854,0.6504
589,0.6748,0.6789,0.6606,0.6687,0.622,0.6402,0.6768,0.5854,0.6667,0.6301,0.6789,0.5854,0.6504
590,0.6748,0.6789,0.6606,0.6687,0.622,0.6402,0.6768,0.5854,0.6667,0.6301,0.6789,0.5854,0.6504
591,0.6748,0.6789,0.6606,0.6687,0.622,0.6402,0.6768,0.5854,0.6667,0.6301,0.6789,0.5854,0.6504
592,0.6748,0.6789,0.6606,0.6687,0.622,0.6402,0.6768,0.5854,0.6667,0.6301,0.6789,0.5854,0.6504
593,0.6748,0.6789,0.6606,0.6687,0.622,0.6402,0.6768,0.5894,0.6667,0.6301,0.6789,0.5894,0.6508
594,0.6748,0.6789,0.6606,0.6687,0.622,0.6402,0.6768,0.5894,0.6667,0.6301,0.6789,0.5894,0.6508
595,0.6748,0.6789,0.6606,0.6687,0.622,0.6402,0.6768,0.5894,0.6667,0.6301,0.6789,0.5894,0.6508
596,0.6748,0.6789,0.6606,0.6687,0.622,0.6402,0.6768,0.5894,0.6667,0.6301,0.6789,0.5894,0.6508
597,0.6748,0.6789,0.6606,0.6687,0.622,0.6402,0.6768,0.5894,0.6667,0.6301,0.6789,0.5894,0.6508
598,0.6748,0.6789,0.6606,0.6687,0.622,0.6402,0.6768,0.5894,0.6667,0.6301,0.6789,0.5894,0.6508
599,0.6748,0.6789,0.6606,0.6687,0.622,0.6402,0.6768,0.5894,0.6667,0.6301,0.6789,0.5894,0.6508
600,0.6748,0.6789,0.6606,0.6687,0.622,0.6402,0.6768,0.5894,0.6667,0.6301,0.6789,0.5894,0.6508
601,0.6748,0.6789,0.6606,0.6687,0.622,0.6402,0.6768,0.5894,0.6667,0.6301,0.6789,0.5894,0.6508
602,0.6748,0.6789,0.6606,0.6687,0.622,0.6402,0.6768,0.5894,0.6667,0.6301,0.6789,0.5894,0.6508
603,0.6748,0.6789,0.6606,0.6687,0.622,0.6402,0.6768,0.5894,0.6667,0.6301,0.6789,0.5894,0.6508
604,0.6748,0.6789,0.6606,0.6687,0.622,0.6402,0.6768,0.5894,0.6667,0.6301,0.6789,0.5894,0.6508
605,0.6748,0.6789,0.6606,0.6687,0.622,0.6402,0.6768,0.5894,0.6667,0.6301,0.6789,0.5894,0.6508
606,0.6748,0.6789,0.6606,0.6687,0.622,0.6402,0.6768,0.5894,0.6667,0.6301,0.6789,0.5894,0.6508
607,0.6748,0.6789,0.6606,0.6687,0.622,0.6402,0.6768,0.5894,0.6667,0.6301,0.6789,0.5894,0.6508
608,0.6748,0.6789,0.6606,0.6687,0.622,0.6402,0.6768,0.5894,0.6667,0.6301,0.6789,0.5894,0.6508
1206,0.6748,0.6829,0.6606,0.6687,0.622,0.6402,0.6789,0.6809,0.6707,0.6301,0.6829,0.622,0.661
1207,0.6829,0.6829,0.6606,0.6728,0.6748,0.6748,0.6789,0.6809,0.6707,0.6626,0.6829,0.6606,0.6742
1208,0.6829,0.6829,0.6768,0.6728,0.6748,0.6748,0.6789,0.6809,0.6707,0.6626,0.6829,0.6626,0.6758
1806,0.6829,0.687,0.6768,0.6728,0.6748,0.6748,0.6829,0.6829,0.6728,0.6626,0.687,0.6626,0.677
1807,0.6829,0.687,0.6768,0.6768,0.6768,0.6809,0.6829,0.6829,0.6728,0.6626,0.687,0.6626,0.6782
1808,0.6829,0.687,0.6829,0.6768,0.6768,0.6809,0.6829,0.6829,0.6728,0.6626,0.687,0.6626,0.6788
2406,0.6829,0.6911,0.6829,0.6768,0.6768,0.6809,0.6829,0.6829,0.6768,0.6626,0.6911,0.6626,0.6797
2407,0.685,0.6911,0.6829,0.6829,0.6809,0.6809,0.6829,0.6829,0.6768,0.6768,0.6911,0.6768,0.6823
2408,0.685,0.6911,0.685,0.6829,0.6809,0.6809,0.6829,0.6829,0.6768,0.6768,0.6911,0.6768,0.6825
3006,0.685,0.6911,0.685,0.6829,0.6809,0.6809,0.685,0.685,0.6768,0.6768,0.6911,0.6768,0.6829
3007,0.685,0.6911,0.685,0.6829,0.685,0.6809,0.685,0.685,0.6768,0.6789,0.6911,0.6768,0.6836
3008,0.685,0.6911,0.6931,0.6829,0.685,0.6809,0.685,0.685,0.6768,0.6789,0.6931,0.6768,0.6844
3606,0.685,0.6911,0.6931,0.6829,0.685,0.6809,0.685,0.685,0.6768,0.6789,0.6931,0.6768,0.6844
3607,0.685,0.6911,0.6931,0.6829,0.685,0.6809,0.685,0.685,0.6768,0.6809,0.6931,0.6768,0.6846
3608,0.685,0.6911,0.6972,0.6829,0.685,0.6809,0.685,0.685,0.6768,0.6809,0.6972,0.6768,0.685
4206,0.685,0.6911,0.6972,0.6829,0.685,0.6809,0.685,0.685,0.6789,0.6809,0.6972,0.6789,0.6852
4207,0.685,0.6911,0.6972,0.685,0.685,0.6829,0.685,0.685,0.6789,0.6809,0.6972,0.6789,0.6856
4208,0.685,0.6911,0.6972,0.685,0.685,0.6829,0.685,0.685,0.6789,0.6809,0.6972,0.6789,0.6856
4806,0.685,0.6911,0.6972,0.685,0.685,0.6829,0.685,0.685,0.6789,0.6809,0.6972,0.6789,0.6856
4807,0.685,0.6911,0.6972,0.685,0.685,0.6829,0.685,0.685,0.6789,0.6809,0.6972,0.6789,0.6856
4808,0.685,0.6911,0.6972,0.685,0.685,0.6829,0.685,0.685,0.6789,0.6809,0.6972,0.6789,0.6856
5406,0.685,0.6911,0.6972,0.685,0.685,0.6829,0.685,0.685,0.6829,0.6809,0.6972,0.6809,0.686
5407,0.685,0.6911,0.6972,0.685,0.685,0.6829,0.685,0.685,0.6829,0.685,0.6972,0.6829,0.6864
5408,0.685,0.6911,0.6972,0.685,0.685,0.6829,0.685,0.685,0.6829,0.685,0.6972,0.6829,0.6864
6006,0.685,0.6911,0.6972,0.685,0.685,0.6829,0.685,0.685,0.6829,0.685,0.6972,0.6829,0.6864
6007,0.6992,0.6911,0.6972,0.689,0.685,0.6829,0.685,0.685,0.6829,0.685,0.6992,0.6829,0.6882
6008,0.6992,0.6911,0.6972,0.689,0.685,0.6829,0.685,0.685,0.6829,0.685,0.6992,0.6829,0.6882
6606,0.6992,0.6911,0.6972,0.689,0.685,0.6829,0.685,0.685,0.6829,0.685,0.6992,0.6829,0.6882
6607,0.6992,0.6911,0.6972,0.689,0.685,0.6829,0.685,0.685,0.6829,0.685,0.6992,0.6829,0.6882
6608,0.6992,0.6911,0.6972,0.689,0.685,0.6829,0.685,0.685,0.6829,0.685,0.6992,0.6829,0.6882
7206,0.6992,0.6911,0.6972,0.689,0.685,0.6829,0.685,0.685,0.6829,0.685,0.6992,0.6829,0.6882
7207,0.6992,0.6911,0.6972,0.689,0.685,0.6829,0.685,0.685,0.6829,0.685,0.6992,0.6829,0.6882
7208,0.6992,0.6911,0.6972,0.689,0.685,0.6829,0.685,0.685,0.6829,0.685,0.6992,0.6829,0.6882
7806,0.6992,0.6911,0.6972,0.689,0.685,0.6829,0.685,0.685,0.6829,0.685,0.6992,0.6829,0.6882
7807,0.6992,0.6911,0.6972,0.689,0.685,0.6829,0.685,0.685,0.6829,0.685,0.6992,0.6829,0.6882
7808,0.6992,0.6911,0.6992,0.689,0.685,0.6829,0.685,0.685,0.6829,0.685,0.6992,0.6829,0.6884
8406,0.6992,0.6911,0.6992,0.689,0.685,0.6829,0.687,0.685,0.6829,0.685,0.6992,0.6829,0.6886
8407,0.6992,0.6911,0.6992,0.689,0.685,0.6829,0.687,0.685,0.6829,0.685,0.6992,0.6829,0.6886
8408,0.6992,0.6911,0.6992,0.689,0.689,0.6829,0.687,0.685,0.6829,0.685,0.6992,0.6829,0.689
9006,0.6992,0.6911,0.6992,0.689,0.689,0.6829,0.687,0.685,0.6829,0.685,0.6992,0.6829,0.689
9007,0.6992,0.6911,0.6992,0.689,0.689,0.6829,0.687,0.685,0.6829,0.6951,0.6992,0.6829,0.69
9008,0.6992,0.6911,0.6992,0.689,0.689,0.6829,0.687,0.685,0.6829,0.6951,0.6992,0.6829,0.69
9606,0.6992,0.6911,0.6992,0.689,0.689,0.6829,0.687,0.685,0.6829,0.6951,0.6992,0.6829,0.69
9607,0.6992,0.6911,0.6992,0.689,0.689,0.6829,0.687,0.685,0.6829,0.6972,0.6992,0.6829,0.6903
9608,0.6992,0.6911,0.6992,0.689,0.689,0.6829,0.687,0.685,0.6829,0.6972,0.6992,0.6829,0.6903
10206,0.6992,0.6911,0.6992,0.689,0.689,0.6829,0.687,0.685,0.6829,0.6972,0.6992,0.6829,0.6903
10207,0.6992,0.6911,0.6992,0.689,0.689,0.6829,0.687,0.685,0.6829,0.6972,0.6992,0.6829,0.6903
10208,0.6992,0.6911,0.6992,0.689,0.689,0.6829,0.687,0.685,0.6829,0.6972,0.6992,0.6829,0.6903
10806,0.6992,0.6911,0.6992,0.689,0.689,0.6829,0.687,0.685,0.6829,0.6972,0.6992,0.6829,0.6903
10807,0.6992,0.6911,0.6992,0.689,0.689,0.6829,0.687,0.685,0.6829,0.6972,0.6992,0.6829,0.6903
10808,0.6992,0.6911,0.6992,0.689,0.689,0.6829,0.687,0.685,0.6829,0.6972,0.6992,0.6829,0.6903
11406,0.6992,0.6911,0.6992,0.689,0.689,0.6829,0.687,0.685,0.6829,0.6972,0.6992,0.6829,0.6903
11407,0.6992,0.6911,0.6992,0.689,0.689,0.6829,0.687,0.685,0.6829,0.6972,0.6992,0.6829,0.6903
11408,0.6992,0.6911,0.6992,0.689,0.689,0.6829,0.687,0.685,0.6829,0.6972,0.6992,0.6829,0.6903
12006,0.6992,0.6911,0.6992,0.689,0.689,0.6829,0.687,0.685,0.6829,0.6972,0.6992,0.6829,0.6903
12007,0.6992,0.6911,0.6992,0.689,0.689,0.6829,0.687,0.685,0.6829,0.6972,0.6992,0.6829,0.6903
12008,0.6992,0.6911,0.6992,0.689,0.689,0.6829,0.687,0.685,0.6829,0.6972,0.6992,0.6829,0.6903
12606,0.6992,0.6911,0.6992,0.689,0.689,0.6829,0.687,0.685,0.6829,0.6972,0.6992,0.6829,0.6903
12607,0.6992,0.6911,0.6992,0.689,0.689,0.6829,0.687,0.685,0.6829,0.7012,0.7012,0.6829,0.6907
12608,0.6992,0.6911,0.6992,0.689,0.689,0.6829,0.687,0.685,0.6829,0.7012,0.7012,0.6829,0.6907
13206,0.6992,0.6911,0.6992,0.689,0.689,0.6829,0.687,0.685,0.6829,0.7012,0.7012,0.6829,0.6907
13207,0.6992,0.6911,0.6992,0.689,0.689,0.6829,0.687,0.685,0.6829,0.7012,0.7012,0.6829,0.6907
13208,0.6992,0.6911,0.6992,0.689,0.689,0.6829,0.687,0.685,0.6829,0.7012,0.7012,0.6829,0.6907
13806,0.6992,0.6911,0.6992,0.689,0.689,0.6829,0.687,0.685,0.6829,0.7012,0.7012,0.6829,0.6907
13807,0.6992,0.6911,0.6992,0.6911,0.689,0.6829,0.687,0.685,0.6829,0.7012,0.7012,0.6829,0.6909
13808,0.6992,0.6911,0.6992,0.6911,0.689,0.6829,0.687,0.685,0.6829,0.7012,0.7012,0.6829,0.6909
14406,0.6992,0.6911,0.6992,0.6911,0.689,0.6829,0.687,0.685,0.6829,0.7012,0.7012,0.6829,0.6909
14407,0.6992,0.6911,0.6992,0.6911,0.689,0.6829,0.687,0.685,0.6829,0.7012,0.7012,0.6829,0.6909
14408,0.6992,0.6911,0.6992,0.6911,0.689,0.6829,0.687,0.685,0.6829,0.7012,0.7012,0.6829,0.6909
15006,0.6992,0.6911,0.6992,0.6911,0.689,0.6829,0.687,0.685,0.6829,0.7012,0.7012,0.6829,0.6909
15007,0.6992,0.6911,0.6992,0.6911,0.689,0.685,0.687,0.685,0.6829,0.7012,0.7012,0.6829,0.6911
15008,0.6992,0.6911,0.6992,0.6911,0.689,0.685,0.687,0.685,0.6829,0.7012,0.7012,0.6829,0.6911
15606,0.6992,0.6911,0.6992,0.6911,0.689,0.685,0.687,0.685,0.6829,0.7012,0.7012,0.6829,0.6911
15607,0.6992,0.6911,0.6992,0.6911,0.689,0.685,0.687,0.685,0.6829,0.7012,0.7012,0.6829,0.6911
15608,0.6992,0.6911,0.6992,0.6911,0.689,0.685,0.687,0.685,0.6829,0.7012,0.7012,0.6829,0.6911
16206,0.6992,0.6911,0.6992,0.6911,0.689,0.685,0.687,0.685,0.6829,0.7012,0.7012,0.6829,0.6911
16207,0.6992,0.6911,0.6992,0.6911,0.689,0.685,0.687,0.685,0.6829,0.7012,0.7012,0.6829,0.6911
16208,0.6992,0.6911,0.6992,0.6911,0.689,0.685,0.687,0.685,0.6829,0.7012,0.7012,0.6829,0.6911
16806,0.6992,0.6911,0.6992,0.6911,0.689,0.685,0.6972,0.685,0.6829,0.7012,0.7012,0.6829,0.6921
16807,0.6992,0.6911,0.6992,0.6911,0.689,0.685,0.6972,0.685,0.6829,0.7012,0.7012,0.6829,0.6921
16808,0.6992,0.6911,0.6992,0.6911,0.689,0.685,0.6972,0.685,0.6829,0.7012,0.7012,0.6829,0.6921
17406,0.6992,0.6911,0.6992,0.6911,0.689,0.685,0.6972,0.685,0.6829,0.7012,0.7012,0.6829,0.6921
17407,0.6992,0.6911,0.6992,0.6911,0.689,0.685,0.6972,0.685,0.6829,0.7012,0.7012,0.6829,0.6921
17408,0.6992,0.6911,0.6992,0.6911,0.689,0.685,0.6972,0.685,0.6829,0.7012,0.7012,0.6829,0.6921
18006,0.6992,0.6911,0.6992,0.6911,0.689,0.685,0.6972,0.685,0.6829,0.7012,0.7012,0.6829,0.6921
18007,0.6992,0.6911,0.6992,0.6911,0.689,0.685,0.6972,0.685,0.6829,0.7012,0.7012,0.6829,0.6921
18008,0.6992,0.6911,0.6992,0.6911,0.689,0.685,0.6972,0.685,0.6829,0.7012,0.7012,0.6829,0.6921
18606,0.6992,0.6911,0.6992,0.6911,0.689,0.685,0.6972,0.685,0.6829,0.7012,0.7012,0.6829,0.6921
18607,0.6992,0.6911,0.6992,0.6911,0.689,0.685,0.6972,0.685,0.6829,0.7012,0.7012,0.6829,0.6921
18608,0.6992,0.6911,0.6992,0.6911,0.689,0.685,0.6972,0.685,0.6829,0.7012,0.7012,0.6829,0.6921
19206,0.6992,0.6911,0.6992,0.6911,0.689,0.685,0.6972,0.685,0.6829,0.7012,0.7012,0.6829,0.6921
19207,0.6992,0.6911,0.6992,0.6911,0.689,0.685,0.6972,0.685,0.6829,0.7012,0.7012,0.6829,0.6921
19208,0.6992,0.6911,0.6992,0.6911,0.689,0.685,0.6972,0.685,0.6829,0.7012,0.7012,0.6829,0.6921
19806,0.6992,0.6911,0.6992,0.6911,0.689,0.685,0.6972,0.685,0.6829,0.7012,0.7012,0.6829,0.6921
19807,0.6992,0.6911,0.6992,0.6911,0.689,0.685,0.6972,0.685,0.6829,0.7012,0.7012,0.6829,0.6921
19808,0.6992,0.6911,0.7012,0.6911,0.689,0.685,0.6972,0.685,0.6829,0.7012,0.7012,0.6829,0.6923
20406,0.6992,0.6911,0.7012,0.6911,0.689,0.685,0.6972,0.687,0.6829,0.7012,0.7012,0.6829,0.6925
20407,0.6992,0.6911,0.7012,0.6911,0.689,0.685,0.6972,0.687,0.6829,0.7012,0.7012,0.6829,0.6925
20408,0.6992,0.6911,0.7012,0.6911,0.689,0.685,0.6972,0.687,0.6829,0.7012,0.7012,0.6829,0.6925
21006,0.6992,0.6911,0.7012,0.6911,0.689,0.685,0.6972,0.687,0.6829,0.7012,0.7012,0.6829,0.6925
21007,0.6992,0.6911,0.7012,0.6911,0.689,0.685,0.6972,0.687,0.6829,0.7012,0.7012,0.6829,0.6925
21008,0.6992,0.6911,0.7012,0.6911,0.689,0.685,0.6972,0.687,0.6829,0.7012,0.7012,0.6829,0.6925
21606,0.6992,0.6911,0.7012,0.6911,0.689,0.685,0.6972,0.6911,0.6829,0.7012,0.7012,0.6829,0.6929
21607,0.6992,0.6911,0.7012,0.6911,0.689,0.685,0.6972,0.6911,0.6829,0.7012,0.7012,0.6829,0.6929
21608,0.6992,0.6911,0.7012,0.6911,0.689,0.685,0.6972,0.6911,0.6829,0.7012,0.7012,0.6829,0.6929
22206,0.6992,0.6911,0.7012,0.6911,0.689,0.685,0.6972,0.6911,0.6829,0.7012,0.7012,0.6829,0.6929
22207,0.6992,0.6911,0.7012,0.6911,0.689,0.685,0.6972,0.6911,0.6829,0.7012,0.7012,0.6829,0.6929
22208,0.6992,0.6911,0.7012,0.6911,0.689,0.685,0.6972,0.6911,0.6829,0.7012,0.7012,0.6829,0.6929
22806,0.6992,0.6911,0.7012,0.6911,0.689,0.685,0.6972,0.6911,0.6911,0.7012,0.7012,0.685,0.6937
22807,0.6992,0.6911,0.7012,0.6911,0.689,0.685,0.6972,0.6911,0.6911,0.7012,0.7012,0.685,0.6937
22808,0.6992,0.6911,0.7012,0.6911,0.689,0.685,0.6972,0.6911,0.6911,0.7012,0.7012,0.685,0.6937
23406,0.6992,0.6911,0.7012,0.6911,0.689,0.685,0.6972,0.6911,0.6911,0.7012,0.7012,0.685,0.6937
23407,0.6992,0.6911,0.7012,0.6911,0.689,0.685,0.6972,0.6911,0.6911,0.7012,0.7012,0.685,0.6937
23408,0.6992,0.6911,0.7012,0.6911,0.689,0.685,0.6972,0.6911,0.6911,0.7012,0.7012,0.685,0.6937
24006,0.6992,0.6911,0.7012,0.6911,0.689,0.685,0.6972,0.6911,0.6911,0.7012,0.7012,0.685,0.6937
24007,0.6992,0.6911,0.7012,0.6911,0.689,0.685,0.6972,0.6911,0.6911,0.7012,0.7012,0.685,0.6937
24008,0.6992,0.6911,0.7012,0.6911,0.689,0.685,0.6972,0.6911,0.6911,0.7012,0.7012,0.685,0.6937
24606,0.6992,0.6911,0.7012,0.6911,0.689,0.685,0.6972,0.6911,0.6911,0.7012,0.7012,0.685,0.6937
24607,0.6992,0.6911,0.7012,0.6911,0.689,0.685,0.6972,0.6911,0.6911,0.7012,0.7012,0.685,0.6937
24608,0.6992,0.6911,0.7012,0.6911,0.689,0.685,0.6972,0.6911,0.6911,0.7012,0.7012,0.685,0.6937
25206,0.6992,0.6911,0.7012,0.6911,0.689,0.685,0.6972,0.6911,0.6911,0.7012,0.7012,0.685,0.6937
25207,0.6992,0.6911,0.7012,0.6911,0.689,0.685,0.6972,0.6911,0.6911,0.7012,0.7012,0.685,0.6937
25208,0.6992,0.6911,0.7012,0.6911,0.689,0.685,0.6972,0.6911,0.6911,0.7012,0.7012,0.685,0.6937
25806,0.6992,0.6911,0.7012,0.6911,0.689,0.685,0.6972,0.6911,0.6911,0.7012,0.7012,0.685,0.6937
25807,0.6992,0.6911,0.7012,0.6911,0.689,0.685,0.6972,0.6911,0.6911,0.7012,0.7012,0.685,0.6937
25808,0.6992,0.6911,0.7012,0.6911,0.689,0.685,0.6972,0.6911,0.6911,0.7012,0.7012,0.685,0.6937
26406,0.6992,0.6911,0.7012,0.6911,0.689,0.685,0.6972,0.6911,0.6911,0.7012,0.7012,0.685,0.6937
26407,0.6992,0.6911,0.7012,0.6911,0.689,0.685,0.6972,0.6911,0.6911,0.7012,0.7012,0.685,0.6937
26408,0.6992,0.6911,0.7012,0.6911,0.689,0.685,0.6972,0.6911,0.6911,0.7012,0.7012,0.685,0.6937
27006,0.6992,0.6911,0.7012,0.6911,0.689,0.685,0.6972,0.6911,0.6911,0.7012,0.7012,0.685,0.6937
27007,0.6992,0.6911,0.7012,0.6911,0.689,0.685,0.6972,0.6911,0.6911,0.7012,0.7012,0.685,0.6937
27008,0.6992,0.6911,0.7012,0.6911,0.689,0.685,0.6972,0.6911,0.6911,0.7012,0.7012,0.685,0.6937
27606,0.6992,0.6911,0.7012,0.6911,0.689,0.685,0.6972,0.6911,0.6911,0.7012,0.7012,0.685,0.6937
27607,0.6992,0.6911,0.7012,0.6911,0.689,0.685,0.6972,0.6911,0.6911,0.7012,0.7012,0.685,0.6937
27608,0.6992,0.6911,0.7012,0.6911,0.689,0.685,0.6972,0.6911,0.6911,0.7012,0.7012,0.685,0.6937
28206,0.6992,0.6931,0.7012,0.6911,0.689,0.685,0.6972,0.6911,0.6911,0.7012,0.7012,0.685,0.6939
28207,0.6992,0.6931,0.7012,0.6911,0.689,0.685,0.6972,0.6911,0.6911,0.7012,0.7012,0.685,0.6939
28208,0.6992,0.6931,0.7012,0.6911,0.689,0.685,0.6972,0.6911,0.6911,0.7012,0.7012,0.685,0.6939
28806,0.6992,0.6931,0.7012,0.6911,0.689,0.685,0.6972,0.6911,0.6911,0.7012,0.7012,0.685,0.6939
28807,0.6992,0.6931,0.7012,0.6911,0.689,0.685,0.6972,0.6911,0.6911,0.7012,0.7012,0.685,0.6939
28808,0.6992,0.6931,0.7012,0.6911,0.689,0.685,0.6972,0.6911,0.6911,0.7012,0.7012,0.685,0.6939
29406,0.6992,0.6931,0.7012,0.6911,0.689,0.685,0.6972,0.6911,0.6911,0.7012,0.7012,0.685,0.6939
29407,0.6992,0.6931,0.7012,0.6911,0.689,0.685,0.6972,0.6911,0.6911,0.7012,0.7012,0.685,0.6939
29408,0.6992,0.6931,0.7012,0.6911,0.689,0.685,0.6972,0.6911,0.6911,0.7012,0.7012,0.685,0.6939
30006,0.6992,0.6931,0.7012,0.6911,0.689,0.685,0.6972,0.6911,0.6911,0.7012,0.7012,0.685,0.6939
30007,0.6992,0.6931,0.7012,0.6911,0.689,0.685,0.6992,0.6911,0.6911,0.7012,0.7012,0.685,0.6941
30008,0.6992,0.6931,0.7012,0.6911,0.689,0.685,0.6992,0.6911,0.6911,0.7012,0.7012,0.685,0.6941
30606,0.6992,0.6931,0.7012,0.6911,0.689,0.685,0.6992,0.6911,0.6911,0.7012,0.7012,0.685,0.6941
30607,0.6992,0.6931,0.7012,0.6911,0.689,0.685,0.6992,0.6911,0.6911,0.7012,0.7012,0.685,0.6941
30608,0.6992,0.6931,0.7012,0.6911,0.689,0.685,0.6992,0.6911,0.6911,0.7012,0.7012,0.685,0.6941
31206,0.6992,0.6931,0.7012,0.6911,0.689,0.685,0.6992,0.6911,0.6911,0.7012,0.7012,0.685,0.6941
31207,0.6992,0.6931,0.7012,0.6911,0.689,0.685,0.6992,0.6911,0.6911,0.7012,0.7012,0.685,0.6941
31208,0.6992,0.6931,0.7012,0.6911,0.689,0.685,0.6992,0.6911,0.6911,0.7012,0.7012,0.685,0.6941
31806,0.6992,0.6931,0.7012,0.6911,0.689,0.685,0.6992,0.6911,0.6911,0.7012,0.7012,0.685,0.6941
31807,0.6992,0.6931,0.7012,0.6911,0.689,0.685,0.6992,0.6911,0.6911,0.7012,0.7012,0.685,0.6941
31808,0.6992,0.6931,0.7012,0.6911,0.689,0.685,0.6992,0.6911,0.6911,0.7012,0.7012,0.685,0.6941
32406,0.6992,0.6931,0.7012,0.6911,0.689,0.685,0.6992,0.6911,0.6911,0.7012,0.7012,0.685,0.6941
32407,0.6992,0.6931,0.7012,0.6911,0.689,0.685,0.6992,0.6911,0.6911,0.7012,0.7012,0.685,0.6941
32408,0.6992,0.6931,0.7012,0.6911,0.689,0.685,0.6992,0.6911,0.6911,0.7012,0.7012,0.685,0.6941
33006,0.6992,0.6931,0.7012,0.6911,0.689,0.685,0.6992,0.6911,0.6911,0.7012,0.7012,0.685,0.6941
33007,0.6992,0.6931,0.7012,0.6911,0.689,0.685,0.6992,0.6911,0.6911,0.7012,0.7012,0.685,0.6941
33008,0.6992,0.6931,0.7012,0.6911,0.689,0.685,0.6992,0.6911,0.6911,0.7012,0.7012,0.685,0.6941
33606,0.6992,0.6931,0.7012,0.6911,0.689,0.685,0.6992,0.6911,0.6911,0.7012,0.7012,0.685,0.6941
33607,0.6992,0.6931,0.7012,0.6911,0.689,0.6972,0.7012,0.6911,0.6911,0.7012,0.7012,0.689,0.6955
33608,0.6992,0.6931,0.7012,0.6911,0.689,0.6972,0.7012,0.6911,0.6911,0.7012,0.7012,0.689,0.6955
34206,0.6992,0.6931,0.7012,0.6911,0.689,0.6972,0.7012,0.6911,0.6911,0.7012,0.7012,0.689,0.6955
34207,0.6992,0.6931,0.7012,0.6911,0.689,0.6972,0.7012,0.6911,0.6911,0.7012,0.7012,0.689,0.6955
34208,0.6992,0.6931,0.7012,0.6911,0.689,0.6972,0.7012,0.6911,0.6911,0.7012,0.7012,0.689,0.6955
34806,0.6992,0.6931,0.7012,0.6911,0.689,0.6972,0.7012,0.6911,0.6911,0.7012,0.7012,0.689,0.6955
34807,0.6992,0.6931,0.7012,0.6911,0.689,0.6972,0.7012,0.6911,0.6911,0.7012,0.7012,0.689,0.6955
34808,0.6992,0.6931,0.7012,0.6911,0.689,0.6972,0.7012,0.6911,0.6911,0.7012,0.7012,0.689,0.6955
35406,0.6992,0.6931,0.7012,0.6911,0.689,0.6972,0.7012,0.6911,0.6911,0.7012,0.7012,0.689,0.6955
35407,0.6992,0.6931,0.7012,0.6911,0.689,0.6972,0.7012,0.6911,0.6911,0.7012,0.7012,0.689,0.6955
35408,0.6992,0.6931,0.7012,0.6911,0.689,0.6972,0.7012,0.6911,0.6911,0.7012,0.7012,0.689,0.6955
36006,0.6992,0.6931,0.7012,0.6911,0.689,0.6972,0.7012,0.6911,0.6911,0.7012,0.7012,0.689,0.6955
36007,0.6992,0.6931,0.7012,0.6911,0.689,0.6972,0.7012,0.6911,0.6911,0.7012,0.7012,0.689,0.6955
36008,0.6992,0.6931,0.7012,0.6911,0.689,0.6972,0.7012,0.6911,0.6911,0.7012,0.7012,0.689,0.6955
36606,0.6992,0.6931,0.7012,0.6911,0.689,0.6972,0.7012,0.6911,0.6911,0.7012,0.7012,0.689,0.6955
36607,0.6992,0.6931,0.7012,0.6911,0.689,0.6972,0.7012,0.6911,0.6911,0.7012,0.7012,0.689,0.6955
36608,0.6992,0.6931,0.7012,0.6911,0.689,0.6972,0.7012,0.6911,0.6911,0.7012,0.7012,0.689,0.6955
37206,0.6992,0.6931,0.7012,0.6911,0.689,0.6972,0.7012,0.6911,0.6911,0.7012,0.7012,0.689,0.6955
37207,0.6992,0.6931,0.7012,0.6911,0.689,0.6972,0.7012,0.6911,0.6911,0.7012,0.7012,0.689,0.6955
37208,0.6992,0.6931,0.7012,0.6911,0.689,0.6972,0.7012,0.6911,0.6911,0.7012,0.7012,0.689,0.6955
37806,0.6992,0.6931,0.7012,0.6911,0.689,0.6972,0.7012,0.6911,0.6911,0.7012,0.7012,0.689,0.6955
37807,0.6992,0.6931,0.7012,0.6911,0.689,0.6972,0.7012,0.6911,0.6911,0.7012,0.7012,0.689,0.6955
37808,0.6992,0.6931,0.7012,0.6911,0.689,0.6972,0.7012,0.6911,0.6911,0.7012,0.7012,0.689,0.6955
38406,0.6992,0.6931,0.7012,0.6911,0.689,0.6972,0.7012,0.6911,0.6911,0.7012,0.7012,0.689,0.6955
38407,0.6992,0.6931,0.7012,0.6911,0.689,0.6972,0.7033,0.6911,0.6911,0.7012,0.7033,0.689,0.6958
38408,0.6992,0.6931,0.7012,0.6911,0.689,0.6972,0.7033,0.6911,0.6911,0.7012,0.7033,0.689,0.6958
39006,0.6992,0.6931,0.7012,0.6911,0.689,0.6972,0.7033,0.6911,0.6911,0.7012,0.7033,0.689,0.6958
39007,0.6992,0.6931,0.7012,0.6911,0.689,0.6972,0.7033,0.6911,0.6911,0.7012,0.7033,0.689,0.6958
39008,0.6992,0.6931,0.7012,0.6911,0.689,0.6972,0.7033,0.6911,0.6911,0.7012,0.7033,0.689,0.6958
39606,0.6992,0.6931,0.7012,0.6911,0.689,0.6972,0.7033,0.6911,0.6911,0.7012,0.7033,0.689,0.6958
39607,0.6992,0.6931,0.7012,0.6911,0.689,0.6972,0.7033,0.6911,0.6911,0.7012,0.7033,0.689,0.6958
39608,0.6992,0.6931,0.7012,0.6911,0.689,0.6972,0.7033,0.6911,0.6911,0.7012,0.7033,0.689,0.6958
40206,0.6992,0.6931,0.7012,0.6911,0.689,0.6972,0.7033,0.6911,0.6911,0.7012,0.7033,0.689,0.6958
40207,0.6992,0.6931,0.7012,0.6911,0.689,0.6972,0.7033,0.6911,0.6911,0.7012,0.7033,0.689,0.6958
40208,0.6992,0.6931,0.7012,0.6911,0.689,0.6972,0.7033,0.6911,0.6911,0.7012,0.7033,0.689,0.6958
40806,0.6992,0.6931,0.7012,0.6911,0.689,0.6972,0.7033,0.6911,0.6911,0.7012,0.7033,0.689,0.6958
40807,0.6992,0.6931,0.7012,0.6911,0.689,0.6972,0.7033,0.6911,0.6911,0.7012,0.7033,0.689,0.6958
40808,0.7012,0.6931,0.7012,0.6911,0.689,0.6972,0.7033,0.6911,0.6911,0.7012,0.7033,0.689,0.696
41406,0.7012,0.6931,0.7012,0.6911,0.689,0.6972,0.7033,0.6911,0.6911,0.7012,0.7033,0.689,0.696
41407,0.7012,0.6931,0.7012,0.6911,0.689,0.6972,0.7033,0.6911,0.6911,0.7012,0.7033,0.689,0.696
41408,0.7012,0.6931,0.7012,0.6911,0.689,0.6972,0.7033,0.6911,0.6911,0.7012,0.7033,0.689,0.696
42006,0.7012,0.6931,0.7012,0.6911,0.689,0.6972,0.7033,0.6911,0.6911,0.7012,0.7033,0.689,0.696
42007,0.7012,0.6931,0.7012,0.6911,0.689,0.6972,0.7033,0.6911,0.6911,0.7012,0.7033,0.689,0.696
42008,0.7012,0.6931,0.7012,0.6911,0.689,0.6972,0.7033,0.6911,0.6911,0.7012,0.7033,0.689,0.696
42606,0.7012,0.6931,0.7012,0.6911,0.689,0.6972,0.7033,0.6911,0.6911,0.7012,0.7033,0.689,0.696
42607,0.7012,0.6931,0.7012,0.6911,0.689,0.6972,0.7033,0.6911,0.6911,0.7012,0.7033,0.689,0.696
42608,0.7012,0.6931,0.7012,0.6911,0.689,0.6972,0.7033,0.6911,0.6911,0.7012,0.7033,0.689,0.696
43206,0.7012,0.6931,0.7012,0.6911,0.689,0.6972,0.7033,0.6911,0.6911,0.7012,0.7033,0.689,0.696
43207,0.7012,0.6931,0.7012,0.6911,0.689,0.6972,0.7033,0.6911,0.6911,0.7012,0.7033,0.689,0.696
43208,0.7012,0.6931,0.7012,0.6911,0.689,0.6972,0.7033,0.6911,0.6911,0.7012,0.7033,0.689,0.696
43806,0.7012,0.6931,0.7012,0.6911,0.689,0.6972,0.7033,0.6911,0.6911,0.7012,0.7033,0.689,0.696
43807,0.7012,0.6931,0.7012,0.6911,0.689,0.6972,0.7033,0.6911,0.6911,0.7012,0.7033,0.689,0.696
43808,0.7012,0.6931,0.7012,0.6911,0.689,0.6972,0.7033,0.6911,0.6911,0.7012,0.7033,0.689,0.696
44406,0.7012,0.6931,0.7012,0.6911,0.689,0.6972,0.7033,0.6911,0.6911,0.7012,0.7033,0.689,0.696
44407,0.7012,0.6931,0.7012,0.6911,0.689,0.6972,0.7033,0.6911,0.6911,0.7012,0.7033,0.689,0.696
44408,0.7012,0.6931,0.7012,0.6911,0.689,0.6972,0.7033,0.6911,0.6911,0.7012,0.7033,0.689,0.696
45006,0.7012,0.6931,0.7012,0.6911,0.689,0.6972,0.7033,0.6911,0.6911,0.7012,0.7033,0.689,0.696
45007,0.7012,0.6931,0.7012,0.6911,0.689,0.6972,0.7033,0.6911,0.6911,0.7012,0.7033,0.689,0.696
45008,0.7012,0.6931,0.7012,0.6911,0.689,0.6972,0.7033,0.6911,0.6911,0.7012,0.7033,0.689,0.696
45606,0.7012,0.6931,0.7012,0.6911,0.689,0.6972,0.7033,0.6911,0.6911,0.7012,0.7033,0.689,0.696
45607,0.7012,0.6931,0.7012,0.6911,0.689,0.6972,0.7033,0.6911,0.6911,0.7012,0.7033,0.689,0.696
45608,0.7012,0.6931,0.7012,0.6911,0.689,0.6972,0.7033,0.6911,0.6911,0.7012,0.7033,0.689,0.696
46206,0.7012,0.6931,0.7012,0.6911,0.689,0.6972,0.7033,0.6911,0.6911,0.7012,0.7033,0.689,0.696
46207,0.7012,0.6931,0.7012,0.6911,0.689,0.6972,0.7033,0.6911,0.6911,0.7012,0.7033,0.689,0.696
46208,0.7012,0.6931,0.7012,0.6911,0.689,0.6972,0.7033,0.6911,0.6911,0.7012,0.7033,0.689,0.696
46806,0.7012,0.6931,0.7012,0.6911,0.689,0.6972,0.7033,0.6911,0.6911,0.7012,0.7033,0.689,0.696
46807,0.7012,0.6931,0.7012,0.6911,0.689,0.6972,0.7033,0.6911,0.6911,0.7012,0.7033,0.689,0.696
46808,0.7012,0.6931,0.7012,0.6911,0.689,0.6972,0.7033,0.6911,0.6911,0.7012,0.7033,0.689,0.696
47406,0.7012,0.6931,0.7012,0.6911,0.689,0.6972,0.7033,0.6911,0.6911,0.7012,0.7033,0.689,0.696
47407,0.7012,0.6931,0.7012,0.6911,0.689,0.6972,0.7033,0.6911,0.6911,0.7012,0.7033,0.689,0.696
47408,0.7012,0.6931,0.7012,0.6911,0.689,0.6972,0.7033,0.6911,0.6911,0.7012,0.7033,0.689,0.696
48006,0.7012,0.6931,0.7012,0.6911,0.689,0.6972,0.7033,0.6911,0.6911,0.7012,0.7033,0.689,0.696
48007,0.7012,0.6931,0.7012,0.6911,0.689,0.6972,0.7033,0.6911,0.6911,0.7012,0.7033,0.689,0.696
48008,0.7012,0.6931,0.7012,0.6911,0.689,0.6972,0.7033,0.6911,0.6911,0.7012,0.7033,0.689,0.696
48606,0.7012,0.6931,0.7012,0.6911,0.689,0.6972,0.7033,0.6911,0.6911,0.7012,0.7033,0.689,0.696
48607,0.7012,0.6931,0.7012,0.6911,0.689,0.6972,0.7033,0.6911,0.6911,0.7012,0.7033,0.689,0.696
48608,0.7012,0.6931,0.7012,0.6911,0.689,0.6972,0.7033,0.6911,0.6911,0.7012,0.7033,0.689,0.696
49206,0.7012,0.6931,0.7012,0.6911,0.689,0.6972,0.7033,0.6911,0.6911,0.7012,0.7033,0.689,0.696
49207,0.7012,0.6931,0.7012,0.6911,0.689,0.6972,0.7033,0.6911,0.6911,0.7012,0.7033,0.689,0.696
49208,0.7012,0.6931,0.7012,0.6911,0.689,0.6972,0.7033,0.6911,0.6911,0.7012,0.7033,0.689,0.696
49806,0.7012,0.6931,0.7012,0.6911,0.689,0.6972,0.7033,0.6911,0.6911,0.7012,0.7033,0.689,0.696
49807,0.7012,0.6931,0.7012,0.6911,0.689,0.6972,0.7033,0.6911,0.6911,0.7012,0.7033,0.689,0.696
49808,0.7012,0.6931,0.7012,0.6911,0.689,0.6972,0.7033,0.6911,0.6911,0.7012,0.7033,0.689,0.696
50406,0.7012,0.6931,0.7012,0.6911,0.689,0.6972,0.7033,0.6911,0.6911,0.7012,0.7033,0.689,0.696
50407,0.7012,0.6931,0.7012,0.6911,0.689,0.6972,0.7033,0.6911,0.6911,0.7012,0.7033,0.689,0.696
50408,0.7012,0.6931,0.7012,0.6911,0.689,0.6972,0.7033,0.6911,0.6911,0.7012,0.7033,0.689,0.696
51006,0.7012,0.6931,0.7012,0.6911,0.689,0.6972,0.7033,0.6911,0.6911,0.7012,0.7033,0.689,0.696
51007,0.7012,0.6931,0.7012,0.6911,0.689,0.6972,0.7033,0.6911,0.6911,0.7012,0.7033,0.689,0.696
51008,0.7012,0.6931,0.7012,0.6911,0.689,0.6972,0.7033,0.6911,0.6911,0.7012,0.7033,0.689,0.696
51606,0.7012,0.6931,0.7012,0.6911,0.689,0.6972,0.7033,0.6911,0.6911,0.7012,0.7033,0.689,0.696
51607,0.7012,0.6931,0.7012,0.6911,0.689,0.6972,0.7033,0.6911,0.6911,0.7012,0.7033,0.689,0.696
51608,0.7012,0.6931,0.7012,0.6911,0.689,0.6972,0.7033,0.6911,0.6911,0.7012,0.7033,0.689,0.696
52206,0.7012,0.6931,0.7012,0.6911,0.689,0.6972,0.7033,0.6911,0.6911,0.7012,0.7033,0.689,0.696
52207,0.7012,0.6931,0.7012,0.6911,0.689,0.6972,0.7033,0.6911,0.6911,0.7012,0.7033,0.689,0.696
52208,0.7012,0.6931,0.7012,0.6911,0.689,0.6972,0.7033,0.6911,0.6911,0.7012,0.7033,0.689,0.696
52806,0.7012,0.6931,0.7012,0.6911,0.689,0.6972,0.7033,0.6911,0.6911,0.7012,0.7033,0.689,0.696
52807,0.7012,0.6931,0.7012,0.6911,0.689,0.6972,0.7033,0.6911,0.6911,0.7012,0.7033,0.689,0.696
52808,0.7012,0.6931,0.7012,0.6911,0.689,0.6972,0.7033,0.6911,0.6911,0.7012,0.7033,0.689,0.696
53406,0.7012,0.6931,0.7012,0.6911,0.689,0.6972,0.7033,0.6911,0.6911,0.7012,0.7033,0.689,0.696
53407,0.7012,0.6931,0.7012,0.6911,0.689,0.6972,0.7033,0.6911,0.6911,0.7012,0.7033,0.689,0.696
53408,0.7012,0.6931,0.7012,0.6911,0.689,0.6972,0.7033,0.6911,0.6911,0.7012,0.7033,0.689,0.696
54006,0.7012,0.6951,0.7012,0.6911,0.689,0.6972,0.7033,0.6911,0.6911,0.7012,0.7033,0.689,0.6962
54007,0.7012,0.6951,0.7012,0.6911,0.689,0.6972,0.7033,0.6911,0.6911,0.7012,0.7033,0.689,0.6962
54008,0.7012,0.6951,0.7012,0.6911,0.689,0.6972,0.7033,0.6911,0.6911,0.7012,0.7033,0.689,0.6962
54606,0.7012,0.6951,0.7012,0.6911,0.689,0.6972,0.7033,0.6911,0.6911,0.7012,0.7033,0.689,0.6962
54607,0.7012,0.6951,0.7012,0.6911,0.689,0.6972,0.7033,0.6911,0.6911,0.7012,0.7033,0.689,0.6962
54608,0.7012,0.6951,0.7012,0.6911,0.689,0.6992,0.7033,0.6911,0.6911,0.7012,0.7033,0.689,0.6964
55206,0.7012,0.6951,0.7012,0.6911,0.689,0.6992,0.7033,0.6911,0.6911,0.7012,0.7033,0.689,0.6964
55207,0.7012,0.6951,0.7012,0.6911,0.689,0.6992,0.7033,0.6911,0.6911,0.7012,0.7033,0.689,0.6964
55208,0.7012,0.6951,0.7012,0.6911,0.689,0.6992,0.7033,0.6911,0.6911,0.7012,0.7033,0.689,0.6964
55806,0.7012,0.6951,0.7012,0.6911,0.689,0.6992,0.7033,0.6911,0.6911,0.7012,0.7033,0.689,0.6964
55807,0.7012,0.6951,0.7012,0.6911,0.689,0.6992,0.7033,0.6911,0.6911,0.7012,0.7033,0.689,0.6964
55808,0.7012,0.6951,0.7012,0.6911,0.689,0.6992,0.7033,0.6911,0.6911,0.7012,0.7033,0.689,0.6964
56406,0.7012,0.6992,0.7012,0.6911,0.689,0.6992,0.7033,0.6911,0.6911,0.7012,0.7033,0.689,0.6968
56407,0.7012,0.6992,0.7012,0.6911,0.689,0.6992,0.7033,0.6911,0.6911,0.7012,0.7033,0.689,0.6968
56408,0.7012,0.6992,0.7012,0.6911,0.689,0.6992,0.7033,0.6911,0.6911,0.7012,0.7033,0.689,0.6968
57006,0.7012,0.6992,0.7012,0.6911,0.689,0.6992,0.7033,0.6911,0.6911,0.7012,0.7033,0.689,0.6968
57007,0.7012,0.6992,0.7012,0.6911,0.689,0.6992,0.7033,0.6911,0.6911,0.7012,0.7033,0.689,0.6968
57008,0.7012,0.6992,0.7012,0.6911,0.689,0.6992,0.7033,0.6911,0.6911,0.7012,0.7033,0.689,0.6968
57606,0.7012,0.6992,0.7012,0.6911,0.689,0.6992,0.7033,0.6911,0.6911,0.7012,0.7033,0.689,0.6968
57607,0.7012,0.6992,0.7012,0.6911,0.689,0.6992,0.7033,0.6911,0.6911,0.7012,0.7033,0.689,0.6968
57608,0.7012,0.6992,0.7012,0.6911,0.689,0.6992,0.7033,0.6911,0.6911,0.7012,0.7033,0.689,0.6968
58206,0.7012,0.6992,0.7012,0.6911,0.689,0.6992,0.7033,0.6911,0.6911,0.7012,0.7033,0.689,0.6968
58207,0.7012,0.6992,0.7012,0.6911,0.689,0.6992,0.7033,0.6911,0.6911,0.7012,0.7033,0.689,0.6968
58208,0.7012,0.6992,0.7012,0.6911,0.689,0.6992,0.7033,0.6911,0.6911,0.7012,0.7033,0.689,0.6968
58806,0.7012,0.6992,0.7012,0.6911,0.689,0.6992,0.7033,0.6911,0.6911,0.7012,0.7033,0.689,0.6968
58807,0.7012,0.6992,0.7012,0.6911,0.689,0.6992,0.7033,0.6911,0.6911,0.7012,0.7033,0.689,0.6968
58808,0.7012,0.6992,0.7012,0.6911,0.689,0.6992,0.7033,0.6911,0.6911,0.7012,0.7033,0.689,0.6968
59406,0.7012,0.6992,0.7012,0.6911,0.689,0.6992,0.7033,0.6911,0.6911,0.7012,0.7033,0.689,0.6968
59407,0.7012,0.6992,0.7012,0.6911,0.689,0.6992,0.7033,0.6911,0.6911,0.7012,0.7033,0.689,0.6968
59408,0.7012,0.6992,0.7012,0.6911,0.689,0.6992,0.7033,0.6911,0.6911,0.7012,0.7033,0.689,0.6968
60006,0.7012,0.6992,0.7012,0.6911,0.689,0.6992,0.7033,0.6911,0.6911,0.7012,0.7033,0.689,0.6968
60007,0.7012,0.6992,0.7012,0.6911,0.689,0.6992,0.7033,0.6911,0.6911,0.7012,0.7033,0.689,0.6968
60008,0.7012,0.6992,0.7012,0.6911,0.689,0.6992,0.7033,0.6911,0.6911,0.7012,0.7033,0.689,0.6968
60606,0.7012,0.6992,0.7012,0.6911,0.689,0.6992,0.7033,0.6911,0.6911,0.7012,0.7033,0.689,0.6968
60607,0.7012,0.6992,0.7012,0.6911,0.689,0.6992,0.7033,0.6911,0.6911,0.7012,0.7033,0.689,0.6968
60608,0.7012,0.6992,0.7012,0.6911,0.689,0.6992,0.7033,0.6911,0.6911,0.7012,0.7033,0.689,0.6968
61206,0.7012,0.6992,0.7012,0.6911,0.689,0.6992,0.7033,0.6911,0.6911,0.7012,0.7033,0.689,0.6968
61207,0.7012,0.6992,0.7012,0.6911,0.689,0.6992,0.7033,0.6911,0.6911,0.7012,0.7033,0.689,0.6968
61208,0.7012,0.6992,0.7012,0.6911,0.689,0.6992,0.7033,0.6911,0.6911,0.7012,0.7033,0.689,0.6968
61806,0.7012,0.6992,0.7012,0.6911,0.689,0.6992,0.7033,0.6911,0.6911,0.7012,0.7033,0.689,0.6968
61807,0.7012,0.6992,0.7012,0.6911,0.689,0.6992,0.7033,0.6911,0.6911,0.7012,0.7033,0.689,0.6968
61808,0.7012,0.6992,0.7012,0.6911,0.689,0.6992,0.7033,0.6911,0.6911,0.7012,0.7033,0.689,0.6968
62406,0.7012,0.6992,0.7012,0.6911,0.689,0.6992,0.7033,0.6911,0.6911,0.7012,0.7033,0.689,0.6968
62407,0.7012,0.6992,0.7012,0.6911,0.689,0.6992,0.7033,0.6911,0.6911,0.7012,0.7033,0.689,0.6968
62408,0.7012,0.6992,0.7012,0.6911,0.689,0.6992,0.7033,0.6911,0.6911,0.7012,0.7033,0.689,0.6968
63006,0.7012,0.6992,0.7012,0.6911,0.689,0.6992,0.7033,0.6911,0.6911,0.7012,0.7033,0.689,0.6968
63007,0.7012,0.6992,0.7012,0.6911,0.689,0.6992,0.7033,0.6911,0.6911,0.7012,0.7033,0.689,0.6968
63008,0.7012,0.6992,0.7012,0.6911,0.689,0.6992,0.7033,0.6911,0.6911,0.7012,0.7033,0.689,0.6968
63606,0.7012,0.6992,0.7012,0.6911,0.689,0.6992,0.7033,0.6911,0.6911,0.7012,0.7033,0.689,0.6968
63607,0.7012,0.6992,0.7012,0.6911,0.689,0.6992,0.7033,0.6911,0.6911,0.7012,0.7033,0.689,0.6968
63608,0.7012,0.6992,0.7012,0.6911,0.689,0.6992,0.7033,0.6911,0.6911,0.7012,0.7033,0.689,0.6968
64206,0.7012,0.6992,0.7012,0.6911,0.689,0.6992,0.7033,0.6911,0.6911,0.7012,0.7033,0.689,0.6968
64207,0.7012,0.6992,0.7012,0.6911,0.689,0.6992,0.7033,0.6911,0.6911,0.7012,0.7033,0.689,0.6968
64208,0.7012,0.6992,0.7012,0.6911,0.689,0.6992,0.7033,0.6911,0.6911,0.7012,0.7033,0.689,0.6968
64806,0.7012,0.6992,0.7012,0.6911,0.689,0.6992,0.7033,0.6911,0.6911,0.7012,0.7033,0.689,0.6968
64807,0.7012,0.6992,0.7012,0.6911,0.689,0.6992,0.7033,0.6911,0.6911,0.7012,0.7033,0.689,0.6968
64808,0.7012,0.6992,0.7012,0.6911,0.689,0.6992,0.7033,0.6911,0.6911,0.7012,0.7033,0.689,0.6968
65406,0.7012,0.6992,0.7012,0.6911,0.689,0.6992,0.7033,0.6911,0.6911,0.7012,0.7033,0.689,0.6968
65407,0.7012,0.6992,0.7012,0.6911,0.689,0.6992,0.7033,0.6911,0.6911,0.7012,0.7033,0.689,0.6968
65408,0.7012,0.6992,0.7012,0.6911,0.689,0.6992,0.7033,0.6911,0.6911,0.7012,0.7033,0.689,0.6968
66006,0.7012,0.6992,0.7012,0.6911,0.689,0.6992,0.7033,0.6911,0.6911,0.7012,0.7033,0.689,0.6968
66007,0.7012,0.6992,0.7012,0.6911,0.689,0.6992,0.7033,0.6911,0.6911,0.7012,0.7033,0.689,0.6968
66008,0.7012,0.6992,0.7012,0.6911,0.6911,0.6992,0.7033,0.6911,0.6911,0.7012,0.7033,0.6911,0.697
66606,0.7012,0.6992,0.7012,0.6911,0.6911,0.6992,0.7033,0.6911,0.6911,0.7012,0.7033,0.6911,0.697
66607,0.7012,0.6992,0.7012,0.6911,0.6911,0.6992,0.7033,0.6911,0.6911,0.7012,0.7033,0.6911,0.697
66608,0.7012,0.6992,0.7012,0.6911,0.6911,0.6992,0.7033,0.6911,0.6911,0.7012,0.7033,0.6911,0.697
67206,0.7012,0.6992,0.7012,0.6911,0.6911,0.6992,0.7033,0.6911,0.6911,0.7012,0.7033,0.6911,0.697
67207,0.7012,0.6992,0.7012,0.6911,0.6911,0.6992,0.7033,0.6911,0.6911,0.7012,0.7033,0.6911,0.697
67208,0.7012,0.6992,0.7012,0.6911,0.6911,0.6992,0.7033,0.6911,0.6911,0.7012,0.7033,0.6911,0.697
67806,0.7012,0.6992,0.7012,0.6911,0.6911,0.6992,0.7033,0.6911,0.6911,0.7012,0.7033,0.6911,0.697
67807,0.7012,0.6992,0.7012,0.6911,0.6911,0.6992,0.7033,0.6911,0.6911,0.7012,0.7033,0.6911,0.697
67808,0.7012,0.6992,0.7012,0.6911,0.6911,0.6992,0.7033,0.6911,0.6911,0.7012,0.7033,0.6911,0.697
68406,0.7012,0.6992,0.7012,0.6911,0.6911,0.6992,0.7033,0.6911,0.6911,0.7012,0.7033,0.6911,0.697
68407,0.7012,0.6992,0.7012,0.6911,0.6911,0.6992,0.7033,0.6911,0.6911,0.7012,0.7033,0.6911,0.697
68408,0.7012,0.6992,0.7012,0.6911,0.6911,0.6992,0.7033,0.6911,0.6911,0.7012,0.7033,0.6911,0.697
69006,0.7012,0.6992,0.7012,0.6911,0.6911,0.6992,0.7033,0.6911,0.6911,0.7012,0.7033,0.6911,0.697
69007,0.7012,0.6992,0.7012,0.6911,0.6911,0.6992,0.7033,0.6911,0.6911,0.7012,0.7033,0.6911,0.697
69008,0.7012,0.6992,0.7012,0.6911,0.6911,0.6992,0.7033,0.6911,0.6911,0.7012,0.7033,0.6911,0.697
69606,0.7012,0.6992,0.7012,0.6911,0.6911,0.6992,0.7033,0.6911,0.6911,0.7012,0.7033,0.6911,0.697
69607,0.7012,0.6992,0.7012,0.6911,0.6911,0.6992,0.7033,0.6911,0.6911,0.7012,0.7033,0.6911,0.697
69608,0.7012,0.6992,0.7012,0.6911,0.6911,0.6992,0.7033,0.6911,0.6911,0.7012,0.7033,0.6911,0.697
70206,0.7012,0.6992,0.7012,0.6911,0.6911,0.6992,0.7033,0.6911,0.6911,0.7012,0.7033,0.6911,0.697
70207,0.7012,0.6992,0.7012,0.6911,0.6911,0.6992,0.7033,0.6911,0.6911,0.7012,0.7033,0.6911,0.697
70208,0.7012,0.6992,0.7012,0.6911,0.6911,0.6992,0.7033,0.6911,0.6911,0.7012,0.7033,0.6911,0.697
70806,0.7012,0.6992,0.7012,0.6911,0.6911,0.6992,0.7033,0.6911,0.6911,0.7012,0.7033,0.6911,0.697
70807,0.7012,0.6992,0.7012,0.6911,0.6911,0.6992,0.7033,0.6911,0.6911,0.7012,0.7033,0.6911,0.697
70808,0.7012,0.6992,0.7012,0.6911,0.6911,0.6992,0.7033,0.6911,0.6911,0.7012,0.7033,0.6911,0.697
71406,0.7012,0.6992,0.7012,0.6911,0.6911,0.6992,0.7033,0.6911,0.6911,0.7012,0.7033,0.6911,0.697
71407,0.7012,0.6992,0.7012,0.6911,0.6911,0.6992,0.7033,0.6911,0.6911,0.7012,0.7033,0.6911,0.697
71408,0.7012,0.6992,0.7012,0.6911,0.6911,0.6992,0.7033,0.6911,0.6911,0.7012,0.7033,0.6911,0.697
72006,0.7012,0.6992,0.7012,0.6911,0.6911,0.6992,0.7033,0.6911,0.6911,0.7012,0.7033,0.6911,0.697
72007,0.7012,0.6992,0.7012,0.6911,0.6911,0.6992,0.7033,0.6911,0.6911,0.7012,0.7033,0.6911,0.697
72008,0.7012,0.6992,0.7012,0.6911,0.6911,0.6992,0.7033,0.6911,0.6911,0.7012,0.7033,0.6911,0.697
72606,0.7012,0.6992,0.7012,0.6911,0.6911,0.6992,0.7033,0.6911,0.6911,0.7012,0.7033,0.6911,0.697
72607,0.7012,0.6992,0.7012,0.6911,0.6911,0.6992,0.7033,0.6911,0.6911,0.7012,0.7033,0.6911,0.697
72608,0.7012,0.6992,0.7012,0.6911,0.6911,0.6992,0.7033,0.6911,0.6911,0.7012,0.7033,0.6911,0.697
73206,0.7012,0.6992,0.7012,0.6911,0.6911,0.6992,0.7033,0.6911,0.6911,0.7012,0.7033,0.6911,0.697
73207,0.7012,0.6992,0.7012,0.6911,0.6911,0.6992,0.7033,0.6911,0.6911,0.7012,0.7033,0.6911,0.697
73208,0.7012,0.6992,0.7012,0.6911,0.6911,0.6992,0.7033,0.6911,0.6911,0.7012,0.7033,0.6911,0.697
73806,0.7012,0.6992,0.7012,0.6911,0.6911,0.6992,0.7033,0.6911,0.6911,0.7012,0.7033,0.6911,0.697
73807,0.7012,0.6992,0.7012,0.6911,0.6911,0.6992,0.7033,0.6911,0.6911,0.7012,0.7033,0.6911,0.697
73808,0.7012,0.6992,0.7012,0.6911,0.6911,0.6992,0.7033,0.6911,0.6911,0.7012,0.7033,0.6911,0.697
74406,0.7012,0.6992,0.7012,0.6911,0.6911,0.6992,0.7033,0.6911,0.6911,0.7012,0.7033,0.6911,0.697
74407,0.7012,0.6992,0.7012,0.6911,0.6911,0.6992,0.7033,0.6911,0.6911,0.7012,0.7033,0.6911,0.697
74408,0.7012,0.6992,0.7012,0.6911,0.6911,0.6992,0.7033,0.6911,0.6911,0.7012,0.7033,0.6911,0.697
75006,0.7012,0.6992,0.7012,0.6911,0.6911,0.6992,0.7033,0.6911,0.6911,0.7012,0.7033,0.6911,0.697
75007,0.7012,0.6992,0.7012,0.6911,0.6911,0.6992,0.7033,0.6911,0.6911,0.7012,0.7033,0.6911,0.697
75008,0.7012,0.6992,0.7012,0.6911,0.6911,0.6992,0.7033,0.6911,0.6911,0.7012,0.7033,0.6911,0.697
75606,0.7012,0.6992,0.7012,0.6911,0.6911,0.6992,0.7033,0.6911,0.6911,0.7012,0.7033,0.6911,0.697
75607,0.7012,0.6992,0.7012,0.6911,0.6911,0.6992,0.7033,0.6911,0.6911,0.7033,0.7033,0.6911,0.6972
75608,0.7012,0.6992,0.7012,0.6911,0.6911,0.6992,0.7033,0.6911,0.6911,0.7033,0.7033,0.6911,0.6972
76206,0.7012,0.6992,0.7012,0.6911,0.6911,0.6992,0.7033,0.6911,0.6911,0.7033,0.7033,0.6911,0.6972
76207,0.7012,0.6992,0.7012,0.6911,0.6911,0.6992,0.7033,0.6911,0.6911,0.7033,0.7033,0.6911,0.6972
76208,0.7012,0.6992,0.7012,0.6911,0.6911,0.6992,0.7033,0.6911,0.6911,0.7033,0.7033,0.6911,0.6972
76806,0.7012,0.6992,0.7012,0.6911,0.6911,0.6992,0.7033,0.6911,0.6911,0.7033,0.7033,0.6911,0.6972
76807,0.7012,0.6992,0.7012,0.6911,0.6911,0.6992,0.7033,0.6911,0.6911,0.7033,0.7033,0.6911,0.6972
76808,0.7012,0.6992,0.7012,0.6911,0.6911,0.6992,0.7033,0.6911,0.6911,0.7033,0.7033,0.6911,0.6972
77406,0.7012,0.6992,0.7012,0.6911,0.6911,0.6992,0.7033,0.6911,0.6911,0.7033,0.7033,0.6911,0.6972
77407,0.7012,0.6992,0.7012,0.6911,0.6911,0.6992,0.7033,0.6911,0.6911,0.7033,0.7033,0.6911,0.6972
77408,0.7012,0.6992,0.7012,0.6911,0.6911,0.6992,0.7033,0.6911,0.6911,0.7033,0.7033,0.6911,0.6972
78006,0.7012,0.6992,0.7012,0.6911,0.6911,0.6992,0.7033,0.6911,0.6911,0.7033,0.7033,0.6911,0.6972
78007,0.7012,0.6992,0.7012,0.6911,0.6911,0.6992,0.7033,0.6911,0.6911,0.7033,0.7033,0.6911,0.6972
78008,0.7012,0.6992,0.7012,0.6911,0.6911,0.6992,0.7033,0.6911,0.6911,0.7033,0.7033,0.6911,0.6972
78606,0.7012,0.6992,0.7012,0.6911,0.6911,0.6992,0.7033,0.6911,0.6911,0.7033,0.7033,0.6911,0.6972
78607,0.7012,0.6992,0.7012,0.6911,0.6911,0.6992,0.7033,0.6911,0.6911,0.7033,0.7033,0.6911,0.6972
78608,0.7012,0.6992,0.7012,0.6911,0.6911,0.6992,0.7033,0.6911,0.6911,0.7033,0.7033,0.6911,0.6972
79206,0.7012,0.6992,0.7012,0.6911,0.6911,0.6992,0.7033,0.6911,0.6911,0.7033,0.7033,0.6911,0.6972
79207,0.7012,0.6992,0.7012,0.6911,0.6911,0.6992,0.7033,0.6911,0.6911,0.7033,0.7033,0.6911,0.6972
79208,0.7012,0.6992,0.7012,0.6911,0.6911,0.6992,0.7033,0.6911,0.6911,0.7033,0.7033,0.6911,0.6972
79806,0.7012,0.6992,0.7012,0.6911,0.6911,0.6992,0.7033,0.6911,0.6911,0.7033,0.7033,0.6911,0.6972
79807,0.7012,0.6992,0.7012,0.6911,0.6911,0.6992,0.7033,0.6911,0.6911,0.7033,0.7033,0.6911,0.6972
79808,0.7012,0.6992,0.7012,0.6911,0.6911,0.6992,0.7033,0.6911,0.6911,0.7033,0.7033,0.6911,0.6972
80406,0.7012,0.6992,0.7012,0.6911,0.6911,0.6992,0.7033,0.6911,0.6911,0.7033,0.7033,0.6911,0.6972
80407,0.7012,0.6992,0.7012,0.6911,0.6911,0.6992,0.7033,0.6911,0.6911,0.7033,0.7033,0.6911,0.6972
80408,0.7012,0.6992,0.7012,0.6911,0.6911,0.6992,0.7033,0.6911,0.6911,0.7033,0.7033,0.6911,0.6972
81006,0.7012,0.6992,0.7012,0.6911,0.6911,0.6992,0.7033,0.6911,0.6911,0.7033,0.7033,0.6911,0.6972
81007,0.7012,0.6992,0.7012,0.6911,0.6911,0.6992,0.7033,0.6911,0.6911,0.7033,0.7033,0.6911,0.6972
81008,0.7012,0.6992,0.7012,0.6911,0.6911,0.6992,0.7033,0.6911,0.6911,0.7033,0.7033,0.6911,0.6972
81606,0.7012,0.6992,0.7012,0.6911,0.6911,0.6992,0.7033,0.6911,0.6911,0.7033,0.7033,0.6911,0.6972
81607,0.7012,0.6992,0.7012,0.6911,0.6911,0.6992,0.7033,0.6911,0.6911,0.7033,0.7033,0.6911,0.6972
81608,0.7012,0.6992,0.7012,0.6911,0.6911,0.6992,0.7033,0.6911,0.6911,0.7033,0.7033,0.6911,0.6972
82206,0.7012,0.6992,0.7012,0.6911,0.6911,0.6992,0.7033,0.6911,0.6911,0.7033,0.7033,0.6911,0.6972
82207,0.7012,0.6992,0.7012,0.6911,0.6911,0.6992,0.7033,0.6911,0.6911,0.7033,0.7033,0.6911,0.6972
82208,0.7012,0.6992,0.7012,0.6911,0.6911,0.6992,0.7033,0.6911,0.6911,0.7033,0.7033,0.6911,0.6972
82806,0.7012,0.6992,0.7012,0.6911,0.6911,0.6992,0.7033,0.6911,0.6911,0.7033,0.7033,0.6911,0.6972
82807,0.7012,0.6992,0.7012,0.6911,0.6911,0.6992,0.7033,0.6911,0.6911,0.7033,0.7033,0.6911,0.6972
82808,0.7012,0.6992,0.7012,0.6911,0.6911,0.6992,0.7033,0.6911,0.6911,0.7033,0.7033,0.6911,0.6972
83407,0.7012,0.6992,0.7012,0.6911,0.6911,0.6992,0.7033,0.6911,0.6911,0.7033,0.7033,0.6911,0.6972
83408,0.7012,0.6992,0.7012,0.6911,0.6911,0.6992,0.7033,0.6911,0.6911,0.7033,0.7033,0.6911,0.6972
84007,0.7012,0.6992,0.7012,0.6911,0.6911,0.6992,0.7033,0.6911,0.6911,0.7033,0.7033,0.6911,0.6972
84008,0.7012,0.6992,0.7012,0.6911,0.6911,0.6992,0.7033,0.6911,0.6911,0.7033,0.7033,0.6911,0.6972
84607,0.7012,0.6992,0.7012,0.6911,0.6911,0.6992,0.7033,0.6911,0.6911,0.7033,0.7033,0.6911,0.6972
84608,0.7012,0.6992,0.7012,0.6911,0.6911,0.6992,0.7033,0.6911,0.6911,0.7033,0.7033,0.6911,0.6972
85207,0.7012,0.6992,0.7012,0.6911,0.6911,0.6992,0.7033,0.6911,0.6911,0.7033,0.7033,0.6911,0.6972
85208,0.7012,0.6992,0.7012,0.6911,0.6911,0.6992,0.7033,0.6911,0.6911,0.7033,0.7033,0.6911,0.6972
85807,0.7012,0.6992,0.7012,0.6911,0.6911,0.6992,0.7033,0.6911,0.6911,0.7033,0.7033,0.6911,0.6972
85808,0.7012,0.6992,0.7012,0.6911,0.6911,0.6992,0.7033,0.6911,0.6911,0.7033,0.7033,0.6911,0.6972
85809,0.7012,0.6992,0.7012,0.6911,0.6911,0.6992,0.7033,0.6911,0.6911,0.7033,0.7033,0.6911,0.6972
