timestamp,cs4231a1,cs4231a3,cs4231a4,cs4231a5,cs4231a0,cs4231a8,cs4231a6,cs4231a7,cs4231a2,cs4231a9,max,min,avg
0,0.0072,0.0072,0.0072,0.0072,0.0072,0.0072,0.0072,0.0072,0.0072,0.0072,0.0072,0.0072,0.0072
3,0.1304,0.1304,0.1304,0.0072,0.1304,0.0072,0.0072,0.0072,0.1304,0.0072,0.1304,0.0072,0.0688
4,0.4565,0.6232,0.1304,0.1304,0.4203,0.1304,0.1304,0.1304,0.6087,0.1304,0.6232,0.1304,0.2891
5,0.6594,0.6522,0.3406,0.5725,0.4638,0.3623,0.6594,0.3261,0.6667,0.413,0.6667,0.3261,0.5116
6,0.6667,0.6739,0.6594,0.6739,0.4783,0.442,0.7754,0.4928,0.6884,0.5,0.7754,0.442,0.6051
7,0.6667,0.7029,0.7826,0.7609,0.6884,0.529,0.8188,0.6232,0.7029,0.5,0.8188,0.5,0.6775
8,0.6739,0.7536,0.8261,0.8261,0.7029,0.5507,0.8333,0.6594,0.7029,0.5362,0.8333,0.5362,0.7065
9,0.6812,0.7536,0.8333,0.8333,0.7391,0.6594,0.8406,0.7391,0.7609,0.6957,0.8406,0.6594,0.7536
10,0.6957,0.8333,0.8478,0.8406,0.7391,0.6812,0.8406,0.7464,0.7609,0.7319,0.8478,0.6812,0.7718
11,0.7246,0.9058,0.8623,0.8406,0.7391,0.6812,0.8478,0.7536,0.7754,0.7681,0.9058,0.6812,0.7899
12,0.7246,0.9058,0.8623,0.8406,0.7391,0.6884,0.8478,0.7971,0.7826,0.8406,0.9058,0.6884,0.8029
13,0.7246,0.9058,0.8696,0.8478,0.8261,0.7681,0.8478,0.8116,0.7826,0.8768,0.9058,0.7246,0.8261
14,0.7609,0.9058,0.8986,0.8768,0.8261,0.7681,0.8478,0.8261,0.7899,0.8841,0.9058,0.7609,0.8384
15,0.7609,0.9058,0.8986,0.8841,0.8406,0.7681,0.8768,0.8623,0.7971,0.8841,0.9058,0.7609,0.8478
16,0.7609,0.9058,0.8986,0.8841,0.8406,0.7681,0.8913,0.8623,0.8188,0.8841,0.9058,0.7609,0.8515
17,0.7609,0.9058,0.9058,0.8913,0.8406,0.8406,0.8913,0.8623,0.8333,0.8841,0.9058,0.7609,0.8616
18,0.7681,0.9058,0.913,0.8986,0.8406,0.8478,0.913,0.8623,0.8406,0.8841,0.913,0.7681,0.8674
19,0.7681,0.9058,0.913,0.8986,0.8406,0.8478,0.913,0.8913,0.8841,0.8841,0.913,0.7681,0.8746
20,0.7681,0.9058,0.913,0.8986,0.8623,0.8551,0.913,0.8913,0.8841,0.8841,0.913,0.7681,0.8775
21,0.7681,0.9058,0.9203,0.8986,0.8623,0.8768,0.913,0.8913,0.8841,0.8913,0.9203,0.7681,0.8812
22,0.7681,0.9058,0.9203,0.8986,0.8841,0.8986,0.9203,0.8913,0.8841,0.8913,0.9203,0.7681,0.8863
23,0.7681,0.9058,0.9275,0.8986,0.8841,0.8986,0.9203,0.8913,0.8841,0.8913,0.9275,0.7681,0.887
24,0.7754,0.9058,0.9275,0.8986,0.8841,0.8986,0.9203,0.8913,0.8841,0.8913,0.9275,0.7754,0.8877
25,0.7754,0.9058,0.9275,0.9058,0.8841,0.8986,0.9203,0.8913,0.8913,0.8913,0.9275,0.7754,0.8891
26,0.7754,0.9058,0.9275,0.9058,0.8841,0.8986,0.9203,0.8913,0.8986,0.8986,0.9275,0.7754,0.8906
27,0.7754,0.9058,0.9275,0.9058,0.8841,0.8986,0.9203,0.8913,0.8986,0.8986,0.9275,0.7754,0.8906
28,0.7754,0.9058,0.9275,0.9058,0.8913,0.8986,0.9203,0.8986,0.9058,0.8986,0.9275,0.7754,0.8928
29,0.7754,0.9058,0.9275,0.9058,0.8913,0.8986,0.9203,0.8986,0.9058,0.8986,0.9275,0.7754,0.8928
30,0.7971,0.9058,0.9275,0.9058,0.8913,0.8986,0.9275,0.8986,0.9058,0.9058,0.9275,0.7971,0.8964
31,0.7971,0.9058,0.9275,0.9058,0.8913,0.913,0.9275,0.9058,0.913,0.9058,0.9275,0.7971,0.8993
32,0.7971,0.9058,0.9275,0.9058,0.8913,0.913,0.9275,0.9058,0.913,0.9058,0.9275,0.7971,0.8993
33,0.7971,0.9058,0.9275,0.9058,0.8913,0.913,0.9275,0.9058,0.913,0.9058,0.9275,0.7971,0.8993
34,0.7971,0.9058,0.9275,0.9058,0.8913,0.913,0.9275,0.9058,0.913,0.9058,0.9275,0.7971,0.8993
35,0.7971,0.9058,0.9275,0.9058,0.8913,0.913,0.9275,0.9058,0.913,0.9058,0.9275,0.7971,0.8993
36,0.7971,0.9058,0.9275,0.9058,0.8913,0.913,0.9275,0.9058,0.913,0.9058,0.9275,0.7971,0.8993
37,0.8333,0.9058,0.9275,0.913,0.8913,0.9203,0.9275,0.9058,0.913,0.9058,0.9275,0.8333,0.9043
38,0.8696,0.9058,0.9275,0.913,0.8913,0.9203,0.9275,0.9058,0.913,0.9058,0.9275,0.8696,0.908
39,0.8696,0.9058,0.9275,0.913,0.8913,0.9203,0.9275,0.913,0.913,0.9058,0.9275,0.8696,0.9087
40,0.8768,0.9058,0.9275,0.913,0.8913,0.9203,0.9275,0.913,0.913,0.9058,0.9275,0.8768,0.9094
41,0.8768,0.9058,0.9275,0.913,0.8913,0.9203,0.9275,0.913,0.913,0.9058,0.9275,0.8768,0.9094
42,0.8841,0.9058,0.9275,0.913,0.8913,0.9203,0.9275,0.913,0.913,0.9058,0.9275,0.8841,0.9101
43,0.8841,0.9058,0.9275,0.913,0.8913,0.9203,0.9275,0.9203,0.913,0.9058,0.9275,0.8841,0.9109
44,0.8913,0.9058,0.9275,0.913,0.8913,0.9203,0.9275,0.9203,0.913,0.9058,0.9275,0.8913,0.9116
45,0.8986,0.9058,0.9275,0.913,0.8913,0.9203,0.9275,0.9203,0.913,0.9058,0.9275,0.8913,0.9123
46,0.8986,0.9058,0.9275,0.913,0.8913,0.9203,0.9275,0.9203,0.913,0.9058,0.9275,0.8913,0.9123
47,0.8986,0.9058,0.9275,0.913,0.8913,0.9203,0.9275,0.9275,0.913,0.9058,0.9275,0.8913,0.913
48,0.8986,0.9058,0.9275,0.913,0.8913,0.9203,0.9275,0.9275,0.913,0.9058,0.9275,0.8913,0.913
49,0.8986,0.9058,0.9275,0.913,0.8913,0.9203,0.9275,0.9275,0.913,0.9058,0.9275,0.8913,0.913
50,0.8986,0.9058,0.9275,0.913,0.8986,0.9203,0.9275,0.9275,0.913,0.9058,0.9275,0.8986,0.9138
51,0.8986,0.9058,0.9275,0.9275,0.8986,0.9203,0.9275,0.9275,0.913,0.9058,0.9275,0.8986,0.9152
52,0.8986,0.9058,0.9275,0.9275,0.8986,0.9203,0.9275,0.9275,0.913,0.9058,0.9275,0.8986,0.9152
53,0.8986,0.9058,0.9275,0.9275,0.8986,0.9203,0.9275,0.9275,0.913,0.9058,0.9275,0.8986,0.9152
54,0.8986,0.9058,0.9275,0.9275,0.8986,0.9203,0.9275,0.9275,0.913,0.9058,0.9275,0.8986,0.9152
55,0.8986,0.9058,0.9275,0.9275,0.8986,0.9203,0.9275,0.9275,0.913,0.9058,0.9275,0.8986,0.9152
56,0.8986,0.9058,0.9275,0.9275,0.8986,0.9203,0.9275,0.9275,0.913,0.9058,0.9275,0.8986,0.9152
57,0.9058,0.9058,0.9275,0.9275,0.9058,0.9203,0.9275,0.9275,0.9203,0.9058,0.9275,0.9058,0.9174
58,0.9058,0.9058,0.9275,0.9275,0.9058,0.9203,0.9275,0.9275,0.9203,0.9058,0.9275,0.9058,0.9174
59,0.9058,0.9058,0.9275,0.9275,0.9058,0.9203,0.9275,0.9275,0.9203,0.9058,0.9275,0.9058,0.9174
60,0.9058,0.9058,0.9275,0.9275,0.9058,0.9203,0.9275,0.9275,0.9203,0.9058,0.9275,0.9058,0.9174
61,0.9058,0.9058,0.9275,0.9275,0.9058,0.9203,0.9275,0.9275,0.9203,0.9058,0.9275,0.9058,0.9174
62,0.9058,0.9058,0.9275,0.9275,0.9203,0.9203,0.9275,0.9275,0.9203,0.9058,0.9275,0.9058,0.9188
63,0.9058,0.9058,0.9275,0.9275,0.9203,0.9203,0.9275,0.9275,0.9203,0.9058,0.9275,0.9058,0.9188
64,0.9058,0.9058,0.9275,0.9275,0.9203,0.9203,0.9275,0.9275,0.9203,0.9058,0.9275,0.9058,0.9188
65,0.9058,0.9058,0.9275,0.9275,0.9275,0.9203,0.9275,0.9275,0.9203,0.9058,0.9275,0.9058,0.9195
66,0.9058,0.9058,0.9275,0.9275,0.9275,0.9203,0.9275,0.9275,0.9203,0.9058,0.9275,0.9058,0.9195
67,0.9058,0.9058,0.9275,0.9275,0.9275,0.9203,0.9275,0.9275,0.9203,0.9058,0.9275,0.9058,0.9195
68,0.9058,0.9058,0.9275,0.9275,0.9275,0.9203,0.9275,0.9275,0.9203,0.9058,0.9275,0.9058,0.9195
69,0.9058,0.9058,0.9275,0.9275,0.9275,0.9203,0.9275,0.9275,0.9203,0.9058,0.9275,0.9058,0.9195
70,0.9058,0.9058,0.9275,0.9275,0.9275,0.9203,0.9275,0.9275,0.9203,0.9058,0.9275,0.9058,0.9195
71,0.9058,0.9058,0.9275,0.9275,0.9275,0.9203,0.9275,0.9275,0.9203,0.9058,0.9275,0.9058,0.9195
72,0.9058,0.9058,0.9275,0.9275,0.9275,0.9203,0.9275,0.9275,0.9203,0.913,0.9275,0.9058,0.9203
73,0.9058,0.9058,0.9275,0.9275,0.9275,0.9203,0.9275,0.9275,0.9203,0.913,0.9275,0.9058,0.9203
74,0.9058,0.9058,0.9275,0.9275,0.9275,0.9203,0.9275,0.9275,0.9203,0.913,0.9275,0.9058,0.9203
75,0.9058,0.9058,0.9275,0.9275,0.9275,0.9203,0.9275,0.9275,0.9203,0.913,0.9275,0.9058,0.9203
76,0.9058,0.9058,0.9275,0.9275,0.9275,0.9203,0.9275,0.9275,0.9203,0.913,0.9275,0.9058,0.9203
77,0.9058,0.9058,0.9275,0.9275,0.9275,0.9203,0.9275,0.9275,0.9203,0.913,0.9275,0.9058,0.9203
78,0.9058,0.9058,0.9275,0.9275,0.9275,0.9203,0.9275,0.9275,0.9203,0.913,0.9275,0.9058,0.9203
79,0.9058,0.9058,0.9275,0.9275,0.9275,0.9203,0.9275,0.9275,0.9203,0.913,0.9275,0.9058,0.9203
80,0.9058,0.9058,0.9275,0.9275,0.9275,0.9203,0.9275,0.9275,0.9275,0.913,0.9275,0.9058,0.921
81,0.9058,0.9058,0.9275,0.9275,0.9275,0.9203,0.9275,0.9275,0.9275,0.913,0.9275,0.9058,0.921
82,0.9058,0.9058,0.9275,0.9275,0.9275,0.9203,0.9275,0.9275,0.9275,0.913,0.9275,0.9058,0.921
83,0.9058,0.9058,0.9275,0.9275,0.9275,0.9203,0.9275,0.9275,0.9275,0.913,0.9275,0.9058,0.921
84,0.9058,0.9058,0.9275,0.9275,0.9275,0.9203,0.9275,0.9275,0.9275,0.913,0.9275,0.9058,0.921
85,0.9058,0.9058,0.9275,0.9275,0.9275,0.9203,0.9275,0.9275,0.9275,0.913,0.9275,0.9058,0.921
86,0.9058,0.9058,0.9275,0.9275,0.9275,0.9203,0.9275,0.9275,0.9275,0.913,0.9275,0.9058,0.921
87,0.9058,0.9058,0.9275,0.9275,0.9275,0.9203,0.9275,0.9275,0.9275,0.913,0.9275,0.9058,0.921
88,0.9058,0.9058,0.9275,0.9275,0.9275,0.9203,0.9275,0.9275,0.9275,0.913,0.9275,0.9058,0.921
89,0.9058,0.9058,0.9275,0.9275,0.9275,0.9203,0.9275,0.9275,0.9275,0.913,0.9275,0.9058,0.921
90,0.9058,0.9203,0.9275,0.9275,0.9275,0.9203,0.9275,0.9275,0.9275,0.913,0.9275,0.9058,0.9224
91,0.9058,0.9203,0.9275,0.9275,0.9275,0.9203,0.9275,0.9275,0.9275,0.913,0.9275,0.9058,0.9224
92,0.9058,0.9203,0.9275,0.9275,0.9275,0.9203,0.9275,0.9275,0.9275,0.913,0.9275,0.9058,0.9224
93,0.9058,0.9203,0.9275,0.9275,0.9275,0.9203,0.9275,0.9275,0.9275,0.913,0.9275,0.9058,0.9224
94,0.9058,0.9203,0.9275,0.9275,0.9275,0.9203,0.9275,0.9275,0.9275,0.913,0.9275,0.9058,0.9224
95,0.9058,0.9203,0.9275,0.9275,0.9275,0.9203,0.9275,0.9275,0.9275,0.913,0.9275,0.9058,0.9224
96,0.9058,0.9203,0.9275,0.9275,0.9275,0.9203,0.9275,0.9275,0.9275,0.913,0.9275,0.9058,0.9224
97,0.9058,0.9203,0.9275,0.9275,0.9275,0.9203,0.9275,0.9275,0.9275,0.913,0.9275,0.9058,0.9224
98,0.9058,0.9203,0.9275,0.9275,0.9275,0.9203,0.9275,0.9275,0.9275,0.913,0.9275,0.9058,0.9224
99,0.9058,0.9203,0.9275,0.9275,0.9275,0.9203,0.9275,0.9275,0.9275,0.913,0.9275,0.9058,0.9224
100,0.9058,0.9203,0.9275,0.9275,0.9275,0.9203,0.9275,0.9275,0.9275,0.913,0.9275,0.9058,0.9224
101,0.9058,0.9203,0.9275,0.9275,0.9275,0.9203,0.9275,0.9275,0.9275,0.913,0.9275,0.9058,0.9224
102,0.9058,0.9203,0.9275,0.9275,0.9275,0.9203,0.9275,0.9275,0.9275,0.913,0.9275,0.9058,0.9224
103,0.9058,0.9203,0.9275,0.9275,0.9275,0.9203,0.9275,0.9275,0.9275,0.913,0.9275,0.9058,0.9224
104,0.9058,0.9203,0.9275,0.9275,0.9275,0.9203,0.9275,0.9275,0.9275,0.913,0.9275,0.9058,0.9224
105,0.9058,0.9203,0.9275,0.9275,0.9275,0.9203,0.9275,0.9275,0.9275,0.913,0.9275,0.9058,0.9224
106,0.9058,0.9203,0.9275,0.9275,0.9275,0.9203,0.9275,0.9275,0.9275,0.913,0.9275,0.9058,0.9224
107,0.9058,0.9203,0.9275,0.9275,0.9275,0.9203,0.9275,0.9275,0.9275,0.913,0.9275,0.9058,0.9224
108,0.9058,0.9203,0.9275,0.9275,0.9275,0.9203,0.9275,0.9275,0.9275,0.913,0.9275,0.9058,0.9224
109,0.9058,0.9203,0.9275,0.9275,0.9275,0.9203,0.9275,0.9275,0.9275,0.913,0.9275,0.9058,0.9224
110,0.9058,0.9203,0.9275,0.9275,0.9275,0.9203,0.9275,0.9275,0.9275,0.913,0.9275,0.9058,0.9224
111,0.9058,0.9203,0.9275,0.9275,0.9275,0.9203,0.9275,0.9275,0.9275,0.913,0.9275,0.9058,0.9224
112,0.9058,0.9203,0.9275,0.9275,0.9275,0.9203,0.9275,0.9275,0.9275,0.913,0.9275,0.9058,0.9224
113,0.9058,0.9203,0.9275,0.9275,0.9275,0.9203,0.9275,0.9275,0.9275,0.913,0.9275,0.9058,0.9224
114,0.9058,0.9203,0.9275,0.9275,0.9275,0.9203,0.9275,0.9275,0.9275,0.913,0.9275,0.9058,0.9224
115,0.9058,0.9203,0.9275,0.9275,0.9275,0.9203,0.9275,0.9275,0.9275,0.913,0.9275,0.9058,0.9224
116,0.9058,0.9203,0.9275,0.9275,0.9275,0.9203,0.9275,0.9275,0.9275,0.913,0.9275,0.9058,0.9224
117,0.9058,0.9203,0.9275,0.9275,0.9275,0.9203,0.9275,0.9275,0.9275,0.913,0.9275,0.9058,0.9224
118,0.9058,0.9203,0.9275,0.9275,0.9275,0.9203,0.9275,0.9275,0.9275,0.913,0.9275,0.9058,0.9224
119,0.9058,0.9203,0.9275,0.9275,0.9275,0.9203,0.9275,0.9275,0.9275,0.913,0.9275,0.9058,0.9224
120,0.9058,0.9203,0.9275,0.9275,0.9275,0.9203,0.9275,0.9275,0.9275,0.913,0.9275,0.9058,0.9224
121,0.9058,0.9203,0.9275,0.9275,0.9275,0.9203,0.9275,0.9275,0.9275,0.913,0.9275,0.9058,0.9224
122,0.9058,0.9203,0.9275,0.9275,0.9275,0.9275,0.9275,0.9275,0.9275,0.913,0.9275,0.9058,0.9232
123,0.9058,0.9203,0.9275,0.9275,0.9275,0.9275,0.9275,0.9275,0.9275,0.913,0.9275,0.9058,0.9232
124,0.9058,0.9203,0.9275,0.9275,0.9275,0.9275,0.9275,0.9275,0.9275,0.913,0.9275,0.9058,0.9232
125,0.9058,0.9203,0.9275,0.9275,0.9275,0.9275,0.9275,0.9275,0.9275,0.913,0.9275,0.9058,0.9232
126,0.9058,0.9203,0.9275,0.9275,0.9275,0.9275,0.9275,0.9275,0.9275,0.913,0.9275,0.9058,0.9232
127,0.9058,0.9203,0.9275,0.9275,0.9275,0.9275,0.9275,0.9275,0.9275,0.913,0.9275,0.9058,0.9232
128,0.9058,0.9203,0.9275,0.9275,0.9275,0.9275,0.9275,0.9275,0.9275,0.913,0.9275,0.9058,0.9232
129,0.9058,0.9203,0.9275,0.9275,0.9275,0.9275,0.9275,0.9275,0.9275,0.913,0.9275,0.9058,0.9232
130,0.9058,0.9203,0.9275,0.9275,0.9275,0.9275,0.9275,0.9275,0.9275,0.913,0.9275,0.9058,0.9232
131,0.9058,0.9203,0.9275,0.9275,0.9275,0.9275,0.9275,0.9275,0.9275,0.913,0.9275,0.9058,0.9232
132,0.9058,0.9203,0.9275,0.9275,0.9275,0.9275,0.9275,0.9275,0.9275,0.913,0.9275,0.9058,0.9232
133,0.9058,0.9203,0.9275,0.9275,0.9275,0.9275,0.9275,0.9275,0.9275,0.913,0.9275,0.9058,0.9232
134,0.9058,0.9203,0.9275,0.9275,0.9275,0.9275,0.9275,0.9275,0.9275,0.913,0.9275,0.9058,0.9232
135,0.9058,0.9203,0.9275,0.9275,0.9275,0.9275,0.9275,0.9275,0.9275,0.913,0.9275,0.9058,0.9232
136,0.9058,0.9203,0.9275,0.9275,0.9275,0.9275,0.9275,0.9275,0.9275,0.913,0.9275,0.9058,0.9232
137,0.9058,0.9203,0.9275,0.9275,0.9275,0.9275,0.9275,0.9275,0.9275,0.913,0.9275,0.9058,0.9232
138,0.9058,0.9203,0.9275,0.9275,0.9275,0.9275,0.9275,0.9275,0.9275,0.913,0.9275,0.9058,0.9232
139,0.9058,0.9203,0.9275,0.9275,0.9275,0.9275,0.9275,0.9275,0.9275,0.913,0.9275,0.9058,0.9232
140,0.9058,0.9203,0.9275,0.9275,0.9275,0.9275,0.9275,0.9275,0.9275,0.913,0.9275,0.9058,0.9232
141,0.9058,0.9203,0.9275,0.9275,0.9275,0.9275,0.9275,0.9275,0.9275,0.913,0.9275,0.9058,0.9232
142,0.9058,0.9203,0.9275,0.9275,0.9275,0.9275,0.9275,0.9275,0.9275,0.913,0.9275,0.9058,0.9232
143,0.9058,0.9203,0.9275,0.9275,0.9275,0.9275,0.9275,0.9275,0.9275,0.913,0.9275,0.9058,0.9232
144,0.9058,0.9203,0.9275,0.9275,0.9275,0.9275,0.9275,0.9275,0.9275,0.913,0.9275,0.9058,0.9232
145,0.9058,0.9203,0.9275,0.9275,0.9275,0.9275,0.9275,0.9275,0.9275,0.913,0.9275,0.9058,0.9232
146,0.9058,0.9203,0.9275,0.9275,0.9275,0.9275,0.9275,0.9275,0.9275,0.913,0.9275,0.9058,0.9232
147,0.9058,0.9203,0.9275,0.9275,0.9275,0.9275,0.9275,0.9275,0.9275,0.913,0.9275,0.9058,0.9232
148,0.9058,0.9203,0.9275,0.9275,0.9275,0.9275,0.9275,0.9275,0.9275,0.913,0.9275,0.9058,0.9232
149,0.9058,0.9203,0.9275,0.9275,0.9275,0.9275,0.9275,0.9275,0.9275,0.913,0.9275,0.9058,0.9232
150,0.9058,0.9203,0.9275,0.9275,0.9275,0.9275,0.9275,0.9275,0.9275,0.913,0.9275,0.9058,0.9232
151,0.9058,0.9203,0.9275,0.9275,0.9275,0.9275,0.9275,0.9275,0.9275,0.913,0.9275,0.9058,0.9232
152,0.9203,0.9203,0.9275,0.9275,0.9275,0.9275,0.9275,0.9275,0.9275,0.913,0.9275,0.913,0.9246
153,0.9203,0.9203,0.9275,0.9275,0.9275,0.9275,0.9275,0.9275,0.9275,0.913,0.9275,0.913,0.9246
154,0.9203,0.9203,0.9275,0.9275,0.9275,0.9275,0.9275,0.9275,0.9275,0.913,0.9275,0.913,0.9246
155,0.9203,0.9203,0.9275,0.9275,0.9275,0.9275,0.9275,0.9275,0.9275,0.913,0.9275,0.913,0.9246
156,0.9203,0.9203,0.9275,0.9275,0.9275,0.9275,0.9275,0.9275,0.9275,0.913,0.9275,0.913,0.9246
157,0.9203,0.9203,0.9275,0.9275,0.9275,0.9275,0.9275,0.9275,0.9275,0.913,0.9275,0.913,0.9246
158,0.9203,0.9203,0.9275,0.9275,0.9275,0.9275,0.9275,0.9275,0.9275,0.913,0.9275,0.913,0.9246
159,0.9203,0.9203,0.9275,0.9275,0.9275,0.9275,0.9275,0.9275,0.9275,0.913,0.9275,0.913,0.9246
160,0.9203,0.9203,0.9275,0.9275,0.9275,0.9275,0.9275,0.9275,0.9275,0.913,0.9275,0.913,0.9246
161,0.9203,0.9203,0.9275,0.9275,0.9275,0.9275,0.9275,0.9275,0.9275,0.913,0.9275,0.913,0.9246
162,0.9203,0.9203,0.9275,0.9275,0.9275,0.9275,0.9275,0.9275,0.9275,0.913,0.9275,0.913,0.9246
163,0.9203,0.9203,0.9275,0.9275,0.9275,0.9275,0.9275,0.9275,0.9275,0.913,0.9275,0.913,0.9246
164,0.9203,0.9203,0.9275,0.9275,0.9275,0.9275,0.9275,0.9275,0.9275,0.913,0.9275,0.913,0.9246
165,0.9203,0.9203,0.9275,0.9275,0.9275,0.9275,0.9275,0.9275,0.9275,0.913,0.9275,0.913,0.9246
166,0.9203,0.9203,0.9275,0.9275,0.9275,0.9275,0.9275,0.9275,0.9275,0.913,0.9275,0.913,0.9246
167,0.9203,0.9203,0.9275,0.9275,0.9275,0.9275,0.9275,0.9275,0.9275,0.913,0.9275,0.913,0.9246
168,0.9203,0.9203,0.9275,0.9275,0.9275,0.9275,0.9275,0.9275,0.9275,0.913,0.9275,0.913,0.9246
169,0.9203,0.9203,0.9275,0.9275,0.9275,0.9275,0.9275,0.9275,0.9275,0.913,0.9275,0.913,0.9246
170,0.9203,0.9203,0.9275,0.9275,0.9275,0.9275,0.9275,0.9275,0.9275,0.913,0.9275,0.913,0.9246
171,0.9203,0.9203,0.9275,0.9275,0.9275,0.9275,0.9275,0.9275,0.9275,0.913,0.9275,0.913,0.9246
172,0.9203,0.9203,0.9275,0.9275,0.9275,0.9275,0.9275,0.9275,0.9275,0.913,0.9275,0.913,0.9246
173,0.9203,0.9203,0.9275,0.9275,0.9275,0.9275,0.9275,0.9275,0.9275,0.913,0.9275,0.913,0.9246
174,0.9203,0.9203,0.9275,0.9275,0.9275,0.9275,0.9275,0.9275,0.9275,0.913,0.9275,0.913,0.9246
175,0.9203,0.9203,0.9275,0.9275,0.9275,0.9275,0.9275,0.9275,0.9275,0.913,0.9275,0.913,0.9246
176,0.9203,0.9203,0.9275,0.9275,0.9275,0.9275,0.9275,0.9275,0.9275,0.913,0.9275,0.913,0.9246
177,0.9203,0.9203,0.9275,0.9275,0.9275,0.9275,0.9275,0.9275,0.9275,0.913,0.9275,0.913,0.9246
178,0.9203,0.9203,0.9275,0.9275,0.9275,0.9275,0.9275,0.9275,0.9275,0.913,0.9275,0.913,0.9246
179,0.9203,0.9203,0.9275,0.9275,0.9275,0.9275,0.9275,0.9275,0.9275,0.913,0.9275,0.913,0.9246
180,0.9203,0.9203,0.9275,0.9275,0.9275,0.9275,0.9275,0.9275,0.9275,0.913,0.9275,0.913,0.9246
181,0.9203,0.9203,0.9275,0.9275,0.9275,0.9275,0.9275,0.9275,0.9275,0.913,0.9275,0.913,0.9246
182,0.9203,0.9203,0.9275,0.9275,0.9275,0.9275,0.9275,0.9275,0.9275,0.913,0.9275,0.913,0.9246
183,0.9203,0.9203,0.9275,0.9275,0.9275,0.9275,0.9275,0.9275,0.9275,0.913,0.9275,0.913,0.9246
184,0.9203,0.9203,0.9275,0.9275,0.9275,0.9275,0.9275,0.9275,0.9275,0.913,0.9275,0.913,0.9246
185,0.9203,0.9203,0.9275,0.9275,0.9275,0.9275,0.9275,0.9275,0.9275,0.913,0.9275,0.913,0.9246
186,0.9203,0.9203,0.9275,0.9275,0.9275,0.9275,0.9275,0.9275,0.9275,0.913,0.9275,0.913,0.9246
187,0.9203,0.9203,0.9275,0.9275,0.9275,0.9275,0.9275,0.9275,0.9275,0.913,0.9275,0.913,0.9246
188,0.9203,0.9203,0.9275,0.9275,0.9275,0.9275,0.9275,0.9275,0.9275,0.913,0.9275,0.913,0.9246
189,0.9203,0.9203,0.9275,0.9275,0.9275,0.9275,0.9275,0.9275,0.9275,0.913,0.9275,0.913,0.9246
190,0.9203,0.9203,0.9275,0.9275,0.9275,0.9275,0.9275,0.9275,0.9275,0.913,0.9275,0.913,0.9246
191,0.9203,0.9203,0.9275,0.9275,0.9275,0.9275,0.9275,0.9275,0.9275,0.913,0.9275,0.913,0.9246
192,0.9203,0.9203,0.9275,0.9275,0.9275,0.9275,0.9275,0.9275,0.9275,0.913,0.9275,0.913,0.9246
193,0.9203,0.9203,0.9275,0.9275,0.9275,0.9275,0.9275,0.9275,0.9275,0.913,0.9275,0.913,0.9246
194,0.9203,0.9203,0.9275,0.9275,0.9275,0.9275,0.9275,0.9275,0.9275,0.913,0.9275,0.913,0.9246
195,0.9203,0.9203,0.9275,0.9275,0.9275,0.9275,0.9275,0.9275,0.9275,0.913,0.9275,0.913,0.9246
196,0.9203,0.9203,0.9275,0.9275,0.9275,0.9275,0.9275,0.9275,0.9275,0.913,0.9275,0.913,0.9246
197,0.9203,0.9203,0.9275,0.9275,0.9275,0.9275,0.9275,0.9275,0.9275,0.913,0.9275,0.913,0.9246
198,0.9203,0.9203,0.9275,0.9275,0.9275,0.9275,0.9275,0.9275,0.9275,0.913,0.9275,0.913,0.9246
199,0.9203,0.9203,0.9275,0.9275,0.9275,0.9275,0.9275,0.9275,0.9275,0.913,0.9275,0.913,0.9246
200,0.9203,0.9203,0.9275,0.9275,0.9275,0.9275,0.9275,0.9275,0.9275,0.913,0.9275,0.913,0.9246
201,0.9203,0.9203,0.9275,0.9275,0.9275,0.9275,0.9275,0.9275,0.9275,0.913,0.9275,0.913,0.9246
202,0.9203,0.9203,0.9275,0.9275,0.9275,0.9275,0.9275,0.9275,0.9275,0.913,0.9275,0.913,0.9246
203,0.9203,0.9203,0.9275,0.9275,0.9275,0.9275,0.9275,0.9275,0.9275,0.913,0.9275,0.913,0.9246
204,0.9203,0.9203,0.9275,0.9275,0.9275,0.9275,0.9275,0.9275,0.9275,0.913,0.9275,0.913,0.9246
205,0.9203,0.9203,0.9275,0.9275,0.9275,0.9275,0.9275,0.9275,0.9275,0.913,0.9275,0.913,0.9246
206,0.9203,0.9203,0.9275,0.9275,0.9275,0.9275,0.9275,0.9275,0.9275,0.913,0.9275,0.913,0.9246
207,0.9203,0.9203,0.9275,0.9275,0.9275,0.9275,0.9275,0.9275,0.9275,0.913,0.9275,0.913,0.9246
208,0.9203,0.9203,0.9275,0.9275,0.9275,0.9275,0.9275,0.9275,0.9275,0.913,0.9275,0.913,0.9246
209,0.9203,0.9203,0.9275,0.9275,0.9275,0.9275,0.9275,0.9275,0.9275,0.913,0.9275,0.913,0.9246
210,0.9203,0.9203,0.9275,0.9275,0.9275,0.9275,0.9275,0.9275,0.9275,0.913,0.9275,0.913,0.9246
211,0.9203,0.9203,0.9275,0.9275,0.9275,0.9275,0.9275,0.9275,0.9275,0.913,0.9275,0.913,0.9246
212,0.9203,0.9203,0.9275,0.9275,0.9275,0.9275,0.9275,0.9275,0.9275,0.913,0.9275,0.913,0.9246
213,0.9203,0.9203,0.9275,0.9275,0.9275,0.9275,0.9275,0.9275,0.9275,0.913,0.9275,0.913,0.9246
214,0.9203,0.9203,0.9275,0.9275,0.9275,0.9275,0.9275,0.9275,0.9275,0.913,0.9275,0.913,0.9246
215,0.9203,0.9203,0.9275,0.9275,0.9275,0.9275,0.9275,0.9275,0.9275,0.913,0.9275,0.913,0.9246
216,0.9203,0.9203,0.9275,0.9275,0.9275,0.9275,0.9275,0.9275,0.9275,0.913,0.9275,0.913,0.9246
217,0.9203,0.9203,0.9275,0.9275,0.9275,0.9275,0.9275,0.9275,0.9275,0.913,0.9275,0.913,0.9246
218,0.9203,0.9203,0.9275,0.9275,0.9275,0.9275,0.9275,0.9275,0.9275,0.913,0.9275,0.913,0.9246
219,0.9203,0.9203,0.9275,0.9275,0.9275,0.9275,0.9275,0.9275,0.9275,0.913,0.9275,0.913,0.9246
220,0.9203,0.9203,0.9275,0.9275,0.9275,0.9275,0.9275,0.9275,0.9275,0.913,0.9275,0.913,0.9246
221,0.9203,0.9203,0.9275,0.9275,0.9275,0.9275,0.9275,0.9275,0.9275,0.913,0.9275,0.913,0.9246
222,0.9203,0.9203,0.9275,0.9275,0.9275,0.9275,0.9275,0.9275,0.9275,0.913,0.9275,0.913,0.9246
223,0.9203,0.9203,0.9275,0.9275,0.9275,0.9275,0.9275,0.9275,0.9275,0.913,0.9275,0.913,0.9246
224,0.9203,0.9203,0.9275,0.9275,0.9275,0.9275,0.9275,0.9275,0.9275,0.913,0.9275,0.913,0.9246
225,0.9203,0.9203,0.9275,0.9275,0.9275,0.9275,0.9275,0.9275,0.9275,0.913,0.9275,0.913,0.9246
226,0.9203,0.9203,0.9275,0.9275,0.9275,0.9275,0.9275,0.9275,0.9275,0.913,0.9275,0.913,0.9246
227,0.9203,0.9203,0.9275,0.9275,0.9275,0.9275,0.9275,0.9275,0.9275,0.913,0.9275,0.913,0.9246
228,0.9203,0.9203,0.9275,0.9275,0.9275,0.9275,0.9275,0.9275,0.9275,0.913,0.9275,0.913,0.9246
229,0.9203,0.9203,0.9275,0.9275,0.9275,0.9275,0.9275,0.9275,0.9275,0.913,0.9275,0.913,0.9246
230,0.9203,0.9203,0.9275,0.9275,0.9275,0.9275,0.9275,0.9275,0.9275,0.913,0.9275,0.913,0.9246
231,0.9203,0.9203,0.9275,0.9275,0.9275,0.9275,0.9275,0.9275,0.9275,0.913,0.9275,0.913,0.9246
232,0.9203,0.9203,0.9275,0.9275,0.9275,0.9275,0.9275,0.9275,0.9275,0.913,0.9275,0.913,0.9246
233,0.9203,0.9203,0.9275,0.9275,0.9275,0.9275,0.9275,0.9275,0.9275,0.913,0.9275,0.913,0.9246
234,0.9203,0.9203,0.9275,0.9275,0.9275,0.9275,0.9275,0.9275,0.9275,0.913,0.9275,0.913,0.9246
235,0.9203,0.9203,0.9275,0.9275,0.9275,0.9275,0.9275,0.9275,0.9275,0.913,0.9275,0.913,0.9246
236,0.9203,0.9203,0.9275,0.9275,0.9275,0.9275,0.9275,0.9275,0.9275,0.913,0.9275,0.913,0.9246
237,0.9203,0.9203,0.9275,0.9275,0.9275,0.9275,0.9275,0.9275,0.9275,0.913,0.9275,0.913,0.9246
238,0.9203,0.9203,0.9275,0.9275,0.9275,0.9275,0.9275,0.9275,0.9275,0.913,0.9275,0.913,0.9246
239,0.9203,0.9203,0.9275,0.9275,0.9275,0.9275,0.9275,0.9275,0.9275,0.913,0.9275,0.913,0.9246
240,0.9203,0.9203,0.9275,0.9275,0.9275,0.9275,0.9275,0.9275,0.9275,0.913,0.9275,0.913,0.9246
241,0.9203,0.9203,0.9275,0.9275,0.9275,0.9275,0.9275,0.9275,0.9275,0.913,0.9275,0.913,0.9246
242,0.9203,0.9203,0.9275,0.9275,0.9275,0.9275,0.9275,0.9275,0.9275,0.913,0.9275,0.913,0.9246
243,0.9203,0.9203,0.9275,0.9275,0.9275,0.9275,0.9275,0.9275,0.9275,0.913,0.9275,0.913,0.9246
244,0.9203,0.9203,0.9275,0.9275,0.9275,0.9275,0.9275,0.9275,0.9275,0.913,0.9275,0.913,0.9246
245,0.9203,0.9203,0.9275,0.9275,0.9275,0.9275,0.9275,0.9275,0.9275,0.913,0.9275,0.913,0.9246
246,0.9203,0.9203,0.9275,0.9275,0.9275,0.9275,0.9275,0.9275,0.9275,0.913,0.9275,0.913,0.9246
247,0.9203,0.9203,0.9275,0.9275,0.9275,0.9275,0.9275,0.9275,0.9275,0.913,0.9275,0.913,0.9246
248,0.9203,0.9203,0.9275,0.9275,0.9275,0.9275,0.9275,0.9275,0.9275,0.913,0.9275,0.913,0.9246
249,0.9203,0.9203,0.9275,0.9275,0.9275,0.9275,0.9275,0.9275,0.9275,0.913,0.9275,0.913,0.9246
250,0.9203,0.9203,0.9275,0.9275,0.9275,0.9275,0.9275,0.9275,0.9275,0.913,0.9275,0.913,0.9246
251,0.9203,0.9203,0.9275,0.9275,0.9275,0.9275,0.9275,0.9275,0.9275,0.913,0.9275,0.913,0.9246
252,0.9203,0.9203,0.9275,0.9275,0.9275,0.9275,0.9275,0.9275,0.9275,0.913,0.9275,0.913,0.9246
253,0.9203,0.9203,0.9275,0.9275,0.9275,0.9275,0.9275,0.9275,0.9275,0.913,0.9275,0.913,0.9246
254,0.9203,0.9203,0.9275,0.9275,0.9275,0.9275,0.9275,0.9275,0.9275,0.913,0.9275,0.913,0.9246
255,0.9203,0.9203,0.9275,0.9275,0.9275,0.9275,0.9275,0.9275,0.9275,0.913,0.9275,0.913,0.9246
256,0.9203,0.9203,0.9275,0.9275,0.9275,0.9275,0.9275,0.9275,0.9275,0.913,0.9275,0.913,0.9246
257,0.9203,0.9203,0.9275,0.9275,0.9275,0.9275,0.9275,0.9275,0.9275,0.913,0.9275,0.913,0.9246
258,0.9203,0.9203,0.9275,0.9275,0.9275,0.9275,0.9275,0.9275,0.9275,0.913,0.9275,0.913,0.9246
259,0.9203,0.9203,0.9275,0.9275,0.9275,0.9275,0.9275,0.9275,0.9275,0.913,0.9275,0.913,0.9246
260,0.9203,0.9203,0.9275,0.9275,0.9275,0.9275,0.9275,0.9275,0.9275,0.913,0.9275,0.913,0.9246
261,0.9275,0.9203,0.9275,0.9275,0.9275,0.9275,0.9275,0.9275,0.9275,0.913,0.9275,0.913,0.9253
262,0.9275,0.9203,0.9275,0.9275,0.9275,0.9275,0.9275,0.9275,0.9275,0.913,0.9275,0.913,0.9253
263,0.9275,0.9203,0.9275,0.9275,0.9275,0.9275,0.9275,0.9275,0.9275,0.913,0.9275,0.913,0.9253
264,0.9275,0.9203,0.9275,0.9275,0.9275,0.9275,0.9275,0.9275,0.9275,0.913,0.9275,0.913,0.9253
265,0.9275,0.9203,0.9275,0.9275,0.9275,0.9275,0.9275,0.9275,0.9275,0.913,0.9275,0.913,0.9253
266,0.9275,0.9203,0.9275,0.9275,0.9275,0.9275,0.9275,0.9275,0.9275,0.913,0.9275,0.913,0.9253
267,0.9275,0.9203,0.9275,0.9275,0.9275,0.9275,0.9275,0.9275,0.9275,0.913,0.9275,0.913,0.9253
268,0.9275,0.9203,0.9275,0.9275,0.9275,0.9275,0.9275,0.9275,0.9275,0.913,0.9275,0.913,0.9253
269,0.9275,0.9203,0.9275,0.9275,0.9275,0.9275,0.9275,0.9275,0.9275,0.913,0.9275,0.913,0.9253
270,0.9275,0.9203,0.9275,0.9275,0.9275,0.9275,0.9275,0.9275,0.9275,0.913,0.9275,0.913,0.9253
271,0.9275,0.9203,0.9275,0.9275,0.9275,0.9275,0.9275,0.9275,0.9275,0.913,0.9275,0.913,0.9253
272,0.9275,0.9203,0.9275,0.9275,0.9275,0.9275,0.9275,0.9275,0.9275,0.913,0.9275,0.913,0.9253
273,0.9275,0.9203,0.9275,0.9275,0.9275,0.9275,0.9275,0.9275,0.9275,0.913,0.9275,0.913,0.9253
274,0.9275,0.9203,0.9275,0.9275,0.9275,0.9275,0.9275,0.9275,0.9275,0.913,0.9275,0.913,0.9253
275,0.9275,0.9203,0.9275,0.9275,0.9275,0.9275,0.9275,0.9275,0.9275,0.913,0.9275,0.913,0.9253
276,0.9275,0.9203,0.9275,0.9275,0.9275,0.9275,0.9275,0.9275,0.9275,0.913,0.9275,0.913,0.9253
277,0.9275,0.9203,0.9275,0.9275,0.9275,0.9275,0.9275,0.9275,0.9275,0.913,0.9275,0.913,0.9253
278,0.9275,0.9203,0.9275,0.9275,0.9275,0.9275,0.9275,0.9275,0.9275,0.913,0.9275,0.913,0.9253
279,0.9275,0.9203,0.9275,0.9275,0.9275,0.9275,0.9275,0.9275,0.9275,0.913,0.9275,0.913,0.9253
280,0.9275,0.9203,0.9275,0.9275,0.9275,0.9275,0.9275,0.9275,0.9275,0.913,0.9275,0.913,0.9253
281,0.9275,0.9203,0.9275,0.9275,0.9275,0.9275,0.9275,0.9275,0.9275,0.913,0.9275,0.913,0.9253
282,0.9275,0.9203,0.9275,0.9275,0.9275,0.9275,0.9275,0.9275,0.9275,0.913,0.9275,0.913,0.9253
283,0.9275,0.9203,0.9275,0.9275,0.9275,0.9275,0.9275,0.9275,0.9275,0.913,0.9275,0.913,0.9253
284,0.9275,0.9203,0.9275,0.9275,0.9275,0.9275,0.9275,0.9275,0.9275,0.913,0.9275,0.913,0.9253
285,0.9275,0.9203,0.9275,0.9275,0.9275,0.9275,0.9275,0.9275,0.9275,0.913,0.9275,0.913,0.9253
286,0.9275,0.9203,0.9275,0.9275,0.9275,0.9275,0.9275,0.9275,0.9275,0.913,0.9275,0.913,0.9253
287,0.9275,0.9203,0.9275,0.9275,0.9275,0.9275,0.9275,0.9275,0.9275,0.913,0.9275,0.913,0.9253
288,0.9275,0.9203,0.9275,0.9275,0.9275,0.9275,0.9275,0.9275,0.9275,0.913,0.9275,0.913,0.9253
289,0.9275,0.9203,0.9275,0.9275,0.9275,0.9275,0.9275,0.9275,0.9275,0.913,0.9275,0.913,0.9253
290,0.9275,0.9203,0.9275,0.9275,0.9275,0.9275,0.9275,0.9275,0.9275,0.913,0.9275,0.913,0.9253
291,0.9275,0.9203,0.9275,0.9275,0.9275,0.9275,0.9275,0.9275,0.9275,0.913,0.9275,0.913,0.9253
292,0.9275,0.9203,0.9275,0.9275,0.9275,0.9275,0.9275,0.9275,0.9275,0.913,0.9275,0.913,0.9253
293,0.9275,0.9203,0.9275,0.9275,0.9275,0.9275,0.9275,0.9275,0.9275,0.913,0.9275,0.913,0.9253
294,0.9275,0.9203,0.9275,0.9275,0.9275,0.9275,0.9275,0.9275,0.9275,0.913,0.9275,0.913,0.9253
295,0.9275,0.9203,0.9275,0.9275,0.9275,0.9275,0.9275,0.9275,0.9275,0.913,0.9275,0.913,0.9253
296,0.9275,0.9203,0.9275,0.9275,0.9275,0.9275,0.9275,0.9275,0.9275,0.913,0.9275,0.913,0.9253
297,0.9275,0.9203,0.9275,0.9275,0.9275,0.9275,0.9275,0.9275,0.9275,0.913,0.9275,0.913,0.9253
298,0.9275,0.9203,0.9275,0.9275,0.9275,0.9275,0.9275,0.9275,0.9275,0.913,0.9275,0.913,0.9253
299,0.9275,0.9203,0.9275,0.9275,0.9275,0.9275,0.9275,0.9275,0.9275,0.913,0.9275,0.913,0.9253
300,0.9275,0.9203,0.9275,0.9275,0.9275,0.9275,0.9275,0.9275,0.9275,0.913,0.9275,0.913,0.9253
301,0.9275,0.9203,0.9275,0.9275,0.9275,0.9275,0.9275,0.9275,0.9275,0.913,0.9275,0.913,0.9253
302,0.9275,0.9203,0.9275,0.9275,0.9275,0.9275,0.9275,0.9275,0.9275,0.913,0.9275,0.913,0.9253
303,0.9275,0.9203,0.9275,0.9275,0.9275,0.9275,0.9275,0.9275,0.9275,0.913,0.9275,0.913,0.9253
304,0.9275,0.9203,0.9275,0.9275,0.9275,0.9275,0.9275,0.9275,0.9275,0.913,0.9275,0.913,0.9253
305,0.9275,0.9203,0.9275,0.9275,0.9275,0.9275,0.9275,0.9275,0.9275,0.913,0.9275,0.913,0.9253
306,0.9275,0.9203,0.9275,0.9275,0.9275,0.9275,0.9275,0.9275,0.9275,0.913,0.9275,0.913,0.9253
307,0.9275,0.9203,0.9275,0.9275,0.9275,0.9275,0.9275,0.9275,0.9275,0.913,0.9275,0.913,0.9253
308,0.9275,0.9203,0.9275,0.9275,0.9275,0.9275,0.9275,0.9275,0.9275,0.913,0.9275,0.913,0.9253
309,0.9275,0.9203,0.9275,0.9275,0.9275,0.9275,0.9275,0.9275,0.9275,0.913,0.9275,0.913,0.9253
310,0.9275,0.9203,0.9275,0.9275,0.9275,0.9275,0.9275,0.9275,0.9275,0.913,0.9275,0.913,0.9253
311,0.9275,0.9203,0.9275,0.9275,0.9275,0.9275,0.9275,0.9275,0.9275,0.913,0.9275,0.913,0.9253
312,0.9275,0.9203,0.9275,0.9275,0.9275,0.9275,0.9275,0.9275,0.9275,0.913,0.9275,0.913,0.9253
313,0.9275,0.9203,0.9275,0.9275,0.9275,0.9275,0.9275,0.9275,0.9275,0.913,0.9275,0.913,0.9253
314,0.9275,0.9203,0.9275,0.9275,0.9275,0.9275,0.9275,0.9275,0.9275,0.913,0.9275,0.913,0.9253
315,0.9275,0.9203,0.9275,0.9275,0.9275,0.9275,0.9275,0.9275,0.9275,0.913,0.9275,0.913,0.9253
316,0.9275,0.9203,0.9275,0.9275,0.9275,0.9275,0.9275,0.9275,0.9275,0.913,0.9275,0.913,0.9253
317,0.9275,0.9203,0.9275,0.9275,0.9275,0.9275,0.9275,0.9275,0.9275,0.913,0.9275,0.913,0.9253
318,0.9275,0.9203,0.9275,0.9275,0.9275,0.9275,0.9275,0.9275,0.9275,0.913,0.9275,0.913,0.9253
319,0.9275,0.9203,0.9275,0.9275,0.9275,0.9275,0.9275,0.9275,0.9275,0.913,0.9275,0.913,0.9253
320,0.9275,0.9203,0.9275,0.9275,0.9275,0.9275,0.9275,0.9275,0.9275,0.913,0.9275,0.913,0.9253
321,0.9275,0.9203,0.9275,0.9275,0.9275,0.9275,0.9275,0.9275,0.9275,0.913,0.9275,0.913,0.9253
322,0.9275,0.9203,0.9275,0.9275,0.9275,0.9275,0.9275,0.9275,0.9275,0.913,0.9275,0.913,0.9253
323,0.9275,0.9203,0.9275,0.9275,0.9275,0.9275,0.9275,0.9275,0.9275,0.913,0.9275,0.913,0.9253
324,0.9275,0.9203,0.9275,0.9275,0.9275,0.9275,0.9275,0.9275,0.9275,0.913,0.9275,0.913,0.9253
325,0.9275,0.9203,0.9275,0.9275,0.9275,0.9275,0.9275,0.9275,0.9275,0.913,0.9275,0.913,0.9253
326,0.9275,0.9203,0.9275,0.9275,0.9275,0.9275,0.9275,0.9275,0.9275,0.913,0.9275,0.913,0.9253
327,0.9275,0.9203,0.9275,0.9275,0.9275,0.9275,0.9275,0.9275,0.9275,0.913,0.9275,0.913,0.9253
328,0.9275,0.9203,0.9275,0.9275,0.9275,0.9275,0.9275,0.9275,0.9275,0.913,0.9275,0.913,0.9253
329,0.9275,0.9203,0.9275,0.9275,0.9275,0.9275,0.9275,0.9275,0.9275,0.913,0.9275,0.913,0.9253
330,0.9275,0.9203,0.9275,0.9275,0.9275,0.9275,0.9275,0.9275,0.9275,0.913,0.9275,0.913,0.9253
331,0.9275,0.9203,0.9275,0.9275,0.9275,0.9275,0.9275,0.9275,0.9275,0.913,0.9275,0.913,0.9253
332,0.9275,0.9203,0.9275,0.9275,0.9275,0.9275,0.9275,0.9275,0.9275,0.913,0.9275,0.913,0.9253
333,0.9275,0.9203,0.9275,0.9275,0.9275,0.9275,0.9275,0.9275,0.9275,0.913,0.9275,0.913,0.9253
334,0.9275,0.9203,0.9275,0.9275,0.9275,0.9275,0.9275,0.9275,0.9275,0.913,0.9275,0.913,0.9253
335,0.9275,0.9203,0.9275,0.9275,0.9275,0.9275,0.9275,0.9275,0.9275,0.913,0.9275,0.913,0.9253
336,0.9275,0.9203,0.9275,0.9275,0.9275,0.9275,0.9275,0.9275,0.9275,0.913,0.9275,0.913,0.9253
337,0.9275,0.9203,0.9275,0.9275,0.9275,0.9275,0.9275,0.9275,0.9275,0.913,0.9275,0.913,0.9253
338,0.9275,0.9203,0.9275,0.9275,0.9275,0.9275,0.9275,0.9275,0.9275,0.913,0.9275,0.913,0.9253
339,0.9275,0.9203,0.9275,0.9275,0.9275,0.9275,0.9275,0.9275,0.9275,0.913,0.9275,0.913,0.9253
340,0.9275,0.9203,0.9275,0.9275,0.9275,0.9275,0.9275,0.9275,0.9275,0.913,0.9275,0.913,0.9253
341,0.9275,0.9203,0.9275,0.9275,0.9275,0.9275,0.9275,0.9275,0.9275,0.913,0.9275,0.913,0.9253
342,0.9275,0.9203,0.9275,0.9275,0.9275,0.9275,0.9275,0.9275,0.9275,0.913,0.9275,0.913,0.9253
343,0.9275,0.9203,0.9275,0.9275,0.9275,0.9275,0.9275,0.9275,0.9275,0.913,0.9275,0.913,0.9253
344,0.9275,0.9203,0.9275,0.9275,0.9275,0.9275,0.9275,0.9275,0.9275,0.913,0.9275,0.913,0.9253
345,0.9275,0.9203,0.9275,0.9275,0.9275,0.9275,0.9275,0.9275,0.9275,0.913,0.9275,0.913,0.9253
346,0.9275,0.9203,0.9275,0.9275,0.9275,0.9275,0.9275,0.9275,0.9275,0.913,0.9275,0.913,0.9253
347,0.9275,0.9203,0.9275,0.9275,0.9275,0.9275,0.9275,0.9275,0.9275,0.913,0.9275,0.913,0.9253
348,0.9275,0.9203,0.9275,0.9275,0.9275,0.9275,0.9275,0.9275,0.9275,0.913,0.9275,0.913,0.9253
349,0.9275,0.9203,0.9275,0.9275,0.9275,0.9275,0.9275,0.9275,0.9275,0.913,0.9275,0.913,0.9253
350,0.9275,0.9203,0.9275,0.9275,0.9275,0.9275,0.9275,0.9275,0.9275,0.913,0.9275,0.913,0.9253
351,0.9275,0.9203,0.9275,0.9275,0.9275,0.9275,0.9275,0.9275,0.9275,0.913,0.9275,0.913,0.9253
352,0.9275,0.9203,0.9275,0.9275,0.9275,0.9275,0.9275,0.9275,0.9275,0.913,0.9275,0.913,0.9253
353,0.9275,0.9203,0.9275,0.9275,0.9275,0.9275,0.9275,0.9275,0.9275,0.913,0.9275,0.913,0.9253
354,0.9275,0.9203,0.9275,0.9275,0.9275,0.9275,0.9275,0.9275,0.9275,0.913,0.9275,0.913,0.9253
355,0.9275,0.9203,0.9275,0.9275,0.9275,0.9275,0.9275,0.9275,0.9275,0.913,0.9275,0.913,0.9253
356,0.9275,0.9203,0.9275,0.9275,0.9275,0.9275,0.9275,0.9275,0.9275,0.913,0.9275,0.913,0.9253
357,0.9275,0.9203,0.9275,0.9275,0.9275,0.9275,0.9275,0.9275,0.9275,0.913,0.9275,0.913,0.9253
358,0.9275,0.9203,0.9275,0.9275,0.9275,0.9275,0.9275,0.9275,0.9275,0.913,0.9275,0.913,0.9253
359,0.9275,0.9203,0.9275,0.9275,0.9275,0.9275,0.9275,0.9275,0.9275,0.913,0.9275,0.913,0.9253
360,0.9275,0.9203,0.9275,0.9275,0.9275,0.9275,0.9275,0.9275,0.9275,0.913,0.9275,0.913,0.9253
361,0.9275,0.9203,0.9275,0.9275,0.9275,0.9275,0.9275,0.9275,0.9275,0.913,0.9275,0.913,0.9253
362,0.9275,0.9203,0.9275,0.9275,0.9275,0.9275,0.9275,0.9275,0.9275,0.913,0.9275,0.913,0.9253
363,0.9275,0.9203,0.9275,0.9275,0.9275,0.9275,0.9275,0.9275,0.9275,0.913,0.9275,0.913,0.9253
364,0.9275,0.9203,0.9275,0.9275,0.9275,0.9275,0.9275,0.9275,0.9275,0.913,0.9275,0.913,0.9253
365,0.9275,0.9203,0.9275,0.9275,0.9275,0.9275,0.9275,0.9275,0.9275,0.913,0.9275,0.913,0.9253
366,0.9275,0.9203,0.9275,0.9275,0.9275,0.9275,0.9275,0.9275,0.9275,0.913,0.9275,0.913,0.9253
367,0.9275,0.9203,0.9275,0.9275,0.9275,0.9275,0.9275,0.9275,0.9275,0.913,0.9275,0.913,0.9253
368,0.9275,0.9203,0.9275,0.9275,0.9275,0.9275,0.9275,0.9275,0.9275,0.913,0.9275,0.913,0.9253
369,0.9275,0.9203,0.9275,0.9275,0.9275,0.9275,0.9275,0.9275,0.9275,0.913,0.9275,0.913,0.9253
370,0.9275,0.9203,0.9275,0.9275,0.9275,0.9275,0.9275,0.9275,0.9275,0.913,0.9275,0.913,0.9253
371,0.9275,0.9203,0.9275,0.9275,0.9275,0.9275,0.9275,0.9275,0.9275,0.913,0.9275,0.913,0.9253
372,0.9275,0.9203,0.9275,0.9275,0.9275,0.9275,0.9275,0.9275,0.9275,0.913,0.9275,0.913,0.9253
373,0.9275,0.9203,0.9275,0.9275,0.9275,0.9275,0.9275,0.9275,0.9275,0.913,0.9275,0.913,0.9253
374,0.9275,0.9203,0.9275,0.9275,0.9275,0.9275,0.9275,0.9275,0.9275,0.913,0.9275,0.913,0.9253
375,0.9275,0.9203,0.9275,0.9275,0.9275,0.9275,0.9275,0.9275,0.9275,0.913,0.9275,0.913,0.9253
376,0.9275,0.9203,0.9275,0.9275,0.9275,0.9275,0.9275,0.9275,0.9275,0.913,0.9275,0.913,0.9253
377,0.9275,0.9203,0.9275,0.9275,0.9275,0.9275,0.9275,0.9275,0.9275,0.913,0.9275,0.913,0.9253
378,0.9275,0.9203,0.9275,0.9275,0.9275,0.9275,0.9275,0.9275,0.9275,0.913,0.9275,0.913,0.9253
379,0.9275,0.9203,0.9275,0.9275,0.9275,0.9275,0.9275,0.9275,0.9275,0.913,0.9275,0.913,0.9253
380,0.9275,0.9203,0.9275,0.9275,0.9275,0.9275,0.9275,0.9275,0.9275,0.913,0.9275,0.913,0.9253
381,0.9275,0.9203,0.9275,0.9275,0.9275,0.9275,0.9275,0.9275,0.9275,0.913,0.9275,0.913,0.9253
382,0.9275,0.9203,0.9275,0.9275,0.9275,0.9275,0.9275,0.9275,0.9275,0.913,0.9275,0.913,0.9253
383,0.9275,0.9203,0.9275,0.9275,0.9275,0.9275,0.9275,0.9275,0.9275,0.913,0.9275,0.913,0.9253
384,0.9275,0.9203,0.9275,0.9275,0.9275,0.9275,0.9275,0.9275,0.9275,0.913,0.9275,0.913,0.9253
385,0.9275,0.9203,0.9275,0.9275,0.9275,0.9275,0.9275,0.9275,0.9275,0.913,0.9275,0.913,0.9253
386,0.9275,0.9203,0.9275,0.9275,0.9275,0.9275,0.9275,0.9275,0.9275,0.913,0.9275,0.913,0.9253
387,0.9275,0.9203,0.9275,0.9275,0.9275,0.9275,0.9275,0.9275,0.9275,0.913,0.9275,0.913,0.9253
388,0.9275,0.9203,0.9275,0.9275,0.9275,0.9275,0.9275,0.9275,0.9275,0.913,0.9275,0.913,0.9253
389,0.9275,0.9203,0.9275,0.9275,0.9275,0.9275,0.9275,0.9275,0.9275,0.913,0.9275,0.913,0.9253
390,0.9275,0.9203,0.9275,0.9275,0.9275,0.9275,0.9275,0.9275,0.9275,0.913,0.9275,0.913,0.9253
391,0.9275,0.9203,0.9275,0.9275,0.9275,0.9275,0.9275,0.9275,0.9275,0.913,0.9275,0.913,0.9253
392,0.9275,0.9203,0.9275,0.9275,0.9275,0.9275,0.9275,0.9275,0.9275,0.913,0.9275,0.913,0.9253
393,0.9275,0.9203,0.9275,0.9275,0.9275,0.9275,0.9275,0.9275,0.9275,0.913,0.9275,0.913,0.9253
394,0.9275,0.9203,0.9275,0.9275,0.9275,0.9275,0.9275,0.9275,0.9275,0.913,0.9275,0.913,0.9253
395,0.9275,0.9203,0.9275,0.9275,0.9275,0.9275,0.9275,0.9275,0.9275,0.913,0.9275,0.913,0.9253
396,0.9275,0.9203,0.9275,0.9275,0.9275,0.9275,0.9275,0.9275,0.9275,0.913,0.9275,0.913,0.9253
397,0.9275,0.9203,0.9275,0.9275,0.9275,0.9275,0.9275,0.9275,0.9275,0.913,0.9275,0.913,0.9253
398,0.9275,0.9203,0.9275,0.9275,0.9275,0.9275,0.9275,0.9275,0.9275,0.913,0.9275,0.913,0.9253
399,0.9275,0.9203,0.9275,0.9275,0.9275,0.9275,0.9275,0.9275,0.9275,0.913,0.9275,0.913,0.9253
400,0.9275,0.9203,0.9275,0.9275,0.9275,0.9275,0.9275,0.9275,0.9275,0.913,0.9275,0.913,0.9253
401,0.9275,0.9203,0.9275,0.9275,0.9275,0.9275,0.9275,0.9275,0.9275,0.913,0.9275,0.913,0.9253
402,0.9275,0.9203,0.9275,0.9275,0.9275,0.9275,0.9275,0.9275,0.9275,0.913,0.9275,0.913,0.9253
403,0.9275,0.9203,0.9275,0.9275,0.9275,0.9275,0.9275,0.9275,0.9275,0.913,0.9275,0.913,0.9253
404,0.9275,0.9203,0.9275,0.9275,0.9275,0.9275,0.9275,0.9275,0.9275,0.913,0.9275,0.913,0.9253
405,0.9275,0.9203,0.9275,0.9275,0.9275,0.9275,0.9275,0.9275,0.9275,0.913,0.9275,0.913,0.9253
406,0.9275,0.9203,0.9275,0.9275,0.9275,0.9275,0.9275,0.9275,0.9275,0.913,0.9275,0.913,0.9253
407,0.9275,0.9203,0.9275,0.9275,0.9275,0.9275,0.9275,0.9275,0.9275,0.913,0.9275,0.913,0.9253
408,0.9275,0.9203,0.9275,0.9275,0.9275,0.9275,0.9275,0.9275,0.9275,0.913,0.9275,0.913,0.9253
409,0.9275,0.9203,0.9275,0.9275,0.9275,0.9275,0.9275,0.9275,0.9275,0.913,0.9275,0.913,0.9253
410,0.9275,0.9203,0.9275,0.9275,0.9275,0.9275,0.9275,0.9275,0.9275,0.913,0.9275,0.913,0.9253
411,0.9275,0.9203,0.9275,0.9275,0.9275,0.9275,0.9275,0.9275,0.9275,0.913,0.9275,0.913,0.9253
412,0.9275,0.9203,0.9275,0.9275,0.9275,0.9275,0.9275,0.9275,0.9275,0.913,0.9275,0.913,0.9253
413,0.9275,0.9203,0.9275,0.9275,0.9275,0.9275,0.9275,0.9275,0.9275,0.913,0.9275,0.913,0.9253
414,0.9275,0.9203,0.9275,0.9275,0.9275,0.9275,0.9275,0.9275,0.9275,0.913,0.9275,0.913,0.9253
415,0.9275,0.9203,0.9275,0.9275,0.9275,0.9275,0.9275,0.9275,0.9275,0.913,0.9275,0.913,0.9253
416,0.9275,0.9203,0.9275,0.9275,0.9275,0.9275,0.9275,0.9275,0.9275,0.913,0.9275,0.913,0.9253
417,0.9275,0.9203,0.9275,0.9275,0.9275,0.9275,0.9275,0.9275,0.9275,0.913,0.9275,0.913,0.9253
418,0.9275,0.9203,0.9275,0.9275,0.9275,0.9275,0.9275,0.9275,0.9275,0.913,0.9275,0.913,0.9253
419,0.9275,0.9203,0.9275,0.9275,0.9275,0.9275,0.9275,0.9275,0.9275,0.913,0.9275,0.913,0.9253
420,0.9275,0.9203,0.9275,0.9275,0.9275,0.9275,0.9275,0.9275,0.9275,0.913,0.9275,0.913,0.9253
421,0.9275,0.9203,0.9275,0.9275,0.9275,0.9275,0.9275,0.9275,0.9275,0.913,0.9275,0.913,0.9253
422,0.9275,0.9203,0.9275,0.9275,0.9275,0.9275,0.9275,0.9275,0.9275,0.913,0.9275,0.913,0.9253
423,0.9275,0.9203,0.9275,0.9275,0.9275,0.9275,0.9275,0.9275,0.9275,0.913,0.9275,0.913,0.9253
424,0.9275,0.9203,0.9275,0.9275,0.9275,0.9275,0.9275,0.9275,0.9275,0.913,0.9275,0.913,0.9253
425,0.9275,0.9203,0.9275,0.9275,0.9275,0.9275,0.9275,0.9275,0.9275,0.913,0.9275,0.913,0.9253
426,0.9275,0.9203,0.9275,0.9275,0.9275,0.9275,0.9275,0.9275,0.9275,0.913,0.9275,0.913,0.9253
427,0.9275,0.9203,0.9275,0.9275,0.9275,0.9275,0.9275,0.9275,0.9275,0.913,0.9275,0.913,0.9253
428,0.9275,0.9203,0.9275,0.9275,0.9275,0.9275,0.9275,0.9275,0.9275,0.913,0.9275,0.913,0.9253
429,0.9275,0.9203,0.9275,0.9275,0.9275,0.9275,0.9275,0.9275,0.9275,0.913,0.9275,0.913,0.9253
430,0.9275,0.9203,0.9275,0.9275,0.9275,0.9275,0.9275,0.9275,0.9275,0.913,0.9275,0.913,0.9253
431,0.9275,0.9203,0.9275,0.9275,0.9275,0.9275,0.9275,0.9275,0.9275,0.913,0.9275,0.913,0.9253
432,0.9275,0.9203,0.9275,0.9275,0.9275,0.9275,0.9275,0.9275,0.9275,0.913,0.9275,0.913,0.9253
433,0.9275,0.9203,0.9275,0.9275,0.9275,0.9275,0.9275,0.9275,0.9275,0.913,0.9275,0.913,0.9253
434,0.9275,0.9203,0.9275,0.9275,0.9275,0.9275,0.9275,0.9275,0.9275,0.913,0.9275,0.913,0.9253
435,0.9275,0.9203,0.9275,0.9275,0.9275,0.9275,0.9275,0.9275,0.9275,0.913,0.9275,0.913,0.9253
436,0.9275,0.9203,0.9275,0.9275,0.9275,0.9275,0.9275,0.9275,0.9275,0.913,0.9275,0.913,0.9253
437,0.9275,0.9203,0.9275,0.9275,0.9275,0.9275,0.9275,0.9275,0.9275,0.913,0.9275,0.913,0.9253
438,0.9275,0.9203,0.9275,0.9275,0.9275,0.9275,0.9275,0.9275,0.9275,0.913,0.9275,0.913,0.9253
439,0.9275,0.9203,0.9275,0.9275,0.9275,0.9275,0.9275,0.9275,0.9275,0.913,0.9275,0.913,0.9253
440,0.9275,0.9203,0.9275,0.9275,0.9275,0.9275,0.9275,0.9275,0.9275,0.913,0.9275,0.913,0.9253
441,0.9275,0.9203,0.9275,0.9275,0.9275,0.9275,0.9275,0.9275,0.9275,0.913,0.9275,0.913,0.9253
442,0.9275,0.9203,0.9275,0.9275,0.9275,0.9275,0.9275,0.9275,0.9275,0.913,0.9275,0.913,0.9253
443,0.9275,0.9203,0.9275,0.9275,0.9275,0.9275,0.9275,0.9275,0.9275,0.913,0.9275,0.913,0.9253
444,0.9275,0.9203,0.9275,0.9275,0.9275,0.9275,0.9275,0.9275,0.9275,0.913,0.9275,0.913,0.9253
445,0.9275,0.9203,0.9275,0.9275,0.9275,0.9275,0.9275,0.9275,0.9275,0.913,0.9275,0.913,0.9253
446,0.9275,0.9203,0.9275,0.9275,0.9275,0.9275,0.9275,0.9275,0.9275,0.913,0.9275,0.913,0.9253
447,0.9275,0.9203,0.9275,0.9275,0.9275,0.9275,0.9275,0.9275,0.9275,0.913,0.9275,0.913,0.9253
448,0.9275,0.9203,0.9275,0.9275,0.9275,0.9275,0.9275,0.9275,0.9275,0.913,0.9275,0.913,0.9253
449,0.9275,0.9203,0.9275,0.9275,0.9275,0.9275,0.9275,0.9275,0.9275,0.913,0.9275,0.913,0.9253
450,0.9275,0.9203,0.9275,0.9275,0.9275,0.9275,0.9275,0.9275,0.9275,0.913,0.9275,0.913,0.9253
451,0.9275,0.9203,0.9275,0.9275,0.9275,0.9275,0.9275,0.9275,0.9275,0.913,0.9275,0.913,0.9253
452,0.9275,0.9203,0.9275,0.9275,0.9275,0.9275,0.9275,0.9275,0.9275,0.913,0.9275,0.913,0.9253
453,0.9275,0.9203,0.9275,0.9275,0.9275,0.9275,0.9275,0.9275,0.9275,0.913,0.9275,0.913,0.9253
454,0.9275,0.9203,0.9275,0.9275,0.9275,0.9275,0.9275,0.9275,0.9275,0.913,0.9275,0.913,0.9253
455,0.9275,0.9203,0.9275,0.9275,0.9275,0.9275,0.9275,0.9275,0.9275,0.913,0.9275,0.913,0.9253
456,0.9275,0.9203,0.9275,0.9275,0.9275,0.9275,0.9275,0.9275,0.9275,0.913,0.9275,0.913,0.9253
457,0.9275,0.9203,0.9275,0.9275,0.9275,0.9275,0.9275,0.9275,0.9275,0.913,0.9275,0.913,0.9253
458,0.9275,0.9203,0.9275,0.9275,0.9275,0.9275,0.9275,0.9275,0.9275,0.913,0.9275,0.913,0.9253
459,0.9275,0.9203,0.9275,0.9275,0.9275,0.9275,0.9275,0.9275,0.9275,0.913,0.9275,0.913,0.9253
460,0.9275,0.9203,0.9275,0.9275,0.9275,0.9275,0.9275,0.9275,0.9275,0.913,0.9275,0.913,0.9253
461,0.9275,0.9203,0.9275,0.9275,0.9275,0.9275,0.9275,0.9275,0.9275,0.913,0.9275,0.913,0.9253
462,0.9275,0.9203,0.9275,0.9275,0.9275,0.9275,0.9275,0.9275,0.9275,0.913,0.9275,0.913,0.9253
463,0.9275,0.9203,0.9275,0.9275,0.9275,0.9275,0.9275,0.9275,0.9275,0.913,0.9275,0.913,0.9253
464,0.9275,0.9203,0.9275,0.9275,0.9275,0.9275,0.9275,0.9275,0.9275,0.913,0.9275,0.913,0.9253
465,0.9275,0.9203,0.9275,0.9275,0.9275,0.9275,0.9275,0.9275,0.9275,0.913,0.9275,0.913,0.9253
466,0.9275,0.9203,0.9275,0.9275,0.9275,0.9275,0.9275,0.9275,0.9275,0.913,0.9275,0.913,0.9253
467,0.9275,0.9203,0.9275,0.9275,0.9275,0.9275,0.9275,0.9275,0.9275,0.913,0.9275,0.913,0.9253
468,0.9275,0.9203,0.9275,0.9275,0.9275,0.9275,0.9275,0.9275,0.9275,0.913,0.9275,0.913,0.9253
469,0.9275,0.9203,0.9275,0.9275,0.9275,0.9275,0.9275,0.9275,0.9275,0.913,0.9275,0.913,0.9253
470,0.9275,0.9203,0.9275,0.9275,0.9275,0.9275,0.9275,0.9275,0.9275,0.913,0.9275,0.913,0.9253
471,0.9275,0.9203,0.9275,0.9275,0.9275,0.9275,0.9275,0.9275,0.9275,0.913,0.9275,0.913,0.9253
472,0.9275,0.9203,0.9275,0.9275,0.9275,0.9275,0.9275,0.9275,0.9275,0.913,0.9275,0.913,0.9253
473,0.9275,0.9203,0.9275,0.9275,0.9275,0.9275,0.9275,0.9275,0.9275,0.913,0.9275,0.913,0.9253
474,0.9275,0.9203,0.9275,0.9275,0.9275,0.9275,0.9275,0.9275,0.9275,0.913,0.9275,0.913,0.9253
475,0.9275,0.9203,0.9275,0.9275,0.9275,0.9275,0.9275,0.9275,0.9275,0.913,0.9275,0.913,0.9253
476,0.9275,0.9203,0.9275,0.9275,0.9275,0.9275,0.9275,0.9275,0.9275,0.913,0.9275,0.913,0.9253
477,0.9275,0.9203,0.9275,0.9275,0.9275,0.9275,0.9275,0.9275,0.9275,0.913,0.9275,0.913,0.9253
478,0.9275,0.9203,0.9275,0.9275,0.9275,0.9275,0.9275,0.9275,0.9275,0.913,0.9275,0.913,0.9253
479,0.9275,0.9203,0.9275,0.9275,0.9275,0.9275,0.9275,0.9275,0.9275,0.913,0.9275,0.913,0.9253
480,0.9275,0.9203,0.9275,0.9275,0.9275,0.9275,0.9275,0.9275,0.9275,0.913,0.9275,0.913,0.9253
481,0.9275,0.9203,0.9275,0.9275,0.9275,0.9275,0.9275,0.9275,0.9275,0.913,0.9275,0.913,0.9253
482,0.9275,0.9203,0.9275,0.9275,0.9275,0.9275,0.9275,0.9275,0.9275,0.913,0.9275,0.913,0.9253
483,0.9275,0.9203,0.9275,0.9275,0.9275,0.9275,0.9275,0.9275,0.9275,0.913,0.9275,0.913,0.9253
484,0.9275,0.9203,0.9275,0.9275,0.9275,0.9275,0.9275,0.9275,0.9275,0.913,0.9275,0.913,0.9253
485,0.9275,0.9203,0.9275,0.9275,0.9275,0.9275,0.9275,0.9275,0.9275,0.913,0.9275,0.913,0.9253
486,0.9275,0.9203,0.9275,0.9275,0.9275,0.9275,0.9275,0.9275,0.9275,0.913,0.9275,0.913,0.9253
487,0.9275,0.9203,0.9275,0.9275,0.9275,0.9275,0.9275,0.9275,0.9275,0.913,0.9275,0.913,0.9253
488,0.9275,0.9203,0.9275,0.9275,0.9275,0.9275,0.9275,0.9275,0.9275,0.913,0.9275,0.913,0.9253
489,0.9275,0.9203,0.9275,0.9275,0.9275,0.9275,0.9275,0.9275,0.9275,0.913,0.9275,0.913,0.9253
490,0.9275,0.9203,0.9275,0.9275,0.9275,0.9275,0.9275,0.9275,0.9275,0.913,0.9275,0.913,0.9253
491,0.9275,0.9203,0.9275,0.9275,0.9275,0.9275,0.9275,0.9275,0.9275,0.913,0.9275,0.913,0.9253
492,0.9275,0.9203,0.9275,0.9275,0.9275,0.9275,0.9275,0.9275,0.9275,0.913,0.9275,0.913,0.9253
493,0.9275,0.9203,0.9275,0.9275,0.9275,0.9275,0.9275,0.9275,0.9275,0.913,0.9275,0.913,0.9253
494,0.9275,0.9203,0.9275,0.9275,0.9275,0.9275,0.9275,0.9275,0.9275,0.913,0.9275,0.913,0.9253
495,0.9275,0.9203,0.9275,0.9275,0.9275,0.9275,0.9275,0.9275,0.9275,0.913,0.9275,0.913,0.9253
496,0.9275,0.9203,0.9275,0.9275,0.9275,0.9275,0.9275,0.9275,0.9275,0.913,0.9275,0.913,0.9253
497,0.9275,0.9203,0.9275,0.9275,0.9275,0.9275,0.9275,0.9275,0.9275,0.913,0.9275,0.913,0.9253
498,0.9275,0.9203,0.9275,0.9275,0.9275,0.9275,0.9275,0.9275,0.9275,0.913,0.9275,0.913,0.9253
499,0.9275,0.9203,0.9275,0.9275,0.9275,0.9275,0.9275,0.9275,0.9275,0.913,0.9275,0.913,0.9253
500,0.9275,0.9203,0.9275,0.9275,0.9275,0.9275,0.9275,0.9275,0.9275,0.913,0.9275,0.913,0.9253
501,0.9275,0.9203,0.9275,0.9275,0.9275,0.9275,0.9275,0.9275,0.9275,0.913,0.9275,0.913,0.9253
502,0.9275,0.9203,0.9275,0.9275,0.9275,0.9275,0.9275,0.9275,0.9275,0.913,0.9275,0.913,0.9253
503,0.9275,0.9203,0.9275,0.9275,0.9275,0.9275,0.9275,0.9275,0.9275,0.913,0.9275,0.913,0.9253
504,0.9275,0.9203,0.9275,0.9275,0.9275,0.9275,0.9275,0.9275,0.9275,0.913,0.9275,0.913,0.9253
505,0.9275,0.9203,0.9275,0.9275,0.9275,0.9275,0.9275,0.9275,0.9275,0.913,0.9275,0.913,0.9253
506,0.9275,0.9203,0.9275,0.9275,0.9275,0.9275,0.9275,0.9275,0.9275,0.913,0.9275,0.913,0.9253
507,0.9275,0.9203,0.9275,0.9275,0.9275,0.9275,0.9275,0.9275,0.9275,0.913,0.9275,0.913,0.9253
508,0.9275,0.9203,0.9275,0.9275,0.9275,0.9275,0.9275,0.9275,0.9275,0.913,0.9275,0.913,0.9253
509,0.9275,0.9203,0.9275,0.9275,0.9275,0.9275,0.9275,0.9275,0.9275,0.913,0.9275,0.913,0.9253
510,0.9275,0.9203,0.9275,0.9275,0.9275,0.9275,0.9275,0.9275,0.9275,0.913,0.9275,0.913,0.9253
511,0.9275,0.9203,0.9275,0.9275,0.9275,0.9275,0.9275,0.9275,0.9275,0.913,0.9275,0.913,0.9253
512,0.9275,0.9203,0.9275,0.9275,0.9275,0.9275,0.9275,0.9275,0.9275,0.913,0.9275,0.913,0.9253
513,0.9275,0.9203,0.9275,0.9275,0.9275,0.9275,0.9275,0.9275,0.9275,0.913,0.9275,0.913,0.9253
514,0.9275,0.9203,0.9275,0.9275,0.9275,0.9275,0.9275,0.9275,0.9275,0.913,0.9275,0.913,0.9253
515,0.9275,0.9203,0.9275,0.9275,0.9275,0.9275,0.9275,0.9275,0.9275,0.913,0.9275,0.913,0.9253
516,0.9275,0.9203,0.9275,0.9275,0.9275,0.9275,0.9275,0.9275,0.9275,0.913,0.9275,0.913,0.9253
517,0.9275,0.9203,0.9275,0.9275,0.9275,0.9275,0.9275,0.9275,0.9275,0.913,0.9275,0.913,0.9253
518,0.9275,0.9203,0.9275,0.9275,0.9275,0.9275,0.9275,0.9275,0.9275,0.913,0.9275,0.913,0.9253
519,0.9275,0.9203,0.9275,0.9275,0.9275,0.9275,0.9275,0.9275,0.9275,0.913,0.9275,0.913,0.9253
520,0.9275,0.9203,0.9275,0.9275,0.9275,0.9275,0.9275,0.9275,0.9275,0.913,0.9275,0.913,0.9253
521,0.9275,0.9203,0.9275,0.9275,0.9275,0.9275,0.9275,0.9275,0.9275,0.913,0.9275,0.913,0.9253
522,0.9275,0.9203,0.9275,0.9275,0.9275,0.9275,0.9275,0.9275,0.9275,0.913,0.9275,0.913,0.9253
523,0.9275,0.9203,0.9275,0.9275,0.9275,0.9275,0.9275,0.9275,0.9275,0.913,0.9275,0.913,0.9253
524,0.9275,0.9203,0.9275,0.9275,0.9275,0.9275,0.9275,0.9275,0.9275,0.913,0.9275,0.913,0.9253
525,0.9275,0.9203,0.9275,0.9275,0.9275,0.9275,0.9275,0.9275,0.9275,0.913,0.9275,0.913,0.9253
526,0.9275,0.9203,0.9275,0.9275,0.9275,0.9275,0.9275,0.9275,0.9275,0.913,0.9275,0.913,0.9253
527,0.9275,0.9203,0.9275,0.9275,0.9275,0.9275,0.9275,0.9275,0.9275,0.913,0.9275,0.913,0.9253
528,0.9275,0.9203,0.9275,0.9275,0.9275,0.9275,0.9275,0.9275,0.9275,0.913,0.9275,0.913,0.9253
529,0.9275,0.9203,0.9275,0.9275,0.9275,0.9275,0.9275,0.9275,0.9275,0.913,0.9275,0.913,0.9253
530,0.9275,0.9203,0.9275,0.9275,0.9275,0.9275,0.9275,0.9275,0.9275,0.913,0.9275,0.913,0.9253
531,0.9275,0.9203,0.9275,0.9275,0.9275,0.9275,0.9275,0.9275,0.9275,0.913,0.9275,0.913,0.9253
532,0.9275,0.9203,0.9275,0.9275,0.9275,0.9275,0.9275,0.9275,0.9275,0.913,0.9275,0.913,0.9253
533,0.9275,0.9203,0.9275,0.9275,0.9275,0.9275,0.9275,0.9275,0.9275,0.913,0.9275,0.913,0.9253
534,0.9275,0.9203,0.9275,0.9275,0.9275,0.9275,0.9275,0.9275,0.9275,0.913,0.9275,0.913,0.9253
535,0.9275,0.9203,0.9275,0.9275,0.9275,0.9275,0.9275,0.9275,0.9275,0.913,0.9275,0.913,0.9253
536,0.9275,0.9203,0.9275,0.9275,0.9275,0.9275,0.9275,0.9275,0.9275,0.913,0.9275,0.913,0.9253
537,0.9275,0.9203,0.9275,0.9275,0.9275,0.9275,0.9275,0.9275,0.9275,0.913,0.9275,0.913,0.9253
538,0.9275,0.9203,0.9275,0.9275,0.9275,0.9275,0.9275,0.9275,0.9275,0.913,0.9275,0.913,0.9253
539,0.9275,0.9203,0.9275,0.9275,0.9275,0.9275,0.9275,0.9275,0.9275,0.913,0.9275,0.913,0.9253
540,0.9275,0.9203,0.9275,0.9275,0.9275,0.9275,0.9275,0.9275,0.9275,0.913,0.9275,0.913,0.9253
541,0.9275,0.9203,0.9275,0.9275,0.9275,0.9275,0.9275,0.9275,0.9275,0.913,0.9275,0.913,0.9253
542,0.9275,0.9203,0.9275,0.9275,0.9275,0.9275,0.9275,0.9275,0.9275,0.913,0.9275,0.913,0.9253
543,0.9275,0.9203,0.9275,0.9275,0.9275,0.9275,0.9275,0.9275,0.9275,0.913,0.9275,0.913,0.9253
544,0.9275,0.9203,0.9275,0.9275,0.9275,0.9275,0.9275,0.9275,0.9275,0.913,0.9275,0.913,0.9253
545,0.9275,0.9203,0.9275,0.9275,0.9275,0.9275,0.9275,0.9275,0.9275,0.913,0.9275,0.913,0.9253
546,0.9275,0.9203,0.9275,0.9275,0.9275,0.9275,0.9275,0.9275,0.9275,0.913,0.9275,0.913,0.9253
547,0.9275,0.9203,0.9275,0.9275,0.9275,0.9275,0.9275,0.9275,0.9275,0.913,0.9275,0.913,0.9253
548,0.9275,0.9203,0.9275,0.9275,0.9275,0.9275,0.9275,0.9275,0.9275,0.913,0.9275,0.913,0.9253
549,0.9275,0.9203,0.9275,0.9275,0.9275,0.9275,0.9275,0.9275,0.9275,0.913,0.9275,0.913,0.9253
550,0.9275,0.9203,0.9275,0.9275,0.9275,0.9275,0.9275,0.9275,0.9275,0.913,0.9275,0.913,0.9253
551,0.9275,0.9203,0.9275,0.9275,0.9275,0.9275,0.9275,0.9275,0.9275,0.913,0.9275,0.913,0.9253
552,0.9275,0.9203,0.9275,0.9275,0.9275,0.9275,0.9275,0.9275,0.9275,0.913,0.9275,0.913,0.9253
553,0.9275,0.9203,0.9275,0.9275,0.9275,0.9275,0.9275,0.9275,0.9275,0.913,0.9275,0.913,0.9253
554,0.9275,0.9203,0.9275,0.9275,0.9275,0.9275,0.9275,0.9275,0.9275,0.913,0.9275,0.913,0.9253
555,0.9275,0.9203,0.9275,0.9275,0.9275,0.9275,0.9275,0.9275,0.9275,0.913,0.9275,0.913,0.9253
556,0.9275,0.9203,0.9275,0.9275,0.9275,0.9275,0.9275,0.9275,0.9275,0.913,0.9275,0.913,0.9253
557,0.9275,0.9203,0.9275,0.9275,0.9275,0.9275,0.9275,0.9275,0.9275,0.913,0.9275,0.913,0.9253
558,0.9275,0.9203,0.9275,0.9275,0.9275,0.9275,0.9275,0.9275,0.9275,0.913,0.9275,0.913,0.9253
559,0.9275,0.9203,0.9275,0.9275,0.9275,0.9275,0.9275,0.9275,0.9275,0.913,0.9275,0.913,0.9253
560,0.9275,0.9203,0.9275,0.9275,0.9275,0.9275,0.9275,0.9275,0.9275,0.913,0.9275,0.913,0.9253
561,0.9275,0.9203,0.9275,0.9275,0.9275,0.9275,0.9275,0.9275,0.9275,0.913,0.9275,0.913,0.9253
562,0.9275,0.9203,0.9275,0.9275,0.9275,0.9275,0.9275,0.9275,0.9275,0.913,0.9275,0.913,0.9253
563,0.9275,0.9203,0.9275,0.9275,0.9275,0.9275,0.9275,0.9275,0.9275,0.913,0.9275,0.913,0.9253
564,0.9275,0.9203,0.9275,0.9275,0.9275,0.9275,0.9275,0.9275,0.9275,0.913,0.9275,0.913,0.9253
565,0.9275,0.9203,0.9275,0.9275,0.9275,0.9275,0.9275,0.9275,0.9275,0.913,0.9275,0.913,0.9253
566,0.9275,0.9203,0.9275,0.9275,0.9275,0.9275,0.9275,0.9275,0.9275,0.913,0.9275,0.913,0.9253
567,0.9275,0.9203,0.9275,0.9275,0.9275,0.9275,0.9275,0.9275,0.9275,0.913,0.9275,0.913,0.9253
568,0.9275,0.9203,0.9275,0.9275,0.9275,0.9275,0.9275,0.9275,0.9275,0.913,0.9275,0.913,0.9253
569,0.9275,0.9203,0.9275,0.9275,0.9275,0.9275,0.9275,0.9275,0.9275,0.913,0.9275,0.913,0.9253
570,0.9275,0.9203,0.9275,0.9275,0.9275,0.9275,0.9275,0.9275,0.9275,0.913,0.9275,0.913,0.9253
571,0.9275,0.9203,0.9275,0.9275,0.9275,0.9275,0.9275,0.9275,0.9275,0.913,0.9275,0.913,0.9253
572,0.9275,0.9203,0.9275,0.9275,0.9275,0.9275,0.9275,0.9275,0.9275,0.913,0.9275,0.913,0.9253
573,0.9275,0.9203,0.9275,0.9275,0.9275,0.9275,0.9275,0.9275,0.9275,0.913,0.9275,0.913,0.9253
574,0.9275,0.9203,0.9275,0.9275,0.9275,0.9275,0.9275,0.9275,0.9275,0.913,0.9275,0.913,0.9253
575,0.9275,0.9203,0.9275,0.9275,0.9275,0.9275,0.9275,0.9275,0.9275,0.913,0.9275,0.913,0.9253
576,0.9275,0.9203,0.9275,0.9275,0.9275,0.9275,0.9275,0.9275,0.9275,0.913,0.9275,0.913,0.9253
577,0.9275,0.9203,0.9275,0.9275,0.9275,0.9275,0.9275,0.9275,0.9275,0.913,0.9275,0.913,0.9253
578,0.9275,0.9203,0.9275,0.9275,0.9275,0.9275,0.9275,0.9275,0.9275,0.913,0.9275,0.913,0.9253
579,0.9275,0.9203,0.9275,0.9275,0.9275,0.9275,0.9275,0.9275,0.9275,0.913,0.9275,0.913,0.9253
580,0.9275,0.9203,0.9275,0.9275,0.9275,0.9275,0.9275,0.9275,0.9275,0.913,0.9275,0.913,0.9253
581,0.9275,0.9203,0.9275,0.9275,0.9275,0.9275,0.9275,0.9275,0.9275,0.913,0.9275,0.913,0.9253
582,0.9275,0.9203,0.9275,0.9275,0.9275,0.9275,0.9275,0.9275,0.9275,0.913,0.9275,0.913,0.9253
583,0.9275,0.9203,0.9275,0.9275,0.9275,0.9275,0.9275,0.9275,0.9275,0.913,0.9275,0.913,0.9253
584,0.9275,0.9203,0.9275,0.9275,0.9275,0.9275,0.9275,0.9275,0.9275,0.913,0.9275,0.913,0.9253
585,0.9275,0.9203,0.9275,0.9275,0.9275,0.9275,0.9275,0.9275,0.9275,0.913,0.9275,0.913,0.9253
586,0.9275,0.9203,0.9275,0.9275,0.9275,0.9275,0.9275,0.9275,0.9275,0.913,0.9275,0.913,0.9253
587,0.9275,0.9203,0.9275,0.9275,0.9275,0.9275,0.9275,0.9275,0.9275,0.913,0.9275,0.913,0.9253
588,0.9275,0.9203,0.9275,0.9275,0.9275,0.9275,0.9275,0.9275,0.9275,0.913,0.9275,0.913,0.9253
589,0.9275,0.9203,0.9275,0.9275,0.9275,0.9275,0.9275,0.9275,0.9275,0.913,0.9275,0.913,0.9253
590,0.9275,0.9203,0.9275,0.9275,0.9275,0.9275,0.9275,0.9275,0.9275,0.913,0.9275,0.913,0.9253
591,0.9275,0.9203,0.9275,0.9275,0.9275,0.9275,0.9275,0.9275,0.9275,0.913,0.9275,0.913,0.9253
592,0.9275,0.9203,0.9275,0.9275,0.9275,0.9275,0.9275,0.9275,0.9275,0.913,0.9275,0.913,0.9253
593,0.9275,0.9203,0.9275,0.9275,0.9275,0.9275,0.9275,0.9275,0.9275,0.913,0.9275,0.913,0.9253
594,0.9275,0.9203,0.9275,0.9275,0.9275,0.9275,0.9275,0.9275,0.9275,0.913,0.9275,0.913,0.9253
595,0.9275,0.9203,0.9275,0.9275,0.9275,0.9275,0.9275,0.9275,0.9275,0.913,0.9275,0.913,0.9253
596,0.9275,0.9203,0.9275,0.9275,0.9275,0.9275,0.9275,0.9275,0.9275,0.913,0.9275,0.913,0.9253
597,0.9275,0.9203,0.9275,0.9275,0.9275,0.9275,0.9275,0.9275,0.9275,0.913,0.9275,0.913,0.9253
598,0.9275,0.9203,0.9275,0.9275,0.9275,0.9275,0.9275,0.9275,0.9275,0.913,0.9275,0.913,0.9253
599,0.9275,0.9203,0.9275,0.9275,0.9275,0.9275,0.9275,0.9275,0.9275,0.913,0.9275,0.913,0.9253
600,0.9275,0.9203,0.9275,0.9275,0.9275,0.9275,0.9275,0.9275,0.9275,0.913,0.9275,0.913,0.9253
601,0.9275,0.9203,0.9275,0.9275,0.9275,0.9275,0.9275,0.9275,0.9275,0.913,0.9275,0.913,0.9253
602,0.9275,0.9203,0.9275,0.9275,0.9275,0.9275,0.9275,0.9275,0.9275,0.913,0.9275,0.913,0.9253
603,0.9275,0.9203,0.9275,0.9275,0.9275,0.9275,0.9275,0.9275,0.9275,0.913,0.9275,0.913,0.9253
604,0.9275,0.9203,0.9275,0.9275,0.9275,0.9275,0.9275,0.9275,0.9275,0.913,0.9275,0.913,0.9253
605,0.9275,0.9203,0.9275,0.9275,0.9275,0.9275,0.9275,0.9275,0.9275,0.913,0.9275,0.913,0.9253
606,0.9275,0.9203,0.9275,0.9275,0.9275,0.9275,0.9275,0.9275,0.9275,0.913,0.9275,0.913,0.9253
607,0.9275,0.9203,0.9275,0.9275,0.9275,0.9275,0.9275,0.9275,0.9275,0.913,0.9275,0.913,0.9253
1206,0.9275,0.9203,0.9275,0.9275,0.9275,0.9275,0.9275,0.9275,0.9275,0.913,0.9275,0.913,0.9253
1207,0.9275,0.9275,0.9275,0.9275,0.9275,0.9275,0.9275,0.9275,0.9275,0.913,0.9275,0.913,0.9261
1806,0.9275,0.9275,0.9275,0.9275,0.9275,0.9275,0.9275,0.9275,0.9275,0.913,0.9275,0.913,0.9261
1807,0.9275,0.9275,0.9275,0.9275,0.9275,0.9275,0.9275,0.9275,0.9275,0.9275,0.9275,0.9275,0.9275
2406,0.9275,0.9275,0.9275,0.9275,0.9275,0.9275,0.9275,0.9275,0.9275,0.9275,0.9275,0.9275,0.9275
2407,0.9275,0.9275,0.9275,0.9275,0.9275,0.9275,0.9275,0.9275,0.9275,0.9275,0.9275,0.9275,0.9275
3006,0.9275,0.9275,0.9275,0.9275,0.9275,0.9275,0.9275,0.9275,0.9275,0.9275,0.9275,0.9275,0.9275
3007,0.9275,0.9275,0.9275,0.9275,0.9275,0.9275,0.9275,0.9275,0.9275,0.9275,0.9275,0.9275,0.9275
3606,0.9275,0.9275,0.9275,0.9275,0.9275,0.9275,0.9275,0.9275,0.9275,0.9275,0.9275,0.9275,0.9275
3607,0.9275,0.9275,0.9275,0.9275,0.9275,0.9275,0.9275,0.9275,0.9275,0.9275,0.9275,0.9275,0.9275
4206,0.9275,0.9275,0.9275,0.9275,0.9275,0.9275,0.9275,0.9275,0.9275,0.9275,0.9275,0.9275,0.9275
4207,0.9275,0.9275,0.9275,0.9275,0.9275,0.9275,0.9275,0.9275,0.9275,0.9275,0.9275,0.9275,0.9275
4806,0.9275,0.9275,0.9275,0.9275,0.9275,0.9275,0.9275,0.9275,0.9275,0.9275,0.9275,0.9275,0.9275
4807,0.9275,0.9275,0.9275,0.9275,0.9275,0.9275,0.9275,0.9275,0.9275,0.9275,0.9275,0.9275,0.9275
5406,0.9275,0.9275,0.9275,0.9275,0.9275,0.9275,0.9275,0.9275,0.9275,0.9275,0.9275,0.9275,0.9275
5407,0.9275,0.9275,0.9275,0.9275,0.9275,0.9275,0.9275,0.9275,0.9275,0.9275,0.9275,0.9275,0.9275
6006,0.9275,0.9275,0.9275,0.9275,0.9275,0.9275,0.9275,0.9275,0.9275,0.9275,0.9275,0.9275,0.9275
6007,0.9275,0.9275,0.9275,0.9275,0.9275,0.9275,0.9275,0.9275,0.9275,0.9275,0.9275,0.9275,0.9275
6606,0.9275,0.9275,0.9275,0.9275,0.9275,0.9275,0.9275,0.9275,0.9275,0.9275,0.9275,0.9275,0.9275
6607,0.9275,0.9275,0.9275,0.9275,0.9275,0.9275,0.9275,0.9275,0.9275,0.9275,0.9275,0.9275,0.9275
7206,0.9275,0.9275,0.9275,0.9275,0.9275,0.9275,0.9275,0.9275,0.9275,0.9275,0.9275,0.9275,0.9275
7207,0.9275,0.9275,0.9275,0.9275,0.9275,0.9275,0.9275,0.9275,0.9275,0.9275,0.9275,0.9275,0.9275
7806,0.9275,0.9275,0.9275,0.9275,0.9275,0.9275,0.9275,0.9275,0.9275,0.9275,0.9275,0.9275,0.9275
7807,0.9275,0.9275,0.9275,0.9275,0.9275,0.9275,0.9275,0.9275,0.9275,0.9275,0.9275,0.9275,0.9275
8406,0.9275,0.9275,0.9275,0.9275,0.9275,0.9275,0.9275,0.9275,0.9275,0.9275,0.9275,0.9275,0.9275
8407,0.9275,0.9275,0.9275,0.9275,0.9275,0.9275,0.9275,0.9275,0.9275,0.9275,0.9275,0.9275,0.9275
9006,0.9275,0.9275,0.9275,0.9275,0.9275,0.9275,0.9275,0.9275,0.9275,0.9275,0.9275,0.9275,0.9275
9007,0.9275,0.9275,0.9275,0.9275,0.9275,0.9275,0.9275,0.9275,0.9275,0.9275,0.9275,0.9275,0.9275
9606,0.9275,0.9275,0.9275,0.9275,0.9275,0.9275,0.9275,0.9275,0.9275,0.9275,0.9275,0.9275,0.9275
9607,0.9275,0.9275,0.9275,0.9275,0.9275,0.9275,0.9275,0.9275,0.9275,0.9275,0.9275,0.9275,0.9275
10206,0.9275,0.9275,0.9275,0.9275,0.9275,0.9275,0.9275,0.9275,0.9275,0.9275,0.9275,0.9275,0.9275
10207,0.9275,0.9275,0.9275,0.9275,0.9275,0.9275,0.9275,0.9275,0.9275,0.9275,0.9275,0.9275,0.9275
10806,0.9275,0.9275,0.9275,0.9275,0.9275,0.9275,0.9275,0.9275,0.9275,0.9275,0.9275,0.9275,0.9275
10807,0.9275,0.9275,0.9275,0.9275,0.9275,0.9275,0.9275,0.9275,0.9275,0.9275,0.9275,0.9275,0.9275
11406,0.9275,0.9275,0.9275,0.9275,0.9275,0.9275,0.9275,0.9275,0.9275,0.9275,0.9275,0.9275,0.9275
11407,0.9275,0.9275,0.9275,0.9275,0.9275,0.9275,0.9275,0.9275,0.9275,0.9275,0.9275,0.9275,0.9275
12006,0.9275,0.9275,0.9275,0.9275,0.9275,0.9275,0.9275,0.9275,0.9275,0.9275,0.9275,0.9275,0.9275
12007,0.9275,0.9275,0.9275,0.9275,0.9275,0.9275,0.9275,0.9275,0.9275,0.9275,0.9275,0.9275,0.9275
12606,0.9275,0.9275,0.9275,0.9275,0.9275,0.9275,0.9275,0.9275,0.9275,0.9275,0.9275,0.9275,0.9275
12607,0.9275,0.9275,0.9275,0.9275,0.9275,0.9275,0.9275,0.9275,0.9275,0.9275,0.9275,0.9275,0.9275
13206,0.9275,0.9275,0.9275,0.9275,0.9275,0.9275,0.9275,0.9275,0.9275,0.9275,0.9275,0.9275,0.9275
13207,0.9275,0.9275,0.9275,0.9275,0.9275,0.9275,0.9275,0.9275,0.9275,0.9275,0.9275,0.9275,0.9275
13806,0.9275,0.9275,0.9275,0.9275,0.9275,0.9275,0.9275,0.9275,0.9275,0.9275,0.9275,0.9275,0.9275
13807,0.9275,0.9275,0.9275,0.9275,0.9275,0.9275,0.9275,0.9275,0.9275,0.9275,0.9275,0.9275,0.9275
14406,0.9275,0.9275,0.9275,0.9275,0.9275,0.9275,0.9275,0.9275,0.9275,0.9275,0.9275,0.9275,0.9275
14407,0.9275,0.9275,0.9275,0.9275,0.9275,0.9275,0.9275,0.9275,0.9275,0.9275,0.9275,0.9275,0.9275
15006,0.9275,0.9275,0.9275,0.9275,0.9275,0.9275,0.9275,0.9275,0.9275,0.9275,0.9275,0.9275,0.9275
15007,0.9275,0.9275,0.9275,0.9275,0.9275,0.9275,0.9275,0.9275,0.9275,0.9275,0.9275,0.9275,0.9275
15606,0.9275,0.9275,0.9275,0.9275,0.9275,0.9275,0.9275,0.9275,0.9275,0.9275,0.9275,0.9275,0.9275
15607,0.9275,0.9275,0.9275,0.9275,0.9275,0.9275,0.9275,0.9275,0.9275,0.9275,0.9275,0.9275,0.9275
16206,0.9275,0.9275,0.9275,0.9275,0.9275,0.9275,0.9275,0.9275,0.9275,0.9275,0.9275,0.9275,0.9275
16207,0.9275,0.9275,0.9275,0.9275,0.9275,0.9275,0.9275,0.9275,0.9275,0.9275,0.9275,0.9275,0.9275
16806,0.9275,0.9275,0.9275,0.9275,0.9275,0.9275,0.9275,0.9275,0.9275,0.9275,0.9275,0.9275,0.9275
16807,0.9275,0.9275,0.9275,0.9275,0.9275,0.9275,0.9275,0.9275,0.9275,0.9275,0.9275,0.9275,0.9275
17406,0.9275,0.9275,0.9275,0.9275,0.9275,0.9275,0.9275,0.9275,0.9275,0.9275,0.9275,0.9275,0.9275
17407,0.9275,0.9275,0.9275,0.9275,0.9275,0.9275,0.9275,0.9275,0.9275,0.9275,0.9275,0.9275,0.9275
18006,0.9275,0.9275,0.9275,0.9275,0.9275,0.9275,0.9275,0.9275,0.9275,0.9275,0.9275,0.9275,0.9275
18007,0.9275,0.9275,0.9275,0.9275,0.9275,0.9275,0.9275,0.9275,0.9275,0.9275,0.9275,0.9275,0.9275
18606,0.9275,0.9275,0.9275,0.9275,0.9275,0.9275,0.9275,0.9275,0.9275,0.9275,0.9275,0.9275,0.9275
18607,0.9275,0.9275,0.9275,0.9275,0.9275,0.9275,0.9275,0.9275,0.9275,0.9275,0.9275,0.9275,0.9275
19206,0.9275,0.9275,0.9275,0.9275,0.9275,0.9275,0.9275,0.9275,0.9275,0.9275,0.9275,0.9275,0.9275
19207,0.9275,0.9275,0.9275,0.9275,0.9275,0.9275,0.9275,0.9275,0.9275,0.9275,0.9275,0.9275,0.9275
19806,0.9275,0.9275,0.9275,0.9275,0.9275,0.9275,0.9275,0.9275,0.9275,0.9275,0.9275,0.9275,0.9275
19807,0.9275,0.9275,0.9275,0.9275,0.9275,0.9275,0.9275,0.9275,0.9275,0.9275,0.9275,0.9275,0.9275
20406,0.9275,0.9275,0.9275,0.9275,0.9275,0.9275,0.9275,0.9275,0.9275,0.9275,0.9275,0.9275,0.9275
20407,0.9275,0.9275,0.9275,0.9275,0.9275,0.9275,0.9275,0.9275,0.9275,0.9275,0.9275,0.9275,0.9275
21006,0.9275,0.9275,0.9275,0.9275,0.9275,0.9275,0.9275,0.9275,0.9275,0.9275,0.9275,0.9275,0.9275
21007,0.9275,0.9275,0.9275,0.9275,0.9275,0.9275,0.9275,0.9275,0.9275,0.9275,0.9275,0.9275,0.9275
21606,0.9275,0.9275,0.9275,0.9275,0.9275,0.9275,0.9275,0.9275,0.9275,0.9275,0.9275,0.9275,0.9275
21607,0.9275,0.9275,0.9275,0.9275,0.9275,0.9275,0.9275,0.9275,0.9275,0.9275,0.9275,0.9275,0.9275
22206,0.9275,0.9275,0.9275,0.9275,0.9275,0.9275,0.9275,0.9275,0.9275,0.9275,0.9275,0.9275,0.9275
22207,0.9275,0.9275,0.9275,0.9275,0.9275,0.9275,0.9275,0.9275,0.9275,0.9275,0.9275,0.9275,0.9275
22806,0.9275,0.9275,0.9275,0.9275,0.9275,0.9275,0.9275,0.9275,0.9275,0.9275,0.9275,0.9275,0.9275
22807,0.9275,0.9275,0.9275,0.9275,0.9275,0.9275,0.9275,0.9275,0.9275,0.9275,0.9275,0.9275,0.9275
23406,0.9275,0.9275,0.9275,0.9275,0.9275,0.9275,0.9275,0.9275,0.9275,0.9275,0.9275,0.9275,0.9275
23407,0.9275,0.9275,0.9275,0.9275,0.9275,0.9275,0.9275,0.9275,0.9275,0.9275,0.9275,0.9275,0.9275
24006,0.9275,0.9275,0.9275,0.9275,0.9275,0.9275,0.9275,0.9275,0.9275,0.9275,0.9275,0.9275,0.9275
24007,0.9275,0.9275,0.9275,0.9275,0.9275,0.9275,0.9275,0.9275,0.9275,0.9275,0.9275,0.9275,0.9275
24606,0.9275,0.9275,0.9275,0.9275,0.9275,0.9275,0.9275,0.9275,0.9275,0.9275,0.9275,0.9275,0.9275
24607,0.9275,0.9275,0.9275,0.9275,0.9275,0.9275,0.9275,0.9275,0.9275,0.9275,0.9275,0.9275,0.9275
25206,0.9275,0.9275,0.9275,0.9275,0.9275,0.9275,0.9275,0.9275,0.9275,0.9275,0.9275,0.9275,0.9275
25207,0.9275,0.9275,0.9275,0.9275,0.9275,0.9275,0.9275,0.9275,0.9275,0.9275,0.9275,0.9275,0.9275
25806,0.9275,0.9275,0.9275,0.9275,0.9275,0.9275,0.9275,0.9275,0.9275,0.9275,0.9275,0.9275,0.9275
25807,0.9275,0.9275,0.9275,0.9275,0.9275,0.9275,0.9275,0.9275,0.9275,0.9275,0.9275,0.9275,0.9275
26406,0.9275,0.9275,0.9275,0.9275,0.9275,0.9275,0.9275,0.9275,0.9275,0.9275,0.9275,0.9275,0.9275
26407,0.9275,0.9275,0.9275,0.9275,0.9275,0.9275,0.9275,0.9275,0.9275,0.9275,0.9275,0.9275,0.9275
27006,0.9275,0.9275,0.9275,0.9275,0.9275,0.9275,0.9275,0.9275,0.9275,0.9275,0.9275,0.9275,0.9275
27007,0.9275,0.9275,0.9275,0.9275,0.9275,0.9275,0.9275,0.9275,0.9275,0.9275,0.9275,0.9275,0.9275
27606,0.9275,0.9275,0.9275,0.9275,0.9275,0.9275,0.9275,0.9275,0.9275,0.9275,0.9275,0.9275,0.9275
27607,0.9275,0.9275,0.9275,0.9275,0.9275,0.9275,0.9275,0.9275,0.9275,0.9275,0.9275,0.9275,0.9275
28206,0.9275,0.9275,0.9275,0.9275,0.9275,0.9275,0.9275,0.9275,0.9275,0.9275,0.9275,0.9275,0.9275
28207,0.9275,0.9275,0.9275,0.9275,0.9275,0.9275,0.9275,0.9275,0.9275,0.9275,0.9275,0.9275,0.9275
28806,0.9275,0.9275,0.9275,0.9275,0.9275,0.9275,0.9275,0.9275,0.9275,0.9275,0.9275,0.9275,0.9275
28807,0.9275,0.9275,0.9275,0.9275,0.9275,0.9275,0.9275,0.9275,0.9275,0.9275,0.9275,0.9275,0.9275
29406,0.9275,0.9275,0.9275,0.9275,0.9275,0.9275,0.9275,0.9275,0.9275,0.9275,0.9275,0.9275,0.9275
29407,0.9275,0.9275,0.9275,0.9275,0.9275,0.9275,0.9275,0.9275,0.9275,0.9275,0.9275,0.9275,0.9275
30006,0.9275,0.9275,0.9275,0.9275,0.9275,0.9275,0.9275,0.9275,0.9275,0.9275,0.9275,0.9275,0.9275
30007,0.9275,0.9275,0.9275,0.9275,0.9275,0.9275,0.9275,0.9275,0.9275,0.9275,0.9275,0.9275,0.9275
30606,0.9275,0.9275,0.9275,0.9275,0.9275,0.9275,0.9275,0.9275,0.9275,0.9275,0.9275,0.9275,0.9275
30607,0.9275,0.9275,0.9275,0.9275,0.9275,0.9275,0.9275,0.9275,0.9275,0.9275,0.9275,0.9275,0.9275
31206,0.9275,0.9275,0.9275,0.9275,0.9275,0.9275,0.9275,0.9275,0.9275,0.9275,0.9275,0.9275,0.9275
31207,0.9275,0.9275,0.9275,0.9275,0.9275,0.9275,0.9275,0.9275,0.9275,0.9275,0.9275,0.9275,0.9275
31806,0.9275,0.9275,0.9275,0.9275,0.9275,0.9275,0.9275,0.9275,0.9275,0.9275,0.9275,0.9275,0.9275
31807,0.9275,0.9275,0.9275,0.9275,0.9275,0.9275,0.9275,0.9275,0.9275,0.9275,0.9275,0.9275,0.9275
32406,0.9275,0.9275,0.9275,0.9275,0.9275,0.9275,0.9275,0.9275,0.9275,0.9275,0.9275,0.9275,0.9275
32407,0.9275,0.9275,0.9275,0.9275,0.9275,0.9275,0.9275,0.9275,0.9275,0.9275,0.9275,0.9275,0.9275
33006,0.9275,0.9275,0.9275,0.9275,0.9275,0.9275,0.9275,0.9275,0.9275,0.9275,0.9275,0.9275,0.9275
33007,0.9275,0.9275,0.9275,0.9275,0.9275,0.9275,0.9275,0.9275,0.9275,0.9275,0.9275,0.9275,0.9275
33606,0.9275,0.9275,0.9275,0.9275,0.9275,0.9275,0.9275,0.9275,0.9275,0.9275,0.9275,0.9275,0.9275
33607,0.9275,0.9275,0.9275,0.9275,0.9275,0.9275,0.9275,0.9275,0.9275,0.9275,0.9275,0.9275,0.9275
34206,0.9275,0.9275,0.9275,0.9275,0.9275,0.9275,0.9275,0.9275,0.9275,0.9275,0.9275,0.9275,0.9275
34207,0.9275,0.9275,0.9275,0.9275,0.9275,0.9275,0.9275,0.9275,0.9275,0.9275,0.9275,0.9275,0.9275
34806,0.9275,0.9275,0.9275,0.9275,0.9275,0.9275,0.9275,0.9275,0.9275,0.9275,0.9275,0.9275,0.9275
34807,0.9275,0.9275,0.9275,0.9275,0.9275,0.9275,0.9275,0.9275,0.9275,0.9275,0.9275,0.9275,0.9275
35406,0.9275,0.9275,0.9275,0.9275,0.9275,0.9275,0.9275,0.9275,0.9275,0.9275,0.9275,0.9275,0.9275
35407,0.9275,0.9275,0.9275,0.9275,0.9275,0.9275,0.9275,0.9275,0.9275,0.9275,0.9275,0.9275,0.9275
36007,0.9275,0.9275,0.9275,0.9275,0.9275,0.9275,0.9275,0.9275,0.9275,0.9275,0.9275,0.9275,0.9275
36607,0.9275,0.9275,0.9275,0.9275,0.9275,0.9275,0.9275,0.9275,0.9275,0.9275,0.9275,0.9275,0.9275
37207,0.9275,0.9275,0.9275,0.9275,0.9275,0.9275,0.9275,0.9275,0.9275,0.9275,0.9275,0.9275,0.9275
37807,0.9275,0.9275,0.9275,0.9275,0.9275,0.9275,0.9275,0.9275,0.9275,0.9275,0.9275,0.9275,0.9275
38407,0.9275,0.9275,0.9275,0.9275,0.9275,0.9275,0.9275,0.9275,0.9275,0.9275,0.9275,0.9275,0.9275
39007,0.9275,0.9275,0.9275,0.9275,0.9275,0.9275,0.9275,0.9275,0.9275,0.9275,0.9275,0.9275,0.9275
39607,0.9275,0.9275,0.9275,0.9275,0.9275,0.9275,0.9275,0.9275,0.9275,0.9275,0.9275,0.9275,0.9275
40207,0.9275,0.9275,0.9275,0.9275,0.9275,0.9275,0.9275,0.9275,0.9275,0.9275,0.9275,0.9275,0.9275
40807,0.9275,0.9275,0.9275,0.9275,0.9275,0.9275,0.9275,0.9275,0.9275,0.9275,0.9275,0.9275,0.9275
41407,0.9275,0.9275,0.9275,0.9275,0.9275,0.9275,0.9275,0.9275,0.9275,0.9275,0.9275,0.9275,0.9275
42007,0.9275,0.9275,0.9275,0.9275,0.9275,0.9275,0.9275,0.9275,0.9275,0.9275,0.9275,0.9275,0.9275
42607,0.9275,0.9275,0.9275,0.9275,0.9275,0.9275,0.9275,0.9275,0.9275,0.9275,0.9275,0.9275,0.9275
43207,0.9275,0.9275,0.9275,0.9275,0.9275,0.9275,0.9275,0.9275,0.9275,0.9275,0.9275,0.9275,0.9275
43807,0.9275,0.9275,0.9275,0.9275,0.9275,0.9275,0.9275,0.9275,0.9275,0.9275,0.9275,0.9275,0.9275
44407,0.9275,0.9275,0.9275,0.9275,0.9275,0.9275,0.9275,0.9275,0.9275,0.9275,0.9275,0.9275,0.9275
45007,0.9275,0.9275,0.9275,0.9275,0.9275,0.9275,0.9275,0.9275,0.9275,0.9275,0.9275,0.9275,0.9275
45607,0.9275,0.9275,0.9275,0.9275,0.9275,0.9275,0.9275,0.9275,0.9275,0.9275,0.9275,0.9275,0.9275
46207,0.9275,0.9275,0.9275,0.9275,0.9275,0.9275,0.9275,0.9275,0.9275,0.9275,0.9275,0.9275,0.9275
46807,0.9275,0.9275,0.9275,0.9275,0.9275,0.9275,0.9275,0.9275,0.9275,0.9275,0.9275,0.9275,0.9275
47407,0.9275,0.9275,0.9275,0.9275,0.9275,0.9275,0.9275,0.9275,0.9275,0.9275,0.9275,0.9275,0.9275
48007,0.9275,0.9275,0.9275,0.9275,0.9275,0.9275,0.9275,0.9275,0.9275,0.9275,0.9275,0.9275,0.9275
48607,0.9275,0.9275,0.9275,0.9275,0.9275,0.9275,0.9275,0.9275,0.9275,0.9275,0.9275,0.9275,0.9275
49207,0.9275,0.9275,0.9275,0.9275,0.9275,0.9275,0.9275,0.9275,0.9275,0.9275,0.9275,0.9275,0.9275
49807,0.9275,0.9275,0.9275,0.9275,0.9275,0.9275,0.9275,0.9275,0.9275,0.9275,0.9275,0.9275,0.9275
49808,0.9275,0.9275,0.9275,0.9275,0.9275,0.9275,0.9275,0.9275,0.9275,0.9275,0.9275,0.9275,0.9275
50407,0.9275,0.9275,0.9275,0.9275,0.9275,0.9275,0.9275,0.9275,0.9275,0.9275,0.9275,0.9275,0.9275
50408,0.9275,0.9275,0.9275,0.9275,0.9275,0.9275,0.9275,0.9275,0.9275,0.9275,0.9275,0.9275,0.9275
51007,0.9275,0.9275,0.9275,0.9275,0.9275,0.9275,0.9275,0.9275,0.9275,0.9275,0.9275,0.9275,0.9275
51008,0.9275,0.9275,0.9275,0.9275,0.9275,0.9275,0.9275,0.9275,0.9275,0.9275,0.9275,0.9275,0.9275
51607,0.9275,0.9275,0.9275,0.9275,0.9275,0.9275,0.9275,0.9275,0.9275,0.9275,0.9275,0.9275,0.9275
51608,0.9275,0.9275,0.9275,0.9275,0.9275,0.9275,0.9275,0.9275,0.9275,0.9275,0.9275,0.9275,0.9275
52207,0.9275,0.9275,0.9275,0.9275,0.9275,0.9275,0.9275,0.9275,0.9275,0.9275,0.9275,0.9275,0.9275
52208,0.9275,0.9275,0.9275,0.9275,0.9275,0.9275,0.9275,0.9275,0.9275,0.9275,0.9275,0.9275,0.9275
52807,0.9275,0.9275,0.9275,0.9275,0.9275,0.9275,0.9275,0.9275,0.9275,0.9275,0.9275,0.9275,0.9275
52808,0.9275,0.9275,0.9275,0.9275,0.9275,0.9275,0.9275,0.9275,0.9275,0.9275,0.9275,0.9275,0.9275
53407,0.9275,0.9275,0.9275,0.9275,0.9275,0.9275,0.9275,0.9275,0.9275,0.9275,0.9275,0.9275,0.9275
53408,0.9275,0.9275,0.9275,0.9275,0.9275,0.9275,0.9275,0.9275,0.9275,0.9275,0.9275,0.9275,0.9275
54007,0.9275,0.9275,0.9275,0.9275,0.9275,0.9275,0.9275,0.9275,0.9275,0.9275,0.9275,0.9275,0.9275
54008,0.9275,0.9275,0.9275,0.9275,0.9275,0.9275,0.9275,0.9275,0.9275,0.9275,0.9275,0.9275,0.9275
54607,0.9275,0.9275,0.9275,0.9275,0.9275,0.9275,0.9275,0.9275,0.9275,0.9275,0.9275,0.9275,0.9275
54608,0.9275,0.9275,0.9275,0.9275,0.9275,0.9275,0.9275,0.9275,0.9275,0.9275,0.9275,0.9275,0.9275
55207,0.9275,0.9275,0.9275,0.9275,0.9275,0.9275,0.9275,0.9275,0.9275,0.9275,0.9275,0.9275,0.9275
55208,0.9275,0.9275,0.9275,0.9275,0.9275,0.9275,0.9275,0.9275,0.9275,0.9275,0.9275,0.9275,0.9275
55807,0.9275,0.9275,0.9275,0.9275,0.9275,0.9275,0.9275,0.9275,0.9275,0.9275,0.9275,0.9275,0.9275
55808,0.9275,0.9275,0.9275,0.9275,0.9275,0.9275,0.9275,0.9275,0.9275,0.9275,0.9275,0.9275,0.9275
56407,0.9275,0.9275,0.9275,0.9275,0.9275,0.9275,0.9275,0.9275,0.9275,0.9275,0.9275,0.9275,0.9275
56408,0.9275,0.9275,0.9275,0.9275,0.9275,0.9275,0.9275,0.9275,0.9275,0.9275,0.9275,0.9275,0.9275
57007,0.9275,0.9275,0.9275,0.9275,0.9275,0.9275,0.9275,0.9275,0.9275,0.9275,0.9275,0.9275,0.9275
57008,0.9275,0.9275,0.9275,0.9275,0.9275,0.9275,0.9275,0.9275,0.9275,0.9275,0.9275,0.9275,0.9275
57607,0.9275,0.9275,0.9275,0.9275,0.9275,0.9275,0.9275,0.9275,0.9275,0.9275,0.9275,0.9275,0.9275
57608,0.9275,0.9275,0.9275,0.9275,0.9275,0.9275,0.9275,0.9275,0.9275,0.9275,0.9275,0.9275,0.9275
58207,0.9275,0.9275,0.9275,0.9275,0.9275,0.9275,0.9275,0.9275,0.9275,0.9275,0.9275,0.9275,0.9275
58208,0.9275,0.9275,0.9275,0.9275,0.9275,0.9275,0.9275,0.9275,0.9275,0.9275,0.9275,0.9275,0.9275
58807,0.9275,0.9275,0.9275,0.9275,0.9275,0.9275,0.9275,0.9275,0.9275,0.9275,0.9275,0.9275,0.9275
58808,0.9275,0.9275,0.9275,0.9275,0.9275,0.9275,0.9275,0.9275,0.9275,0.9275,0.9275,0.9275,0.9275
59407,0.9275,0.9275,0.9275,0.9275,0.9275,0.9275,0.9275,0.9275,0.9275,0.9275,0.9275,0.9275,0.9275
59408,0.9275,0.9275,0.9275,0.9275,0.9275,0.9275,0.9275,0.9275,0.9275,0.9275,0.9275,0.9275,0.9275
60007,0.9275,0.9275,0.9275,0.9275,0.9275,0.9275,0.9275,0.9275,0.9275,0.9275,0.9275,0.9275,0.9275
60008,0.9275,0.9275,0.9275,0.9275,0.9275,0.9275,0.9275,0.9275,0.9275,0.9275,0.9275,0.9275,0.9275
60607,0.9275,0.9275,0.9275,0.9275,0.9275,0.9275,0.9275,0.9275,0.9275,0.9275,0.9275,0.9275,0.9275
60608,0.9275,0.9275,0.9275,0.9275,0.9275,0.9275,0.9275,0.9275,0.9275,0.9275,0.9275,0.9275,0.9275
61207,0.9275,0.9275,0.9275,0.9275,0.9275,0.9275,0.9275,0.9275,0.9275,0.9275,0.9275,0.9275,0.9275
61208,0.9275,0.9275,0.9275,0.9275,0.9275,0.9275,0.9275,0.9275,0.9275,0.9275,0.9275,0.9275,0.9275
61807,0.9275,0.9275,0.9275,0.9275,0.9275,0.9275,0.9275,0.9275,0.9275,0.9275,0.9275,0.9275,0.9275
61808,0.9275,0.9275,0.9275,0.9275,0.9275,0.9275,0.9275,0.9275,0.9275,0.9275,0.9275,0.9275,0.9275
62407,0.9275,0.9275,0.9275,0.9275,0.9275,0.9275,0.9275,0.9275,0.9275,0.9275,0.9275,0.9275,0.9275
62408,0.9275,0.9275,0.9275,0.9275,0.9275,0.9275,0.9275,0.9275,0.9275,0.9275,0.9275,0.9275,0.9275
63007,0.9275,0.9275,0.9275,0.9275,0.9275,0.9275,0.9275,0.9275,0.9275,0.9275,0.9275,0.9275,0.9275
63008,0.9275,0.9275,0.9275,0.9275,0.9275,0.9275,0.9275,0.9275,0.9275,0.9275,0.9275,0.9275,0.9275
63607,0.9275,0.9275,0.9275,0.9275,0.9275,0.9275,0.9275,0.9275,0.9275,0.9275,0.9275,0.9275,0.9275
63608,0.9275,0.9275,0.9275,0.9275,0.9275,0.9275,0.9275,0.9275,0.9275,0.9275,0.9275,0.9275,0.9275
64207,0.9275,0.9275,0.9275,0.9275,0.9275,0.9275,0.9275,0.9275,0.9275,0.9275,0.9275,0.9275,0.9275
64208,0.9275,0.9275,0.9275,0.9275,0.9275,0.9275,0.9275,0.9275,0.9275,0.9275,0.9275,0.9275,0.9275
64807,0.9275,0.9275,0.9275,0.9275,0.9275,0.9275,0.9275,0.9275,0.9275,0.9275,0.9275,0.9275,0.9275
64808,0.9275,0.9275,0.9275,0.9275,0.9275,0.9275,0.9275,0.9275,0.9275,0.9275,0.9275,0.9275,0.9275
65407,0.9275,0.9275,0.9275,0.9275,0.9275,0.9275,0.9275,0.9275,0.9275,0.9275,0.9275,0.9275,0.9275
65408,0.9275,0.9275,0.9275,0.9275,0.9275,0.9275,0.9275,0.9275,0.9275,0.9275,0.9275,0.9275,0.9275
66007,0.9275,0.9275,0.9275,0.9275,0.9275,0.9275,0.9275,0.9275,0.9275,0.9275,0.9275,0.9275,0.9275
66008,0.9275,0.9275,0.9275,0.9275,0.9275,0.9275,0.9275,0.9275,0.9275,0.9275,0.9275,0.9275,0.9275
66607,0.9275,0.9275,0.9275,0.9275,0.9275,0.9275,0.9275,0.9275,0.9275,0.9275,0.9275,0.9275,0.9275
66608,0.9275,0.9275,0.9275,0.9275,0.9275,0.9275,0.9275,0.9275,0.9275,0.9275,0.9275,0.9275,0.9275
67207,0.9275,0.9275,0.9275,0.9275,0.9275,0.9275,0.9275,0.9275,0.9275,0.9275,0.9275,0.9275,0.9275
67208,0.9275,0.9275,0.9275,0.9275,0.9275,0.9275,0.9275,0.9275,0.9275,0.9275,0.9275,0.9275,0.9275
67807,0.9275,0.9275,0.9275,0.9275,0.9275,0.9275,0.9275,0.9275,0.9275,0.9275,0.9275,0.9275,0.9275
67808,0.9275,0.9275,0.9275,0.9275,0.9275,0.9275,0.9275,0.9275,0.9275,0.9275,0.9275,0.9275,0.9275
68407,0.9275,0.9275,0.9275,0.9275,0.9275,0.9275,0.9275,0.9275,0.9275,0.9275,0.9275,0.9275,0.9275
68408,0.9275,0.9275,0.9275,0.9275,0.9275,0.9275,0.9275,0.9275,0.9275,0.9275,0.9275,0.9275,0.9275
69007,0.9275,0.9275,0.9275,0.9275,0.9275,0.9275,0.9275,0.9275,0.9275,0.9275,0.9275,0.9275,0.9275
69008,0.9275,0.9275,0.9275,0.9275,0.9275,0.9275,0.9275,0.9275,0.9275,0.9275,0.9275,0.9275,0.9275
69607,0.9275,0.9275,0.9275,0.9275,0.9275,0.9275,0.9275,0.9275,0.9275,0.9275,0.9275,0.9275,0.9275
69608,0.9275,0.9275,0.9275,0.9275,0.9275,0.9275,0.9275,0.9275,0.9275,0.9275,0.9275,0.9275,0.9275
70207,0.9275,0.9275,0.9275,0.9275,0.9275,0.9275,0.9275,0.9275,0.9275,0.9275,0.9275,0.9275,0.9275
70208,0.9275,0.9275,0.9275,0.9275,0.9275,0.9275,0.9275,0.9275,0.9275,0.9275,0.9275,0.9275,0.9275
70807,0.9275,0.9275,0.9275,0.9275,0.9275,0.9275,0.9275,0.9275,0.9275,0.9275,0.9275,0.9275,0.9275
70808,0.9275,0.9275,0.9275,0.9275,0.9275,0.9275,0.9275,0.9275,0.9275,0.9275,0.9275,0.9275,0.9275
71407,0.9275,0.9275,0.9275,0.9275,0.9275,0.9275,0.9275,0.9275,0.9275,0.9275,0.9275,0.9275,0.9275
71408,0.9275,0.9275,0.9275,0.9275,0.9275,0.9275,0.9275,0.9275,0.9275,0.9275,0.9275,0.9275,0.9275
72007,0.9275,0.9275,0.9275,0.9275,0.9275,0.9275,0.9275,0.9275,0.9275,0.9275,0.9275,0.9275,0.9275
72008,0.9275,0.9275,0.9275,0.9275,0.9275,0.9275,0.9275,0.9275,0.9275,0.9275,0.9275,0.9275,0.9275
72607,0.9275,0.9275,0.9275,0.9275,0.9275,0.9275,0.9275,0.9275,0.9275,0.9275,0.9275,0.9275,0.9275
72608,0.9275,0.9275,0.9275,0.9275,0.9275,0.9275,0.9275,0.9275,0.9275,0.9275,0.9275,0.9275,0.9275
73207,0.9275,0.9275,0.9275,0.9275,0.9275,0.9275,0.9275,0.9275,0.9275,0.9275,0.9275,0.9275,0.9275
73208,0.9275,0.9275,0.9275,0.9275,0.9275,0.9275,0.9275,0.9275,0.9275,0.9275,0.9275,0.9275,0.9275
73807,0.9275,0.9275,0.9275,0.9275,0.9275,0.9275,0.9275,0.9275,0.9275,0.9275,0.9275,0.9275,0.9275
73808,0.9275,0.9275,0.9275,0.9275,0.9275,0.9275,0.9275,0.9275,0.9275,0.9275,0.9275,0.9275,0.9275
74407,0.9275,0.9275,0.9275,0.9275,0.9275,0.9275,0.9275,0.9275,0.9275,0.9275,0.9275,0.9275,0.9275
74408,0.9275,0.9275,0.9275,0.9275,0.9275,0.9275,0.9275,0.9275,0.9275,0.9275,0.9275,0.9275,0.9275
75007,0.9275,0.9275,0.9275,0.9275,0.9275,0.9275,0.9275,0.9275,0.9275,0.9275,0.9275,0.9275,0.9275
75008,0.9275,0.9275,0.9275,0.9275,0.9275,0.9275,0.9275,0.9275,0.9275,0.9275,0.9275,0.9275,0.9275
75607,0.9275,0.9275,0.9275,0.9275,0.9275,0.9275,0.9275,0.9275,0.9275,0.9275,0.9275,0.9275,0.9275
75608,0.9275,0.9275,0.9275,0.9275,0.9275,0.9275,0.9275,0.9275,0.9275,0.9275,0.9275,0.9275,0.9275
76207,0.9275,0.9275,0.9275,0.9275,0.9275,0.9275,0.9275,0.9275,0.9275,0.9275,0.9275,0.9275,0.9275
76208,0.9275,0.9275,0.9275,0.9275,0.9275,0.9275,0.9275,0.9275,0.9275,0.9275,0.9275,0.9275,0.9275
76807,0.9275,0.9275,0.9275,0.9275,0.9275,0.9275,0.9275,0.9275,0.9275,0.9275,0.9275,0.9275,0.9275
76808,0.9275,0.9275,0.9275,0.9275,0.9275,0.9275,0.9275,0.9275,0.9275,0.9275,0.9275,0.9275,0.9275
77407,0.9275,0.9275,0.9275,0.9275,0.9275,0.9275,0.9275,0.9275,0.9275,0.9275,0.9275,0.9275,0.9275
77408,0.9275,0.9275,0.9275,0.9275,0.9275,0.9275,0.9275,0.9275,0.9275,0.9275,0.9275,0.9275,0.9275
78007,0.9275,0.9275,0.9275,0.9275,0.9275,0.9275,0.9275,0.9275,0.9275,0.9275,0.9275,0.9275,0.9275
78008,0.9275,0.9275,0.9275,0.9275,0.9275,0.9275,0.9275,0.9275,0.9275,0.9275,0.9275,0.9275,0.9275
78607,0.9275,0.9275,0.9275,0.9275,0.9275,0.9275,0.9275,0.9275,0.9275,0.9275,0.9275,0.9275,0.9275
78608,0.9275,0.9275,0.9275,0.9275,0.9275,0.9275,0.9275,0.9275,0.9275,0.9275,0.9275,0.9275,0.9275
79207,0.9275,0.9275,0.9275,0.9275,0.9275,0.9275,0.9275,0.9275,0.9275,0.9275,0.9275,0.9275,0.9275
79208,0.9275,0.9275,0.9275,0.9275,0.9275,0.9275,0.9275,0.9275,0.9275,0.9275,0.9275,0.9275,0.9275
79807,0.9275,0.9275,0.9275,0.9275,0.9275,0.9275,0.9275,0.9275,0.9275,0.9275,0.9275,0.9275,0.9275
79808,0.9275,0.9275,0.9275,0.9275,0.9275,0.9275,0.9275,0.9275,0.9275,0.9275,0.9275,0.9275,0.9275
80407,0.9275,0.9275,0.9275,0.9275,0.9275,0.9275,0.9275,0.9275,0.9275,0.9275,0.9275,0.9275,0.9275
80408,0.9275,0.9275,0.9275,0.9275,0.9275,0.9275,0.9275,0.9275,0.9275,0.9275,0.9275,0.9275,0.9275
81007,0.9275,0.9275,0.9275,0.9275,0.9275,0.9275,0.9275,0.9275,0.9275,0.9275,0.9275,0.9275,0.9275
81008,0.9275,0.9275,0.9275,0.9275,0.9275,0.9275,0.9275,0.9275,0.9275,0.9275,0.9275,0.9275,0.9275
81607,0.9275,0.9275,0.9275,0.9275,0.9275,0.9275,0.9275,0.9275,0.9275,0.9275,0.9275,0.9275,0.9275
81608,0.9275,0.9275,0.9275,0.9275,0.9275,0.9275,0.9275,0.9275,0.9275,0.9275,0.9275,0.9275,0.9275
82207,0.9275,0.9275,0.9275,0.9275,0.9275,0.9275,0.9275,0.9275,0.9275,0.9275,0.9275,0.9275,0.9275
82208,0.9275,0.9275,0.9275,0.9275,0.9275,0.9275,0.9275,0.9275,0.9275,0.9275,0.9275,0.9275,0.9275
82807,0.9275,0.9275,0.9275,0.9275,0.9275,0.9275,0.9275,0.9275,0.9275,0.9275,0.9275,0.9275,0.9275
82808,0.9275,0.9275,0.9275,0.9275,0.9275,0.9275,0.9275,0.9275,0.9275,0.9275,0.9275,0.9275,0.9275
83407,0.9275,0.9275,0.9275,0.9275,0.9275,0.9275,0.9275,0.9275,0.9275,0.9275,0.9275,0.9275,0.9275
83408,0.9275,0.9275,0.9275,0.9275,0.9275,0.9275,0.9275,0.9275,0.9275,0.9275,0.9275,0.9275,0.9275
84007,0.9275,0.9275,0.9275,0.9275,0.9275,0.9275,0.9275,0.9275,0.9275,0.9275,0.9275,0.9275,0.9275
84008,0.9275,0.9275,0.9275,0.9275,0.9275,0.9275,0.9275,0.9275,0.9275,0.9275,0.9275,0.9275,0.9275
84607,0.9275,0.9275,0.9275,0.9275,0.9275,0.9275,0.9275,0.9275,0.9275,0.9275,0.9275,0.9275,0.9275
84608,0.9275,0.9275,0.9275,0.9275,0.9275,0.9275,0.9275,0.9275,0.9275,0.9275,0.9275,0.9275,0.9275
85207,0.9275,0.9275,0.9275,0.9275,0.9275,0.9275,0.9275,0.9275,0.9275,0.9275,0.9275,0.9275,0.9275
85208,0.9275,0.9275,0.9275,0.9275,0.9275,0.9275,0.9275,0.9275,0.9275,0.9275,0.9275,0.9275,0.9275
85807,0.9275,0.9275,0.9275,0.9275,0.9275,0.9275,0.9275,0.9275,0.9275,0.9275,0.9275,0.9275,0.9275
85808,0.9275,0.9275,0.9275,0.9275,0.9275,0.9275,0.9275,0.9275,0.9275,0.9275,0.9275,0.9275,0.9275
