timestamp,ohci9,ohci3,ohci0,ohci2,ohci5,ohci8,ohci1,ohci6,ohci7,ohci4,max,min,avg
0,0.0474,0.0474,0.0474,0.0474,0.0474,0.0474,0.0474,0.0474,0.0474,0.0474,0.0474,0.0474,0.0474
4,0.1442,0.1442,0.1442,0.1442,0.1442,0.1442,0.1442,0.1442,0.1442,0.1442,0.1442,0.1442,0.1442
5,0.3175,0.3248,0.3193,0.3157,0.3631,0.3358,0.323,0.3266,0.3631,0.3485,0.3631,0.3157,0.3337
6,0.3248,0.3704,0.3631,0.3631,0.3759,0.3449,0.3358,0.3339,0.3777,0.385,0.385,0.3248,0.3575
7,0.3285,0.3723,0.4015,0.3741,0.3777,0.3595,0.3704,0.3376,0.3777,0.3923,0.4015,0.3285,0.3692
8,0.396,0.3723,0.4033,0.3777,0.4088,0.3668,0.3759,0.3577,0.4197,0.4015,0.4197,0.3577,0.388
9,0.4142,0.396,0.4069,0.3814,0.4124,0.3741,0.3832,0.3577,0.4215,0.4215,0.4215,0.3577,0.3969
10,0.4142,0.3978,0.4069,0.3814,0.4124,0.3741,0.3832,0.3668,0.4215,0.427,0.427,0.3668,0.3985
11,0.4197,0.3978,0.4088,0.4179,0.4124,0.3741,0.3832,0.3668,0.4215,0.4325,0.4325,0.3668,0.4035
12,0.427,0.4215,0.4142,0.4179,0.4124,0.3741,0.3832,0.3704,0.4215,0.4325,0.4325,0.3704,0.4075
13,0.4307,0.4215,0.4215,0.4179,0.4142,0.3741,0.3832,0.385,0.4215,0.4325,0.4325,0.3741,0.4102
14,0.4307,0.4234,0.4234,0.4252,0.4179,0.3777,0.385,0.3887,0.4215,0.4325,0.4325,0.3777,0.4126
15,0.4307,0.4234,0.427,0.4252,0.4179,0.3777,0.385,0.3887,0.4398,0.4325,0.4398,0.3777,0.4148
16,0.4307,0.4234,0.427,0.4252,0.4179,0.3777,0.385,0.3887,0.4398,0.4325,0.4398,0.3777,0.4148
17,0.4307,0.4234,0.427,0.4252,0.4179,0.3777,0.385,0.396,0.4416,0.4325,0.4416,0.3777,0.4157
18,0.4307,0.4234,0.427,0.4252,0.4179,0.3777,0.3869,0.4015,0.4416,0.4325,0.4416,0.3777,0.4164
19,0.4307,0.4234,0.427,0.4252,0.4252,0.4124,0.3869,0.4015,0.4416,0.4325,0.4416,0.3869,0.4206
20,0.4307,0.4234,0.427,0.4252,0.4252,0.4142,0.4033,0.4215,0.4416,0.4325,0.4416,0.4033,0.4245
21,0.4307,0.4234,0.427,0.4252,0.4252,0.4142,0.4033,0.4215,0.4416,0.4325,0.4416,0.4033,0.4245
22,0.4307,0.4234,0.427,0.4398,0.4252,0.4142,0.4234,0.4234,0.4416,0.4325,0.4416,0.4142,0.4281
23,0.4307,0.4234,0.427,0.4398,0.4252,0.4142,0.4234,0.4234,0.4416,0.4325,0.4416,0.4142,0.4281
24,0.4307,0.4234,0.427,0.4398,0.427,0.4142,0.4252,0.4234,0.4416,0.4325,0.4416,0.4142,0.4285
25,0.4307,0.4234,0.427,0.4398,0.427,0.4142,0.4252,0.4234,0.4416,0.4325,0.4416,0.4142,0.4285
26,0.4307,0.4234,0.427,0.4398,0.427,0.4142,0.4252,0.4234,0.4416,0.4325,0.4416,0.4142,0.4285
27,0.4307,0.4234,0.427,0.4398,0.427,0.4142,0.4252,0.4234,0.4416,0.4325,0.4416,0.4142,0.4285
28,0.4307,0.4234,0.427,0.4398,0.427,0.4142,0.4252,0.4234,0.4416,0.4325,0.4416,0.4142,0.4285
29,0.4307,0.4234,0.427,0.4398,0.427,0.4142,0.4252,0.4234,0.4416,0.4325,0.4416,0.4142,0.4285
30,0.4307,0.4234,0.4416,0.4398,0.427,0.4142,0.4252,0.4234,0.4416,0.4325,0.4416,0.4142,0.4299
31,0.4307,0.4234,0.4416,0.4398,0.427,0.4142,0.4252,0.4234,0.4434,0.4325,0.4434,0.4142,0.4301
32,0.4307,0.4234,0.4416,0.4398,0.427,0.4197,0.4252,0.4234,0.4434,0.4325,0.4434,0.4197,0.4307
33,0.4307,0.4234,0.4416,0.4398,0.427,0.4197,0.4252,0.4288,0.4818,0.4325,0.4818,0.4197,0.4351
34,0.4307,0.4234,0.4416,0.4398,0.427,0.4197,0.4252,0.4288,0.4818,0.4325,0.4818,0.4197,0.4351
35,0.4307,0.4234,0.4416,0.4398,0.427,0.4234,0.4252,0.4288,0.4818,0.4325,0.4818,0.4234,0.4354
36,0.4307,0.4234,0.4416,0.4398,0.4307,0.4234,0.4252,0.4288,0.4818,0.4325,0.4818,0.4234,0.4358
37,0.4307,0.4234,0.4416,0.4398,0.4307,0.4234,0.4252,0.4288,0.4818,0.4325,0.4818,0.4234,0.4358
38,0.4307,0.4234,0.4416,0.4398,0.4307,0.4234,0.4252,0.4288,0.4818,0.4325,0.4818,0.4234,0.4358
39,0.4307,0.4234,0.4416,0.4398,0.4307,0.4234,0.4252,0.4288,0.4818,0.4325,0.4818,0.4234,0.4358
40,0.4307,0.4234,0.4416,0.4398,0.4307,0.427,0.4252,0.4288,0.4872,0.4325,0.4872,0.4234,0.4367
41,0.4307,0.427,0.4416,0.4398,0.4307,0.427,0.427,0.4307,0.4872,0.4325,0.4872,0.427,0.4374
42,0.4307,0.427,0.4416,0.4398,0.4307,0.427,0.427,0.4307,0.4891,0.4325,0.4891,0.427,0.4376
43,0.4307,0.427,0.4416,0.4398,0.4307,0.427,0.427,0.4307,0.4891,0.4325,0.4891,0.427,0.4376
44,0.4307,0.427,0.4471,0.4398,0.4307,0.427,0.427,0.4307,0.4891,0.4325,0.4891,0.427,0.4382
45,0.4307,0.427,0.4471,0.4398,0.4307,0.427,0.427,0.4307,0.4891,0.4325,0.4891,0.427,0.4382
46,0.4307,0.427,0.4471,0.4398,0.4745,0.427,0.427,0.4307,0.4891,0.4325,0.4891,0.427,0.4425
47,0.4307,0.427,0.4471,0.4398,0.4781,0.427,0.427,0.4307,0.4891,0.4325,0.4891,0.427,0.4429
48,0.4307,0.4325,0.4471,0.4398,0.4781,0.427,0.427,0.4307,0.4891,0.4325,0.4891,0.427,0.4435
49,0.4307,0.4325,0.4471,0.4398,0.4781,0.427,0.427,0.4307,0.4891,0.4325,0.4891,0.427,0.4435
50,0.4307,0.4325,0.4471,0.4398,0.4781,0.427,0.427,0.4307,0.4891,0.4325,0.4891,0.427,0.4435
51,0.4307,0.4325,0.4471,0.4398,0.4781,0.427,0.427,0.4307,0.4891,0.4325,0.4891,0.427,0.4435
52,0.4307,0.4325,0.4471,0.4398,0.4781,0.427,0.427,0.4307,0.4891,0.4325,0.4891,0.427,0.4435
53,0.4307,0.4325,0.4471,0.4398,0.4781,0.427,0.427,0.4307,0.4891,0.4325,0.4891,0.427,0.4435
54,0.4307,0.4325,0.4471,0.4398,0.4781,0.427,0.427,0.4307,0.4891,0.4325,0.4891,0.427,0.4435
55,0.4307,0.4325,0.4471,0.4398,0.4781,0.427,0.427,0.4307,0.4891,0.4325,0.4891,0.427,0.4435
56,0.4307,0.4325,0.4471,0.4398,0.4781,0.4307,0.427,0.4307,0.4891,0.4325,0.4891,0.427,0.4438
57,0.4307,0.4325,0.4471,0.4398,0.4781,0.4307,0.427,0.4307,0.4891,0.4325,0.4891,0.427,0.4438
58,0.4307,0.4325,0.4471,0.4398,0.4781,0.4307,0.427,0.4307,0.4891,0.4325,0.4891,0.427,0.4438
59,0.4307,0.4325,0.4471,0.4398,0.4781,0.4307,0.427,0.4307,0.4891,0.4325,0.4891,0.427,0.4438
60,0.4307,0.4325,0.4489,0.4398,0.4781,0.4307,0.427,0.4307,0.4891,0.4325,0.4891,0.427,0.444
61,0.4307,0.4325,0.4489,0.4398,0.4781,0.4307,0.427,0.4307,0.4891,0.4325,0.4891,0.427,0.444
62,0.4307,0.4325,0.4489,0.4398,0.4781,0.4307,0.427,0.4307,0.4891,0.4325,0.4891,0.427,0.444
63,0.4307,0.4325,0.4489,0.4416,0.4781,0.4307,0.427,0.4307,0.4891,0.4325,0.4891,0.427,0.4442
64,0.4307,0.4325,0.4489,0.4416,0.4781,0.4307,0.427,0.4307,0.4891,0.4325,0.4891,0.427,0.4442
65,0.4307,0.4325,0.4489,0.4416,0.4781,0.4307,0.427,0.4307,0.4891,0.4325,0.4891,0.427,0.4442
66,0.4307,0.4325,0.4489,0.4416,0.4781,0.4307,0.427,0.4307,0.4891,0.4325,0.4891,0.427,0.4442
67,0.4307,0.4325,0.4489,0.4416,0.4781,0.4307,0.427,0.4307,0.4891,0.4325,0.4891,0.427,0.4442
68,0.4307,0.4325,0.4489,0.4763,0.4781,0.4307,0.427,0.4307,0.4891,0.4325,0.4891,0.427,0.4476
69,0.4307,0.4325,0.4836,0.4763,0.4781,0.4307,0.427,0.4307,0.4891,0.4325,0.4891,0.427,0.4511
70,0.4307,0.4471,0.4836,0.4763,0.4781,0.4307,0.427,0.4307,0.4891,0.4325,0.4891,0.427,0.4526
71,0.4307,0.4471,0.4836,0.4763,0.4781,0.4307,0.427,0.4307,0.4891,0.4325,0.4891,0.427,0.4526
72,0.4307,0.4471,0.4872,0.4763,0.4781,0.4307,0.427,0.4307,0.4891,0.4325,0.4891,0.427,0.4529
73,0.4307,0.4471,0.4872,0.4763,0.4781,0.4307,0.427,0.4307,0.4891,0.4325,0.4891,0.427,0.4529
74,0.4307,0.4471,0.4872,0.4763,0.4781,0.4307,0.427,0.4307,0.4891,0.4325,0.4891,0.427,0.4529
75,0.4307,0.4471,0.4872,0.4763,0.4781,0.4307,0.427,0.4307,0.4891,0.4325,0.4891,0.427,0.4529
76,0.4307,0.4471,0.4872,0.4763,0.4781,0.4307,0.427,0.4307,0.4891,0.4325,0.4891,0.427,0.4529
77,0.4307,0.4471,0.4872,0.4763,0.4781,0.4307,0.427,0.4307,0.4891,0.4325,0.4891,0.427,0.4529
78,0.4307,0.4471,0.4872,0.4763,0.4781,0.4307,0.427,0.4307,0.4891,0.4325,0.4891,0.427,0.4529
79,0.4307,0.4471,0.4872,0.4763,0.4781,0.4307,0.427,0.4307,0.4891,0.4325,0.4891,0.427,0.4529
80,0.4307,0.4471,0.4872,0.4763,0.4781,0.4307,0.427,0.4307,0.4891,0.4325,0.4891,0.427,0.4529
81,0.4307,0.4471,0.4872,0.4763,0.4781,0.4307,0.427,0.4307,0.4891,0.4325,0.4891,0.427,0.4529
82,0.4307,0.4471,0.4872,0.4763,0.4781,0.4307,0.427,0.4307,0.4891,0.4325,0.4891,0.427,0.4529
83,0.4307,0.4471,0.4872,0.4763,0.4781,0.4307,0.427,0.4307,0.4891,0.4361,0.4891,0.427,0.4533
84,0.4307,0.4471,0.4872,0.4763,0.4781,0.4307,0.427,0.4307,0.4891,0.4361,0.4891,0.427,0.4533
85,0.4307,0.4471,0.4872,0.4763,0.4781,0.4307,0.427,0.4307,0.4891,0.4361,0.4891,0.427,0.4533
86,0.4307,0.4471,0.4872,0.4763,0.4781,0.4307,0.427,0.4307,0.4891,0.4361,0.4891,0.427,0.4533
87,0.4307,0.4471,0.4872,0.4763,0.4781,0.4307,0.427,0.4307,0.4891,0.4361,0.4891,0.427,0.4533
88,0.4307,0.4471,0.4872,0.4763,0.4781,0.4307,0.427,0.4307,0.4891,0.4361,0.4891,0.427,0.4533
89,0.4307,0.4471,0.4872,0.4763,0.4781,0.4307,0.427,0.4307,0.4891,0.4361,0.4891,0.427,0.4533
90,0.4307,0.4471,0.4872,0.4763,0.4781,0.4307,0.427,0.4307,0.4891,0.4361,0.4891,0.427,0.4533
91,0.4307,0.4471,0.4872,0.4763,0.4872,0.4307,0.427,0.4307,0.4891,0.4361,0.4891,0.427,0.4542
92,0.4307,0.4471,0.4872,0.4763,0.4872,0.4307,0.427,0.4307,0.4891,0.4361,0.4891,0.427,0.4542
93,0.4307,0.4471,0.4872,0.4763,0.4872,0.4307,0.427,0.4307,0.4891,0.4361,0.4891,0.427,0.4542
94,0.4307,0.4471,0.4872,0.4763,0.4872,0.4307,0.4416,0.4307,0.4891,0.4361,0.4891,0.4307,0.4557
95,0.4307,0.4471,0.4872,0.4763,0.4872,0.4307,0.4416,0.4307,0.4891,0.4361,0.4891,0.4307,0.4557
96,0.4307,0.4471,0.4872,0.4763,0.4872,0.4307,0.4416,0.4307,0.4891,0.4361,0.4891,0.4307,0.4557
97,0.4307,0.4471,0.4872,0.4763,0.4872,0.4307,0.4416,0.4307,0.4891,0.4361,0.4891,0.4307,0.4557
98,0.4307,0.4471,0.4872,0.4763,0.4872,0.4307,0.4416,0.4307,0.4891,0.4361,0.4891,0.4307,0.4557
99,0.4307,0.4471,0.4872,0.4763,0.4872,0.4307,0.4416,0.4307,0.4891,0.4361,0.4891,0.4307,0.4557
100,0.4307,0.4471,0.4872,0.4763,0.4872,0.4307,0.4416,0.4307,0.4891,0.4361,0.4891,0.4307,0.4557
101,0.4307,0.4471,0.4872,0.4763,0.4872,0.4307,0.4416,0.4307,0.4891,0.4361,0.4891,0.4307,0.4557
102,0.4307,0.4471,0.4872,0.4763,0.4872,0.4307,0.4416,0.4307,0.4891,0.4361,0.4891,0.4307,0.4557
103,0.4307,0.4471,0.4872,0.4763,0.4872,0.4307,0.4416,0.4307,0.4909,0.4361,0.4909,0.4307,0.4558
104,0.4307,0.4471,0.4872,0.4763,0.4872,0.4307,0.4416,0.4307,0.4909,0.4361,0.4909,0.4307,0.4558
105,0.4307,0.4471,0.4872,0.4763,0.4872,0.4307,0.4416,0.4307,0.4909,0.4471,0.4909,0.4307,0.4569
106,0.4307,0.4471,0.4872,0.4763,0.4872,0.4307,0.4416,0.4343,0.4909,0.4471,0.4909,0.4307,0.4573
107,0.4307,0.4471,0.4872,0.4763,0.4872,0.4307,0.4416,0.4343,0.4909,0.4471,0.4909,0.4307,0.4573
108,0.4307,0.4471,0.4872,0.4763,0.4872,0.4307,0.4416,0.4343,0.4909,0.4471,0.4909,0.4307,0.4573
109,0.4307,0.4471,0.4872,0.4763,0.4872,0.4307,0.4416,0.4343,0.4909,0.4471,0.4909,0.4307,0.4573
110,0.4307,0.4471,0.4872,0.4763,0.4872,0.4307,0.4416,0.4343,0.4909,0.4471,0.4909,0.4307,0.4573
111,0.4307,0.4471,0.4872,0.4763,0.4872,0.4307,0.4416,0.4343,0.4909,0.4471,0.4909,0.4307,0.4573
112,0.4307,0.4471,0.4872,0.4763,0.4872,0.4307,0.4416,0.4343,0.4909,0.4471,0.4909,0.4307,0.4573
113,0.4307,0.4471,0.4872,0.4763,0.4872,0.4307,0.4416,0.4343,0.4909,0.4471,0.4909,0.4307,0.4573
114,0.4307,0.4471,0.4872,0.4763,0.4891,0.4307,0.4416,0.4343,0.4909,0.4471,0.4909,0.4307,0.4575
115,0.4307,0.4471,0.4872,0.4763,0.4891,0.4307,0.4416,0.4343,0.4909,0.4471,0.4909,0.4307,0.4575
116,0.4307,0.4471,0.4872,0.4763,0.4891,0.4307,0.4416,0.4343,0.4909,0.4471,0.4909,0.4307,0.4575
117,0.4307,0.4471,0.4872,0.4818,0.4891,0.4307,0.4416,0.4343,0.4909,0.4471,0.4909,0.4307,0.458
118,0.4307,0.4471,0.4872,0.4818,0.4891,0.4307,0.4416,0.4343,0.4909,0.4471,0.4909,0.4307,0.458
119,0.4307,0.4471,0.4872,0.4818,0.4891,0.4307,0.4416,0.4343,0.4909,0.4471,0.4909,0.4307,0.458
120,0.4307,0.4471,0.4872,0.4818,0.4891,0.4307,0.4416,0.4343,0.4909,0.4471,0.4909,0.4307,0.458
121,0.4307,0.4471,0.4872,0.4818,0.4891,0.4307,0.4799,0.4343,0.4909,0.4471,0.4909,0.4307,0.4619
122,0.4307,0.4471,0.4872,0.4818,0.4891,0.4307,0.4799,0.4343,0.4909,0.4471,0.4909,0.4307,0.4619
123,0.4307,0.4471,0.4872,0.4818,0.4891,0.4307,0.4799,0.4343,0.4909,0.4471,0.4909,0.4307,0.4619
124,0.4307,0.4799,0.4872,0.4818,0.4891,0.4416,0.4799,0.4343,0.4909,0.4471,0.4909,0.4307,0.4662
125,0.4307,0.4799,0.4872,0.4818,0.4891,0.4416,0.4799,0.4343,0.4909,0.4471,0.4909,0.4307,0.4662
126,0.4307,0.4799,0.4872,0.4818,0.4891,0.4416,0.4891,0.4343,0.4909,0.4471,0.4909,0.4307,0.4672
127,0.4307,0.4799,0.4872,0.4818,0.4891,0.4416,0.4891,0.4343,0.4909,0.4471,0.4909,0.4307,0.4672
128,0.4307,0.4799,0.4872,0.4818,0.4891,0.4416,0.4891,0.4343,0.4909,0.4471,0.4909,0.4307,0.4672
129,0.4307,0.4799,0.4909,0.4818,0.4891,0.4416,0.4891,0.4343,0.4909,0.4471,0.4909,0.4307,0.4675
130,0.4307,0.4799,0.4909,0.4818,0.4891,0.4416,0.4891,0.4343,0.4909,0.4471,0.4909,0.4307,0.4675
131,0.4307,0.4799,0.4909,0.4818,0.4891,0.4416,0.4891,0.4343,0.4909,0.4471,0.4909,0.4307,0.4675
132,0.4307,0.4799,0.4909,0.4818,0.4891,0.4416,0.4891,0.4343,0.4909,0.4799,0.4909,0.4307,0.4708
133,0.4307,0.4799,0.4909,0.4818,0.4891,0.4416,0.4891,0.4343,0.4909,0.4799,0.4909,0.4307,0.4708
134,0.4307,0.4799,0.4909,0.4818,0.4891,0.4416,0.4891,0.4343,0.4909,0.4799,0.4909,0.4307,0.4708
135,0.4307,0.4799,0.4909,0.4818,0.4891,0.4416,0.4891,0.4343,0.4909,0.4799,0.4909,0.4307,0.4708
136,0.4307,0.4799,0.4909,0.4818,0.4891,0.4416,0.4891,0.4343,0.4909,0.4799,0.4909,0.4307,0.4708
137,0.4307,0.4799,0.4909,0.4818,0.4891,0.4416,0.4891,0.4343,0.4909,0.5219,0.5219,0.4307,0.475
138,0.4416,0.4799,0.4909,0.4818,0.4891,0.4416,0.4891,0.4343,0.4909,0.5219,0.5219,0.4343,0.4761
139,0.4416,0.4799,0.4909,0.4818,0.4891,0.4416,0.4891,0.4343,0.4982,0.5219,0.5219,0.4343,0.4768
140,0.4416,0.4799,0.4909,0.4818,0.4891,0.4416,0.4891,0.4343,0.4982,0.5219,0.5219,0.4343,0.4768
141,0.4416,0.4799,0.4909,0.4818,0.4891,0.4416,0.4891,0.4343,0.4982,0.5219,0.5219,0.4343,0.4768
142,0.4416,0.4799,0.4909,0.4818,0.4891,0.4416,0.4891,0.4343,0.4982,0.5219,0.5219,0.4343,0.4768
143,0.4416,0.4799,0.4909,0.4818,0.4891,0.4416,0.4891,0.4343,0.4982,0.5219,0.5219,0.4343,0.4768
144,0.4416,0.4799,0.4909,0.4818,0.4891,0.4416,0.4891,0.4343,0.4982,0.5219,0.5219,0.4343,0.4768
145,0.4416,0.4799,0.4909,0.4818,0.4891,0.4416,0.4891,0.4343,0.4982,0.5219,0.5219,0.4343,0.4768
146,0.4416,0.4799,0.4909,0.4818,0.4891,0.4416,0.4891,0.4343,0.4982,0.5219,0.5219,0.4343,0.4768
147,0.4416,0.4799,0.4909,0.4818,0.4891,0.4416,0.4891,0.4343,0.4982,0.5219,0.5219,0.4343,0.4768
148,0.4416,0.4799,0.4909,0.4836,0.4891,0.4416,0.4891,0.4343,0.4982,0.5219,0.5219,0.4343,0.477
149,0.4489,0.4799,0.4909,0.4836,0.4891,0.4416,0.4891,0.4343,0.4982,0.5219,0.5219,0.4343,0.4778
150,0.4489,0.4799,0.4909,0.4836,0.4891,0.4416,0.4891,0.4343,0.4982,0.5237,0.5237,0.4343,0.4779
151,0.4489,0.4799,0.4909,0.4836,0.4891,0.4416,0.4891,0.4343,0.4982,0.5237,0.5237,0.4343,0.4779
152,0.4489,0.4799,0.4909,0.4836,0.4891,0.4416,0.4891,0.4343,0.4982,0.5237,0.5237,0.4343,0.4779
153,0.4489,0.4799,0.4909,0.4836,0.4891,0.4416,0.4891,0.4343,0.4982,0.5237,0.5237,0.4343,0.4779
154,0.4489,0.4799,0.4909,0.4836,0.4891,0.4416,0.4891,0.4343,0.4982,0.5237,0.5237,0.4343,0.4779
155,0.4489,0.4799,0.4909,0.4836,0.4891,0.4416,0.4891,0.4343,0.4982,0.5237,0.5237,0.4343,0.4779
156,0.4489,0.4818,0.4909,0.4836,0.4891,0.4416,0.4891,0.4343,0.4982,0.5237,0.5237,0.4343,0.4781
157,0.4489,0.4818,0.4909,0.4836,0.4891,0.4416,0.4891,0.4343,0.4982,0.5237,0.5237,0.4343,0.4781
158,0.4489,0.4818,0.4909,0.4836,0.4891,0.4416,0.4891,0.4343,0.4982,0.5237,0.5237,0.4343,0.4781
159,0.4489,0.4818,0.4909,0.4836,0.4891,0.4416,0.4891,0.4343,0.4982,0.5237,0.5237,0.4343,0.4781
160,0.4489,0.4818,0.4909,0.4836,0.4891,0.4416,0.4891,0.4343,0.4982,0.5237,0.5237,0.4343,0.4781
161,0.4489,0.4818,0.4909,0.4836,0.4891,0.4416,0.4891,0.4343,0.4982,0.5237,0.5237,0.4343,0.4781
162,0.4489,0.4818,0.4909,0.4836,0.4891,0.4416,0.4891,0.4343,0.4982,0.5237,0.5237,0.4343,0.4781
163,0.4489,0.4818,0.4909,0.4836,0.4891,0.4416,0.4891,0.4343,0.4982,0.5237,0.5237,0.4343,0.4781
164,0.4489,0.4818,0.4909,0.4836,0.4891,0.4416,0.4891,0.4343,0.4982,0.5237,0.5237,0.4343,0.4781
165,0.4489,0.4818,0.4909,0.4836,0.4891,0.4416,0.4891,0.4343,0.4982,0.5237,0.5237,0.4343,0.4781
166,0.4489,0.4818,0.4909,0.4836,0.4891,0.4416,0.4891,0.4343,0.4982,0.5237,0.5237,0.4343,0.4781
167,0.4489,0.4818,0.4909,0.4836,0.4891,0.4416,0.4891,0.4343,0.4982,0.5237,0.5237,0.4343,0.4781
168,0.4489,0.4818,0.4909,0.4836,0.4891,0.4416,0.4891,0.4343,0.4982,0.5237,0.5237,0.4343,0.4781
169,0.4489,0.4818,0.4909,0.4836,0.4891,0.4416,0.4891,0.4343,0.4982,0.5237,0.5237,0.4343,0.4781
170,0.4489,0.4818,0.4909,0.4836,0.4891,0.4416,0.4891,0.4343,0.4982,0.5237,0.5237,0.4343,0.4781
171,0.4489,0.4818,0.4909,0.4836,0.4891,0.4416,0.4891,0.4343,0.4982,0.5237,0.5237,0.4343,0.4781
172,0.4489,0.4818,0.4909,0.4836,0.4891,0.4416,0.4891,0.4343,0.4982,0.5237,0.5237,0.4343,0.4781
173,0.4489,0.4818,0.4909,0.4836,0.4891,0.4489,0.4891,0.4343,0.4982,0.5237,0.5237,0.4343,0.4788
174,0.4489,0.4818,0.4909,0.4836,0.4891,0.4489,0.4891,0.4343,0.4982,0.5237,0.5237,0.4343,0.4788
175,0.4489,0.4818,0.4909,0.4836,0.4891,0.4489,0.4891,0.4343,0.4982,0.5237,0.5237,0.4343,0.4788
176,0.4489,0.4818,0.4909,0.4836,0.4891,0.4489,0.4891,0.4343,0.4982,0.5237,0.5237,0.4343,0.4788
177,0.4489,0.4818,0.4909,0.4836,0.4891,0.4489,0.4891,0.4343,0.4982,0.5237,0.5237,0.4343,0.4788
178,0.4489,0.4818,0.4909,0.4836,0.4891,0.4489,0.4891,0.4343,0.4982,0.5237,0.5237,0.4343,0.4788
179,0.4489,0.4818,0.4909,0.4836,0.4891,0.4489,0.4891,0.4343,0.4982,0.5255,0.5255,0.4343,0.479
180,0.4489,0.4818,0.4909,0.4836,0.4891,0.4489,0.4891,0.4343,0.4982,0.5255,0.5255,0.4343,0.479
181,0.4489,0.4818,0.4909,0.4836,0.4891,0.4489,0.4891,0.4343,0.4982,0.5255,0.5255,0.4343,0.479
182,0.4489,0.4818,0.4909,0.4836,0.4891,0.4489,0.4891,0.4343,0.4982,0.5255,0.5255,0.4343,0.479
183,0.4489,0.4818,0.4909,0.4836,0.4891,0.4489,0.4891,0.4343,0.4982,0.5255,0.5255,0.4343,0.479
184,0.4489,0.4818,0.4909,0.4836,0.4891,0.4489,0.4891,0.4343,0.4982,0.5255,0.5255,0.4343,0.479
185,0.4544,0.4818,0.4909,0.4836,0.4891,0.4489,0.4891,0.4343,0.4982,0.5255,0.5255,0.4343,0.4796
186,0.4544,0.4818,0.4909,0.4836,0.4891,0.4489,0.4891,0.4343,0.4982,0.5255,0.5255,0.4343,0.4796
187,0.4544,0.4818,0.4909,0.4836,0.4891,0.4489,0.4891,0.4343,0.4982,0.5255,0.5255,0.4343,0.4796
188,0.4544,0.4818,0.4909,0.4836,0.4891,0.4489,0.4891,0.4343,0.4982,0.5255,0.5255,0.4343,0.4796
189,0.4544,0.4818,0.4909,0.4836,0.4891,0.4489,0.4891,0.4343,0.4982,0.5255,0.5255,0.4343,0.4796
190,0.4544,0.4818,0.4909,0.4836,0.4891,0.4489,0.4891,0.4343,0.4982,0.5274,0.5274,0.4343,0.4798
191,0.4544,0.4818,0.4909,0.4836,0.4891,0.4489,0.4891,0.4343,0.4982,0.5274,0.5274,0.4343,0.4798
192,0.4544,0.4818,0.4909,0.4836,0.4891,0.4489,0.4891,0.4343,0.4982,0.5274,0.5274,0.4343,0.4798
193,0.4544,0.4818,0.4909,0.4836,0.4891,0.4489,0.4909,0.4343,0.4982,0.5274,0.5274,0.4343,0.4799
194,0.4544,0.4818,0.4909,0.4836,0.4891,0.4489,0.4909,0.4343,0.4982,0.5274,0.5274,0.4343,0.4799
195,0.4544,0.4818,0.4909,0.4836,0.4891,0.4489,0.4909,0.4343,0.4982,0.5274,0.5274,0.4343,0.4799
196,0.4544,0.4818,0.4909,0.4836,0.4891,0.4489,0.4909,0.4343,0.4982,0.5274,0.5274,0.4343,0.4799
197,0.4544,0.4818,0.4909,0.4836,0.4891,0.4489,0.4909,0.4343,0.4982,0.5274,0.5274,0.4343,0.4799
198,0.4544,0.4818,0.4909,0.4836,0.4891,0.4489,0.4909,0.4343,0.4982,0.5274,0.5274,0.4343,0.4799
199,0.4544,0.4818,0.4909,0.4836,0.4891,0.4489,0.4909,0.4343,0.4982,0.5274,0.5274,0.4343,0.4799
200,0.4544,0.4818,0.4909,0.4836,0.4891,0.4489,0.4909,0.4343,0.4982,0.5292,0.5292,0.4343,0.4801
201,0.4544,0.4818,0.4909,0.4836,0.4891,0.4489,0.4909,0.4343,0.4982,0.5292,0.5292,0.4343,0.4801
202,0.4544,0.4818,0.4909,0.4836,0.4891,0.4489,0.4909,0.4343,0.4982,0.5292,0.5292,0.4343,0.4801
203,0.4544,0.4818,0.4909,0.4836,0.4891,0.4489,0.4909,0.4343,0.4982,0.5292,0.5292,0.4343,0.4801
204,0.4544,0.4818,0.4909,0.4836,0.4891,0.4489,0.4909,0.4343,0.4982,0.5292,0.5292,0.4343,0.4801
205,0.4544,0.4818,0.4909,0.4836,0.4891,0.4489,0.4909,0.4343,0.4982,0.5292,0.5292,0.4343,0.4801
206,0.4544,0.4818,0.4909,0.4836,0.4891,0.4489,0.4909,0.4343,0.4982,0.5292,0.5292,0.4343,0.4801
207,0.4544,0.4818,0.4909,0.4836,0.4891,0.4489,0.4909,0.4343,0.4982,0.5584,0.5584,0.4343,0.483
208,0.4544,0.4818,0.4909,0.4836,0.4891,0.4489,0.4909,0.4343,0.4982,0.5584,0.5584,0.4343,0.483
209,0.4544,0.4818,0.4909,0.4836,0.4891,0.4489,0.4909,0.4343,0.4982,0.5584,0.5584,0.4343,0.483
210,0.4544,0.4818,0.4909,0.4836,0.4891,0.4489,0.4909,0.4343,0.4982,0.5584,0.5584,0.4343,0.483
211,0.4544,0.4818,0.4909,0.4836,0.4891,0.4489,0.4909,0.4343,0.4982,0.5584,0.5584,0.4343,0.483
212,0.4544,0.4818,0.4909,0.4836,0.4891,0.4489,0.4909,0.4343,0.4982,0.5584,0.5584,0.4343,0.483
213,0.4544,0.4818,0.4909,0.4836,0.4891,0.4489,0.4909,0.4343,0.4982,0.5584,0.5584,0.4343,0.483
214,0.4544,0.4818,0.4909,0.4836,0.4891,0.4489,0.4909,0.4343,0.4982,0.5584,0.5584,0.4343,0.483
215,0.4544,0.4818,0.4909,0.4836,0.4891,0.4489,0.4909,0.4343,0.4982,0.5584,0.5584,0.4343,0.483
216,0.4544,0.4818,0.4909,0.4836,0.4891,0.4489,0.4909,0.4343,0.4982,0.5584,0.5584,0.4343,0.483
217,0.4544,0.4818,0.4909,0.4836,0.4891,0.4489,0.4909,0.4343,0.4982,0.5584,0.5584,0.4343,0.483
218,0.4544,0.4818,0.4909,0.4836,0.4891,0.4489,0.4909,0.4343,0.4982,0.5584,0.5584,0.4343,0.483
219,0.4544,0.4818,0.4909,0.4836,0.4891,0.4489,0.4909,0.4343,0.4982,0.5584,0.5584,0.4343,0.483
220,0.4544,0.4818,0.4909,0.4836,0.4891,0.4489,0.4909,0.4343,0.4982,0.5584,0.5584,0.4343,0.483
221,0.4544,0.4818,0.4909,0.4836,0.4891,0.4489,0.4909,0.4343,0.4982,0.5584,0.5584,0.4343,0.483
222,0.4544,0.4818,0.4909,0.4836,0.4891,0.4489,0.4909,0.4343,0.4982,0.5584,0.5584,0.4343,0.483
223,0.4544,0.4818,0.4909,0.4836,0.4891,0.4489,0.4964,0.4343,0.4982,0.5584,0.5584,0.4343,0.4836
224,0.4544,0.4818,0.4927,0.4836,0.4891,0.4489,0.4964,0.4343,0.4982,0.5584,0.5584,0.4343,0.4838
225,0.4544,0.4818,0.4927,0.4836,0.4891,0.4489,0.4964,0.4343,0.4982,0.5584,0.5584,0.4343,0.4838
226,0.4544,0.4818,0.4927,0.4836,0.4891,0.4489,0.4964,0.4343,0.4982,0.5584,0.5584,0.4343,0.4838
227,0.4544,0.4818,0.4927,0.4836,0.4891,0.4489,0.4964,0.4343,0.4982,0.5584,0.5584,0.4343,0.4838
228,0.4544,0.4818,0.4927,0.4836,0.4891,0.4489,0.4964,0.4343,0.4982,0.5584,0.5584,0.4343,0.4838
229,0.4544,0.4818,0.4927,0.4836,0.4891,0.4489,0.4964,0.4343,0.4982,0.5584,0.5584,0.4343,0.4838
230,0.4544,0.4818,0.4927,0.4836,0.4891,0.4489,0.4964,0.4343,0.4982,0.5584,0.5584,0.4343,0.4838
231,0.4544,0.4818,0.4927,0.4836,0.4891,0.4489,0.4964,0.4343,0.4982,0.5584,0.5584,0.4343,0.4838
232,0.4544,0.4818,0.4927,0.4836,0.4891,0.4489,0.4964,0.4343,0.4982,0.5584,0.5584,0.4343,0.4838
233,0.4544,0.4818,0.4927,0.4836,0.4891,0.4489,0.4964,0.4343,0.4982,0.5584,0.5584,0.4343,0.4838
234,0.4544,0.4836,0.4927,0.4836,0.4891,0.4489,0.4964,0.4343,0.4982,0.5584,0.5584,0.4343,0.484
235,0.4544,0.4836,0.4927,0.4836,0.4891,0.4489,0.4964,0.4343,0.4982,0.5584,0.5584,0.4343,0.484
236,0.4544,0.4836,0.4927,0.4836,0.4891,0.4489,0.4964,0.4343,0.4982,0.5584,0.5584,0.4343,0.484
237,0.4544,0.4836,0.4927,0.4836,0.4891,0.4489,0.4964,0.4343,0.4982,0.5584,0.5584,0.4343,0.484
238,0.4544,0.4836,0.4927,0.4836,0.4891,0.4489,0.4964,0.4343,0.4982,0.5584,0.5584,0.4343,0.484
239,0.4872,0.4836,0.4927,0.4836,0.4891,0.4489,0.4964,0.4343,0.4982,0.5584,0.5584,0.4343,0.4872
240,0.4872,0.4836,0.4927,0.4836,0.4891,0.4489,0.4964,0.4343,0.4982,0.5584,0.5584,0.4343,0.4872
241,0.4872,0.4836,0.4927,0.4836,0.4891,0.4489,0.4964,0.4343,0.4982,0.5584,0.5584,0.4343,0.4872
242,0.4872,0.4836,0.4927,0.4836,0.4891,0.4489,0.4964,0.4343,0.4982,0.5584,0.5584,0.4343,0.4872
243,0.4872,0.4836,0.4927,0.4836,0.4891,0.4489,0.4964,0.4343,0.4982,0.5584,0.5584,0.4343,0.4872
244,0.4872,0.4836,0.4927,0.4836,0.4891,0.4489,0.4964,0.4343,0.4982,0.5584,0.5584,0.4343,0.4872
245,0.4872,0.4836,0.4927,0.4836,0.4891,0.4489,0.4964,0.4343,0.4982,0.5584,0.5584,0.4343,0.4872
246,0.4872,0.4836,0.4927,0.4836,0.4891,0.4489,0.4964,0.4343,0.4982,0.5584,0.5584,0.4343,0.4872
247,0.4872,0.4836,0.4927,0.4836,0.4891,0.4489,0.4964,0.4343,0.4982,0.5584,0.5584,0.4343,0.4872
248,0.4872,0.4836,0.4927,0.4836,0.4891,0.4489,0.4964,0.4343,0.4982,0.5584,0.5584,0.4343,0.4872
249,0.4872,0.4836,0.4927,0.4836,0.4891,0.4489,0.4964,0.4343,0.4982,0.5584,0.5584,0.4343,0.4872
250,0.4872,0.4836,0.4927,0.4836,0.4891,0.4489,0.4964,0.4343,0.4982,0.5584,0.5584,0.4343,0.4872
251,0.4872,0.4836,0.4927,0.4836,0.4891,0.4489,0.4964,0.4343,0.4982,0.5584,0.5584,0.4343,0.4872
252,0.4872,0.4836,0.4927,0.4836,0.4891,0.4489,0.4964,0.4343,0.4982,0.5584,0.5584,0.4343,0.4872
253,0.4872,0.4836,0.4927,0.4836,0.4891,0.4489,0.4964,0.4343,0.4982,0.5584,0.5584,0.4343,0.4872
254,0.4872,0.4836,0.4927,0.4836,0.4891,0.4489,0.4964,0.4343,0.4982,0.5584,0.5584,0.4343,0.4872
255,0.4872,0.4836,0.4927,0.4836,0.4891,0.4489,0.4964,0.4343,0.4982,0.5584,0.5584,0.4343,0.4872
256,0.4872,0.4836,0.4927,0.4836,0.4891,0.4489,0.4964,0.4343,0.4982,0.5584,0.5584,0.4343,0.4872
257,0.4872,0.4836,0.4927,0.4836,0.4891,0.4489,0.4964,0.4343,0.4982,0.5584,0.5584,0.4343,0.4872
258,0.4872,0.4836,0.4927,0.4836,0.4891,0.4489,0.4964,0.4343,0.4982,0.5584,0.5584,0.4343,0.4872
259,0.4872,0.4836,0.4927,0.4836,0.4891,0.4489,0.4964,0.4343,0.4982,0.5584,0.5584,0.4343,0.4872
260,0.4872,0.4836,0.4927,0.4836,0.4891,0.4489,0.4964,0.4343,0.4982,0.5584,0.5584,0.4343,0.4872
261,0.4872,0.4836,0.4927,0.4836,0.4891,0.4489,0.4964,0.4343,0.4982,0.5584,0.5584,0.4343,0.4872
262,0.4872,0.4836,0.4927,0.4836,0.4891,0.4544,0.4964,0.4343,0.4982,0.5584,0.5584,0.4343,0.4878
263,0.4872,0.4836,0.4927,0.4836,0.4891,0.4544,0.4964,0.4343,0.4982,0.5584,0.5584,0.4343,0.4878
264,0.4872,0.4836,0.4927,0.4836,0.4891,0.4544,0.4964,0.4343,0.4982,0.5584,0.5584,0.4343,0.4878
265,0.4872,0.4836,0.4927,0.4836,0.4891,0.4544,0.4964,0.4343,0.4982,0.5584,0.5584,0.4343,0.4878
266,0.4872,0.4836,0.4927,0.4836,0.4891,0.4544,0.4964,0.4343,0.4982,0.5584,0.5584,0.4343,0.4878
267,0.4872,0.4836,0.4927,0.4836,0.4891,0.4544,0.4964,0.4343,0.4982,0.5584,0.5584,0.4343,0.4878
268,0.4872,0.4836,0.4927,0.4836,0.4891,0.4544,0.4964,0.4343,0.4982,0.5584,0.5584,0.4343,0.4878
269,0.4872,0.4836,0.4927,0.4836,0.4891,0.4544,0.4964,0.4489,0.4982,0.5584,0.5584,0.4489,0.4893
270,0.4872,0.4836,0.4927,0.4836,0.4891,0.4544,0.4964,0.4489,0.4982,0.5584,0.5584,0.4489,0.4893
271,0.4872,0.4836,0.4927,0.4836,0.4891,0.4544,0.4964,0.4489,0.4982,0.5584,0.5584,0.4489,0.4893
272,0.4872,0.4836,0.4927,0.4836,0.4891,0.4544,0.4964,0.4489,0.4982,0.5584,0.5584,0.4489,0.4893
273,0.4872,0.4836,0.4927,0.4836,0.4891,0.4544,0.4964,0.4489,0.4982,0.5584,0.5584,0.4489,0.4893
274,0.4891,0.4836,0.4927,0.4836,0.4891,0.4544,0.4964,0.4489,0.4982,0.5584,0.5584,0.4489,0.4894
275,0.4891,0.4836,0.4927,0.4836,0.4891,0.4544,0.4964,0.4489,0.4982,0.5584,0.5584,0.4489,0.4894
276,0.4891,0.4836,0.4927,0.4836,0.4891,0.4544,0.4964,0.4489,0.4982,0.5584,0.5584,0.4489,0.4894
277,0.4891,0.4836,0.4927,0.4836,0.4891,0.4544,0.4964,0.4489,0.4982,0.5584,0.5584,0.4489,0.4894
278,0.4891,0.4836,0.4927,0.4836,0.4891,0.4544,0.4964,0.4489,0.4982,0.5584,0.5584,0.4489,0.4894
279,0.4891,0.4836,0.4927,0.4836,0.4891,0.4544,0.4964,0.4507,0.4982,0.5584,0.5584,0.4507,0.4896
280,0.4891,0.4836,0.4927,0.4836,0.4891,0.4544,0.4964,0.4507,0.4982,0.5584,0.5584,0.4507,0.4896
281,0.4891,0.4836,0.4927,0.4836,0.4891,0.4544,0.4964,0.4507,0.4982,0.5584,0.5584,0.4507,0.4896
282,0.4891,0.4836,0.4927,0.4836,0.4891,0.4544,0.4964,0.4507,0.4982,0.5584,0.5584,0.4507,0.4896
283,0.4891,0.4836,0.4927,0.4836,0.4891,0.4544,0.4964,0.4507,0.4982,0.5584,0.5584,0.4507,0.4896
284,0.4891,0.4836,0.4927,0.4836,0.4891,0.4544,0.4964,0.4507,0.4982,0.5584,0.5584,0.4507,0.4896
285,0.4891,0.4836,0.4927,0.4836,0.4891,0.4544,0.4964,0.4507,0.4982,0.5584,0.5584,0.4507,0.4896
286,0.4891,0.4836,0.4927,0.4836,0.4891,0.4544,0.4964,0.4507,0.4982,0.5584,0.5584,0.4507,0.4896
287,0.4891,0.4836,0.4927,0.4836,0.4891,0.4544,0.4964,0.4507,0.4982,0.5584,0.5584,0.4507,0.4896
288,0.4891,0.4836,0.4927,0.4836,0.4891,0.4544,0.4964,0.4507,0.4982,0.5584,0.5584,0.4507,0.4896
289,0.4891,0.4836,0.4927,0.4836,0.4891,0.4544,0.4964,0.4507,0.4982,0.5584,0.5584,0.4507,0.4896
290,0.4891,0.4836,0.4927,0.4836,0.4891,0.4544,0.4964,0.4507,0.4982,0.5584,0.5584,0.4507,0.4896
291,0.4891,0.4836,0.4927,0.4836,0.4891,0.4544,0.4964,0.4507,0.4982,0.5584,0.5584,0.4507,0.4896
292,0.4891,0.4836,0.4927,0.4836,0.4891,0.4544,0.4964,0.4507,0.4982,0.5584,0.5584,0.4507,0.4896
293,0.4891,0.4836,0.4927,0.4836,0.4891,0.4544,0.4964,0.4507,0.4982,0.5584,0.5584,0.4507,0.4896
294,0.4891,0.4836,0.4927,0.4836,0.4891,0.4544,0.4964,0.4507,0.4982,0.5584,0.5584,0.4507,0.4896
295,0.4891,0.4836,0.4927,0.4836,0.4891,0.4544,0.4964,0.4507,0.4982,0.5584,0.5584,0.4507,0.4896
296,0.4891,0.4836,0.4927,0.4836,0.4891,0.4544,0.4964,0.4507,0.4982,0.5584,0.5584,0.4507,0.4896
297,0.4891,0.4836,0.4927,0.4836,0.4891,0.4544,0.4964,0.4507,0.4982,0.5584,0.5584,0.4507,0.4896
298,0.4891,0.4836,0.4927,0.4836,0.4891,0.4544,0.4964,0.4507,0.4982,0.5584,0.5584,0.4507,0.4896
299,0.4891,0.4836,0.4927,0.4836,0.4891,0.4544,0.4964,0.4507,0.4982,0.5584,0.5584,0.4507,0.4896
300,0.4891,0.4836,0.4927,0.4836,0.4891,0.4544,0.4964,0.4507,0.4982,0.5584,0.5584,0.4507,0.4896
301,0.4891,0.4836,0.4927,0.4836,0.4891,0.4544,0.4964,0.4507,0.4982,0.5584,0.5584,0.4507,0.4896
302,0.4891,0.4836,0.4927,0.4836,0.4891,0.4544,0.4964,0.4507,0.4982,0.5584,0.5584,0.4507,0.4896
303,0.4891,0.4836,0.4927,0.4836,0.4891,0.4544,0.4964,0.4507,0.4982,0.5584,0.5584,0.4507,0.4896
304,0.4891,0.4836,0.4927,0.4836,0.4891,0.4544,0.4964,0.4507,0.4982,0.5584,0.5584,0.4507,0.4896
305,0.4891,0.4836,0.4927,0.4836,0.4891,0.4544,0.4964,0.4507,0.4982,0.5584,0.5584,0.4507,0.4896
306,0.4891,0.4836,0.4927,0.4836,0.4891,0.4544,0.4964,0.4507,0.4982,0.5584,0.5584,0.4507,0.4896
307,0.4891,0.4836,0.4927,0.4836,0.4891,0.4544,0.4964,0.4507,0.4982,0.5584,0.5584,0.4507,0.4896
308,0.4891,0.4836,0.4927,0.4836,0.4891,0.4544,0.4964,0.4507,0.4982,0.5584,0.5584,0.4507,0.4896
309,0.4891,0.4836,0.4927,0.4836,0.4891,0.4544,0.4964,0.4507,0.4982,0.5584,0.5584,0.4507,0.4896
310,0.4891,0.4836,0.4927,0.4836,0.4891,0.4544,0.4964,0.4507,0.4982,0.5584,0.5584,0.4507,0.4896
311,0.4891,0.4836,0.4927,0.4836,0.4891,0.4544,0.4964,0.4507,0.4982,0.5584,0.5584,0.4507,0.4896
312,0.4891,0.4836,0.4927,0.4836,0.4891,0.4544,0.4964,0.4507,0.4982,0.5584,0.5584,0.4507,0.4896
313,0.4891,0.4836,0.4927,0.4836,0.4891,0.4544,0.4964,0.4507,0.4982,0.5584,0.5584,0.4507,0.4896
314,0.4891,0.4836,0.4927,0.4836,0.4891,0.4544,0.4964,0.4507,0.4982,0.5584,0.5584,0.4507,0.4896
315,0.4891,0.4836,0.4927,0.4836,0.4891,0.4544,0.4982,0.4507,0.4982,0.5584,0.5584,0.4507,0.4898
316,0.4891,0.4836,0.4927,0.4836,0.4891,0.4544,0.4982,0.4507,0.4982,0.5584,0.5584,0.4507,0.4898
317,0.4891,0.4836,0.4927,0.4836,0.4891,0.4544,0.4982,0.4507,0.4982,0.5584,0.5584,0.4507,0.4898
318,0.4891,0.4836,0.4927,0.4836,0.4891,0.4544,0.4982,0.4507,0.4982,0.5584,0.5584,0.4507,0.4898
319,0.4891,0.4836,0.4927,0.4836,0.4891,0.4544,0.4982,0.4507,0.5036,0.5584,0.5584,0.4507,0.4903
320,0.4891,0.4836,0.4927,0.4836,0.4891,0.4544,0.4982,0.4507,0.5036,0.5584,0.5584,0.4507,0.4903
321,0.4891,0.4836,0.4927,0.4836,0.4891,0.4544,0.4982,0.4507,0.5036,0.5584,0.5584,0.4507,0.4903
322,0.4891,0.4836,0.4927,0.4836,0.4891,0.4544,0.4982,0.4507,0.5036,0.5584,0.5584,0.4507,0.4903
323,0.4891,0.4836,0.4927,0.4836,0.4891,0.4544,0.4982,0.4507,0.5036,0.5584,0.5584,0.4507,0.4903
324,0.4891,0.4836,0.4927,0.4836,0.4891,0.4544,0.4982,0.4507,0.5036,0.5584,0.5584,0.4507,0.4903
325,0.4891,0.4836,0.4927,0.4836,0.4891,0.4544,0.4982,0.4507,0.5036,0.5584,0.5584,0.4507,0.4903
326,0.4891,0.4836,0.4927,0.4836,0.4891,0.4544,0.4982,0.4507,0.5036,0.5584,0.5584,0.4507,0.4903
327,0.4891,0.4836,0.4927,0.4836,0.4891,0.4544,0.4982,0.4507,0.5036,0.5584,0.5584,0.4507,0.4903
328,0.4891,0.4836,0.4927,0.4836,0.4891,0.4544,0.4982,0.4507,0.5036,0.5584,0.5584,0.4507,0.4903
329,0.4891,0.4836,0.4927,0.4836,0.4891,0.4544,0.4982,0.4507,0.5036,0.5584,0.5584,0.4507,0.4903
330,0.4891,0.4836,0.4927,0.4836,0.4891,0.4544,0.4982,0.4507,0.5036,0.5584,0.5584,0.4507,0.4903
331,0.4891,0.4836,0.4927,0.4836,0.4891,0.4544,0.4982,0.4507,0.5036,0.5584,0.5584,0.4507,0.4903
332,0.4891,0.4836,0.4927,0.4836,0.4891,0.4544,0.4982,0.4507,0.5036,0.5584,0.5584,0.4507,0.4903
333,0.4891,0.4836,0.4927,0.4836,0.4891,0.4544,0.4982,0.4507,0.5036,0.5584,0.5584,0.4507,0.4903
334,0.4891,0.4836,0.4927,0.4836,0.4891,0.4544,0.4982,0.4507,0.5036,0.5584,0.5584,0.4507,0.4903
335,0.4891,0.4836,0.4927,0.4836,0.4891,0.4544,0.4982,0.4507,0.5036,0.5584,0.5584,0.4507,0.4903
336,0.4891,0.4836,0.4927,0.4836,0.4891,0.4562,0.4982,0.4507,0.5036,0.5584,0.5584,0.4507,0.4905
337,0.4891,0.4836,0.4927,0.4836,0.4891,0.4562,0.4982,0.4507,0.5036,0.5584,0.5584,0.4507,0.4905
338,0.4891,0.4836,0.4927,0.4836,0.4891,0.4562,0.4982,0.4507,0.5036,0.5584,0.5584,0.4507,0.4905
339,0.4891,0.4836,0.4927,0.4836,0.4891,0.4562,0.4982,0.4507,0.5036,0.5584,0.5584,0.4507,0.4905
340,0.4891,0.4836,0.4927,0.4836,0.4891,0.4562,0.4982,0.4507,0.5036,0.5584,0.5584,0.4507,0.4905
341,0.4891,0.4836,0.4927,0.4836,0.4891,0.4562,0.4982,0.4507,0.5036,0.5584,0.5584,0.4507,0.4905
342,0.4891,0.4836,0.4927,0.4836,0.4891,0.4562,0.4982,0.4507,0.5036,0.5584,0.5584,0.4507,0.4905
343,0.4891,0.4836,0.4927,0.4836,0.4891,0.4562,0.4982,0.4507,0.5036,0.5584,0.5584,0.4507,0.4905
344,0.4891,0.4836,0.4927,0.4836,0.4891,0.4562,0.4982,0.4507,0.5036,0.5584,0.5584,0.4507,0.4905
345,0.4891,0.4836,0.4927,0.4836,0.4891,0.4562,0.4982,0.4507,0.5036,0.5584,0.5584,0.4507,0.4905
346,0.4891,0.4836,0.4927,0.4836,0.4891,0.4562,0.4982,0.4507,0.5036,0.5584,0.5584,0.4507,0.4905
347,0.4891,0.4836,0.4927,0.4836,0.4891,0.4562,0.4982,0.4507,0.5036,0.5584,0.5584,0.4507,0.4905
348,0.4891,0.4836,0.4927,0.4836,0.4891,0.4562,0.4982,0.4507,0.5036,0.5584,0.5584,0.4507,0.4905
349,0.4891,0.4836,0.4927,0.4836,0.4891,0.4562,0.4982,0.4507,0.5036,0.5584,0.5584,0.4507,0.4905
350,0.4891,0.4836,0.4927,0.4836,0.4891,0.4562,0.4982,0.4507,0.5036,0.5584,0.5584,0.4507,0.4905
351,0.4891,0.4836,0.4927,0.4836,0.4891,0.4562,0.4982,0.4507,0.5036,0.5584,0.5584,0.4507,0.4905
352,0.4909,0.4836,0.4927,0.4836,0.4891,0.4562,0.4982,0.4507,0.5036,0.5584,0.5584,0.4507,0.4907
353,0.4909,0.4836,0.4927,0.4836,0.4891,0.4562,0.4982,0.4507,0.5036,0.5584,0.5584,0.4507,0.4907
354,0.4909,0.4836,0.4927,0.4836,0.4891,0.4562,0.4982,0.4507,0.5036,0.5584,0.5584,0.4507,0.4907
355,0.4909,0.4836,0.4927,0.4836,0.4891,0.4562,0.4982,0.4507,0.5036,0.5584,0.5584,0.4507,0.4907
356,0.4909,0.4836,0.4927,0.4836,0.4891,0.4562,0.4982,0.4507,0.5036,0.5584,0.5584,0.4507,0.4907
357,0.4909,0.4836,0.4927,0.4836,0.4891,0.4562,0.4982,0.4507,0.5036,0.5584,0.5584,0.4507,0.4907
358,0.4909,0.4836,0.4927,0.4836,0.4891,0.4562,0.4982,0.4507,0.5036,0.5584,0.5584,0.4507,0.4907
359,0.4909,0.4836,0.4927,0.4836,0.4891,0.4562,0.4982,0.4507,0.5036,0.5584,0.5584,0.4507,0.4907
360,0.4909,0.4836,0.4927,0.4836,0.4891,0.4562,0.4982,0.4507,0.5036,0.5584,0.5584,0.4507,0.4907
361,0.4909,0.4836,0.4927,0.4836,0.4891,0.4562,0.4982,0.4507,0.5036,0.5584,0.5584,0.4507,0.4907
362,0.4909,0.4836,0.4927,0.4836,0.4891,0.4562,0.4982,0.4507,0.5036,0.5584,0.5584,0.4507,0.4907
363,0.4909,0.4836,0.4927,0.4836,0.4891,0.4562,0.4982,0.4507,0.5036,0.5584,0.5584,0.4507,0.4907
364,0.4909,0.4836,0.4927,0.4836,0.4891,0.4562,0.4982,0.4507,0.5036,0.5584,0.5584,0.4507,0.4907
365,0.4909,0.4836,0.4927,0.4836,0.4891,0.4562,0.4982,0.4507,0.5036,0.5584,0.5584,0.4507,0.4907
366,0.4909,0.4836,0.4927,0.4836,0.4891,0.4562,0.4982,0.4507,0.5036,0.5584,0.5584,0.4507,0.4907
367,0.4909,0.4836,0.4927,0.4836,0.4891,0.4562,0.4982,0.4507,0.5036,0.5584,0.5584,0.4507,0.4907
368,0.4909,0.4836,0.4927,0.4836,0.4891,0.4562,0.4982,0.4507,0.5036,0.5584,0.5584,0.4507,0.4907
369,0.4909,0.4836,0.4927,0.4836,0.4891,0.4562,0.4982,0.4507,0.5036,0.5584,0.5584,0.4507,0.4907
370,0.4909,0.4836,0.4927,0.4836,0.4891,0.4562,0.4982,0.4507,0.5036,0.5584,0.5584,0.4507,0.4907
371,0.4909,0.4836,0.4927,0.4836,0.4891,0.4562,0.4982,0.4507,0.5036,0.5584,0.5584,0.4507,0.4907
372,0.4909,0.4836,0.4927,0.4836,0.4891,0.4562,0.4982,0.4507,0.5036,0.5584,0.5584,0.4507,0.4907
373,0.4909,0.4836,0.4927,0.4836,0.4891,0.4562,0.4982,0.4507,0.5036,0.5584,0.5584,0.4507,0.4907
374,0.4909,0.4836,0.4927,0.4836,0.4891,0.4562,0.4982,0.4507,0.5036,0.5584,0.5584,0.4507,0.4907
375,0.4909,0.4836,0.4927,0.4836,0.4891,0.4562,0.4982,0.4507,0.5036,0.5584,0.5584,0.4507,0.4907
376,0.4909,0.4836,0.4927,0.4836,0.4891,0.4562,0.4982,0.4507,0.5036,0.5584,0.5584,0.4507,0.4907
377,0.4909,0.4836,0.4927,0.4836,0.4891,0.4562,0.4982,0.4507,0.5036,0.5584,0.5584,0.4507,0.4907
378,0.4909,0.4836,0.4927,0.4836,0.4891,0.4562,0.4982,0.4507,0.5036,0.5584,0.5584,0.4507,0.4907
379,0.4909,0.4836,0.4927,0.4836,0.4891,0.4562,0.4982,0.4507,0.5036,0.5584,0.5584,0.4507,0.4907
380,0.4909,0.4836,0.4927,0.4836,0.4891,0.4562,0.4982,0.4507,0.5036,0.5584,0.5584,0.4507,0.4907
381,0.4909,0.4836,0.4927,0.4836,0.4891,0.4562,0.4982,0.4507,0.5036,0.5584,0.5584,0.4507,0.4907
382,0.4909,0.4836,0.4927,0.4836,0.4891,0.4562,0.4982,0.4507,0.5036,0.5584,0.5584,0.4507,0.4907
383,0.4909,0.4836,0.4927,0.4836,0.4891,0.4562,0.4982,0.4507,0.5036,0.5584,0.5584,0.4507,0.4907
384,0.4909,0.4854,0.4927,0.4836,0.4891,0.4562,0.4982,0.4507,0.5036,0.5584,0.5584,0.4507,0.4909
385,0.4909,0.4854,0.4927,0.4836,0.4891,0.4562,0.4982,0.4507,0.5036,0.5584,0.5584,0.4507,0.4909
386,0.4909,0.4854,0.4927,0.4836,0.4891,0.4562,0.4982,0.4507,0.5036,0.5584,0.5584,0.4507,0.4909
387,0.4909,0.4854,0.4927,0.4836,0.4891,0.4562,0.4982,0.4507,0.5036,0.5584,0.5584,0.4507,0.4909
388,0.4909,0.4854,0.4927,0.4836,0.4891,0.4562,0.4982,0.4507,0.5036,0.5584,0.5584,0.4507,0.4909
389,0.4909,0.4854,0.4927,0.4836,0.4891,0.4562,0.4982,0.4507,0.5036,0.5584,0.5584,0.4507,0.4909
390,0.4909,0.4854,0.4927,0.4836,0.4891,0.4562,0.4982,0.4507,0.5036,0.5584,0.5584,0.4507,0.4909
391,0.4909,0.4854,0.4927,0.4836,0.4891,0.4562,0.4982,0.4507,0.5036,0.5584,0.5584,0.4507,0.4909
392,0.4909,0.4854,0.4927,0.4836,0.4891,0.4562,0.4982,0.4507,0.5036,0.5584,0.5584,0.4507,0.4909
393,0.4909,0.4854,0.4927,0.4836,0.4891,0.4562,0.4982,0.4507,0.5036,0.5584,0.5584,0.4507,0.4909
394,0.4909,0.4854,0.4927,0.4836,0.4891,0.4562,0.4982,0.4507,0.5036,0.5584,0.5584,0.4507,0.4909
395,0.4909,0.4854,0.4927,0.4836,0.4891,0.4562,0.4982,0.4507,0.5036,0.5584,0.5584,0.4507,0.4909
396,0.4909,0.4854,0.4927,0.4836,0.4891,0.4562,0.4982,0.4507,0.5036,0.5584,0.5584,0.4507,0.4909
397,0.4909,0.4854,0.4927,0.4836,0.4891,0.4562,0.4982,0.4507,0.5036,0.5584,0.5584,0.4507,0.4909
398,0.4909,0.4854,0.4927,0.4836,0.4891,0.4562,0.4982,0.4507,0.5036,0.5584,0.5584,0.4507,0.4909
399,0.4909,0.4854,0.4927,0.4836,0.4891,0.4562,0.4982,0.4507,0.5036,0.5584,0.5584,0.4507,0.4909
400,0.4909,0.4854,0.4927,0.4836,0.4891,0.4562,0.4982,0.4507,0.5036,0.5584,0.5584,0.4507,0.4909
401,0.4909,0.4854,0.4927,0.4836,0.4891,0.4562,0.4982,0.4507,0.5036,0.5584,0.5584,0.4507,0.4909
402,0.4909,0.4854,0.4927,0.4836,0.4891,0.4562,0.4982,0.4507,0.5036,0.5584,0.5584,0.4507,0.4909
403,0.4909,0.4854,0.4927,0.4836,0.4891,0.4562,0.4982,0.4507,0.5036,0.5584,0.5584,0.4507,0.4909
404,0.4909,0.4854,0.4927,0.4836,0.4891,0.4562,0.4982,0.4507,0.5036,0.5584,0.5584,0.4507,0.4909
405,0.4909,0.4854,0.4927,0.4836,0.4891,0.4562,0.4982,0.4507,0.5036,0.5584,0.5584,0.4507,0.4909
406,0.4909,0.4854,0.4927,0.4836,0.4891,0.4562,0.4982,0.4507,0.5036,0.5584,0.5584,0.4507,0.4909
407,0.4909,0.4854,0.4927,0.4836,0.4891,0.4562,0.4982,0.4507,0.5036,0.5584,0.5584,0.4507,0.4909
408,0.4909,0.4854,0.4927,0.4836,0.4891,0.4562,0.4982,0.4507,0.5036,0.5584,0.5584,0.4507,0.4909
409,0.4909,0.4854,0.4927,0.4836,0.4891,0.4562,0.4982,0.4507,0.5036,0.5584,0.5584,0.4507,0.4909
410,0.4909,0.4854,0.4927,0.4836,0.4891,0.4562,0.4982,0.4507,0.5036,0.5584,0.5584,0.4507,0.4909
411,0.4909,0.4854,0.4927,0.4836,0.4891,0.4562,0.4982,0.4507,0.5036,0.5584,0.5584,0.4507,0.4909
412,0.4909,0.4854,0.4927,0.4836,0.4891,0.4562,0.4982,0.4507,0.5036,0.5584,0.5584,0.4507,0.4909
413,0.4909,0.4854,0.4927,0.4836,0.4891,0.4562,0.4982,0.4507,0.5036,0.5584,0.5584,0.4507,0.4909
414,0.4909,0.4854,0.4927,0.4836,0.4891,0.4562,0.4982,0.4507,0.5036,0.5584,0.5584,0.4507,0.4909
415,0.4909,0.4854,0.4927,0.4836,0.4891,0.4562,0.4982,0.4507,0.5036,0.5584,0.5584,0.4507,0.4909
416,0.4909,0.4854,0.4927,0.4836,0.4891,0.4562,0.4982,0.4507,0.5036,0.5584,0.5584,0.4507,0.4909
417,0.4909,0.4854,0.4927,0.4836,0.4891,0.4562,0.4982,0.4507,0.5036,0.5584,0.5584,0.4507,0.4909
418,0.4909,0.4854,0.4927,0.4836,0.4891,0.4562,0.4982,0.4507,0.5036,0.5584,0.5584,0.4507,0.4909
419,0.4909,0.4854,0.4927,0.4836,0.4891,0.4562,0.4982,0.4507,0.5036,0.5584,0.5584,0.4507,0.4909
420,0.4909,0.4854,0.4927,0.4836,0.4891,0.4562,0.4982,0.4507,0.5036,0.5584,0.5584,0.4507,0.4909
421,0.4909,0.4854,0.4927,0.4836,0.4891,0.4562,0.4982,0.4507,0.5036,0.5584,0.5584,0.4507,0.4909
422,0.4909,0.4854,0.4927,0.4836,0.4891,0.4562,0.4982,0.4507,0.5036,0.5584,0.5584,0.4507,0.4909
423,0.4909,0.4854,0.4927,0.4836,0.4891,0.4562,0.4982,0.4507,0.5036,0.5584,0.5584,0.4507,0.4909
424,0.4909,0.4854,0.4927,0.4836,0.4891,0.4562,0.4982,0.4507,0.5036,0.5584,0.5584,0.4507,0.4909
425,0.4909,0.4854,0.4927,0.4836,0.4891,0.4562,0.4982,0.4507,0.5036,0.5584,0.5584,0.4507,0.4909
426,0.4909,0.4854,0.4927,0.4836,0.4891,0.4562,0.4982,0.4507,0.5036,0.5584,0.5584,0.4507,0.4909
427,0.4909,0.4854,0.4927,0.4836,0.4891,0.4562,0.4982,0.4507,0.5036,0.5584,0.5584,0.4507,0.4909
428,0.4909,0.4854,0.4927,0.4836,0.4891,0.4562,0.4982,0.4507,0.5036,0.5584,0.5584,0.4507,0.4909
429,0.4909,0.4854,0.4927,0.4836,0.4891,0.4562,0.4982,0.4507,0.5036,0.5584,0.5584,0.4507,0.4909
430,0.4909,0.4854,0.4927,0.4836,0.4891,0.4562,0.4982,0.4507,0.5036,0.5584,0.5584,0.4507,0.4909
431,0.4909,0.4854,0.4927,0.4836,0.4891,0.4562,0.4982,0.4507,0.5036,0.5584,0.5584,0.4507,0.4909
432,0.4909,0.4854,0.4927,0.4836,0.4891,0.4562,0.4982,0.4507,0.5036,0.5584,0.5584,0.4507,0.4909
433,0.4909,0.4854,0.4927,0.4836,0.4891,0.4562,0.4982,0.4507,0.5036,0.5584,0.5584,0.4507,0.4909
434,0.4909,0.4854,0.4927,0.4836,0.4891,0.4562,0.4982,0.4507,0.5036,0.5584,0.5584,0.4507,0.4909
435,0.4909,0.4854,0.4927,0.4836,0.4891,0.4562,0.4982,0.4507,0.5036,0.5584,0.5584,0.4507,0.4909
436,0.4909,0.4854,0.4927,0.4836,0.4891,0.4562,0.4982,0.4507,0.5036,0.5584,0.5584,0.4507,0.4909
437,0.4909,0.4854,0.4927,0.4836,0.4891,0.4562,0.4982,0.4507,0.5036,0.5584,0.5584,0.4507,0.4909
438,0.4909,0.4854,0.4927,0.4836,0.4891,0.4562,0.4982,0.4507,0.5036,0.5584,0.5584,0.4507,0.4909
439,0.4909,0.4854,0.4927,0.4836,0.4891,0.4562,0.4982,0.4507,0.5036,0.5584,0.5584,0.4507,0.4909
440,0.4909,0.4854,0.4927,0.4836,0.4891,0.4562,0.4982,0.4507,0.5036,0.5584,0.5584,0.4507,0.4909
441,0.4909,0.4854,0.4927,0.4836,0.4891,0.4562,0.4982,0.4507,0.5036,0.5584,0.5584,0.4507,0.4909
442,0.4909,0.4854,0.4927,0.4836,0.4891,0.4562,0.4982,0.4507,0.5036,0.5584,0.5584,0.4507,0.4909
443,0.4909,0.4854,0.4927,0.4836,0.4891,0.4562,0.4982,0.4507,0.5036,0.5584,0.5584,0.4507,0.4909
444,0.4909,0.4854,0.4927,0.4836,0.4891,0.4562,0.4982,0.4507,0.5036,0.5584,0.5584,0.4507,0.4909
445,0.4909,0.4854,0.4927,0.4836,0.4891,0.4562,0.4982,0.4507,0.5036,0.5584,0.5584,0.4507,0.4909
446,0.4909,0.4854,0.4927,0.4836,0.4891,0.4562,0.4982,0.4507,0.5036,0.5584,0.5584,0.4507,0.4909
447,0.4909,0.4854,0.4927,0.4836,0.4891,0.4562,0.4982,0.4507,0.5036,0.5584,0.5584,0.4507,0.4909
448,0.4909,0.4854,0.4927,0.4909,0.4891,0.4562,0.4982,0.4507,0.5036,0.5584,0.5584,0.4507,0.4916
449,0.4909,0.4854,0.4927,0.4909,0.4891,0.4562,0.4982,0.4507,0.5036,0.5584,0.5584,0.4507,0.4916
450,0.4909,0.4854,0.4927,0.4909,0.4891,0.4562,0.4982,0.4507,0.5036,0.5584,0.5584,0.4507,0.4916
451,0.4909,0.4854,0.4927,0.4909,0.4891,0.4562,0.4982,0.4507,0.5036,0.5584,0.5584,0.4507,0.4916
452,0.4909,0.4854,0.4927,0.4909,0.4891,0.4562,0.4982,0.4507,0.5036,0.5584,0.5584,0.4507,0.4916
453,0.4909,0.4854,0.4927,0.4909,0.4891,0.4562,0.4982,0.4854,0.5036,0.5584,0.5584,0.4562,0.4951
454,0.4909,0.4854,0.4927,0.4909,0.4891,0.4562,0.4982,0.4854,0.5036,0.5584,0.5584,0.4562,0.4951
455,0.4909,0.4854,0.4927,0.4909,0.4891,0.4562,0.4982,0.4854,0.5036,0.5584,0.5584,0.4562,0.4951
456,0.4909,0.4854,0.4927,0.4909,0.4891,0.4562,0.4982,0.4854,0.5036,0.5584,0.5584,0.4562,0.4951
457,0.4909,0.4854,0.4927,0.4909,0.4891,0.4562,0.4982,0.4854,0.5036,0.5584,0.5584,0.4562,0.4951
458,0.4909,0.4854,0.4927,0.4909,0.4891,0.4562,0.4982,0.4854,0.5036,0.5584,0.5584,0.4562,0.4951
459,0.4909,0.4854,0.4927,0.4909,0.4891,0.4562,0.4982,0.4854,0.5036,0.5584,0.5584,0.4562,0.4951
460,0.4909,0.4854,0.4927,0.4909,0.4891,0.4562,0.4982,0.4854,0.5036,0.5584,0.5584,0.4562,0.4951
461,0.4909,0.4854,0.4927,0.4909,0.4891,0.4562,0.4982,0.4854,0.5036,0.5584,0.5584,0.4562,0.4951
462,0.4909,0.4854,0.4927,0.4909,0.4891,0.4562,0.4982,0.4854,0.5036,0.5584,0.5584,0.4562,0.4951
463,0.4909,0.4854,0.4927,0.4909,0.4891,0.4562,0.4982,0.4854,0.5036,0.5584,0.5584,0.4562,0.4951
464,0.4909,0.4854,0.4927,0.4909,0.4891,0.4562,0.4982,0.4854,0.5036,0.5584,0.5584,0.4562,0.4951
465,0.4909,0.4854,0.4927,0.4909,0.4891,0.4562,0.4982,0.4854,0.5036,0.5584,0.5584,0.4562,0.4951
466,0.4909,0.4854,0.4927,0.4909,0.4891,0.4562,0.4982,0.4854,0.5036,0.5584,0.5584,0.4562,0.4951
467,0.4909,0.4854,0.4927,0.4909,0.4891,0.4562,0.4982,0.4854,0.5036,0.5584,0.5584,0.4562,0.4951
468,0.4909,0.4854,0.4927,0.4909,0.4891,0.4562,0.4982,0.4854,0.5036,0.5584,0.5584,0.4562,0.4951
469,0.4909,0.4854,0.4927,0.4909,0.4891,0.4562,0.4982,0.4854,0.5036,0.5584,0.5584,0.4562,0.4951
470,0.4909,0.4854,0.4927,0.4909,0.4891,0.4562,0.4982,0.4854,0.5036,0.5584,0.5584,0.4562,0.4951
471,0.4909,0.4854,0.4927,0.4909,0.4891,0.4562,0.4982,0.4854,0.5036,0.5584,0.5584,0.4562,0.4951
472,0.4909,0.4854,0.4927,0.4909,0.4891,0.4562,0.4982,0.4854,0.5036,0.5584,0.5584,0.4562,0.4951
473,0.4909,0.4854,0.4927,0.4909,0.4891,0.4562,0.4982,0.4854,0.5036,0.5584,0.5584,0.4562,0.4951
474,0.4909,0.4854,0.4927,0.4909,0.4891,0.4562,0.4982,0.4854,0.5036,0.5584,0.5584,0.4562,0.4951
475,0.4909,0.4854,0.4927,0.4909,0.4891,0.4562,0.4982,0.4854,0.5036,0.5584,0.5584,0.4562,0.4951
476,0.4909,0.4854,0.4927,0.4909,0.4891,0.4562,0.4982,0.4854,0.5036,0.5584,0.5584,0.4562,0.4951
477,0.4909,0.4854,0.4927,0.4909,0.4891,0.4562,0.4982,0.4854,0.5036,0.5584,0.5584,0.4562,0.4951
478,0.4909,0.4854,0.4927,0.4909,0.4891,0.4562,0.4982,0.4854,0.5036,0.5584,0.5584,0.4562,0.4951
479,0.4909,0.4854,0.4927,0.4909,0.4891,0.4562,0.4982,0.4854,0.5036,0.5584,0.5584,0.4562,0.4951
480,0.4909,0.4854,0.4927,0.4909,0.4891,0.4562,0.4982,0.4854,0.5036,0.5584,0.5584,0.4562,0.4951
481,0.4909,0.4854,0.4927,0.4909,0.4891,0.4562,0.4982,0.4854,0.5036,0.5584,0.5584,0.4562,0.4951
482,0.4909,0.4854,0.4927,0.4909,0.4891,0.4562,0.4982,0.4854,0.5036,0.5584,0.5584,0.4562,0.4951
483,0.4909,0.4854,0.4927,0.4909,0.4891,0.4562,0.4982,0.4854,0.5036,0.5584,0.5584,0.4562,0.4951
484,0.4909,0.4854,0.4927,0.4909,0.4891,0.4562,0.4982,0.4854,0.5036,0.5584,0.5584,0.4562,0.4951
485,0.4909,0.4854,0.4927,0.4909,0.4891,0.4562,0.4982,0.4854,0.5036,0.5584,0.5584,0.4562,0.4951
486,0.4909,0.4854,0.4927,0.4909,0.4891,0.4562,0.4982,0.4854,0.5036,0.5584,0.5584,0.4562,0.4951
487,0.4909,0.4854,0.4927,0.4909,0.4891,0.4562,0.4982,0.4854,0.5036,0.5584,0.5584,0.4562,0.4951
488,0.4909,0.4854,0.4927,0.4909,0.4891,0.4562,0.4982,0.4854,0.5036,0.5584,0.5584,0.4562,0.4951
489,0.4909,0.4854,0.4927,0.4909,0.4891,0.4562,0.4982,0.4854,0.5036,0.5584,0.5584,0.4562,0.4951
490,0.4909,0.4854,0.4927,0.4909,0.4891,0.4562,0.4982,0.4854,0.5036,0.5584,0.5584,0.4562,0.4951
491,0.4909,0.4854,0.4927,0.4909,0.4891,0.4562,0.4982,0.4854,0.5036,0.5584,0.5584,0.4562,0.4951
492,0.4909,0.4854,0.4927,0.4909,0.4891,0.4562,0.4982,0.4854,0.5036,0.5584,0.5584,0.4562,0.4951
493,0.4909,0.4854,0.4927,0.4909,0.4891,0.4562,0.4982,0.4854,0.5036,0.5584,0.5584,0.4562,0.4951
494,0.4909,0.4854,0.4927,0.4909,0.4891,0.4562,0.4982,0.4854,0.5036,0.5584,0.5584,0.4562,0.4951
495,0.4909,0.4854,0.4927,0.4909,0.4891,0.4562,0.4982,0.4854,0.5036,0.5584,0.5584,0.4562,0.4951
496,0.4909,0.4854,0.4927,0.4909,0.4891,0.4562,0.4982,0.4854,0.5036,0.5584,0.5584,0.4562,0.4951
497,0.4909,0.4854,0.4927,0.4909,0.4891,0.4562,0.4982,0.4854,0.5036,0.5584,0.5584,0.4562,0.4951
498,0.4909,0.4854,0.4927,0.4909,0.4891,0.4562,0.4982,0.4854,0.5036,0.5584,0.5584,0.4562,0.4951
499,0.4909,0.4854,0.4927,0.4927,0.4891,0.4562,0.4982,0.4854,0.5036,0.5584,0.5584,0.4562,0.4953
500,0.4909,0.4854,0.4927,0.4927,0.4891,0.4562,0.4982,0.4854,0.5036,0.5584,0.5584,0.4562,0.4953
501,0.4909,0.4854,0.4927,0.4927,0.4891,0.4562,0.4982,0.4854,0.5036,0.5584,0.5584,0.4562,0.4953
502,0.4909,0.4854,0.4927,0.4927,0.4891,0.4562,0.4982,0.4854,0.5036,0.5584,0.5584,0.4562,0.4953
503,0.4909,0.4854,0.4927,0.4927,0.4891,0.4562,0.4982,0.4854,0.5036,0.5584,0.5584,0.4562,0.4953
504,0.4909,0.4854,0.4927,0.4927,0.4891,0.4562,0.4982,0.4854,0.5036,0.5584,0.5584,0.4562,0.4953
505,0.4909,0.4854,0.4927,0.4927,0.4891,0.4562,0.4982,0.4854,0.5036,0.5584,0.5584,0.4562,0.4953
506,0.4909,0.4854,0.4927,0.4927,0.4891,0.4562,0.4982,0.4854,0.5036,0.5584,0.5584,0.4562,0.4953
507,0.4909,0.4854,0.4927,0.4927,0.4891,0.4562,0.4982,0.4854,0.5036,0.5584,0.5584,0.4562,0.4953
508,0.4909,0.4854,0.4927,0.4927,0.4891,0.4562,0.4982,0.4854,0.5036,0.5584,0.5584,0.4562,0.4953
509,0.4909,0.4854,0.4927,0.4927,0.4891,0.4562,0.4982,0.4854,0.5036,0.5584,0.5584,0.4562,0.4953
510,0.4909,0.4854,0.4927,0.4927,0.4891,0.4562,0.4982,0.4854,0.5036,0.5584,0.5584,0.4562,0.4953
511,0.4909,0.4854,0.4927,0.4927,0.4891,0.4562,0.4982,0.4854,0.5036,0.5584,0.5584,0.4562,0.4953
512,0.4909,0.4854,0.4927,0.4927,0.4891,0.4562,0.4982,0.4854,0.5036,0.5584,0.5584,0.4562,0.4953
513,0.4909,0.4854,0.4927,0.4927,0.4891,0.4562,0.4982,0.4854,0.5036,0.5584,0.5584,0.4562,0.4953
514,0.4909,0.4854,0.4927,0.4927,0.4891,0.4562,0.4982,0.4854,0.5036,0.5584,0.5584,0.4562,0.4953
515,0.4909,0.4854,0.4927,0.4927,0.4891,0.4562,0.4982,0.4854,0.5036,0.5584,0.5584,0.4562,0.4953
516,0.4909,0.4854,0.4927,0.4927,0.4891,0.4562,0.4982,0.4854,0.5036,0.5584,0.5584,0.4562,0.4953
517,0.4909,0.4854,0.4927,0.4927,0.4891,0.4562,0.4982,0.4854,0.5036,0.5584,0.5584,0.4562,0.4953
518,0.4909,0.4854,0.4927,0.4927,0.4891,0.4562,0.4982,0.4854,0.5036,0.5584,0.5584,0.4562,0.4953
519,0.4909,0.4854,0.4927,0.4927,0.4891,0.4562,0.4982,0.4854,0.5036,0.5584,0.5584,0.4562,0.4953
520,0.4909,0.4854,0.4927,0.4927,0.4891,0.4562,0.4982,0.4854,0.5036,0.5584,0.5584,0.4562,0.4953
521,0.4909,0.4854,0.4927,0.4927,0.4891,0.4562,0.4982,0.4854,0.5036,0.5584,0.5584,0.4562,0.4953
522,0.4909,0.4854,0.4927,0.4927,0.4891,0.4562,0.4982,0.4854,0.5036,0.5584,0.5584,0.4562,0.4953
523,0.4909,0.4854,0.4927,0.4927,0.4891,0.4562,0.4982,0.4854,0.5036,0.5584,0.5584,0.4562,0.4953
524,0.4909,0.4854,0.4927,0.4927,0.4891,0.4562,0.4982,0.4854,0.5036,0.5584,0.5584,0.4562,0.4953
525,0.4909,0.4854,0.4927,0.4927,0.4891,0.4562,0.4982,0.4854,0.5036,0.5584,0.5584,0.4562,0.4953
526,0.4909,0.4854,0.4927,0.4927,0.4891,0.4562,0.4982,0.4854,0.5036,0.5584,0.5584,0.4562,0.4953
527,0.4909,0.4854,0.4927,0.4927,0.4891,0.4562,0.4982,0.4854,0.5036,0.5584,0.5584,0.4562,0.4953
528,0.4909,0.4854,0.4927,0.4927,0.4891,0.4562,0.4982,0.4854,0.5036,0.5584,0.5584,0.4562,0.4953
529,0.4909,0.4854,0.4927,0.4927,0.4891,0.4562,0.4982,0.4854,0.5036,0.5584,0.5584,0.4562,0.4953
530,0.4909,0.4854,0.4927,0.4927,0.4891,0.4562,0.4982,0.4854,0.5036,0.5584,0.5584,0.4562,0.4953
531,0.4909,0.4854,0.4927,0.4927,0.4891,0.4562,0.4982,0.4854,0.5036,0.5584,0.5584,0.4562,0.4953
532,0.4909,0.4854,0.4927,0.4927,0.4891,0.4562,0.4982,0.4854,0.5036,0.5584,0.5584,0.4562,0.4953
533,0.4909,0.4854,0.4927,0.4927,0.4891,0.4562,0.4982,0.4854,0.5036,0.5584,0.5584,0.4562,0.4953
534,0.4909,0.4854,0.4927,0.4927,0.4891,0.4562,0.4982,0.4854,0.5036,0.5584,0.5584,0.4562,0.4953
535,0.4909,0.4854,0.4927,0.4927,0.4891,0.4562,0.4982,0.4854,0.5036,0.5584,0.5584,0.4562,0.4953
536,0.4909,0.4854,0.4927,0.4927,0.4891,0.4562,0.4982,0.4854,0.5036,0.5584,0.5584,0.4562,0.4953
537,0.4909,0.4854,0.4927,0.4927,0.4891,0.4562,0.4982,0.4854,0.5036,0.5584,0.5584,0.4562,0.4953
538,0.4909,0.4854,0.4927,0.4927,0.4891,0.4562,0.4982,0.4854,0.5036,0.5584,0.5584,0.4562,0.4953
539,0.4909,0.4854,0.4927,0.4927,0.4891,0.4562,0.4982,0.4854,0.5036,0.5584,0.5584,0.4562,0.4953
540,0.4909,0.4854,0.4927,0.4927,0.4891,0.4562,0.4982,0.4854,0.5036,0.5584,0.5584,0.4562,0.4953
541,0.4909,0.4854,0.4927,0.4927,0.4891,0.4562,0.4982,0.4854,0.5036,0.5584,0.5584,0.4562,0.4953
542,0.4909,0.4854,0.4927,0.4927,0.4891,0.4562,0.4982,0.4854,0.5036,0.5584,0.5584,0.4562,0.4953
543,0.4909,0.4854,0.4927,0.4927,0.4891,0.4562,0.4982,0.4854,0.5036,0.5584,0.5584,0.4562,0.4953
544,0.4909,0.4854,0.4927,0.4927,0.4891,0.4562,0.4982,0.4854,0.5036,0.5584,0.5584,0.4562,0.4953
545,0.4909,0.4854,0.4927,0.4927,0.4891,0.4562,0.4982,0.4854,0.5036,0.5584,0.5584,0.4562,0.4953
546,0.4909,0.4854,0.4927,0.4927,0.4891,0.4562,0.4982,0.4854,0.5036,0.5584,0.5584,0.4562,0.4953
547,0.4909,0.4854,0.4927,0.4927,0.4891,0.4562,0.4982,0.4854,0.5036,0.5584,0.5584,0.4562,0.4953
548,0.4909,0.4854,0.4927,0.4927,0.4891,0.4562,0.4982,0.4854,0.5036,0.5584,0.5584,0.4562,0.4953
549,0.4909,0.4854,0.4927,0.4927,0.4891,0.4562,0.4982,0.4854,0.5036,0.5584,0.5584,0.4562,0.4953
550,0.4909,0.4854,0.4927,0.4927,0.4891,0.4562,0.4982,0.4854,0.5036,0.5584,0.5584,0.4562,0.4953
551,0.4909,0.4854,0.4927,0.4927,0.4891,0.4562,0.4982,0.4854,0.5036,0.5584,0.5584,0.4562,0.4953
552,0.4909,0.4854,0.4927,0.4927,0.4891,0.4562,0.4982,0.4854,0.5036,0.5584,0.5584,0.4562,0.4953
553,0.4909,0.4854,0.4927,0.4927,0.4891,0.4562,0.4982,0.4854,0.5036,0.5584,0.5584,0.4562,0.4953
554,0.4909,0.4854,0.4927,0.4927,0.4891,0.4562,0.4982,0.4854,0.5036,0.5584,0.5584,0.4562,0.4953
555,0.4909,0.4854,0.4927,0.4927,0.4891,0.4562,0.4982,0.4854,0.5036,0.5584,0.5584,0.4562,0.4953
556,0.4909,0.4854,0.4927,0.4927,0.4891,0.4562,0.4982,0.4854,0.5036,0.5584,0.5584,0.4562,0.4953
557,0.4909,0.4854,0.4927,0.4927,0.4891,0.4562,0.4982,0.4854,0.5036,0.5584,0.5584,0.4562,0.4953
558,0.4909,0.4854,0.4927,0.4927,0.4891,0.4562,0.4982,0.4854,0.5036,0.5584,0.5584,0.4562,0.4953
559,0.4909,0.4854,0.4927,0.4927,0.4891,0.4562,0.4982,0.4854,0.5036,0.5584,0.5584,0.4562,0.4953
560,0.4909,0.4854,0.4927,0.4927,0.4891,0.4562,0.4982,0.4854,0.5036,0.5584,0.5584,0.4562,0.4953
561,0.4909,0.4854,0.4927,0.4927,0.4891,0.4562,0.4982,0.4854,0.5036,0.5584,0.5584,0.4562,0.4953
562,0.4909,0.4854,0.4927,0.4927,0.4891,0.4562,0.4982,0.4854,0.5036,0.5584,0.5584,0.4562,0.4953
563,0.4909,0.4854,0.4927,0.4927,0.4891,0.4562,0.4982,0.4854,0.5036,0.5584,0.5584,0.4562,0.4953
564,0.4909,0.4854,0.4927,0.4927,0.4891,0.4562,0.4982,0.4854,0.5036,0.5584,0.5584,0.4562,0.4953
565,0.4909,0.4854,0.4927,0.4927,0.4891,0.4562,0.4982,0.4854,0.5036,0.5584,0.5584,0.4562,0.4953
566,0.4909,0.4854,0.4927,0.4927,0.4891,0.4562,0.4982,0.4854,0.5036,0.5584,0.5584,0.4562,0.4953
567,0.4909,0.4854,0.4927,0.4927,0.4891,0.4562,0.4982,0.4854,0.5036,0.5584,0.5584,0.4562,0.4953
568,0.4909,0.4854,0.4927,0.4927,0.4891,0.4562,0.4982,0.4854,0.5036,0.5584,0.5584,0.4562,0.4953
569,0.4909,0.4854,0.4927,0.4927,0.4891,0.4562,0.4982,0.4854,0.5036,0.5584,0.5584,0.4562,0.4953
570,0.4909,0.4854,0.4927,0.4927,0.4891,0.4562,0.4982,0.4854,0.5036,0.5584,0.5584,0.4562,0.4953
571,0.4909,0.4854,0.4927,0.4927,0.4891,0.4562,0.4982,0.4854,0.5036,0.5803,0.5803,0.4562,0.4975
572,0.4909,0.4854,0.4927,0.4927,0.4891,0.4562,0.4982,0.4854,0.5036,0.5803,0.5803,0.4562,0.4975
573,0.4909,0.4854,0.4927,0.4927,0.4891,0.4562,0.4982,0.4854,0.5036,0.5803,0.5803,0.4562,0.4975
574,0.4909,0.4854,0.4927,0.4927,0.4891,0.4562,0.4982,0.4854,0.5036,0.5803,0.5803,0.4562,0.4975
575,0.4909,0.4854,0.4927,0.4927,0.4891,0.4562,0.4982,0.4854,0.5036,0.5803,0.5803,0.4562,0.4975
576,0.4909,0.4854,0.4927,0.4927,0.4891,0.4562,0.4982,0.4854,0.5036,0.5803,0.5803,0.4562,0.4975
577,0.4909,0.4854,0.4927,0.4927,0.4891,0.4562,0.4982,0.4854,0.5036,0.5803,0.5803,0.4562,0.4975
578,0.4909,0.4854,0.4927,0.4927,0.4891,0.4562,0.4982,0.4854,0.5036,0.5803,0.5803,0.4562,0.4975
579,0.4909,0.4854,0.4927,0.4927,0.4891,0.4562,0.4982,0.4854,0.5036,0.5803,0.5803,0.4562,0.4975
580,0.4909,0.4854,0.4927,0.4927,0.4891,0.4562,0.4982,0.4854,0.5036,0.5803,0.5803,0.4562,0.4975
581,0.4909,0.4854,0.4927,0.4927,0.4891,0.4562,0.4982,0.4854,0.5036,0.5803,0.5803,0.4562,0.4975
582,0.4909,0.4854,0.4927,0.4927,0.4891,0.4562,0.4982,0.4854,0.5036,0.5803,0.5803,0.4562,0.4975
583,0.4909,0.4854,0.4927,0.4927,0.4891,0.4562,0.4982,0.4854,0.5036,0.5803,0.5803,0.4562,0.4975
584,0.4909,0.4854,0.4927,0.4927,0.4891,0.4562,0.4982,0.4854,0.5036,0.5803,0.5803,0.4562,0.4975
585,0.4909,0.4854,0.4927,0.4927,0.4891,0.4562,0.4982,0.4854,0.5036,0.5803,0.5803,0.4562,0.4975
586,0.4909,0.4854,0.4927,0.4927,0.4891,0.4562,0.4982,0.4854,0.5036,0.5803,0.5803,0.4562,0.4975
587,0.4909,0.4854,0.4927,0.4927,0.4891,0.4562,0.4982,0.4854,0.5036,0.5803,0.5803,0.4562,0.4975
588,0.4909,0.4854,0.4927,0.4927,0.4891,0.4562,0.4982,0.4854,0.5036,0.5803,0.5803,0.4562,0.4975
589,0.4909,0.4854,0.4927,0.4927,0.4891,0.4562,0.4982,0.4854,0.5036,0.5803,0.5803,0.4562,0.4975
590,0.4909,0.4854,0.4927,0.4927,0.4891,0.4562,0.4982,0.4854,0.5036,0.5803,0.5803,0.4562,0.4975
591,0.4909,0.4854,0.4927,0.4927,0.4891,0.4562,0.4982,0.4854,0.5036,0.5803,0.5803,0.4562,0.4975
592,0.4909,0.4854,0.4927,0.4927,0.4891,0.4562,0.4982,0.4854,0.5036,0.5803,0.5803,0.4562,0.4975
593,0.4909,0.4854,0.4927,0.4927,0.4891,0.4562,0.4982,0.4854,0.5036,0.5803,0.5803,0.4562,0.4975
594,0.4909,0.4854,0.4927,0.4927,0.4891,0.4562,0.4982,0.4854,0.5036,0.5803,0.5803,0.4562,0.4975
595,0.4909,0.4854,0.4927,0.4927,0.4891,0.4562,0.4982,0.4854,0.5036,0.5803,0.5803,0.4562,0.4975
596,0.4909,0.4854,0.4927,0.4927,0.4891,0.4562,0.4982,0.4854,0.5036,0.5803,0.5803,0.4562,0.4975
597,0.4909,0.4854,0.4927,0.4927,0.4891,0.4562,0.4982,0.4854,0.5036,0.5803,0.5803,0.4562,0.4975
598,0.4909,0.4854,0.4927,0.4927,0.4891,0.4562,0.4982,0.4854,0.5036,0.5803,0.5803,0.4562,0.4975
599,0.4909,0.4854,0.4927,0.4927,0.4891,0.4562,0.4982,0.4854,0.5036,0.5803,0.5803,0.4562,0.4975
600,0.4909,0.4854,0.4927,0.4927,0.4891,0.4562,0.4982,0.4854,0.5036,0.5803,0.5803,0.4562,0.4975
601,0.4909,0.4854,0.4927,0.4927,0.4891,0.4562,0.4982,0.4854,0.5036,0.5803,0.5803,0.4562,0.4975
602,0.4909,0.4854,0.4927,0.4927,0.4891,0.4562,0.4982,0.4854,0.5036,0.5803,0.5803,0.4562,0.4975
603,0.4909,0.4854,0.4927,0.4927,0.4891,0.4562,0.4982,0.4854,0.5036,0.5803,0.5803,0.4562,0.4975
604,0.4909,0.4854,0.4927,0.4927,0.4891,0.4562,0.4982,0.4854,0.5036,0.5803,0.5803,0.4562,0.4975
605,0.4909,0.4854,0.4927,0.4927,0.4891,0.4562,0.4982,0.4854,0.5036,0.5803,0.5803,0.4562,0.4975
606,0.4909,0.4854,0.4927,0.4927,0.4891,0.4562,0.4982,0.4854,0.5036,0.5803,0.5803,0.4562,0.4975
607,0.4909,0.4854,0.4927,0.4927,0.4891,0.4562,0.4982,0.4854,0.5036,0.5803,0.5803,0.4562,0.4975
1207,0.4909,0.4927,0.5365,0.4927,0.4982,0.4909,0.5383,0.5274,0.5602,0.5803,0.5803,0.4909,0.5208
1807,0.5255,0.4927,0.5365,0.4927,0.5328,0.4909,0.5894,0.5383,0.5602,0.5803,0.5894,0.4909,0.5339
2407,0.5274,0.4927,0.5365,0.4927,0.5383,0.4909,0.5894,0.5383,0.5602,0.5967,0.5967,0.4909,0.5363
2408,0.5274,0.4927,0.5365,0.4927,0.5383,0.4909,0.5894,0.5383,0.5602,0.5967,0.5967,0.4909,0.5363
3007,0.5456,0.4927,0.5365,0.4982,0.5474,0.4909,0.5931,0.5383,0.5748,0.5985,0.5985,0.4909,0.5416
3008,0.5456,0.4927,0.5365,0.4982,0.5474,0.4927,0.5931,0.5383,0.5748,0.5985,0.5985,0.4927,0.5418
3607,0.5456,0.4927,0.5365,0.5566,0.5602,0.4927,0.5931,0.5383,0.5748,0.6004,0.6004,0.4927,0.5491
3608,0.5456,0.4927,0.5365,0.5566,0.5602,0.4927,0.5931,0.5383,0.5748,0.6004,0.6004,0.4927,0.5491
4207,0.5456,0.4927,0.5365,0.5967,0.5602,0.4927,0.5931,0.5383,0.5748,0.6186,0.6186,0.4927,0.5549
4208,0.5456,0.4927,0.5365,0.5967,0.5602,0.5274,0.5931,0.5383,0.5748,0.6186,0.6186,0.4927,0.5584
4807,0.5766,0.4927,0.5365,0.604,0.5602,0.5274,0.5931,0.5383,0.5785,0.6186,0.6186,0.4927,0.5626
4808,0.5766,0.4927,0.5365,0.604,0.5602,0.5274,0.5931,0.5383,0.5785,0.6186,0.6186,0.4927,0.5626
5407,0.5766,0.5365,0.5365,0.604,0.5602,0.5274,0.5931,0.5383,0.5785,0.6186,0.6186,0.5274,0.567
5408,0.5766,0.5365,0.5365,0.604,0.5602,0.5347,0.5931,0.5383,0.5785,0.6186,0.6186,0.5347,0.5677
6007,0.5839,0.5401,0.5365,0.604,0.5602,0.5347,0.5931,0.5383,0.5785,0.6223,0.6223,0.5347,0.5692
6008,0.5839,0.5401,0.5365,0.604,0.5602,0.5401,0.5931,0.5383,0.5785,0.6223,0.6223,0.5365,0.5697
6607,0.5839,0.5474,0.5365,0.604,0.5894,0.5401,0.5931,0.5383,0.5785,0.6223,0.6223,0.5365,0.5734
6608,0.5839,0.5474,0.5365,0.604,0.5894,0.5693,0.5931,0.5383,0.5785,0.6223,0.6223,0.5365,0.5763
7207,0.5839,0.5474,0.5365,0.604,0.5894,0.5693,0.5931,0.5383,0.5785,0.6223,0.6223,0.5365,0.5763
7208,0.5839,0.5474,0.5365,0.604,0.5894,0.5803,0.5931,0.5383,0.5785,0.6223,0.6223,0.5365,0.5774
7807,0.5839,0.5474,0.5438,0.604,0.5894,0.5803,0.5931,0.5675,0.5785,0.6223,0.6223,0.5438,0.581
7808,0.5839,0.5474,0.5438,0.604,0.5894,0.5803,0.5931,0.5675,0.5785,0.6223,0.6223,0.5438,0.581
8407,0.5839,0.5474,0.5438,0.604,0.5894,0.5803,0.5931,0.5693,0.5785,0.6223,0.6223,0.5438,0.5812
8408,0.5839,0.5474,0.5438,0.604,0.5894,0.5876,0.5931,0.5693,0.5785,0.6223,0.6223,0.5438,0.5819
9007,0.5839,0.5474,0.5438,0.604,0.5894,0.5876,0.5949,0.5693,0.5785,0.6223,0.6223,0.5438,0.5821
9008,0.5839,0.5474,0.5438,0.604,0.5894,0.5894,0.5949,0.5693,0.5785,0.6223,0.6223,0.5438,0.5823
9607,0.5839,0.5766,0.5438,0.604,0.5894,0.5894,0.5949,0.5748,0.5785,0.6223,0.6223,0.5438,0.5858
9608,0.5839,0.5766,0.5438,0.604,0.5912,0.5894,0.5949,0.5748,0.5785,0.6223,0.6223,0.5438,0.5859
10207,0.5839,0.5766,0.5566,0.604,0.5912,0.5894,0.5949,0.5748,0.5785,0.6223,0.6223,0.5566,0.5872
10208,0.5839,0.5766,0.5566,0.604,0.5912,0.5894,0.5949,0.5748,0.5785,0.6223,0.6223,0.5566,0.5872
10807,0.5839,0.5766,0.5584,0.604,0.5912,0.5894,0.5949,0.5748,0.5821,0.6241,0.6241,0.5584,0.5879
10808,0.5839,0.5766,0.5584,0.604,0.5912,0.5894,0.5949,0.5748,0.5821,0.6241,0.6241,0.5584,0.5879
11407,0.5839,0.5766,0.5584,0.604,0.5912,0.5894,0.5949,0.5748,0.5821,0.6241,0.6241,0.5584,0.5879
11408,0.5839,0.5766,0.5584,0.604,0.5912,0.5894,0.5949,0.5748,0.5821,0.6241,0.6241,0.5584,0.5879
12007,0.5839,0.5766,0.5894,0.604,0.5912,0.5894,0.5949,0.5748,0.604,0.6296,0.6296,0.5748,0.5938
12008,0.5839,0.5766,0.5894,0.604,0.5912,0.5894,0.5949,0.5748,0.604,0.6296,0.6296,0.5748,0.5938
12607,0.5839,0.5766,0.5894,0.604,0.5912,0.5894,0.5949,0.5748,0.604,0.6296,0.6296,0.5748,0.5938
12608,0.5839,0.5766,0.5894,0.604,0.5912,0.5894,0.5949,0.5748,0.604,0.6296,0.6296,0.5748,0.5938
13207,0.5839,0.5766,0.5894,0.604,0.5912,0.5894,0.5949,0.5748,0.6113,0.6296,0.6296,0.5748,0.5945
13208,0.5839,0.5766,0.5894,0.604,0.5912,0.5894,0.5949,0.5748,0.6113,0.6296,0.6296,0.5748,0.5945
13807,0.5839,0.5803,0.5894,0.604,0.5912,0.5894,0.5949,0.5748,0.6186,0.6296,0.6296,0.5748,0.5956
13808,0.5839,0.5803,0.5894,0.604,0.5912,0.5894,0.5949,0.5748,0.6186,0.6296,0.6296,0.5748,0.5956
14407,0.5839,0.5803,0.5894,0.604,0.5912,0.5894,0.5949,0.5748,0.6186,0.6296,0.6296,0.5748,0.5956
14408,0.5839,0.5803,0.5894,0.604,0.5912,0.5894,0.5949,0.5748,0.6186,0.6296,0.6296,0.5748,0.5956
15007,0.5839,0.5803,0.6022,0.604,0.5912,0.5894,0.5949,0.5748,0.6186,0.6296,0.6296,0.5748,0.5969
15008,0.5839,0.5803,0.6022,0.604,0.5912,0.5894,0.5949,0.5748,0.6186,0.6296,0.6296,0.5748,0.5969
15607,0.5839,0.5803,0.6022,0.604,0.5912,0.5894,0.5949,0.5748,0.6186,0.6296,0.6296,0.5748,0.5969
15608,0.5839,0.5803,0.6022,0.604,0.5912,0.5894,0.5949,0.5748,0.6186,0.6296,0.6296,0.5748,0.5969
16207,0.5839,0.5803,0.6022,0.604,0.5912,0.5894,0.5949,0.5748,0.6186,0.6296,0.6296,0.5748,0.5969
16208,0.5839,0.5803,0.6022,0.604,0.5912,0.5894,0.5949,0.5748,0.6186,0.6296,0.6296,0.5748,0.5969
16807,0.5839,0.5803,0.6022,0.604,0.5912,0.5894,0.5949,0.5748,0.6186,0.6296,0.6296,0.5748,0.5969
16808,0.5839,0.5803,0.6022,0.604,0.5912,0.5894,0.5949,0.5748,0.6186,0.6296,0.6296,0.5748,0.5969
17407,0.5839,0.5803,0.6022,0.604,0.5912,0.5894,0.5949,0.5748,0.6186,0.6296,0.6296,0.5748,0.5969
17408,0.5839,0.5803,0.6022,0.604,0.5912,0.5894,0.5949,0.5748,0.6186,0.6296,0.6296,0.5748,0.5969
18007,0.5839,0.5803,0.6022,0.615,0.5912,0.5894,0.5949,0.5748,0.6186,0.6296,0.6296,0.5748,0.598
18008,0.5839,0.5803,0.6022,0.615,0.5912,0.5894,0.5949,0.5748,0.6186,0.6296,0.6296,0.5748,0.598
18607,0.5839,0.5803,0.6022,0.615,0.5912,0.5894,0.5949,0.5748,0.6186,0.6296,0.6296,0.5748,0.598
18608,0.5839,0.5803,0.6022,0.615,0.5912,0.6095,0.5949,0.5748,0.6186,0.6296,0.6296,0.5748,0.6
19207,0.5839,0.5803,0.615,0.615,0.5912,0.6095,0.5949,0.5748,0.6186,0.6296,0.6296,0.5748,0.6013
19208,0.5839,0.5803,0.615,0.615,0.5912,0.6095,0.5949,0.5748,0.6186,0.6296,0.6296,0.5748,0.6013
19807,0.5839,0.5803,0.6168,0.615,0.5912,0.6095,0.5949,0.5748,0.6186,0.6296,0.6296,0.5748,0.6015
19808,0.5839,0.5803,0.6168,0.615,0.5912,0.6095,0.5949,0.5748,0.6186,0.6296,0.6296,0.5748,0.6015
20407,0.5931,0.5803,0.6168,0.615,0.5912,0.6095,0.5949,0.5748,0.6186,0.6296,0.6296,0.5748,0.6024
20408,0.5931,0.5803,0.6168,0.615,0.5912,0.6095,0.6004,0.5748,0.6186,0.6296,0.6296,0.5748,0.6029
21007,0.5931,0.5912,0.6168,0.6186,0.5912,0.6095,0.6004,0.5748,0.6186,0.6296,0.6296,0.5748,0.6044
21008,0.5931,0.5912,0.6168,0.6186,0.5912,0.6095,0.6004,0.5748,0.6186,0.6296,0.6296,0.5748,0.6044
21607,0.5931,0.5912,0.6168,0.6186,0.5912,0.6095,0.6004,0.5748,0.6241,0.6296,0.6296,0.5748,0.6049
21608,0.5931,0.5912,0.6168,0.6186,0.5912,0.6095,0.6004,0.5748,0.6241,0.6296,0.6296,0.5748,0.6049
22207,0.5931,0.5912,0.6168,0.6186,0.5912,0.6095,0.6004,0.5748,0.6241,0.6296,0.6296,0.5748,0.6049
22208,0.5931,0.5912,0.6168,0.6186,0.5912,0.6095,0.6004,0.5748,0.6241,0.6296,0.6296,0.5748,0.6049
22807,0.5931,0.5912,0.6168,0.6186,0.5912,0.6095,0.6004,0.5748,0.6241,0.6296,0.6296,0.5748,0.6049
22808,0.5931,0.5912,0.6168,0.6186,0.5912,0.6131,0.6004,0.5748,0.6241,0.6296,0.6296,0.5748,0.6053
23407,0.5931,0.5949,0.6168,0.6186,0.5912,0.6131,0.6004,0.5748,0.6241,0.6296,0.6296,0.5748,0.6057
23408,0.5931,0.5949,0.6168,0.6186,0.5912,0.6131,0.6004,0.5748,0.6241,0.6296,0.6296,0.5748,0.6057
24007,0.5931,0.5949,0.6168,0.6223,0.5912,0.6131,0.6004,0.5748,0.6241,0.6296,0.6296,0.5748,0.606
24008,0.5931,0.5949,0.6168,0.6223,0.604,0.6131,0.6004,0.5748,0.6241,0.6296,0.6296,0.5748,0.6073
24607,0.5931,0.5949,0.6168,0.6223,0.604,0.6131,0.6004,0.5748,0.6241,0.6296,0.6296,0.5748,0.6073
24608,0.5931,0.5949,0.6168,0.6223,0.615,0.6131,0.6004,0.5748,0.6241,0.6296,0.6296,0.5748,0.6084
25207,0.5931,0.5949,0.6168,0.6223,0.615,0.6131,0.6004,0.5748,0.6241,0.6296,0.6296,0.5748,0.6084
25208,0.5931,0.5949,0.6168,0.6223,0.615,0.6131,0.6004,0.5748,0.6241,0.6296,0.6296,0.5748,0.6084
25807,0.5931,0.5949,0.6168,0.6223,0.615,0.6131,0.6004,0.5748,0.6241,0.6296,0.6296,0.5748,0.6084
25808,0.5931,0.5949,0.6168,0.6223,0.615,0.6131,0.6004,0.5748,0.6241,0.6296,0.6296,0.5748,0.6084
26407,0.5931,0.5949,0.6168,0.6223,0.615,0.6131,0.6004,0.5748,0.6241,0.6296,0.6296,0.5748,0.6084
26408,0.5931,0.5949,0.6168,0.6223,0.615,0.6131,0.6004,0.5748,0.6241,0.6296,0.6296,0.5748,0.6084
27007,0.5931,0.5949,0.6168,0.6223,0.615,0.6131,0.6004,0.5748,0.6241,0.6296,0.6296,0.5748,0.6084
27008,0.5931,0.5949,0.6168,0.6223,0.615,0.6131,0.6004,0.5748,0.6241,0.6296,0.6296,0.5748,0.6084
27607,0.5931,0.5949,0.6168,0.6223,0.615,0.6131,0.6004,0.5748,0.6241,0.6332,0.6332,0.5748,0.6088
27608,0.5931,0.5949,0.6168,0.6223,0.615,0.6131,0.6004,0.5748,0.6241,0.6332,0.6332,0.5748,0.6088
28207,0.5931,0.5949,0.6168,0.6223,0.615,0.6131,0.6004,0.5748,0.6241,0.6332,0.6332,0.5748,0.6088
28208,0.5931,0.5949,0.6168,0.6223,0.615,0.6131,0.604,0.5748,0.6241,0.6332,0.6332,0.5748,0.6091
28807,0.5931,0.5949,0.6168,0.6223,0.615,0.6131,0.604,0.5748,0.6241,0.6369,0.6369,0.5748,0.6095
28808,0.5931,0.5949,0.6168,0.6223,0.615,0.6131,0.604,0.5748,0.6259,0.6369,0.6369,0.5748,0.6097
29407,0.5931,0.5949,0.6168,0.6223,0.615,0.6131,0.604,0.5748,0.6259,0.6369,0.6369,0.5748,0.6097
29408,0.5931,0.5949,0.6168,0.6223,0.615,0.6131,0.6058,0.5748,0.6277,0.6369,0.6369,0.5748,0.61
30007,0.5931,0.5949,0.6168,0.6223,0.615,0.6131,0.6058,0.5748,0.6277,0.6369,0.6369,0.5748,0.61
30008,0.5931,0.5949,0.6168,0.6223,0.615,0.6131,0.6058,0.5748,0.6277,0.6369,0.6369,0.5748,0.61
30607,0.5931,0.5967,0.6168,0.6223,0.615,0.6131,0.6058,0.5748,0.6277,0.6369,0.6369,0.5748,0.6102
30608,0.5931,0.5967,0.6168,0.6223,0.615,0.6131,0.6058,0.5748,0.6277,0.6369,0.6369,0.5748,0.6102
31207,0.5931,0.5967,0.6168,0.6223,0.615,0.6131,0.6058,0.5748,0.6277,0.6369,0.6369,0.5748,0.6102
31208,0.5931,0.5967,0.6168,0.6223,0.615,0.6131,0.6058,0.5748,0.6277,0.6369,0.6369,0.5748,0.6102
31807,0.6131,0.5967,0.6168,0.6223,0.615,0.6131,0.6058,0.5748,0.6277,0.6369,0.6369,0.5748,0.6122
31808,0.6131,0.5967,0.6168,0.6223,0.615,0.6131,0.6058,0.5748,0.6277,0.6369,0.6369,0.5748,0.6122
32407,0.6168,0.5967,0.6168,0.6223,0.615,0.6131,0.6058,0.5748,0.6277,0.6369,0.6369,0.5748,0.6126
32408,0.6168,0.5967,0.6168,0.6223,0.615,0.6131,0.6058,0.5748,0.6277,0.6369,0.6369,0.5748,0.6126
33007,0.6168,0.5967,0.6168,0.6223,0.615,0.6131,0.6058,0.5949,0.6277,0.6369,0.6369,0.5949,0.6146
33008,0.6168,0.5967,0.6223,0.6223,0.615,0.6131,0.6058,0.5949,0.6277,0.6369,0.6369,0.5949,0.6152
33607,0.6168,0.5967,0.6223,0.6223,0.615,0.6131,0.6058,0.5949,0.6277,0.6369,0.6369,0.5949,0.6152
33608,0.6168,0.5967,0.6223,0.6223,0.615,0.6131,0.6058,0.5949,0.6387,0.6369,0.6387,0.5949,0.6163
34207,0.6168,0.5967,0.6223,0.6223,0.615,0.6131,0.6058,0.5949,0.6387,0.6369,0.6387,0.5949,0.6163
34208,0.6168,0.5967,0.6223,0.6223,0.615,0.6131,0.6058,0.5949,0.6387,0.6369,0.6387,0.5949,0.6163
34807,0.6168,0.5967,0.6223,0.6223,0.615,0.6131,0.6058,0.5949,0.6387,0.6369,0.6387,0.5949,0.6163
34808,0.6168,0.5967,0.6223,0.6223,0.615,0.6131,0.6058,0.5949,0.6387,0.6369,0.6387,0.5949,0.6163
35407,0.6168,0.5967,0.6223,0.6241,0.615,0.6131,0.6058,0.5949,0.6387,0.6369,0.6387,0.5949,0.6164
35408,0.6168,0.5967,0.6223,0.6241,0.615,0.6131,0.6058,0.5949,0.6387,0.6369,0.6387,0.5949,0.6164
36007,0.6168,0.5967,0.6223,0.6241,0.615,0.6131,0.6058,0.5949,0.6387,0.6369,0.6387,0.5949,0.6164
36008,0.6168,0.5967,0.6223,0.6241,0.615,0.6131,0.6058,0.5949,0.6387,0.6369,0.6387,0.5949,0.6164
36607,0.6168,0.5967,0.6223,0.6241,0.615,0.6131,0.6058,0.5949,0.6387,0.6423,0.6423,0.5949,0.617
36608,0.6168,0.5967,0.6223,0.6241,0.615,0.6131,0.6058,0.5949,0.6387,0.6423,0.6423,0.5949,0.617
37207,0.6168,0.5967,0.6223,0.6241,0.615,0.6131,0.6058,0.5949,0.6387,0.6423,0.6423,0.5949,0.617
37208,0.6168,0.5967,0.6223,0.6241,0.615,0.6131,0.6058,0.5949,0.6387,0.6423,0.6423,0.5949,0.617
37807,0.6168,0.5967,0.6223,0.6241,0.615,0.6131,0.6058,0.5949,0.6387,0.6423,0.6423,0.5949,0.617
37808,0.6168,0.5967,0.6241,0.6241,0.615,0.6131,0.6058,0.5949,0.6387,0.6423,0.6423,0.5949,0.6171
38407,0.6168,0.5967,0.6241,0.6241,0.615,0.6131,0.6058,0.5967,0.6387,0.6423,0.6423,0.5967,0.6173
38408,0.6168,0.5967,0.6241,0.6241,0.615,0.6131,0.6058,0.5967,0.6387,0.6423,0.6423,0.5967,0.6173
39007,0.6168,0.5967,0.6241,0.6241,0.615,0.6131,0.6058,0.5967,0.6387,0.6423,0.6423,0.5967,0.6173
39008,0.6168,0.5967,0.6241,0.6241,0.615,0.6131,0.6058,0.5967,0.6387,0.6423,0.6423,0.5967,0.6173
39607,0.6168,0.5967,0.6241,0.6241,0.615,0.6131,0.6058,0.5967,0.6387,0.6423,0.6423,0.5967,0.6173
39608,0.6168,0.6168,0.6241,0.6241,0.615,0.6131,0.6058,0.5967,0.6387,0.6423,0.6423,0.5967,0.6193
40207,0.6168,0.6168,0.6241,0.6241,0.615,0.6131,0.6058,0.5967,0.6387,0.6423,0.6423,0.5967,0.6193
40208,0.6168,0.6168,0.6241,0.6241,0.615,0.6131,0.6058,0.5967,0.6387,0.6442,0.6442,0.5967,0.6195
40807,0.6168,0.6168,0.6241,0.6241,0.615,0.6131,0.6058,0.5967,0.6387,0.6442,0.6442,0.5967,0.6195
40808,0.6168,0.6204,0.6241,0.6241,0.615,0.6131,0.6058,0.5967,0.6387,0.6478,0.6478,0.5967,0.6203
41407,0.6168,0.6204,0.6241,0.6241,0.615,0.6131,0.6058,0.5967,0.6387,0.6478,0.6478,0.5967,0.6203
41408,0.6168,0.6204,0.6241,0.6241,0.615,0.6131,0.6095,0.5967,0.6387,0.6478,0.6478,0.5967,0.6206
42007,0.6168,0.6204,0.6241,0.6241,0.615,0.6131,0.6095,0.5967,0.6387,0.6478,0.6478,0.5967,0.6206
42008,0.6168,0.6204,0.6241,0.6241,0.6168,0.6131,0.6095,0.5967,0.6387,0.6478,0.6478,0.5967,0.6208
42607,0.6168,0.6204,0.6241,0.6241,0.6168,0.6131,0.6095,0.5967,0.6387,0.6478,0.6478,0.5967,0.6208
42608,0.6168,0.6204,0.6241,0.6241,0.6168,0.6131,0.6095,0.5967,0.6423,0.6478,0.6478,0.5967,0.6212
43207,0.6168,0.6204,0.6241,0.6241,0.6168,0.6131,0.6095,0.5967,0.6423,0.6478,0.6478,0.5967,0.6212
43208,0.6168,0.6204,0.6241,0.6241,0.6168,0.6131,0.6095,0.5967,0.6423,0.6478,0.6478,0.5967,0.6212
43807,0.6168,0.6204,0.6241,0.6241,0.6168,0.6131,0.6095,0.5967,0.6423,0.6478,0.6478,0.5967,0.6212
43808,0.6168,0.6204,0.6241,0.6241,0.6168,0.6131,0.6095,0.5967,0.6423,0.6478,0.6478,0.5967,0.6212
44407,0.6168,0.6204,0.6241,0.6241,0.6168,0.6131,0.6095,0.6058,0.6423,0.6478,0.6478,0.6058,0.6221
44408,0.6168,0.6204,0.6241,0.6241,0.6168,0.6131,0.6095,0.6058,0.6423,0.6478,0.6478,0.6058,0.6221
45007,0.6168,0.6204,0.6241,0.6241,0.6168,0.6131,0.6095,0.6058,0.6423,0.6478,0.6478,0.6058,0.6221
45008,0.6168,0.6204,0.6241,0.6241,0.6168,0.6131,0.6095,0.6058,0.6423,0.6478,0.6478,0.6058,0.6221
45607,0.6168,0.6204,0.6241,0.6241,0.6168,0.6131,0.6095,0.6058,0.6423,0.6478,0.6478,0.6058,0.6221
45608,0.6168,0.6204,0.6241,0.6241,0.6168,0.6131,0.6095,0.6058,0.6423,0.6478,0.6478,0.6058,0.6221
46207,0.6168,0.6204,0.6241,0.6241,0.6168,0.6131,0.6095,0.6058,0.6423,0.6478,0.6478,0.6058,0.6221
46208,0.6168,0.6204,0.6241,0.6241,0.6168,0.6131,0.6113,0.6058,0.6423,0.6478,0.6478,0.6058,0.6222
46807,0.6168,0.6204,0.6241,0.6241,0.6168,0.6131,0.6113,0.6058,0.6423,0.6478,0.6478,0.6058,0.6222
46808,0.6168,0.6204,0.6241,0.6241,0.6168,0.6131,0.6314,0.6058,0.6423,0.6478,0.6478,0.6058,0.6243
47407,0.6168,0.6204,0.6241,0.6259,0.6168,0.6131,0.6314,0.6058,0.6423,0.6478,0.6478,0.6058,0.6244
47408,0.6168,0.6204,0.6241,0.6259,0.6168,0.6131,0.6314,0.6058,0.6423,0.6478,0.6478,0.6058,0.6244
48007,0.6223,0.6204,0.6241,0.6259,0.6168,0.6131,0.6314,0.6058,0.6423,0.6478,0.6478,0.6058,0.625
48008,0.6223,0.6204,0.6241,0.6259,0.6168,0.6131,0.6314,0.6058,0.6423,0.6478,0.6478,0.6058,0.625
48607,0.6223,0.6204,0.6241,0.6259,0.6168,0.6131,0.6314,0.6058,0.6423,0.6478,0.6478,0.6058,0.625
48608,0.6223,0.6223,0.6241,0.6259,0.6168,0.6131,0.6332,0.6058,0.6423,0.6478,0.6478,0.6058,0.6254
49207,0.6223,0.6223,0.6241,0.6259,0.6168,0.6131,0.6332,0.6058,0.6423,0.6478,0.6478,0.6058,0.6254
49208,0.6223,0.6223,0.6241,0.6259,0.6168,0.6131,0.6332,0.6058,0.6423,0.6478,0.6478,0.6058,0.6254
49807,0.6223,0.6223,0.6241,0.6259,0.6168,0.6131,0.6332,0.6058,0.6423,0.6478,0.6478,0.6058,0.6254
49808,0.6223,0.6223,0.6241,0.6259,0.6168,0.6131,0.6332,0.6058,0.6423,0.6478,0.6478,0.6058,0.6254
50407,0.6223,0.6223,0.6241,0.6259,0.6168,0.6131,0.6332,0.6058,0.6423,0.6478,0.6478,0.6058,0.6254
50408,0.6223,0.6223,0.6241,0.6259,0.6168,0.6131,0.6332,0.6058,0.6423,0.6496,0.6496,0.6058,0.6255
51007,0.6223,0.6223,0.6241,0.6259,0.6168,0.6131,0.6332,0.6058,0.6423,0.6496,0.6496,0.6058,0.6255
51008,0.6223,0.6223,0.6241,0.6259,0.6168,0.6131,0.6332,0.6058,0.6423,0.6496,0.6496,0.6058,0.6255
51607,0.6223,0.6223,0.6241,0.6259,0.6168,0.6131,0.6332,0.6058,0.6423,0.6496,0.6496,0.6058,0.6255
51608,0.6223,0.6223,0.6241,0.6259,0.6168,0.6131,0.6332,0.6058,0.6423,0.6515,0.6515,0.6058,0.6257
52207,0.6223,0.6223,0.6241,0.6277,0.6168,0.6131,0.6332,0.6058,0.6423,0.6515,0.6515,0.6058,0.6259
52208,0.6223,0.6223,0.6241,0.6277,0.6168,0.6131,0.6332,0.6058,0.6423,0.6515,0.6515,0.6058,0.6259
52807,0.6223,0.6223,0.6241,0.6369,0.6168,0.6131,0.6332,0.6058,0.6423,0.6515,0.6515,0.6058,0.6268
52808,0.6223,0.6241,0.6241,0.6369,0.6168,0.6131,0.6369,0.6058,0.6423,0.6515,0.6515,0.6058,0.6274
53407,0.6223,0.6241,0.6241,0.6387,0.6168,0.6131,0.6369,0.6058,0.6423,0.6515,0.6515,0.6058,0.6276
53408,0.6223,0.6241,0.6241,0.6387,0.6168,0.6131,0.6369,0.6058,0.6423,0.6515,0.6515,0.6058,0.6276
54007,0.6223,0.6241,0.6241,0.6387,0.6168,0.6131,0.6369,0.6058,0.6423,0.6515,0.6515,0.6058,0.6276
54008,0.6223,0.6241,0.6241,0.6387,0.6168,0.6131,0.6369,0.6058,0.6423,0.6515,0.6515,0.6058,0.6276
54607,0.6223,0.6241,0.6241,0.6387,0.6168,0.6131,0.6369,0.6058,0.6423,0.6515,0.6515,0.6058,0.6276
54608,0.6223,0.6241,0.6241,0.6387,0.6168,0.6131,0.6369,0.6058,0.6423,0.6515,0.6515,0.6058,0.6276
55207,0.6223,0.6241,0.6241,0.6387,0.6168,0.6131,0.6369,0.6058,0.6423,0.6515,0.6515,0.6058,0.6276
55208,0.6223,0.6241,0.6241,0.6387,0.6168,0.6131,0.6369,0.6077,0.6478,0.6515,0.6515,0.6077,0.6283
55807,0.6223,0.6241,0.6241,0.6387,0.6168,0.6131,0.6369,0.6077,0.6478,0.6515,0.6515,0.6077,0.6283
55808,0.6223,0.6241,0.6241,0.6387,0.6168,0.6131,0.6369,0.6077,0.6478,0.6515,0.6515,0.6077,0.6283
56407,0.6223,0.6241,0.6241,0.6387,0.6168,0.6131,0.6369,0.6077,0.6478,0.6515,0.6515,0.6077,0.6283
56408,0.6223,0.6241,0.6241,0.6387,0.6168,0.6131,0.6369,0.6077,0.6478,0.6533,0.6533,0.6077,0.6285
57007,0.6223,0.6241,0.6241,0.6405,0.6168,0.6131,0.6369,0.6077,0.6478,0.6533,0.6533,0.6077,0.6287
57008,0.6223,0.6241,0.6241,0.6405,0.6168,0.6131,0.6369,0.6077,0.6478,0.6533,0.6533,0.6077,0.6287
57607,0.6223,0.6241,0.6241,0.6405,0.6168,0.6131,0.6369,0.6077,0.6478,0.6533,0.6533,0.6077,0.6287
57608,0.6223,0.6241,0.6241,0.6405,0.6168,0.6131,0.6369,0.6077,0.6478,0.6533,0.6533,0.6077,0.6287
58207,0.6223,0.6241,0.6241,0.6405,0.6168,0.6131,0.6369,0.6077,0.6478,0.6533,0.6533,0.6077,0.6287
58208,0.6223,0.6241,0.6241,0.6405,0.6168,0.6131,0.6369,0.6077,0.6478,0.6533,0.6533,0.6077,0.6287
58807,0.6223,0.6241,0.6241,0.6405,0.6168,0.6131,0.6369,0.6077,0.6478,0.6533,0.6533,0.6077,0.6287
58808,0.6223,0.6241,0.6241,0.6405,0.6168,0.6131,0.6369,0.6077,0.6478,0.6533,0.6533,0.6077,0.6287
59407,0.6223,0.6241,0.6241,0.6405,0.6168,0.6131,0.6369,0.6077,0.6478,0.6533,0.6533,0.6077,0.6287
59408,0.6223,0.6241,0.6241,0.6405,0.6168,0.6131,0.6369,0.6077,0.6478,0.6533,0.6533,0.6077,0.6287
60007,0.6223,0.6241,0.6241,0.6405,0.6168,0.6131,0.6369,0.6077,0.6478,0.6533,0.6533,0.6077,0.6287
60008,0.6223,0.6241,0.6241,0.6405,0.6168,0.6131,0.6387,0.6077,0.6478,0.6533,0.6533,0.6077,0.6288
60607,0.6223,0.6241,0.6241,0.6405,0.6168,0.6131,0.6387,0.6077,0.6478,0.6533,0.6533,0.6077,0.6288
60608,0.6223,0.6241,0.6241,0.6405,0.6168,0.6131,0.6387,0.6168,0.6478,0.6551,0.6551,0.6131,0.6299
61207,0.6223,0.6241,0.6241,0.6442,0.6168,0.6131,0.6387,0.6168,0.6478,0.6551,0.6551,0.6131,0.6303
61208,0.6223,0.6405,0.6241,0.6442,0.6168,0.6131,0.6387,0.6223,0.6478,0.6551,0.6551,0.6131,0.6325
61807,0.6223,0.6405,0.6241,0.6442,0.6168,0.6131,0.6387,0.6223,0.6478,0.6551,0.6551,0.6131,0.6325
61808,0.6223,0.6405,0.6241,0.6442,0.6168,0.615,0.6387,0.6223,0.6478,0.6569,0.6569,0.615,0.6329
62407,0.6223,0.6405,0.6241,0.6478,0.6168,0.615,0.6387,0.6223,0.6478,0.6569,0.6569,0.615,0.6332
62408,0.6223,0.6405,0.6241,0.6478,0.6168,0.6204,0.6387,0.6223,0.6478,0.6606,0.6606,0.6168,0.6341
63007,0.6223,0.6405,0.6241,0.6478,0.6168,0.6204,0.6387,0.6223,0.6478,0.6606,0.6606,0.6168,0.6341
63008,0.6223,0.6405,0.6241,0.6478,0.6168,0.6204,0.6387,0.6223,0.6478,0.6606,0.6606,0.6168,0.6341
63607,0.6223,0.6405,0.6241,0.6478,0.6168,0.6204,0.6387,0.6223,0.6478,0.6606,0.6606,0.6168,0.6341
63608,0.6223,0.6405,0.6296,0.6478,0.6168,0.6606,0.6387,0.6223,0.6478,0.6606,0.6606,0.6168,0.6387
64207,0.6223,0.6405,0.6296,0.6478,0.6168,0.6606,0.6387,0.6223,0.6478,0.6606,0.6606,0.6168,0.6387
64208,0.6223,0.6405,0.6369,0.6478,0.6168,0.6606,0.6387,0.6223,0.6478,0.6606,0.6606,0.6168,0.6394
64807,0.6223,0.6405,0.6369,0.6478,0.6168,0.6606,0.6387,0.6223,0.6478,0.6606,0.6606,0.6168,0.6394
64808,0.6223,0.6405,0.6369,0.6478,0.6168,0.6606,0.6387,0.6223,0.6478,0.6606,0.6606,0.6168,0.6394
65407,0.6223,0.6405,0.6369,0.6478,0.6168,0.6606,0.6387,0.6223,0.6478,0.6606,0.6606,0.6168,0.6394
65408,0.6223,0.6405,0.6369,0.6478,0.6168,0.6606,0.6387,0.6223,0.6478,0.6606,0.6606,0.6168,0.6394
66007,0.6223,0.6405,0.6369,0.6478,0.6168,0.6606,0.6387,0.6223,0.6478,0.6606,0.6606,0.6168,0.6394
66008,0.6223,0.6405,0.6369,0.6478,0.6168,0.6606,0.6387,0.6223,0.6478,0.6606,0.6606,0.6168,0.6394
66607,0.6223,0.6405,0.6369,0.6478,0.6168,0.6606,0.6387,0.6223,0.6478,0.6606,0.6606,0.6168,0.6394
66608,0.6223,0.6405,0.6369,0.6478,0.6168,0.6606,0.6387,0.6223,0.6478,0.6606,0.6606,0.6168,0.6394
67207,0.6223,0.6405,0.6369,0.6478,0.6168,0.6606,0.6387,0.6223,0.6478,0.6606,0.6606,0.6168,0.6394
67208,0.6223,0.6423,0.6369,0.6478,0.6168,0.6642,0.6387,0.6223,0.6478,0.6606,0.6642,0.6168,0.64
67807,0.6223,0.6423,0.6369,0.6478,0.6168,0.6642,0.6387,0.6223,0.6478,0.6606,0.6642,0.6168,0.64
67808,0.6277,0.6423,0.6369,0.6478,0.6168,0.6642,0.6387,0.6223,0.6478,0.6606,0.6642,0.6168,0.6405
68407,0.6277,0.6423,0.6369,0.6478,0.6168,0.6642,0.6387,0.6223,0.6478,0.6606,0.6642,0.6168,0.6405
68408,0.6277,0.6423,0.6369,0.6478,0.6168,0.6642,0.6387,0.6223,0.6478,0.6606,0.6642,0.6168,0.6405
69007,0.6277,0.6423,0.6369,0.6478,0.6168,0.6642,0.6387,0.6223,0.6478,0.6606,0.6642,0.6168,0.6405
69008,0.6277,0.6442,0.6369,0.6478,0.6168,0.6642,0.6387,0.6223,0.6478,0.6606,0.6642,0.6168,0.6407
69607,0.6277,0.6442,0.6369,0.6478,0.6168,0.6642,0.6387,0.6223,0.6478,0.6606,0.6642,0.6168,0.6407
69608,0.6277,0.6442,0.6369,0.6478,0.6168,0.6916,0.6387,0.6223,0.6496,0.6606,0.6916,0.6168,0.6436
70207,0.6277,0.6442,0.6369,0.6478,0.6168,0.6916,0.6387,0.6223,0.6496,0.6606,0.6916,0.6168,0.6436
70208,0.6277,0.6442,0.6369,0.6478,0.6168,0.6916,0.6405,0.6223,0.6496,0.6606,0.6916,0.6168,0.6438
70807,0.6277,0.6442,0.6369,0.6478,0.6168,0.6916,0.6405,0.6223,0.6496,0.6606,0.6916,0.6168,0.6438
70808,0.6277,0.6442,0.6369,0.6478,0.6168,0.6916,0.6405,0.6223,0.6496,0.6606,0.6916,0.6168,0.6438
71407,0.6277,0.6442,0.6369,0.6478,0.6168,0.6916,0.6405,0.6223,0.6496,0.6606,0.6916,0.6168,0.6438
71408,0.6277,0.6442,0.6369,0.6478,0.6186,0.6953,0.6405,0.6223,0.6496,0.6606,0.6953,0.6186,0.6443
72007,0.6277,0.6442,0.6369,0.6478,0.6186,0.6953,0.6405,0.6223,0.6496,0.6606,0.6953,0.6186,0.6443
72008,0.6277,0.6442,0.6369,0.6478,0.6186,0.7007,0.6405,0.6223,0.6496,0.6606,0.7007,0.6186,0.6449
72607,0.6277,0.6442,0.6369,0.6478,0.6186,0.7007,0.6405,0.6223,0.6496,0.6606,0.7007,0.6186,0.6449
72608,0.6277,0.6442,0.6387,0.6478,0.6186,0.7007,0.6405,0.6223,0.6496,0.6606,0.7007,0.6186,0.6451
73207,0.6277,0.6442,0.6387,0.6478,0.6186,0.7007,0.6405,0.6223,0.6496,0.6606,0.7007,0.6186,0.6451
73208,0.6277,0.6442,0.6387,0.6478,0.6186,0.7007,0.6405,0.6223,0.6496,0.6606,0.7007,0.6186,0.6451
73807,0.6277,0.6442,0.6387,0.6478,0.6186,0.7007,0.6405,0.6223,0.6496,0.6606,0.7007,0.6186,0.6451
73808,0.6277,0.6442,0.6387,0.6478,0.6186,0.7007,0.6405,0.6223,0.6496,0.6606,0.7007,0.6186,0.6451
74407,0.6277,0.6442,0.6387,0.6478,0.6186,0.7007,0.6405,0.6223,0.6496,0.6606,0.7007,0.6186,0.6451
74408,0.6277,0.6442,0.6387,0.6478,0.6186,0.7007,0.6405,0.6223,0.6496,0.6606,0.7007,0.6186,0.6451
75007,0.6277,0.6442,0.6387,0.6478,0.6186,0.7007,0.6405,0.6223,0.6496,0.6606,0.7007,0.6186,0.6451
75008,0.6277,0.6442,0.6387,0.6478,0.6186,0.7044,0.6405,0.6223,0.6496,0.6606,0.7044,0.6186,0.6454
75607,0.6277,0.6442,0.6387,0.6478,0.6186,0.7044,0.6405,0.6223,0.6496,0.6606,0.7044,0.6186,0.6454
75608,0.6277,0.6442,0.6387,0.6478,0.6186,0.7044,0.6405,0.6223,0.6496,0.6606,0.7044,0.6186,0.6454
76207,0.6277,0.6442,0.6387,0.6478,0.6186,0.7044,0.6405,0.6223,0.6496,0.6606,0.7044,0.6186,0.6454
76208,0.6277,0.6496,0.6387,0.6478,0.6186,0.7044,0.6405,0.6223,0.6496,0.6606,0.7044,0.6186,0.646
76807,0.6277,0.6496,0.6387,0.6478,0.6186,0.7044,0.6405,0.6223,0.6496,0.6606,0.7044,0.6186,0.646
76808,0.6277,0.6496,0.6387,0.6478,0.6186,0.7044,0.6405,0.6223,0.6496,0.6606,0.7044,0.6186,0.646
77407,0.6277,0.6496,0.6387,0.6478,0.6186,0.7044,0.6405,0.6223,0.6496,0.6606,0.7044,0.6186,0.646
77408,0.6277,0.6496,0.6387,0.6478,0.6186,0.7044,0.6405,0.6223,0.6496,0.6606,0.7044,0.6186,0.646
78007,0.6277,0.6496,0.6387,0.6478,0.6186,0.7044,0.6405,0.6223,0.6496,0.6606,0.7044,0.6186,0.646
78008,0.6277,0.6496,0.6387,0.6478,0.6186,0.7044,0.6405,0.6223,0.6496,0.6606,0.7044,0.6186,0.646
78607,0.6277,0.6496,0.6387,0.6478,0.6186,0.7044,0.6405,0.6223,0.6496,0.6606,0.7044,0.6186,0.646
78608,0.6277,0.6496,0.6387,0.6478,0.6186,0.7044,0.6405,0.6223,0.6496,0.6606,0.7044,0.6186,0.646
79207,0.6277,0.6496,0.6387,0.6478,0.6186,0.7044,0.6405,0.6223,0.6496,0.6606,0.7044,0.6186,0.646
79208,0.6277,0.6496,0.6387,0.6478,0.6186,0.7044,0.6405,0.6223,0.6496,0.6606,0.7044,0.6186,0.646
79807,0.6277,0.6496,0.6387,0.6478,0.6186,0.7044,0.6405,0.6223,0.6496,0.6606,0.7044,0.6186,0.646
79808,0.6277,0.6496,0.6387,0.6478,0.6186,0.7044,0.6405,0.6223,0.6496,0.6606,0.7044,0.6186,0.646
80407,0.6277,0.6496,0.6387,0.6478,0.6186,0.7044,0.6405,0.6223,0.6496,0.6606,0.7044,0.6186,0.646
80408,0.6277,0.6496,0.6387,0.6478,0.6186,0.7044,0.6405,0.6223,0.6496,0.6606,0.7044,0.6186,0.646
81007,0.6277,0.6496,0.6387,0.6478,0.6186,0.7044,0.6405,0.6223,0.6496,0.6606,0.7044,0.6186,0.646
81008,0.6277,0.6496,0.6387,0.6478,0.6204,0.7044,0.6405,0.6223,0.6496,0.6606,0.7044,0.6204,0.6462
81607,0.6277,0.6496,0.6387,0.6478,0.6204,0.7044,0.6405,0.6223,0.6496,0.6606,0.7044,0.6204,0.6462
81608,0.6277,0.6496,0.6387,0.6478,0.6204,0.7044,0.6405,0.6223,0.6496,0.6606,0.7044,0.6204,0.6462
82207,0.6277,0.6496,0.6387,0.6478,0.6204,0.7044,0.6405,0.6223,0.6496,0.6606,0.7044,0.6204,0.6462
82208,0.6277,0.6496,0.6387,0.6478,0.6204,0.7044,0.6405,0.6223,0.6496,0.6606,0.7044,0.6204,0.6462
82807,0.6277,0.6496,0.6387,0.6478,0.6204,0.7044,0.6405,0.6223,0.6496,0.6606,0.7044,0.6204,0.6462
82808,0.6277,0.6496,0.6387,0.6478,0.6259,0.7044,0.6405,0.6223,0.6533,0.6606,0.7044,0.6223,0.6471
83407,0.6277,0.6496,0.6387,0.6478,0.6259,0.7044,0.6405,0.6223,0.6533,0.6606,0.7044,0.6223,0.6471
83408,0.6277,0.6496,0.6387,0.6478,0.6259,0.7044,0.6405,0.6223,0.6533,0.6606,0.7044,0.6223,0.6471
84007,0.6277,0.6496,0.6387,0.6478,0.6259,0.7044,0.6405,0.6223,0.6533,0.6606,0.7044,0.6223,0.6471
84008,0.6277,0.6496,0.6387,0.6478,0.6259,0.7044,0.6405,0.6223,0.6533,0.6606,0.7044,0.6223,0.6471
84607,0.6277,0.6496,0.6387,0.6478,0.6259,0.7044,0.6405,0.6223,0.6533,0.6606,0.7044,0.6223,0.6471
84608,0.6277,0.6496,0.6387,0.6478,0.6259,0.7044,0.6405,0.6223,0.6533,0.6606,0.7044,0.6223,0.6471
85207,0.6277,0.6496,0.6387,0.6478,0.6259,0.7044,0.6405,0.6223,0.6533,0.6606,0.7044,0.6223,0.6471
85208,0.6277,0.6496,0.6387,0.6478,0.6259,0.7044,0.6405,0.6223,0.6533,0.6606,0.7044,0.6223,0.6471
85807,0.6277,0.6496,0.6387,0.6478,0.6259,0.7044,0.6405,0.6223,0.6533,0.6606,0.7044,0.6223,0.6471
85808,0.6277,0.6496,0.6387,0.6478,0.6277,0.7044,0.6405,0.6223,0.6533,0.6606,0.7044,0.6223,0.6473
