timestamp,ohci8,ohci9,ohci7,ohci2,ohci6,ohci3,ohci1,ohci4,ohci0,ohci5,max,min,avg
0,0.0474,0.0474,0.0474,0.0474,0.0474,0.0474,0.0474,0.0474,0.0474,0.0474,0.0474,0.0474,0.0474
3,0.1442,0.1442,0.1442,0.1442,0.1442,0.1442,0.1442,0.1442,0.1442,0.1442,0.1442,0.1442,0.1442
4,0.2135,0.188,0.2044,0.1898,0.188,0.2007,0.1788,0.2226,0.2135,0.2044,0.2226,0.1788,0.2004
5,0.2445,0.25,0.2372,0.25,0.2646,0.2245,0.2245,0.2573,0.2391,0.2281,0.2646,0.2245,0.242
6,0.2828,0.2573,0.2427,0.2701,0.281,0.2536,0.2318,0.292,0.2664,0.2464,0.292,0.2318,0.2624
7,0.2901,0.2737,0.2609,0.281,0.2901,0.2755,0.2737,0.3011,0.2847,0.2737,0.3011,0.2609,0.2804
8,0.2956,0.2737,0.281,0.2847,0.3047,0.2993,0.2883,0.3102,0.2956,0.2938,0.3102,0.2737,0.2927
9,0.2993,0.2792,0.2938,0.2938,0.312,0.3047,0.2974,0.3193,0.2993,0.3011,0.3193,0.2792,0.3
10,0.3011,0.2828,0.3011,0.2993,0.3157,0.3047,0.3011,0.3212,0.3029,0.3066,0.3212,0.2828,0.3037
11,0.3047,0.2865,0.3011,0.3029,0.3157,0.3157,0.3139,0.3212,0.3047,0.3084,0.3212,0.2865,0.3075
12,0.3084,0.2901,0.3066,0.3029,0.3193,0.3175,0.3139,0.3212,0.3175,0.3102,0.3212,0.2901,0.3108
13,0.3139,0.292,0.3248,0.3029,0.3212,0.3248,0.3139,0.3248,0.3175,0.3102,0.3248,0.292,0.3146
14,0.3157,0.2974,0.3321,0.312,0.3212,0.3266,0.3139,0.3248,0.3175,0.3102,0.3321,0.2974,0.3171
15,0.3157,0.3029,0.3504,0.3139,0.323,0.3285,0.3175,0.3248,0.3175,0.3102,0.3504,0.3029,0.3204
16,0.3212,0.3047,0.3504,0.3139,0.3248,0.3285,0.3175,0.3266,0.3175,0.3102,0.3504,0.3047,0.3215
17,0.323,0.3047,0.3504,0.3175,0.3266,0.3285,0.3175,0.3285,0.3175,0.3102,0.3504,0.3047,0.3224
18,0.323,0.3047,0.3504,0.3175,0.3266,0.3303,0.3175,0.3285,0.3193,0.3102,0.3504,0.3047,0.3228
19,0.3266,0.3047,0.3504,0.3193,0.3266,0.3321,0.3193,0.3285,0.3266,0.3157,0.3504,0.3047,0.325
20,0.3266,0.3102,0.3504,0.3193,0.3266,0.3504,0.323,0.3285,0.3266,0.3157,0.3504,0.3102,0.3277
21,0.3266,0.3102,0.3504,0.3193,0.3285,0.3504,0.323,0.3449,0.3266,0.3157,0.3504,0.3102,0.3296
22,0.3266,0.312,0.3504,0.3193,0.3285,0.3504,0.323,0.3467,0.3266,0.3175,0.3504,0.312,0.3301
23,0.3266,0.312,0.3504,0.3193,0.3285,0.3504,0.323,0.3467,0.3266,0.3175,0.3504,0.312,0.3301
24,0.3266,0.3139,0.3504,0.3212,0.3485,0.3504,0.323,0.3467,0.3266,0.3376,0.3504,0.3139,0.3345
25,0.3266,0.3139,0.3522,0.3212,0.3485,0.3504,0.323,0.3467,0.3285,0.3376,0.3522,0.3139,0.3349
26,0.3285,0.3139,0.3558,0.3285,0.3485,0.3504,0.323,0.3467,0.3285,0.3376,0.3558,0.3139,0.3361
27,0.3285,0.3139,0.3558,0.3285,0.3485,0.3504,0.323,0.3467,0.3285,0.3376,0.3558,0.3139,0.3361
28,0.3285,0.3139,0.3558,0.3285,0.3485,0.3504,0.323,0.3467,0.3285,0.3376,0.3558,0.3139,0.3361
29,0.3485,0.3139,0.3558,0.3285,0.3485,0.3504,0.323,0.3467,0.3285,0.3376,0.3558,0.3139,0.3381
30,0.3485,0.3212,0.3558,0.3285,0.3522,0.3504,0.323,0.3467,0.3285,0.3412,0.3558,0.3212,0.3396
31,0.3485,0.3212,0.3558,0.3285,0.3522,0.3504,0.3248,0.3467,0.3285,0.3412,0.3558,0.3212,0.3398
32,0.3485,0.3212,0.3558,0.3303,0.3522,0.3504,0.3285,0.3467,0.3285,0.3412,0.3558,0.3212,0.3403
33,0.3485,0.3248,0.3558,0.3303,0.3522,0.3504,0.3285,0.3485,0.3285,0.3412,0.3558,0.3248,0.3409
34,0.3485,0.3285,0.3558,0.3321,0.3522,0.3504,0.3285,0.3485,0.3285,0.3504,0.3558,0.3285,0.3423
35,0.3485,0.3285,0.3577,0.3339,0.3522,0.3504,0.3285,0.3485,0.3285,0.3504,0.3577,0.3285,0.3427
36,0.3485,0.3285,0.3577,0.3339,0.3522,0.3504,0.3285,0.3485,0.3285,0.3504,0.3577,0.3285,0.3427
37,0.3485,0.3285,0.3577,0.3339,0.3522,0.3504,0.3303,0.3485,0.3285,0.3504,0.3577,0.3285,0.3429
38,0.3522,0.3285,0.3613,0.3339,0.3522,0.3504,0.3321,0.3485,0.3303,0.3504,0.3613,0.3285,0.344
39,0.354,0.3303,0.3613,0.3339,0.3522,0.3504,0.3321,0.3485,0.3303,0.3504,0.3613,0.3303,0.3443
40,0.354,0.3303,0.3613,0.3339,0.3522,0.3504,0.3321,0.3485,0.3303,0.3504,0.3613,0.3303,0.3443
41,0.3558,0.3303,0.3613,0.3339,0.3522,0.3504,0.3321,0.3485,0.3303,0.3504,0.3613,0.3303,0.3445
42,0.3595,0.3303,0.3613,0.3339,0.3522,0.3504,0.3321,0.3485,0.3303,0.3504,0.3613,0.3303,0.3449
43,0.3595,0.3303,0.3613,0.3339,0.3522,0.3504,0.3321,0.3485,0.3303,0.3504,0.3613,0.3303,0.3449
44,0.3595,0.3303,0.3613,0.3339,0.3522,0.3504,0.3321,0.3485,0.3303,0.3504,0.3613,0.3303,0.3449
45,0.3595,0.3303,0.3631,0.3339,0.3522,0.3558,0.3321,0.354,0.3339,0.3522,0.3631,0.3303,0.3467
46,0.3595,0.3303,0.3631,0.3339,0.3522,0.3558,0.3321,0.354,0.3339,0.3522,0.3631,0.3303,0.3467
47,0.3595,0.3321,0.3631,0.3339,0.3522,0.3558,0.3339,0.354,0.3339,0.3522,0.3631,0.3321,0.3471
48,0.3595,0.3321,0.3631,0.3339,0.3522,0.3577,0.3339,0.354,0.3339,0.3522,0.3631,0.3321,0.3472
49,0.3595,0.3321,0.3631,0.3339,0.3522,0.3577,0.3339,0.354,0.3339,0.3522,0.3631,0.3321,0.3472
50,0.3595,0.3321,0.3631,0.3339,0.3522,0.3577,0.3339,0.354,0.3339,0.3522,0.3631,0.3321,0.3472
51,0.3595,0.3339,0.3631,0.3339,0.3522,0.3577,0.3339,0.354,0.3358,0.3522,0.3631,0.3339,0.3476
52,0.3668,0.3339,0.3631,0.3339,0.3522,0.3577,0.3339,0.354,0.3358,0.3522,0.3668,0.3339,0.3483
53,0.3668,0.354,0.3631,0.3339,0.3522,0.3577,0.3339,0.354,0.354,0.3522,0.3668,0.3339,0.3522
54,0.3668,0.354,0.3631,0.3339,0.3522,0.3577,0.3339,0.354,0.354,0.3522,0.3668,0.3339,0.3522
55,0.3668,0.354,0.3631,0.3339,0.3522,0.3577,0.3339,0.354,0.354,0.3522,0.3668,0.3339,0.3522
56,0.3668,0.354,0.3631,0.3339,0.3522,0.3577,0.3339,0.354,0.354,0.3522,0.3668,0.3339,0.3522
57,0.3668,0.354,0.3631,0.3339,0.3522,0.3577,0.3339,0.354,0.354,0.3522,0.3668,0.3339,0.3522
58,0.3668,0.354,0.3631,0.3339,0.3522,0.3577,0.3339,0.354,0.3558,0.3522,0.3668,0.3339,0.3524
59,0.3668,0.354,0.3631,0.3339,0.3522,0.3577,0.3339,0.354,0.3558,0.3522,0.3668,0.3339,0.3524
60,0.3668,0.3558,0.3631,0.3339,0.3522,0.3613,0.3358,0.3558,0.3558,0.3522,0.3668,0.3339,0.3533
61,0.3668,0.3558,0.3631,0.3339,0.3522,0.3613,0.3358,0.3558,0.3558,0.354,0.3668,0.3339,0.3534
62,0.3668,0.3558,0.3631,0.3339,0.3522,0.3613,0.3522,0.3558,0.3558,0.354,0.3668,0.3339,0.3551
63,0.3668,0.3558,0.3631,0.3339,0.3522,0.3613,0.3522,0.3577,0.3558,0.354,0.3668,0.3339,0.3553
64,0.3668,0.3558,0.3704,0.3339,0.3522,0.3613,0.3522,0.3558,0.3558,0.354,0.3704,0.3339,0.3558
65,0.3668,0.3558,0.3704,0.3339,0.3522,0.3613,0.3522,0.3558,0.3558,0.354,0.3704,0.3339,0.3558
66,0.3668,0.3558,0.3704,0.3339,0.3522,0.3613,0.3522,0.3558,0.3558,0.354,0.3704,0.3339,0.3558
67,0.3668,0.3558,0.3704,0.3339,0.3558,0.3631,0.3522,0.3577,0.3558,0.354,0.3704,0.3339,0.3565
68,0.3668,0.3558,0.3704,0.3339,0.3577,0.3631,0.3522,0.3577,0.3558,0.354,0.3704,0.3339,0.3567
69,0.3668,0.3558,0.3704,0.3339,0.3577,0.3631,0.3522,0.3577,0.3558,0.354,0.3704,0.3339,0.3567
70,0.3668,0.3558,0.3704,0.3339,0.3577,0.3631,0.3522,0.3577,0.3595,0.354,0.3704,0.3339,0.3571
71,0.3668,0.3558,0.3704,0.3339,0.3577,0.3631,0.3522,0.3577,0.3595,0.354,0.3704,0.3339,0.3571
72,0.3668,0.3558,0.3704,0.3339,0.3631,0.3631,0.3522,0.3577,0.3631,0.354,0.3704,0.3339,0.358
73,0.3668,0.3558,0.3704,0.3339,0.3631,0.3631,0.3522,0.3577,0.3631,0.354,0.3704,0.3339,0.358
74,0.3668,0.3558,0.3704,0.3339,0.3631,0.3631,0.3522,0.3577,0.3631,0.354,0.3704,0.3339,0.358
75,0.3668,0.3558,0.3704,0.3358,0.3631,0.3631,0.3522,0.3577,0.3631,0.354,0.3704,0.3358,0.3582
76,0.3668,0.3558,0.3704,0.3358,0.3631,0.3631,0.3522,0.3577,0.3631,0.3558,0.3704,0.3358,0.3584
77,0.3668,0.3577,0.3704,0.3358,0.3631,0.3631,0.3522,0.3577,0.3631,0.3558,0.3704,0.3358,0.3586
78,0.3668,0.3577,0.3704,0.3358,0.3631,0.3631,0.3522,0.3577,0.3631,0.3577,0.3704,0.3358,0.3588
79,0.3668,0.3577,0.3704,0.3358,0.3668,0.3631,0.3522,0.3577,0.3631,0.3577,0.3704,0.3358,0.3591
80,0.3668,0.3577,0.3704,0.3358,0.3668,0.3631,0.3522,0.3577,0.3631,0.3577,0.3704,0.3358,0.3591
81,0.3668,0.3577,0.3704,0.3358,0.3668,0.3631,0.3522,0.3577,0.3631,0.3577,0.3704,0.3358,0.3591
82,0.3668,0.3577,0.3704,0.3358,0.3668,0.3631,0.3522,0.3577,0.3631,0.3577,0.3704,0.3358,0.3591
83,0.3668,0.3577,0.3704,0.3358,0.3668,0.3631,0.3522,0.3577,0.3631,0.3577,0.3704,0.3358,0.3591
84,0.3668,0.3577,0.3704,0.3358,0.3668,0.3631,0.3522,0.3577,0.3631,0.3577,0.3704,0.3358,0.3591
85,0.3668,0.3577,0.3704,0.3358,0.3686,0.3631,0.3522,0.3577,0.3631,0.3577,0.3704,0.3358,0.3593
86,0.3668,0.3577,0.3704,0.3358,0.3686,0.3631,0.3522,0.3577,0.3631,0.3577,0.3704,0.3358,0.3593
87,0.3668,0.3577,0.3704,0.3358,0.3686,0.3631,0.3522,0.3577,0.3631,0.3577,0.3704,0.3358,0.3593
88,0.3668,0.3577,0.3704,0.3358,0.3686,0.3631,0.3522,0.3577,0.3631,0.3577,0.3704,0.3358,0.3593
89,0.3668,0.3577,0.3704,0.3358,0.3686,0.3631,0.3522,0.3577,0.3631,0.3577,0.3704,0.3358,0.3593
90,0.3668,0.3577,0.3704,0.3358,0.3686,0.3631,0.3522,0.3577,0.3631,0.3577,0.3704,0.3358,0.3593
91,0.3668,0.3577,0.3704,0.3358,0.3686,0.3631,0.3522,0.3577,0.3631,0.3577,0.3704,0.3358,0.3593
92,0.3668,0.3631,0.3704,0.3358,0.3686,0.3631,0.3522,0.3577,0.3631,0.3577,0.3704,0.3358,0.3599
93,0.3668,0.3631,0.3704,0.3358,0.3686,0.3631,0.3522,0.3577,0.3631,0.3631,0.3704,0.3358,0.3604
94,0.3668,0.3631,0.3704,0.3358,0.3686,0.3631,0.3522,0.3577,0.3631,0.3631,0.3704,0.3358,0.3604
95,0.3668,0.3631,0.3704,0.3358,0.3686,0.3631,0.3595,0.3577,0.3631,0.3631,0.3704,0.3358,0.3611
96,0.3668,0.3631,0.3704,0.3358,0.3686,0.3631,0.3595,0.3577,0.3631,0.3668,0.3704,0.3358,0.3615
97,0.3668,0.3631,0.3704,0.3358,0.3686,0.3631,0.3595,0.3577,0.3631,0.3668,0.3704,0.3358,0.3615
98,0.3668,0.3631,0.3704,0.3358,0.3686,0.3631,0.3595,0.3577,0.3631,0.3668,0.3704,0.3358,0.3615
99,0.3668,0.3631,0.3704,0.3358,0.3723,0.365,0.3595,0.3577,0.3631,0.3668,0.3723,0.3358,0.3621
100,0.3668,0.3631,0.3704,0.3358,0.3723,0.365,0.3595,0.3577,0.3631,0.3668,0.3723,0.3358,0.3621
101,0.3668,0.3631,0.3704,0.3358,0.3723,0.365,0.3595,0.3577,0.3631,0.3668,0.3723,0.3358,0.3621
102,0.3668,0.3631,0.3704,0.3358,0.3723,0.365,0.3595,0.3577,0.3631,0.3668,0.3723,0.3358,0.3621
103,0.3668,0.3631,0.3704,0.3358,0.3723,0.365,0.3595,0.3577,0.3631,0.3668,0.3723,0.3358,0.3621
104,0.3686,0.3631,0.3704,0.3358,0.3723,0.365,0.3595,0.3577,0.3631,0.3668,0.3723,0.3358,0.3622
105,0.3686,0.3631,0.3704,0.3358,0.3723,0.3668,0.3595,0.3577,0.3631,0.3668,0.3723,0.3358,0.3624
106,0.3686,0.3631,0.3704,0.3358,0.3723,0.3668,0.3595,0.3577,0.3631,0.3668,0.3723,0.3358,0.3624
107,0.3686,0.3631,0.3704,0.3358,0.3723,0.3668,0.3595,0.3577,0.3631,0.3668,0.3723,0.3358,0.3624
108,0.3686,0.3631,0.3704,0.3558,0.3723,0.3668,0.3595,0.3577,0.3631,0.3668,0.3723,0.3558,0.3644
109,0.3686,0.3631,0.3704,0.3558,0.3723,0.3668,0.3595,0.3577,0.3631,0.3668,0.3723,0.3558,0.3644
110,0.3686,0.3631,0.3704,0.3558,0.3723,0.3668,0.3595,0.3577,0.3631,0.3668,0.3723,0.3558,0.3644
111,0.3686,0.3631,0.3704,0.3558,0.3723,0.3668,0.3595,0.3595,0.3631,0.3668,0.3723,0.3558,0.3646
112,0.3686,0.3631,0.3704,0.3558,0.3723,0.3668,0.3595,0.3595,0.3631,0.3668,0.3723,0.3558,0.3646
113,0.3686,0.3631,0.3704,0.3558,0.3723,0.3668,0.3595,0.3595,0.3631,0.3668,0.3723,0.3558,0.3646
114,0.3686,0.3631,0.3704,0.3558,0.3723,0.3668,0.3595,0.3595,0.3631,0.3668,0.3723,0.3558,0.3646
115,0.3741,0.3631,0.3704,0.3558,0.3723,0.3668,0.3595,0.3595,0.3631,0.3668,0.3741,0.3558,0.3651
116,0.3741,0.3631,0.3704,0.3558,0.3723,0.3668,0.3595,0.3613,0.3631,0.3668,0.3741,0.3558,0.3653
117,0.3741,0.3631,0.3704,0.3558,0.3723,0.3668,0.3595,0.3613,0.3631,0.3668,0.3741,0.3558,0.3653
118,0.3741,0.3631,0.3704,0.3686,0.3723,0.3668,0.3595,0.3613,0.3631,0.3668,0.3741,0.3595,0.3666
119,0.3741,0.3631,0.3704,0.3686,0.3723,0.3668,0.3595,0.3613,0.3631,0.3668,0.3741,0.3595,0.3666
120,0.3741,0.3631,0.3704,0.3686,0.3723,0.3668,0.3595,0.3613,0.3631,0.3668,0.3741,0.3595,0.3666
121,0.3741,0.3631,0.3704,0.3686,0.3723,0.3668,0.3595,0.3613,0.3631,0.3668,0.3741,0.3595,0.3666
122,0.3741,0.3631,0.3704,0.3686,0.3723,0.3668,0.3595,0.3613,0.3631,0.3668,0.3741,0.3595,0.3666
123,0.3741,0.3631,0.3704,0.3686,0.3723,0.3668,0.3595,0.3613,0.3631,0.3668,0.3741,0.3595,0.3666
124,0.3741,0.3631,0.3704,0.3686,0.3723,0.3668,0.3595,0.3613,0.3631,0.3668,0.3741,0.3595,0.3666
125,0.3741,0.3631,0.3704,0.3686,0.3723,0.3668,0.3595,0.3613,0.3631,0.3668,0.3741,0.3595,0.3666
126,0.3741,0.3631,0.3704,0.3686,0.3723,0.3668,0.3595,0.3613,0.3631,0.3668,0.3741,0.3595,0.3666
127,0.3741,0.3631,0.3704,0.3686,0.3723,0.3668,0.3595,0.3613,0.3631,0.3668,0.3741,0.3595,0.3666
128,0.3741,0.3631,0.3704,0.3686,0.3723,0.3668,0.3595,0.3613,0.3631,0.3668,0.3741,0.3595,0.3666
129,0.3741,0.3631,0.3704,0.3686,0.3723,0.3668,0.3595,0.3613,0.3631,0.3668,0.3741,0.3595,0.3666
130,0.3741,0.3631,0.3704,0.3686,0.3723,0.3668,0.3595,0.3613,0.3631,0.3668,0.3741,0.3595,0.3666
131,0.3741,0.3631,0.3704,0.3686,0.3723,0.3668,0.3595,0.3613,0.3631,0.3668,0.3741,0.3595,0.3666
132,0.3741,0.3668,0.3704,0.3686,0.3723,0.3668,0.3595,0.3613,0.3631,0.3668,0.3741,0.3595,0.367
133,0.3741,0.3668,0.3704,0.3686,0.3723,0.3668,0.3595,0.3613,0.3631,0.3686,0.3741,0.3595,0.3671
134,0.3741,0.3668,0.3704,0.3686,0.3723,0.3668,0.3595,0.3613,0.3631,0.3686,0.3741,0.3595,0.3671
135,0.3741,0.3668,0.3704,0.3704,0.3723,0.3668,0.3595,0.3613,0.3631,0.3686,0.3741,0.3595,0.3673
136,0.3741,0.3668,0.3704,0.3704,0.3723,0.3668,0.3595,0.3613,0.3631,0.3723,0.3741,0.3595,0.3677
137,0.3741,0.3668,0.3704,0.3704,0.3723,0.3668,0.3595,0.3613,0.3631,0.3723,0.3741,0.3595,0.3677
138,0.3741,0.3668,0.3704,0.3704,0.3723,0.3668,0.3595,0.3613,0.3631,0.3723,0.3741,0.3595,0.3677
139,0.3741,0.3668,0.3704,0.3704,0.3723,0.3668,0.3595,0.3613,0.3631,0.3723,0.3741,0.3595,0.3677
140,0.3741,0.3668,0.3704,0.3704,0.3723,0.3668,0.3595,0.3613,0.3631,0.3723,0.3741,0.3595,0.3677
141,0.3741,0.3668,0.3704,0.3704,0.3723,0.3668,0.3595,0.3613,0.3631,0.3723,0.3741,0.3595,0.3677
142,0.3741,0.3668,0.3704,0.3704,0.3723,0.3668,0.3595,0.3613,0.3631,0.3723,0.3741,0.3595,0.3677
143,0.3741,0.3668,0.3704,0.3704,0.3723,0.3668,0.3595,0.3613,0.3631,0.3723,0.3741,0.3595,0.3677
144,0.3741,0.3668,0.3704,0.3704,0.3723,0.3668,0.3595,0.3613,0.3631,0.3723,0.3741,0.3595,0.3677
145,0.3741,0.3668,0.3704,0.3704,0.3723,0.3668,0.3595,0.3613,0.3631,0.3723,0.3741,0.3595,0.3677
146,0.3741,0.3668,0.3704,0.3704,0.3723,0.3668,0.3595,0.3613,0.3631,0.3723,0.3741,0.3595,0.3677
147,0.3741,0.3668,0.3704,0.3704,0.3723,0.3668,0.3595,0.3613,0.3631,0.3741,0.3741,0.3595,0.3679
148,0.3741,0.3668,0.3704,0.3704,0.3723,0.3668,0.3595,0.3613,0.3631,0.3741,0.3741,0.3595,0.3679
149,0.3741,0.3668,0.3704,0.3704,0.3723,0.3668,0.3595,0.3613,0.3631,0.3741,0.3741,0.3595,0.3679
150,0.3741,0.3668,0.3704,0.3704,0.3723,0.3668,0.3595,0.3613,0.3631,0.3741,0.3741,0.3595,0.3679
151,0.3741,0.3668,0.3704,0.3704,0.3723,0.3668,0.3595,0.3613,0.3631,0.3741,0.3741,0.3595,0.3679
152,0.3741,0.3668,0.3704,0.3704,0.3723,0.3668,0.3595,0.3613,0.3631,0.3741,0.3741,0.3595,0.3679
153,0.3741,0.3668,0.3704,0.3704,0.3723,0.3668,0.3595,0.3613,0.3631,0.3741,0.3741,0.3595,0.3679
154,0.3741,0.3668,0.3704,0.3704,0.3723,0.3668,0.3595,0.3613,0.365,0.3741,0.3741,0.3595,0.3681
155,0.3741,0.3668,0.3704,0.3704,0.3723,0.3668,0.3595,0.3613,0.365,0.3741,0.3741,0.3595,0.3681
156,0.3741,0.3668,0.3704,0.3704,0.3723,0.3668,0.3595,0.3613,0.365,0.3741,0.3741,0.3595,0.3681
157,0.3741,0.3668,0.3704,0.3704,0.3723,0.3668,0.3595,0.3613,0.365,0.3741,0.3741,0.3595,0.3681
158,0.3741,0.3668,0.3704,0.3704,0.3723,0.3668,0.3595,0.3613,0.365,0.3741,0.3741,0.3595,0.3681
159,0.3741,0.3668,0.3704,0.3704,0.3723,0.3668,0.3595,0.3613,0.365,0.3741,0.3741,0.3595,0.3681
160,0.3741,0.3668,0.3704,0.3704,0.3723,0.3668,0.3595,0.3686,0.365,0.3741,0.3741,0.3595,0.3688
161,0.3741,0.3668,0.3704,0.3704,0.3723,0.3668,0.3595,0.3686,0.365,0.3741,0.3741,0.3595,0.3688
162,0.3741,0.3668,0.3704,0.3704,0.3723,0.3668,0.3595,0.3686,0.365,0.3741,0.3741,0.3595,0.3688
163,0.3741,0.3668,0.3704,0.3704,0.3723,0.3668,0.3595,0.3686,0.365,0.3741,0.3741,0.3595,0.3688
164,0.3741,0.3668,0.3704,0.3704,0.3723,0.3668,0.3595,0.3686,0.365,0.3741,0.3741,0.3595,0.3688
165,0.3741,0.3668,0.3704,0.3704,0.3723,0.3668,0.3595,0.3686,0.365,0.3741,0.3741,0.3595,0.3688
166,0.3741,0.3668,0.3704,0.3704,0.3723,0.3668,0.3595,0.3686,0.365,0.3741,0.3741,0.3595,0.3688
167,0.3741,0.3668,0.3704,0.3704,0.3723,0.3668,0.3595,0.3686,0.365,0.3741,0.3741,0.3595,0.3688
168,0.3741,0.3668,0.3704,0.3704,0.3723,0.3668,0.3595,0.3686,0.365,0.3741,0.3741,0.3595,0.3688
169,0.3741,0.3668,0.3704,0.3704,0.3723,0.3668,0.3595,0.3686,0.365,0.3741,0.3741,0.3595,0.3688
170,0.3741,0.3668,0.3704,0.3704,0.3723,0.3668,0.3595,0.3686,0.365,0.3741,0.3741,0.3595,0.3688
171,0.3741,0.3668,0.3704,0.3704,0.3723,0.3668,0.3595,0.3686,0.365,0.3741,0.3741,0.3595,0.3688
172,0.3741,0.3668,0.3704,0.3704,0.3723,0.3668,0.3595,0.3686,0.365,0.3741,0.3741,0.3595,0.3688
173,0.3741,0.3668,0.3704,0.3704,0.3723,0.3668,0.3595,0.3686,0.365,0.3741,0.3741,0.3595,0.3688
174,0.3741,0.3686,0.3704,0.3704,0.3723,0.3668,0.3595,0.3686,0.365,0.3741,0.3741,0.3595,0.369
175,0.3741,0.3686,0.3704,0.3704,0.3723,0.3668,0.3595,0.3686,0.365,0.3741,0.3741,0.3595,0.369
176,0.3741,0.3686,0.3704,0.3704,0.3723,0.3668,0.3595,0.3686,0.365,0.3741,0.3741,0.3595,0.369
177,0.3741,0.3686,0.3704,0.3704,0.3723,0.3668,0.3595,0.3686,0.365,0.3741,0.3741,0.3595,0.369
178,0.3741,0.3686,0.3704,0.3704,0.3723,0.3668,0.3595,0.3686,0.365,0.3741,0.3741,0.3595,0.369
179,0.3741,0.3686,0.3704,0.3704,0.3723,0.3668,0.3595,0.3686,0.365,0.3741,0.3741,0.3595,0.369
180,0.3741,0.3686,0.3704,0.3704,0.3723,0.3668,0.3595,0.3686,0.365,0.3741,0.3741,0.3595,0.369
181,0.3741,0.3686,0.3704,0.3704,0.3723,0.3668,0.3631,0.3686,0.365,0.3741,0.3741,0.3631,0.3693
182,0.3741,0.3704,0.3704,0.3704,0.3723,0.3668,0.3686,0.3686,0.365,0.3741,0.3741,0.365,0.3701
183,0.3741,0.3704,0.3704,0.3704,0.3723,0.3668,0.3686,0.3686,0.365,0.3741,0.3741,0.365,0.3701
184,0.3741,0.3704,0.3704,0.3704,0.3723,0.3668,0.3686,0.3686,0.365,0.3741,0.3741,0.365,0.3701
185,0.3741,0.3704,0.3704,0.3704,0.3723,0.3668,0.3686,0.3686,0.365,0.3741,0.3741,0.365,0.3701
186,0.3741,0.3704,0.3704,0.3704,0.3723,0.3668,0.3686,0.3686,0.365,0.3741,0.3741,0.365,0.3701
187,0.3741,0.3704,0.3704,0.3704,0.3723,0.3668,0.3686,0.3686,0.365,0.3741,0.3741,0.365,0.3701
188,0.3741,0.3704,0.3704,0.3704,0.3723,0.3668,0.3686,0.3686,0.365,0.3741,0.3741,0.365,0.3701
189,0.3741,0.3704,0.3704,0.3704,0.3723,0.3668,0.3686,0.3686,0.365,0.3741,0.3741,0.365,0.3701
190,0.3741,0.3704,0.3704,0.3704,0.3723,0.3668,0.3686,0.3686,0.3704,0.3741,0.3741,0.3668,0.3706
191,0.3741,0.3704,0.3704,0.3704,0.3723,0.3668,0.3686,0.3686,0.3704,0.3741,0.3741,0.3668,0.3706
192,0.3741,0.3704,0.3704,0.3704,0.3723,0.3668,0.3686,0.3686,0.3704,0.3741,0.3741,0.3668,0.3706
193,0.3741,0.3704,0.3704,0.3704,0.3723,0.3668,0.3686,0.3686,0.3704,0.3741,0.3741,0.3668,0.3706
194,0.3741,0.3704,0.3704,0.3704,0.3723,0.3668,0.3686,0.3686,0.3704,0.3741,0.3741,0.3668,0.3706
195,0.3741,0.3704,0.3704,0.3704,0.3814,0.3668,0.3686,0.3686,0.3704,0.3741,0.3814,0.3668,0.3715
196,0.3759,0.3704,0.3704,0.3704,0.3814,0.3668,0.3686,0.3686,0.3704,0.3741,0.3814,0.3668,0.3717
197,0.3759,0.3704,0.3704,0.3704,0.3814,0.3668,0.3686,0.3686,0.3704,0.3741,0.3814,0.3668,0.3717
198,0.3759,0.3704,0.3704,0.3704,0.3814,0.3668,0.3686,0.3686,0.385,0.3741,0.385,0.3668,0.3732
199,0.3759,0.3704,0.3704,0.3704,0.3814,0.3668,0.3686,0.3686,0.385,0.3741,0.385,0.3668,0.3732
200,0.3759,0.3723,0.3704,0.3704,0.3814,0.3668,0.3686,0.3686,0.385,0.3741,0.385,0.3668,0.3733
201,0.3759,0.3723,0.3704,0.3704,0.3832,0.3668,0.3686,0.3686,0.385,0.3741,0.385,0.3668,0.3735
202,0.3759,0.3723,0.3704,0.3704,0.3832,0.3668,0.3686,0.3686,0.385,0.3741,0.385,0.3668,0.3735
203,0.3759,0.3723,0.3704,0.3704,0.3832,0.3668,0.3686,0.3686,0.385,0.3741,0.385,0.3668,0.3735
204,0.3759,0.3723,0.3704,0.3704,0.3832,0.3668,0.3686,0.3686,0.385,0.3741,0.385,0.3668,0.3735
205,0.3759,0.3723,0.3704,0.3704,0.3832,0.3668,0.3686,0.3686,0.385,0.3741,0.385,0.3668,0.3735
206,0.3759,0.3723,0.3704,0.3704,0.3832,0.3668,0.3686,0.3686,0.385,0.3741,0.385,0.3668,0.3735
207,0.3759,0.3723,0.3704,0.3704,0.3832,0.3668,0.3686,0.3686,0.385,0.3741,0.385,0.3668,0.3735
208,0.3759,0.3723,0.3704,0.3704,0.3832,0.3668,0.3686,0.3686,0.385,0.3741,0.385,0.3668,0.3735
209,0.3759,0.3723,0.3704,0.3704,0.3832,0.3668,0.3686,0.3686,0.385,0.3741,0.385,0.3668,0.3735
210,0.3759,0.3723,0.3704,0.3704,0.3832,0.3668,0.3686,0.3686,0.385,0.3741,0.385,0.3668,0.3735
211,0.3759,0.3723,0.3704,0.3704,0.3832,0.3668,0.3686,0.3686,0.385,0.3741,0.385,0.3668,0.3735
212,0.3759,0.3759,0.3704,0.3704,0.3832,0.3668,0.3686,0.3686,0.385,0.3741,0.385,0.3668,0.3739
213,0.3759,0.3759,0.3704,0.3704,0.3832,0.3668,0.3686,0.3686,0.385,0.3741,0.385,0.3668,0.3739
214,0.3759,0.3759,0.3704,0.3704,0.3832,0.3668,0.3686,0.3686,0.385,0.3741,0.385,0.3668,0.3739
215,0.3759,0.3759,0.3704,0.3704,0.3832,0.3668,0.3686,0.3686,0.385,0.3741,0.385,0.3668,0.3739
216,0.3759,0.3759,0.3704,0.3704,0.3832,0.3668,0.3686,0.3686,0.385,0.3741,0.385,0.3668,0.3739
217,0.3759,0.3759,0.3704,0.3704,0.3832,0.3668,0.3686,0.3686,0.385,0.3741,0.385,0.3668,0.3739
218,0.3759,0.3759,0.3704,0.3704,0.3832,0.3668,0.3686,0.3686,0.385,0.3741,0.385,0.3668,0.3739
219,0.3759,0.3759,0.3704,0.3704,0.3832,0.3686,0.3686,0.3686,0.385,0.3741,0.385,0.3686,0.3741
220,0.3759,0.3759,0.3704,0.3704,0.3832,0.3686,0.3686,0.3723,0.385,0.3741,0.385,0.3686,0.3744
221,0.3759,0.3759,0.3704,0.3704,0.3832,0.3686,0.3686,0.3723,0.385,0.3741,0.385,0.3686,0.3744
222,0.3759,0.3759,0.3704,0.3704,0.3832,0.3686,0.3686,0.3723,0.385,0.3796,0.385,0.3686,0.375
223,0.3759,0.3759,0.3704,0.3704,0.3832,0.3686,0.3686,0.3723,0.4069,0.3796,0.4069,0.3686,0.3772
224,0.3759,0.3759,0.3704,0.3704,0.3832,0.3686,0.3686,0.3723,0.4069,0.3796,0.4069,0.3686,0.3772
225,0.3759,0.3759,0.3704,0.3704,0.3832,0.3686,0.3686,0.3723,0.4069,0.3796,0.4069,0.3686,0.3772
226,0.3759,0.3759,0.3704,0.3704,0.3832,0.3686,0.3686,0.3723,0.4069,0.3796,0.4069,0.3686,0.3772
227,0.3759,0.3759,0.3704,0.3704,0.3832,0.3704,0.3686,0.3723,0.4069,0.3796,0.4069,0.3686,0.3774
228,0.3759,0.3759,0.3704,0.3704,0.3832,0.3704,0.3686,0.3723,0.4069,0.3796,0.4069,0.3686,0.3774
229,0.3759,0.3759,0.3704,0.3704,0.3832,0.3704,0.3686,0.3723,0.4069,0.3796,0.4069,0.3686,0.3774
230,0.3759,0.3759,0.3704,0.3704,0.3832,0.3704,0.3686,0.3723,0.4069,0.3796,0.4069,0.3686,0.3774
231,0.3759,0.3759,0.3704,0.3704,0.3832,0.3704,0.3686,0.3723,0.4069,0.3796,0.4069,0.3686,0.3774
232,0.3759,0.3759,0.3704,0.3704,0.3832,0.3704,0.3686,0.3723,0.4069,0.3796,0.4069,0.3686,0.3774
233,0.3759,0.3759,0.3704,0.3704,0.3832,0.3704,0.3686,0.3723,0.4069,0.3796,0.4069,0.3686,0.3774
234,0.3759,0.3759,0.3704,0.3704,0.3832,0.3704,0.3686,0.3723,0.4069,0.3796,0.4069,0.3686,0.3774
235,0.3759,0.3759,0.3741,0.3704,0.3832,0.3704,0.3686,0.3723,0.4069,0.3796,0.4069,0.3686,0.3777
236,0.3759,0.3759,0.3741,0.3704,0.3832,0.3723,0.3686,0.3723,0.4069,0.3796,0.4069,0.3686,0.3779
237,0.3759,0.3759,0.3741,0.3704,0.3832,0.3723,0.3686,0.3723,0.4069,0.3796,0.4069,0.3686,0.3779
238,0.3759,0.3759,0.3741,0.3704,0.3832,0.3723,0.3686,0.3723,0.4069,0.3796,0.4069,0.3686,0.3779
239,0.3759,0.3759,0.3741,0.3704,0.3832,0.3723,0.3686,0.3723,0.4069,0.3796,0.4069,0.3686,0.3779
240,0.3759,0.3759,0.3741,0.3704,0.3832,0.3723,0.3686,0.3723,0.4069,0.3796,0.4069,0.3686,0.3779
241,0.3759,0.3759,0.3741,0.3704,0.3832,0.3723,0.3686,0.3723,0.4069,0.3796,0.4069,0.3686,0.3779
242,0.3759,0.3759,0.3741,0.3704,0.3832,0.3723,0.3686,0.3723,0.4069,0.3796,0.4069,0.3686,0.3779
243,0.3759,0.3759,0.3741,0.3704,0.3832,0.3723,0.3686,0.3723,0.4069,0.3796,0.4069,0.3686,0.3779
244,0.3759,0.3759,0.3741,0.3704,0.3832,0.3723,0.3686,0.3723,0.4069,0.3796,0.4069,0.3686,0.3779
245,0.3759,0.3759,0.3741,0.3704,0.3832,0.3723,0.3686,0.3723,0.4069,0.3796,0.4069,0.3686,0.3779
246,0.3759,0.3759,0.3741,0.3704,0.3832,0.3759,0.3686,0.3723,0.4069,0.3796,0.4069,0.3686,0.3783
247,0.3759,0.3759,0.3741,0.3704,0.3832,0.3759,0.3686,0.3723,0.4069,0.3796,0.4069,0.3686,0.3783
248,0.3759,0.3759,0.3741,0.3704,0.3832,0.3759,0.3686,0.3723,0.4069,0.3796,0.4069,0.3686,0.3783
249,0.3759,0.3759,0.3741,0.3704,0.3832,0.3759,0.3686,0.3723,0.4069,0.3796,0.4069,0.3686,0.3783
250,0.3759,0.3759,0.3741,0.3704,0.3832,0.3759,0.3686,0.3723,0.4069,0.3796,0.4069,0.3686,0.3783
251,0.3759,0.3759,0.3741,0.3704,0.3832,0.3759,0.3686,0.3723,0.4069,0.3796,0.4069,0.3686,0.3783
252,0.3759,0.3759,0.3741,0.3704,0.3832,0.3759,0.3686,0.3723,0.4069,0.3796,0.4069,0.3686,0.3783
253,0.3759,0.3759,0.3741,0.3704,0.3832,0.3759,0.3686,0.3723,0.4069,0.3796,0.4069,0.3686,0.3783
254,0.3759,0.3759,0.3741,0.3704,0.3832,0.3759,0.3686,0.3723,0.4069,0.3796,0.4069,0.3686,0.3783
255,0.3759,0.3759,0.3741,0.3704,0.3832,0.3759,0.3686,0.3723,0.4069,0.3796,0.4069,0.3686,0.3783
256,0.3759,0.3759,0.3741,0.3704,0.3832,0.3759,0.3686,0.3723,0.4069,0.3796,0.4069,0.3686,0.3783
257,0.3759,0.3759,0.3741,0.3704,0.3832,0.3759,0.3686,0.3723,0.4069,0.3796,0.4069,0.3686,0.3783
258,0.3759,0.3759,0.3741,0.3704,0.3832,0.3759,0.3686,0.3723,0.4069,0.3796,0.4069,0.3686,0.3783
259,0.3759,0.3759,0.3741,0.3704,0.3832,0.3759,0.3686,0.3723,0.4069,0.3796,0.4069,0.3686,0.3783
260,0.3759,0.3759,0.3741,0.3704,0.3832,0.3759,0.3686,0.3723,0.4069,0.3796,0.4069,0.3686,0.3783
261,0.3759,0.3759,0.3741,0.3704,0.3832,0.3759,0.3686,0.3723,0.4069,0.3796,0.4069,0.3686,0.3783
262,0.3759,0.3759,0.3741,0.3704,0.3832,0.3759,0.3686,0.3723,0.4069,0.3796,0.4069,0.3686,0.3783
263,0.3759,0.3759,0.3741,0.3704,0.3832,0.3759,0.3686,0.3723,0.4069,0.3796,0.4069,0.3686,0.3783
264,0.3759,0.3759,0.3741,0.3704,0.3832,0.3759,0.3686,0.3723,0.4069,0.3796,0.4069,0.3686,0.3783
265,0.3759,0.3759,0.3741,0.3704,0.3832,0.3759,0.3686,0.3723,0.4069,0.3796,0.4069,0.3686,0.3783
266,0.3759,0.3759,0.3741,0.3704,0.3832,0.3759,0.3686,0.3723,0.4069,0.3796,0.4069,0.3686,0.3783
267,0.3759,0.3759,0.3741,0.3704,0.3832,0.3759,0.3686,0.3723,0.4069,0.3796,0.4069,0.3686,0.3783
268,0.3759,0.3759,0.3741,0.3704,0.3832,0.4124,0.3686,0.3723,0.4069,0.3796,0.4124,0.3686,0.3819
269,0.3759,0.3759,0.3741,0.3704,0.3832,0.4124,0.3686,0.3723,0.4069,0.3796,0.4124,0.3686,0.3819
270,0.3759,0.3759,0.3741,0.3704,0.3832,0.4124,0.3686,0.3723,0.4069,0.3796,0.4124,0.3686,0.3819
271,0.3759,0.3759,0.3741,0.3704,0.3832,0.4124,0.3686,0.3723,0.4069,0.3796,0.4124,0.3686,0.3819
272,0.3759,0.3759,0.3759,0.3704,0.3832,0.4124,0.3686,0.3723,0.4069,0.3796,0.4124,0.3686,0.3821
273,0.3759,0.3759,0.3759,0.3704,0.3832,0.4124,0.3686,0.3723,0.4069,0.3796,0.4124,0.3686,0.3821
274,0.3759,0.3759,0.3759,0.3704,0.3832,0.4124,0.3686,0.3723,0.4069,0.3796,0.4124,0.3686,0.3821
275,0.3759,0.3759,0.3759,0.3704,0.3832,0.4124,0.3686,0.3723,0.4069,0.3796,0.4124,0.3686,0.3821
276,0.3759,0.3759,0.3759,0.3704,0.3832,0.4124,0.3686,0.3723,0.4069,0.3796,0.4124,0.3686,0.3821
277,0.3759,0.3759,0.3759,0.3704,0.3832,0.4124,0.3686,0.3723,0.4069,0.3796,0.4124,0.3686,0.3821
278,0.3759,0.3759,0.3759,0.3704,0.3832,0.4124,0.3686,0.3723,0.4069,0.3796,0.4124,0.3686,0.3821
279,0.3759,0.3759,0.3759,0.3704,0.3832,0.4124,0.3686,0.3723,0.4069,0.3796,0.4124,0.3686,0.3821
280,0.3759,0.3759,0.3759,0.3704,0.3832,0.4124,0.3686,0.3723,0.4069,0.3796,0.4124,0.3686,0.3821
281,0.3759,0.3759,0.3759,0.3704,0.3832,0.4124,0.3686,0.3723,0.4069,0.3796,0.4124,0.3686,0.3821
282,0.3759,0.3759,0.3759,0.3704,0.3832,0.4124,0.3686,0.3723,0.4069,0.3796,0.4124,0.3686,0.3821
283,0.3759,0.3759,0.3759,0.3704,0.3832,0.4124,0.3686,0.3723,0.4069,0.3796,0.4124,0.3686,0.3821
284,0.3759,0.3759,0.3759,0.3704,0.3832,0.4124,0.3686,0.3723,0.4069,0.3796,0.4124,0.3686,0.3821
285,0.3759,0.3759,0.3759,0.3704,0.3832,0.4124,0.3686,0.3723,0.4069,0.3796,0.4124,0.3686,0.3821
286,0.3759,0.3759,0.3759,0.3704,0.3832,0.4124,0.3686,0.3723,0.4069,0.3796,0.4124,0.3686,0.3821
287,0.3759,0.3759,0.3759,0.3704,0.3832,0.4124,0.3686,0.3723,0.4069,0.3796,0.4124,0.3686,0.3821
288,0.3759,0.3759,0.3759,0.3704,0.3832,0.4124,0.3686,0.3723,0.4069,0.3796,0.4124,0.3686,0.3821
289,0.3759,0.3759,0.3759,0.3704,0.3832,0.4124,0.3686,0.3723,0.4069,0.3796,0.4124,0.3686,0.3821
290,0.3759,0.3759,0.3759,0.3704,0.3832,0.4124,0.3686,0.3723,0.4069,0.3796,0.4124,0.3686,0.3821
291,0.3759,0.3759,0.3759,0.3704,0.3832,0.4124,0.3686,0.3723,0.4069,0.3796,0.4124,0.3686,0.3821
292,0.3759,0.3759,0.3759,0.3704,0.3832,0.4124,0.3686,0.3723,0.4069,0.3796,0.4124,0.3686,0.3821
293,0.3759,0.3759,0.3759,0.3704,0.3832,0.4124,0.3686,0.3723,0.4069,0.3796,0.4124,0.3686,0.3821
294,0.3759,0.3759,0.3759,0.3704,0.3832,0.4124,0.3686,0.3723,0.4069,0.3796,0.4124,0.3686,0.3821
295,0.3759,0.3759,0.3759,0.3704,0.3832,0.4124,0.3686,0.3723,0.4069,0.3796,0.4124,0.3686,0.3821
296,0.3759,0.3759,0.3759,0.3704,0.3832,0.4124,0.3686,0.3723,0.4069,0.3796,0.4124,0.3686,0.3821
297,0.3759,0.3759,0.3759,0.3704,0.3832,0.4124,0.3686,0.3723,0.4069,0.3796,0.4124,0.3686,0.3821
298,0.3759,0.3759,0.3759,0.3704,0.3832,0.4124,0.3686,0.3723,0.4069,0.3796,0.4124,0.3686,0.3821
299,0.3759,0.3759,0.3759,0.3704,0.3832,0.4124,0.3686,0.3723,0.4069,0.3796,0.4124,0.3686,0.3821
300,0.3759,0.3759,0.3759,0.3704,0.3832,0.4124,0.3686,0.3723,0.4069,0.3796,0.4124,0.3686,0.3821
301,0.3759,0.3759,0.3759,0.3704,0.3832,0.4124,0.3686,0.3723,0.4069,0.3796,0.4124,0.3686,0.3821
302,0.3759,0.3759,0.3759,0.3704,0.3832,0.4124,0.3686,0.3723,0.4069,0.3796,0.4124,0.3686,0.3821
303,0.3759,0.3759,0.3759,0.3704,0.3832,0.4124,0.3686,0.3723,0.4069,0.3796,0.4124,0.3686,0.3821
304,0.3759,0.3759,0.3759,0.3704,0.3832,0.4124,0.3686,0.3723,0.4069,0.3796,0.4124,0.3686,0.3821
305,0.3759,0.3759,0.3759,0.3704,0.3832,0.4161,0.3686,0.3723,0.4069,0.3796,0.4161,0.3686,0.3825
306,0.3759,0.3759,0.3759,0.3704,0.3832,0.4161,0.3686,0.3723,0.4069,0.3796,0.4161,0.3686,0.3825
307,0.3759,0.3759,0.3759,0.3704,0.3832,0.4161,0.3686,0.3723,0.4069,0.3796,0.4161,0.3686,0.3825
308,0.3759,0.3759,0.3759,0.3704,0.3832,0.4161,0.3686,0.3723,0.4069,0.3796,0.4161,0.3686,0.3825
309,0.3759,0.3759,0.3759,0.3704,0.3832,0.4161,0.3686,0.3723,0.4069,0.3796,0.4161,0.3686,0.3825
310,0.3759,0.3759,0.3759,0.3704,0.3832,0.4161,0.3686,0.3723,0.4069,0.3796,0.4161,0.3686,0.3825
311,0.3759,0.3759,0.3759,0.3704,0.3832,0.4161,0.3686,0.3723,0.4069,0.3796,0.4161,0.3686,0.3825
312,0.3759,0.3759,0.3759,0.3704,0.3832,0.4161,0.3686,0.3723,0.4069,0.3796,0.4161,0.3686,0.3825
313,0.3759,0.3759,0.3759,0.3704,0.3832,0.4161,0.3686,0.3723,0.4069,0.3796,0.4161,0.3686,0.3825
314,0.3759,0.3759,0.3759,0.3704,0.3832,0.4161,0.3686,0.3723,0.4069,0.3796,0.4161,0.3686,0.3825
315,0.3759,0.3759,0.3759,0.3704,0.3832,0.4161,0.3686,0.3723,0.4069,0.3796,0.4161,0.3686,0.3825
316,0.3759,0.3759,0.3759,0.3704,0.3832,0.4161,0.3686,0.3723,0.4069,0.3796,0.4161,0.3686,0.3825
317,0.3759,0.3759,0.3759,0.3704,0.3832,0.4161,0.3686,0.3723,0.4069,0.3796,0.4161,0.3686,0.3825
318,0.3759,0.3759,0.3759,0.3704,0.3832,0.4161,0.3686,0.3723,0.4069,0.3796,0.4161,0.3686,0.3825
319,0.3759,0.3759,0.3759,0.3704,0.3832,0.4161,0.3686,0.3723,0.4069,0.3796,0.4161,0.3686,0.3825
320,0.3759,0.3759,0.3759,0.3704,0.3832,0.4161,0.3686,0.3723,0.4069,0.3796,0.4161,0.3686,0.3825
321,0.3759,0.3759,0.3759,0.3704,0.3832,0.4161,0.3686,0.3723,0.4069,0.3796,0.4161,0.3686,0.3825
322,0.3759,0.3759,0.3759,0.3704,0.3832,0.4161,0.3686,0.3723,0.4069,0.3796,0.4161,0.3686,0.3825
323,0.3759,0.3759,0.3759,0.3704,0.3832,0.4161,0.3686,0.3723,0.4069,0.3796,0.4161,0.3686,0.3825
324,0.3759,0.3759,0.3759,0.3704,0.3832,0.4161,0.3686,0.3723,0.4069,0.3796,0.4161,0.3686,0.3825
325,0.3759,0.3759,0.3759,0.3704,0.3832,0.4161,0.3686,0.3723,0.4069,0.3796,0.4161,0.3686,0.3825
326,0.3759,0.3759,0.3759,0.3704,0.3832,0.4161,0.3686,0.3723,0.4069,0.3796,0.4161,0.3686,0.3825
327,0.3759,0.3759,0.3759,0.3704,0.3832,0.4161,0.3686,0.3723,0.4069,0.3796,0.4161,0.3686,0.3825
328,0.3759,0.3759,0.3759,0.3704,0.3832,0.4161,0.3686,0.3723,0.4069,0.3796,0.4161,0.3686,0.3825
329,0.3759,0.3759,0.3759,0.3704,0.3832,0.4161,0.3686,0.3723,0.4069,0.3796,0.4161,0.3686,0.3825
330,0.3759,0.3759,0.3759,0.3704,0.3832,0.4161,0.3686,0.3723,0.4069,0.3796,0.4161,0.3686,0.3825
331,0.3759,0.3759,0.3759,0.3704,0.3832,0.4161,0.3686,0.3723,0.4069,0.3796,0.4161,0.3686,0.3825
332,0.3759,0.3759,0.3759,0.3704,0.3832,0.4161,0.3686,0.3723,0.4069,0.3796,0.4161,0.3686,0.3825
333,0.3759,0.3759,0.3759,0.3704,0.3832,0.4161,0.3686,0.3723,0.4069,0.3796,0.4161,0.3686,0.3825
334,0.3759,0.3759,0.3759,0.3704,0.3832,0.4161,0.3686,0.3723,0.4069,0.3796,0.4161,0.3686,0.3825
335,0.3759,0.3759,0.3759,0.3704,0.3832,0.4161,0.3686,0.3723,0.4069,0.3796,0.4161,0.3686,0.3825
336,0.3759,0.3759,0.3759,0.3704,0.3832,0.4161,0.3686,0.3723,0.4069,0.3796,0.4161,0.3686,0.3825
337,0.3759,0.3759,0.3759,0.3704,0.3832,0.4161,0.3686,0.3723,0.4069,0.3796,0.4161,0.3686,0.3825
338,0.3759,0.3759,0.3759,0.3704,0.3832,0.4161,0.3686,0.3723,0.4069,0.3796,0.4161,0.3686,0.3825
339,0.3759,0.3759,0.3759,0.3704,0.3832,0.4161,0.3686,0.3723,0.4069,0.3796,0.4161,0.3686,0.3825
340,0.3759,0.3759,0.3759,0.3704,0.3832,0.4161,0.3686,0.3723,0.4069,0.3796,0.4161,0.3686,0.3825
341,0.3759,0.3759,0.3759,0.3704,0.3832,0.4161,0.3686,0.3723,0.4069,0.3796,0.4161,0.3686,0.3825
342,0.3759,0.3759,0.3759,0.3704,0.3832,0.4161,0.3686,0.3723,0.4069,0.3796,0.4161,0.3686,0.3825
343,0.3759,0.3759,0.3759,0.3704,0.3832,0.4161,0.3686,0.3723,0.4069,0.3796,0.4161,0.3686,0.3825
344,0.3759,0.3759,0.3759,0.3704,0.3832,0.4161,0.3686,0.3723,0.4069,0.3796,0.4161,0.3686,0.3825
345,0.3759,0.3759,0.3759,0.3704,0.3832,0.4161,0.3686,0.3723,0.4069,0.3832,0.4161,0.3686,0.3828
346,0.3759,0.3759,0.3759,0.3704,0.3832,0.4161,0.3686,0.3723,0.4069,0.3832,0.4161,0.3686,0.3828
347,0.3759,0.3759,0.3759,0.3704,0.3832,0.4161,0.3686,0.3723,0.4069,0.3832,0.4161,0.3686,0.3828
348,0.3759,0.3759,0.3759,0.3704,0.3832,0.4161,0.3686,0.3723,0.4069,0.3832,0.4161,0.3686,0.3828
349,0.3759,0.3759,0.3759,0.3704,0.3832,0.4161,0.3686,0.3723,0.4069,0.3832,0.4161,0.3686,0.3828
350,0.3759,0.3759,0.3759,0.3704,0.3832,0.4161,0.3686,0.3723,0.4088,0.3832,0.4161,0.3686,0.383
351,0.3759,0.3759,0.3759,0.3704,0.3832,0.4161,0.3686,0.3723,0.4124,0.3832,0.4161,0.3686,0.3834
352,0.3759,0.3759,0.3759,0.3704,0.3832,0.4161,0.3686,0.3723,0.4124,0.3832,0.4161,0.3686,0.3834
353,0.3759,0.3759,0.3759,0.3704,0.3832,0.4161,0.3686,0.3723,0.4124,0.3832,0.4161,0.3686,0.3834
354,0.3759,0.3759,0.3759,0.3704,0.3832,0.4161,0.3686,0.3723,0.4124,0.3832,0.4161,0.3686,0.3834
355,0.3759,0.3759,0.3759,0.3704,0.3832,0.4161,0.3686,0.3723,0.4124,0.3832,0.4161,0.3686,0.3834
356,0.3759,0.3759,0.3759,0.3704,0.3832,0.4161,0.3686,0.3723,0.4124,0.3832,0.4161,0.3686,0.3834
357,0.3759,0.3759,0.3759,0.3704,0.3832,0.4161,0.3777,0.3723,0.4124,0.3832,0.4161,0.3704,0.3843
358,0.3759,0.3759,0.3759,0.3704,0.3832,0.4161,0.3777,0.3723,0.4124,0.3832,0.4161,0.3704,0.3843
359,0.3759,0.3759,0.3759,0.3704,0.3832,0.4161,0.3777,0.3723,0.4124,0.3832,0.4161,0.3704,0.3843
360,0.3759,0.3759,0.3759,0.3704,0.3832,0.4161,0.3777,0.3723,0.4124,0.3832,0.4161,0.3704,0.3843
361,0.3759,0.3759,0.3759,0.3704,0.3832,0.4161,0.3777,0.3723,0.4124,0.3832,0.4161,0.3704,0.3843
362,0.3759,0.3759,0.3759,0.3704,0.3832,0.4161,0.3777,0.3723,0.4124,0.3832,0.4161,0.3704,0.3843
363,0.3759,0.3759,0.3759,0.3704,0.3832,0.4161,0.3777,0.3723,0.4124,0.3832,0.4161,0.3704,0.3843
364,0.3759,0.3759,0.3759,0.3704,0.3832,0.4161,0.3777,0.3723,0.4124,0.3832,0.4161,0.3704,0.3843
365,0.3759,0.3759,0.3759,0.3704,0.3832,0.4161,0.3777,0.3723,0.4124,0.3832,0.4161,0.3704,0.3843
366,0.3759,0.3759,0.3759,0.3704,0.3832,0.4161,0.3777,0.3723,0.4124,0.3832,0.4161,0.3704,0.3843
367,0.3759,0.3759,0.3759,0.3704,0.3832,0.4161,0.3777,0.3723,0.4124,0.3832,0.4161,0.3704,0.3843
368,0.3759,0.3759,0.3759,0.3704,0.3832,0.4161,0.3777,0.3723,0.4124,0.3832,0.4161,0.3704,0.3843
369,0.3759,0.3759,0.3759,0.3704,0.3832,0.4161,0.3777,0.3723,0.4124,0.3832,0.4161,0.3704,0.3843
370,0.3759,0.3759,0.3759,0.3704,0.3832,0.4161,0.3777,0.3723,0.4124,0.3832,0.4161,0.3704,0.3843
371,0.3759,0.3759,0.3759,0.3704,0.3832,0.4161,0.3777,0.3723,0.4124,0.3832,0.4161,0.3704,0.3843
372,0.3759,0.3759,0.3759,0.3704,0.3832,0.4179,0.3777,0.3723,0.4124,0.3832,0.4179,0.3704,0.3845
373,0.3759,0.3759,0.3759,0.3704,0.3832,0.4179,0.3777,0.3723,0.4124,0.3832,0.4179,0.3704,0.3845
374,0.3759,0.3759,0.3759,0.3704,0.3832,0.4179,0.3777,0.3723,0.4124,0.3832,0.4179,0.3704,0.3845
375,0.3759,0.3759,0.3759,0.3704,0.3832,0.4179,0.3777,0.3723,0.4124,0.3832,0.4179,0.3704,0.3845
376,0.3759,0.3759,0.3759,0.3704,0.3832,0.4179,0.3777,0.3723,0.4124,0.3832,0.4179,0.3704,0.3845
377,0.3759,0.3759,0.3759,0.3704,0.3832,0.4179,0.3777,0.3723,0.4124,0.3832,0.4179,0.3704,0.3845
378,0.3759,0.3759,0.3759,0.3704,0.3832,0.4179,0.3777,0.3723,0.4124,0.3832,0.4179,0.3704,0.3845
379,0.3759,0.3759,0.3759,0.3704,0.3832,0.4179,0.3777,0.3723,0.4124,0.3832,0.4179,0.3704,0.3845
380,0.3759,0.3759,0.3759,0.3704,0.3832,0.4179,0.3777,0.3723,0.4124,0.3832,0.4179,0.3704,0.3845
381,0.3759,0.3759,0.3759,0.3704,0.3832,0.4179,0.3777,0.3723,0.4124,0.3832,0.4179,0.3704,0.3845
382,0.3759,0.3759,0.3759,0.3704,0.3832,0.4179,0.3777,0.3741,0.4124,0.3832,0.4179,0.3704,0.3847
383,0.3759,0.3759,0.3759,0.3704,0.3832,0.4179,0.3777,0.3741,0.4124,0.3832,0.4179,0.3704,0.3847
384,0.3759,0.3759,0.3759,0.3704,0.3832,0.4179,0.3777,0.3741,0.4124,0.3832,0.4179,0.3704,0.3847
385,0.3759,0.3759,0.3759,0.3704,0.3832,0.4179,0.3777,0.3741,0.4124,0.3832,0.4179,0.3704,0.3847
386,0.3759,0.3759,0.3759,0.3704,0.3832,0.4179,0.3777,0.3741,0.4124,0.3832,0.4179,0.3704,0.3847
387,0.3759,0.3759,0.3759,0.3704,0.3832,0.4179,0.3777,0.3741,0.4124,0.3832,0.4179,0.3704,0.3847
388,0.3759,0.3759,0.3759,0.3704,0.3832,0.4179,0.3777,0.3741,0.4124,0.3832,0.4179,0.3704,0.3847
389,0.3759,0.3759,0.3759,0.3704,0.3832,0.4179,0.3777,0.3741,0.4124,0.3832,0.4179,0.3704,0.3847
390,0.3759,0.3759,0.3759,0.3704,0.3832,0.4179,0.3777,0.3741,0.4124,0.3832,0.4179,0.3704,0.3847
391,0.3759,0.3759,0.3759,0.3704,0.3832,0.4179,0.3777,0.3741,0.4124,0.3832,0.4179,0.3704,0.3847
392,0.3759,0.3759,0.3759,0.3704,0.3832,0.4179,0.3814,0.3741,0.4124,0.3832,0.4179,0.3704,0.385
393,0.3759,0.3759,0.3759,0.3704,0.3832,0.4179,0.3814,0.3741,0.4124,0.3832,0.4179,0.3704,0.385
394,0.3759,0.3759,0.3759,0.3704,0.3832,0.4179,0.3814,0.3741,0.4124,0.3832,0.4179,0.3704,0.385
395,0.3759,0.3759,0.3759,0.3704,0.3832,0.4179,0.3814,0.3741,0.4124,0.3832,0.4179,0.3704,0.385
396,0.3759,0.3759,0.3759,0.3704,0.3832,0.4179,0.3814,0.3741,0.4124,0.3832,0.4179,0.3704,0.385
397,0.3759,0.3759,0.3759,0.3704,0.3832,0.4179,0.3814,0.3741,0.4124,0.3832,0.4179,0.3704,0.385
398,0.3759,0.3759,0.3759,0.3704,0.3832,0.4179,0.3814,0.3741,0.4124,0.3832,0.4179,0.3704,0.385
399,0.3759,0.3759,0.3759,0.3704,0.3832,0.4179,0.3814,0.3741,0.4124,0.3832,0.4179,0.3704,0.385
400,0.3759,0.3759,0.3759,0.3704,0.3832,0.4179,0.3814,0.3741,0.4124,0.3832,0.4179,0.3704,0.385
401,0.3759,0.3759,0.3759,0.3704,0.3832,0.4179,0.3814,0.3741,0.4124,0.3832,0.4179,0.3704,0.385
402,0.3759,0.3759,0.3759,0.3704,0.3832,0.4179,0.3814,0.3741,0.4124,0.3832,0.4179,0.3704,0.385
403,0.3759,0.3759,0.3759,0.3704,0.3832,0.4179,0.3814,0.3741,0.4124,0.3832,0.4179,0.3704,0.385
404,0.3759,0.3759,0.3759,0.3704,0.3832,0.4179,0.3814,0.3741,0.4124,0.3832,0.4179,0.3704,0.385
405,0.3759,0.3759,0.3759,0.3704,0.3832,0.4179,0.3814,0.3741,0.4124,0.3832,0.4179,0.3704,0.385
406,0.3759,0.3759,0.3759,0.3704,0.3832,0.4179,0.3814,0.3741,0.4161,0.3832,0.4179,0.3704,0.3854
407,0.3759,0.3759,0.3759,0.3704,0.3832,0.4179,0.3814,0.3741,0.4179,0.3832,0.4179,0.3704,0.3856
408,0.3759,0.3759,0.3759,0.3704,0.3832,0.4179,0.3814,0.3741,0.4179,0.3832,0.4179,0.3704,0.3856
409,0.3759,0.3759,0.3759,0.3704,0.3832,0.4179,0.3814,0.3741,0.4179,0.3832,0.4179,0.3704,0.3856
410,0.3759,0.3759,0.3759,0.3704,0.3832,0.4179,0.3814,0.3741,0.4179,0.3832,0.4179,0.3704,0.3856
411,0.3759,0.3759,0.3759,0.3704,0.3832,0.4179,0.3814,0.3741,0.4179,0.3832,0.4179,0.3704,0.3856
412,0.3759,0.3759,0.3759,0.3704,0.3832,0.4179,0.3814,0.3741,0.4179,0.3832,0.4179,0.3704,0.3856
413,0.3759,0.3759,0.3759,0.3704,0.3832,0.4179,0.3814,0.3741,0.4179,0.3832,0.4179,0.3704,0.3856
414,0.3759,0.3759,0.3759,0.3704,0.3832,0.4179,0.3814,0.3741,0.4179,0.3832,0.4179,0.3704,0.3856
415,0.3759,0.3759,0.3759,0.3704,0.3832,0.4179,0.3814,0.3741,0.4179,0.3832,0.4179,0.3704,0.3856
416,0.3759,0.3759,0.3759,0.3704,0.3832,0.4179,0.3814,0.3741,0.4179,0.3832,0.4179,0.3704,0.3856
417,0.3759,0.3759,0.3759,0.3704,0.3832,0.4179,0.3814,0.3741,0.4179,0.3832,0.4179,0.3704,0.3856
418,0.3759,0.3759,0.3759,0.3704,0.3832,0.4179,0.3814,0.3741,0.4179,0.3832,0.4179,0.3704,0.3856
419,0.3759,0.3759,0.3759,0.3704,0.3832,0.4179,0.3814,0.3741,0.4179,0.3832,0.4179,0.3704,0.3856
420,0.3759,0.3759,0.3759,0.3704,0.3832,0.4179,0.3814,0.3741,0.4179,0.3832,0.4179,0.3704,0.3856
421,0.3759,0.3759,0.3759,0.3704,0.3832,0.4179,0.3814,0.3741,0.4179,0.3832,0.4179,0.3704,0.3856
422,0.3759,0.3759,0.3759,0.3704,0.3832,0.4179,0.3814,0.3741,0.4179,0.3832,0.4179,0.3704,0.3856
423,0.3759,0.3759,0.3759,0.3704,0.3832,0.4179,0.3814,0.3741,0.4179,0.3832,0.4179,0.3704,0.3856
424,0.3759,0.3759,0.3759,0.3704,0.3832,0.4179,0.3814,0.3741,0.4179,0.3832,0.4179,0.3704,0.3856
425,0.3759,0.3759,0.3759,0.3704,0.3832,0.4179,0.3814,0.3741,0.4179,0.3832,0.4179,0.3704,0.3856
426,0.3759,0.3759,0.3759,0.3704,0.3832,0.4179,0.3814,0.3741,0.4179,0.3832,0.4179,0.3704,0.3856
427,0.3759,0.3759,0.3759,0.3704,0.3832,0.4179,0.3814,0.3741,0.4179,0.3832,0.4179,0.3704,0.3856
428,0.3759,0.3759,0.3759,0.3704,0.3832,0.4179,0.3814,0.3741,0.4179,0.3832,0.4179,0.3704,0.3856
429,0.3759,0.3759,0.3759,0.3704,0.3832,0.4179,0.3814,0.3741,0.4179,0.3832,0.4179,0.3704,0.3856
430,0.3759,0.3759,0.3759,0.3704,0.3832,0.4179,0.3814,0.3741,0.4179,0.3832,0.4179,0.3704,0.3856
431,0.3759,0.3759,0.3759,0.3704,0.3832,0.4179,0.3814,0.3741,0.4179,0.3832,0.4179,0.3704,0.3856
432,0.3759,0.3759,0.3759,0.3704,0.3832,0.4179,0.3814,0.3741,0.4179,0.3832,0.4179,0.3704,0.3856
433,0.3759,0.3759,0.3759,0.3704,0.3832,0.4179,0.3814,0.3741,0.4179,0.3832,0.4179,0.3704,0.3856
434,0.3759,0.3759,0.3759,0.3704,0.3832,0.4179,0.3814,0.3741,0.4179,0.3832,0.4179,0.3704,0.3856
435,0.3759,0.3759,0.3759,0.3704,0.3832,0.4179,0.3814,0.3741,0.4179,0.3832,0.4179,0.3704,0.3856
436,0.3759,0.3759,0.3759,0.3704,0.3832,0.4179,0.3814,0.3741,0.4179,0.3832,0.4179,0.3704,0.3856
437,0.3759,0.3759,0.3759,0.3704,0.3832,0.4179,0.3814,0.3741,0.4179,0.3832,0.4179,0.3704,0.3856
438,0.3759,0.3759,0.3759,0.3704,0.3832,0.4179,0.3832,0.3741,0.4179,0.3832,0.4179,0.3704,0.3858
439,0.3759,0.3759,0.3759,0.3704,0.3832,0.4179,0.3832,0.3741,0.4179,0.3832,0.4179,0.3704,0.3858
440,0.3759,0.3759,0.3759,0.3704,0.3832,0.4179,0.3832,0.3741,0.4179,0.3832,0.4179,0.3704,0.3858
441,0.3759,0.3759,0.3759,0.3704,0.3832,0.4179,0.3832,0.3741,0.4179,0.3832,0.4179,0.3704,0.3858
442,0.3759,0.3759,0.3759,0.3704,0.3832,0.4179,0.3832,0.3741,0.4179,0.3832,0.4179,0.3704,0.3858
443,0.3759,0.3759,0.3759,0.3704,0.3832,0.4179,0.3832,0.3741,0.4179,0.3832,0.4179,0.3704,0.3858
444,0.3759,0.3759,0.3759,0.3704,0.3832,0.4179,0.3832,0.3741,0.4179,0.3832,0.4179,0.3704,0.3858
445,0.3759,0.3759,0.3759,0.3704,0.3832,0.4179,0.3832,0.3741,0.4179,0.3832,0.4179,0.3704,0.3858
446,0.3759,0.3759,0.3759,0.3704,0.3832,0.4179,0.3832,0.3741,0.4179,0.3832,0.4179,0.3704,0.3858
447,0.3759,0.3759,0.3759,0.3704,0.3832,0.4179,0.3832,0.3741,0.4179,0.3832,0.4179,0.3704,0.3858
448,0.3759,0.3759,0.3759,0.3704,0.3832,0.4179,0.3832,0.3741,0.4179,0.3832,0.4179,0.3704,0.3858
449,0.3759,0.3759,0.3759,0.3704,0.3832,0.4179,0.3832,0.3741,0.4179,0.3832,0.4179,0.3704,0.3858
450,0.3759,0.3759,0.3759,0.3704,0.3832,0.4179,0.3832,0.3741,0.4179,0.3832,0.4179,0.3704,0.3858
451,0.3759,0.3759,0.3759,0.3704,0.3832,0.4179,0.3832,0.3741,0.4179,0.3832,0.4179,0.3704,0.3858
452,0.3759,0.3759,0.3759,0.3704,0.3832,0.4179,0.3832,0.3741,0.4179,0.3832,0.4179,0.3704,0.3858
453,0.3759,0.3759,0.3759,0.3704,0.3832,0.4179,0.3832,0.3741,0.4179,0.3832,0.4179,0.3704,0.3858
454,0.3759,0.3759,0.3759,0.3704,0.3832,0.4179,0.3832,0.3741,0.4179,0.3832,0.4179,0.3704,0.3858
455,0.3759,0.3759,0.3759,0.3704,0.3832,0.4179,0.3832,0.3741,0.4179,0.3832,0.4179,0.3704,0.3858
456,0.3759,0.3759,0.3759,0.3704,0.3832,0.4179,0.3832,0.3741,0.4179,0.3832,0.4179,0.3704,0.3858
457,0.3759,0.3759,0.3759,0.3704,0.3832,0.4179,0.3832,0.3741,0.4179,0.3832,0.4179,0.3704,0.3858
458,0.3759,0.3759,0.3759,0.3704,0.3832,0.4179,0.3832,0.3741,0.4179,0.3832,0.4179,0.3704,0.3858
459,0.3759,0.3759,0.3759,0.3704,0.3832,0.4179,0.3832,0.3741,0.4179,0.3832,0.4179,0.3704,0.3858
460,0.3759,0.3759,0.3759,0.3704,0.3832,0.4179,0.3832,0.3741,0.4179,0.3832,0.4179,0.3704,0.3858
461,0.3759,0.3759,0.3759,0.3704,0.3832,0.4179,0.3832,0.3741,0.4179,0.3832,0.4179,0.3704,0.3858
462,0.3759,0.3759,0.3759,0.3704,0.3832,0.4179,0.3832,0.3741,0.4179,0.3832,0.4179,0.3704,0.3858
463,0.3759,0.3759,0.3759,0.3704,0.3832,0.4179,0.3832,0.3741,0.4179,0.3832,0.4179,0.3704,0.3858
464,0.3759,0.3759,0.3759,0.3704,0.3832,0.4179,0.3832,0.3741,0.4179,0.3832,0.4179,0.3704,0.3858
465,0.3759,0.3759,0.3759,0.3704,0.3832,0.4179,0.3832,0.3741,0.4179,0.3832,0.4179,0.3704,0.3858
466,0.3759,0.3759,0.3759,0.3704,0.3832,0.4179,0.3832,0.3741,0.4179,0.3832,0.4179,0.3704,0.3858
467,0.3759,0.3759,0.3759,0.3704,0.3832,0.4179,0.3832,0.3741,0.4179,0.3832,0.4179,0.3704,0.3858
468,0.3759,0.3759,0.3759,0.3704,0.3832,0.4179,0.3832,0.3741,0.4179,0.3832,0.4179,0.3704,0.3858
469,0.3777,0.3759,0.3759,0.3704,0.3832,0.4179,0.3832,0.3741,0.4179,0.3832,0.4179,0.3704,0.3859
470,0.3777,0.3759,0.3759,0.3704,0.3832,0.4179,0.3832,0.3741,0.4179,0.3832,0.4179,0.3704,0.3859
471,0.3777,0.3759,0.3759,0.3704,0.3832,0.4179,0.3832,0.3741,0.4179,0.3832,0.4179,0.3704,0.3859
472,0.3777,0.3759,0.3759,0.3704,0.4124,0.4179,0.3832,0.3741,0.4179,0.3832,0.4179,0.3704,0.3889
473,0.3777,0.3759,0.3759,0.3704,0.4142,0.4179,0.3832,0.3741,0.4179,0.385,0.4179,0.3704,0.3892
474,0.3777,0.3759,0.3759,0.3704,0.4142,0.4179,0.3832,0.3741,0.4179,0.385,0.4179,0.3704,0.3892
475,0.3814,0.3759,0.3759,0.3704,0.4142,0.4179,0.3832,0.3741,0.4179,0.385,0.4179,0.3704,0.3896
476,0.3814,0.3759,0.3759,0.3704,0.4142,0.4179,0.3832,0.3741,0.4179,0.385,0.4179,0.3704,0.3896
477,0.3814,0.3759,0.3759,0.3704,0.4161,0.4179,0.3832,0.3741,0.4179,0.385,0.4179,0.3704,0.3898
478,0.3814,0.3759,0.3759,0.3704,0.4161,0.4179,0.3832,0.3741,0.4179,0.385,0.4179,0.3704,0.3898
479,0.3814,0.3759,0.3759,0.3704,0.4161,0.4179,0.3832,0.3741,0.4179,0.385,0.4179,0.3704,0.3898
480,0.3814,0.3759,0.3759,0.3704,0.4161,0.4179,0.3832,0.3741,0.4179,0.385,0.4179,0.3704,0.3898
481,0.3814,0.3759,0.3759,0.3704,0.4161,0.4179,0.3832,0.3741,0.4179,0.385,0.4179,0.3704,0.3898
482,0.3814,0.3759,0.3759,0.3704,0.4161,0.4179,0.3832,0.3741,0.4179,0.385,0.4179,0.3704,0.3898
483,0.3814,0.3759,0.3759,0.3704,0.4161,0.4179,0.3832,0.3741,0.4179,0.385,0.4179,0.3704,0.3898
484,0.3814,0.3759,0.3759,0.3704,0.4161,0.4179,0.3832,0.3741,0.4179,0.385,0.4179,0.3704,0.3898
485,0.3814,0.3759,0.3759,0.3704,0.4161,0.4179,0.3832,0.3741,0.4179,0.385,0.4179,0.3704,0.3898
486,0.3814,0.3759,0.3759,0.3704,0.4161,0.4179,0.3832,0.3741,0.4179,0.385,0.4179,0.3704,0.3898
487,0.3814,0.3759,0.3759,0.3759,0.4161,0.4179,0.3832,0.3741,0.4179,0.385,0.4179,0.3741,0.3903
488,0.3814,0.3759,0.3759,0.3759,0.4161,0.4179,0.3832,0.3741,0.4179,0.385,0.4179,0.3741,0.3903
489,0.3814,0.3759,0.3759,0.3759,0.4161,0.4179,0.3832,0.3741,0.4179,0.385,0.4179,0.3741,0.3903
490,0.3814,0.3759,0.3759,0.3759,0.4161,0.4179,0.3832,0.3741,0.4179,0.385,0.4179,0.3741,0.3903
491,0.3814,0.3759,0.3759,0.3759,0.4161,0.4179,0.3832,0.3741,0.4179,0.385,0.4179,0.3741,0.3903
492,0.3814,0.3759,0.3759,0.3759,0.4161,0.4179,0.3832,0.3741,0.4179,0.385,0.4179,0.3741,0.3903
493,0.3814,0.3759,0.3759,0.3759,0.4161,0.4179,0.3832,0.3741,0.4179,0.385,0.4179,0.3741,0.3903
494,0.3814,0.3759,0.3759,0.3759,0.4161,0.4179,0.3832,0.3741,0.4179,0.385,0.4179,0.3741,0.3903
495,0.3814,0.3759,0.3759,0.3759,0.4161,0.4179,0.3832,0.3741,0.4179,0.385,0.4179,0.3741,0.3903
496,0.3814,0.3759,0.3759,0.3759,0.4161,0.4179,0.3832,0.3741,0.4179,0.385,0.4179,0.3741,0.3903
497,0.3814,0.3759,0.3759,0.3759,0.4161,0.4179,0.3832,0.3741,0.4179,0.385,0.4179,0.3741,0.3903
498,0.3814,0.3759,0.3759,0.3759,0.4161,0.4179,0.3832,0.3741,0.4179,0.385,0.4179,0.3741,0.3903
499,0.3814,0.3759,0.3759,0.3759,0.4161,0.4179,0.3832,0.3741,0.4179,0.385,0.4179,0.3741,0.3903
500,0.3814,0.3759,0.3759,0.3759,0.4161,0.4179,0.3832,0.3741,0.4179,0.385,0.4179,0.3741,0.3903
501,0.3814,0.3759,0.3759,0.3759,0.4161,0.4179,0.3832,0.3741,0.4179,0.385,0.4179,0.3741,0.3903
502,0.3814,0.3759,0.3759,0.3759,0.4161,0.4179,0.3832,0.3741,0.4179,0.385,0.4179,0.3741,0.3903
503,0.3814,0.3759,0.3759,0.3759,0.4161,0.4179,0.3832,0.3741,0.4179,0.385,0.4179,0.3741,0.3903
504,0.3814,0.3759,0.3759,0.3759,0.4161,0.4179,0.3832,0.3741,0.4179,0.385,0.4179,0.3741,0.3903
505,0.3814,0.3759,0.3759,0.3759,0.4161,0.4179,0.3832,0.3741,0.4179,0.385,0.4179,0.3741,0.3903
506,0.3814,0.3759,0.3759,0.3759,0.4161,0.4179,0.3832,0.3741,0.4179,0.385,0.4179,0.3741,0.3903
507,0.3814,0.3759,0.3759,0.3759,0.4161,0.4179,0.3832,0.3741,0.4179,0.385,0.4179,0.3741,0.3903
508,0.3814,0.3759,0.3759,0.3759,0.4161,0.4179,0.3832,0.3741,0.4179,0.385,0.4179,0.3741,0.3903
509,0.3814,0.3759,0.3759,0.3759,0.4161,0.4179,0.3832,0.3741,0.4179,0.385,0.4179,0.3741,0.3903
510,0.3814,0.3759,0.3759,0.3759,0.4161,0.4179,0.3832,0.3741,0.4179,0.385,0.4179,0.3741,0.3903
511,0.3814,0.3759,0.3759,0.3759,0.4161,0.4179,0.3832,0.3741,0.4179,0.385,0.4179,0.3741,0.3903
512,0.3814,0.3759,0.3759,0.3759,0.4161,0.4179,0.3832,0.3741,0.4179,0.385,0.4179,0.3741,0.3903
513,0.3814,0.3759,0.3759,0.3759,0.4161,0.4179,0.3832,0.3741,0.4179,0.385,0.4179,0.3741,0.3903
514,0.3814,0.3759,0.3759,0.3759,0.4161,0.4179,0.3832,0.3741,0.4179,0.385,0.4179,0.3741,0.3903
515,0.3814,0.3759,0.3759,0.3759,0.4161,0.4179,0.3832,0.3741,0.4179,0.385,0.4179,0.3741,0.3903
516,0.3814,0.3759,0.3759,0.3759,0.4161,0.4179,0.3832,0.3741,0.4179,0.385,0.4179,0.3741,0.3903
517,0.3814,0.3759,0.3759,0.3759,0.4161,0.4179,0.3832,0.3741,0.4179,0.385,0.4179,0.3741,0.3903
518,0.3814,0.3759,0.3759,0.3759,0.4161,0.4179,0.3832,0.3741,0.4179,0.385,0.4179,0.3741,0.3903
519,0.3814,0.3759,0.3759,0.3759,0.4161,0.4179,0.3832,0.3741,0.4179,0.385,0.4179,0.3741,0.3903
520,0.3814,0.3759,0.3759,0.3759,0.4161,0.4179,0.3832,0.3741,0.4179,0.385,0.4179,0.3741,0.3903
521,0.3814,0.3759,0.3759,0.3759,0.4161,0.4179,0.3832,0.3741,0.4179,0.385,0.4179,0.3741,0.3903
522,0.3814,0.3759,0.3759,0.3759,0.4161,0.4179,0.3832,0.3741,0.4179,0.385,0.4179,0.3741,0.3903
523,0.3814,0.3759,0.3759,0.3759,0.4161,0.4179,0.3832,0.3741,0.4179,0.385,0.4179,0.3741,0.3903
524,0.3814,0.3759,0.3759,0.3759,0.4161,0.4179,0.3832,0.3741,0.4179,0.385,0.4179,0.3741,0.3903
525,0.3814,0.3759,0.3759,0.3759,0.4161,0.4179,0.3832,0.3741,0.4179,0.385,0.4179,0.3741,0.3903
526,0.3814,0.3759,0.3759,0.3759,0.4161,0.4179,0.3832,0.3741,0.4179,0.385,0.4179,0.3741,0.3903
527,0.3814,0.3759,0.3759,0.3759,0.4161,0.4179,0.3832,0.3741,0.4179,0.385,0.4179,0.3741,0.3903
528,0.3814,0.3759,0.3759,0.3759,0.4161,0.4179,0.3832,0.3741,0.4179,0.385,0.4179,0.3741,0.3903
529,0.3814,0.3759,0.3759,0.3759,0.4161,0.4179,0.3832,0.3741,0.4179,0.385,0.4179,0.3741,0.3903
530,0.3814,0.3759,0.3759,0.3759,0.4161,0.4179,0.3832,0.3741,0.4179,0.385,0.4179,0.3741,0.3903
531,0.3814,0.3759,0.3759,0.3759,0.4161,0.4179,0.3832,0.3741,0.4179,0.385,0.4179,0.3741,0.3903
532,0.3814,0.3759,0.3759,0.3759,0.4161,0.4179,0.3832,0.3741,0.4179,0.385,0.4179,0.3741,0.3903
533,0.3814,0.3759,0.3759,0.3759,0.4161,0.4179,0.3832,0.3741,0.4179,0.385,0.4179,0.3741,0.3903
534,0.3814,0.3759,0.3759,0.3759,0.4161,0.4179,0.3832,0.3741,0.4179,0.385,0.4179,0.3741,0.3903
535,0.3814,0.3759,0.3759,0.3759,0.4161,0.4179,0.3832,0.3741,0.4179,0.385,0.4179,0.3741,0.3903
536,0.3814,0.3759,0.3759,0.3759,0.4161,0.4179,0.3832,0.3741,0.4179,0.385,0.4179,0.3741,0.3903
537,0.3814,0.3759,0.3759,0.3759,0.4161,0.4179,0.3832,0.3741,0.4179,0.385,0.4179,0.3741,0.3903
538,0.3814,0.3759,0.3759,0.3759,0.4161,0.4179,0.3832,0.3741,0.4179,0.385,0.4179,0.3741,0.3903
539,0.3814,0.3759,0.3759,0.3759,0.4161,0.4179,0.3832,0.3741,0.4179,0.385,0.4179,0.3741,0.3903
540,0.3814,0.3759,0.3759,0.3759,0.4161,0.4179,0.3832,0.3741,0.4179,0.385,0.4179,0.3741,0.3903
541,0.3814,0.3759,0.3759,0.3759,0.4161,0.4179,0.3832,0.3741,0.4179,0.385,0.4179,0.3741,0.3903
542,0.3814,0.3759,0.3759,0.3759,0.4161,0.4179,0.3832,0.3741,0.4179,0.385,0.4179,0.3741,0.3903
543,0.3814,0.3759,0.3759,0.3759,0.4161,0.4179,0.3832,0.3741,0.4179,0.385,0.4179,0.3741,0.3903
544,0.3814,0.3759,0.3759,0.3759,0.4161,0.4179,0.3832,0.3741,0.4179,0.385,0.4179,0.3741,0.3903
545,0.3814,0.3759,0.3759,0.3759,0.4161,0.4179,0.3832,0.3741,0.4179,0.385,0.4179,0.3741,0.3903
546,0.3814,0.3759,0.3759,0.3759,0.4161,0.4179,0.3832,0.3741,0.4179,0.385,0.4179,0.3741,0.3903
547,0.3814,0.3759,0.3759,0.3759,0.4161,0.4179,0.3832,0.3741,0.4179,0.385,0.4179,0.3741,0.3903
548,0.3814,0.3759,0.3759,0.3759,0.4161,0.4179,0.3832,0.3741,0.4179,0.385,0.4179,0.3741,0.3903
549,0.3814,0.3759,0.3759,0.3759,0.4161,0.4179,0.3832,0.3741,0.4179,0.385,0.4179,0.3741,0.3903
550,0.3814,0.3759,0.3759,0.3759,0.4161,0.4179,0.3832,0.3741,0.4179,0.385,0.4179,0.3741,0.3903
551,0.3814,0.3759,0.3759,0.3759,0.4161,0.4179,0.3832,0.3741,0.4179,0.385,0.4179,0.3741,0.3903
552,0.3814,0.3759,0.3759,0.3759,0.4161,0.4179,0.3832,0.3741,0.4179,0.385,0.4179,0.3741,0.3903
553,0.3814,0.3759,0.3759,0.3759,0.4161,0.4179,0.3832,0.3741,0.4179,0.385,0.4179,0.3741,0.3903
554,0.3814,0.3759,0.3759,0.3759,0.4161,0.4179,0.3832,0.3741,0.4179,0.385,0.4179,0.3741,0.3903
555,0.3814,0.3759,0.3759,0.3759,0.4161,0.4179,0.3832,0.3741,0.4179,0.385,0.4179,0.3741,0.3903
556,0.3814,0.3759,0.3759,0.3759,0.4161,0.4179,0.3832,0.3741,0.4179,0.385,0.4179,0.3741,0.3903
557,0.3814,0.3759,0.3759,0.3759,0.4161,0.4179,0.3832,0.3741,0.4179,0.385,0.4179,0.3741,0.3903
558,0.3814,0.3759,0.3759,0.3759,0.4161,0.4179,0.3832,0.3741,0.4179,0.385,0.4179,0.3741,0.3903
559,0.3814,0.3759,0.3759,0.3759,0.4161,0.4179,0.3832,0.3741,0.4179,0.385,0.4179,0.3741,0.3903
560,0.3814,0.3759,0.3759,0.3759,0.4161,0.4179,0.3832,0.3741,0.4179,0.385,0.4179,0.3741,0.3903
561,0.3814,0.3759,0.3759,0.3759,0.4161,0.4179,0.3832,0.3741,0.4179,0.385,0.4179,0.3741,0.3903
562,0.3814,0.3759,0.3759,0.3759,0.4161,0.4179,0.3832,0.3741,0.4179,0.385,0.4179,0.3741,0.3903
563,0.3814,0.3759,0.3759,0.3759,0.4161,0.4179,0.3832,0.3741,0.4179,0.385,0.4179,0.3741,0.3903
564,0.3814,0.3759,0.3759,0.3759,0.4161,0.4179,0.3832,0.3741,0.4179,0.385,0.4179,0.3741,0.3903
565,0.3814,0.3759,0.3759,0.3759,0.4161,0.4179,0.3832,0.3741,0.4179,0.385,0.4179,0.3741,0.3903
566,0.3814,0.3759,0.3759,0.3759,0.4161,0.4179,0.3832,0.3741,0.4179,0.385,0.4179,0.3741,0.3903
567,0.3814,0.3759,0.3759,0.3759,0.4161,0.4179,0.3832,0.3741,0.4179,0.385,0.4179,0.3741,0.3903
568,0.3814,0.3759,0.3759,0.3759,0.4161,0.4179,0.3832,0.3741,0.4179,0.385,0.4179,0.3741,0.3903
569,0.3814,0.3759,0.3759,0.3759,0.4161,0.4179,0.3832,0.3741,0.4179,0.385,0.4179,0.3741,0.3903
570,0.3814,0.3759,0.3759,0.3759,0.4161,0.4179,0.3832,0.3741,0.4179,0.385,0.4179,0.3741,0.3903
571,0.3814,0.3759,0.3759,0.3759,0.4161,0.4179,0.3832,0.3741,0.4179,0.385,0.4179,0.3741,0.3903
572,0.3814,0.3759,0.3759,0.3759,0.4161,0.4179,0.3832,0.3741,0.4179,0.385,0.4179,0.3741,0.3903
573,0.3814,0.3759,0.3759,0.3759,0.4161,0.4179,0.3832,0.3741,0.4179,0.385,0.4179,0.3741,0.3903
574,0.3814,0.3759,0.3759,0.3759,0.4161,0.4179,0.3832,0.3741,0.4179,0.385,0.4179,0.3741,0.3903
575,0.3814,0.3759,0.3759,0.3759,0.4161,0.4179,0.3832,0.3741,0.4179,0.385,0.4179,0.3741,0.3903
576,0.3814,0.3759,0.3759,0.3759,0.4161,0.4179,0.3832,0.3741,0.4179,0.385,0.4179,0.3741,0.3903
577,0.3814,0.3759,0.3759,0.3759,0.4161,0.4179,0.3832,0.3741,0.4179,0.385,0.4179,0.3741,0.3903
578,0.3814,0.3759,0.3759,0.3759,0.4161,0.4179,0.3832,0.3741,0.4179,0.385,0.4179,0.3741,0.3903
579,0.3814,0.3759,0.3759,0.3759,0.4161,0.4179,0.3832,0.3741,0.4179,0.385,0.4179,0.3741,0.3903
580,0.3814,0.3759,0.3759,0.3759,0.4161,0.4179,0.3832,0.3741,0.4179,0.385,0.4179,0.3741,0.3903
581,0.3814,0.3759,0.3759,0.3759,0.4161,0.4179,0.3832,0.3741,0.4179,0.385,0.4179,0.3741,0.3903
582,0.3814,0.3759,0.3759,0.3759,0.4161,0.4179,0.3832,0.3741,0.4179,0.385,0.4179,0.3741,0.3903
583,0.3814,0.3759,0.3759,0.3759,0.4161,0.4179,0.3832,0.3741,0.4179,0.385,0.4179,0.3741,0.3903
584,0.3814,0.3759,0.3759,0.3759,0.4161,0.4179,0.3832,0.3741,0.4179,0.385,0.4179,0.3741,0.3903
585,0.3814,0.3759,0.3759,0.3759,0.4161,0.4179,0.3832,0.3741,0.4179,0.385,0.4179,0.3741,0.3903
586,0.3814,0.3759,0.3759,0.3759,0.4161,0.4179,0.3832,0.3741,0.4179,0.385,0.4179,0.3741,0.3903
587,0.3814,0.3759,0.3759,0.3759,0.4161,0.4179,0.3832,0.3741,0.4179,0.385,0.4179,0.3741,0.3903
588,0.3814,0.3759,0.3759,0.3759,0.4161,0.4179,0.3832,0.3741,0.4179,0.385,0.4179,0.3741,0.3903
589,0.3814,0.3759,0.3759,0.3759,0.4161,0.4179,0.3832,0.3741,0.4179,0.385,0.4179,0.3741,0.3903
590,0.3814,0.3759,0.3759,0.3759,0.4161,0.4179,0.3832,0.3741,0.4179,0.385,0.4179,0.3741,0.3903
591,0.3814,0.3759,0.3759,0.3759,0.4161,0.4179,0.3832,0.3741,0.4179,0.385,0.4179,0.3741,0.3903
592,0.3814,0.3759,0.3759,0.3759,0.4161,0.4179,0.3832,0.3741,0.4179,0.385,0.4179,0.3741,0.3903
593,0.3814,0.3759,0.3759,0.3759,0.4161,0.4179,0.3832,0.3741,0.4179,0.3869,0.4179,0.3741,0.3905
594,0.3814,0.3759,0.3759,0.3759,0.4161,0.4179,0.3832,0.3741,0.4179,0.3869,0.4179,0.3741,0.3905
595,0.3814,0.3759,0.3759,0.3759,0.4161,0.4179,0.3832,0.3741,0.4179,0.3869,0.4179,0.3741,0.3905
596,0.3814,0.3759,0.3759,0.3759,0.4161,0.4179,0.3832,0.3741,0.4179,0.3869,0.4179,0.3741,0.3905
597,0.3814,0.3759,0.3759,0.3759,0.4161,0.4179,0.3832,0.3741,0.4179,0.3869,0.4179,0.3741,0.3905
598,0.3814,0.3759,0.3759,0.3759,0.4161,0.4179,0.3832,0.3741,0.4179,0.3869,0.4179,0.3741,0.3905
599,0.3814,0.3759,0.3759,0.3777,0.4161,0.4179,0.3832,0.3741,0.4179,0.3869,0.4179,0.3741,0.3907
600,0.3814,0.3759,0.3759,0.3777,0.4161,0.4179,0.3832,0.3741,0.4179,0.3869,0.4179,0.3741,0.3907
601,0.3814,0.3759,0.3759,0.3777,0.4161,0.4179,0.3832,0.3741,0.4179,0.3869,0.4179,0.3741,0.3907
602,0.3814,0.3759,0.3759,0.3777,0.4161,0.4179,0.3832,0.3741,0.4179,0.3869,0.4179,0.3741,0.3907
603,0.3814,0.3759,0.3759,0.3777,0.4161,0.4179,0.3832,0.3741,0.4179,0.3869,0.4179,0.3741,0.3907
604,0.3814,0.3759,0.3759,0.3777,0.4161,0.4179,0.3832,0.3741,0.4179,0.3869,0.4179,0.3741,0.3907
605,0.3814,0.3759,0.3814,0.3777,0.4161,0.4179,0.3832,0.3741,0.4179,0.3869,0.4179,0.3741,0.3912
606,0.3814,0.3759,0.3814,0.3777,0.4161,0.4179,0.3832,0.3741,0.4179,0.3869,0.4179,0.3741,0.3912
607,0.3814,0.3759,0.3814,0.3777,0.4161,0.4179,0.3832,0.3741,0.4179,0.3869,0.4179,0.3741,0.3912
1207,0.427,0.3905,0.3887,0.3832,0.4215,0.4215,0.385,0.3796,0.4653,0.3887,0.4653,0.3796,0.4051
1807,0.469,0.3923,0.4033,0.3887,0.427,0.4234,0.3869,0.3832,0.4653,0.3887,0.469,0.3832,0.4128
2407,0.469,0.4215,0.4033,0.3887,0.427,0.4234,0.3869,0.3923,0.4653,0.4234,0.469,0.3869,0.4201
3007,0.469,0.4215,0.4051,0.3887,0.427,0.4234,0.3869,0.469,0.4653,0.4234,0.469,0.3869,0.4279
3607,0.469,0.4215,0.4051,0.4234,0.427,0.4234,0.3869,0.469,0.4653,0.4234,0.469,0.3869,0.4314
4207,0.469,0.4215,0.4325,0.4234,0.4325,0.4234,0.3869,0.469,0.4653,0.4234,0.469,0.3869,0.4347
4807,0.469,0.4215,0.4325,0.4234,0.4325,0.4234,0.3869,0.4745,0.4653,0.4234,0.4745,0.3869,0.4352
5407,0.4726,0.4215,0.4325,0.427,0.4325,0.4234,0.4215,0.4745,0.4653,0.4288,0.4745,0.4215,0.44
6007,0.4726,0.4215,0.4325,0.427,0.4325,0.4234,0.4234,0.4745,0.4653,0.4325,0.4745,0.4215,0.4405
6607,0.4726,0.427,0.4325,0.427,0.4325,0.4234,0.4234,0.4745,0.4653,0.4325,0.4745,0.4234,0.4411
7207,0.4726,0.427,0.4325,0.427,0.4325,0.4234,0.427,0.4745,0.469,0.4325,0.4745,0.4234,0.4418
7807,0.4726,0.427,0.4471,0.427,0.4325,0.427,0.427,0.4745,0.469,0.4325,0.4745,0.427,0.4436
8407,0.4726,0.427,0.4471,0.4325,0.4325,0.4325,0.427,0.4745,0.469,0.4325,0.4745,0.427,0.4447
9007,0.4726,0.427,0.4471,0.4325,0.4325,0.4325,0.427,0.4745,0.469,0.4325,0.4745,0.427,0.4447
9607,0.4726,0.469,0.4799,0.4325,0.4325,0.4325,0.427,0.4745,0.469,0.4325,0.4799,0.427,0.4522
10207,0.4726,0.469,0.4799,0.4325,0.4325,0.4343,0.427,0.4745,0.469,0.4325,0.4799,0.427,0.4524
10807,0.4726,0.469,0.4799,0.4343,0.4325,0.4343,0.427,0.4745,0.469,0.4325,0.4799,0.427,0.4526
11407,0.4781,0.469,0.4799,0.4343,0.4325,0.4343,0.427,0.4745,0.469,0.4325,0.4799,0.427,0.4531
12007,0.4781,0.469,0.4799,0.4343,0.4325,0.4489,0.427,0.4745,0.469,0.4325,0.4799,0.427,0.4546
12607,0.4781,0.469,0.4799,0.4343,0.4325,0.4489,0.4307,0.4745,0.469,0.4325,0.4799,0.4307,0.4549
13207,0.4781,0.469,0.4799,0.4343,0.4325,0.4489,0.4361,0.4745,0.469,0.4325,0.4799,0.4325,0.4555
13807,0.4799,0.469,0.4799,0.4343,0.4325,0.4799,0.4361,0.4745,0.469,0.4325,0.4799,0.4325,0.4588
14407,0.4836,0.469,0.4799,0.4343,0.4325,0.4799,0.4361,0.4745,0.4763,0.4471,0.4836,0.4325,0.4613
15007,0.4836,0.469,0.4799,0.4343,0.4325,0.4799,0.438,0.4745,0.4763,0.4471,0.4836,0.4325,0.4615
15607,0.4836,0.469,0.4799,0.4343,0.4325,0.4799,0.438,0.4745,0.4891,0.4471,0.4891,0.4325,0.4628
16207,0.4836,0.469,0.4799,0.4343,0.4325,0.4799,0.438,0.4745,0.4891,0.4544,0.4891,0.4325,0.4635
16807,0.4836,0.469,0.4799,0.4343,0.4489,0.4799,0.438,0.4745,0.4891,0.4544,0.4891,0.4343,0.4652
17407,0.4836,0.469,0.4799,0.4343,0.4599,0.4799,0.438,0.4745,0.4891,0.4544,0.4891,0.4343,0.4663
18007,0.4836,0.469,0.4799,0.4343,0.4599,0.4799,0.438,0.4745,0.4891,0.4562,0.4891,0.4343,0.4664
18607,0.4836,0.469,0.4799,0.4343,0.4599,0.4799,0.438,0.4745,0.4891,0.4562,0.4891,0.4343,0.4664
19207,0.4836,0.469,0.4799,0.4343,0.4599,0.4799,0.438,0.4745,0.4891,0.4562,0.4891,0.4343,0.4664
19807,0.4909,0.469,0.4799,0.4343,0.4927,0.5109,0.438,0.4745,0.4891,0.4945,0.5109,0.4343,0.4774
20407,0.4909,0.469,0.4799,0.4343,0.4927,0.5109,0.438,0.4745,0.4891,0.4945,0.5109,0.4343,0.4774
21007,0.4909,0.469,0.4799,0.4343,0.4927,0.5109,0.438,0.4745,0.4891,0.4945,0.5109,0.4343,0.4774
21607,0.4909,0.469,0.4799,0.4343,0.4927,0.5109,0.438,0.4745,0.4891,0.4945,0.5109,0.4343,0.4774
22207,0.5018,0.469,0.4799,0.4343,0.4927,0.5109,0.438,0.4745,0.4891,0.4945,0.5109,0.4343,0.4785
22807,0.5018,0.469,0.4818,0.4343,0.4927,0.5109,0.4489,0.4745,0.4891,0.4945,0.5109,0.4343,0.4798
23407,0.5018,0.469,0.4799,0.4343,0.4927,0.5109,0.4489,0.4745,0.4891,0.4945,0.5109,0.4343,0.4796
24007,0.5018,0.469,0.4799,0.4343,0.4927,0.5109,0.4489,0.4745,0.4891,0.4945,0.5109,0.4343,0.4796
24607,0.5018,0.469,0.4799,0.4343,0.4927,0.5109,0.4489,0.4745,0.4891,0.4945,0.5109,0.4343,0.4796
24608,0.5018,0.469,0.4799,0.4343,0.4927,0.5109,0.4489,0.4745,0.4891,0.4945,0.5109,0.4343,0.4796
25207,0.5018,0.469,0.4799,0.4343,0.4927,0.5182,0.4489,0.4745,0.4891,0.4964,0.5182,0.4343,0.4805
25208,0.5018,0.469,0.4799,0.4343,0.4927,0.5182,0.4489,0.4745,0.4891,0.4964,0.5182,0.4343,0.4805
25807,0.5018,0.469,0.4799,0.4343,0.4927,0.5182,0.4489,0.4745,0.4891,0.4964,0.5182,0.4343,0.4805
25808,0.5018,0.469,0.4799,0.4343,0.4927,0.5182,0.4489,0.4745,0.4891,0.4964,0.5182,0.4343,0.4805
26407,0.5018,0.469,0.4799,0.4343,0.4927,0.5182,0.4489,0.4745,0.4891,0.4964,0.5182,0.4343,0.4805
26408,0.5018,0.469,0.4799,0.4343,0.4927,0.5182,0.4489,0.4745,0.4891,0.5,0.5182,0.4343,0.4808
27007,0.5018,0.469,0.4799,0.4343,0.4927,0.5182,0.4489,0.4745,0.4891,0.5,0.5182,0.4343,0.4808
27008,0.5018,0.469,0.4799,0.4343,0.4927,0.5182,0.4489,0.4745,0.4891,0.5,0.5182,0.4343,0.4808
27607,0.5018,0.469,0.4799,0.4343,0.4927,0.5182,0.4489,0.4745,0.4891,0.5,0.5182,0.4343,0.4808
27608,0.5018,0.469,0.4799,0.4343,0.4927,0.5182,0.4489,0.4745,0.4891,0.5,0.5182,0.4343,0.4808
28207,0.5018,0.469,0.4799,0.4343,0.4927,0.5182,0.4489,0.4745,0.4891,0.5,0.5182,0.4343,0.4808
28208,0.5018,0.469,0.4799,0.4343,0.4927,0.5182,0.4489,0.4745,0.4891,0.5,0.5182,0.4343,0.4808
28807,0.5018,0.469,0.4799,0.4343,0.4927,0.5182,0.4872,0.4745,0.4891,0.5,0.5182,0.4343,0.4847
28808,0.5018,0.469,0.4799,0.4343,0.4927,0.5182,0.4872,0.4745,0.4891,0.5,0.5182,0.4343,0.4847
29407,0.5018,0.469,0.4799,0.4343,0.4927,0.5182,0.4872,0.4745,0.4891,0.5,0.5182,0.4343,0.4847
29408,0.5018,0.469,0.4799,0.4343,0.4927,0.5182,0.4872,0.4745,0.4891,0.5,0.5182,0.4343,0.4847
30007,0.5018,0.469,0.4799,0.4343,0.4927,0.5182,0.4982,0.4745,0.4891,0.5,0.5182,0.4343,0.4858
30008,0.5018,0.469,0.4799,0.4343,0.4927,0.5182,0.4982,0.4745,0.4891,0.5,0.5182,0.4343,0.4858
30607,0.5018,0.469,0.4799,0.4343,0.4927,0.5182,0.4982,0.4745,0.4891,0.5,0.5182,0.4343,0.4858
30608,0.5018,0.4745,0.4799,0.4343,0.4927,0.5182,0.4982,0.4745,0.4891,0.5,0.5182,0.4343,0.4863
31207,0.5018,0.4745,0.4799,0.4343,0.4927,0.5182,0.4982,0.4745,0.4891,0.5,0.5182,0.4343,0.4863
31208,0.5018,0.5201,0.4799,0.4343,0.4927,0.5182,0.4982,0.4745,0.4891,0.5,0.5201,0.4343,0.4909
31807,0.5018,0.5201,0.4799,0.4343,0.4927,0.5182,0.4982,0.4745,0.4891,0.5,0.5201,0.4343,0.4909
31808,0.5018,0.5201,0.4799,0.4343,0.4927,0.5182,0.4982,0.4745,0.4891,0.5,0.5201,0.4343,0.4909
32407,0.5328,0.5201,0.4799,0.4343,0.5237,0.5182,0.4982,0.4745,0.4891,0.5,0.5328,0.4343,0.4971
32408,0.5328,0.5219,0.4799,0.4489,0.5237,0.5182,0.4982,0.4745,0.4891,0.5,0.5328,0.4489,0.4987
33007,0.5639,0.5219,0.4799,0.4489,0.5383,0.5182,0.4982,0.4745,0.4891,0.5,0.5639,0.4489,0.5033
33008,0.5639,0.5237,0.4799,0.4489,0.5383,0.5182,0.4982,0.4745,0.4891,0.5,0.5639,0.4489,0.5035
33607,0.5639,0.5237,0.4799,0.4489,0.5383,0.5182,0.4982,0.4745,0.4891,0.5,0.5639,0.4489,0.5035
33608,0.5639,0.5237,0.4799,0.4489,0.5383,0.5182,0.4982,0.4745,0.4891,0.5,0.5639,0.4489,0.5035
34207,0.5639,0.5237,0.4799,0.4489,0.5383,0.5182,0.4982,0.4745,0.4891,0.5,0.5639,0.4489,0.5035
34208,0.5639,0.5237,0.4799,0.4489,0.5383,0.5182,0.4982,0.4745,0.4891,0.5,0.5639,0.4489,0.5035
34807,0.5693,0.5237,0.4799,0.4489,0.5383,0.5182,0.4982,0.4745,0.4891,0.5,0.5693,0.4489,0.504
34808,0.5693,0.5237,0.4799,0.4489,0.5383,0.5182,0.4982,0.4745,0.4891,0.5,0.5693,0.4489,0.504
35407,0.5693,0.5237,0.4799,0.4489,0.5383,0.5182,0.5274,0.4745,0.4891,0.5,0.5693,0.4489,0.5069
35408,0.5693,0.5237,0.4799,0.4489,0.5383,0.5182,0.5274,0.4745,0.4891,0.5,0.5693,0.4489,0.5069
36007,0.5693,0.5237,0.5182,0.4489,0.5383,0.5182,0.5274,0.4745,0.4891,0.5,0.5693,0.4489,0.5108
36008,0.5693,0.5237,0.5182,0.4562,0.5383,0.5182,0.5274,0.4745,0.4891,0.5,0.5693,0.4562,0.5115
36607,0.5693,0.5237,0.5201,0.4562,0.5383,0.5182,0.5274,0.4745,0.4891,0.5,0.5693,0.4562,0.5117
36608,0.5693,0.5237,0.5201,0.4562,0.5383,0.5182,0.5274,0.4745,0.4891,0.5,0.5693,0.4562,0.5117
37207,0.5693,0.5237,0.5201,0.4562,0.5456,0.5182,0.5274,0.4745,0.4891,0.5,0.5693,0.4562,0.5124
37208,0.5693,0.5237,0.5201,0.4562,0.5456,0.5182,0.5274,0.4745,0.4891,0.5,0.5693,0.4562,0.5124
37807,0.5693,0.5237,0.5274,0.4562,0.5456,0.5182,0.5274,0.4745,0.4891,0.5,0.5693,0.4562,0.5131
37808,0.5693,0.5237,0.5274,0.4562,0.5456,0.5182,0.5274,0.4745,0.4891,0.5,0.5693,0.4562,0.5131
38407,0.5693,0.5237,0.5274,0.4562,0.5456,0.5182,0.5274,0.4745,0.4891,0.5,0.5693,0.4562,0.5131
38408,0.5693,0.5237,0.5274,0.4562,0.5456,0.5182,0.5274,0.4745,0.4891,0.5,0.5693,0.4562,0.5131
39007,0.5693,0.5237,0.5274,0.4562,0.5456,0.5182,0.5274,0.4745,0.4891,0.5,0.5693,0.4562,0.5131
39008,0.5693,0.5237,0.5274,0.4562,0.5456,0.5182,0.5274,0.4745,0.4891,0.5,0.5693,0.4562,0.5131
39607,0.5693,0.5237,0.5274,0.4562,0.5456,0.5182,0.5274,0.4745,0.4891,0.5,0.5693,0.4562,0.5131
39608,0.5693,0.5237,0.5274,0.4562,0.5456,0.5182,0.5274,0.4745,0.4891,0.5,0.5693,0.4562,0.5131
40207,0.5693,0.5237,0.531,0.4562,0.5456,0.5182,0.5274,0.4745,0.4891,0.5,0.5693,0.4562,0.5135
40208,0.5693,0.5237,0.531,0.4562,0.5456,0.5182,0.5274,0.4745,0.4891,0.5,0.5693,0.4562,0.5135
40807,0.5693,0.5237,0.531,0.4562,0.5456,0.5182,0.5274,0.4745,0.4891,0.5,0.5693,0.4562,0.5135
40808,0.5693,0.5237,0.531,0.4562,0.5456,0.5182,0.5274,0.4745,0.4891,0.5,0.5693,0.4562,0.5135
41407,0.5693,0.5237,0.531,0.4562,0.5456,0.5182,0.5274,0.4745,0.4891,0.5,0.5693,0.4562,0.5135
41408,0.5693,0.5237,0.542,0.4562,0.5456,0.5182,0.5274,0.4745,0.4891,0.5,0.5693,0.4562,0.5146
42007,0.5693,0.5237,0.542,0.4562,0.5493,0.5182,0.5274,0.4745,0.4891,0.5,0.5693,0.4562,0.515
42008,0.5693,0.5237,0.542,0.4562,0.5493,0.5182,0.5274,0.4745,0.4891,0.5,0.5693,0.4562,0.515
42607,0.5693,0.5237,0.542,0.4562,0.5493,0.5182,0.5274,0.4745,0.4891,0.5,0.5693,0.4562,0.515
42608,0.5693,0.5237,0.542,0.4562,0.5493,0.5182,0.5274,0.4745,0.4891,0.5,0.5693,0.4562,0.515
43207,0.5693,0.5237,0.542,0.4562,0.5493,0.5182,0.5274,0.4745,0.4891,0.5,0.5693,0.4562,0.515
43208,0.5693,0.5237,0.542,0.4562,0.5493,0.5182,0.5274,0.4745,0.4891,0.5,0.5693,0.4562,0.515
43807,0.5693,0.5237,0.542,0.4562,0.5493,0.5182,0.5274,0.4745,0.4891,0.5,0.5693,0.4562,0.515
43808,0.5693,0.5237,0.542,0.4562,0.5493,0.5182,0.5274,0.4745,0.4891,0.5,0.5693,0.4562,0.515
44407,0.5693,0.5237,0.542,0.4562,0.5493,0.5182,0.5274,0.4745,0.4891,0.5,0.5693,0.4562,0.515
44408,0.5693,0.5237,0.542,0.4562,0.5493,0.5182,0.5274,0.4745,0.4891,0.5,0.5693,0.4562,0.515
45007,0.5693,0.5237,0.542,0.4562,0.5493,0.5182,0.531,0.4745,0.4891,0.5,0.5693,0.4562,0.5153
45008,0.5693,0.5237,0.542,0.4562,0.5493,0.5182,0.531,0.4745,0.4891,0.5,0.5693,0.4562,0.5153
45607,0.5693,0.5237,0.542,0.4562,0.5493,0.5182,0.531,0.4745,0.4891,0.5,0.5693,0.4562,0.5153
45608,0.5693,0.5237,0.5456,0.4562,0.5493,0.5182,0.531,0.4745,0.5511,0.562,0.5693,0.4562,0.5281
46207,0.5693,0.5237,0.5456,0.4562,0.5493,0.5182,0.531,0.4745,0.5511,0.562,0.5693,0.4562,0.5281
46208,0.5693,0.5237,0.5748,0.4562,0.5493,0.5182,0.531,0.4745,0.5511,0.562,0.5748,0.4562,0.531
46807,0.5693,0.5237,0.5748,0.4562,0.5493,0.5182,0.531,0.4745,0.5511,0.562,0.5748,0.4562,0.531
46808,0.5693,0.5237,0.5748,0.4562,0.5493,0.5182,0.531,0.4745,0.5602,0.562,0.5748,0.4562,0.5319
47407,0.5693,0.5237,0.5748,0.4562,0.5493,0.5182,0.531,0.4745,0.5602,0.562,0.5748,0.4562,0.5319
47408,0.5693,0.5237,0.5748,0.4562,0.5493,0.5182,0.531,0.4745,0.5602,0.5712,0.5748,0.4562,0.5328
48007,0.5693,0.5237,0.5748,0.4562,0.5493,0.5182,0.531,0.4745,0.5602,0.5712,0.5748,0.4562,0.5328
48008,0.5693,0.5237,0.5748,0.4562,0.5493,0.5182,0.5766,0.4745,0.5602,0.5712,0.5766,0.4562,0.5374
48607,0.5693,0.5237,0.5748,0.4562,0.5493,0.5182,0.5766,0.4745,0.5602,0.5712,0.5766,0.4562,0.5374
48608,0.5693,0.5237,0.5748,0.4562,0.5493,0.5182,0.5766,0.4745,0.5602,0.5712,0.5766,0.4562,0.5374
49207,0.5693,0.5237,0.5748,0.4562,0.5493,0.5182,0.5766,0.4745,0.5602,0.5712,0.5766,0.4562,0.5374
49208,0.5693,0.5237,0.5748,0.4562,0.5493,0.5182,0.5766,0.4745,0.5602,0.5712,0.5766,0.4562,0.5374
49807,0.5693,0.5237,0.5748,0.4562,0.5493,0.5182,0.5766,0.4745,0.5602,0.5712,0.5766,0.4562,0.5374
49808,0.5693,0.5237,0.5766,0.4562,0.5493,0.531,0.5766,0.4745,0.5602,0.5712,0.5766,0.4562,0.5389
50407,0.5693,0.5237,0.5766,0.4562,0.5493,0.531,0.5766,0.4745,0.5602,0.5712,0.5766,0.4562,0.5389
50408,0.5693,0.5237,0.5766,0.4562,0.5493,0.531,0.5766,0.4745,0.5602,0.5712,0.5766,0.4562,0.5389
51007,0.5693,0.5237,0.5766,0.4562,0.5493,0.531,0.5766,0.4745,0.5602,0.5712,0.5766,0.4562,0.5389
51008,0.5712,0.5237,0.5766,0.4562,0.5493,0.531,0.5766,0.4745,0.5602,0.5712,0.5766,0.4562,0.5391
51607,0.5712,0.5237,0.5766,0.4562,0.5493,0.531,0.5766,0.4745,0.5602,0.5712,0.5766,0.4562,0.5391
51608,0.5712,0.5237,0.5839,0.4562,0.5493,0.531,0.5766,0.4745,0.5602,0.5712,0.5839,0.4562,0.5398
52207,0.5712,0.5237,0.5839,0.4562,0.5493,0.531,0.5766,0.4745,0.5602,0.5712,0.5839,0.4562,0.5398
52208,0.5712,0.5237,0.5839,0.4562,0.5493,0.542,0.5766,0.4745,0.5602,0.5712,0.5839,0.4562,0.5409
52807,0.5712,0.5237,0.5839,0.4562,0.5493,0.542,0.5766,0.4745,0.5602,0.5712,0.5839,0.4562,0.5409
52808,0.5712,0.5237,0.5839,0.4562,0.5493,0.542,0.5766,0.4745,0.5602,0.5712,0.5839,0.4562,0.5409
53407,0.5712,0.5237,0.5839,0.4562,0.5493,0.542,0.5766,0.4745,0.5602,0.5712,0.5839,0.4562,0.5409
53408,0.5712,0.5237,0.5839,0.4562,0.5493,0.542,0.5766,0.4745,0.5602,0.5712,0.5839,0.4562,0.5409
54007,0.5712,0.5237,0.5839,0.4562,0.5493,0.542,0.5766,0.4745,0.5602,0.5712,0.5839,0.4562,0.5409
54008,0.5712,0.5237,0.5858,0.4562,0.5493,0.542,0.5766,0.4745,0.5602,0.5712,0.5858,0.4562,0.5411
54607,0.5712,0.5237,0.5858,0.4562,0.5493,0.542,0.5766,0.4745,0.5602,0.5712,0.5858,0.4562,0.5411
54608,0.5712,0.5237,0.5858,0.4562,0.5493,0.542,0.5766,0.4745,0.5602,0.5712,0.5858,0.4562,0.5411
55208,0.5712,0.5237,0.5858,0.4562,0.5493,0.5858,0.5766,0.4745,0.5602,0.5712,0.5858,0.4562,0.5454
55808,0.5712,0.5237,0.5858,0.4562,0.5493,0.5858,0.5785,0.4745,0.5602,0.5712,0.5858,0.4562,0.5456
56408,0.5712,0.5237,0.5858,0.4562,0.5493,0.5858,0.5785,0.4745,0.5602,0.5712,0.5858,0.4562,0.5456
57008,0.5712,0.5237,0.5858,0.4562,0.5493,0.5858,0.5785,0.4745,0.5602,0.5712,0.5858,0.4562,0.5456
57608,0.5712,0.5237,0.5858,0.4562,0.5493,0.5858,0.5785,0.4745,0.5602,0.5712,0.5858,0.4562,0.5456
58208,0.5712,0.5237,0.5858,0.4562,0.5493,0.5858,0.5785,0.4745,0.5602,0.5712,0.5858,0.4562,0.5456
58808,0.5712,0.5237,0.5876,0.4909,0.5493,0.5858,0.5785,0.4745,0.5602,0.5712,0.5876,0.4745,0.5493
59408,0.5712,0.5237,0.5876,0.4909,0.5493,0.5858,0.5785,0.4745,0.5602,0.5712,0.5876,0.4745,0.5493
60008,0.5712,0.5237,0.5876,0.4909,0.5493,0.5858,0.5785,0.4745,0.5602,0.5712,0.5876,0.4745,0.5493
60608,0.5712,0.5237,0.5876,0.4909,0.5493,0.5858,0.5785,0.4745,0.5602,0.5712,0.5876,0.4745,0.5493
61208,0.5712,0.5237,0.5876,0.4909,0.5493,0.5858,0.5785,0.4745,0.5602,0.5712,0.5876,0.4745,0.5493
61808,0.5712,0.5237,0.5876,0.4909,0.5493,0.5858,0.5785,0.4745,0.5602,0.5712,0.5876,0.4745,0.5493
62408,0.5712,0.5237,0.5876,0.4909,0.5493,0.5858,0.5785,0.4745,0.5602,0.5712,0.5876,0.4745,0.5493
63008,0.5803,0.5237,0.5876,0.4909,0.5493,0.5876,0.5785,0.4745,0.5602,0.5821,0.5876,0.4745,0.5515
63608,0.5803,0.5237,0.5876,0.4909,0.5493,0.5912,0.5785,0.4745,0.5602,0.5821,0.5912,0.4745,0.5518
64208,0.5803,0.5237,0.5876,0.4909,0.5493,0.5912,0.5785,0.4745,0.5602,0.5821,0.5912,0.4745,0.5518
64808,0.5803,0.5237,0.5876,0.4909,0.5493,0.5912,0.5785,0.4745,0.5602,0.5821,0.5912,0.4745,0.5518
65408,0.5803,0.5237,0.5876,0.4909,0.5493,0.5985,0.5785,0.4745,0.5602,0.5821,0.5985,0.4745,0.5526
66008,0.5803,0.5237,0.5876,0.4909,0.5511,0.5985,0.5785,0.4763,0.5602,0.5821,0.5985,0.4763,0.5529
66608,0.5803,0.5237,0.5876,0.4909,0.5511,0.5985,0.5785,0.4763,0.5639,0.5821,0.5985,0.4763,0.5533
67208,0.5803,0.5237,0.5876,0.4909,0.5511,0.5985,0.5821,0.4763,0.5639,0.5821,0.5985,0.4763,0.5536
67808,0.5803,0.5237,0.5876,0.4909,0.5511,0.5985,0.5821,0.4763,0.5639,0.5821,0.5985,0.4763,0.5536
68408,0.5803,0.5237,0.5876,0.4909,0.5511,0.5985,0.5821,0.4763,0.5639,0.5821,0.5985,0.4763,0.5536
69008,0.5803,0.5237,0.5876,0.4909,0.5511,0.5985,0.5821,0.4763,0.5639,0.5821,0.5985,0.4763,0.5536
69608,0.5803,0.5237,0.5876,0.5274,0.5511,0.5985,0.5821,0.4763,0.5639,0.5821,0.5985,0.4763,0.5573
70208,0.5803,0.5237,0.5876,0.5274,0.5511,0.5985,0.5821,0.4763,0.5639,0.5821,0.5985,0.4763,0.5573
70808,0.5803,0.5237,0.5876,0.5274,0.5511,0.5985,0.5821,0.4763,0.5639,0.5821,0.5985,0.4763,0.5573
71408,0.5803,0.5237,0.5876,0.5274,0.5511,0.5985,0.5821,0.4763,0.5639,0.5821,0.5985,0.4763,0.5573
72008,0.5803,0.5237,0.5876,0.5274,0.5511,0.5985,0.5821,0.4763,0.5639,0.5821,0.5985,0.4763,0.5573
72608,0.5803,0.531,0.5876,0.5274,0.5511,0.5985,0.5821,0.4763,0.5639,0.5821,0.5985,0.4763,0.558
73208,0.5803,0.531,0.5876,0.5274,0.5511,0.5985,0.5821,0.4763,0.5639,0.5821,0.5985,0.4763,0.558
73808,0.5803,0.531,0.5876,0.5274,0.5511,0.5985,0.5821,0.4763,0.5639,0.5821,0.5985,0.4763,0.558
74408,0.5803,0.531,0.5876,0.5274,0.5511,0.5985,0.5821,0.4763,0.5639,0.5821,0.5985,0.4763,0.558
75008,0.5803,0.531,0.5876,0.5274,0.5511,0.5985,0.5821,0.4763,0.5639,0.5821,0.5985,0.4763,0.558
75608,0.5803,0.531,0.5876,0.5274,0.5511,0.5985,0.5821,0.4763,0.5639,0.5858,0.5985,0.4763,0.5584
76208,0.5803,0.531,0.5876,0.5274,0.5511,0.5985,0.5821,0.4763,0.5639,0.5858,0.5985,0.4763,0.5584
76808,0.5803,0.531,0.5876,0.531,0.5511,0.5985,0.5821,0.4763,0.5639,0.5858,0.5985,0.4763,0.5588
77408,0.5803,0.5347,0.5876,0.531,0.5511,0.5985,0.5821,0.4763,0.5639,0.5858,0.5985,0.4763,0.5591
78008,0.5803,0.5639,0.5876,0.531,0.5511,0.5985,0.5821,0.4763,0.5639,0.5858,0.5985,0.4763,0.5621
78608,0.5803,0.5639,0.5876,0.531,0.5511,0.5985,0.5821,0.4763,0.5639,0.5858,0.5985,0.4763,0.5621
79208,0.5803,0.5639,0.5876,0.531,0.5511,0.5985,0.5821,0.4763,0.5639,0.5858,0.5985,0.4763,0.5621
79808,0.5803,0.5639,0.5876,0.531,0.5511,0.5985,0.5821,0.4763,0.5639,0.5858,0.5985,0.4763,0.5621
80408,0.5839,0.5639,0.5876,0.531,0.5511,0.5985,0.5821,0.4763,0.5639,0.5858,0.5985,0.4763,0.5624
81008,0.5839,0.5748,0.5876,0.531,0.5511,0.5985,0.5821,0.4763,0.5639,0.5858,0.5985,0.4763,0.5635
81608,0.5839,0.5748,0.5876,0.531,0.5511,0.5985,0.5821,0.4763,0.5639,0.5858,0.5985,0.4763,0.5635
82208,0.5839,0.5748,0.5876,0.531,0.5511,0.5985,0.5821,0.4763,0.5639,0.5858,0.5985,0.4763,0.5635
82808,0.5839,0.5748,0.5876,0.531,0.5511,0.5985,0.5821,0.4763,0.5639,0.5858,0.5985,0.4763,0.5635
83408,0.5839,0.5748,0.5876,0.531,0.5511,0.5985,0.5821,0.4763,0.5639,0.5858,0.5985,0.4763,0.5635
84008,0.5839,0.5748,0.5876,0.531,0.5511,0.5985,0.5821,0.4763,0.5639,0.5858,0.5985,0.4763,0.5635
84608,0.5839,0.5748,0.5876,0.531,0.5511,0.5985,0.5821,0.4763,0.5639,0.5858,0.5985,0.4763,0.5635
85208,0.5839,0.5748,0.5876,0.531,0.5511,0.5985,0.5821,0.4763,0.5639,0.5858,0.5985,0.4763,0.5635
85808,0.5839,0.5748,0.5876,0.531,0.5511,0.5985,0.5821,0.4763,0.5675,0.5858,0.5985,0.4763,0.5639
