timestamp,ohci5,ohci8,ohci1,ohci2,ohci6,ohci7,ohci3,ohci9,ohci0,ohci4,max,min,avg
0,0.0549,0.0549,0.0549,0.0549,0.0549,0.0549,0.0549,0.0549,0.0549,0.0549,0.0549,0.0549,0.0549
1,0.0549,0.0549,0.0549,0.0549,0.0549,0.0549,0.0549,0.0549,0.0549,0.0549,0.0549,0.0549,0.0549
2,0.0549,0.0549,0.0549,0.0549,0.0549,0.0549,0.0549,0.0549,0.0549,0.0549,0.0549,0.0549,0.0549
3,0.0549,0.0549,0.0549,0.0549,0.0549,0.0549,0.0549,0.0549,0.0549,0.0549,0.0549,0.0549,0.0549
4,0.0549,0.0549,0.0549,0.0549,0.0549,0.0549,0.0549,0.0549,0.0549,0.0549,0.0549,0.0549,0.0549
5,0.0549,0.0549,0.0549,0.0549,0.0549,0.0549,0.0549,0.2619,0.0549,0.2619,0.2619,0.0549,0.0963
6,0.163,0.2344,0.0549,0.0549,0.0549,0.0549,0.163,0.315,0.0549,0.2985,0.315,0.0549,0.1448
7,0.3004,0.2985,0.163,0.0549,0.2381,0.2985,0.2619,0.3223,0.0549,0.3223,0.3223,0.0549,0.2315
8,0.3223,0.3223,0.2381,0.163,0.3004,0.315,0.2985,0.3223,0.0549,0.3223,0.3223,0.0549,0.2659
9,0.3223,0.3223,0.3223,0.3004,0.3223,0.3223,0.3223,0.3223,0.0549,0.3223,0.3223,0.0549,0.2934
10,0.3223,0.3223,0.3223,0.3223,0.3223,0.3223,0.3223,0.3223,0.1685,0.3223,0.3223,0.1685,0.3069
11,0.3223,0.3223,0.3223,0.3223,0.3223,0.3223,0.3223,0.3223,0.3004,0.3223,0.3223,0.3004,0.3201
12,0.3223,0.3223,0.3223,0.3223,0.3223,0.3223,0.3223,0.3223,0.3223,0.3223,0.3223,0.3223,0.3223
13,0.3223,0.3223,0.3223,0.3223,0.3223,0.3223,0.3223,0.3223,0.3223,0.3223,0.3223,0.3223,0.3223
14,0.3223,0.3223,0.3223,0.3223,0.3223,0.3223,0.3223,0.3223,0.3223,0.3223,0.3223,0.3223,0.3223
15,0.3223,0.3223,0.3223,0.3223,0.3223,0.3223,0.3223,0.3223,0.3223,0.3223,0.3223,0.3223,0.3223
16,0.3223,0.3223,0.3223,0.3223,0.3223,0.3223,0.3223,0.3223,0.3223,0.3223,0.3223,0.3223,0.3223
17,0.3223,0.3223,0.3223,0.3223,0.3223,0.3223,0.3223,0.3223,0.3223,0.3223,0.3223,0.3223,0.3223
18,0.3223,0.3223,0.3223,0.3223,0.3223,0.3223,0.3223,0.3223,0.3223,0.3223,0.3223,0.3223,0.3223
19,0.3223,0.3223,0.3223,0.3223,0.3223,0.3223,0.3223,0.3223,0.3223,0.3223,0.3223,0.3223,0.3223
20,0.3223,0.3223,0.3223,0.3223,0.3223,0.3223,0.3223,0.3223,0.3223,0.3223,0.3223,0.3223,0.3223
21,0.3223,0.3223,0.3223,0.3223,0.3223,0.3223,0.3223,0.3223,0.3223,0.3223,0.3223,0.3223,0.3223
22,0.3223,0.3223,0.3223,0.3223,0.3223,0.3223,0.3223,0.3223,0.3223,0.3223,0.3223,0.3223,0.3223
23,0.3223,0.3223,0.3223,0.3223,0.3223,0.3223,0.3223,0.3223,0.3223,0.3223,0.3223,0.3223,0.3223
24,0.3223,0.3223,0.3223,0.3223,0.3223,0.3223,0.3223,0.3223,0.3223,0.3223,0.3223,0.3223,0.3223
25,0.3223,0.3223,0.3223,0.3223,0.3223,0.3223,0.3223,0.3223,0.3223,0.3223,0.3223,0.3223,0.3223
26,0.3223,0.3223,0.3223,0.3223,0.3223,0.3223,0.3223,0.3223,0.3223,0.3223,0.3223,0.3223,0.3223
27,0.3223,0.3223,0.3223,0.3223,0.3223,0.3223,0.3223,0.3223,0.3223,0.3223,0.3223,0.3223,0.3223
28,0.3223,0.3223,0.3223,0.3223,0.3223,0.3223,0.3223,0.3223,0.3223,0.3223,0.3223,0.3223,0.3223
29,0.3223,0.3223,0.3223,0.3223,0.3223,0.3223,0.3223,0.3223,0.3223,0.3223,0.3223,0.3223,0.3223
30,0.3223,0.3223,0.3223,0.3223,0.3223,0.3223,0.3223,0.3223,0.3223,0.3223,0.3223,0.3223,0.3223
31,0.3223,0.3223,0.3223,0.3223,0.3223,0.3223,0.3223,0.3223,0.3223,0.3223,0.3223,0.3223,0.3223
32,0.3223,0.3223,0.3223,0.3223,0.3223,0.3223,0.3223,0.3223,0.3223,0.3223,0.3223,0.3223,0.3223
33,0.3223,0.3223,0.3223,0.3223,0.3223,0.3223,0.3223,0.3223,0.3223,0.3223,0.3223,0.3223,0.3223
34,0.3223,0.3223,0.3223,0.3223,0.3223,0.3223,0.3223,0.3223,0.3223,0.3223,0.3223,0.3223,0.3223
35,0.3223,0.3223,0.3223,0.3223,0.3223,0.3223,0.3223,0.3223,0.3223,0.3223,0.3223,0.3223,0.3223
36,0.3223,0.3223,0.3223,0.3223,0.3223,0.3223,0.3223,0.3223,0.3223,0.3223,0.3223,0.3223,0.3223
37,0.3223,0.3223,0.3223,0.3223,0.3223,0.3223,0.3223,0.3223,0.3223,0.3223,0.3223,0.3223,0.3223
38,0.3223,0.3223,0.3223,0.3223,0.3223,0.3223,0.3223,0.3223,0.3223,0.3223,0.3223,0.3223,0.3223
39,0.3223,0.3223,0.3223,0.3223,0.3223,0.3223,0.3223,0.3223,0.3223,0.3223,0.3223,0.3223,0.3223
40,0.3223,0.3223,0.3223,0.3223,0.3223,0.3223,0.3223,0.3223,0.3223,0.3223,0.3223,0.3223,0.3223
41,0.3223,0.3223,0.3223,0.3223,0.3223,0.3223,0.3223,0.3223,0.3223,0.3223,0.3223,0.3223,0.3223
42,0.3223,0.3223,0.3223,0.3223,0.3223,0.3223,0.3223,0.3223,0.3223,0.3223,0.3223,0.3223,0.3223
43,0.3223,0.3223,0.3223,0.3223,0.3223,0.3223,0.3223,0.3223,0.3223,0.3223,0.3223,0.3223,0.3223
44,0.3223,0.3223,0.3223,0.3223,0.3223,0.3223,0.3223,0.3223,0.3223,0.3223,0.3223,0.3223,0.3223
45,0.3223,0.3223,0.3223,0.3223,0.3223,0.3223,0.3223,0.3223,0.3223,0.3223,0.3223,0.3223,0.3223
46,0.3223,0.3223,0.3223,0.3223,0.3223,0.3223,0.3223,0.3223,0.3223,0.3223,0.3223,0.3223,0.3223
47,0.3223,0.3223,0.3223,0.3223,0.3223,0.3223,0.3223,0.3223,0.3223,0.3223,0.3223,0.3223,0.3223
48,0.3223,0.3223,0.3223,0.3223,0.3223,0.3223,0.3223,0.3223,0.3223,0.3223,0.3223,0.3223,0.3223
49,0.3223,0.3223,0.3223,0.3223,0.3223,0.3223,0.3223,0.3223,0.3223,0.3223,0.3223,0.3223,0.3223
50,0.3223,0.3223,0.3223,0.3223,0.3223,0.3223,0.3223,0.3223,0.3223,0.3223,0.3223,0.3223,0.3223
51,0.3223,0.3223,0.3223,0.3223,0.3223,0.3223,0.3223,0.3223,0.3223,0.3223,0.3223,0.3223,0.3223
52,0.3223,0.3223,0.3223,0.3223,0.3223,0.3223,0.3223,0.3223,0.3223,0.3223,0.3223,0.3223,0.3223
53,0.3223,0.3223,0.3223,0.3223,0.3223,0.3223,0.3223,0.3223,0.3223,0.3223,0.3223,0.3223,0.3223
54,0.3223,0.3223,0.3223,0.3223,0.3223,0.3223,0.3223,0.3223,0.3223,0.3223,0.3223,0.3223,0.3223
55,0.3223,0.3223,0.3223,0.3223,0.3223,0.3223,0.3223,0.3223,0.3223,0.3223,0.3223,0.3223,0.3223
56,0.3223,0.3223,0.3223,0.3223,0.3223,0.3223,0.3223,0.3223,0.3223,0.3223,0.3223,0.3223,0.3223
57,0.3223,0.3223,0.3223,0.3223,0.3223,0.3223,0.3223,0.3223,0.3223,0.3223,0.3223,0.3223,0.3223
58,0.3223,0.3223,0.3223,0.3223,0.3223,0.3223,0.3223,0.3223,0.3223,0.3223,0.3223,0.3223,0.3223
59,0.3223,0.3223,0.3223,0.3223,0.3223,0.3223,0.3223,0.3223,0.3223,0.3223,0.3223,0.3223,0.3223
60,0.3223,0.3223,0.3223,0.3223,0.3223,0.3223,0.3223,0.3223,0.3223,0.3223,0.3223,0.3223,0.3223
61,0.3223,0.3223,0.3223,0.3223,0.3223,0.3223,0.3223,0.3223,0.3223,0.3223,0.3223,0.3223,0.3223
62,0.3223,0.3223,0.3223,0.3223,0.3223,0.3223,0.3223,0.3223,0.3223,0.3223,0.3223,0.3223,0.3223
63,0.3223,0.3223,0.3223,0.3223,0.3223,0.3223,0.3223,0.3223,0.3223,0.3223,0.3223,0.3223,0.3223
64,0.3223,0.3223,0.3223,0.3223,0.3223,0.3223,0.3223,0.3223,0.3223,0.3223,0.3223,0.3223,0.3223
65,0.3223,0.3223,0.3223,0.3223,0.3223,0.3223,0.3223,0.3223,0.3223,0.3223,0.3223,0.3223,0.3223
66,0.3223,0.3223,0.3223,0.3223,0.3223,0.3223,0.3223,0.3223,0.3223,0.3223,0.3223,0.3223,0.3223
67,0.3223,0.3223,0.3223,0.3223,0.3223,0.3223,0.3223,0.3223,0.3223,0.3223,0.3223,0.3223,0.3223
68,0.3223,0.3223,0.3223,0.3223,0.3223,0.3223,0.3223,0.3223,0.3223,0.3223,0.3223,0.3223,0.3223
69,0.3223,0.3223,0.3223,0.3223,0.3223,0.3223,0.3223,0.3223,0.3223,0.3223,0.3223,0.3223,0.3223
70,0.3223,0.3223,0.3223,0.3223,0.3223,0.3223,0.3223,0.3223,0.3223,0.3223,0.3223,0.3223,0.3223
71,0.3223,0.3223,0.3223,0.3223,0.3223,0.3223,0.3223,0.3223,0.3223,0.3223,0.3223,0.3223,0.3223
72,0.3223,0.3223,0.3223,0.3223,0.3223,0.3223,0.3223,0.3223,0.3223,0.3223,0.3223,0.3223,0.3223
73,0.3223,0.3223,0.3223,0.3223,0.3223,0.3223,0.3223,0.3223,0.3223,0.3223,0.3223,0.3223,0.3223
74,0.3223,0.3223,0.3223,0.3223,0.3223,0.3223,0.3223,0.3223,0.3223,0.3223,0.3223,0.3223,0.3223
75,0.3223,0.3223,0.3223,0.3223,0.3223,0.3223,0.3223,0.3223,0.3223,0.3223,0.3223,0.3223,0.3223
76,0.3223,0.3223,0.3223,0.3223,0.3223,0.3223,0.3223,0.3223,0.3223,0.3223,0.3223,0.3223,0.3223
77,0.3223,0.3223,0.3223,0.3223,0.3223,0.3223,0.3223,0.3223,0.3223,0.3223,0.3223,0.3223,0.3223
78,0.3223,0.3223,0.3223,0.3223,0.3223,0.3223,0.3223,0.3223,0.3223,0.3223,0.3223,0.3223,0.3223
79,0.3223,0.3223,0.3223,0.3223,0.3223,0.3223,0.3223,0.3223,0.3223,0.3223,0.3223,0.3223,0.3223
80,0.3223,0.3223,0.3223,0.3223,0.3223,0.3223,0.3223,0.3223,0.3223,0.3223,0.3223,0.3223,0.3223
81,0.3223,0.3223,0.3223,0.3223,0.3223,0.3223,0.3223,0.3223,0.3223,0.3223,0.3223,0.3223,0.3223
82,0.3223,0.3223,0.3223,0.3223,0.3223,0.3223,0.3223,0.3223,0.3223,0.3223,0.3223,0.3223,0.3223
83,0.3223,0.3223,0.3223,0.3223,0.3223,0.3223,0.3223,0.3223,0.3223,0.3223,0.3223,0.3223,0.3223
84,0.3223,0.3223,0.3223,0.3223,0.3223,0.3223,0.3223,0.3223,0.3223,0.3223,0.3223,0.3223,0.3223
85,0.3223,0.3223,0.3223,0.3223,0.3223,0.3223,0.3223,0.3223,0.3223,0.3223,0.3223,0.3223,0.3223
86,0.3223,0.3223,0.3223,0.3223,0.3223,0.3223,0.3223,0.3223,0.3223,0.3223,0.3223,0.3223,0.3223
87,0.3223,0.3223,0.3223,0.3223,0.3223,0.3223,0.3223,0.3223,0.3223,0.3223,0.3223,0.3223,0.3223
88,0.3223,0.3223,0.3223,0.3223,0.3223,0.3223,0.3223,0.3223,0.3223,0.3223,0.3223,0.3223,0.3223
89,0.3223,0.3223,0.3223,0.3223,0.3223,0.3223,0.3223,0.3223,0.3223,0.3223,0.3223,0.3223,0.3223
90,0.3223,0.3223,0.3223,0.3223,0.3223,0.3223,0.3223,0.3223,0.3223,0.3223,0.3223,0.3223,0.3223
91,0.3223,0.3223,0.3223,0.3223,0.3223,0.3223,0.3223,0.3223,0.3223,0.3223,0.3223,0.3223,0.3223
92,0.3223,0.3223,0.3223,0.3223,0.3223,0.3223,0.3223,0.3223,0.3223,0.3223,0.3223,0.3223,0.3223
93,0.3223,0.3223,0.3223,0.3223,0.3223,0.3223,0.3223,0.3223,0.3223,0.3223,0.3223,0.3223,0.3223
94,0.3223,0.3223,0.3223,0.3223,0.3223,0.3223,0.3223,0.3223,0.3223,0.3223,0.3223,0.3223,0.3223
95,0.3223,0.3223,0.3223,0.3223,0.3223,0.3223,0.3223,0.3223,0.3223,0.3223,0.3223,0.3223,0.3223
96,0.3223,0.3223,0.3223,0.3223,0.3223,0.3223,0.3223,0.3223,0.3223,0.3223,0.3223,0.3223,0.3223
97,0.3223,0.3223,0.3223,0.3223,0.3223,0.3223,0.3223,0.3223,0.3223,0.3223,0.3223,0.3223,0.3223
98,0.3223,0.3223,0.3223,0.3223,0.3223,0.3223,0.3223,0.3223,0.3223,0.3223,0.3223,0.3223,0.3223
99,0.3223,0.3223,0.3223,0.3223,0.3223,0.3223,0.3223,0.3223,0.3223,0.3223,0.3223,0.3223,0.3223
100,0.3223,0.3223,0.3223,0.3223,0.3223,0.3223,0.3223,0.3223,0.3223,0.3223,0.3223,0.3223,0.3223
101,0.3223,0.3223,0.3223,0.3223,0.3223,0.3223,0.3223,0.3223,0.3223,0.3223,0.3223,0.3223,0.3223
102,0.3223,0.3223,0.3223,0.3223,0.3223,0.3223,0.3223,0.3223,0.3223,0.3223,0.3223,0.3223,0.3223
103,0.3223,0.3223,0.3223,0.3223,0.3223,0.3223,0.3223,0.3223,0.3223,0.3223,0.3223,0.3223,0.3223
104,0.3223,0.3223,0.3223,0.3223,0.3223,0.3223,0.3223,0.3223,0.3223,0.3223,0.3223,0.3223,0.3223
105,0.3223,0.3223,0.3223,0.3223,0.3223,0.3223,0.3223,0.3223,0.3223,0.3223,0.3223,0.3223,0.3223
106,0.3223,0.3223,0.3223,0.3223,0.3223,0.3223,0.3223,0.3223,0.3223,0.3223,0.3223,0.3223,0.3223
107,0.3223,0.3223,0.3223,0.3223,0.3223,0.3223,0.3223,0.3223,0.3223,0.3223,0.3223,0.3223,0.3223
108,0.3223,0.3223,0.3223,0.3223,0.3223,0.3223,0.3223,0.3223,0.3223,0.3223,0.3223,0.3223,0.3223
109,0.3223,0.3223,0.3223,0.3223,0.3223,0.3223,0.3223,0.3223,0.3223,0.3223,0.3223,0.3223,0.3223
110,0.3223,0.3223,0.3223,0.3223,0.3223,0.3223,0.3223,0.3223,0.3223,0.3223,0.3223,0.3223,0.3223
111,0.3223,0.3223,0.3223,0.3223,0.3223,0.3223,0.3223,0.3223,0.3223,0.3223,0.3223,0.3223,0.3223
112,0.3223,0.3223,0.3223,0.3223,0.3223,0.3223,0.3223,0.3223,0.3223,0.3223,0.3223,0.3223,0.3223
113,0.3223,0.3223,0.3223,0.3223,0.3223,0.3223,0.3223,0.3223,0.3223,0.3223,0.3223,0.3223,0.3223
114,0.3223,0.3223,0.3223,0.3223,0.3223,0.3223,0.3223,0.3223,0.3223,0.3223,0.3223,0.3223,0.3223
115,0.3223,0.3223,0.3223,0.3223,0.3223,0.3223,0.3223,0.3223,0.3223,0.3223,0.3223,0.3223,0.3223
116,0.3223,0.3223,0.3223,0.3223,0.3223,0.3223,0.3223,0.3223,0.3223,0.3223,0.3223,0.3223,0.3223
117,0.3223,0.3223,0.3223,0.3223,0.3223,0.3223,0.3223,0.3223,0.3223,0.3223,0.3223,0.3223,0.3223
118,0.3223,0.3223,0.3223,0.3223,0.3223,0.3223,0.3223,0.3223,0.3223,0.3223,0.3223,0.3223,0.3223
119,0.3223,0.3223,0.3223,0.3223,0.3223,0.3223,0.3223,0.3223,0.3223,0.3223,0.3223,0.3223,0.3223
120,0.3223,0.3223,0.3223,0.3223,0.3223,0.3223,0.3223,0.3223,0.3223,0.3223,0.3223,0.3223,0.3223
121,0.3223,0.3223,0.3223,0.3223,0.3223,0.3223,0.3223,0.3223,0.3223,0.3223,0.3223,0.3223,0.3223
122,0.3223,0.3223,0.3223,0.3223,0.3223,0.3223,0.3223,0.3223,0.3223,0.3223,0.3223,0.3223,0.3223
123,0.3223,0.3223,0.3223,0.3223,0.3223,0.3223,0.3223,0.3223,0.3223,0.3223,0.3223,0.3223,0.3223
124,0.3223,0.3223,0.3223,0.3223,0.3223,0.3223,0.3223,0.3223,0.3223,0.3223,0.3223,0.3223,0.3223
125,0.3223,0.3223,0.3223,0.3223,0.3223,0.3223,0.3223,0.3223,0.3223,0.3223,0.3223,0.3223,0.3223
126,0.3223,0.3223,0.3223,0.3223,0.3223,0.3223,0.3223,0.3223,0.3223,0.3223,0.3223,0.3223,0.3223
127,0.3223,0.3223,0.3223,0.3223,0.3223,0.3223,0.3223,0.3223,0.3223,0.3223,0.3223,0.3223,0.3223
128,0.3223,0.3223,0.3223,0.3223,0.3223,0.3223,0.3223,0.3223,0.3223,0.3223,0.3223,0.3223,0.3223
129,0.3223,0.3223,0.3223,0.3223,0.3223,0.3223,0.3223,0.3223,0.3223,0.3223,0.3223,0.3223,0.3223
130,0.3223,0.3223,0.3223,0.3223,0.3223,0.3223,0.3223,0.3223,0.3223,0.3223,0.3223,0.3223,0.3223
131,0.3223,0.3223,0.3223,0.3223,0.3223,0.3223,0.3223,0.3223,0.3223,0.3223,0.3223,0.3223,0.3223
132,0.3223,0.3223,0.3223,0.3223,0.3223,0.3223,0.3223,0.3223,0.3223,0.3223,0.3223,0.3223,0.3223
133,0.3223,0.3223,0.3223,0.3223,0.3223,0.3223,0.3223,0.3223,0.3223,0.3223,0.3223,0.3223,0.3223
134,0.3223,0.3223,0.3223,0.3223,0.3223,0.3223,0.3223,0.3223,0.3223,0.3223,0.3223,0.3223,0.3223
135,0.3223,0.3223,0.3223,0.3223,0.3223,0.3223,0.3223,0.3223,0.3223,0.3223,0.3223,0.3223,0.3223
136,0.3223,0.3223,0.3223,0.3223,0.3223,0.3223,0.3223,0.3223,0.3223,0.3223,0.3223,0.3223,0.3223
137,0.3223,0.3223,0.3223,0.3223,0.3223,0.3223,0.3223,0.3223,0.3223,0.3223,0.3223,0.3223,0.3223
138,0.3223,0.3223,0.3223,0.3223,0.3223,0.3223,0.3223,0.3223,0.3223,0.3223,0.3223,0.3223,0.3223
139,0.3223,0.3223,0.3223,0.3223,0.3223,0.3223,0.3223,0.3223,0.3223,0.3223,0.3223,0.3223,0.3223
140,0.3223,0.3223,0.3223,0.3223,0.3223,0.3223,0.3223,0.3223,0.3223,0.3223,0.3223,0.3223,0.3223
141,0.3223,0.3223,0.3223,0.3223,0.3223,0.3223,0.3223,0.3223,0.3223,0.3223,0.3223,0.3223,0.3223
142,0.3223,0.3223,0.3223,0.3223,0.3223,0.3223,0.3223,0.3223,0.3223,0.3223,0.3223,0.3223,0.3223
143,0.3223,0.3223,0.3223,0.3223,0.3223,0.3223,0.3223,0.3223,0.3223,0.3223,0.3223,0.3223,0.3223
144,0.3223,0.3223,0.3223,0.3223,0.3223,0.3223,0.3223,0.3223,0.3223,0.3223,0.3223,0.3223,0.3223
145,0.3223,0.3223,0.3223,0.3223,0.3223,0.3223,0.3223,0.3223,0.3223,0.3223,0.3223,0.3223,0.3223
146,0.3223,0.3223,0.3223,0.3223,0.3223,0.3223,0.3223,0.3223,0.3223,0.3223,0.3223,0.3223,0.3223
147,0.3223,0.3223,0.3223,0.3223,0.3223,0.3223,0.3223,0.3223,0.3223,0.3223,0.3223,0.3223,0.3223
148,0.3223,0.3223,0.3223,0.3223,0.3223,0.3223,0.3223,0.3223,0.3223,0.3223,0.3223,0.3223,0.3223
149,0.3223,0.3223,0.3223,0.3223,0.3223,0.3223,0.3223,0.3223,0.3223,0.3223,0.3223,0.3223,0.3223
150,0.3223,0.3223,0.3223,0.3223,0.3223,0.3223,0.3223,0.3223,0.3223,0.3223,0.3223,0.3223,0.3223
151,0.3223,0.3223,0.3223,0.3223,0.3223,0.3223,0.3223,0.3223,0.3223,0.3223,0.3223,0.3223,0.3223
152,0.3223,0.3223,0.3223,0.3223,0.3223,0.3223,0.3223,0.3223,0.3223,0.3223,0.3223,0.3223,0.3223
153,0.3223,0.3223,0.3223,0.3223,0.3223,0.3223,0.3223,0.3223,0.3223,0.3223,0.3223,0.3223,0.3223
154,0.3223,0.3223,0.3223,0.3223,0.3223,0.3223,0.3223,0.3223,0.3223,0.3223,0.3223,0.3223,0.3223
155,0.3223,0.3223,0.3223,0.3223,0.3223,0.3223,0.3223,0.3223,0.3223,0.3223,0.3223,0.3223,0.3223
156,0.3223,0.3223,0.3223,0.3223,0.3223,0.3223,0.3223,0.3223,0.3223,0.3223,0.3223,0.3223,0.3223
157,0.3223,0.3223,0.3223,0.3223,0.3223,0.3223,0.3223,0.3223,0.3223,0.3223,0.3223,0.3223,0.3223
158,0.3223,0.3223,0.3223,0.3223,0.3223,0.3223,0.3223,0.3223,0.3223,0.3223,0.3223,0.3223,0.3223
159,0.3223,0.3223,0.3223,0.3223,0.3223,0.3223,0.3223,0.3223,0.3223,0.3223,0.3223,0.3223,0.3223
160,0.3223,0.3223,0.3223,0.3223,0.3223,0.3223,0.3223,0.3223,0.3223,0.3223,0.3223,0.3223,0.3223
161,0.3223,0.3223,0.3223,0.3223,0.3223,0.3223,0.3223,0.3223,0.3223,0.3223,0.3223,0.3223,0.3223
162,0.3223,0.3223,0.3223,0.3223,0.3223,0.3223,0.3223,0.3223,0.3223,0.3223,0.3223,0.3223,0.3223
163,0.3223,0.3223,0.3223,0.3223,0.3223,0.3223,0.3223,0.3223,0.3223,0.3223,0.3223,0.3223,0.3223
164,0.3223,0.3223,0.3223,0.3223,0.3223,0.3223,0.3223,0.3223,0.3223,0.3223,0.3223,0.3223,0.3223
165,0.3223,0.3223,0.3223,0.3223,0.3223,0.3223,0.3223,0.3223,0.3223,0.3223,0.3223,0.3223,0.3223
166,0.3223,0.3223,0.3223,0.3223,0.3223,0.3223,0.3223,0.3223,0.3223,0.3223,0.3223,0.3223,0.3223
167,0.3223,0.3223,0.3223,0.3223,0.3223,0.3223,0.3223,0.3223,0.3223,0.3223,0.3223,0.3223,0.3223
168,0.3223,0.3223,0.3223,0.3223,0.3223,0.3223,0.3223,0.3223,0.3223,0.3223,0.3223,0.3223,0.3223
169,0.3223,0.3223,0.3223,0.3223,0.3223,0.3223,0.3223,0.3223,0.3223,0.3223,0.3223,0.3223,0.3223
170,0.3223,0.3223,0.3223,0.3223,0.3223,0.3223,0.3223,0.3223,0.3223,0.3223,0.3223,0.3223,0.3223
171,0.3223,0.3223,0.3223,0.3223,0.3223,0.3223,0.3223,0.3223,0.3223,0.3223,0.3223,0.3223,0.3223
172,0.3223,0.3223,0.3223,0.3223,0.3223,0.3223,0.3223,0.3223,0.3223,0.3223,0.3223,0.3223,0.3223
173,0.3223,0.3223,0.3223,0.3223,0.3223,0.3223,0.3223,0.3223,0.3223,0.3223,0.3223,0.3223,0.3223
174,0.3223,0.3223,0.3223,0.3223,0.3223,0.3223,0.3223,0.3223,0.3223,0.3223,0.3223,0.3223,0.3223
175,0.3223,0.3223,0.3223,0.3223,0.3223,0.3223,0.3223,0.3223,0.3223,0.3223,0.3223,0.3223,0.3223
176,0.3223,0.3223,0.3223,0.3223,0.3223,0.3223,0.3223,0.3223,0.3223,0.3223,0.3223,0.3223,0.3223
177,0.3223,0.3223,0.3223,0.3223,0.3223,0.3223,0.3223,0.3223,0.3223,0.3223,0.3223,0.3223,0.3223
178,0.3223,0.3223,0.3223,0.3223,0.3223,0.3223,0.3223,0.3223,0.3223,0.3223,0.3223,0.3223,0.3223
179,0.3223,0.3223,0.3223,0.3223,0.3223,0.3223,0.3223,0.3223,0.3223,0.3223,0.3223,0.3223,0.3223
180,0.3223,0.3223,0.3223,0.3223,0.3223,0.3223,0.3223,0.3223,0.3223,0.3223,0.3223,0.3223,0.3223
181,0.3223,0.3223,0.3223,0.3223,0.3223,0.3223,0.3223,0.3223,0.3223,0.3223,0.3223,0.3223,0.3223
182,0.3223,0.3223,0.3223,0.3223,0.3223,0.3223,0.3223,0.3223,0.3223,0.3223,0.3223,0.3223,0.3223
183,0.3223,0.3223,0.3223,0.3223,0.3223,0.3223,0.3223,0.3223,0.3223,0.3223,0.3223,0.3223,0.3223
184,0.3223,0.3223,0.3223,0.3223,0.3223,0.3223,0.3223,0.3223,0.3223,0.3223,0.3223,0.3223,0.3223
185,0.3223,0.3223,0.3223,0.3223,0.3223,0.3223,0.3223,0.3223,0.3223,0.3223,0.3223,0.3223,0.3223
186,0.3223,0.3223,0.3223,0.3223,0.3223,0.3223,0.3223,0.3223,0.3223,0.3223,0.3223,0.3223,0.3223
187,0.3223,0.3223,0.3223,0.3223,0.3223,0.3223,0.3223,0.3223,0.3223,0.3223,0.3223,0.3223,0.3223
188,0.3223,0.3223,0.3223,0.3223,0.3223,0.3223,0.3223,0.3223,0.3223,0.3223,0.3223,0.3223,0.3223
189,0.3223,0.3223,0.3223,0.3223,0.3223,0.3223,0.3223,0.3223,0.3223,0.3223,0.3223,0.3223,0.3223
190,0.3223,0.3223,0.3223,0.3223,0.3223,0.3223,0.3223,0.3223,0.3223,0.3223,0.3223,0.3223,0.3223
191,0.3223,0.3223,0.3223,0.3223,0.3223,0.3223,0.3223,0.3223,0.3223,0.3223,0.3223,0.3223,0.3223
192,0.3223,0.3223,0.3223,0.3223,0.3223,0.3223,0.3223,0.3223,0.3223,0.3223,0.3223,0.3223,0.3223
193,0.3223,0.3223,0.3223,0.3223,0.3223,0.3223,0.3223,0.3223,0.3223,0.3223,0.3223,0.3223,0.3223
194,0.3223,0.3223,0.3223,0.3223,0.3223,0.3223,0.3223,0.3223,0.3223,0.3223,0.3223,0.3223,0.3223
195,0.3223,0.3223,0.3223,0.3223,0.3223,0.3223,0.3223,0.3223,0.3223,0.3223,0.3223,0.3223,0.3223
196,0.3223,0.3223,0.3223,0.3223,0.3223,0.3223,0.3223,0.3223,0.3223,0.3223,0.3223,0.3223,0.3223
197,0.3223,0.3223,0.3223,0.3223,0.3223,0.3223,0.3223,0.3223,0.3223,0.3223,0.3223,0.3223,0.3223
198,0.3223,0.3223,0.3223,0.3223,0.3223,0.3223,0.3223,0.3223,0.3223,0.3223,0.3223,0.3223,0.3223
199,0.3223,0.3223,0.3223,0.3223,0.3223,0.3223,0.3223,0.3223,0.3223,0.3223,0.3223,0.3223,0.3223
200,0.3223,0.3223,0.3223,0.3223,0.3223,0.3223,0.3223,0.3223,0.3223,0.3223,0.3223,0.3223,0.3223
201,0.3223,0.3223,0.3223,0.3223,0.3223,0.3223,0.3223,0.3223,0.3223,0.3223,0.3223,0.3223,0.3223
202,0.3223,0.3223,0.3223,0.3223,0.3223,0.3223,0.3223,0.3223,0.3223,0.3223,0.3223,0.3223,0.3223
203,0.3223,0.3223,0.3223,0.3223,0.3223,0.3223,0.3223,0.3223,0.3223,0.3223,0.3223,0.3223,0.3223
204,0.3223,0.3223,0.3223,0.3223,0.3223,0.3223,0.3223,0.3223,0.3223,0.3223,0.3223,0.3223,0.3223
205,0.3223,0.3223,0.3223,0.3223,0.3223,0.3223,0.3223,0.3223,0.3223,0.3223,0.3223,0.3223,0.3223
206,0.3223,0.3223,0.3223,0.3223,0.3223,0.3223,0.3223,0.3223,0.3223,0.3223,0.3223,0.3223,0.3223
207,0.3223,0.3223,0.3223,0.3223,0.3223,0.3223,0.3223,0.3223,0.3223,0.3223,0.3223,0.3223,0.3223
208,0.3223,0.3223,0.3223,0.3223,0.3223,0.3223,0.3223,0.3223,0.3223,0.3223,0.3223,0.3223,0.3223
209,0.3223,0.3223,0.3223,0.3223,0.3223,0.3223,0.3223,0.3223,0.3223,0.3223,0.3223,0.3223,0.3223
210,0.3223,0.3223,0.3223,0.3223,0.3223,0.3223,0.3223,0.3223,0.3223,0.3223,0.3223,0.3223,0.3223
211,0.3223,0.3223,0.3223,0.3223,0.3223,0.3223,0.3223,0.3223,0.3223,0.3223,0.3223,0.3223,0.3223
212,0.3223,0.3223,0.3223,0.3223,0.3223,0.3223,0.3223,0.3223,0.3223,0.3223,0.3223,0.3223,0.3223
213,0.3223,0.3223,0.3223,0.3223,0.3223,0.3223,0.3223,0.3223,0.3223,0.3223,0.3223,0.3223,0.3223
214,0.3223,0.3223,0.3223,0.3223,0.3223,0.3223,0.3223,0.3223,0.3223,0.3223,0.3223,0.3223,0.3223
215,0.3223,0.3223,0.3223,0.3223,0.3223,0.3223,0.3223,0.3223,0.3223,0.3223,0.3223,0.3223,0.3223
216,0.3223,0.3223,0.3223,0.3223,0.3223,0.3223,0.3223,0.3223,0.3223,0.3223,0.3223,0.3223,0.3223
217,0.3223,0.3223,0.3223,0.3223,0.3223,0.3223,0.3223,0.3223,0.3223,0.3223,0.3223,0.3223,0.3223
218,0.3223,0.3223,0.3223,0.3223,0.3223,0.3223,0.3223,0.3223,0.3223,0.3223,0.3223,0.3223,0.3223
219,0.3223,0.3223,0.3223,0.3223,0.3223,0.3223,0.3223,0.3223,0.3223,0.3223,0.3223,0.3223,0.3223
220,0.3223,0.3223,0.3223,0.3223,0.3223,0.3223,0.3223,0.3223,0.3223,0.3223,0.3223,0.3223,0.3223
221,0.3223,0.3223,0.3223,0.3223,0.3223,0.3223,0.3223,0.3223,0.3223,0.3223,0.3223,0.3223,0.3223
222,0.3223,0.3223,0.3223,0.3223,0.3223,0.3223,0.3223,0.3223,0.3223,0.3223,0.3223,0.3223,0.3223
223,0.3223,0.3223,0.3223,0.3223,0.3223,0.3223,0.3223,0.3223,0.3223,0.3223,0.3223,0.3223,0.3223
224,0.3223,0.3223,0.3223,0.3223,0.3223,0.3223,0.3223,0.3223,0.3223,0.3223,0.3223,0.3223,0.3223
225,0.3223,0.3223,0.3223,0.3223,0.3223,0.3223,0.3223,0.3223,0.3223,0.3223,0.3223,0.3223,0.3223
226,0.3223,0.3223,0.3223,0.3223,0.3223,0.3223,0.3223,0.3223,0.3223,0.3223,0.3223,0.3223,0.3223
227,0.3223,0.3223,0.3223,0.3223,0.3223,0.3223,0.3223,0.3223,0.3223,0.3223,0.3223,0.3223,0.3223
228,0.3223,0.3223,0.3223,0.3223,0.3223,0.3223,0.3223,0.3223,0.3223,0.3223,0.3223,0.3223,0.3223
229,0.3223,0.3223,0.3223,0.3223,0.3223,0.3223,0.3223,0.3223,0.3223,0.3223,0.3223,0.3223,0.3223
230,0.3223,0.3223,0.3223,0.3223,0.3223,0.3223,0.3223,0.3223,0.3223,0.3223,0.3223,0.3223,0.3223
231,0.3223,0.3223,0.3223,0.3223,0.3223,0.3223,0.3223,0.3223,0.3223,0.3223,0.3223,0.3223,0.3223
232,0.3223,0.3223,0.3223,0.3223,0.3223,0.3223,0.3223,0.3223,0.3223,0.3223,0.3223,0.3223,0.3223
233,0.3223,0.3223,0.3223,0.3223,0.3223,0.3223,0.3223,0.3223,0.3223,0.3223,0.3223,0.3223,0.3223
234,0.3223,0.3223,0.3223,0.3223,0.3223,0.3223,0.3223,0.3223,0.3223,0.3223,0.3223,0.3223,0.3223
235,0.3223,0.3223,0.3223,0.3223,0.3223,0.3223,0.3223,0.3223,0.3223,0.3223,0.3223,0.3223,0.3223
236,0.3223,0.3223,0.3223,0.3223,0.3223,0.3223,0.3223,0.3223,0.3223,0.3223,0.3223,0.3223,0.3223
237,0.3223,0.3223,0.3223,0.3223,0.3223,0.3223,0.3223,0.3223,0.3223,0.3223,0.3223,0.3223,0.3223
238,0.3223,0.3223,0.3223,0.3223,0.3223,0.3223,0.3223,0.3223,0.3223,0.3223,0.3223,0.3223,0.3223
239,0.3223,0.3223,0.3223,0.3223,0.3223,0.3223,0.3223,0.3223,0.3223,0.3223,0.3223,0.3223,0.3223
240,0.3223,0.3223,0.3223,0.3223,0.3223,0.3223,0.3223,0.3223,0.3223,0.3223,0.3223,0.3223,0.3223
241,0.3223,0.3223,0.3223,0.3223,0.3223,0.3223,0.3223,0.3223,0.3223,0.3223,0.3223,0.3223,0.3223
242,0.3223,0.3223,0.3223,0.3223,0.3223,0.3223,0.3223,0.3223,0.3223,0.3223,0.3223,0.3223,0.3223
243,0.3223,0.3223,0.3223,0.3223,0.3223,0.3223,0.3223,0.3223,0.3223,0.3223,0.3223,0.3223,0.3223
244,0.3223,0.3223,0.3223,0.3223,0.3223,0.3223,0.3223,0.3223,0.3223,0.3223,0.3223,0.3223,0.3223
245,0.3223,0.3223,0.3223,0.3223,0.3223,0.3223,0.3223,0.3223,0.3223,0.3223,0.3223,0.3223,0.3223
246,0.3223,0.3223,0.3223,0.3223,0.3223,0.3223,0.3223,0.3223,0.3223,0.3223,0.3223,0.3223,0.3223
247,0.3223,0.3223,0.3223,0.3223,0.3223,0.3223,0.3223,0.3223,0.3223,0.3223,0.3223,0.3223,0.3223
248,0.3223,0.3223,0.3223,0.3223,0.3223,0.3223,0.3223,0.3223,0.3223,0.3223,0.3223,0.3223,0.3223
249,0.3223,0.3223,0.3223,0.3223,0.3223,0.3223,0.3223,0.3223,0.3223,0.3223,0.3223,0.3223,0.3223
250,0.3223,0.3223,0.3223,0.3223,0.3223,0.3223,0.3223,0.3223,0.3223,0.3223,0.3223,0.3223,0.3223
251,0.3223,0.3223,0.3223,0.3223,0.3223,0.3223,0.3223,0.3223,0.3223,0.3223,0.3223,0.3223,0.3223
252,0.3223,0.3223,0.3223,0.3223,0.3223,0.3223,0.3223,0.3223,0.3223,0.3223,0.3223,0.3223,0.3223
253,0.3223,0.3223,0.3223,0.3223,0.3223,0.3223,0.3223,0.3223,0.3223,0.3223,0.3223,0.3223,0.3223
254,0.3223,0.3223,0.3223,0.3223,0.3223,0.3223,0.3223,0.3223,0.3223,0.3223,0.3223,0.3223,0.3223
255,0.3223,0.3223,0.3223,0.3223,0.3223,0.3223,0.3223,0.3223,0.3223,0.3223,0.3223,0.3223,0.3223
256,0.3223,0.3223,0.3223,0.3223,0.3223,0.3223,0.3223,0.3223,0.3223,0.3223,0.3223,0.3223,0.3223
257,0.3223,0.3223,0.3223,0.3223,0.3223,0.3223,0.3223,0.3223,0.3223,0.3223,0.3223,0.3223,0.3223
258,0.3223,0.3223,0.3223,0.3223,0.3223,0.3223,0.3223,0.3223,0.3223,0.3223,0.3223,0.3223,0.3223
259,0.3223,0.3223,0.3223,0.3223,0.3223,0.3223,0.3223,0.3223,0.3223,0.3223,0.3223,0.3223,0.3223
260,0.3223,0.3223,0.3223,0.3223,0.3223,0.3223,0.3223,0.3223,0.3223,0.3223,0.3223,0.3223,0.3223
261,0.3223,0.3223,0.3223,0.3223,0.3223,0.3223,0.3223,0.3223,0.3223,0.3223,0.3223,0.3223,0.3223
262,0.3223,0.3223,0.3223,0.3223,0.3223,0.3223,0.3223,0.3223,0.3223,0.3223,0.3223,0.3223,0.3223
263,0.3223,0.3223,0.3223,0.3223,0.3223,0.3223,0.3223,0.3223,0.3223,0.3223,0.3223,0.3223,0.3223
264,0.3223,0.3223,0.3223,0.3223,0.3223,0.3223,0.3223,0.3223,0.3223,0.3223,0.3223,0.3223,0.3223
265,0.3223,0.3223,0.3223,0.3223,0.3223,0.3223,0.3223,0.3223,0.3223,0.3223,0.3223,0.3223,0.3223
266,0.3223,0.3223,0.3223,0.3223,0.3223,0.3223,0.3223,0.3223,0.3223,0.3223,0.3223,0.3223,0.3223
267,0.3223,0.3223,0.3223,0.3223,0.3223,0.3223,0.3223,0.3223,0.3223,0.3223,0.3223,0.3223,0.3223
268,0.3223,0.3223,0.3223,0.3223,0.3223,0.3223,0.3223,0.3223,0.3223,0.3223,0.3223,0.3223,0.3223
269,0.3223,0.3223,0.3223,0.3223,0.3223,0.3223,0.3223,0.3223,0.3223,0.3223,0.3223,0.3223,0.3223
270,0.3223,0.3223,0.3223,0.3223,0.3223,0.3223,0.3223,0.3223,0.3223,0.3223,0.3223,0.3223,0.3223
271,0.3223,0.3223,0.3223,0.3223,0.3223,0.3223,0.3223,0.3223,0.3223,0.3223,0.3223,0.3223,0.3223
272,0.3223,0.3223,0.3223,0.3223,0.3223,0.3223,0.3223,0.3223,0.3223,0.3223,0.3223,0.3223,0.3223
273,0.3223,0.3223,0.3223,0.3223,0.3223,0.3223,0.3223,0.3223,0.3223,0.3223,0.3223,0.3223,0.3223
274,0.3223,0.3223,0.3223,0.3223,0.3223,0.3223,0.3223,0.3223,0.3223,0.3223,0.3223,0.3223,0.3223
275,0.3223,0.3223,0.3223,0.3223,0.3223,0.3223,0.3223,0.3223,0.3223,0.3223,0.3223,0.3223,0.3223
276,0.3223,0.3223,0.3223,0.3223,0.3223,0.3223,0.3223,0.3223,0.3223,0.3223,0.3223,0.3223,0.3223
277,0.3223,0.3223,0.3223,0.3223,0.3223,0.3223,0.3223,0.3223,0.3223,0.3223,0.3223,0.3223,0.3223
278,0.3223,0.3223,0.3223,0.3223,0.3223,0.3223,0.3223,0.3223,0.3223,0.3223,0.3223,0.3223,0.3223
279,0.3223,0.3223,0.3223,0.3223,0.3223,0.3223,0.3223,0.3223,0.3223,0.3223,0.3223,0.3223,0.3223
280,0.3223,0.3223,0.3223,0.3223,0.3223,0.3223,0.3223,0.3223,0.3223,0.3223,0.3223,0.3223,0.3223
281,0.3223,0.3223,0.3223,0.3223,0.3223,0.3223,0.3223,0.3223,0.3223,0.3223,0.3223,0.3223,0.3223
282,0.3223,0.3223,0.3223,0.3223,0.3223,0.3223,0.3223,0.3223,0.3223,0.3223,0.3223,0.3223,0.3223
283,0.3223,0.3223,0.3223,0.3223,0.3223,0.3223,0.3223,0.3223,0.3223,0.3223,0.3223,0.3223,0.3223
284,0.3223,0.3223,0.3223,0.3223,0.3223,0.3223,0.3223,0.3223,0.3223,0.3223,0.3223,0.3223,0.3223
285,0.3223,0.3223,0.3223,0.3223,0.3223,0.3223,0.3223,0.3223,0.3223,0.3223,0.3223,0.3223,0.3223
286,0.3223,0.3223,0.3223,0.3223,0.3223,0.3223,0.3223,0.3223,0.3223,0.3223,0.3223,0.3223,0.3223
287,0.3223,0.3223,0.3223,0.3223,0.3223,0.3223,0.3223,0.3223,0.3223,0.3223,0.3223,0.3223,0.3223
288,0.3223,0.3223,0.3223,0.3223,0.3223,0.3223,0.3223,0.3223,0.3223,0.3223,0.3223,0.3223,0.3223
289,0.3223,0.3223,0.3223,0.3223,0.3223,0.3223,0.3223,0.3223,0.3223,0.3223,0.3223,0.3223,0.3223
290,0.3223,0.3223,0.3223,0.3223,0.3223,0.3223,0.3223,0.3223,0.3223,0.3223,0.3223,0.3223,0.3223
291,0.3223,0.3223,0.3223,0.3223,0.3223,0.3223,0.3223,0.3223,0.3223,0.3223,0.3223,0.3223,0.3223
292,0.3223,0.3223,0.3223,0.3223,0.3223,0.3223,0.3223,0.3223,0.3223,0.3223,0.3223,0.3223,0.3223
293,0.3223,0.3223,0.3223,0.3223,0.3223,0.3223,0.3223,0.3223,0.3223,0.3223,0.3223,0.3223,0.3223
294,0.3223,0.3223,0.3223,0.3223,0.3223,0.3223,0.3223,0.3223,0.3223,0.3223,0.3223,0.3223,0.3223
295,0.3223,0.3223,0.3223,0.3223,0.3223,0.3223,0.3223,0.3223,0.3223,0.3223,0.3223,0.3223,0.3223
296,0.3223,0.3223,0.3223,0.3223,0.3223,0.3223,0.3223,0.3223,0.3223,0.3223,0.3223,0.3223,0.3223
297,0.3223,0.3223,0.3223,0.3223,0.3223,0.3223,0.3223,0.3223,0.3223,0.3223,0.3223,0.3223,0.3223
298,0.3223,0.3223,0.3223,0.3223,0.3223,0.3223,0.3223,0.3223,0.3223,0.3223,0.3223,0.3223,0.3223
299,0.3223,0.3223,0.3223,0.3223,0.3223,0.3223,0.3223,0.3223,0.3223,0.3223,0.3223,0.3223,0.3223
300,0.3223,0.3223,0.3223,0.3223,0.3223,0.3223,0.3223,0.3223,0.3223,0.3223,0.3223,0.3223,0.3223
301,0.3223,0.3223,0.3223,0.3223,0.3223,0.3223,0.3223,0.3223,0.3223,0.3223,0.3223,0.3223,0.3223
302,0.3223,0.3223,0.3223,0.3223,0.3223,0.3223,0.3223,0.3223,0.3223,0.3223,0.3223,0.3223,0.3223
303,0.3223,0.3223,0.3223,0.3223,0.3223,0.3223,0.3223,0.3223,0.3223,0.3223,0.3223,0.3223,0.3223
304,0.3223,0.3223,0.3223,0.3223,0.3223,0.3223,0.3223,0.3223,0.3223,0.3223,0.3223,0.3223,0.3223
305,0.3223,0.3223,0.3223,0.3223,0.3223,0.3223,0.3223,0.3223,0.3223,0.3223,0.3223,0.3223,0.3223
306,0.3223,0.3223,0.3223,0.3223,0.3223,0.3223,0.3223,0.3223,0.3223,0.3223,0.3223,0.3223,0.3223
307,0.3223,0.3223,0.3223,0.3223,0.3223,0.3223,0.3223,0.3223,0.3223,0.3223,0.3223,0.3223,0.3223
308,0.3223,0.3223,0.3223,0.3223,0.3223,0.3223,0.3223,0.3223,0.3223,0.3223,0.3223,0.3223,0.3223
309,0.3223,0.3223,0.3223,0.3223,0.3223,0.3223,0.3223,0.3223,0.3223,0.3223,0.3223,0.3223,0.3223
310,0.3223,0.3223,0.3223,0.3223,0.3223,0.3223,0.3223,0.3223,0.3223,0.3223,0.3223,0.3223,0.3223
311,0.3223,0.3223,0.3223,0.3223,0.3223,0.3223,0.3223,0.3223,0.3223,0.3223,0.3223,0.3223,0.3223
312,0.3223,0.3223,0.3223,0.3223,0.3223,0.3223,0.3223,0.3223,0.3223,0.3223,0.3223,0.3223,0.3223
313,0.3223,0.3223,0.3223,0.3223,0.3223,0.3223,0.3223,0.3223,0.3223,0.3223,0.3223,0.3223,0.3223
314,0.3223,0.3223,0.3223,0.3223,0.3223,0.3223,0.3223,0.3223,0.3223,0.3223,0.3223,0.3223,0.3223
315,0.3223,0.3223,0.3223,0.3223,0.3223,0.3223,0.3223,0.3223,0.3223,0.3223,0.3223,0.3223,0.3223
316,0.3223,0.3223,0.3223,0.3223,0.3223,0.3223,0.3223,0.3223,0.3223,0.3223,0.3223,0.3223,0.3223
317,0.3223,0.3223,0.3223,0.3223,0.3223,0.3223,0.3223,0.3223,0.3223,0.3223,0.3223,0.3223,0.3223
318,0.3223,0.3223,0.3223,0.3223,0.3223,0.3223,0.3223,0.3223,0.3223,0.3223,0.3223,0.3223,0.3223
319,0.3223,0.3223,0.3223,0.3223,0.3223,0.3223,0.3223,0.3223,0.3223,0.3223,0.3223,0.3223,0.3223
320,0.3223,0.3223,0.3223,0.3223,0.3223,0.3223,0.3223,0.3223,0.3223,0.3223,0.3223,0.3223,0.3223
321,0.3223,0.3223,0.3223,0.3223,0.3223,0.3223,0.3223,0.3223,0.3223,0.3223,0.3223,0.3223,0.3223
322,0.3223,0.3223,0.3223,0.3223,0.3223,0.3223,0.3223,0.3223,0.3223,0.3223,0.3223,0.3223,0.3223
323,0.3223,0.3223,0.3223,0.3223,0.3223,0.3223,0.3223,0.3223,0.3223,0.3223,0.3223,0.3223,0.3223
324,0.3223,0.3223,0.3223,0.3223,0.3223,0.3223,0.3223,0.3223,0.3223,0.3223,0.3223,0.3223,0.3223
325,0.3223,0.3223,0.3223,0.3223,0.3223,0.3223,0.3223,0.3223,0.3223,0.3223,0.3223,0.3223,0.3223
326,0.3223,0.3223,0.3223,0.3223,0.3223,0.3223,0.3223,0.3223,0.3223,0.3223,0.3223,0.3223,0.3223
327,0.3223,0.3223,0.3223,0.3223,0.3223,0.3223,0.3223,0.3223,0.3223,0.3223,0.3223,0.3223,0.3223
328,0.3223,0.3223,0.3223,0.3223,0.3223,0.3223,0.3223,0.3223,0.3223,0.3223,0.3223,0.3223,0.3223
329,0.3223,0.3223,0.3223,0.3223,0.3223,0.3223,0.3223,0.3223,0.3223,0.3223,0.3223,0.3223,0.3223
330,0.3223,0.3223,0.3223,0.3223,0.3223,0.3223,0.3223,0.3223,0.3223,0.3223,0.3223,0.3223,0.3223
331,0.3223,0.3223,0.3223,0.3223,0.3223,0.3223,0.3223,0.3223,0.3223,0.3223,0.3223,0.3223,0.3223
332,0.3223,0.3223,0.3223,0.3223,0.3223,0.3223,0.3223,0.3223,0.3223,0.3223,0.3223,0.3223,0.3223
333,0.3223,0.3223,0.3223,0.3223,0.3223,0.3223,0.3223,0.3223,0.3223,0.3223,0.3223,0.3223,0.3223
334,0.3223,0.3223,0.3223,0.3223,0.3223,0.3223,0.3223,0.3223,0.3223,0.3223,0.3223,0.3223,0.3223
335,0.3223,0.3223,0.3223,0.3223,0.3223,0.3223,0.3223,0.3223,0.3223,0.3223,0.3223,0.3223,0.3223
336,0.3223,0.3223,0.3223,0.3223,0.3223,0.3223,0.3223,0.3223,0.3223,0.3223,0.3223,0.3223,0.3223
337,0.3223,0.3223,0.3223,0.3223,0.3223,0.3223,0.3223,0.3223,0.3223,0.3223,0.3223,0.3223,0.3223
338,0.3223,0.3223,0.3223,0.3223,0.3223,0.3223,0.3223,0.3223,0.3223,0.3223,0.3223,0.3223,0.3223
339,0.3223,0.3223,0.3223,0.3223,0.3223,0.3223,0.3223,0.3223,0.3223,0.3223,0.3223,0.3223,0.3223
340,0.3223,0.3223,0.3223,0.3223,0.3223,0.3223,0.3223,0.3223,0.3223,0.3223,0.3223,0.3223,0.3223
341,0.3223,0.3223,0.3223,0.3223,0.3223,0.3223,0.3223,0.3223,0.3223,0.3223,0.3223,0.3223,0.3223
342,0.3223,0.3223,0.3223,0.3223,0.3223,0.3223,0.3223,0.3223,0.3223,0.3223,0.3223,0.3223,0.3223
343,0.3223,0.3223,0.3223,0.3223,0.3223,0.3223,0.3223,0.3223,0.3223,0.3223,0.3223,0.3223,0.3223
344,0.3223,0.3223,0.3223,0.3223,0.3223,0.3223,0.3223,0.3223,0.3223,0.3223,0.3223,0.3223,0.3223
345,0.3223,0.3223,0.3223,0.3223,0.3223,0.3223,0.3223,0.3223,0.3223,0.3223,0.3223,0.3223,0.3223
346,0.3223,0.3223,0.3223,0.3223,0.3223,0.3223,0.3223,0.3223,0.3223,0.3223,0.3223,0.3223,0.3223
347,0.3223,0.3223,0.3223,0.3223,0.3223,0.3223,0.3223,0.3223,0.3223,0.3223,0.3223,0.3223,0.3223
348,0.3223,0.3223,0.3223,0.3223,0.3223,0.3223,0.3223,0.3223,0.3223,0.3223,0.3223,0.3223,0.3223
349,0.3223,0.3223,0.3223,0.3223,0.3223,0.3223,0.3223,0.3223,0.3223,0.3223,0.3223,0.3223,0.3223
350,0.3223,0.3223,0.3223,0.3223,0.3223,0.3223,0.3223,0.3223,0.3223,0.3223,0.3223,0.3223,0.3223
351,0.3223,0.3223,0.3223,0.3223,0.3223,0.3223,0.3223,0.3223,0.3223,0.3223,0.3223,0.3223,0.3223
352,0.3223,0.3223,0.3223,0.3223,0.3223,0.3223,0.3223,0.3223,0.3223,0.3223,0.3223,0.3223,0.3223
353,0.3223,0.3223,0.3223,0.3223,0.3223,0.3223,0.3223,0.3223,0.3223,0.3223,0.3223,0.3223,0.3223
354,0.3223,0.3223,0.3223,0.3223,0.3223,0.3223,0.3223,0.3223,0.3223,0.3223,0.3223,0.3223,0.3223
355,0.3223,0.3223,0.3223,0.3223,0.3223,0.3223,0.3223,0.3223,0.3223,0.3223,0.3223,0.3223,0.3223
356,0.3223,0.3223,0.3223,0.3223,0.3223,0.3223,0.3223,0.3223,0.3223,0.3223,0.3223,0.3223,0.3223
357,0.3223,0.3223,0.3223,0.3223,0.3223,0.3223,0.3223,0.3223,0.3223,0.3223,0.3223,0.3223,0.3223
358,0.3223,0.3223,0.3223,0.3223,0.3223,0.3223,0.3223,0.3223,0.3223,0.3223,0.3223,0.3223,0.3223
359,0.3223,0.3223,0.3223,0.3223,0.3223,0.3223,0.3223,0.3223,0.3223,0.3223,0.3223,0.3223,0.3223
360,0.3223,0.3223,0.3223,0.3223,0.3223,0.3223,0.3223,0.3223,0.3223,0.3223,0.3223,0.3223,0.3223
361,0.3223,0.3223,0.3223,0.3223,0.3223,0.3223,0.3223,0.3223,0.3223,0.3223,0.3223,0.3223,0.3223
362,0.3223,0.3223,0.3223,0.3223,0.3223,0.3223,0.3223,0.3223,0.3223,0.3223,0.3223,0.3223,0.3223
363,0.3223,0.3223,0.3223,0.3223,0.3223,0.3223,0.3223,0.3223,0.3223,0.3223,0.3223,0.3223,0.3223
364,0.3223,0.3223,0.3223,0.3223,0.3223,0.3223,0.3223,0.3223,0.3223,0.3223,0.3223,0.3223,0.3223
365,0.3223,0.3223,0.3223,0.3223,0.3223,0.3223,0.3223,0.3223,0.3223,0.3223,0.3223,0.3223,0.3223
366,0.3223,0.3223,0.3223,0.3223,0.3223,0.3223,0.3223,0.3223,0.3223,0.3223,0.3223,0.3223,0.3223
367,0.3223,0.3223,0.3223,0.3223,0.3223,0.3223,0.3223,0.3223,0.3223,0.3223,0.3223,0.3223,0.3223
368,0.3223,0.3223,0.3223,0.3223,0.3223,0.3223,0.3223,0.3223,0.3223,0.3223,0.3223,0.3223,0.3223
369,0.3223,0.3223,0.3223,0.3223,0.3223,0.3223,0.3223,0.3223,0.3223,0.3223,0.3223,0.3223,0.3223
370,0.3223,0.3223,0.3223,0.3223,0.3223,0.3223,0.3223,0.3223,0.3223,0.3223,0.3223,0.3223,0.3223
371,0.3223,0.3223,0.3223,0.3223,0.3223,0.3223,0.3223,0.3223,0.3223,0.3223,0.3223,0.3223,0.3223
372,0.3223,0.3223,0.3223,0.3223,0.3223,0.3223,0.3223,0.3223,0.3223,0.3223,0.3223,0.3223,0.3223
373,0.3223,0.3223,0.3223,0.3223,0.3223,0.3223,0.3223,0.3223,0.3223,0.3223,0.3223,0.3223,0.3223
374,0.3223,0.3223,0.3223,0.3223,0.3223,0.3223,0.3223,0.3223,0.3223,0.3223,0.3223,0.3223,0.3223
375,0.3223,0.3223,0.3223,0.3223,0.3223,0.3223,0.3223,0.3223,0.3223,0.3223,0.3223,0.3223,0.3223
376,0.3223,0.3223,0.3223,0.3223,0.3223,0.3223,0.3223,0.3223,0.3223,0.3223,0.3223,0.3223,0.3223
377,0.3223,0.3223,0.3223,0.3223,0.3223,0.3223,0.3223,0.3223,0.3223,0.3223,0.3223,0.3223,0.3223
378,0.3223,0.3223,0.3223,0.3223,0.3223,0.3223,0.3223,0.3223,0.3223,0.3223,0.3223,0.3223,0.3223
379,0.3223,0.3223,0.3223,0.3223,0.3223,0.3223,0.3223,0.3223,0.3223,0.3223,0.3223,0.3223,0.3223
380,0.3223,0.3223,0.3223,0.3223,0.3223,0.3223,0.3223,0.3223,0.3223,0.3223,0.3223,0.3223,0.3223
381,0.3223,0.3223,0.3223,0.3223,0.3223,0.3223,0.3223,0.3223,0.3223,0.3223,0.3223,0.3223,0.3223
382,0.3223,0.3223,0.3223,0.3223,0.3223,0.3223,0.3223,0.3223,0.3223,0.3223,0.3223,0.3223,0.3223
383,0.3223,0.3223,0.3223,0.3223,0.3223,0.3223,0.3223,0.3223,0.3223,0.3223,0.3223,0.3223,0.3223
384,0.3223,0.3223,0.3223,0.3223,0.3223,0.3223,0.3223,0.3223,0.3223,0.3223,0.3223,0.3223,0.3223
385,0.3223,0.3223,0.3223,0.3223,0.3223,0.3223,0.3223,0.3223,0.3223,0.3223,0.3223,0.3223,0.3223
386,0.3223,0.3223,0.3223,0.3223,0.3223,0.3223,0.3223,0.3223,0.3223,0.3223,0.3223,0.3223,0.3223
387,0.3223,0.3223,0.3223,0.3223,0.3223,0.3223,0.3223,0.3223,0.3223,0.3223,0.3223,0.3223,0.3223
388,0.3223,0.3223,0.3223,0.3223,0.3223,0.3223,0.3223,0.3223,0.3223,0.3223,0.3223,0.3223,0.3223
389,0.3223,0.3223,0.3223,0.3223,0.3223,0.3223,0.3223,0.3223,0.3223,0.3223,0.3223,0.3223,0.3223
390,0.3223,0.3223,0.3223,0.3223,0.3223,0.3223,0.3223,0.3223,0.3223,0.3223,0.3223,0.3223,0.3223
391,0.3223,0.3223,0.3223,0.3223,0.3223,0.3223,0.3223,0.3223,0.3223,0.3223,0.3223,0.3223,0.3223
392,0.3223,0.3223,0.3223,0.3223,0.3223,0.3223,0.3223,0.3223,0.3223,0.3223,0.3223,0.3223,0.3223
393,0.3223,0.3223,0.3223,0.3223,0.3223,0.3223,0.3223,0.3223,0.3223,0.3223,0.3223,0.3223,0.3223
394,0.3223,0.3223,0.3223,0.3223,0.3223,0.3223,0.3223,0.3223,0.3223,0.3223,0.3223,0.3223,0.3223
395,0.3223,0.3223,0.3223,0.3223,0.3223,0.3223,0.3223,0.3223,0.3223,0.3223,0.3223,0.3223,0.3223
396,0.3223,0.3223,0.3223,0.3223,0.3223,0.3223,0.3223,0.3223,0.3223,0.3223,0.3223,0.3223,0.3223
397,0.3223,0.3223,0.3223,0.3223,0.3223,0.3223,0.3223,0.3223,0.3223,0.3223,0.3223,0.3223,0.3223
398,0.3223,0.3223,0.3223,0.3223,0.3223,0.3223,0.3223,0.3223,0.3223,0.3223,0.3223,0.3223,0.3223
399,0.3223,0.3223,0.3223,0.3223,0.3223,0.3223,0.3223,0.3223,0.3223,0.3223,0.3223,0.3223,0.3223
400,0.3223,0.3223,0.3223,0.3223,0.3223,0.3223,0.3223,0.3223,0.3223,0.3223,0.3223,0.3223,0.3223
401,0.3223,0.3223,0.3223,0.3223,0.3223,0.3223,0.3223,0.3223,0.3223,0.3223,0.3223,0.3223,0.3223
402,0.3223,0.3223,0.3223,0.3223,0.3223,0.3223,0.3223,0.3223,0.3223,0.3223,0.3223,0.3223,0.3223
403,0.3223,0.3223,0.3223,0.3223,0.3223,0.3223,0.3223,0.3223,0.3223,0.3223,0.3223,0.3223,0.3223
404,0.3223,0.3223,0.3223,0.3223,0.3223,0.3223,0.3223,0.3223,0.3223,0.3223,0.3223,0.3223,0.3223
405,0.3223,0.3223,0.3223,0.3223,0.3223,0.3223,0.3223,0.3223,0.3223,0.3223,0.3223,0.3223,0.3223
406,0.3223,0.3223,0.3223,0.3223,0.3223,0.3223,0.3223,0.3223,0.3223,0.3223,0.3223,0.3223,0.3223
407,0.3223,0.3223,0.3223,0.3223,0.3223,0.3223,0.3223,0.3223,0.3223,0.3223,0.3223,0.3223,0.3223
408,0.3223,0.3223,0.3223,0.3223,0.3223,0.3223,0.3223,0.3223,0.3223,0.3223,0.3223,0.3223,0.3223
409,0.3223,0.3223,0.3223,0.3223,0.3223,0.3223,0.3223,0.3223,0.3223,0.3223,0.3223,0.3223,0.3223
410,0.3223,0.3223,0.3223,0.3223,0.3223,0.3223,0.3223,0.3223,0.3223,0.3223,0.3223,0.3223,0.3223
411,0.3223,0.3223,0.3223,0.3223,0.3223,0.3223,0.3223,0.3223,0.3223,0.3223,0.3223,0.3223,0.3223
412,0.3223,0.3223,0.3223,0.3223,0.3223,0.3223,0.3223,0.3223,0.3223,0.3223,0.3223,0.3223,0.3223
413,0.3223,0.3223,0.3223,0.3223,0.3223,0.3223,0.3223,0.3223,0.3223,0.3223,0.3223,0.3223,0.3223
414,0.3223,0.3223,0.3223,0.3223,0.3223,0.3223,0.3223,0.3223,0.3223,0.3223,0.3223,0.3223,0.3223
415,0.3223,0.3223,0.3223,0.3223,0.3223,0.3223,0.3223,0.3223,0.3223,0.3223,0.3223,0.3223,0.3223
416,0.3223,0.3223,0.3223,0.3223,0.3223,0.3223,0.3223,0.3223,0.3223,0.3223,0.3223,0.3223,0.3223
417,0.3223,0.3223,0.3223,0.3223,0.3223,0.3223,0.3223,0.3223,0.3223,0.3223,0.3223,0.3223,0.3223
418,0.3223,0.3223,0.3223,0.3223,0.3223,0.3223,0.3223,0.3223,0.3223,0.3223,0.3223,0.3223,0.3223
419,0.3223,0.3223,0.3223,0.3223,0.3223,0.3223,0.3223,0.3223,0.3223,0.3223,0.3223,0.3223,0.3223
420,0.3223,0.3223,0.3223,0.3223,0.3223,0.3223,0.3223,0.3223,0.3223,0.3223,0.3223,0.3223,0.3223
421,0.3223,0.3223,0.3223,0.3223,0.3223,0.3223,0.3223,0.3223,0.3223,0.3223,0.3223,0.3223,0.3223
422,0.3223,0.3223,0.3223,0.3223,0.3223,0.3223,0.3223,0.3223,0.3223,0.3223,0.3223,0.3223,0.3223
423,0.3223,0.3223,0.3223,0.3223,0.3223,0.3223,0.3223,0.3223,0.3223,0.3223,0.3223,0.3223,0.3223
424,0.3223,0.3223,0.3223,0.3223,0.3223,0.3223,0.3223,0.3223,0.3223,0.3223,0.3223,0.3223,0.3223
425,0.3223,0.3223,0.3223,0.3223,0.3223,0.3223,0.3223,0.3223,0.3223,0.3223,0.3223,0.3223,0.3223
426,0.3223,0.3223,0.3223,0.3223,0.3223,0.3223,0.3223,0.3223,0.3223,0.3223,0.3223,0.3223,0.3223
427,0.3223,0.3223,0.3223,0.3223,0.3223,0.3223,0.3223,0.3223,0.3223,0.3223,0.3223,0.3223,0.3223
428,0.3223,0.3223,0.3223,0.3223,0.3223,0.3223,0.3223,0.3223,0.3223,0.3223,0.3223,0.3223,0.3223
429,0.3223,0.3223,0.3223,0.3223,0.3223,0.3223,0.3223,0.3223,0.3223,0.3223,0.3223,0.3223,0.3223
430,0.3223,0.3223,0.3223,0.3223,0.3223,0.3223,0.3223,0.3223,0.3223,0.3223,0.3223,0.3223,0.3223
431,0.3223,0.3223,0.3223,0.3223,0.3223,0.3223,0.3223,0.3223,0.3223,0.3223,0.3223,0.3223,0.3223
432,0.3223,0.3223,0.3223,0.3223,0.3223,0.3223,0.3223,0.3223,0.3223,0.3223,0.3223,0.3223,0.3223
433,0.3223,0.3223,0.3223,0.3223,0.3223,0.3223,0.3223,0.3223,0.3223,0.3223,0.3223,0.3223,0.3223
434,0.3223,0.3223,0.3223,0.3223,0.3223,0.3223,0.3223,0.3223,0.3223,0.3223,0.3223,0.3223,0.3223
435,0.3223,0.3223,0.3223,0.3223,0.3223,0.3223,0.3223,0.3223,0.3223,0.3223,0.3223,0.3223,0.3223
436,0.3223,0.3223,0.3223,0.3223,0.3223,0.3223,0.3223,0.3223,0.3223,0.3223,0.3223,0.3223,0.3223
437,0.3223,0.3223,0.3223,0.3223,0.3223,0.3223,0.3223,0.3223,0.3223,0.3223,0.3223,0.3223,0.3223
438,0.3223,0.3223,0.3223,0.3223,0.3223,0.3223,0.3223,0.3223,0.3223,0.3223,0.3223,0.3223,0.3223
439,0.3223,0.3223,0.3223,0.3223,0.3223,0.3223,0.3223,0.3223,0.3223,0.3223,0.3223,0.3223,0.3223
440,0.3223,0.3223,0.3223,0.3223,0.3223,0.3223,0.3223,0.3223,0.3223,0.3223,0.3223,0.3223,0.3223
441,0.3223,0.3223,0.3223,0.3223,0.3223,0.3223,0.3223,0.3223,0.3223,0.3223,0.3223,0.3223,0.3223
442,0.3223,0.3223,0.3223,0.3223,0.3223,0.3223,0.3223,0.3223,0.3223,0.3223,0.3223,0.3223,0.3223
443,0.3223,0.3223,0.3223,0.3223,0.3223,0.3223,0.3223,0.3223,0.3223,0.3223,0.3223,0.3223,0.3223
444,0.3223,0.3223,0.3223,0.3223,0.3223,0.3223,0.3223,0.3223,0.3223,0.3223,0.3223,0.3223,0.3223
445,0.3223,0.3223,0.3223,0.3223,0.3223,0.3223,0.3223,0.3223,0.3223,0.3223,0.3223,0.3223,0.3223
446,0.3223,0.3223,0.3223,0.3223,0.3223,0.3223,0.3223,0.3223,0.3223,0.3223,0.3223,0.3223,0.3223
447,0.3223,0.3223,0.3223,0.3223,0.3223,0.3223,0.3223,0.3223,0.3223,0.3223,0.3223,0.3223,0.3223
448,0.3223,0.3223,0.3223,0.3223,0.3223,0.3223,0.3223,0.3223,0.3223,0.3223,0.3223,0.3223,0.3223
449,0.3223,0.3223,0.3223,0.3223,0.3223,0.3223,0.3223,0.3223,0.3223,0.3223,0.3223,0.3223,0.3223
450,0.3223,0.3223,0.3223,0.3223,0.3223,0.3223,0.3223,0.3223,0.3223,0.3223,0.3223,0.3223,0.3223
451,0.3223,0.3223,0.3223,0.3223,0.3223,0.3223,0.3223,0.3223,0.3223,0.3223,0.3223,0.3223,0.3223
452,0.3223,0.3223,0.3223,0.3223,0.3223,0.3223,0.3223,0.3223,0.3223,0.3223,0.3223,0.3223,0.3223
453,0.3223,0.3223,0.3223,0.3223,0.3223,0.3223,0.3223,0.3223,0.3223,0.3223,0.3223,0.3223,0.3223
454,0.3223,0.3223,0.3223,0.3223,0.3223,0.3223,0.3223,0.3223,0.3223,0.3223,0.3223,0.3223,0.3223
455,0.3223,0.3223,0.3223,0.3223,0.3223,0.3223,0.3223,0.3223,0.3223,0.3223,0.3223,0.3223,0.3223
456,0.3223,0.3223,0.3223,0.3223,0.3223,0.3223,0.3223,0.3223,0.3223,0.3223,0.3223,0.3223,0.3223
457,0.3223,0.3223,0.3223,0.3223,0.3223,0.3223,0.3223,0.3223,0.3223,0.3223,0.3223,0.3223,0.3223
458,0.3223,0.3223,0.3223,0.3223,0.3223,0.3223,0.3223,0.3223,0.3223,0.3223,0.3223,0.3223,0.3223
459,0.3223,0.3223,0.3223,0.3223,0.3223,0.3223,0.3223,0.3223,0.3223,0.3223,0.3223,0.3223,0.3223
460,0.3223,0.3223,0.3223,0.3223,0.3223,0.3223,0.3223,0.3223,0.3223,0.3223,0.3223,0.3223,0.3223
461,0.3223,0.3223,0.3223,0.3223,0.3223,0.3223,0.3223,0.3223,0.3223,0.3223,0.3223,0.3223,0.3223
462,0.3223,0.3223,0.3223,0.3223,0.3223,0.3223,0.3223,0.3223,0.3223,0.3223,0.3223,0.3223,0.3223
463,0.3223,0.3223,0.3223,0.3223,0.3223,0.3223,0.3223,0.3223,0.3223,0.3223,0.3223,0.3223,0.3223
464,0.3223,0.3223,0.3223,0.3223,0.3223,0.3223,0.3223,0.3223,0.3223,0.3223,0.3223,0.3223,0.3223
465,0.3223,0.3223,0.3223,0.3223,0.3223,0.3223,0.3223,0.3223,0.3223,0.3223,0.3223,0.3223,0.3223
466,0.3223,0.3223,0.3223,0.3223,0.3223,0.3223,0.3223,0.3223,0.3223,0.3223,0.3223,0.3223,0.3223
467,0.3223,0.3223,0.3223,0.3223,0.3223,0.3223,0.3223,0.3223,0.3223,0.3223,0.3223,0.3223,0.3223
468,0.3223,0.3223,0.3223,0.3223,0.3223,0.3223,0.3223,0.3223,0.3223,0.3223,0.3223,0.3223,0.3223
469,0.3223,0.3223,0.3223,0.3223,0.3223,0.3223,0.3223,0.3223,0.3223,0.3223,0.3223,0.3223,0.3223
470,0.3223,0.3223,0.3223,0.3223,0.3223,0.3223,0.3223,0.3223,0.3223,0.3223,0.3223,0.3223,0.3223
471,0.3223,0.3223,0.3223,0.3223,0.3223,0.3223,0.3223,0.3223,0.3223,0.3223,0.3223,0.3223,0.3223
472,0.3223,0.3223,0.3223,0.3223,0.3223,0.3223,0.3223,0.3223,0.3223,0.3223,0.3223,0.3223,0.3223
473,0.3223,0.3223,0.3223,0.3223,0.3223,0.3223,0.3223,0.3223,0.3223,0.3223,0.3223,0.3223,0.3223
474,0.3223,0.3223,0.3223,0.3223,0.3223,0.3223,0.3223,0.3223,0.3223,0.3223,0.3223,0.3223,0.3223
475,0.3223,0.3223,0.3223,0.3223,0.3223,0.3223,0.3223,0.3223,0.3223,0.3223,0.3223,0.3223,0.3223
476,0.3223,0.3223,0.3223,0.3223,0.3223,0.3223,0.3223,0.3223,0.3223,0.3223,0.3223,0.3223,0.3223
477,0.3223,0.3223,0.3223,0.3223,0.3223,0.3223,0.3223,0.3223,0.3223,0.3223,0.3223,0.3223,0.3223
478,0.3223,0.3223,0.3223,0.3223,0.3223,0.3223,0.3223,0.3223,0.3223,0.3223,0.3223,0.3223,0.3223
479,0.3223,0.3223,0.3223,0.3223,0.3223,0.3223,0.3223,0.3223,0.3223,0.3223,0.3223,0.3223,0.3223
480,0.3223,0.3223,0.3223,0.3223,0.3223,0.3223,0.3223,0.3223,0.3223,0.3223,0.3223,0.3223,0.3223
481,0.3223,0.3223,0.3223,0.3223,0.3223,0.3223,0.3223,0.3223,0.3223,0.3223,0.3223,0.3223,0.3223
482,0.3223,0.3223,0.3223,0.3223,0.3223,0.3223,0.3223,0.3223,0.3223,0.3223,0.3223,0.3223,0.3223
483,0.3223,0.3223,0.3223,0.3223,0.3223,0.3223,0.3223,0.3223,0.3223,0.3223,0.3223,0.3223,0.3223
484,0.3223,0.3223,0.3223,0.3223,0.3223,0.3223,0.3223,0.3223,0.3223,0.3223,0.3223,0.3223,0.3223
485,0.3223,0.3223,0.3223,0.3223,0.3223,0.3223,0.3223,0.3223,0.3223,0.3223,0.3223,0.3223,0.3223
486,0.3223,0.3223,0.3223,0.3223,0.3223,0.3223,0.3223,0.3223,0.3223,0.3223,0.3223,0.3223,0.3223
487,0.3223,0.3223,0.3223,0.3223,0.3223,0.3223,0.3223,0.3223,0.3223,0.3223,0.3223,0.3223,0.3223
488,0.3223,0.3223,0.3223,0.3223,0.3223,0.3223,0.3223,0.3223,0.3223,0.3223,0.3223,0.3223,0.3223
489,0.3223,0.3223,0.3223,0.3223,0.3223,0.3223,0.3223,0.3223,0.3223,0.3223,0.3223,0.3223,0.3223
490,0.3223,0.3223,0.3223,0.3223,0.3223,0.3223,0.3223,0.3223,0.3223,0.3223,0.3223,0.3223,0.3223
491,0.3223,0.3223,0.3223,0.3223,0.3223,0.3223,0.3223,0.3223,0.3223,0.3223,0.3223,0.3223,0.3223
492,0.3223,0.3223,0.3223,0.3223,0.3223,0.3223,0.3223,0.3223,0.3223,0.3223,0.3223,0.3223,0.3223
493,0.3223,0.3223,0.3223,0.3223,0.3223,0.3223,0.3223,0.3223,0.3223,0.3223,0.3223,0.3223,0.3223
494,0.3223,0.3223,0.3223,0.3223,0.3223,0.3223,0.3223,0.3223,0.3223,0.3223,0.3223,0.3223,0.3223
495,0.3223,0.3223,0.3223,0.3223,0.3223,0.3223,0.3223,0.3223,0.3223,0.3223,0.3223,0.3223,0.3223
496,0.3223,0.3223,0.3223,0.3223,0.3223,0.3223,0.3223,0.3223,0.3223,0.3223,0.3223,0.3223,0.3223
497,0.3223,0.3223,0.3223,0.3223,0.3223,0.3223,0.3223,0.3223,0.3223,0.3223,0.3223,0.3223,0.3223
498,0.3223,0.3223,0.3223,0.3223,0.3223,0.3223,0.3223,0.3223,0.3223,0.3223,0.3223,0.3223,0.3223
499,0.3223,0.3223,0.3223,0.3223,0.3223,0.3223,0.3223,0.3223,0.3223,0.3223,0.3223,0.3223,0.3223
500,0.3223,0.3223,0.3223,0.3223,0.3223,0.3223,0.3223,0.3223,0.3223,0.3223,0.3223,0.3223,0.3223
501,0.3223,0.3223,0.3223,0.3223,0.3223,0.3223,0.3223,0.3223,0.3223,0.3223,0.3223,0.3223,0.3223
502,0.3223,0.3223,0.3223,0.3223,0.3223,0.3223,0.3223,0.3223,0.3223,0.3223,0.3223,0.3223,0.3223
503,0.3223,0.3223,0.3223,0.3223,0.3223,0.3223,0.3223,0.3223,0.3223,0.3223,0.3223,0.3223,0.3223
504,0.3223,0.3223,0.3223,0.3223,0.3223,0.3223,0.3223,0.3223,0.3223,0.3223,0.3223,0.3223,0.3223
505,0.3223,0.3223,0.3223,0.3223,0.3223,0.3223,0.3223,0.3223,0.3223,0.3223,0.3223,0.3223,0.3223
506,0.3223,0.3223,0.3223,0.3223,0.3223,0.3223,0.3223,0.3223,0.3223,0.3223,0.3223,0.3223,0.3223
507,0.3223,0.3223,0.3223,0.3223,0.3223,0.3223,0.3223,0.3223,0.3223,0.3223,0.3223,0.3223,0.3223
508,0.3223,0.3223,0.3223,0.3223,0.3223,0.3223,0.3223,0.3223,0.3223,0.3223,0.3223,0.3223,0.3223
509,0.3223,0.3223,0.3223,0.3223,0.3223,0.3223,0.3223,0.3223,0.3223,0.3223,0.3223,0.3223,0.3223
510,0.3223,0.3223,0.3223,0.3223,0.3223,0.3223,0.3223,0.3223,0.3223,0.3223,0.3223,0.3223,0.3223
511,0.3223,0.3223,0.3223,0.3223,0.3223,0.3223,0.3223,0.3223,0.3223,0.3223,0.3223,0.3223,0.3223
512,0.3223,0.3223,0.3223,0.3223,0.3223,0.3223,0.3223,0.3223,0.3223,0.3223,0.3223,0.3223,0.3223
513,0.3223,0.3223,0.3223,0.3223,0.3223,0.3223,0.3223,0.3223,0.3223,0.3223,0.3223,0.3223,0.3223
514,0.3223,0.3223,0.3223,0.3223,0.3223,0.3223,0.3223,0.3223,0.3223,0.3223,0.3223,0.3223,0.3223
515,0.3223,0.3223,0.3223,0.3223,0.3223,0.3223,0.3223,0.3223,0.3223,0.3223,0.3223,0.3223,0.3223
516,0.3223,0.3223,0.3223,0.3223,0.3223,0.3223,0.3223,0.3223,0.3223,0.3223,0.3223,0.3223,0.3223
517,0.3223,0.3223,0.3223,0.3223,0.3223,0.3223,0.3223,0.3223,0.3223,0.3223,0.3223,0.3223,0.3223
518,0.3223,0.3223,0.3223,0.3223,0.3223,0.3223,0.3223,0.3223,0.3223,0.3223,0.3223,0.3223,0.3223
519,0.3223,0.3223,0.3223,0.3223,0.3223,0.3223,0.3223,0.3223,0.3223,0.3223,0.3223,0.3223,0.3223
520,0.3223,0.3223,0.3223,0.3223,0.3223,0.3223,0.3223,0.3223,0.3223,0.3223,0.3223,0.3223,0.3223
521,0.3223,0.3223,0.3223,0.3223,0.3223,0.3223,0.3223,0.3223,0.3223,0.3223,0.3223,0.3223,0.3223
522,0.3223,0.3223,0.3223,0.3223,0.3223,0.3223,0.3223,0.3223,0.3223,0.3223,0.3223,0.3223,0.3223
523,0.3223,0.3223,0.3223,0.3223,0.3223,0.3223,0.3223,0.3223,0.3223,0.3223,0.3223,0.3223,0.3223
524,0.3223,0.3223,0.3223,0.3223,0.3223,0.3223,0.3223,0.3223,0.3223,0.3223,0.3223,0.3223,0.3223
525,0.3223,0.3223,0.3223,0.3223,0.3223,0.3223,0.3223,0.3223,0.3223,0.3223,0.3223,0.3223,0.3223
526,0.3223,0.3223,0.3223,0.3223,0.3223,0.3223,0.3223,0.3223,0.3223,0.3223,0.3223,0.3223,0.3223
527,0.3223,0.3223,0.3223,0.3223,0.3223,0.3223,0.3223,0.3223,0.3223,0.3223,0.3223,0.3223,0.3223
528,0.3223,0.3223,0.3223,0.3223,0.3223,0.3223,0.3223,0.3223,0.3223,0.3223,0.3223,0.3223,0.3223
529,0.3223,0.3223,0.3223,0.3223,0.3223,0.3223,0.3223,0.3223,0.3223,0.3223,0.3223,0.3223,0.3223
530,0.3223,0.3223,0.3223,0.3223,0.3223,0.3223,0.3223,0.3223,0.3223,0.3223,0.3223,0.3223,0.3223
531,0.3223,0.3223,0.3223,0.3223,0.3223,0.3223,0.3223,0.3223,0.3223,0.3223,0.3223,0.3223,0.3223
532,0.3223,0.3223,0.3223,0.3223,0.3223,0.3223,0.3223,0.3223,0.3223,0.3223,0.3223,0.3223,0.3223
533,0.3223,0.3223,0.3223,0.3223,0.3223,0.3223,0.3223,0.3223,0.3223,0.3223,0.3223,0.3223,0.3223
534,0.3223,0.3223,0.3223,0.3223,0.3223,0.3223,0.3223,0.3223,0.3223,0.3223,0.3223,0.3223,0.3223
535,0.3223,0.3223,0.3223,0.3223,0.3223,0.3223,0.3223,0.3223,0.3223,0.3223,0.3223,0.3223,0.3223
536,0.3223,0.3223,0.3223,0.3223,0.3223,0.3223,0.3223,0.3223,0.3223,0.3223,0.3223,0.3223,0.3223
537,0.3223,0.3223,0.3223,0.3223,0.3223,0.3223,0.3223,0.3223,0.3223,0.3223,0.3223,0.3223,0.3223
538,0.3223,0.3223,0.3223,0.3223,0.3223,0.3223,0.3223,0.3223,0.3223,0.3223,0.3223,0.3223,0.3223
539,0.3223,0.3223,0.3223,0.3223,0.3223,0.3223,0.3223,0.3223,0.3223,0.3223,0.3223,0.3223,0.3223
540,0.3223,0.3223,0.3223,0.3223,0.3223,0.3223,0.3223,0.3223,0.3223,0.3223,0.3223,0.3223,0.3223
541,0.3223,0.3223,0.3223,0.3223,0.3223,0.3223,0.3223,0.3223,0.3223,0.3223,0.3223,0.3223,0.3223
542,0.3223,0.3223,0.3223,0.3223,0.3223,0.3223,0.3223,0.3223,0.3223,0.3223,0.3223,0.3223,0.3223
543,0.3223,0.3223,0.3223,0.3223,0.3223,0.3223,0.3223,0.3223,0.3223,0.3223,0.3223,0.3223,0.3223
544,0.3223,0.3223,0.3223,0.3223,0.3223,0.3223,0.3223,0.3223,0.3223,0.3223,0.3223,0.3223,0.3223
545,0.3223,0.3223,0.3223,0.3223,0.3223,0.3223,0.3223,0.3223,0.3223,0.3223,0.3223,0.3223,0.3223
546,0.3223,0.3223,0.3223,0.3223,0.3223,0.3223,0.3223,0.3223,0.3223,0.3223,0.3223,0.3223,0.3223
547,0.3223,0.3223,0.3223,0.3223,0.3223,0.3223,0.3223,0.3223,0.3223,0.3223,0.3223,0.3223,0.3223
548,0.3223,0.3223,0.3223,0.3223,0.3223,0.3223,0.3223,0.3223,0.3223,0.3223,0.3223,0.3223,0.3223
549,0.3223,0.3223,0.3223,0.3223,0.3223,0.3223,0.3223,0.3223,0.3223,0.3223,0.3223,0.3223,0.3223
550,0.3223,0.3223,0.3223,0.3223,0.3223,0.3223,0.3223,0.3223,0.3223,0.3223,0.3223,0.3223,0.3223
551,0.3223,0.3223,0.3223,0.3223,0.3223,0.3223,0.3223,0.3223,0.3223,0.3223,0.3223,0.3223,0.3223
552,0.3223,0.3223,0.3223,0.3223,0.3223,0.3223,0.3223,0.3223,0.3223,0.3223,0.3223,0.3223,0.3223
553,0.3223,0.3223,0.3223,0.3223,0.3223,0.3223,0.3223,0.3223,0.3223,0.3223,0.3223,0.3223,0.3223
554,0.3223,0.3223,0.3223,0.3223,0.3223,0.3223,0.3223,0.3223,0.3223,0.3223,0.3223,0.3223,0.3223
555,0.3223,0.3223,0.3223,0.3223,0.3223,0.3223,0.3223,0.3223,0.3223,0.3223,0.3223,0.3223,0.3223
556,0.3223,0.3223,0.3223,0.3223,0.3223,0.3223,0.3223,0.3223,0.3223,0.3223,0.3223,0.3223,0.3223
557,0.3223,0.3223,0.3223,0.3223,0.3223,0.3223,0.3223,0.3223,0.3223,0.3223,0.3223,0.3223,0.3223
558,0.3223,0.3223,0.3223,0.3223,0.3223,0.3223,0.3223,0.3223,0.3223,0.3223,0.3223,0.3223,0.3223
559,0.3223,0.3223,0.3223,0.3223,0.3223,0.3223,0.3223,0.3223,0.3223,0.3223,0.3223,0.3223,0.3223
560,0.3223,0.3223,0.3223,0.3223,0.3223,0.3223,0.3223,0.3223,0.3223,0.3223,0.3223,0.3223,0.3223
561,0.3223,0.3223,0.3223,0.3223,0.3223,0.3223,0.3223,0.3223,0.3223,0.3223,0.3223,0.3223,0.3223
562,0.3223,0.3223,0.3223,0.3223,0.3223,0.3223,0.3223,0.3223,0.3223,0.3223,0.3223,0.3223,0.3223
563,0.3223,0.3223,0.3223,0.3223,0.3223,0.3223,0.3223,0.3223,0.3223,0.3223,0.3223,0.3223,0.3223
564,0.3223,0.3223,0.3223,0.3223,0.3223,0.3223,0.3223,0.3223,0.3223,0.3223,0.3223,0.3223,0.3223
565,0.3223,0.3223,0.3223,0.3223,0.3223,0.3223,0.3223,0.3223,0.3223,0.3223,0.3223,0.3223,0.3223
566,0.3223,0.3223,0.3223,0.3223,0.3223,0.3223,0.3223,0.3223,0.3223,0.3223,0.3223,0.3223,0.3223
567,0.3223,0.3223,0.3223,0.3223,0.3223,0.3223,0.3223,0.3223,0.3223,0.3223,0.3223,0.3223,0.3223
568,0.3223,0.3223,0.3223,0.3223,0.3223,0.3223,0.3223,0.3223,0.3223,0.3223,0.3223,0.3223,0.3223
569,0.3223,0.3223,0.3223,0.3223,0.3223,0.3223,0.3223,0.3223,0.3223,0.3223,0.3223,0.3223,0.3223
570,0.3223,0.3223,0.3223,0.3223,0.3223,0.3223,0.3223,0.3223,0.3223,0.3223,0.3223,0.3223,0.3223
571,0.3223,0.3223,0.3223,0.3223,0.3223,0.3223,0.3223,0.3223,0.3223,0.3223,0.3223,0.3223,0.3223
572,0.3223,0.3223,0.3223,0.3223,0.3223,0.3223,0.3223,0.3223,0.3223,0.3223,0.3223,0.3223,0.3223
573,0.3223,0.3223,0.3223,0.3223,0.3223,0.3223,0.3223,0.3223,0.3223,0.3223,0.3223,0.3223,0.3223
574,0.3223,0.3223,0.3223,0.3223,0.3223,0.3223,0.3223,0.3223,0.3223,0.3223,0.3223,0.3223,0.3223
575,0.3223,0.3223,0.3223,0.3223,0.3223,0.3223,0.3223,0.3223,0.3223,0.3223,0.3223,0.3223,0.3223
576,0.3223,0.3223,0.3223,0.3223,0.3223,0.3223,0.3223,0.3223,0.3223,0.3223,0.3223,0.3223,0.3223
577,0.3223,0.3223,0.3223,0.3223,0.3223,0.3223,0.3223,0.3223,0.3223,0.3223,0.3223,0.3223,0.3223
578,0.3223,0.3223,0.3223,0.3223,0.3223,0.3223,0.3223,0.3223,0.3223,0.3223,0.3223,0.3223,0.3223
579,0.3223,0.3223,0.3223,0.3223,0.3223,0.3223,0.3223,0.3223,0.3223,0.3223,0.3223,0.3223,0.3223
580,0.3223,0.3223,0.3223,0.3223,0.3223,0.3223,0.3223,0.3223,0.3223,0.3223,0.3223,0.3223,0.3223
581,0.3223,0.3223,0.3223,0.3223,0.3223,0.3223,0.3223,0.3223,0.3223,0.3223,0.3223,0.3223,0.3223
582,0.3223,0.3223,0.3223,0.3223,0.3223,0.3223,0.3223,0.3223,0.3223,0.3223,0.3223,0.3223,0.3223
583,0.3223,0.3223,0.3223,0.3223,0.3223,0.3223,0.3223,0.3223,0.3223,0.3223,0.3223,0.3223,0.3223
584,0.3223,0.3223,0.3223,0.3223,0.3223,0.3223,0.3223,0.3223,0.3223,0.3223,0.3223,0.3223,0.3223
585,0.3223,0.3223,0.3223,0.3223,0.3223,0.3223,0.3223,0.3223,0.3223,0.3223,0.3223,0.3223,0.3223
586,0.3223,0.3223,0.3223,0.3223,0.3223,0.3223,0.3223,0.3223,0.3223,0.3223,0.3223,0.3223,0.3223
587,0.3223,0.3223,0.3223,0.3223,0.3223,0.3223,0.3223,0.3223,0.3223,0.3223,0.3223,0.3223,0.3223
588,0.3223,0.3223,0.3223,0.3223,0.3223,0.3223,0.3223,0.3223,0.3223,0.3223,0.3223,0.3223,0.3223
589,0.3223,0.3223,0.3223,0.3223,0.3223,0.3223,0.3223,0.3223,0.3223,0.3223,0.3223,0.3223,0.3223
590,0.3223,0.3223,0.3223,0.3223,0.3223,0.3223,0.3223,0.3223,0.3223,0.3223,0.3223,0.3223,0.3223
591,0.3223,0.3223,0.3223,0.3223,0.3223,0.3223,0.3223,0.3223,0.3223,0.3223,0.3223,0.3223,0.3223
592,0.3223,0.3223,0.3223,0.3223,0.3223,0.3223,0.3223,0.3223,0.3223,0.3223,0.3223,0.3223,0.3223
593,0.3223,0.3223,0.3223,0.3223,0.3223,0.3223,0.3223,0.3223,0.3223,0.3223,0.3223,0.3223,0.3223
594,0.3223,0.3223,0.3223,0.3223,0.3223,0.3223,0.3223,0.3223,0.3223,0.3223,0.3223,0.3223,0.3223
595,0.3223,0.3223,0.3223,0.3223,0.3223,0.3223,0.3223,0.3223,0.3223,0.3223,0.3223,0.3223,0.3223
596,0.3223,0.3223,0.3223,0.3223,0.3223,0.3223,0.3223,0.3223,0.3223,0.3223,0.3223,0.3223,0.3223
597,0.3223,0.3223,0.3223,0.3223,0.3223,0.3223,0.3223,0.3223,0.3223,0.3223,0.3223,0.3223,0.3223
598,0.3223,0.3223,0.3223,0.3223,0.3223,0.3223,0.3223,0.3223,0.3223,0.3223,0.3223,0.3223,0.3223
599,0.3223,0.3223,0.3223,0.3223,0.3223,0.3223,0.3223,0.3223,0.3223,0.3223,0.3223,0.3223,0.3223
600,0.3223,0.3223,0.3223,0.3223,0.3223,0.3223,0.3223,0.3223,0.3223,0.3223,0.3223,0.3223,0.3223
601,0.3223,0.3223,0.3223,0.3223,0.3223,0.3223,0.3223,0.3223,0.3223,0.3223,0.3223,0.3223,0.3223
602,0.3223,0.3223,0.3223,0.3223,0.3223,0.3223,0.3223,0.3223,0.3223,0.3223,0.3223,0.3223,0.3223
603,0.3223,0.3223,0.3223,0.3223,0.3223,0.3223,0.3223,0.3223,0.3223,0.3223,0.3223,0.3223,0.3223
604,0.3223,0.3223,0.3223,0.3223,0.3223,0.3223,0.3223,0.3223,0.3223,0.3223,0.3223,0.3223,0.3223
605,0.3223,0.3223,0.3223,0.3223,0.3223,0.3223,0.3223,0.3223,0.3223,0.3223,0.3223,0.3223,0.3223
1204,0.3223,0.3223,0.3223,0.3223,0.3223,0.3223,0.3223,0.3223,0.3223,0.3223,0.3223,0.3223,0.3223
1205,0.3223,0.3223,0.3223,0.3223,0.3223,0.3223,0.3223,0.3223,0.3223,0.3223,0.3223,0.3223,0.3223
1804,0.3223,0.3223,0.3223,0.3223,0.3223,0.3223,0.3223,0.3223,0.3223,0.3223,0.3223,0.3223,0.3223
1805,0.3223,0.3223,0.3223,0.3223,0.3223,0.3223,0.3223,0.3223,0.3223,0.3223,0.3223,0.3223,0.3223
2404,0.3223,0.3223,0.3223,0.3223,0.3223,0.3223,0.3223,0.3223,0.3223,0.3223,0.3223,0.3223,0.3223
2405,0.3223,0.3223,0.3223,0.3223,0.3223,0.3223,0.3223,0.3223,0.3223,0.3223,0.3223,0.3223,0.3223
3004,0.3223,0.3223,0.3223,0.3223,0.3223,0.3223,0.3223,0.3223,0.3223,0.3223,0.3223,0.3223,0.3223
3005,0.3223,0.3223,0.3223,0.3223,0.3223,0.3223,0.3223,0.3223,0.3223,0.3223,0.3223,0.3223,0.3223
3604,0.3223,0.3223,0.3223,0.3223,0.3223,0.3223,0.3223,0.3223,0.3223,0.3223,0.3223,0.3223,0.3223
3605,0.3223,0.3223,0.3223,0.3223,0.3223,0.3223,0.3223,0.3223,0.3223,0.3223,0.3223,0.3223,0.3223
4204,0.3223,0.3223,0.3223,0.3223,0.3223,0.3223,0.3223,0.3223,0.3223,0.3223,0.3223,0.3223,0.3223
4205,0.3223,0.3223,0.3223,0.3223,0.3223,0.3223,0.3223,0.3223,0.3223,0.3223,0.3223,0.3223,0.3223
4804,0.3223,0.3223,0.3223,0.3223,0.3223,0.3223,0.3223,0.3223,0.3223,0.3223,0.3223,0.3223,0.3223
4805,0.3223,0.3223,0.3223,0.3223,0.3223,0.3223,0.3223,0.3223,0.3223,0.3223,0.3223,0.3223,0.3223
5404,0.3223,0.3223,0.3223,0.3223,0.3223,0.3223,0.3223,0.3223,0.3223,0.3223,0.3223,0.3223,0.3223
5405,0.3223,0.3223,0.3223,0.3223,0.3223,0.3223,0.3223,0.3223,0.3223,0.3223,0.3223,0.3223,0.3223
